Time,X,Y,Z
16:24:47,2.558328152,3.50265193,2.555247784
16:24:47,2.559522152,3.501814842,2.555294752
16:24:47,2.559339285,3.502594709,2.556619883
16:24:47,2.559257984,3.502755404,2.555648327
16:24:47,2.559343576,3.502426386,2.556507587
16:24:47,2.558904409,3.501722336,2.555855513
16:24:47,2.558951855,3.503372192,2.55572772
16:24:47,2.559346914,3.502223253,2.556216002
16:24:47,2.559889317,3.503270149,2.556136608
16:24:47,2.559346437,3.50247407,2.556357384
16:24:47,2.559025764,3.503262758,2.554704189
16:24:47,2.558433771,3.502334356,2.554471493
16:24:48,2.559506893,3.502343416,2.556568384
16:24:48,2.560602903,3.502628565,2.555675507
16:24:48,2.556744337,3.49811101,2.552528381
16:24:48,2.55621624,3.497313261,2.55233264
16:24:48,2.555697203,3.498498201,2.553371429
16:24:48,2.556413412,3.498188734,2.553596973
16:24:48,2.556320906,3.499269247,2.552348375
16:24:48,2.55580163,3.498754263,2.552361012
16:24:48,2.556680202,3.49855423,2.553918362
16:24:48,2.556016445,3.500049353,2.553203583
16:24:48,2.556455851,3.498405457,2.553718567
16:24:48,2.556451082,3.499291897,2.553327084
16:24:48,2.55649209,3.498883486,2.554303408
16:24:48,2.556740999,3.499084473,2.554713964
16:24:48,2.555991173,3.498766899,2.553009033
16:24:48,2.556108713,3.499253035,2.552722692
16:24:48,2.556825638,3.498369455,2.553089142
16:24:48,2.556517601,3.499644279,2.553149462
16:24:48,2.556293249,3.499292612,2.553212881
16:24:48,2.556171656,3.49870348,2.553284407
16:24:48,2.556547403,3.498935223,2.55368948
16:24:48,2.555014849,3.498501778,2.553179264
16:24:48,2.556939125,3.498547554,2.553654671
16:24:48,2.556647301,3.49932909,2.553846121
16:24:48,2.556833029,3.49897933,2.553382874
16:24:48,2.556892633,3.499395609,2.554073811
16:24:48,2.557036638,3.499082565,2.553657293
16:24:48,2.556184053,3.497208118,2.552791595
16:24:48,2.55659318,3.498707294,2.553829908
16:24:48,2.556608915,3.498790979,2.552378654
16:24:48,2.556105614,3.499443531,2.55262351
16:24:48,2.556959867,3.499093056,2.553253889
16:24:48,2.555929899,3.499828815,2.5535779
16:24:48,2.556341887,3.498768806,2.552777529
16:24:48,2.555958986,3.49888587,2.552538157
16:24:48,2.55678463,3.499632597,2.552977324
16:24:48,2.556885004,3.498806477,2.552901268
16:24:48,2.557887316,3.500470877,2.554950714
16:24:48,2.556215763,3.499093533,2.553815842
16:24:48,2.556557417,3.499608517,2.553728104
16:24:48,2.557654858,3.499583006,2.554160357
16:24:48,2.556182623,3.499690056,2.552534342
16:24:48,2.557235479,3.498999596,2.553877831
16:24:48,2.556307554,3.498706102,2.553726673
16:24:48,2.55532527,3.49875474,2.552200317
16:24:48,2.556393623,3.498015165,2.552246571
16:24:48,2.55608964,3.498426199,2.552222729
16:24:48,2.556114674,3.498222828,2.553954124
16:24:48,2.556513786,3.498319149,2.552950144
16:24:48,2.555820942,3.497682571,2.553711176
16:24:48,2.556743622,3.498434782,2.553735733
16:24:48,2.556709051,3.499164581,2.554451704
16:24:48,2.556396246,3.498833418,2.553433657
16:24:48,2.556393623,3.499988079,2.553909063
16:24:48,2.556186914,3.49849987,2.553560019
16:24:48,2.556511879,3.498882294,2.552730799
16:24:48,2.557114363,3.498856544,2.555089474
16:24:48,2.556008101,3.499708891,2.553892851
16:24:48,2.556678295,3.499476671,2.55334115
16:24:48,2.556666613,3.499306917,2.553949356
16:24:48,2.556601048,3.498431921,2.553159952
16:24:48,2.556418896,3.49921751,2.552041054
16:24:48,2.556014299,3.499613047,2.5542624
16:24:48,2.556356192,3.499405861,2.554378271
16:24:48,2.556703568,3.498643875,2.552281141
16:24:48,2.555744886,3.498278618,2.552622318
16:24:48,2.557257175,3.498310566,2.553508997
16:24:48,2.556447029,3.499466896,2.553803921
16:24:48,2.556467533,3.499314308,2.55333972
16:24:48,2.557258368,3.500324011,2.554397345
16:24:48,2.557160854,3.499449015,2.553175688
16:24:48,2.557300806,3.49952364,2.554196119
16:24:48,2.55631566,3.498475075,2.553536892
16:24:48,2.556544781,3.499115229,2.553788185
16:24:48,2.556947947,3.497560501,2.553669453
16:24:48,2.556275368,3.497315645,2.552736044
16:24:48,2.557484388,3.498569012,2.554198027
16:24:48,2.556148052,3.499642372,2.553979158
16:24:48,2.557039261,3.500872374,2.554162502
16:24:48,2.556852102,3.500474453,2.554091215
16:24:48,2.556291819,3.499467373,2.55302453
16:24:48,2.556657553,3.500079393,2.552271843
16:24:48,2.55623126,3.498749256,2.552404642
16:24:48,2.55722928,3.499981642,2.553982496
16:24:48,2.556574583,3.49930048,2.554826498
16:24:48,2.557767153,3.50106144,2.555303097
16:24:48,2.556295872,3.500027895,2.555173635
16:24:48,2.556391478,3.499268532,2.554397821
16:24:48,2.557029724,3.499161243,2.554295301
16:24:48,2.555619955,3.498343468,2.553223848
16:24:48,2.555929899,3.497343779,2.552765608
16:24:48,2.557012558,3.49856329,2.553782701
16:24:48,2.557529211,3.499547958,2.554730654
16:24:48,2.556639433,3.498516321,2.554877281
16:24:48,2.557713509,3.500378132,2.554624081
16:24:48,2.557199717,3.500660181,2.553683043
16:24:48,2.557590723,3.499477148,2.553962708
16:24:48,2.556782007,3.499690771,2.554517508
16:24:48,2.557054281,3.49966979,2.553774118
16:24:48,2.556523561,3.499376059,2.553909063
16:24:48,2.55608964,3.499132156,2.553557873
16:24:48,2.556082249,3.500245094,2.554050446
16:24:48,2.557259798,3.500893116,2.55369997
16:24:48,2.55736351,3.500138283,2.553453445
16:24:48,2.557074785,3.499701023,2.55450058
16:24:48,2.556881905,3.500290394,2.554832458
16:24:48,2.557712793,3.500092268,2.554794073
16:24:48,2.556608438,3.500700712,2.553956747
16:24:48,2.557066917,3.501710176,2.553723335
16:24:48,2.557228565,3.501289845,2.554356098
16:24:48,2.556822538,3.500303745,2.553838968
16:24:48,2.557303429,3.500273228,2.553659678
16:24:48,2.557073593,3.500757456,2.554795265
16:24:48,2.557356358,3.500648499,2.554217339
16:24:48,2.557535172,3.499007702,2.554372072
16:24:49,2.557796001,3.499557734,2.554927111
16:24:49,2.556813002,3.500431061,2.554497719
16:24:49,2.557257652,3.500626802,2.553692818
16:24:49,2.55726099,3.500705242,2.555558681
16:24:49,2.557647705,3.500364542,2.554074287
16:24:49,2.557691813,3.500270844,2.554327965
16:24:49,2.556788683,3.49999547,2.553962708
16:24:49,2.557542562,3.499759912,2.554527998
16:24:49,2.555868387,3.498603582,2.553126097
16:24:49,2.557196856,3.500401258,2.554879189
16:24:49,2.557879448,3.501135111,2.553333759
16:24:49,2.557446003,3.500187874,2.553894043
16:24:49,2.556640148,3.499833107,2.553519726
16:24:49,2.557399988,3.499991417,2.554744244
16:24:49,2.557240009,3.499280214,2.554799318
16:24:49,2.557473183,3.499932766,2.554454088
16:24:49,2.557041168,3.499916077,2.553351641
16:24:49,2.557093382,3.499512434,2.554698229
16:24:49,2.556926489,3.50027442,2.553440809
16:24:49,2.556812286,3.500946522,2.55472374
16:24:49,2.557367563,3.499120951,2.554315329
16:24:49,2.557219505,3.500167608,2.554539442
16:24:49,2.55695653,3.500320196,2.554200172
16:24:49,2.557675362,3.500228167,2.554498196
16:24:49,2.558096886,3.500542164,2.553714752
16:24:49,2.556997776,3.500530958,2.55381918
16:24:49,2.55692482,3.500183821,2.55420351
16:24:49,2.555860519,3.499547243,2.553884029
16:24:49,2.556498528,3.498565912,2.554116726
16:24:49,2.556037664,3.500095844,2.553229332
16:24:49,2.557130337,3.498762846,2.552365541
16:24:49,2.556850195,3.500482798,2.554335117
16:24:49,2.55677104,3.500795126,2.553600311
16:24:49,2.557982445,3.501212597,2.55468154
16:24:49,2.557287455,3.499969721,2.55330205
16:24:49,2.556966543,3.499126196,2.553631306
16:24:49,2.556866646,3.499429703,2.553527355
16:24:49,2.556711197,3.499613523,2.554344177
16:24:49,2.556449175,3.500761986,2.553405046
16:24:49,2.556969643,3.498700857,2.553882837
16:24:49,2.55697751,3.499239922,2.552529812
16:24:49,2.556274891,3.499646187,2.553390026
16:24:49,2.556985617,3.500185013,2.552945614
16:24:49,2.557174444,3.499548912,2.5536623
16:24:49,2.55631566,3.499154806,2.552983284
16:24:49,2.556393623,3.499443531,2.553963423
16:24:49,2.557068825,3.499021769,2.552357674
16:24:49,2.557109118,3.498899937,2.554413795
16:24:49,2.557132721,3.498883009,2.554029942
16:24:49,2.556826115,3.499759197,2.553464651
16:24:49,2.55710578,3.499817848,2.552986383
16:24:49,2.556572676,3.499319315,2.554432392
16:24:49,2.557119131,3.499119997,2.553967953
16:24:49,2.556252956,3.498704672,2.553694963
16:24:49,2.556042671,3.499862909,2.553421736
16:24:49,2.556530237,3.500520468,2.553581238
16:24:49,2.556918859,3.498920679,2.553210258
16:24:49,2.557275057,3.49952364,2.553807259
16:24:49,2.557122707,3.500342369,2.553639412
16:24:49,2.557775736,3.500552416,2.554120779
16:24:49,2.556624889,3.499677658,2.55330348
16:24:49,2.556108236,3.499455214,2.553452015
16:24:49,2.55764842,3.498843193,2.554409981
16:24:49,2.558266163,3.49987936,2.553155184
16:24:49,2.557765245,3.500221491,2.553664684
16:24:49,2.557211637,3.500463963,2.555111408
16:24:49,2.556867838,3.499756336,2.555151224
16:24:49,2.557789564,3.500410318,2.553314209
16:24:49,2.556936502,3.500398397,2.553179741
16:24:49,2.557281733,3.499760628,2.55340457
16:24:49,2.557113647,3.499515057,2.553681612
16:24:49,2.557522058,3.499379396,2.553765535
16:24:49,2.556605101,3.499042511,2.554352283
16:24:49,2.556895018,3.499434471,2.553696394
16:24:49,2.557974815,3.500793695,2.554876089
16:24:49,2.556568623,3.501262903,2.553287268
16:24:49,2.55693078,3.500384331,2.553927422
16:24:49,2.558038712,3.499321938,2.553806067
16:24:49,2.55688405,3.500162363,2.553595066
16:24:49,2.557545424,3.500795126,2.554563284
16:24:49,2.558147669,3.500940084,2.554253101
16:24:49,2.557989597,3.500231504,2.555013418
16:24:49,2.556762695,3.499346018,2.553328514
16:24:49,2.556356668,3.499613047,2.55344367
16:24:49,2.556888342,3.499896049,2.553682327
16:24:49,2.556200743,3.500077724,2.55418539
16:24:49,2.557718277,3.501330853,2.554777622
16:24:49,2.557524681,3.501234293,2.553889275
16:24:49,2.557376146,3.499126911,2.554151297
16:24:49,2.556842327,3.500293016,2.553937435
16:24:49,2.556412697,3.499941111,2.553480864
16:24:49,2.556766272,3.500051975,2.554398537
16:24:49,2.556565285,3.499395132,2.553693533
16:24:49,2.557115555,3.49997592,2.553387642
16:24:49,2.557266951,3.500050783,2.554935455
16:24:49,2.55671978,3.499780178,2.553113461
16:24:49,2.556357384,3.498630524,2.555027485
16:24:49,2.556787252,3.500240564,2.554477215
16:24:49,2.557265043,3.500490427,2.554064512
16:24:49,2.556728601,3.499076128,2.554489136
16:24:49,2.556025505,3.49881506,2.554304123
16:24:49,2.555844307,3.498156071,2.554930925
16:24:49,2.556584597,3.499227285,2.552666426
16:24:49,2.556071043,3.499346733,2.554020882
16:24:49,2.556884766,3.499009371,2.553955555
16:24:49,2.556930065,3.499163866,2.55292654
16:24:49,2.557078123,3.499967098,2.554453373
16:24:49,2.556745768,3.500195026,2.554755688
16:24:49,2.557372093,3.499924898,2.553474665
16:24:49,2.557144642,3.498452425,2.552811861
16:24:49,2.556645393,3.499748707,2.553551435
16:24:49,2.557384014,3.504092216,2.556319952
16:24:49,2.559882164,3.503008366,2.554975271
16:24:49,2.558355093,3.501904011,2.555530548
16:24:49,2.558039427,3.501848936,2.555777311
16:24:49,2.55881381,3.502815723,2.554697037
16:24:49,2.559157372,3.502770662,2.556377888
16:24:49,2.558754921,3.502609015,2.556143761
16:24:49,2.559238195,3.502330542,2.555745602
16:24:50,2.55986166,3.501921415,2.555491209
16:24:50,2.558573246,3.502797604,2.556443453
16:24:50,2.558964491,3.502536535,2.555665016
16:24:50,2.559806347,3.502775431,2.555434465
16:24:50,2.559363365,3.502400875,2.55571866
16:24:50,2.559104443,3.502291441,2.555963993
16:24:50,2.558822632,3.501747131,2.55616951
16:24:50,2.559184551,3.503213167,2.556443453
16:24:50,2.559463978,3.503184557,2.555416346
16:24:50,2.559271574,3.502902031,2.556492329
16:24:50,2.558673143,3.502328634,2.557039261
16:24:50,2.559946299,3.504486084,2.557946682
16:24:50,2.560114145,3.504203796,2.556754827
16:24:50,2.559094191,3.503463984,2.556031466
16:24:50,2.558902264,3.50261879,2.555805206
16:24:50,2.559393167,3.502195358,2.556931496
16:24:50,2.559348345,3.502539873,2.556625843
16:24:50,2.559178352,3.50282979,2.555483341
16:24:50,2.559687853,3.503482103,2.556571245
16:24:50,2.559432983,3.502817154,2.555729866
16:24:50,2.560005665,3.504050255,2.556298494
16:24:50,2.560192585,3.5031147,2.555985689
16:24:50,2.559494257,3.502791405,2.555963993
16:24:50,2.559158564,3.502146482,2.555876017
16:24:50,2.558215857,3.501289368,2.555715799
16:24:50,2.558984756,3.502369642,2.556584358
16:24:50,2.559073448,3.503136396,2.556346178
16:24:50,2.558832884,3.502990007,2.556587458
16:24:50,2.559493542,3.504222631,2.556200504
16:24:50,2.558651686,3.50296092,2.55595088
16:24:50,2.559669971,3.502626896,2.555428267
16:24:50,2.559667587,3.502520323,2.554941893
16:24:50,2.558526993,3.50349617,2.556657791
16:24:50,2.559500933,3.502554893,2.556197405
16:24:50,2.558673143,3.503694773,2.556352139
16:24:50,2.559422493,3.502917051,2.556071043
16:24:50,2.558394909,3.503260612,2.555012226
16:24:50,2.55881834,3.50344348,2.555514336
16:24:50,2.558468103,3.503415585,2.556219339
16:24:50,2.558456182,3.502475023,2.55629015
16:24:50,2.558634758,3.501955032,2.554934263
16:24:50,2.558862686,3.501849651,2.555386543
16:24:50,2.5584867,3.503029108,2.554965258
16:24:50,2.558729887,3.502331257,2.555746794
16:24:50,2.558609009,3.503623724,2.555953979
16:24:50,2.558753252,3.503240585,2.555044651
16:24:50,2.558805227,3.502292633,2.555507421
16:24:50,2.558470249,3.502225876,2.555213451
16:24:50,2.558375835,3.502016068,2.553792
16:24:50,2.558531523,3.502509832,2.55672121
16:24:50,2.559267044,3.502829075,2.55613184
16:24:50,2.5580163,3.502764463,2.556782722
16:24:50,2.559238911,3.504381657,2.556625128
16:24:50,2.55929327,3.50333786,2.557091475
16:24:50,2.55975008,3.504715204,2.556502104
16:24:50,2.559134245,3.503974438,2.555872679
16:24:50,2.559038401,3.50379014,2.55522728
16:24:50,2.558785915,3.502910376,2.557088375
16:24:50,2.560181379,3.503656387,2.556532621
16:24:50,2.559475899,3.502918243,2.556656122
16:24:50,2.559598923,3.501692295,2.556697369
16:24:50,2.560028076,3.502962828,2.556972504
16:24:50,2.559617996,3.501942396,2.556169987
16:24:50,2.558796406,3.502087355,2.555898428
16:24:50,2.558561325,3.502146006,2.5560956
16:24:50,2.558670521,3.502243519,2.556297779
16:24:50,2.558784723,3.50336504,2.555906296
16:24:50,2.559641123,3.502563477,2.556037426
16:24:50,2.559152126,3.50333786,2.557183981
16:24:50,2.559737444,3.502389193,2.556830406
16:24:50,2.558726549,3.501358986,2.555764914
16:24:50,2.557980537,3.50143075,2.555426836
16:24:50,2.558036327,3.501716614,2.556514025
16:24:50,2.558175087,3.501610041,2.556219816
16:24:50,2.559681416,3.502951622,2.555777311
16:24:50,2.559843302,3.502659798,2.555147886
16:24:50,2.55946064,3.502866268,2.555701971
16:24:50,2.559025764,3.50319314,2.556179047
16:24:50,2.559534788,3.503076315,2.557272196
16:24:50,2.559889317,3.503074884,2.555784941
16:24:50,2.559372902,3.501897812,2.555413008
16:24:50,2.559150219,3.502673626,2.556006193
16:24:50,2.558832407,3.502737761,2.554638624
16:24:50,2.55933857,3.501607656,2.555660248
16:24:50,2.557788849,3.501797915,2.555292606
16:24:50,2.558728695,3.502215624,2.556074619
16:24:50,2.558732033,3.503305197,2.555748463
16:24:50,2.559014559,3.50262928,2.555590391
16:24:50,2.559537888,3.502951622,2.555101395
16:24:50,2.558725119,3.502739668,2.556711912
16:24:50,2.559504986,3.503122568,2.556007624
16:24:50,2.559948206,3.504497051,2.555686235
16:24:50,2.558951855,3.502617121,2.555955887
16:24:50,2.558299065,3.503594875,2.556420803
16:24:50,2.559466124,3.502970695,2.555621386
16:24:50,2.559245348,3.502453089,2.555305243
16:24:50,2.558639288,3.50261426,2.555155754
16:24:50,2.557812929,3.501917362,2.556767464
16:24:50,2.558544874,3.502330542,2.556440592
16:24:50,2.559647083,3.502698421,2.556228638
16:24:50,2.55975914,3.500952482,2.55602932
16:24:50,2.558646679,3.501211405,2.555199385
16:24:50,2.55899477,3.50175643,2.555454731
16:24:50,2.559520006,3.503240585,2.555631399
16:24:50,2.559683084,3.50305295,2.555276871
16:24:50,2.560338497,3.503592968,2.558543682
16:24:50,2.559925079,3.504366636,2.556031466
16:24:50,2.559535265,3.50322175,2.557074785
16:24:50,2.559014559,3.503307104,2.554553986
16:24:50,2.558775425,3.503049374,2.55702734
16:24:50,2.558967113,3.503497839,2.556824923
16:24:50,2.559703112,3.502317905,2.555918932
16:24:50,2.558797359,3.500666618,2.555429697
16:24:50,2.558344841,3.501745939,2.555497169
16:24:50,2.559213638,3.50247407,2.55489397
16:24:50,2.558812618,3.50297904,2.556538105
16:24:51,2.559960842,3.503995895,2.557370663
16:24:51,2.559562922,3.5039289,2.556593418
16:24:51,2.559238911,3.502473354,2.555745602
16:24:51,2.558933973,3.501842976,2.555845499
16:24:51,2.559192181,3.502537727,2.555871964
16:24:51,2.559453487,3.501523495,2.555073738
16:24:51,2.558449745,3.502197266,2.556059122
16:24:51,2.560387611,3.504218102,2.556323767
16:24:51,2.560268641,3.503029108,2.556914806
16:24:51,2.558638811,3.503028631,2.556843519
16:24:51,2.558885336,3.502744675,2.556387186
16:24:51,2.558704853,3.504026175,2.555751562
16:24:51,2.559917927,3.503643036,2.555161715
16:24:51,2.559336901,3.503214598,2.555809975
16:24:51,2.559546709,3.503029823,2.556350946
16:24:51,2.560507298,3.503841162,2.556804657
16:24:51,2.559730291,3.501807213,2.556196928
16:24:51,2.55906415,3.50240159,2.55615449
16:24:51,2.559032917,3.502806187,2.556785822
16:24:51,2.558861494,3.503326178,2.557184696
16:24:51,2.559157372,3.502954006,2.555993319
16:24:51,2.558415413,3.50316143,2.554667711
16:24:51,2.557846308,3.502796888,2.555860758
16:24:51,2.559268951,3.502779961,2.554255247
16:24:51,2.559118986,3.502878666,2.555762291
16:24:51,2.559497118,3.501491308,2.555297375
16:24:51,2.558349848,3.501830101,2.556032181
16:24:51,2.559393644,3.502366304,2.555926323
16:24:51,2.557850361,3.500379562,2.554277658
16:24:51,2.559058189,3.502105236,2.555289507
16:24:51,2.558788538,3.501469851,2.556040049
16:24:51,2.557690144,3.503130198,2.557607889
16:24:51,2.559560299,3.503610611,2.556771278
16:24:51,2.558634043,3.503996611,2.556787491
16:24:51,2.55978632,3.502980947,2.555627346
16:24:51,2.559610605,3.503290176,2.557228327
16:24:51,2.558445215,3.501969576,2.55493474
16:24:51,2.558760405,3.503579855,2.555655241
16:24:51,2.559308767,3.502965212,2.554951906
16:24:51,2.558554173,3.502806664,2.556255579
16:24:51,2.558702469,3.503131628,2.556221724
16:24:51,2.560014248,3.502984762,2.555952072
16:24:51,2.559433699,3.502605677,2.556967735
16:24:51,2.559387207,3.502802849,2.556596994
16:24:51,2.5606215,3.501925707,2.555797338
16:24:51,2.558787346,3.501732111,2.556531191
16:24:51,2.559406996,3.502055883,2.554541349
16:24:51,2.558157682,3.50262928,2.556178331
16:24:51,2.55851531,3.502233744,2.555479765
16:24:51,2.559531212,3.501637697,2.55592227
16:24:51,2.55885005,3.502490282,2.555516958
16:24:51,2.55936265,3.50180459,2.555010557
16:24:51,2.558299065,3.502834797,2.555575848
16:24:51,2.557411432,3.50226593,2.555848837
16:24:51,2.558422804,3.502430439,2.555449486
16:24:51,2.557874441,3.502532959,2.555717945
16:24:51,2.559505701,3.502649307,2.55546546
16:24:51,2.559406996,3.502117872,2.555530548
16:24:51,2.559233427,3.501726389,2.555505753
16:24:51,2.558712482,3.502140522,2.554499865
16:24:51,2.557986736,3.50216794,2.554974556
16:24:51,2.558290958,3.502211094,2.554610014
16:24:51,2.55833745,3.502230406,2.554692745
16:24:51,2.559522152,3.502121449,2.555707216
16:24:51,2.55902195,3.503070354,2.556403637
16:24:51,2.559068203,3.50211668,2.555844069
16:24:51,2.559477806,3.503730059,2.555751085
16:24:51,2.559290409,3.50380826,2.556287289
16:24:51,2.56000185,3.503748417,2.55598855
16:24:51,2.559444189,3.503265619,2.5565207
16:24:51,2.557799578,3.501600981,2.554606199
16:24:51,2.55896306,3.503559589,2.556687355
16:24:51,2.559535265,3.502555609,2.557176113
16:24:51,2.558959246,3.503871679,2.556417704
16:24:51,2.559529305,3.502573252,2.55695343
16:24:51,2.559341192,3.503752708,2.555865526
16:24:51,2.559564352,3.501828194,2.555836439
16:24:51,2.5590868,3.503334522,2.556842089
16:24:51,2.558899641,3.502821207,2.556566477
16:24:51,2.55948329,3.502214193,2.555667877
16:24:51,2.558948755,3.502740622,2.555501699
16:24:51,2.559190273,3.502971172,2.554461956
16:24:51,2.559130192,3.502729893,2.555866718
16:24:51,2.559504986,3.502467632,2.554808617
16:24:51,2.557935953,3.500645161,2.555232525
16:24:51,2.557921648,3.501639366,2.55591774
16:24:51,2.558448315,3.501154184,2.556603432
16:24:51,2.558719397,3.503017426,2.555590391
16:24:51,2.558590412,3.501786232,2.555440187
16:24:51,2.558396816,3.502885818,2.554991722
16:24:51,2.556523561,3.500732422,2.554945469
16:24:51,2.558320761,3.501751423,2.555156946
16:24:51,2.559393644,3.502019882,2.555496454
16:24:51,2.5593853,3.503270149,2.554941416
16:24:51,2.558510542,3.502812624,2.55616498
16:24:51,2.558964491,3.504067898,2.555672407
16:24:51,2.55826354,3.501227856,2.554584265
16:24:51,2.55971241,3.50216341,2.555431604
16:24:51,2.55835247,3.502337694,2.555803299
16:24:51,2.558685064,3.502570629,2.555483341
16:24:51,2.558504105,3.501887321,2.556079626
16:24:51,2.559485197,3.502845764,2.55633235
16:24:51,2.559156179,3.502363443,2.555370808
16:24:51,2.558980465,3.502067327,2.554237843
16:24:51,2.558646679,3.501270294,2.554945469
16:24:51,2.558274508,3.501561165,2.555774212
16:24:51,2.558961153,3.501383305,2.556064606
16:24:51,2.558376551,3.501058817,2.555135489
16:24:51,2.558144093,3.501852274,2.55482316
16:24:51,2.558393955,3.502387762,2.556345463
16:24:51,2.55911684,3.503139496,2.555396318
16:24:51,2.558655262,3.502622604,2.555859327
16:24:51,2.558035612,3.50239706,2.555820227
16:24:51,2.559374571,3.501961231,2.555168867
16:24:51,2.558361769,3.502214909,2.555866241
16:24:51,2.558759689,3.502918243,2.556597471
16:24:51,2.558585167,3.501632214,2.55599165
16:24:51,2.559658051,3.502806664,2.555787802
16:24:51,2.558444262,3.502798319,2.556604147
16:24:52,2.559504271,3.502320051,2.55623579
16:24:52,2.559668064,3.502558708,2.555673361
16:24:52,2.55918026,3.503798485,2.556409597
16:24:52,2.558000326,3.50150466,2.556399107
16:24:52,2.558659315,3.502161503,2.556196928
16:24:52,2.558287382,3.501918077,2.555342913
16:24:52,2.55840826,3.502790928,2.555985689
16:24:52,2.559340477,3.502126455,2.55427289
16:24:52,2.558609486,3.501241207,2.554395914
16:24:52,2.558635473,3.502212286,2.554761648
16:24:52,2.559140205,3.503046751,2.555523396
16:24:52,2.5580585,3.50160408,2.554780245
16:24:52,2.558321476,3.502511024,2.555836439
16:24:52,2.558566093,3.501385689,2.556128502
16:24:52,2.558833599,3.502472639,2.554944754
16:24:52,2.559472561,3.503766537,2.556257725
16:24:52,2.559537888,3.503163099,2.555574417
16:24:52,2.559385777,3.502207994,2.55572772
16:24:52,2.559305191,3.503030539,2.55520463
16:24:52,2.558521271,3.50250864,2.556534767
16:24:52,2.559294939,3.503040314,2.555570364
16:24:52,2.559441566,3.503141403,2.554910898
16:24:52,2.559264421,3.502435446,2.555777788
16:24:52,2.558748484,3.503354788,2.555941582
16:24:52,2.559425354,3.502363443,2.555126667
16:24:52,2.55927825,3.503001928,2.555655241
16:24:52,2.558938026,3.502832174,2.556533098
16:24:52,2.559607983,3.502701759,2.555631399
16:24:52,2.558995485,3.502239943,2.556164265
16:24:52,2.559259176,3.503548622,2.556974411
16:24:52,2.558837414,3.503234148,2.555180073
16:24:52,2.559442759,3.502740622,2.554845095
16:24:52,2.560184717,3.50229454,2.554842234
16:24:52,2.558341265,3.501939774,2.554946899
16:24:52,2.559404373,3.502952337,2.555442333
16:24:52,2.559114456,3.502346039,2.555951595
16:24:52,2.559334993,3.502455473,2.55536294
16:24:52,2.559789658,3.503340006,2.555652857
16:24:52,2.559696913,3.502665997,2.55531311
16:24:52,2.558986425,3.502379417,2.55561614
16:24:52,2.558571339,3.502599239,2.555402517
16:24:52,2.559319258,3.502818346,2.556008816
16:24:52,2.560165644,3.503520489,2.556106329
16:24:52,2.560250282,3.504028797,2.556809664
16:24:52,2.559644938,3.503521919,2.55695343
16:24:52,2.559611082,3.504165411,2.556000471
16:24:52,2.559013367,3.503200769,2.556631804
16:24:52,2.559525967,3.502905846,2.556129932
16:24:52,2.559906721,3.504462242,2.555835724
16:24:52,2.559623718,3.503723383,2.55619216
16:24:52,2.55905962,3.502182245,2.556302071
16:24:52,2.559049129,3.50266099,2.55574894
16:24:52,2.559401989,3.502888441,2.555628061
16:24:52,2.558297157,3.502743244,2.55602026
16:24:52,2.559007406,3.50237298,2.555512905
16:24:52,2.558178186,3.502999783,2.555176973
16:24:52,2.559956312,3.503203392,2.556497812
16:24:52,2.560458183,3.503709555,2.556619167
16:24:52,2.559280634,3.503601551,2.557273626
16:24:52,2.558402777,3.501607656,2.555112123
16:24:52,2.558766842,3.501500368,2.555362225
16:24:52,2.558551311,3.502871513,2.555800438
16:24:52,2.558427334,3.501749754,2.556077003
16:24:52,2.559170485,3.503363132,2.554980755
16:24:52,2.559558392,3.50284934,2.555271387
16:24:52,2.558900833,3.502286196,2.555952549
16:24:52,2.559014559,3.502747536,2.555334806
16:24:52,2.558896303,3.501499176,2.555867434
16:24:52,2.560098171,3.502399683,2.55683279
16:24:52,2.559449434,3.502771378,2.556539297
16:24:52,2.558025599,3.501782894,2.555958033
16:24:52,2.559520483,3.502167463,2.55670929
16:24:52,2.559478521,3.503312349,2.556153297
16:24:52,2.55972147,3.50310874,2.555766821
16:24:52,2.557122707,3.502021074,2.555199385
16:24:52,2.559546709,3.503529549,2.556779146
16:24:52,2.559323072,3.502668858,2.554240942
16:24:52,2.559521437,3.502515793,2.555689573
16:24:52,2.55935359,3.502712727,2.556434155
16:24:52,2.55881381,3.503012896,2.555720568
16:24:52,2.558179379,3.50211668,2.556506157
16:24:52,2.558031321,3.502519608,2.555994987
16:24:52,2.560076475,3.503087759,2.555807352
16:24:52,2.559097767,3.501913786,2.555608273
16:24:52,2.558646679,3.500288963,2.555366039
16:24:52,2.558825731,3.501362085,2.555397272
16:24:52,2.558276176,3.500709772,2.555749655
16:24:52,2.558362246,3.502398252,2.556339025
16:24:52,2.558843613,3.502544641,2.555527687
16:24:52,2.558634043,3.501800776,2.554924488
16:24:52,2.558702469,3.50299263,2.555659771
16:24:52,2.557732105,3.501503229,2.555608273
16:24:52,2.558166742,3.502485514,2.555778742
16:24:52,2.559525967,3.501933098,2.555027485
16:24:52,2.558489561,3.500846148,2.555096388
16:24:52,2.558815241,3.502048492,2.555274963
16:24:52,2.559251785,3.502864599,2.555975199
16:24:52,2.559319258,3.501485109,2.556233883
16:24:52,2.559884071,3.50284791,2.555779457
16:24:52,2.559314728,3.502252579,2.555766106
16:24:52,2.558788061,3.502557278,2.556398153
16:24:52,2.559114933,3.503408909,2.556959391
16:24:52,2.558759689,3.502275705,2.554984331
16:24:52,2.559345722,3.502090216,2.55674696
16:24:52,2.559607267,3.503236055,2.557141542
16:24:52,2.559997797,3.503784895,2.558235645
16:24:52,2.559588909,3.503271818,2.558479071
16:24:52,2.559771061,3.503673315,2.557067156
16:24:52,2.559835196,3.504282475,2.556968451
16:24:52,2.560694695,3.50387764,2.556243658
16:24:52,2.56088233,3.503945351,2.557009459
16:24:52,2.559142828,3.503418684,2.55606246
16:24:52,2.55968523,3.502474785,2.556242943
16:24:52,2.559023142,3.503134251,2.556409597
16:24:52,2.560406685,3.504481792,2.556756973
16:24:53,2.559375763,3.503509998,2.55633235
16:24:53,2.559378624,3.50421977,2.557795286
16:24:53,2.558862686,3.503591061,2.556668043
16:24:53,2.559064865,3.502098799,2.556310415
16:24:53,2.559620619,3.502296448,2.556734324
16:24:53,2.559572935,3.502070189,2.556239843
16:24:53,2.559842587,3.501870394,2.556319237
16:24:53,2.559429646,3.504839182,2.557587385
16:24:53,2.560357809,3.504811049,2.557047844
16:24:53,2.559346437,3.504351616,2.556666851
16:24:53,2.560357809,3.503641129,2.556312561
16:24:53,2.559521437,3.502499342,2.555507421
16:24:53,2.558412075,3.502492189,2.556039333
16:24:53,2.558665752,3.50248909,2.555002213
16:24:53,2.559403896,3.502817154,2.555351019
16:24:53,2.558470964,3.501961231,2.555356264
16:24:53,2.558692217,3.503314257,2.554176331
16:24:53,2.558763981,3.502335548,2.55596137
16:24:53,2.558883667,3.502911091,2.556162834
16:24:53,2.559561729,3.502612352,2.556551695
16:24:53,2.559872866,3.502670288,2.557084322
16:24:53,2.558964968,3.501992464,2.556462049
16:24:53,2.558012962,3.501436949,2.556687355
16:24:53,2.558344126,3.504356861,2.556424379
16:24:53,2.558889627,3.50319314,2.556745768
16:24:53,2.559292555,3.503013611,2.557328939
16:24:53,2.559675217,3.503631353,2.556983232
16:24:53,2.559920311,3.50380969,2.556842089
16:24:53,2.559548616,3.50367713,2.556416988
16:24:53,2.559202909,3.503352642,2.556159735
16:24:53,2.559319973,3.503523827,2.55772233
16:24:53,2.560563326,3.503627062,2.556973219
16:24:53,2.560092926,3.503653526,2.557605982
16:24:53,2.560698271,3.503624916,2.556080341
16:24:53,2.559588909,3.504133224,2.557434082
16:24:53,2.559247971,3.502039194,2.556423664
16:24:53,2.559029102,3.503358841,2.556144476
16:24:53,2.559084415,3.503326654,2.556061983
16:24:53,2.558932066,3.504371405,2.557138681
16:24:53,2.558598518,3.502776146,2.557095528
16:24:53,2.559598923,3.50390172,2.556852579
16:24:53,2.559939623,3.504073381,2.556634426
16:24:53,2.559854269,3.502140999,2.555553913
16:24:53,2.559076071,3.50309062,2.556231022
16:24:53,2.55838418,3.502704382,2.555904388
16:24:53,2.558989048,3.50241971,2.555868149
16:24:53,2.560032368,3.503665447,2.556905746
16:24:53,2.559993744,3.502596617,2.556309938
16:24:53,2.560011625,3.505040884,2.556508303
16:24:53,2.560014963,3.504039288,2.555929661
16:24:53,2.560019732,3.503251553,2.556236506
16:24:53,2.559079409,3.501928329,2.556736469
16:24:53,2.559567213,3.502790928,2.556293011
16:24:53,2.559308767,3.502840757,2.556471586
16:24:53,2.558765411,3.502122879,2.555886507
16:24:53,2.558491468,3.503853798,2.556082964
16:24:53,2.559243202,3.502751112,2.556060314
16:24:53,2.559659719,3.503252268,2.554621935
16:24:53,2.558884382,3.503232002,2.555792093
16:24:53,2.559129477,3.502921581,2.554190159
16:24:53,2.559089422,3.502413511,2.556881905
16:24:53,2.559199572,3.502291918,2.557043791
16:24:53,2.559163332,3.502320051,2.55623889
16:24:53,2.559505701,3.503132343,2.556218624
16:24:53,2.5595994,3.502768993,2.555811167
16:24:53,2.55829525,3.503157139,2.556923628
16:24:53,2.558374882,3.502481222,2.556429386
16:24:53,2.559283018,3.502027512,2.554340363
16:24:53,2.559379339,3.502468824,2.555848837
16:24:53,2.559800148,3.502235889,2.556834221
16:24:53,2.559649706,3.502439499,2.556018353
16:24:53,2.559754848,3.503045797,2.555900335
16:24:53,2.559416294,3.502348185,2.555583715
16:24:53,2.558343172,3.501633167,2.556270838
16:24:53,2.558547497,3.503494501,2.55640173
16:24:53,2.557629108,3.502654076,2.556295872
16:24:53,2.558349848,3.502742052,2.555521488
16:24:53,2.560590506,3.504041195,2.556262732
16:24:53,2.559875011,3.503489971,2.555626154
16:24:53,2.559390783,3.502669573,2.556708574
16:24:53,2.559050322,3.502530098,2.556674242
16:24:53,2.557915211,3.501922846,2.556182146
16:24:53,2.558499098,3.502808094,2.555343628
16:24:53,2.55841589,3.502580404,2.554927588
16:24:53,2.560241461,3.503423929,2.556283236
16:24:53,2.558600903,3.502887726,2.556209564
16:24:53,2.559473991,3.50261879,2.555426836
16:24:53,2.559740067,3.502908468,2.556589603
16:24:53,2.558643341,3.501434803,2.556574821
16:24:53,2.558721304,3.502012968,2.555458784
16:24:53,2.558620691,3.50240612,2.556514025
16:24:53,2.558547497,3.503420115,2.556452513
16:24:53,2.559383869,3.502443314,2.55520153
16:24:53,2.558235645,3.501747131,2.556393385
16:24:53,2.558736563,3.501374483,2.556194067
16:24:53,2.55891943,3.502345324,2.555943251
16:24:53,2.558641195,3.503219366,2.555881023
16:24:53,2.558121443,3.502992153,2.556352854
16:24:53,2.558347464,3.501528978,2.555563927
16:24:53,2.558866739,3.501131058,2.554924488
16:24:53,2.558723211,3.502181768,2.555515051
16:24:53,2.558474779,3.501244068,2.555291176
16:24:53,2.558345318,3.502434254,2.555904388
16:24:53,2.558712244,3.502413988,2.555151224
16:24:53,2.558446407,3.503526926,2.556385279
16:24:53,2.559598923,3.50313282,2.555776596
16:24:53,2.558586597,3.502338409,2.556691408
16:24:53,2.55974412,3.502308846,2.555391312
16:24:53,2.5589149,3.502617598,2.555850029
16:24:53,2.559821367,3.501052856,2.554419994
16:24:53,2.558506966,3.500736475,2.555537939
16:24:53,2.558303118,3.502036333,2.555481195
16:24:53,2.558381796,3.501792192,2.554735184
16:24:53,2.558932781,3.502380133,2.555446863
16:24:53,2.560016155,3.503124475,2.556046486
16:24:53,2.558570623,3.50166297,2.555176497
16:24:53,2.559709072,3.5026052,2.556263208
16:24:53,2.558717251,3.503442526,2.556707144
16:24:53,2.559030771,3.502308846,2.555409908
16:24:54,2.559001923,3.501983404,2.554498911
16:24:54,2.559195042,3.501936197,2.557065248
16:24:54,2.559497595,3.503611326,2.556090832
16:24:54,2.558884382,3.5038414,2.556096315
16:24:54,2.559384584,3.50319314,2.555809975
16:24:54,2.559327126,3.503468275,2.555930853
16:24:54,2.559107065,3.503591776,2.557337284
16:24:54,2.559340477,3.503288269,2.556447268
16:24:54,2.558668375,3.502845764,2.555280447
16:24:54,2.558254242,3.503330946,2.555994272
16:24:54,2.558237314,3.503014088,2.556343794
16:24:54,2.559107065,3.502911091,2.555934906
16:24:54,2.559291363,3.502710819,2.555919886
16:24:54,2.558065176,3.500885725,2.555584908
16:24:54,2.559031963,3.501264334,2.554630518
16:24:54,2.559096575,3.501875639,2.554960728
16:24:54,2.558573961,3.501838684,2.556026697
16:24:54,2.558460951,3.502280235,2.557329655
16:24:54,2.559119701,3.50275588,2.556231022
16:24:54,2.559229136,3.502341032,2.555024862
16:24:54,2.558388472,3.502613544,2.55533576
16:24:54,2.558172941,3.500611067,2.555788517
16:24:54,2.558296442,3.499548435,2.554217339
16:24:54,2.557082653,3.500022173,2.554534912
16:24:54,2.558296442,3.499723196,2.554347038
16:24:54,2.557765961,3.50171566,2.555247784
16:24:54,2.557851791,3.502251387,2.555424929
16:24:54,2.55841136,3.50181222,2.556326389
16:24:54,2.557791233,3.500362873,2.554706573
16:24:54,2.558145046,3.502114296,2.556272268
16:24:54,2.55787015,3.50202322,2.556061268
16:24:54,2.558278084,3.501371384,2.556048632
16:24:54,2.558875322,3.501555443,2.554457426
16:24:54,2.558050871,3.501791716,2.554701328
16:24:54,2.559054136,3.502282143,2.555897236
16:24:54,2.558823824,3.500767708,2.555339575
16:24:54,2.557632208,3.500796318,2.555979013
16:24:54,2.558283329,3.501273394,2.556112051
16:24:54,2.558311462,3.500710487,2.555555105
16:24:54,2.55744338,3.502759218,2.554801464
16:24:54,2.559148073,3.502528667,2.555474043
16:24:54,2.558640242,3.501950741,2.555204153
16:24:54,2.557753325,3.500721931,2.554690361
16:24:54,2.55858779,3.502542496,2.556260347
16:24:54,2.55971241,3.502870083,2.555655718
16:24:54,2.558361769,3.501779795,2.554325104
16:24:54,2.558466911,3.500840902,2.555125713
16:24:54,2.557807446,3.501446247,2.555284023
16:24:54,2.558237553,3.500745058,2.554612875
16:24:54,2.558447123,3.501777172,2.55542016
16:24:54,2.558876038,3.502756596,2.55623436
16:24:54,2.557790518,3.502477169,2.555529356
16:24:54,2.559440136,3.503674507,2.55625844
16:24:54,2.560091496,3.503166437,2.556228638
16:24:54,2.559878111,3.502315283,2.557418108
16:24:54,2.559189081,3.502459049,2.556771278
16:24:54,2.558955908,3.501610756,2.556059122
16:24:54,2.558343172,3.502859592,2.555887938
16:24:54,2.559184551,3.503845453,2.555537462
16:24:54,2.558977604,3.503871679,2.556287289
16:24:54,2.55957675,3.503913641,2.556194067
16:24:54,2.559978485,3.504063606,2.556221247
16:24:54,2.559849739,3.504000902,2.557453156
16:24:54,2.559192181,3.502853632,2.555990458
16:24:54,2.558830261,3.501686335,2.555254936
16:24:54,2.558832407,3.50282073,2.557338715
16:24:54,2.559118509,3.50319767,2.555874586
16:24:54,2.558533669,3.503973484,2.556847334
16:24:54,2.557543278,3.503155947,2.554958105
16:24:54,2.558512449,3.502873659,2.555260658
16:24:54,2.558609009,3.502447128,2.555373907
16:24:54,2.558900356,3.503276587,2.557593584
16:24:54,2.559042931,3.501942873,2.556010962
16:24:54,2.558639288,3.501706839,2.555735826
16:24:54,2.557660103,3.5014112,2.556121111
16:24:54,2.559098482,3.50129199,2.555940151
16:24:54,2.558732033,3.500703812,2.554597616
16:24:54,2.558247566,3.501403332,2.554959774
16:24:54,2.558376551,3.500973225,2.55475831
16:24:54,2.558021307,3.50098896,2.554991722
16:24:54,2.558680534,3.501285076,2.554278851
16:24:54,2.557167292,3.500725985,2.554639339
16:24:54,2.55786109,3.501291275,2.555883408
16:24:54,2.558176041,3.501756907,2.554027796
16:24:54,2.559159279,3.500435114,2.555975914
16:24:54,2.55889082,3.502441406,2.555805922
16:24:54,2.558001041,3.501750469,2.554932117
16:24:54,2.557986021,3.501736164,2.554799318
16:24:54,2.558610916,3.502412081,2.557399511
16:24:54,2.558104038,3.501871109,2.55586338
16:24:54,2.559158087,3.502470016,2.555638075
16:24:54,2.557935953,3.501308203,2.555662632
16:24:54,2.558384895,3.502832651,2.556096315
16:24:54,2.558389664,3.502580404,2.55708003
16:24:54,2.558514595,3.503207922,2.556490898
16:24:54,2.55910182,3.501672745,2.555327654
16:24:54,2.558888435,3.501686335,2.555672884
16:24:54,2.558667898,3.501014471,2.553748369
16:24:54,2.55859375,3.502266645,2.555432796
16:24:54,2.559078693,3.502321959,2.555840254
16:24:54,2.559045553,3.501565218,2.556043386
16:24:54,2.558844328,3.501688719,2.555511475
16:24:54,2.559503555,3.501721621,2.556131124
16:24:54,2.558933258,3.502250671,2.554722071
16:24:54,2.559547424,3.503034592,2.55569458
16:24:54,2.558898926,3.502433777,2.555301905
16:24:54,2.558960199,3.502841949,2.554762363
16:24:54,2.559410334,3.503088474,2.555631876
16:24:54,2.559909821,3.503328562,2.55673027
16:24:54,2.55880475,3.501653194,2.555649996
16:24:54,2.559001923,3.501284599,2.554684877
16:24:54,2.558914185,3.501402855,2.556188107
16:24:54,2.557959318,3.50064373,2.556023359
16:24:54,2.558688879,3.502169847,2.556357384
16:24:54,2.559406996,3.501968384,2.555599451
16:24:54,2.558922052,3.501449108,2.556066275
16:24:55,2.558504105,3.501719952,2.555726528
16:24:55,2.55914855,3.501207113,2.55534029
16:24:55,2.558060884,3.502498865,2.556276798
16:24:55,2.559319973,3.501875639,2.555222511
16:24:55,2.558589935,3.502503872,2.554965258
16:24:55,2.558885336,3.502209902,2.554905891
16:24:55,2.557925224,3.50254035,2.55613327
16:24:55,2.558830261,3.502978325,2.55689621
16:24:55,2.559177637,3.502886295,2.55727005
16:24:55,2.559372902,3.503270388,2.557797909
16:24:55,2.558565378,3.503671169,2.555977821
16:24:55,2.559072733,3.503464937,2.55568099
16:24:55,2.558675528,3.502765656,2.556169987
16:24:55,2.558069229,3.501981258,2.554089785
16:24:55,2.558857203,3.502492189,2.555154562
16:24:55,2.558596611,3.503267527,2.556125402
16:24:55,2.559510231,3.502518892,2.555967093
16:24:55,2.559301376,3.501717329,2.556196213
16:24:55,2.559765577,3.502607822,2.554819822
16:24:55,2.558762312,3.50205636,2.557062387
16:24:55,2.559357643,3.502021074,2.555889368
16:24:55,2.558521748,3.501927853,2.555434465
16:24:55,2.559123755,3.502112389,2.555258989
16:24:55,2.558773041,3.502617121,2.555805922
16:24:55,2.558984041,3.502437353,2.5559659
16:24:55,2.559103966,3.502699614,2.556233883
16:24:55,2.558395624,3.501941681,2.555681705
16:24:55,2.558492661,3.501432657,2.556115389
16:24:55,2.559884787,3.50203681,2.555648327
16:24:55,2.559734583,3.502296448,2.555654287
16:24:55,2.559210777,3.503321409,2.556566477
16:24:55,2.559449434,3.502791405,2.556180716
16:24:55,2.559875011,3.503514051,2.556871414
16:24:55,2.559091806,3.503573418,2.556084871
16:24:55,2.558720589,3.503972054,2.555509567
16:24:55,2.557945013,3.501470566,2.5565207
16:24:55,2.558382273,3.501532555,2.555769444
16:24:55,2.558642626,3.502368927,2.556766033
16:24:55,2.558871746,3.502665281,2.555072069
16:24:55,2.558660746,3.502856255,2.55652833
16:24:55,2.559742212,3.502608299,2.555722475
16:24:55,2.558735847,3.502571344,2.554954052
16:24:55,2.558924198,3.500620842,2.555484533
16:24:55,2.557455778,3.500317574,2.55633378
16:24:55,2.558662415,3.501244783,2.555063725
16:24:55,2.558045387,3.502516985,2.554427147
16:24:55,2.558676243,3.501381636,2.555089474
16:24:55,2.558675051,3.501434088,2.555094242
16:24:55,2.558704853,3.501918554,2.554814577
16:24:55,2.558504105,3.502249002,2.555420876
16:24:55,2.559329748,3.50272727,2.555823088
16:24:55,2.559007406,3.502914906,2.555664301
16:24:55,2.559185743,3.503115416,2.556151628
16:24:55,2.55789423,3.501752138,2.55544591
16:24:55,2.559645414,3.502861023,2.556834698
16:24:55,2.560611725,3.503287554,2.555877447
16:24:55,2.558676958,3.501756907,2.55568099
16:24:55,2.55773735,3.501275301,2.556102037
16:24:55,2.558067322,3.501010418,2.554537535
16:24:55,2.557566166,3.501410723,2.555525541
16:24:55,2.558231115,3.500535011,2.555635214
16:24:55,2.558464527,3.501438618,2.5557127
16:24:55,2.557493687,3.500940084,2.555281401
16:24:55,2.557707787,3.501924515,2.55623889
16:24:55,2.558603048,3.50248909,2.555337667
16:24:55,2.559464693,3.502840042,2.556414366
16:24:55,2.55942297,3.502586842,2.555650711
16:24:55,2.559036493,3.50343895,2.5553298
16:24:55,2.559295416,3.502952337,2.555596352
16:24:55,2.558549404,3.502974987,2.556123495
16:24:55,2.558735847,3.501933813,2.555115461
16:24:55,2.558566809,3.502381325,2.555315018
16:24:55,2.558073759,3.501522064,2.555417538
16:24:55,2.557700872,3.501377106,2.554331064
16:24:55,2.558416605,3.50142169,2.554536819
16:24:55,2.558951855,3.50310111,2.555431604
16:24:55,2.55900383,3.502588749,2.555770636
16:24:55,2.558823824,3.501786947,2.554797888
16:24:55,2.558770895,3.501572847,2.555015326
16:24:55,2.558567524,3.501628399,2.555456638
16:24:55,2.557417631,3.502814531,2.555740356
16:24:55,2.558952332,3.502941847,2.555576563
16:24:55,2.558858633,3.5023489,2.55444479
16:24:55,2.558096886,3.501603603,2.554797888
16:24:55,2.558804035,3.501959324,2.554393053
16:24:55,2.557538748,3.502281189,2.555877447
16:24:55,2.557710648,3.502232552,2.555363894
16:24:55,2.559058189,3.501995802,2.555422544
16:24:55,2.559020042,3.502052546,2.556210041
16:24:55,2.559037209,3.503149748,2.556203365
16:24:55,2.559946775,3.503204107,2.55738163
16:24:55,2.55896306,3.502360582,2.555244446
16:24:55,2.559375763,3.503304482,2.556268692
16:24:55,2.55982852,3.503040791,2.556523323
16:24:55,2.559083939,3.50321722,2.555391312
16:24:55,2.559465408,3.503630877,2.556470394
16:24:55,2.559232712,3.503466368,2.556199551
16:24:55,2.559465408,3.503420591,2.557257414
16:24:55,2.559856415,3.502939701,2.555009842
16:24:55,2.557984591,3.501124859,2.555208683
16:24:55,2.558826208,3.502887011,2.5564363
16:24:55,2.559495926,3.502731562,2.555890083
16:24:55,2.558422089,3.50224638,2.556339025
16:24:55,2.559204817,3.501722336,2.556502819
16:24:55,2.558809042,3.501557112,2.555454731
16:24:55,2.5596838,3.502757311,2.556319237
16:24:55,2.55884552,3.502601147,2.556100845
16:24:55,2.55897212,3.502352476,2.555717945
16:24:55,2.559901237,3.503405094,2.557427645
16:24:55,2.559647799,3.503312349,2.556071758
16:24:55,2.55906415,3.502743959,2.556405306
16:24:55,2.558733702,3.50266099,2.555603504
16:24:55,2.558564901,3.50310421,2.556584835
16:24:55,2.558890343,3.50235796,2.55677557
16:24:55,2.55971694,3.502221346,2.556607246
16:24:55,2.559723139,3.503514051,2.555761576
16:24:55,2.559126139,3.502656698,2.557001591
16:24:55,2.559329748,3.503257751,2.557221889
16:24:55,2.559593439,3.503292084,2.555273294
16:24:56,2.559547424,3.502889633,2.555557489
16:24:56,2.558860779,3.503425837,2.555688143
16:24:56,2.560487509,3.503079176,2.555774927
16:24:56,2.558778286,3.502570629,2.555714369
16:24:56,2.558644533,3.503401756,2.556399107
16:24:56,2.558978319,3.503199339,2.556111574
16:24:56,2.559417725,3.503349781,2.556376457
16:24:56,2.558989048,3.502898693,2.555898428
16:24:56,2.559189081,3.50218749,2.556563616
16:24:56,2.558975697,3.501793385,2.556694984
16:24:56,2.559434891,3.503859282,2.556389093
16:24:56,2.559693336,3.5030756,2.556259632
16:24:56,2.558896303,3.502089024,2.555326939
16:24:56,2.558799267,3.502604485,2.555751085
16:24:56,2.558732033,3.502130032,2.555280685
16:24:56,2.55890584,3.50229001,2.555930138
16:24:56,2.559374571,3.502352476,2.555489779
16:24:56,2.559588194,3.501607656,2.555495024
16:24:56,2.5590868,3.502496719,2.557196617
16:24:56,2.559327841,3.502752542,2.555498362
16:24:56,2.558832884,3.502787113,2.555318594
16:24:56,2.55837059,3.502746105,2.555363894
16:24:56,2.558754921,3.501989841,2.556342125
16:24:56,2.558685541,3.50239253,2.555934191
16:24:56,2.559342861,3.501865387,2.555627346
16:24:56,2.559063435,3.501332998,2.555932283
16:24:56,2.559253693,3.50262785,2.555225372
16:24:56,2.559477091,3.50201416,2.555443525
16:24:56,2.558324814,3.502442122,2.556141853
16:24:56,2.558725834,3.501938105,2.555621862
16:24:56,2.558802605,3.502422571,2.555679798
16:24:56,2.559619904,3.501074314,2.55574894
16:24:56,2.558009624,3.501520634,2.555757523
16:24:56,2.558947325,3.50236702,2.556248426
16:24:56,2.558253527,3.502115965,2.554877281
16:24:56,2.559600592,3.502421379,2.555358648
16:24:56,2.558478117,3.501753807,2.556157112
16:24:56,2.559417725,3.502394438,2.555431604
16:24:56,2.557605982,3.502025843,2.555929661
16:24:56,2.559233904,3.502184868,2.555761576
16:24:56,2.558851957,3.50274682,2.555110931
16:24:56,2.55934763,3.503181934,2.55582571
16:24:56,2.559522867,3.501621008,2.556273937
16:24:56,2.558435678,3.501628399,2.555600882
16:24:56,2.558531523,3.503155947,2.555877447
16:24:56,2.558690548,3.501885414,2.555796862
16:24:56,2.558074474,3.500952482,2.555067062
16:24:56,2.559133053,3.503563166,2.556274652
16:24:56,2.559145927,3.503047466,2.556732416
16:24:56,2.559079409,3.501972914,2.555819511
16:24:56,2.558135033,3.502237797,2.555568457
16:24:56,2.558516026,3.503256321,2.556089401
16:24:56,2.558506966,3.502740145,2.555833817
16:24:56,2.559148073,3.501871109,2.555065155
16:24:56,2.558876038,3.501251698,2.555323839
16:24:56,2.559143543,3.502139091,2.554978609
16:24:56,2.558787346,3.502423286,2.556216717
16:24:56,2.559754133,3.502595425,2.555148363
16:24:56,2.559638262,3.503390074,2.556016684
16:24:56,2.559478521,3.503066301,2.55419302
16:24:56,2.560189962,3.503800392,2.555238724
16:24:56,2.559788227,3.504181385,2.557403564
16:24:56,2.559457779,3.504478931,2.556490898
16:24:56,2.559113264,3.502713442,2.555541277
16:24:56,2.558164358,3.502258778,2.556451321
16:24:56,2.558755636,3.501988649,2.556090832
16:24:56,2.560150385,3.502324581,2.556014061
16:24:56,2.558420897,3.503115892,2.555408239
16:24:56,2.558974981,3.503103018,2.555921078
16:24:56,2.558924198,3.503296852,2.556103468
16:24:56,2.559407949,3.502534866,2.555423021
16:24:56,2.559782982,3.50264883,2.556168318
16:24:56,2.559127569,3.502189636,2.555598974
16:24:56,2.558874607,3.502160072,2.556052685
16:24:56,2.558490038,3.502070189,2.555148363
16:24:56,2.558376551,3.501578808,2.556403637
16:24:56,2.558857918,3.501700163,2.556025982
16:24:56,2.558578491,3.501541138,2.555885315
16:24:56,2.559392691,3.501317978,2.555324554
16:24:56,2.559305191,3.502082586,2.555481672
16:24:56,2.55899477,3.503477335,2.555927038
16:24:56,2.559907913,3.502809286,2.554662943
16:24:56,2.557318687,3.50237298,2.555517912
16:24:56,2.557872295,3.501491308,2.554689407
16:24:56,2.558698893,3.501659155,2.556072235
16:24:56,2.558443069,3.502585649,2.555622578
16:24:56,2.558967829,3.501618385,2.554709435
16:24:56,2.558637381,3.501503229,2.555312395
16:24:56,2.558501482,3.501185417,2.556010246
16:24:56,2.557624578,3.500441551,2.55362606
16:24:56,2.557788372,3.50138402,2.55472517
16:24:56,2.558285236,3.499969006,2.554287434
16:24:56,2.557497501,3.500113487,2.554664373
16:24:56,2.558487892,3.501862049,2.555958748
16:24:56,2.559405088,3.502500772,2.556152344
16:24:56,2.559433699,3.502140522,2.556367159
16:24:56,2.559415102,3.502085686,2.555127382
16:24:56,2.55840826,3.502523184,2.554933548
16:24:56,2.557945728,3.501975298,2.55607748
16:24:56,2.558282614,3.502423286,2.556904316
16:24:56,2.559094429,3.502808094,2.555659056
16:24:56,2.558514595,3.501006603,2.554839134
16:24:56,2.558402777,3.501225233,2.555266142
16:24:56,2.557941675,3.501436472,2.555065155
16:24:56,2.55801177,3.502080441,2.555126667
16:24:56,2.558318138,3.501553297,2.555386543
16:24:56,2.558250189,3.500033855,2.555112839
16:24:56,2.557140827,3.5008955,2.554818392
16:24:56,2.558616877,3.500417471,2.5540905
16:24:56,2.557151556,3.499067545,2.554897308
16:24:56,2.557746887,3.500413656,2.553418636
16:24:56,2.557537079,3.500050068,2.555171728
16:24:56,2.55779767,3.499977589,2.555426121
16:24:56,2.55823493,3.500650406,2.554956198
16:24:56,2.557649374,3.500589609,2.555740356
16:24:57,2.558224678,3.50073576,2.552995443
16:24:57,2.557068825,3.499479055,2.55350709
16:24:57,2.557251215,3.500222206,2.553877831
16:24:57,2.556871414,3.50034833,2.554424286
16:24:57,2.556363821,3.499387026,2.553508997
16:24:57,2.557107925,3.499376059,2.553753614
16:24:57,2.557358265,3.500299454,2.554186821
16:24:57,2.557721615,3.501360893,2.554659128
16:24:57,2.558363199,3.500494003,2.555015326
16:24:57,2.557943583,3.500696898,2.555224419
16:24:57,2.558054686,3.500420809,2.55386591
16:24:57,2.558582306,3.50143218,2.55536747
16:24:57,2.557694435,3.501161814,2.554964542
16:24:57,2.558563232,3.501703262,2.554883242
16:24:57,2.558637381,3.499885082,2.554825783
16:24:57,2.558620691,3.499861717,2.553296089
16:24:57,2.557220697,3.500157118,2.55431056
16:24:57,2.557691097,3.499487162,2.554016352
16:24:57,2.557305574,3.500716448,2.555488825
16:24:57,2.557249308,3.499806166,2.554567814
16:24:57,2.557008028,3.499769688,2.553731918
16:24:57,2.557402372,3.50110054,2.554442167
16:24:57,2.557738781,3.500729322,2.553935766
16:24:57,2.558146477,3.501255751,2.554884672
16:24:57,2.558019638,3.500504971,2.553732634
16:24:57,2.557173967,3.50063467,2.554903746
16:24:57,2.55815053,3.501703262,2.553766251
16:24:57,2.557068348,3.500772953,2.555260181
16:24:57,2.557060957,3.499333858,2.552912474
16:24:57,2.55598712,3.499168634,2.554749012
16:24:57,2.556910992,3.500762463,2.553817034
16:24:57,2.557707071,3.500555038,2.554012299
16:24:57,2.557119131,3.502227545,2.55517745
16:24:57,2.557661533,3.500942707,2.554961443
16:24:57,2.556692839,3.4999125,2.553262949
16:24:57,2.558002949,3.501478195,2.556221724
16:24:57,2.557566166,3.501047134,2.554797411
16:24:57,2.558761597,3.501345158,2.555625439
16:24:57,2.55709815,3.500026703,2.554210901
16:24:57,2.558390379,3.502006054,2.555011511
16:24:57,2.558548689,3.502067327,2.554598808
16:24:57,2.558229685,3.502042055,2.554490566
16:24:57,2.558287382,3.502193451,2.55562377
16:24:57,2.55753994,3.501427412,2.554089785
16:24:57,2.55808115,3.500738382,2.55520916
16:24:57,2.557563782,3.499808073,2.55417037
16:24:57,2.557916641,3.500763178,2.554106951
16:24:57,2.55843854,3.500140667,2.554215908
16:24:57,2.558401585,3.500241518,2.555721283
16:24:57,2.556801319,3.501366854,2.554743052
16:24:57,2.558569908,3.502162218,2.555530071
16:24:57,2.5577178,3.501602173,2.554605722
16:24:57,2.557679892,3.500824928,2.555062532
16:24:57,2.556344032,3.500911474,2.553047895
16:24:57,2.556621552,3.500570059,2.553400517
16:24:57,2.558024168,3.50170064,2.553727388
16:24:57,2.558059931,3.500378847,2.553785324
16:24:57,2.558216572,3.501834393,2.554709435
16:24:57,2.558108091,3.501093864,2.555912256
16:24:57,2.556974411,3.500962257,2.555751562
16:24:57,2.557527304,3.501458168,2.555334091
16:24:57,2.557527304,3.501589775,2.554797888
16:24:57,2.557430267,3.50084877,2.554993153
16:24:57,2.558700085,3.502321482,2.553993702
16:24:57,2.55917716,3.50393796,2.553819895
16:24:57,2.558233738,3.50307107,2.555955887
16:24:57,2.558651686,3.502197266,2.554843903
16:24:57,2.558691025,3.502225399,2.555792809
16:24:57,2.559202909,3.502719402,2.555530071
16:24:57,2.55986619,3.503277302,2.554563284
16:24:57,2.559008121,3.502922297,2.556044817
16:24:57,2.558399439,3.502317905,2.554387331
16:24:57,2.559366703,3.502415895,2.55620122
16:24:57,2.559251785,3.502677679,2.555777788
16:24:57,2.558585882,3.500961542,2.55471921
16:24:57,2.558427334,3.501860142,2.555584908
16:24:57,2.559154034,3.502334833,2.555551291
16:24:57,2.558607578,3.502551079,2.555544853
16:24:57,2.55816102,3.502859592,2.555290222
16:24:57,2.557436705,3.500804186,2.555375338
16:24:57,2.558554888,3.502573252,2.554899216
16:24:57,2.559691429,3.503600121,2.556279421
16:24:57,2.55835247,3.503245831,2.556949377
16:24:57,2.559814692,3.502951622,2.555305243
16:24:57,2.559221506,3.503563166,2.556385994
16:24:57,2.559998274,3.502340317,2.555176973
16:24:57,2.558780193,3.501323462,2.556106806
16:24:57,2.558967113,3.503275871,2.555870771
16:24:57,2.559742928,3.503046036,2.556253672
16:24:57,2.559287548,3.503043175,2.55631566
16:24:57,2.558869839,3.501527786,2.556336164
16:24:57,2.55868268,3.501310825,2.556508303
16:24:57,2.559485197,3.501232147,2.557450771
16:24:57,2.559457779,3.501121998,2.556012392
16:24:57,2.558392286,3.501779795,2.556279421
16:24:57,2.559543848,3.502120256,2.557413578
16:24:57,2.558986425,3.502189159,2.55620718
16:24:57,2.560281754,3.502065659,2.555418253
16:24:57,2.557803154,3.502503872,2.556105614
16:24:57,2.559227467,3.50311923,2.556684971
16:24:57,2.559693336,3.503857136,2.555801868
16:24:57,2.559254408,3.503557682,2.555564642
16:24:57,2.559436798,3.501957178,2.555043221
16:24:57,2.558609009,3.502353191,2.555603981
16:24:57,2.558712482,3.501628399,2.55566287
16:24:57,2.559020758,3.501649857,2.555257797
16:24:57,2.558425188,3.502298355,2.554762363
16:24:57,2.558333397,3.502935171,2.555412531
16:24:57,2.559187651,3.503288269,2.555991173
16:24:57,2.55852437,3.503150463,2.555563927
16:24:57,2.558340549,3.502513885,2.554549932
16:24:57,2.558898926,3.50203371,2.555048704
16:24:57,2.559267759,3.503165722,2.55643487
16:24:57,2.55968523,3.503298759,2.555488825
16:24:57,2.559384584,3.502399683,2.555360317
16:24:57,2.558801174,3.501769304,2.555550337
16:24:57,2.558911562,3.502999783,2.556328297
16:24:57,2.558463812,3.502870083,2.555044651
16:24:57,2.558538675,3.50224638,2.555430174
16:24:58,2.559000254,3.503001928,2.555730581
16:24:58,2.559016466,3.502424002,2.556149721
16:24:58,2.55914855,3.502128839,2.555932283
16:24:58,2.558244467,3.503355265,2.556487799
16:24:58,2.559521437,3.50371623,2.555829048
16:24:58,2.559327841,3.503144026,2.555655718
16:24:58,2.558509827,3.502920151,2.555607557
16:24:58,2.559291363,3.502456188,2.556225061
16:24:58,2.558999062,3.503103733,2.555481195
16:24:58,2.55932498,3.502937794,2.555911541
16:24:58,2.559588909,3.503866911,2.55466032
16:24:58,2.559114456,3.5011096,2.555832863
16:24:58,2.558319092,3.502244234,2.557242393
16:24:58,2.559487581,3.50236702,2.556889772
16:24:58,2.559283495,3.502751112,2.557620525
16:24:58,2.558788538,3.50306201,2.557366848
16:24:58,2.55956769,3.503188372,2.555952549
16:24:58,2.559817314,3.503833771,2.555925369
16:24:58,2.559038401,3.50229001,2.557108164
16:24:58,2.558795214,3.502487659,2.556437731
16:24:58,2.559037924,3.503298044,2.555971384
16:24:58,2.559400558,3.504120827,2.555413723
16:24:58,2.558974981,3.504007339,2.556264162
16:24:58,2.559290648,3.503925085,2.556497812
16:24:58,2.559296846,3.502768278,2.555455923
16:24:58,2.559413671,3.504364014,2.555493593
16:24:58,2.559536695,3.504516602,2.555407763
16:24:58,2.560106754,3.50347662,2.556033373
16:24:58,2.559813499,3.502793074,2.556838274
16:24:58,2.559909821,3.502752542,2.556809664
16:24:58,2.559516191,3.503438234,2.556493759
16:24:58,2.559228182,3.503563166,2.556135416
16:24:58,2.559695721,3.502590179,2.556844711
16:24:58,2.559969425,3.50319314,2.555691481
16:24:58,2.559049845,3.501839876,2.555809259
16:24:58,2.560087681,3.503492594,2.556016684
16:24:58,2.558900356,3.503478765,2.556902409
16:24:58,2.558754206,3.502815247,2.555511475
16:24:58,2.55917263,3.503111362,2.556287289
16:24:58,2.560100317,3.503139496,2.556736469
16:24:58,2.559375763,3.503000498,2.557340145
16:24:58,2.558844328,3.503135204,2.556453943
16:24:58,2.558987617,3.502566099,2.55685091
16:24:58,2.558324814,3.50275445,2.555282116
16:24:58,2.55943799,3.502975464,2.554545403
16:24:58,2.558805227,3.502965689,2.555391312
16:24:58,2.558922052,3.502608299,2.556705236
16:24:58,2.558556795,3.501816273,2.556655407
16:24:58,2.559944391,3.501598358,2.556458473
16:24:58,2.557986021,3.503538132,2.556079626
16:24:58,2.558809042,3.502933502,2.555782795
16:24:58,2.559535265,3.502291441,2.555532932
16:24:58,2.558920145,3.501582623,2.554108381
16:24:58,2.559326649,3.501754284,2.556290627
16:24:58,2.559466124,3.503538847,2.556434155
16:24:58,2.558807611,3.502434731,2.555713415
16:24:58,2.559387207,3.501361609,2.554961443
16:24:58,2.558453083,3.501522779,2.556464434
16:24:58,2.559289694,3.50164485,2.55583024
16:24:58,2.558968544,3.502575159,2.555912256
16:24:58,2.559314013,3.504034042,2.555522919
16:24:58,2.559099436,3.504496574,2.556635141
16:24:58,2.55917716,3.503871679,2.556219339
16:24:58,2.558815479,3.503829241,2.553669453
16:24:58,2.559354782,3.502178431,2.556596279
16:24:58,2.558815479,3.503018141,2.554702759
16:24:58,2.559329748,3.502732277,2.555583
16:24:58,2.559299469,3.503243208,2.555907965
16:24:58,2.558302402,3.501962423,2.555537462
16:24:58,2.559362173,3.501703262,2.555321217
16:24:58,2.558692217,3.501761198,2.554641247
16:24:58,2.558731318,3.501369476,2.555140734
16:24:58,2.558320761,3.501746655,2.556348801
16:24:58,2.559218884,3.500898123,2.55581665
16:24:58,2.558035612,3.501251221,2.55533123
16:24:58,2.558412075,3.502135515,2.555818319
16:24:58,2.559325933,3.501890659,2.555218458
16:24:58,2.55909586,3.503515959,2.556149721
16:24:58,2.558856726,3.503866196,2.556237698
16:24:58,2.559109688,3.502902985,2.55631566
16:24:58,2.559449911,3.503982544,2.556954145
16:24:58,2.559305191,3.502523184,2.555326939
16:24:58,2.559922218,3.502892733,2.557545662
16:24:58,2.559342146,3.503001213,2.556735039
16:24:58,2.559785843,3.502851963,2.556174994
16:24:58,2.559234619,3.502205133,2.557430029
16:24:58,2.558723211,3.502445698,2.554909706
16:24:58,2.559211969,3.501517296,2.555696726
16:24:58,2.559890032,3.502223969,2.556698561
16:24:58,2.559622526,3.502717257,2.556107283
16:24:58,2.558912277,3.503368616,2.555266857
16:24:58,2.559150696,3.502692461,2.556404352
16:24:58,2.559265852,3.502314091,2.556584835
16:24:58,2.559520006,3.501655817,2.556074619
16:24:58,2.559004545,3.500868797,2.555846453
16:24:58,2.55935955,3.502122879,2.556270361
16:24:58,2.558798552,3.501308203,2.55536747
16:24:58,2.557938099,3.502498865,2.555193424
16:24:58,2.558798075,3.502985239,2.556897879
16:24:58,2.558689594,3.502212286,2.556081772
16:24:58,2.559074163,3.502670288,2.556563616
16:24:58,2.559159994,3.50232935,2.554332972
16:24:58,2.55908227,3.501701355,2.555823803
16:24:58,2.559127569,3.503184557,2.556343794
16:24:58,2.558841705,3.503277302,2.556425571
16:24:58,2.558861494,3.502479315,2.555641174
16:24:58,2.5589149,3.503343582,2.555351496
16:24:58,2.559152126,3.50301671,2.554534197
16:24:58,2.559265137,3.502917051,2.554657221
16:24:58,2.559784412,3.503040791,2.555946827
16:24:58,2.559285402,3.50260973,2.556437731
16:24:58,2.559705734,3.50349617,2.556383848
16:24:58,2.559018135,3.501914024,2.556546688
16:24:58,2.558809996,3.502307653,2.556010246
16:24:58,2.55908227,3.502368927,2.555860043
16:24:58,2.558840752,3.503389359,2.555886507
16:24:59,2.559611082,3.503511429,2.556567669
16:24:59,2.559434891,3.50282979,2.557129145
16:24:59,2.558771372,3.503020763,2.556355238
16:24:59,2.559241295,3.503466845,2.556158781
16:24:59,2.55932498,3.502380133,2.555900335
16:24:59,2.55829525,3.502169132,2.556434155
16:24:59,2.557861805,3.50271821,2.555627346
16:24:59,2.559524775,3.503195047,2.556269407
16:24:59,2.558279037,3.502133608,2.55582118
16:24:59,2.558934689,3.503310442,2.555891752
16:24:59,2.559765577,3.502038717,2.555035353
16:24:59,2.558935165,3.502608299,2.555848837
16:24:59,2.558999062,3.501967669,2.555161715
16:24:59,2.558773041,3.501534462,2.555295229
16:24:59,2.558649302,3.501171112,2.554324389
16:24:59,2.558504105,3.501332283,2.556053162
16:24:59,2.559321404,3.501983404,2.556193352
16:24:59,2.559593439,3.502233028,2.557071686
16:24:59,2.55844903,3.50229001,2.555878639
16:24:59,2.558761597,3.502327204,2.555916309
16:24:59,2.558669806,3.502920151,2.556285858
16:24:59,2.558915615,3.503247976,2.553919077
16:24:59,2.558209896,3.502590179,2.554821968
16:24:59,2.558991909,3.503194332,2.556018829
16:24:59,2.559901237,3.503556967,2.556729555
16:24:59,2.559008598,3.502842426,2.555835009
16:24:59,2.559235334,3.503978968,2.555920362
16:24:59,2.558546305,3.503389359,2.557227612
16:24:59,2.557933569,3.501492739,2.555044651
16:24:59,2.558825016,3.50151372,2.555669069
16:24:59,2.559632301,3.501207113,2.55612278
16:24:59,2.559118509,3.502055168,2.555696726
16:24:59,2.558997393,3.503098965,2.555555105
16:24:59,2.558969736,3.503047466,2.554771662
16:24:59,2.55913353,3.502629757,2.555456638
16:24:59,2.558900356,3.50237155,2.556640625
16:24:59,2.559400558,3.502693176,2.555783272
16:24:59,2.559302092,3.502815723,2.555660248
16:24:59,2.559272289,3.502873182,2.555986881
16:24:59,2.558333397,3.502742767,2.555524826
16:24:59,2.559564352,3.502518177,2.554168463
16:24:59,2.557592154,3.501159906,2.555503607
16:24:59,2.558657169,3.501933813,2.556008816
16:24:59,2.558041096,3.501148939,2.555232525
16:24:59,2.558668375,3.503085375,2.557271242
16:24:59,2.5594666,3.503831148,2.556752205
16:24:59,2.559804916,3.503050566,2.555961847
16:24:59,2.559402704,3.503027916,2.556434155
16:24:59,2.559163332,3.502201319,2.555461407
16:24:59,2.558811188,3.503535032,2.554670811
16:24:59,2.559243202,3.503532171,2.556609392
16:24:59,2.559372902,3.503155947,2.556325674
16:24:59,2.560137033,3.503020048,2.557094812
16:24:59,2.559783697,3.502512455,2.556203365
16:24:59,2.559695005,3.503861666,2.555643082
16:24:59,2.559604645,3.504298925,2.556381941
16:24:59,2.558688879,3.502785921,2.556699276
16:24:59,2.559200287,3.501886845,2.556399822
16:24:59,2.558799267,3.501202345,2.555866718
16:24:59,2.559777498,3.503276587,2.556556463
16:24:59,2.559510708,3.503838778,2.556767464
16:24:59,2.559446096,3.504313946,2.555845499
16:24:59,2.559372902,3.504103184,2.555905104
16:24:59,2.559342861,3.50370121,2.555408955
16:24:59,2.560051441,3.503407001,2.555039406
16:24:59,2.560593605,3.503707886,2.556923628
16:24:59,2.560206413,3.504330635,2.557229757
16:24:59,2.560455084,3.504644632,2.55604291
16:24:59,2.559307575,3.504290342,2.557554245
16:24:59,2.559966564,3.50394392,2.555583
16:24:59,2.559393644,3.503358841,2.556046486
16:24:59,2.559559822,3.503792524,2.556230545
16:24:59,2.559233427,3.503349066,2.556280613
16:24:59,2.560303688,3.503780603,2.556329012
16:24:59,2.559971333,3.501701355,2.555472612
16:24:59,2.559611082,3.50201416,2.556778669
16:24:59,2.559732199,3.501951456,2.55616641
16:24:59,2.559312344,3.50190115,2.557766199
16:24:59,2.559000254,3.501830816,2.555594921
16:24:59,2.55823946,3.502612352,2.5572052
16:24:59,2.559090614,3.503306627,2.556282282
16:24:59,2.559076786,3.502830982,2.55543685
16:24:59,2.558386803,3.502504826,2.556026697
16:24:59,2.559995651,3.503093243,2.556554556
16:24:59,2.558735132,3.502831697,2.555495024
16:24:59,2.559233427,3.502840042,2.55593729
16:24:59,2.559035063,3.502693892,2.554973841
16:24:59,2.559787512,3.503109455,2.555455446
16:24:59,2.559421062,3.504066467,2.555674314
16:24:59,2.559287548,3.50274682,2.557440281
16:24:59,2.559184551,3.502441406,2.557145119
16:24:59,2.560348034,3.503409624,2.555910826
16:24:59,2.560377121,3.503301144,2.555693626
16:24:59,2.559570789,3.502852917,2.55571413
16:24:59,2.558747768,3.501863718,2.555605412
16:24:59,2.558893681,3.502866745,2.555116653
16:24:59,2.55939126,3.502465963,2.556358814
16:24:59,2.559851646,3.502148867,2.556298494
16:24:59,2.559814215,3.501991034,2.55623579
16:24:59,2.559239864,3.502690554,2.555147171
16:24:59,2.558683395,3.501874447,2.555393219
16:24:59,2.558842897,3.502072811,2.556395292
16:24:59,2.558858633,3.502317905,2.55536747
16:24:59,2.558405399,3.501750946,2.555114031
16:24:59,2.55826807,3.501732588,2.555208683
16:24:59,2.559620619,3.501606941,2.556304932
16:24:59,2.559588194,3.501593828,2.555837631
16:24:59,2.558856726,3.501710176,2.55460763
16:24:59,2.559286118,3.502775431,2.555128574
16:24:59,2.558991909,3.502969265,2.555596352
16:24:59,2.558202744,3.501929998,2.555574894
16:24:59,2.558014154,3.502868891,2.555313826
16:24:59,2.559068203,3.501880169,2.553621531
16:24:59,2.558185577,3.501706839,2.554819345
16:24:59,2.55889082,3.501321793,2.554967403
16:24:59,2.558405399,3.502573967,2.555715799
16:24:59,2.559437275,3.50309515,2.555754423
16:24:59,2.559634447,3.504235029,2.555522919
16:25:00,2.559042692,3.502467632,2.556619167
16:25:00,2.559461355,3.503195047,2.55656004
16:25:00,2.558838844,3.503260612,2.555709839
16:25:00,2.558435678,3.503169298,2.556000471
16:25:00,2.558602333,3.503658772,2.55562377
16:25:00,2.559243679,3.503504753,2.556256056
16:25:00,2.559955597,3.504039764,2.555729866
16:25:00,2.560599089,3.503290176,2.55545187
16:25:00,2.558629036,3.503770351,2.555188179
16:25:00,2.558833599,3.503215075,2.555812359
16:25:00,2.559466124,3.50319314,2.554884672
16:25:00,2.560321569,3.503533602,2.556389093
16:25:00,2.559845924,3.503085375,2.555846453
16:25:00,2.559262276,3.50348711,2.557133198
16:25:00,2.559303999,3.503842831,2.55677557
16:25:00,2.559238911,3.503427267,2.556188107
16:25:00,2.558610916,3.502804041,2.555585623
16:25:00,2.558843613,3.502696514,2.555020809
16:25:00,2.557794094,3.501880169,2.555765867
16:25:00,2.558942556,3.502742052,2.555498362
16:25:00,2.558648586,3.502645731,2.555567265
16:25:00,2.559097052,3.502482414,2.555425406
16:25:00,2.558664322,3.502866268,2.555805922
16:25:00,2.55834198,3.501469851,2.555613518
16:25:00,2.558393478,3.501832485,2.555184841
16:25:00,2.558677912,3.502999306,2.555983782
16:25:00,2.558798075,3.501745224,2.556426287
16:25:00,2.558605671,3.502846479,2.555787802
16:25:00,2.559013367,3.502694607,2.554787397
16:25:00,2.559212923,3.502792358,2.555799961
16:25:00,2.558615685,3.501500368,2.555585623
16:25:00,2.558624744,3.50168252,2.555289507
16:25:00,2.560189009,3.502479315,2.555985689
16:25:00,2.559931755,3.503577232,2.555933475
16:25:00,2.559551716,3.502241611,2.555384398
16:25:00,2.559684753,3.503072977,2.555814505
16:25:00,2.559522152,3.502295732,2.555734396
16:25:00,2.558677912,3.502868176,2.556344986
16:25:00,2.558735847,3.502576828,2.557164192
16:25:00,2.558953762,3.501920938,2.555710793
16:25:00,2.558924913,3.500895023,2.556364059
16:25:00,2.558709621,3.501548529,2.556325674
16:25:00,2.558934689,3.501603603,2.555618048
16:25:00,2.558423758,3.501353502,2.554498911
16:25:00,2.558649302,3.501442432,2.555094242
16:25:00,2.558242083,3.501916647,2.556216002
16:25:00,2.558546305,3.500706673,2.554879904
16:25:00,2.558204651,3.500102282,2.555346251
16:25:00,2.557723522,3.500909567,2.555738449
16:25:00,2.557808638,3.501569748,2.556025982
16:25:00,2.559197664,3.502857685,2.555732489
16:25:00,2.559643507,3.502747536,2.555372
16:25:00,2.558310747,3.502819061,2.555789948
16:25:00,2.559329271,3.503263235,2.556314468
16:25:00,2.55939579,3.503783941,2.556763649
16:25:00,2.559611797,3.504356861,2.555686235
16:25:00,2.559420347,3.504043818,2.556083679
16:25:00,2.559389353,3.504102707,2.557012796
16:25:00,2.559479713,3.504593372,2.55612278
16:25:00,2.559780359,3.504132509,2.555549145
16:25:00,2.559030771,3.503273726,2.556311846
16:25:00,2.559381247,3.504372597,2.555606365
16:25:00,2.558907032,3.502607346,2.555659771
16:25:00,2.559066057,3.502521515,2.5555439
16:25:00,2.559473991,3.502955914,2.556034088
16:25:00,2.559326649,3.503020763,2.554750919
16:25:00,2.558972836,3.503188848,2.556169033
16:25:00,2.55943799,3.503031731,2.556195259
16:25:00,2.558970451,3.502092361,2.556535959
16:25:00,2.558129311,3.501141071,2.555842161
16:25:00,2.55983901,3.502130747,2.555125237
16:25:00,2.55809617,3.499650717,2.554498196
16:25:00,2.559046268,3.501843452,2.554620743
16:25:00,2.55722928,3.500164747,2.555274963
16:25:00,2.558836222,3.501190186,2.55543232
16:25:00,2.558006525,3.500548601,2.554834366
16:25:00,2.559154034,3.501838684,2.555062532
16:25:00,2.558835745,3.501045227,2.555477142
16:25:00,2.557720423,3.501555443,2.556214571
16:25:00,2.55746007,3.501096249,2.554735184
16:25:00,2.558015585,3.502393723,2.555495977
16:25:00,2.55832696,3.502704382,2.556778193
16:25:00,2.557943106,3.50240016,2.556979656
16:25:00,2.558069229,3.50325489,2.555565834
16:25:00,2.558687687,3.502461672,2.556198835
16:25:00,2.558883667,3.50215435,2.555377245
16:25:00,2.558593035,3.50131011,2.55502677
16:25:00,2.557796001,3.502177238,2.556452036
16:25:00,2.558340073,3.502136707,2.556084394
16:25:00,2.560061216,3.503319502,2.555042267
16:25:00,2.558759689,3.502100706,2.55566287
16:25:00,2.559043646,3.502332211,2.554312468
16:25:00,2.559403181,3.502971888,2.55572176
16:25:00,2.558416605,3.501296759,2.555499554
16:25:00,2.558403969,3.501160622,2.556752205
16:25:00,2.559570789,3.503046751,2.556309223
16:25:00,2.559121609,3.502020359,2.556104898
16:25:00,2.559511423,3.502582312,2.555633783
16:25:00,2.559711695,3.502982378,2.555582285
16:25:00,2.558481455,3.503378391,2.555107355
16:25:00,2.55872941,3.503345013,2.555826426
16:25:00,2.559045076,3.502743244,2.555426836
16:25:00,2.558675051,3.501157999,2.556264162
16:25:00,2.558271885,3.501274109,2.555494308
16:25:00,2.558895826,3.501624584,2.554982424
16:25:00,2.558933973,3.502574444,2.555442333
16:25:00,2.558917046,3.501291275,2.554470778
16:25:00,2.558943987,3.501073837,2.556381941
16:25:00,2.557680607,3.500531673,2.554851055
16:25:00,2.558776617,3.502821207,2.554221153
16:25:00,2.558435202,3.50248456,2.555194855
16:25:00,2.558245659,3.501404524,2.556646347
16:25:00,2.559465408,3.503243208,2.556094408
16:25:00,2.557901382,3.501948833,2.555054665
16:25:00,2.557738781,3.501592398,2.554818392
16:25:00,2.557808161,3.500946522,2.554106951
16:25:01,2.558300972,3.501627207,2.555286884
16:25:01,2.558283329,3.501385689,2.555271387
16:25:01,2.557718277,3.501460791,2.556343794
16:25:01,2.558830976,3.502755404,2.555946827
16:25:01,2.558967829,3.503038883,2.553761005
16:25:01,2.557397127,3.502785206,2.555184364
16:25:01,2.559137583,3.503157854,2.554452896
16:25:01,2.558118105,3.503211975,2.554255247
16:25:01,2.558451176,3.503168821,2.555791378
16:25:01,2.559089899,3.503553867,2.555339098
16:25:01,2.558648586,3.503438234,2.555908442
16:25:01,2.558521271,3.501597881,2.554937601
16:25:01,2.559405565,3.50262785,2.556391001
16:25:01,2.559561014,3.503402948,2.555835724
16:25:01,2.559189081,3.501986504,2.555788517
16:25:01,2.558766127,3.501898527,2.556497812
16:25:01,2.559029102,3.502447128,2.55592227
16:25:01,2.55977273,3.501149416,2.556280613
16:25:01,2.559635162,3.503043175,2.555633307
16:25:01,2.558920622,3.500807047,2.554549932
16:25:01,2.558504581,3.502323151,2.557564974
16:25:01,2.559896708,3.503192425,2.557223797
16:25:01,2.559373856,3.502861738,2.557076454
16:25:01,2.559890509,3.504066467,2.556269407
16:25:01,2.559165478,3.503189564,2.55664587
16:25:01,2.558791399,3.503461838,2.555789948
16:25:01,2.559725523,3.504338741,2.557082415
16:25:01,2.560090303,3.503913641,2.556858063
16:25:01,2.560031652,3.504550695,2.55652833
16:25:01,2.559826136,3.50406003,2.55602026
16:25:01,2.55939579,3.505213737,2.557057858
16:25:01,2.559183121,3.502905369,2.556700706
16:25:01,2.559038401,3.503000498,2.55595994
16:25:01,2.559239864,3.501538277,2.556598186
16:25:01,2.558744907,3.501860619,2.556130648
16:25:01,2.558895826,3.50155592,2.55599165
16:25:01,2.558917761,3.502346039,2.555119276
16:25:01,2.558351278,3.502249718,2.556670904
16:25:01,2.559315205,3.502143383,2.556022167
16:25:01,2.559220076,3.503669262,2.555116653
16:25:01,2.558573246,3.503325462,2.557508945
16:25:01,2.558951139,3.503569365,2.557026148
16:25:01,2.559007406,3.501480341,2.556133747
16:25:01,2.559179068,3.502266645,2.557166815
16:25:01,2.559384584,3.502389908,2.555807352
16:25:01,2.559247255,3.502019167,2.55616045
16:25:01,2.558202744,3.501574993,2.554770947
16:25:01,2.558351994,3.503331423,2.557038546
16:25:01,2.559260368,3.502871513,2.555960655
16:25:01,2.558926105,3.502062321,2.557073593
16:25:01,2.559214354,3.50240159,2.556709766
16:25:01,2.559516191,3.503181934,2.55569458
16:25:01,2.560069799,3.503504753,2.556036711
16:25:01,2.559546709,3.503500223,2.555915594
16:25:01,2.559041023,3.502954721,2.55636549
16:25:01,2.55841279,3.502283573,2.555919886
16:25:01,2.559432983,3.503500223,2.555829525
16:25:01,2.55865097,3.503633261,2.556468725
16:25:01,2.559199572,3.503500938,2.555924177
16:25:01,2.558992863,3.504378557,2.555499554
16:25:01,2.559082747,3.503935575,2.556420803
16:25:01,2.558905125,3.50521636,2.5560956
16:25:01,2.55931592,3.503591061,2.556675673
16:25:01,2.558521271,3.502561569,2.555681705
16:25:01,2.5588727,3.503112078,2.555429697
16:25:01,2.557905436,3.501589298,2.55688858
16:25:01,2.558567762,3.503233433,2.556380749
16:25:01,2.558876038,3.504419088,2.555880547
16:25:01,2.558799267,3.503528357,2.556298494
16:25:01,2.559091806,3.503437519,2.55584836
16:25:01,2.558460951,3.502276421,2.555266857
16:25:01,2.558754206,3.50212574,2.556119919
16:25:01,2.559259653,3.501755714,2.556858778
16:25:01,2.558986902,3.502438545,2.555729866
16:25:01,2.559045076,3.502115965,2.55457592
16:25:01,2.558720589,3.5016644,2.555385351
16:25:01,2.55954051,3.502598047,2.555636406
16:25:01,2.559238911,3.501571655,2.556082249
16:25:01,2.558979034,3.50205636,2.556361437
16:25:01,2.557953358,3.502526045,2.556566477
16:25:01,2.558317661,3.50180006,2.556158781
16:25:01,2.558289766,3.50216341,2.555160284
16:25:01,2.558232307,3.502146006,2.55593276
16:25:01,2.558001041,3.502449989,2.555958748
16:25:01,2.559647799,3.503109455,2.556053162
16:25:01,2.558895111,3.502914906,2.556227207
16:25:01,2.559260368,3.504004002,2.555665016
16:25:01,2.558963776,3.503927708,2.556157112
16:25:01,2.560395241,3.50270915,2.554964066
16:25:01,2.559397221,3.50238204,2.555300713
16:25:01,2.559189081,3.502746105,2.556415558
16:25:01,2.558926105,3.50323987,2.556911707
16:25:01,2.559306622,3.502891541,2.556009531
16:25:01,2.559054852,3.502090216,2.557686806
16:25:01,2.55908227,3.501925707,2.555130005
16:25:01,2.559691429,3.501754284,2.555921555
16:25:01,2.558869839,3.501611233,2.556793928
16:25:01,2.55899024,3.501221657,2.557307005
16:25:01,2.558130741,3.500457764,2.555407047
16:25:01,2.558692694,3.502708197,2.554592371
16:25:01,2.558523178,3.50213623,2.556043386
16:25:01,2.558418512,3.502127647,2.555812359
16:25:01,2.558476925,3.500309229,2.557014942
16:25:01,2.559493065,3.501299143,2.556781292
16:25:01,2.558335304,3.501374006,2.555849314
16:25:01,2.559500217,3.503298759,2.55475831
16:25:01,2.55848074,3.50330925,2.555631876
16:25:01,2.559375763,3.50312829,2.555253506
16:25:01,2.558734417,3.502954721,2.555372
16:25:01,2.558961153,3.502766371,2.554980755
16:25:01,2.558389187,3.50252223,2.555777311
16:25:01,2.559586763,3.502610922,2.557221174
16:25:01,2.558926105,3.502075911,2.55663991
16:25:01,2.559412479,3.503339291,2.556417704
16:25:01,2.559898853,3.503138781,2.555586815
16:25:01,2.559508801,3.503973961,2.554875612
16:25:01,2.559468508,3.502866268,2.555217981
16:25:01,2.55906415,3.503165007,2.555666208
16:25:01,2.559465408,3.503617764,2.556025505
16:25:02,2.559792995,3.503572941,2.556531906
16:25:02,2.559505701,3.502802849,2.555515051
16:25:02,2.559805632,3.503743649,2.55710268
16:25:02,2.560293674,3.503067017,2.556479692
16:25:02,2.559656143,3.503572226,2.557510853
16:25:02,2.559435368,3.503568649,2.557064533
16:25:02,2.558808327,3.502941847,2.556838989
16:25:02,2.558763742,3.502532959,2.556243658
16:25:02,2.55939126,3.502981663,2.556078911
16:25:02,2.559684753,3.503819466,2.55571723
16:25:02,2.559274912,3.503275394,2.557478428
16:25:02,2.558814526,3.502427578,2.554889917
16:25:02,2.558464766,3.501343727,2.554385424
16:25:02,2.558770895,3.502304316,2.55567503
16:25:02,2.558978319,3.502105236,2.555850029
16:25:02,2.560054541,3.503411531,2.556286573
16:25:02,2.559438705,3.502760887,2.555977106
16:25:02,2.559323072,3.502735615,2.554596901
16:25:02,2.559241772,3.502738953,2.556947947
16:25:02,2.559083462,3.502761602,2.556745768
16:25:02,2.560120106,3.503783941,2.556143284
16:25:02,2.559798241,3.505339622,2.556876421
16:25:02,2.559834003,3.50427413,2.557545662
16:25:02,2.558755636,3.503345013,2.557180882
16:25:02,2.559264421,3.504313946,2.557528019
16:25:02,2.559644938,3.503742218,2.556846142
16:25:02,2.559441566,3.503423214,2.556170702
16:25:02,2.55897975,3.503792524,2.556950569
16:25:02,2.560364485,3.503612518,2.554546118
16:25:02,2.559355497,3.503096819,2.555676222
16:25:02,2.559014559,3.50251317,2.556222439
16:25:02,2.559481621,3.50323081,2.555670261
16:25:02,2.558309078,3.501415014,2.555174351
16:25:02,2.557727814,3.500368357,2.5553298
16:25:02,2.558298349,3.501758814,2.554610014
16:25:02,2.557659388,3.501305342,2.55569005
16:25:02,2.558117151,3.500273228,2.555329084
16:25:02,2.559037209,3.50082922,2.556282282
16:25:02,2.559031248,3.502271414,2.556949377
16:25:02,2.5590868,3.502922297,2.5557127
16:25:02,2.558754206,3.503980637,2.555902958
16:25:02,2.559114456,3.505024195,2.555895329
16:25:02,2.557909966,3.503304005,2.555341959
16:25:02,2.557956219,3.502815247,2.555726528
16:25:02,2.558209896,3.50248313,2.554956198
16:25:02,2.557463169,3.501167774,2.554789543
16:25:02,2.559406996,3.501943588,2.55619216
16:25:02,2.558809042,3.503180981,2.554959297
16:25:02,2.558441877,3.502459049,2.556383848
16:25:02,2.559003353,3.502854824,2.554638147
16:25:02,2.55779171,3.502210379,2.556016684
16:25:02,2.559660435,3.502869368,2.555047512
16:25:02,2.559375763,3.503245115,2.55571413
16:25:02,2.559500933,3.502355099,2.555692911
16:25:02,2.557667494,3.501962423,2.554444075
16:25:02,2.558366537,3.501327753,2.554707289
16:25:02,2.558391094,3.501176834,2.555035353
16:25:02,2.557916641,3.500003815,2.555025339
16:25:02,2.557677507,3.50031352,2.554533482
16:25:02,2.558299065,3.499907255,2.554913044
16:25:02,2.558603048,3.50069952,2.555167437
16:25:02,2.55841136,3.501006603,2.555162907
16:25:02,2.558571339,3.501231432,2.553895235
16:25:02,2.558371782,3.50167799,2.554309368
16:25:02,2.558474779,3.501975298,2.556317568
16:25:02,2.559190989,3.50180769,2.555576563
16:25:02,2.559633493,3.502780676,2.555197954
16:25:02,2.558226585,3.502297878,2.555266142
16:25:02,2.557621241,3.501503944,2.555020809
16:25:02,2.559146643,3.502670765,2.555561781
16:25:02,2.559163332,3.503394365,2.555621386
16:25:02,2.558338165,3.503452063,2.555829525
16:25:02,2.559132338,3.50260663,2.555837631
16:25:02,2.558652639,3.50189662,2.55631566
16:25:02,2.55911684,3.500487089,2.553772688
16:25:02,2.5580163,3.50030303,2.553263664
16:25:02,2.556968927,3.500838995,2.55362606
16:25:02,2.558057308,3.502612352,2.556007624
16:25:02,2.558512449,3.503243208,2.556374788
16:25:02,2.559592724,3.502579689,2.555257797
16:25:02,2.558087111,3.50240016,2.554815769
16:25:02,2.55951786,3.503783226,2.55541563
16:25:02,2.559049845,3.504448414,2.556053162
16:25:02,2.559074879,3.502155066,2.555941582
16:25:02,2.558681488,3.502612829,2.554656506
16:25:02,2.557595491,3.502440214,2.556102037
16:25:02,2.558704138,3.501430035,2.555356741
16:25:02,2.558409452,3.501384974,2.555651188
16:25:02,2.557853937,3.502241611,2.554706573
16:25:02,2.559288263,3.501777887,2.555114985
16:25:02,2.559745789,3.501471043,2.554920912
16:25:02,2.558672428,3.501246214,2.555633307
16:25:02,2.559242487,3.500469685,2.55520606
16:25:02,2.558204651,3.501063347,2.556057692
16:25:02,2.5584867,3.502793074,2.556272268
16:25:02,2.558747768,3.502250195,2.554052591
16:25:02,2.557050943,3.501500368,2.55557704
16:25:02,2.557759523,3.502548218,2.555307388
16:25:02,2.559108973,3.502021074,2.554646492
16:25:02,2.558795691,3.502567768,2.555045843
16:25:02,2.559711695,3.502680779,2.556195259
16:25:02,2.559238911,3.501381636,2.554530859
16:25:02,2.558999538,3.502555609,2.554598331
16:25:02,2.558061838,3.501369953,2.554302454
16:25:02,2.557406664,3.50096941,2.556360722
16:25:02,2.558093548,3.50061655,2.556229115
16:25:02,2.558784723,3.501375198,2.555777311
16:25:02,2.558414698,3.501874924,2.556086779
16:25:02,2.557990313,3.50191164,2.554997921
16:25:02,2.559390068,3.503315687,2.55596137
16:25:02,2.557795525,3.502604485,2.556382656
16:25:02,2.557669878,3.502651215,2.555423021
16:25:02,2.556933403,3.500406265,2.553763628
16:25:02,2.557703257,3.501260996,2.555351019
16:25:02,2.557070732,3.500675201,2.553390503
16:25:02,2.55783391,3.500891209,2.552820444
16:25:03,2.557178497,3.500473738,2.555756807
16:25:03,2.557617426,3.501144886,2.553256989
16:25:03,2.557004929,3.499538183,2.555100918
16:25:03,2.55688262,3.498656511,2.552913189
16:25:03,2.556759834,3.500002623,2.55516696
16:25:03,2.557020426,3.500314236,2.553403854
16:25:03,2.556335449,3.500036478,2.554602146
16:25:03,2.557780504,3.500908613,2.554684877
16:25:03,2.557169914,3.500679255,2.555007696
16:25:03,2.557166576,3.500602007,2.554215908
16:25:03,2.555651665,3.500192165,2.553480864
16:25:03,2.555990696,3.500560284,2.553252697
16:25:03,2.556087017,3.500774384,2.553111553
16:25:03,2.555892229,3.499774694,2.553039551
16:25:03,2.557660103,3.500936031,2.553752422
16:25:03,2.55717063,3.499310255,2.553269625
16:25:03,2.556845427,3.500720263,2.55295229
16:25:03,2.55685544,3.500029325,2.554653883
16:25:03,2.556889057,3.500105619,2.553483248
16:25:03,2.557444811,3.498899221,2.554048777
16:25:03,2.555748701,3.49856782,2.55323267
16:25:03,2.55617547,3.497537613,2.551889658
16:25:03,2.55477643,3.498469114,2.552923203
16:25:03,2.557142973,3.49976182,2.554699421
16:25:03,2.556963682,3.500340462,2.55469346
16:25:03,2.557100773,3.500128508,2.555278778
16:25:03,2.557691097,3.500460386,2.554377556
16:25:03,2.557672024,3.501071215,2.555213451
16:25:03,2.557436705,3.499194145,2.554052591
16:25:03,2.557380438,3.49856329,2.554787397
16:25:03,2.55696249,3.498358965,2.554261684
16:25:03,2.558082581,3.499331713,2.554447412
16:25:03,2.556777477,3.49848938,2.553400517
16:25:03,2.555771112,3.497722864,2.55151248
16:25:03,2.555263519,3.497267962,2.552156687
16:25:03,2.556207895,3.496482372,2.553769827
16:25:03,2.556467533,3.49847436,2.554368258
16:25:03,2.556966543,3.497919798,2.553127527
16:25:03,2.557751894,3.500641823,2.552908659
16:25:03,2.557237864,3.500826597,2.55306983
16:25:03,2.556508064,3.500290394,2.552639961
16:25:03,2.557460785,3.501991749,2.554027081
16:25:03,2.557212353,3.500949144,2.554593086
16:25:03,2.557949543,3.50037694,2.55475688
16:25:03,2.557565928,3.499841928,2.55437398
16:25:03,2.557611942,3.502067327,2.552841663
16:25:03,2.558259964,3.501612663,2.554403782
16:25:03,2.558381081,3.501970291,2.553468704
16:25:03,2.558147669,3.501482964,2.554970503
16:25:03,2.557989359,3.500021458,2.555437326
16:25:03,2.558053732,3.500411034,2.554108381
16:25:03,2.557335854,3.499456882,2.553790092
16:25:03,2.557413101,3.499987364,2.552942276
16:25:03,2.557047844,3.500801802,2.554002523
16:25:03,2.557011366,3.501747131,2.553590536
16:25:03,2.557458639,3.500346899,2.554413795
16:25:03,2.557862997,3.501884222,2.553878546
16:25:03,2.557771444,3.500585318,2.554517508
16:25:03,2.55699873,3.500121832,2.553229332
16:25:03,2.557379484,3.500109434,2.553385258
16:25:03,2.556287289,3.499490261,2.553700924
16:25:03,2.556881905,3.499826908,2.553269625
16:25:03,2.556299686,3.500437737,2.554540634
16:25:03,2.557115555,3.500705242,2.554806471
16:25:03,2.55755043,3.500802994,2.55432868
16:25:03,2.557981968,3.500532389,2.555139303
16:25:03,2.556884766,3.499181032,2.553278208
16:25:03,2.555692434,3.500728607,2.554359674
16:25:03,2.557707071,3.501003504,2.555745602
16:25:03,2.556947947,3.500859737,2.553683043
16:25:03,2.557132721,3.500799179,2.553296089
16:25:03,2.556298494,3.49978137,2.551952839
16:25:03,2.556285143,3.499188185,2.555862665
16:25:03,2.557062149,3.499773264,2.555580854
16:25:03,2.558359385,3.50121212,2.555804729
16:25:03,2.556911707,3.500358105,2.555087566
16:25:03,2.557938814,3.500267982,2.554760456
16:25:03,2.558171034,3.501933813,2.555900335
16:25:03,2.557970047,3.502170563,2.556052685
16:25:03,2.559041023,3.502051353,2.555820227
16:25:03,2.557786942,3.502006054,2.555243731
16:25:03,2.558663607,3.502400875,2.555655718
16:25:03,2.558111668,3.501456261,2.557221889
16:25:03,2.559285402,3.501270294,2.557177544
16:25:03,2.558809996,3.502273083,2.555358648
16:25:03,2.558694124,3.502341747,2.554773569
16:25:03,2.558680534,3.502894878,2.554480553
16:25:03,2.558036327,3.500938892,2.555068493
16:25:03,2.558554888,3.501016378,2.556216002
16:25:03,2.558218479,3.500739813,2.555876732
16:25:03,2.557286263,3.50087595,2.554784298
16:25:03,2.559147358,3.501002073,2.553976536
16:25:03,2.558481932,3.502019882,2.555160284
16:25:03,2.558571339,3.502219677,2.555897951
16:25:03,2.558989048,3.502338409,2.556148529
16:25:03,2.558731318,3.50318265,2.555440187
16:25:03,2.557398558,3.501468658,2.555118561
16:25:03,2.558077097,3.500411034,2.555715799
16:25:03,2.559449911,3.502352476,2.556408167
16:25:03,2.558875322,3.503489256,2.555029631
16:25:03,2.558734417,3.502543211,2.555688858
16:25:03,2.559336424,3.503315687,2.556311131
16:25:03,2.558317661,3.502965212,2.555065155
16:25:03,2.557800293,3.502505541,2.554387331
16:25:03,2.557729721,3.502164125,2.553669453
16:25:03,2.558768749,3.502424955,2.556517601
16:25:03,2.558363914,3.501516819,2.554401875
16:25:03,2.559311867,3.502252579,2.555096865
16:25:03,2.559144974,3.503066301,2.555307865
16:25:03,2.558573961,3.500885248,2.554315329
16:25:03,2.5581882,3.502151489,2.556963205
16:25:03,2.559894085,3.502771378,2.55506134
16:25:03,2.55851841,3.502734184,2.555430174
16:25:03,2.557958126,3.501914024,2.555230379
16:25:03,2.558530331,3.501702785,2.557020187
16:25:04,2.558656454,3.499966621,2.556067705
16:25:04,2.558564901,3.500593662,2.556317091
16:25:04,2.558355808,3.501052856,2.555716753
16:25:04,2.558401108,3.500776291,2.554632664
16:25:04,2.55841136,3.501986027,2.55536294
16:25:04,2.558566809,3.501792669,2.555424452
16:25:04,2.558122635,3.503176212,2.555312395
16:25:04,2.558432817,3.502537251,2.55566287
16:25:04,2.559078693,3.50205636,2.554536104
16:25:04,2.558105469,3.501699686,2.55472064
16:25:04,2.557654858,3.502250671,2.555590868
16:25:04,2.557679892,3.503027201,2.556788206
16:25:04,2.558773041,3.502622604,2.557166815
16:25:04,2.558801174,3.501522779,2.556292057
16:25:04,2.559269905,3.502719402,2.555514336
16:25:04,2.558414698,3.500874758,2.554919004
16:25:04,2.558196545,3.502908468,2.554470778
16:25:04,2.558267355,3.500951767,2.555303097
16:25:04,2.55883503,3.500126362,2.555271387
16:25:04,2.55830431,3.500644445,2.556028605
16:25:04,2.558009624,3.500445604,2.555181503
16:25:04,2.55849719,3.50080061,2.555665016
16:25:04,2.55820322,3.500154495,2.556002378
16:25:04,2.559032917,3.50167942,2.554872036
16:25:04,2.558449745,3.501766205,2.555692434
16:25:04,2.559378624,3.502976179,2.555115461
16:25:04,2.558856249,3.502490997,2.555717945
16:25:04,2.559163332,3.503397942,2.555801153
16:25:04,2.558121443,3.500447989,2.554885387
16:25:04,2.558005095,3.500528097,2.555033207
16:25:04,2.558077097,3.501115084,2.55585146
16:25:04,2.557692528,3.501830816,2.555624723
16:25:04,2.558754921,3.50323081,2.556326389
16:25:04,2.558554888,3.501686335,2.555117369
16:25:04,2.558499813,3.502779484,2.555871964
16:25:04,2.559331656,3.502302885,2.554061651
16:25:04,2.556758404,3.499937296,2.553473949
16:25:04,2.556440592,3.500335217,2.554114819
16:25:04,2.556993008,3.501825333,2.55320096
16:25:04,2.557142496,3.500026703,2.554116726
16:25:04,2.556488276,3.499697924,2.553685665
16:25:04,2.556394339,3.498304367,2.553459406
16:25:04,2.555972815,3.498738766,2.552591085
16:25:04,2.55667901,3.498247385,2.554520369
16:25:04,2.557677507,3.501203537,2.555475235
16:25:04,2.557774305,3.499753714,2.555302382
16:25:04,2.559106588,3.501082897,2.556050062
16:25:04,2.558499098,3.501429558,2.55569005
16:25:04,2.55858779,3.501559973,2.555586338
16:25:04,2.559914589,3.502650738,2.556058407
16:25:04,2.559110403,3.502979755,2.555561781
16:25:04,2.559395313,3.503399134,2.555056572
16:25:04,2.559106588,3.502518892,2.554724455
16:25:04,2.55971694,3.502209902,2.555395126
16:25:04,2.559625864,3.501840591,2.555157661
16:25:04,2.558769464,3.501742363,2.555318594
16:25:04,2.557937145,3.501594305,2.555115938
16:25:04,2.558113337,3.501771927,2.556465149
16:25:04,2.558660746,3.503252983,2.55585742
16:25:04,2.558191299,3.502748728,2.554826975
16:25:04,2.559700489,3.502414465,2.556629896
16:25:04,2.559405565,3.501288414,2.557320118
16:25:04,2.558496714,3.501816273,2.556044817
16:25:04,2.559450626,3.502737045,2.55636549
16:25:04,2.558339596,3.503998756,2.555298805
16:25:04,2.558556795,3.503269434,2.55606842
16:25:04,2.559106588,3.504061937,2.554781437
16:25:04,2.559044361,3.502621412,2.556078911
16:25:04,2.559397221,3.504044771,2.556010246
16:25:04,2.559728146,3.504903555,2.55720973
16:25:04,2.559468508,3.504087925,2.556224346
16:25:04,2.559906006,3.50463438,2.55664444
16:25:04,2.559415579,3.503936052,2.555386543
16:25:04,2.559211969,3.503572941,2.556811094
16:25:04,2.558825016,3.502133608,2.556262016
16:25:04,2.558657169,3.502097607,2.555548668
16:25:04,2.559012651,3.502062321,2.555893183
16:25:04,2.559426069,3.502678871,2.555047512
16:25:04,2.559238911,3.502652884,2.555799246
16:25:04,2.559158087,3.502906561,2.555758238
16:25:04,2.55932498,3.501986504,2.555452824
16:25:04,2.558206558,3.49894619,2.554083109
16:25:04,2.558388472,3.499078035,2.553681612
16:25:04,2.557551861,3.4991467,2.554541349
16:25:04,2.556689501,3.500279903,2.553988457
16:25:04,2.557937145,3.500826597,2.554481983
16:25:04,2.558012962,3.501576185,2.554774046
16:25:04,2.557789564,3.500344038,2.556047678
16:25:04,2.55662632,3.498154163,2.554103374
16:25:04,2.557164431,3.498766899,2.554282188
16:25:04,2.557068348,3.499403,2.554550648
16:25:04,2.558351278,3.501160622,2.554207325
16:25:04,2.557916164,3.500802517,2.5534482
16:25:04,2.557383299,3.50083828,2.554760456
16:25:04,2.559326649,3.49990797,2.55352354
16:25:04,2.557854652,3.501672745,2.555362225
16:25:04,2.558036804,3.500795126,2.555357456
16:25:04,2.558274508,3.500356674,2.553158522
16:25:04,2.557864428,3.500942707,2.553565979
16:25:04,2.557073593,3.500148773,2.554188251
16:25:04,2.557672739,3.500681639,2.555027962
16:25:04,2.558130741,3.500948668,2.555841684
16:25:04,2.556667089,3.49853301,2.555042267
16:25:04,2.556838751,3.499831438,2.554177046
16:25:04,2.557345629,3.500494003,2.555073261
16:25:04,2.55841279,3.502400875,2.556298494
16:25:04,2.558988333,3.503069639,2.556099415
16:25:04,2.56033659,3.502588749,2.554567337
16:25:04,2.559039116,3.502651215,2.556161642
16:25:04,2.558908224,3.502196074,2.556344986
16:25:04,2.559204817,3.502489567,2.557598114
16:25:04,2.559752703,3.50399375,2.55702734
16:25:04,2.558501959,3.503746986,2.556711912
16:25:04,2.559441566,3.504585505,2.555733919
16:25:04,2.558739185,3.50463891,2.555786848
16:25:04,2.558834314,3.503945827,2.556190729
16:25:04,2.558857918,3.503072977,2.555295944
16:25:04,2.559480429,3.503284454,2.55517745
16:25:04,2.55954051,3.504323721,2.555413723
16:25:05,2.558397532,3.50381875,2.556089401
16:25:05,2.558908224,3.505160809,2.555021524
16:25:05,2.558992863,3.503526926,2.555626631
16:25:05,2.559301376,3.50321579,2.556656837
16:25:05,2.558858633,3.500845432,2.55649972
16:25:05,2.558885336,3.501283169,2.557191372
16:25:05,2.558824539,3.502782345,2.556149006
16:25:05,2.559379339,3.502575874,2.554576635
16:25:05,2.55773735,3.500826597,2.55483675
16:25:05,2.558025599,3.50154686,2.556245804
16:25:05,2.558349371,3.499732018,2.555238008
16:25:05,2.558499813,3.500607491,2.555351496
16:25:05,2.558400154,3.500314236,2.554299355
16:25:05,2.558008432,3.501952171,2.555006981
16:25:05,2.558302402,3.50296092,2.555313826
16:25:05,2.557792425,3.502734184,2.555225372
16:25:05,2.558849335,3.502079248,2.555651188
16:25:05,2.558256388,3.502203703,2.555692911
16:25:05,2.558664322,3.500865698,2.555016994
16:25:05,2.558029652,3.50105691,2.556123495
16:25:05,2.558523178,3.502394438,2.555774927
16:25:05,2.559719563,3.502382755,2.555278063
16:25:05,2.559094191,3.501718521,2.555260658
16:25:05,2.558655977,3.501756907,2.555967808
16:25:05,2.558555603,3.501287222,2.557004213
16:25:05,2.557844639,3.500320911,2.555758715
16:25:05,2.558353186,3.502051353,2.555381298
16:25:05,2.557970524,3.502857685,2.555146456
16:25:05,2.558773041,3.50378561,2.555084944
16:25:05,2.558542967,3.503381729,2.555044651
16:25:05,2.559045076,3.503269434,2.555456638
16:25:05,2.559001923,3.502317429,2.556306362
16:25:05,2.559945583,3.500729322,2.556260347
16:25:05,2.558879852,3.501685858,2.55688858
16:25:05,2.558209896,3.501744509,2.55578208
16:25:05,2.558207273,3.503035784,2.554900408
16:25:05,2.55812335,3.502843857,2.555649281
16:25:05,2.558152437,3.50237751,2.555072546
16:25:05,2.558643341,3.501701355,2.554442167
16:25:05,2.558217525,3.500344038,2.554631233
16:25:05,2.557996988,3.501433372,2.555954456
16:25:05,2.557533503,3.501865387,2.555871248
16:25:05,2.557849169,3.500899792,2.555570364
16:25:05,2.558638096,3.500160456,2.55545187
16:25:05,2.558546305,3.500552416,2.554355621
16:25:05,2.557925224,3.500572681,2.553822994
16:25:05,2.55819726,3.501219511,2.554267645
16:25:05,2.556994915,3.499110222,2.553514957
16:25:05,2.556939125,3.500994444,2.556527376
16:25:05,2.558825731,3.501922846,2.558233023
16:25:05,2.559229136,3.501761198,2.555848837
16:25:05,2.559206486,3.501188755,2.554440975
16:25:05,2.55866909,3.500357389,2.555238008
16:25:05,2.557796955,3.502062321,2.555878639
16:25:05,2.559082747,3.502274275,2.554152727
16:25:05,2.558435202,3.50219655,2.555900335
16:25:05,2.559173822,3.502695799,2.555932283
16:25:05,2.558478832,3.502147913,2.554891825
16:25:05,2.558156252,3.501823902,2.555238962
16:25:05,2.557668924,3.501692295,2.555801153
16:25:05,2.558223724,3.502049923,2.554365635
16:25:05,2.558072805,3.503619671,2.555153847
16:25:05,2.55804348,3.503154039,2.55322361
16:25:05,2.556919336,3.502646446,2.555457115
16:25:05,2.558801889,3.502235174,2.556938648
16:25:05,2.558586597,3.501457453,2.554575205
16:25:05,2.557641029,3.502084494,2.555844069
16:25:05,2.558466911,3.50177002,2.556146383
16:25:05,2.558031321,3.502407312,2.556529522
16:25:05,2.558780909,3.503124475,2.556113482
16:25:05,2.558938742,3.502678871,2.55668807
16:25:05,2.558661699,3.501028061,2.556137323
16:25:05,2.559008598,3.501884699,2.556500196
16:25:05,2.55905962,3.501386881,2.555369377
16:25:05,2.558794022,3.502323866,2.554752588
16:25:05,2.559572935,3.502590179,2.555954456
16:25:05,2.559285402,3.503241777,2.556725264
16:25:05,2.559262276,3.502936602,2.554927111
16:25:05,2.558197737,3.501979351,2.554769516
16:25:05,2.55873704,3.501024961,2.554284096
16:25:05,2.55779767,3.50023675,2.555859327
16:25:05,2.55893755,3.501818419,2.555752277
16:25:05,2.558229685,3.503024101,2.5564394
16:25:05,2.559422493,3.503352642,2.555613995
16:25:05,2.559787035,3.502164125,2.555883408
16:25:05,2.558856726,3.502273083,2.555844069
16:25:05,2.558347464,3.503135681,2.555672407
16:25:05,2.559218884,3.504086733,2.555004358
16:25:05,2.558672428,3.503532887,2.555207014
16:25:05,2.559402704,3.503170013,2.556027889
16:25:05,2.558455467,3.502278805,2.555325031
16:25:05,2.559634447,3.502990723,2.55536747
16:25:05,2.558945179,3.50242424,2.554515123
16:25:05,2.558957338,3.502103329,2.555907965
16:25:05,2.558751583,3.503101587,2.555728436
16:25:05,2.558906317,3.502079964,2.555515766
16:25:05,2.558996201,3.501754999,2.55589366
16:25:05,2.558904409,3.501744509,2.555669785
16:25:05,2.561303616,3.504603624,2.556598186
16:25:05,2.55969429,3.504523516,2.557258129
16:25:05,2.559672594,3.502373219,2.556324244
16:25:05,2.560492039,3.504955292,2.556616545
16:25:05,2.559161901,3.50228548,2.556667566
16:25:05,2.558931351,3.500943422,2.556058407
16:25:05,2.559047699,3.501369953,2.556819201
16:25:05,2.559039116,3.500887871,2.555040836
16:25:05,2.55728364,3.499332666,2.554961443
16:25:05,2.559079409,3.501055002,2.556084871
16:25:05,2.559709072,3.503188848,2.555613518
16:25:05,2.559299469,3.503085375,2.554066658
16:25:05,2.559020758,3.503232718,2.55583024
16:25:05,2.558437824,3.501959324,2.556895733
16:25:05,2.55936861,3.503084183,2.555602074
16:25:05,2.559882879,3.503040314,2.556420326
16:25:05,2.559153318,3.503934145,2.557258129
16:25:05,2.558920622,3.503807068,2.555347443
16:25:05,2.559071541,3.503272533,2.555280685
16:25:05,2.560201883,3.504496574,2.557383299
16:25:05,2.559128761,3.504170179,2.554866076
16:25:06,2.558371305,3.503922939,2.554768085
16:25:06,2.558782101,3.504530668,2.555856228
16:25:06,2.560260773,3.504865885,2.555380821
16:25:06,2.559643507,3.503925085,2.556098223
16:25:06,2.559341192,3.502198935,2.55581522
16:25:06,2.559185743,3.502892256,2.556959867
16:25:06,2.559968233,3.503727436,2.556218624
16:25:06,2.5591712,3.501656532,2.556136131
16:25:06,2.558994055,3.503013611,2.556292772
16:25:06,2.558920622,3.502891541,2.556656122
16:25:06,2.558393955,3.503029108,2.555241108
16:25:06,2.558933973,3.502462387,2.556586981
16:25:06,2.559043646,3.500573874,2.556053162
16:25:06,2.55876112,3.501540422,2.555651903
16:25:06,2.558047295,3.500933647,2.557640553
16:25:06,2.558803082,3.501550913,2.557084799
16:25:06,2.558853388,3.500022173,2.555141926
16:25:06,2.55818224,3.500121832,2.555134058
16:25:06,2.557996511,3.502062321,2.555349588
16:25:06,2.558522463,3.502291441,2.555105448
16:25:06,2.558243752,3.500991583,2.55594945
16:25:06,2.559062481,3.503177404,2.554664373
16:25:06,2.558384895,3.503367901,2.555455446
16:25:06,2.559332371,3.50439167,2.556749582
16:25:06,2.559212923,3.503493071,2.555343628
16:25:06,2.558865309,3.500983238,2.555288792
16:25:06,2.558730602,3.499575138,2.556200027
16:25:06,2.558732986,3.500709772,2.556127787
16:25:06,2.558211088,3.501578093,2.555626154
16:25:06,2.558777332,3.502102613,2.555358648
16:25:06,2.557198524,3.501989841,2.555801153
16:25:06,2.558863401,3.501767397,2.553869486
16:25:06,2.558523178,3.501342058,2.556791067
16:25:06,2.559168577,3.502775431,2.556204081
16:25:06,2.55957365,3.504350662,2.556204081
16:25:06,2.558829069,3.503291368,2.555934906
16:25:06,2.558910131,3.502647638,2.555225372
16:25:06,2.559220791,3.502413511,2.555755138
16:25:06,2.559533119,3.502235174,2.555952072
16:25:06,2.558973789,3.503180504,2.555960655
16:25:06,2.557547808,3.50155282,2.554949522
16:25:06,2.55923152,3.503268719,2.556682348
16:25:06,2.558902264,3.504085779,2.554708958
16:25:06,2.56054163,3.505237103,2.556085825
16:25:06,2.559128761,3.504495144,2.556652546
16:25:06,2.559324503,3.502935171,2.556714058
16:25:06,2.558854342,3.501741171,2.556008339
16:25:06,2.559478521,3.502656221,2.556405306
16:25:06,2.559071541,3.50220871,2.556348085
16:25:06,2.558351278,3.50266099,2.554209232
16:25:06,2.558227062,3.501746655,2.554600239
16:25:06,2.557246447,3.50190568,2.554029942
16:25:06,2.557199717,3.500500202,2.553597689
16:25:06,2.55819726,3.501025677,2.554552555
16:25:06,2.55909586,3.502685308,2.555157661
16:25:06,2.558764696,3.502888441,2.556486607
16:25:06,2.558650494,3.502311707,2.555036068
16:25:06,2.559115648,3.50159955,2.555711508
16:25:06,2.55823946,3.500293016,2.555632591
16:25:06,2.558609009,3.501799583,2.556468725
16:25:06,2.558598518,3.50227499,2.554114819
16:25:06,2.558665752,3.502864122,2.55471611
16:25:06,2.558955193,3.503819942,2.554974556
16:25:06,2.558120012,3.503866911,2.555528641
16:25:06,2.558674335,3.503150463,2.555404425
16:25:06,2.558474302,3.502109289,2.55616498
16:25:06,2.558981657,3.501141071,2.555535316
16:25:06,2.558707952,3.502656698,2.555358648
16:25:06,2.559144974,3.502723217,2.55496645
16:25:06,2.5584023,3.502784014,2.55513835
16:25:06,2.558256388,3.500754833,2.553936481
16:25:06,2.558669806,3.500984669,2.555829048
16:25:06,2.558109522,3.500319719,2.556678057
16:25:06,2.558446407,3.502597332,2.556391716
16:25:06,2.558649302,3.502271414,2.556196928
16:25:06,2.558520555,3.50148344,2.555786848
16:25:06,2.558516026,3.501545668,2.555907965
16:25:06,2.559471846,3.502247572,2.556188822
16:25:06,2.55863142,3.501458168,2.556371212
16:25:06,2.558310747,3.502161503,2.556061268
16:25:06,2.559015989,3.501980066,2.555396318
16:25:06,2.559069633,3.503574848,2.555701971
16:25:06,2.558843613,3.503444195,2.55444622
16:25:06,2.558170319,3.504011154,2.554630518
16:25:06,2.559006214,3.503570557,2.556676149
16:25:06,2.557783604,3.502326488,2.555829048
16:25:06,2.559616566,3.502004385,2.55509758
16:25:06,2.558440447,3.501369476,2.555650711
16:25:06,2.55932498,3.503750086,2.555380106
16:25:06,2.559114456,3.503600836,2.55622983
16:25:06,2.559198141,3.502833366,2.555919886
16:25:06,2.560133934,3.502321959,2.555775642
16:25:06,2.559506178,3.502515793,2.556702614
16:25:06,2.560456991,3.502865314,2.55739522
16:25:06,2.559006214,3.503145456,2.555045128
16:25:06,2.558682203,3.504028082,2.557140827
16:25:06,2.558695316,3.502203226,2.556384563
16:25:06,2.559318542,3.5026443,2.557143211
16:25:06,2.559532642,3.501918554,2.556560516
16:25:06,2.559051752,3.501771212,2.556589603
16:25:06,2.560471535,3.502817869,2.556242943
16:25:06,2.55885911,3.503651619,2.55599618
16:25:06,2.559922218,3.503979921,2.556335449
16:25:06,2.558248043,3.504419565,2.555416346
16:25:06,2.559656858,3.504017115,2.556284666
16:25:06,2.559634447,3.503587484,2.557034731
16:25:06,2.559352398,3.503517151,2.557312489
16:25:06,2.560267925,3.503376961,2.557445288
16:25:06,2.56012392,3.502770662,2.555631876
16:25:06,2.558610201,3.501377106,2.555642366
16:25:06,2.559041023,3.503361464,2.555918217
16:25:06,2.559868574,3.502610207,2.556044817
16:25:06,2.559596777,3.503200769,2.557638884
16:25:06,2.560330153,3.502787828,2.556805372
16:25:06,2.559989214,3.503368616,2.555922747
16:25:06,2.55914855,3.502239943,2.555007696
16:25:07,2.559983253,3.502261639,2.555822372
16:25:07,2.559238911,3.502504826,2.555778742
16:25:07,2.559296846,3.50221777,2.555808306
16:25:07,2.559004545,3.501510143,2.556406975
16:25:07,2.558447838,3.501676559,2.556298494
16:25:07,2.559650898,3.501095533,2.55498004
16:25:07,2.557757139,3.501434088,2.55483675
16:25:07,2.558310747,3.503165722,2.554601431
16:25:07,2.557394505,3.502973795,2.554902554
16:25:07,2.559531927,3.50308919,2.55643487
16:25:07,2.559789658,3.50344348,2.556448221
16:25:07,2.557890892,3.502742767,2.557730198
16:25:07,2.559186459,3.503014088,2.556704044
16:25:07,2.559656858,3.503763199,2.555495024
16:25:07,2.559596777,3.503038168,2.556387901
16:25:07,2.558822632,3.502028227,2.555191517
16:25:07,2.558428049,3.502631187,2.554959297
16:25:07,2.559100628,3.502189636,2.555517912
16:25:07,2.558856249,3.502608299,2.556140423
16:25:07,2.558817625,3.501998901,2.554481268
16:25:07,2.559202194,3.503793955,2.556231022
16:25:07,2.560061693,3.503750086,2.557418823
16:25:07,2.559317827,3.5032897,2.557742834
16:25:07,2.559250593,3.503489971,2.555537462
16:25:07,2.558702469,3.501435757,2.556124687
16:25:07,2.558512449,3.502490282,2.555568457
16:25:07,2.559064865,3.502564192,2.554145813
16:25:07,2.558420181,3.503183842,2.556465149
16:25:07,2.559147358,3.503001928,2.555762291
16:25:07,2.559581518,3.502494812,2.556922436
16:25:07,2.559488773,3.502894878,2.555787802
16:25:07,2.558785439,3.503916025,2.556512833
16:25:07,2.559618473,3.504332304,2.557094336
16:25:07,2.560242176,3.505205393,2.556947947
16:25:07,2.560438395,3.504599571,2.555688143
16:25:07,2.559986353,3.504168987,2.556450605
16:25:07,2.558960199,3.503859997,2.556778193
16:25:07,2.559664011,3.502861023,2.556481123
16:25:07,2.559349537,3.503857136,2.555966616
16:25:07,2.559590816,3.504531145,2.556859255
16:25:07,2.560055971,3.503867626,2.556854725
16:25:07,2.559777021,3.504025221,2.556749582
16:25:07,2.56069088,3.502343416,2.557358742
16:25:07,2.560234308,3.503217697,2.55705905
16:25:07,2.559700489,3.503308535,2.556141138
16:25:07,2.559745312,3.503403425,2.556392431
16:25:07,2.559165478,3.502953768,2.555635691
16:25:07,2.558787346,3.503261328,2.554572344
16:25:07,2.558744907,3.504286051,2.556055784
16:25:07,2.55917716,3.503953695,2.556916237
16:25:07,2.559417725,3.503472328,2.556425095
16:25:07,2.559292078,3.502363443,2.556413651
16:25:07,2.558699608,3.501018763,2.55604291
16:25:07,2.558609009,3.501867771,2.556858778
16:25:07,2.558468103,3.502562761,2.555836916
16:25:07,2.557994604,3.502626896,2.554226398
16:25:07,2.558730602,3.502658367,2.555486441
16:25:07,2.559068918,3.503399849,2.555870771
16:25:07,2.558913469,3.501147032,2.555235147
16:25:07,2.55938077,3.501980782,2.557032108
16:25:07,2.558406591,3.501219511,2.556452036
16:25:07,2.558313131,3.502293348,2.554841518
16:25:07,2.558729887,3.502569914,2.555790663
16:25:07,2.559600592,3.503350496,2.556165695
16:25:07,2.559199572,3.504142284,2.556492329
16:25:07,2.559967279,3.504256487,2.55564785
16:25:07,2.559454679,3.504642725,2.556329489
16:25:07,2.559630632,3.501232147,2.555573702
16:25:07,2.558102846,3.501108408,2.556161642
16:25:07,2.55847621,3.500427246,2.555981398
16:25:07,2.55821991,3.501929998,2.554642677
16:25:07,2.55831027,3.501662254,2.554860115
16:25:07,2.558463812,3.503028631,2.555147171
16:25:07,2.558899641,3.503179789,2.555613518
16:25:07,2.558874607,3.502847195,2.556467295
16:25:07,2.560246944,3.502282143,2.556723833
16:25:07,2.558873415,3.500524521,2.555769444
16:25:07,2.558285952,3.50155139,2.556252956
16:25:07,2.558387518,3.50248909,2.556469679
16:25:07,2.559858322,3.503312349,2.55700016
16:25:07,2.559307575,3.503020763,2.556670904
16:25:07,2.558460951,3.502617598,2.556569099
16:25:07,2.559037209,3.502359867,2.555167437
16:25:07,2.558824539,3.501177549,2.555844069
16:25:07,2.55917716,3.502361774,2.556254148
16:25:07,2.55931592,3.50313282,2.555688858
16:25:07,2.558401108,3.503229618,2.555729866
16:25:07,2.560082436,3.502986908,2.555852175
16:25:07,2.558924198,3.50354147,2.55629015
16:25:07,2.559787512,3.503751516,2.555753708
16:25:07,2.559587479,3.50262785,2.555795908
16:25:07,2.559845924,3.502535343,2.556802988
16:25:07,2.559054136,3.503475904,2.557383299
16:25:07,2.559331656,3.503067017,2.556914806
16:25:07,2.559346437,3.504461288,2.556171656
16:25:07,2.559336901,3.503825188,2.555282831
16:25:07,2.559032917,3.504695177,2.556032181
16:25:07,2.559263229,3.503493071,2.555618763
16:25:07,2.558694839,3.502453804,2.554661751
16:25:07,2.559064865,3.501482964,2.555519342
16:25:07,2.55943799,3.501188278,2.556033373
16:25:07,2.559660435,3.500549316,2.555457115
16:25:07,2.55847168,3.502342224,2.554577112
16:25:07,2.558005095,3.502768993,2.555295944
16:25:07,2.55888319,3.501294851,2.554785252
16:25:07,2.559019327,3.502588272,2.554809809
16:25:07,2.55936265,3.501431465,2.554593801
16:25:07,2.559488773,3.502173901,2.556102753
16:25:07,2.558573246,3.50236249,2.555740356
16:25:07,2.557756662,3.502320766,2.555630922
16:25:07,2.558212042,3.501384258,2.556594133
16:25:07,2.558636189,3.501563072,2.55644536
16:25:07,2.559181213,3.502245665,2.558049917
16:25:07,2.559220791,3.50215435,2.555492401
16:25:07,2.559515715,3.504345894,2.556420326
16:25:08,2.559946775,3.504467249,2.556288719
16:25:08,2.559788942,3.504285097,2.555772305
16:25:08,2.560009718,3.505291224,2.554923773
16:25:08,2.559648275,3.504839182,2.555822372
16:25:08,2.559693336,3.50345993,2.555490494
16:25:08,2.558939934,3.502864122,2.55561614
16:25:08,2.55924058,3.502802134,2.556225061
16:25:08,2.558243752,3.503822565,2.556025982
16:25:08,2.559867144,3.503878117,2.556242943
16:25:08,2.559397221,3.502301693,2.555334806
16:25:08,2.558355093,3.501821041,2.554458857
16:25:08,2.558403969,3.502383947,2.555445433
16:25:08,2.557969332,3.50158143,2.556059837
16:25:08,2.558380365,3.501236916,2.555869818
16:25:08,2.559451342,3.501261711,2.556058407
16:25:08,2.559221506,3.500632763,2.555467844
16:25:08,2.558276176,3.501105785,2.555724621
16:25:08,2.559320688,3.500560284,2.556952238
16:25:08,2.559290409,3.500521183,2.554722548
16:25:08,2.558825016,3.500423431,2.555055857
16:25:08,2.558864594,3.501713037,2.557189465
16:25:08,2.559372902,3.501129866,2.555173635
16:25:08,2.558716059,3.499913216,2.554914951
16:25:08,2.558495998,3.501219988,2.556106329
16:25:08,2.558964968,3.499397039,2.555564642
16:25:08,2.559440136,3.50317812,2.556844711
16:25:08,2.558145046,3.502720594,2.554178238
16:25:08,2.558063745,3.503096342,2.555747747
16:25:08,2.557535172,3.501434088,2.554379463
16:25:08,2.557669401,3.501182079,2.555570364
16:25:08,2.558717251,3.5024786,2.555172443
16:25:08,2.558146954,3.501229286,2.555496454
16:25:08,2.558616877,3.502322435,2.555463314
16:25:08,2.55856204,3.502652884,2.554630041
16:25:08,2.559018612,3.505019903,2.555347443
16:25:08,2.558495522,3.503593683,2.554959774
16:25:08,2.55892539,3.502151489,2.55566287
16:25:08,2.559210062,3.503719568,2.556088209
16:25:08,2.559635639,3.503493786,2.555775642
16:25:08,2.559673309,3.502751827,2.556837559
16:25:08,2.559344053,3.502853632,2.557385921
16:25:08,2.560010433,3.50277257,2.556287289
16:25:08,2.558121443,3.502697706,2.556493759
16:25:08,2.559554577,3.501997709,2.556540728
16:25:08,2.559352398,3.501235723,2.555824995
16:25:08,2.559364796,3.501588583,2.556484222
16:25:08,2.55939579,3.501180172,2.555230379
16:25:08,2.559998274,3.502552271,2.554200888
16:25:08,2.558986425,3.503432751,2.555883884
16:25:08,2.558286428,3.502617121,2.556133747
16:25:08,2.559757948,3.503106833,2.557237625
16:25:08,2.559302092,3.502041578,2.557453871
16:25:08,2.559249163,3.501650333,2.556446791
16:25:08,2.55903554,3.503733158,2.55572772
16:25:08,2.560529709,3.502806187,2.555876017
16:25:08,2.56030035,3.502872467,2.556092978
16:25:08,2.559167147,3.502267838,2.556540728
16:25:08,2.559293985,3.502171278,2.555188179
16:25:08,2.559126854,3.503185987,2.554973841
16:25:08,2.558638096,3.503767967,2.556224346
16:25:08,2.559274197,3.504304171,2.555911541
16:25:08,2.558900356,3.503871679,2.554778099
16:25:08,2.559478521,3.503614426,2.554753304
16:25:08,2.559161186,3.503921747,2.556224346
16:25:08,2.558846235,3.504373789,2.556229115
16:25:08,2.559265852,3.504184246,2.555947304
16:25:08,2.559201717,3.504076958,2.557128668
16:25:08,2.559442759,3.503666878,2.55747509
16:25:08,2.559018135,3.502767086,2.554602861
16:25:08,2.559147358,3.50393796,2.55488205
16:25:08,2.559516907,3.503633261,2.555137873
16:25:08,2.560243368,3.502980947,2.556149721
16:25:08,2.56003356,3.502240419,2.556958675
16:25:08,2.559488773,3.501235008,2.555196285
16:25:08,2.559134245,3.500307798,2.555915594
16:25:08,2.559302568,3.500893116,2.556248426
16:25:08,2.559404373,3.501087666,2.555955172
16:25:08,2.55890584,3.501531839,2.554851055
16:25:08,2.558153152,3.500864029,2.55440259
16:25:08,2.558393955,3.500805616,2.554481268
16:25:08,2.558968544,3.501518011,2.553333759
16:25:08,2.559571743,3.502449274,2.555181503
16:25:08,2.558794737,3.502263308,2.556065559
16:25:08,2.558965683,3.502316713,2.556319237
16:25:08,2.559220076,3.502966404,2.555073738
16:25:08,2.558296442,3.503077269,2.554494619
16:25:08,2.559561729,3.503789425,2.554506302
16:25:08,2.558247089,3.505434752,2.555619478
16:25:08,2.559522867,3.505505323,2.556682348
16:25:08,2.560323,3.504784822,2.555835009
16:25:08,2.558704853,3.504104614,2.55644989
16:25:08,2.559462547,3.503498316,2.556292772
16:25:08,2.559419632,3.504086018,2.555517673
16:25:08,2.559567213,3.504392624,2.557005644
16:25:08,2.55910778,3.504934311,2.555417061
16:25:08,2.560133934,3.503796577,2.55708766
16:25:08,2.559890509,3.502050638,2.55650425
16:25:08,2.559738636,3.501995325,2.557510138
16:25:08,2.559216976,3.501101017,2.555151939
16:25:08,2.558742523,3.500818729,2.555670977
16:25:08,2.558669806,3.501436472,2.554437399
16:25:08,2.559386492,3.50225687,2.555407047
16:25:08,2.559673309,3.502111197,2.555034876
16:25:08,2.559177637,3.501275301,2.554553986
16:25:08,2.558854818,3.500996828,2.555011511
16:25:08,2.559043646,3.501032114,2.556129932
16:25:08,2.559074163,3.499796391,2.556104898
16:25:08,2.558484316,3.499249697,2.554848671
16:25:08,2.558774233,3.500675201,2.556521177
16:25:08,2.558335304,3.501321793,2.555517673
16:25:08,2.558897018,3.501721621,2.555114031
16:25:08,2.558175564,3.501745224,2.555685282
16:25:08,2.558288097,3.501579523,2.55461216
16:25:08,2.558470249,3.501362801,2.555197954
16:25:08,2.55872798,3.502843142,2.555333614
16:25:08,2.558109522,3.501062632,2.555134058
16:25:08,2.558372259,3.502409458,2.555305243
16:25:08,2.559113264,3.503047943,2.555631876
16:25:08,2.557999849,3.501666307,2.555563211
16:25:09,2.559114933,3.505122423,2.556367874
16:25:09,2.559286833,3.504971504,2.555651903
16:25:09,2.560068607,3.505413294,2.555792093
16:25:09,2.558984756,3.504240274,2.556396484
16:25:09,2.559473991,3.501777887,2.556227207
16:25:09,2.559696913,3.502894878,2.555071354
16:25:09,2.559844494,3.502857685,2.555493593
16:25:09,2.558612823,3.5031147,2.554246902
16:25:09,2.55933857,3.504005194,2.555648327
16:25:09,2.559593439,3.503088474,2.556223154
16:25:09,2.559249163,3.500955105,2.555668354
16:25:09,2.559079409,3.50012517,2.55575037
16:25:09,2.559080839,3.500078678,2.555733919
16:25:09,2.5593009,3.499849081,2.556544542
16:25:09,2.558268785,3.501427889,2.554036856
16:25:09,2.557971954,3.502369642,2.554631948
16:25:09,2.558211088,3.502011299,2.554294109
16:25:09,2.558261871,3.501154184,2.554882765
16:25:09,2.558819771,3.499976397,2.555735826
16:25:09,2.557799578,3.498700142,2.554553986
16:25:09,2.558647394,3.499456406,2.555046797
16:25:09,2.558184862,3.501394272,2.555400372
16:25:09,2.558530331,3.503473759,2.554857492
16:25:09,2.558106899,3.503749371,2.555776596
16:25:09,2.559158564,3.504830122,2.555121422
16:25:09,2.558884382,3.504633665,2.556243658
16:25:09,2.558900356,3.503594398,2.556937933
16:25:09,2.559397936,3.501938105,2.556789875
16:25:09,2.559123755,3.503112793,2.555057049
16:25:09,2.559481621,3.504168987,2.555311441
16:25:09,2.558698893,3.503671169,2.555912256
16:25:09,2.55934906,3.502543211,2.555676222
16:25:09,2.558986425,3.501850843,2.555258989
16:25:09,2.55873704,3.502885818,2.555572271
16:25:09,2.558190107,3.502873659,2.555461407
16:25:09,2.559218884,3.502320051,2.555912733
16:25:09,2.559017181,3.501858711,2.556248426
16:25:09,2.559125662,3.50171566,2.554839134
16:25:09,2.559243202,3.50117898,2.555776596
16:25:09,2.559458733,3.501649857,2.554768801
16:25:09,2.558468103,3.502385378,2.556217909
16:25:09,2.558889627,3.501801968,2.555799246
16:25:09,2.557959318,3.500773668,2.555116653
16:25:09,2.559311867,3.501058817,2.554708004
16:25:09,2.55826664,3.501499176,2.5555439
16:25:09,2.557568789,3.501315117,2.555442333
16:25:09,2.558173418,3.502113104,2.554301262
16:25:09,2.558933258,3.502977848,2.554817677
16:25:09,2.559001446,3.502929449,2.555644512
16:25:09,2.558575869,3.503458977,2.554567814
16:25:09,2.558813095,3.503018856,2.554354906
16:25:09,2.558874607,3.502785921,2.555875301
16:25:09,2.558740616,3.503426552,2.555733919
16:25:09,2.559336424,3.502853632,2.554526806
16:25:09,2.558192968,3.502242804,2.555854082
16:25:09,2.558129311,3.503473759,2.554616928
16:25:09,2.559033632,3.502891541,2.553683043
16:25:09,2.558854818,3.502305508,2.556158304
16:25:09,2.559398413,3.502434731,2.554895401
16:25:09,2.55925107,3.502653599,2.555093765
16:25:09,2.558078289,3.502211094,2.55488658
16:25:09,2.558723211,3.502995729,2.555363894
16:25:09,2.558453798,3.502852201,2.555246353
16:25:09,2.558077812,3.501505136,2.555858374
16:25:09,2.558360577,3.501022339,2.554383993
16:25:09,2.558737755,3.502146006,2.556413651
16:25:09,2.558463812,3.501538277,2.556702614
16:25:09,2.559417725,3.50119257,2.554798603
16:25:09,2.558495522,3.500662088,2.555901766
16:25:09,2.557640314,3.500506163,2.555655241
16:25:09,2.558908224,3.501646042,2.554763079
16:25:09,2.558582306,3.500623703,2.555827379
16:25:09,2.558060884,3.501179695,2.555724144
16:25:09,2.558978319,3.500985146,2.555974245
16:25:09,2.559085846,3.501623869,2.555228949
16:25:09,2.55820322,3.500371933,2.555019617
16:25:09,2.557431698,3.500711441,2.554695368
16:25:09,2.559358358,3.501830816,2.555252314
16:25:09,2.558688879,3.501636982,2.555885792
16:25:09,2.558858633,3.502139807,2.553929567
16:25:09,2.558319807,3.502282143,2.555606842
16:25:09,2.557623148,3.502548218,2.555734873
16:25:09,2.558000326,3.502920866,2.556900978
16:25:09,2.559113264,3.503937483,2.555729151
16:25:09,2.559037209,3.503579855,2.555522919
16:25:09,2.55939579,3.50336194,2.555828333
16:25:09,2.558846712,3.502344131,2.55510664
16:25:09,2.557654858,3.501864672,2.555549145
16:25:09,2.558212042,3.502305031,2.553854942
16:25:09,2.558546305,3.501718521,2.554150105
16:25:09,2.557940245,3.501266241,2.5537076
16:25:09,2.559081554,3.501145601,2.55575943
16:25:09,2.557915211,3.49955225,2.555228949
16:25:09,2.558835745,3.500320911,2.554585934
16:25:09,2.55843997,3.499862909,2.554703474
16:25:09,2.558811903,3.501950026,2.555165291
16:25:09,2.558600187,3.501771212,2.555339098
16:25:09,2.557983875,3.500240564,2.5539639
16:25:09,2.558255434,3.500045538,2.554920912
16:25:09,2.557964087,3.501151562,2.555624723
16:25:09,2.558967113,3.50216794,2.55523181
16:25:09,2.558509111,3.50210619,2.555811882
16:25:09,2.558716059,3.501280069,2.556227207
16:25:09,2.557698488,3.50034833,2.554971218
16:25:09,2.558537483,3.501082897,2.555164576
16:25:09,2.558464766,3.502403021,2.555809975
16:25:09,2.558205605,3.503076792,2.555695295
16:25:09,2.560047865,3.503731966,2.556302786
16:25:09,2.559645414,3.503873348,2.556336164
16:25:09,2.558795214,3.502102613,2.555016994
16:25:09,2.55873251,3.502398968,2.554455996
16:25:09,2.558857918,3.503158331,2.555130005
16:25:09,2.558356762,3.503144026,2.555686235
16:25:09,2.557403088,3.501550913,2.555387974
16:25:09,2.558410168,3.500905275,2.555429697
16:25:09,2.558357954,3.501092672,2.554076672
16:25:09,2.559047699,3.502453804,2.556577206
16:25:09,2.557456732,3.501112223,2.554383993
16:25:09,2.557568789,3.501936197,2.554286242
16:25:10,2.557386637,3.501309395,2.555290699
16:25:10,2.558320761,3.501325607,2.556038618
16:25:10,2.558349848,3.501382589,2.555657148
16:25:10,2.558378458,3.501980066,2.555426121
16:25:10,2.557747364,3.500742912,2.556090117
16:25:10,2.557100773,3.501342058,2.554662943
16:25:10,2.557596207,3.500572681,2.555850029
16:25:10,2.557277203,3.500903606,2.554997921
16:25:10,2.558084965,3.49934864,2.553304195
16:25:10,2.557625771,3.500545979,2.554733753
16:25:10,2.557508945,3.500956297,2.554991722
16:25:10,2.558755636,3.501510859,2.554252386
16:25:10,2.558216572,3.50117898,2.55517745
16:25:10,2.557860374,3.500894547,2.554638624
16:25:10,2.559255123,3.503147364,2.555418968
16:25:10,2.558712244,3.50322628,2.554996967
16:25:10,2.558276653,3.503076315,2.55523634
16:25:10,2.558044672,3.502617121,2.555740356
16:25:10,2.556807756,3.501173496,2.554706573
16:25:10,2.558252096,3.500233412,2.5550704
16:25:10,2.558166027,3.500484705,2.556778193
16:25:10,2.557842731,3.501407146,2.554848671
16:25:10,2.558901548,3.501640558,2.553800821
16:25:10,2.557998657,3.502491713,2.554226398
16:25:10,2.557499647,3.501190186,2.555174828
16:25:10,2.558782816,3.501303434,2.555467129
16:25:10,2.557681799,3.501272202,2.555986881
16:25:10,2.557948828,3.501142263,2.555272818
16:25:10,2.557635069,3.499380827,2.554694653
16:25:10,2.55706954,3.498997688,2.554207325
16:25:10,2.556815863,3.499507189,2.554253101
16:25:10,2.557204962,3.500656128,2.554746389
16:25:10,2.557764292,3.500005722,2.555313826
16:25:10,2.558184147,3.499725819,2.554431677
16:25:10,2.557943583,3.502194166,2.555682421
16:25:10,2.558113337,3.501954794,2.554803371
16:25:10,2.558133364,3.502379417,2.554171085
16:25:10,2.55779314,3.501505136,2.556190014
16:25:10,2.557351589,3.49980092,2.554706573
16:25:10,2.557858229,3.500179529,2.555296659
16:25:10,2.557424784,3.500015497,2.55513835
16:25:10,2.55789876,3.502853632,2.554729223
16:25:10,2.559648275,3.502275705,2.555819511
16:25:10,2.559554577,3.503180981,2.555298805
16:25:10,2.559706926,3.502808571,2.554942846
16:25:10,2.558754206,3.502373934,2.555468559
16:25:10,2.560052633,3.5025208,2.555938244
16:25:10,2.558857918,3.501683712,2.555471897
16:25:10,2.559273005,3.503403425,2.556055307
16:25:10,2.55982852,3.502847195,2.556899071
16:25:10,2.558609486,3.502058268,2.555489779
16:25:10,2.556570768,3.501718521,2.554145813
16:25:10,2.557886839,3.502845049,2.555478573
16:25:10,2.558765411,3.501505136,2.555881739
16:25:10,2.557869673,3.499605179,2.554069996
16:25:10,2.557682514,3.501452208,2.554330349
16:25:10,2.558714628,3.502619505,2.555812359
16:25:10,2.557850361,3.503285646,2.554842234
16:25:10,2.558588982,3.502055883,2.555254221
16:25:10,2.557996988,3.50199461,2.55602026
16:25:10,2.558236361,3.501467943,2.55623436
16:25:10,2.559661627,3.501199245,2.556001663
16:25:10,2.558297157,3.500891209,2.556244135
16:25:10,2.559123755,3.502573967,2.554631233
16:25:10,2.55862999,3.500588417,2.553978443
16:25:10,2.557881594,3.501127481,2.554692745
16:25:10,2.558825016,3.501168728,2.556053162
16:25:10,2.558563232,3.501415491,2.555294752
16:25:10,2.559302092,3.500831842,2.555629969
16:25:10,2.558766842,3.500716448,2.554209948
16:25:10,2.558789253,3.502610922,2.554118156
16:25:10,2.558981657,3.502596617,2.555190802
16:25:10,2.558736563,3.502731562,2.554898262
16:25:10,2.559165955,3.503530979,2.556157112
16:25:10,2.559647799,3.503565073,2.555334091
16:25:10,2.559796333,3.503885746,2.555395126
16:25:10,2.558967113,3.503512621,2.556665421
16:25:10,2.558219194,3.501262903,2.555342436
16:25:10,2.558372259,3.500021458,2.55523634
16:25:10,2.558142662,3.501278639,2.555757523
16:25:10,2.55837369,3.501811266,2.554897785
16:25:10,2.559049129,3.503733873,2.556410313
16:25:10,2.559764624,3.502323151,2.556287289
16:25:10,2.559521437,3.501259089,2.555336475
16:25:10,2.559992552,3.502611637,2.556081772
16:25:10,2.559412479,3.504227161,2.557004929
16:25:10,2.55939579,3.504155636,2.557885647
16:25:10,2.560581207,3.504163742,2.556123972
16:25:10,2.559658051,3.503422976,2.555600405
16:25:10,2.559851646,3.503001213,2.555577755
16:25:10,2.558391571,3.503560781,2.555898428
16:25:10,2.557573557,3.502222776,2.556006908
16:25:10,2.558209896,3.502278805,2.555909157
16:25:10,2.559162855,3.502850533,2.555168152
16:25:10,2.558908701,3.503256321,2.557285786
16:25:10,2.558961868,3.504689693,2.555197954
16:25:10,2.559630632,3.50491333,2.555994272
16:25:10,2.558796406,3.503068924,2.555274963
16:25:10,2.558482885,3.501769304,2.555883408
16:25:10,2.559188366,3.501567125,2.557216644
16:25:10,2.558216572,3.501395464,2.555850029
16:25:10,2.558801889,3.501959324,2.555321217
16:25:10,2.558020353,3.503179789,2.555822372
16:25:10,2.558175087,3.502280235,2.556355238
16:25:10,2.559117556,3.50411725,2.554478645
16:25:10,2.55963707,3.502383947,2.556477785
16:25:10,2.559814692,3.502090931,2.556069851
16:25:10,2.558806419,3.499370337,2.555868864
16:25:10,2.558585167,3.49967885,2.556641102
16:25:10,2.558611631,3.499436378,2.55419445
16:25:10,2.556625366,3.500748873,2.555022955
16:25:10,2.556859493,3.501386881,2.553966761
16:25:10,2.557353497,3.499515057,2.554281473
16:25:10,2.557035923,3.498692274,2.554973841
16:25:10,2.55794239,3.500455379,2.553624868
16:25:10,2.557351589,3.49969244,2.553476572
16:25:11,2.557966948,3.500256777,2.554833174
16:25:11,2.557878971,3.499674797,2.55436039
16:25:11,2.556586266,3.500100851,2.555260181
16:25:11,2.557004213,3.501205444,2.554603577
16:25:11,2.557842016,3.500316381,2.555119276
16:25:11,2.557110548,3.501301765,2.553878546
16:25:11,2.55714345,3.501774549,2.555392742
16:25:11,2.557859898,3.500484705,2.553699017
16:25:11,2.557795525,3.500955105,2.555352211
16:25:11,2.557418346,3.499285221,2.554993153
16:25:11,2.556905031,3.500314236,2.555532932
16:25:11,2.557055712,3.499032259,2.553883314
16:25:11,2.557493687,3.502280235,2.555902481
16:25:11,2.558084965,3.5016675,2.553654671
16:25:11,2.557194471,3.501456738,2.554540634
16:25:11,2.557798862,3.502162695,2.554793358
16:25:11,2.557169199,3.502028227,2.55472517
16:25:11,2.558348656,3.501981974,2.553849697
16:25:11,2.557950735,3.501251221,2.554021597
16:25:11,2.558332682,3.501711845,2.553926468
16:25:11,2.5575037,3.5016675,2.555305958
16:25:11,2.557991028,3.501136541,2.555186987
16:25:11,2.558065176,3.500832558,2.554131508
16:25:11,2.558432817,3.500611782,2.55607748
16:25:11,2.558948755,3.501034021,2.555932283
16:25:11,2.559454203,3.501274824,2.554731131
16:25:11,2.558945179,3.503062725,2.555564642
16:25:11,2.558622122,3.502549648,2.555240393
16:25:11,2.558803082,3.50260973,2.555453539
16:25:11,2.559771776,3.502779961,2.555688858
16:25:11,2.558478832,3.502669573,2.555193424
16:25:11,2.557952881,3.500245094,2.555541277
16:25:11,2.558693409,3.501824617,2.555024147
16:25:11,2.557943106,3.502409458,2.555760384
16:25:11,2.558267355,3.501294374,2.556676149
16:25:11,2.557908535,3.503382683,2.555768251
16:25:11,2.558690548,3.502764463,2.555303097
16:25:11,2.558955193,3.504245281,2.556113482
16:25:11,2.558186769,3.502389193,2.55477953
16:25:11,2.557528734,3.502358675,2.554763317
16:25:11,2.557578325,3.503175497,2.554280758
16:25:11,2.557683945,3.50233674,2.553505659
16:25:11,2.55701685,3.500429153,2.553650379
16:25:11,2.557786465,3.501092672,2.553374052
16:25:11,2.557923317,3.49992156,2.555247784
16:25:11,2.556890488,3.499590635,2.553255081
16:25:11,2.557333708,3.499280214,2.55341506
16:25:11,2.556512833,3.499622822,2.55388546
16:25:11,2.556903839,3.498137951,2.554277897
16:25:11,2.556451082,3.499680996,2.553934574
16:25:11,2.557874918,3.500579119,2.554407835
16:25:11,2.558179379,3.500701189,2.553883314
16:25:11,2.557455778,3.498633623,2.555168867
16:25:11,2.557195663,3.499041319,2.55466485
16:25:11,2.557490349,3.499049664,2.55477953
16:25:11,2.55705142,3.497594833,2.555175781
16:25:11,2.559574366,3.501662254,2.55510664
16:25:11,2.558028221,3.501838684,2.555824995
16:25:11,2.557931662,3.502076626,2.555212736
16:25:11,2.559158564,3.503466845,2.555092335
16:25:11,2.55855298,3.503304005,2.555636406
16:25:11,2.559143543,3.50300765,2.555887222
16:25:11,2.55986166,3.503121138,2.555375338
16:25:11,2.558696985,3.501724958,2.554375887
16:25:11,2.558405399,3.501685858,2.5555439
16:25:11,2.558101654,3.50316143,2.554367542
16:25:11,2.558018446,3.502507925,2.556510925
16:25:11,2.558289051,3.500140667,2.555698872
16:25:11,2.558059216,3.501939774,2.554535389
16:25:11,2.557899952,3.503201485,2.554666519
16:25:11,2.558926105,3.503805637,2.555777311
16:25:11,2.558997393,3.502832174,2.555341005
16:25:11,2.558978319,3.502918959,2.554942846
16:25:11,2.558982849,3.504798889,2.555493116
16:25:11,2.559023857,3.503659964,2.555647135
16:25:11,2.558945179,3.502667904,2.555158377
16:25:11,2.55771637,3.502359152,2.556364059
16:25:11,2.559000969,3.50030303,2.554787397
16:25:11,2.558602333,3.500053406,2.555164576
16:25:11,2.55787158,3.501371384,2.555969954
16:25:11,2.558223724,3.500183105,2.555774212
16:25:11,2.558357954,3.499811411,2.554475307
16:25:11,2.558466196,3.501002073,2.555377245
16:25:11,2.557594061,3.50015378,2.55386591
16:25:11,2.558021307,3.501012564,2.555466652
16:25:11,2.558611631,3.50325346,2.554831743
16:25:11,2.559224606,3.502189159,2.555882692
16:25:11,2.558677912,3.502342224,2.555087566
16:25:11,2.558078289,3.501652479,2.556530714
16:25:11,2.558830976,3.501162529,2.556023359
16:25:11,2.557643652,3.50047493,2.555829048
16:25:11,2.558318138,3.502084494,2.555148363
16:25:11,2.558892488,3.502193451,2.556264162
16:25:11,2.558660984,3.502097607,2.554914474
16:25:11,2.559300184,3.503425837,2.554862976
16:25:11,2.558915615,3.503062725,2.554447412
16:25:11,2.558084965,3.502768993,2.554760456
16:25:11,2.558196068,3.501630306,2.553923845
16:25:11,2.557844639,3.503661394,2.555850029
16:25:11,2.557734966,3.504518747,2.555873394
16:25:11,2.558535814,3.503174067,2.556442261
16:25:11,2.558717966,3.50344944,2.55733633
16:25:11,2.559415579,3.502969265,2.556830406
16:25:11,2.558861971,3.502032995,2.556021452
16:25:11,2.558365107,3.502000332,2.556009531
16:25:11,2.558348656,3.501296282,2.55454278
16:25:11,2.557516098,3.502064228,2.555397272
16:25:11,2.557878971,3.50181675,2.556006908
16:25:11,2.558369875,3.503471613,2.55545783
16:25:11,2.557119131,3.501432657,2.555205345
16:25:11,2.558631897,3.501141071,2.555286884
16:25:11,2.559146643,3.500707865,2.555815935
16:25:11,2.55912447,3.50108099,2.555148363
16:25:11,2.556646824,3.49995923,2.554872036
16:25:11,2.557569504,3.499630451,2.554012299
16:25:12,2.559164047,3.500541449,2.555450678
16:25:12,2.558416605,3.500392675,2.554605007
16:25:12,2.557556868,3.499763489,2.553135395
16:25:12,2.55818224,3.501869917,2.55580759
16:25:12,2.558321476,3.502439499,2.554734468
16:25:12,2.557859898,3.500698805,2.554922819
16:25:12,2.557993174,3.501559258,2.554029942
16:25:12,2.556644917,3.499941826,2.555303812
16:25:12,2.558375835,3.498836517,2.555488825
16:25:12,2.558233023,3.499976397,2.554534912
16:25:12,2.557755232,3.500976086,2.555469036
16:25:12,2.558128595,3.502583742,2.55457592
16:25:12,2.557633162,3.50226593,2.555194378
16:25:12,2.557507038,3.503027916,2.553628683
16:25:12,2.558320284,3.501767397,2.554437399
16:25:12,2.558230162,3.50194025,2.554409266
16:25:12,2.558056593,3.501485825,2.554414511
16:25:12,2.559112549,3.502080441,2.555440187
16:25:12,2.558147669,3.499368906,2.553860426
16:25:12,2.557683945,3.500344992,2.554200172
16:25:12,2.55743885,3.499670506,2.553318501
16:25:12,2.556889772,3.499631166,2.553524971
16:25:12,2.558144093,3.501998186,2.554839611
16:25:12,2.558286428,3.500045538,2.553073168
16:25:12,2.55802083,3.500412941,2.553655863
16:25:12,2.55887413,3.500392675,2.553875446
16:25:12,2.558240175,3.501132011,2.555973768
16:25:12,2.559295416,3.503214598,2.555836439
16:25:12,2.558421373,3.501165867,2.554654598
16:25:12,2.557502508,3.501013994,2.555008888
16:25:12,2.558252096,3.502269268,2.556333065
16:25:12,2.558694124,3.502634525,2.555258989
16:25:12,2.558020353,3.50278163,2.55357337
16:25:12,2.558047295,3.502437353,2.55479002
16:25:12,2.557534695,3.502681494,2.556150436
16:25:12,2.559294939,3.503110886,2.55607748
16:25:12,2.558667183,3.503895521,2.555034876
16:25:12,2.558704853,3.50176549,2.55516243
16:25:12,2.558844805,3.503307819,2.555358648
16:25:12,2.558209896,3.501571655,2.55672431
16:25:12,2.558212757,3.500444174,2.555291891
16:25:12,2.558523178,3.500364065,2.555194855
16:25:12,2.556951761,3.500991583,2.554794073
16:25:12,2.557369709,3.502406836,2.555591583
16:25:12,2.557649374,3.500971317,2.555482388
16:25:12,2.559658766,3.503288269,2.555513382
16:25:12,2.558922052,3.501325607,2.556173563
16:25:12,2.558453798,3.501756907,2.555154562
16:25:12,2.559194565,3.501278639,2.556101561
16:25:12,2.558865309,3.502150297,2.555088997
16:25:12,2.558824539,3.503164291,2.555621862
16:25:12,2.559779167,3.502264023,2.554091692
16:25:12,2.558938742,3.502233028,2.555711985
16:25:12,2.558561325,3.501388311,2.555967093
16:25:12,2.559118986,3.50238061,2.556759357
16:25:12,2.559165478,3.501980066,2.556640625
16:25:12,2.559036493,3.502560854,2.555546045
16:25:12,2.558853388,3.503391981,2.555731773
16:25:12,2.558601618,3.502917051,2.558079004
16:25:12,2.559387922,3.502514601,2.555731773
16:25:12,2.559731007,3.502081156,2.55625844
16:25:12,2.558694124,3.501416206,2.556257725
16:25:12,2.559703827,3.502332211,2.555459261
16:25:12,2.559232712,3.50112915,2.556934834
16:25:12,2.559557676,3.501420975,2.555829048
16:25:12,2.558857918,3.501667023,2.556447268
16:25:12,2.560233116,3.501574993,2.556272268
16:25:12,2.559255838,3.50260973,2.555730581
16:25:12,2.558942556,3.502044201,2.555474043
16:25:12,2.5588274,3.501637697,2.55544281
16:25:12,2.560141087,3.503088474,2.554729223
16:25:12,2.559143543,3.503010988,2.556613445
16:25:12,2.559409857,3.504697561,2.556216002
16:25:12,2.55840826,3.503978968,2.555664301
16:25:12,2.558982849,3.50095892,2.555648327
16:25:12,2.559846401,3.50192523,2.55533576
16:25:12,2.558874607,3.502793789,2.556144476
16:25:12,2.55809021,3.502855539,2.555520773
16:25:12,2.558696985,3.502871513,2.55593729
16:25:12,2.55910778,3.503331423,2.556580305
16:25:12,2.559529305,3.501703978,2.556442738
16:25:12,2.558540821,3.501972914,2.556266785
16:25:12,2.559121609,3.502479792,2.554923773
16:25:12,2.560167074,3.502772093,2.55509758
16:25:12,2.558996677,3.501914024,2.554829597
16:25:12,2.558961868,3.501426697,2.555252314
16:25:12,2.559345722,3.502078056,2.555342913
16:25:12,2.559046268,3.500496387,2.555854797
16:25:12,2.558141232,3.501745939,2.556143284
16:25:12,2.558613539,3.504062891,2.555821896
16:25:12,2.558823824,3.503613234,2.555457115
16:25:12,2.55858326,3.502230167,2.555487633
16:25:12,2.558192968,3.502977848,2.55571723
16:25:12,2.559109688,3.503504753,2.554527998
16:25:12,2.558735847,3.503054857,2.55486083
16:25:12,2.558757544,3.50252676,2.556225061
16:25:12,2.55954504,3.503910065,2.555487633
16:25:12,2.55845499,3.502890348,2.556560516
16:25:12,2.557353497,3.502669573,2.554815292
16:25:12,2.558638811,3.502737761,2.556847334
16:25:12,2.558418512,3.502955437,2.556076288
16:25:12,2.558289766,3.502576828,2.555536032
16:25:12,2.558444262,3.502315998,2.556990385
16:25:12,2.559558392,3.503068209,2.554821253
16:25:12,2.559067249,3.502327204,2.556008339
16:25:12,2.558907747,3.503606558,2.555448055
16:25:12,2.558550596,3.503452063,2.554606199
16:25:12,2.558510542,3.500926256,2.555260181
16:25:12,2.558699608,3.501150846,2.555266142
16:25:12,2.558250904,3.501703262,2.556698561
16:25:12,2.558957815,3.502948284,2.556619167
16:25:12,2.559724808,3.503586292,2.557212591
16:25:12,2.559381247,3.503802299,2.555723429
16:25:12,2.559200287,3.502806664,2.556664467
16:25:12,2.558383703,3.502547026,2.555370808
16:25:12,2.55815053,3.50166297,2.55483675
16:25:12,2.558717251,3.50249815,2.554968834
16:25:12,2.557586193,3.503581285,2.55595994
16:25:12,2.558754206,3.503260136,2.555758238
16:25:13,2.557285547,3.500168324,2.55485034
16:25:13,2.559031248,3.501538277,2.55665493
16:25:13,2.558658361,3.502015352,2.556514025
16:25:13,2.55919385,3.502177238,2.555854082
16:25:13,2.559231997,3.50210619,2.557185173
16:25:13,2.559673309,3.50105238,2.556204557
16:25:13,2.55890584,3.502418995,2.557275772
16:25:13,2.559477091,3.504101276,2.556805849
16:25:13,2.559161901,3.5012815,2.555954456
16:25:13,2.558526278,3.501526117,2.555477142
16:25:13,2.558899641,3.501154661,2.555700064
16:25:13,2.559355497,3.502568483,2.556106329
16:25:13,2.558907032,3.502801418,2.556085825
16:25:13,2.55876112,3.50250268,2.555491209
16:25:13,2.559263229,3.501957178,2.555462599
16:25:13,2.55896306,3.500752687,2.554692745
16:25:13,2.558760405,3.501136541,2.556339502
16:25:13,2.558472872,3.501825333,2.557274818
16:25:13,2.558020353,3.50158143,2.555450678
16:25:13,2.558950424,3.50198555,2.55495739
16:25:13,2.559847832,3.501141787,2.554784775
16:25:13,2.558618307,3.502544641,2.554675579
16:25:13,2.559185743,3.502680063,2.555218458
16:25:13,2.55925107,3.501425266,2.555725098
16:25:13,2.559175968,3.501834393,2.555561781
16:25:13,2.558267355,3.501526594,2.555859327
16:25:13,2.559286118,3.501603603,2.556026697
16:25:13,2.55783534,3.500053406,2.555372
16:25:13,2.559291363,3.501620531,2.555677414
16:25:13,2.55848074,3.503759861,2.556404352
16:25:13,2.559058905,3.502767086,2.555120945
16:25:13,2.558261395,3.503502846,2.555654287
16:25:13,2.558502674,3.502209187,2.555510759
16:25:13,2.558609486,3.502065659,2.555240393
16:25:13,2.558418512,3.502656221,2.55537796
16:25:13,2.558527708,3.500807047,2.555534124
16:25:13,2.558684349,3.500754833,2.553848982
16:25:13,2.558957338,3.502337694,2.555616617
16:25:13,2.559548616,3.502886295,2.555628538
16:25:13,2.558128595,3.501802444,2.554270267
16:25:13,2.56044507,3.503433704,2.555595636
16:25:13,2.559351206,3.504261732,2.556346655
16:25:13,2.559025288,3.500734568,2.555594921
16:25:13,2.559042931,3.502120972,2.554848194
16:25:13,2.558746338,3.502902985,2.55536294
16:25:13,2.558892488,3.502399683,2.554540634
16:25:13,2.55816102,3.501141787,2.554829597
16:25:13,2.55931592,3.502564192,2.554866076
16:25:13,2.559246063,3.502179146,2.555748463
16:25:13,2.559153318,3.502675056,2.556752205
16:25:13,2.558709621,3.503672361,2.556253672
16:25:13,2.559204817,3.503647327,2.554007053
16:25:13,2.559144258,3.50328517,2.554901123
16:25:13,2.558858633,3.503451586,2.556247711
16:25:13,2.558260679,3.503048658,2.555474043
16:25:13,2.559165955,3.502447128,2.555011511
16:25:13,2.559257269,3.5029006,2.554999828
16:25:13,2.557846308,3.501754999,2.555843592
16:25:13,2.558317661,3.501344442,2.555218458
16:25:13,2.557993889,3.499524117,2.554597616
16:25:13,2.558492661,3.500241995,2.555649281
16:25:13,2.557195663,3.500546694,2.55606246
16:25:13,2.558175564,3.499872684,2.555969954
16:25:13,2.558657169,3.501443148,2.556291342
16:25:13,2.558794737,3.502000332,2.555613995
16:25:13,2.559258699,3.502432346,2.555057764
16:25:13,2.559442282,3.501882076,2.555521488
16:25:13,2.558985472,3.504323721,2.555205345
16:25:13,2.558142662,3.504270077,2.555188179
16:25:13,2.559181929,3.503388882,2.553984642
16:25:13,2.558997393,3.503651619,2.555278063
16:25:13,2.558684349,3.50085783,2.5554111
16:25:13,2.559099436,3.502034903,2.555542469
16:25:13,2.558797359,3.501888037,2.554251671
16:25:13,2.559978008,3.502759218,2.555622578
16:25:13,2.558574677,3.501920938,2.554620028
16:25:13,2.559129477,3.501210213,2.55547905
16:25:13,2.558299541,3.503093243,2.556180716
16:25:13,2.559223413,3.502552271,2.554923773
16:25:13,2.560064554,3.501321793,2.554298639
16:25:13,2.558374882,3.502074718,2.55547595
16:25:13,2.559263706,3.501133204,2.554778814
16:25:13,2.558581114,3.501814842,2.554866076
16:25:13,2.558490753,3.499716043,2.555479765
16:25:13,2.55843997,3.501652479,2.555939674
16:25:13,2.55910182,3.501720905,2.555720568
16:25:13,2.559318542,3.502982378,2.555477142
16:25:13,2.558346748,3.501881599,2.55640769
16:25:13,2.55912447,3.502173901,2.556240559
16:25:13,2.558596611,3.501846313,2.556923151
16:25:13,2.557772636,3.501599073,2.557468653
16:25:13,2.558723927,3.502142668,2.555936813
16:25:13,2.559012651,3.501773357,2.555608988
16:25:13,2.55808115,3.502851248,2.555821896
16:25:13,2.557986021,3.502743244,2.554820538
16:25:13,2.557615995,3.501330853,2.553905725
16:25:13,2.557532787,3.499280214,2.55401516
16:25:13,2.557210684,3.498991251,2.5550704
16:25:13,2.557596922,3.500081301,2.555346251
16:25:13,2.557988644,3.500921965,2.55378747
16:25:13,2.557964087,3.502358675,2.555680275
16:25:13,2.558475256,3.50342989,2.555977106
16:25:13,2.558867216,3.501434803,2.554883957
16:25:13,2.55793643,3.500842094,2.554701805
16:25:13,2.558119535,3.50068903,2.556265593
16:25:13,2.559058905,3.501166344,2.5569942
16:25:13,2.557924509,3.502342224,2.555747747
16:25:13,2.559234619,3.501991749,2.554920912
16:25:13,2.558753729,3.501962423,2.555151939
16:25:13,2.558262825,3.500801802,2.554822445
16:25:13,2.55811882,3.501914024,2.555098295
16:25:13,2.558355093,3.502138138,2.555073738
16:25:13,2.558574677,3.501991749,2.556962013
16:25:13,2.557902575,3.502413988,2.556001663
16:25:13,2.559246063,3.502807379,2.554715395
16:25:13,2.558609009,3.502413988,2.554679871
16:25:13,2.558423758,3.501085758,2.555497646
16:25:13,2.559068203,3.501327753,2.555817366
16:25:13,2.557622433,3.502456188,2.555317163
16:25:14,2.559048176,3.501787663,2.554542065
16:25:14,2.55841732,3.500099421,2.555652857
16:25:14,2.558756351,3.500942707,2.555421829
16:25:14,2.557765245,3.500512123,2.55499506
16:25:14,2.55786252,3.501711845,2.556479692
16:25:14,2.557672024,3.501870394,2.556302786
16:25:14,2.558168888,3.50237298,2.557067633
16:25:14,2.558064461,3.500383615,2.554513693
16:25:14,2.558401108,3.500335217,2.55540514
16:25:14,2.558027506,3.500093222,2.5558393
16:25:14,2.557748795,3.500341654,2.554612875
16:25:14,2.560309649,3.503821135,2.556350946
16:25:14,2.559617281,3.503084183,2.55517292
16:25:14,2.558880568,3.5023489,2.553952932
16:25:14,2.559589386,3.501182079,2.554754972
16:25:14,2.557779074,3.502597332,2.55678463
16:25:14,2.558469534,3.502687454,2.55603075
16:25:14,2.558198452,3.50205636,2.555608273
16:25:14,2.559313297,3.500318289,2.555833817
16:25:14,2.558213234,3.50121069,2.556341648
16:25:14,2.558362246,3.500821352,2.555911541
16:25:14,2.557732105,3.50171113,2.556897879
16:25:14,2.558643818,3.502765656,2.556605339
16:25:14,2.559049845,3.502120256,2.556512833
16:25:14,2.558871269,3.502400875,2.555407047
16:25:14,2.559108973,3.501092672,2.555165768
16:25:14,2.55761838,3.50075078,2.555217266
16:25:14,2.557710886,3.501627207,2.554797888
16:25:14,2.558977604,3.503376484,2.555103779
16:25:14,2.558639288,3.504212141,2.555151224
16:25:14,2.557863712,3.502308846,2.554282188
16:25:14,2.55772233,3.500736475,2.553950071
16:25:14,2.558305025,3.500291586,2.553791523
16:25:14,2.558351994,3.501404524,2.554142714
16:25:14,2.558253527,3.502427578,2.556129932
16:25:14,2.557989359,3.500213385,2.554412365
16:25:14,2.557210207,3.501744032,2.554331541
16:25:14,2.55807519,3.50154686,2.55488205
16:25:14,2.558017015,3.500371933,2.555054665
16:25:14,2.558110714,3.501328468,2.555928946
16:25:14,2.558777332,3.50159955,2.555354834
16:25:14,2.557864904,3.501875639,2.554672956
16:25:14,2.558766842,3.501388311,2.555631399
16:25:14,2.559049845,3.503418684,2.555007696
16:25:14,2.558932781,3.502042055,2.556660891
16:25:14,2.558817148,3.50178957,2.554815292
16:25:14,2.559498787,3.500437021,2.554983139
16:25:14,2.557088614,3.501440525,2.555942059
16:25:14,2.558619022,3.502639532,2.556913137
16:25:14,2.558928728,3.501724958,2.556253672
16:25:14,2.559171915,3.502432346,2.555831671
16:25:14,2.558885336,3.503256321,2.555484533
16:25:14,2.558420897,3.502378702,2.555346727
16:25:14,2.558268785,3.503108263,2.554900408
16:25:14,2.558324099,3.502036333,2.554731846
16:25:14,2.558819771,3.502814531,2.556121826
16:25:14,2.558783293,3.500197649,2.556808472
16:25:14,2.558886051,3.500829935,2.556453228
16:25:14,2.558460951,3.500240564,2.556250334
16:25:14,2.558930635,3.500962973,2.556056499
16:25:14,2.55863142,3.500725985,2.554344893
16:25:14,2.558651686,3.501538754,2.555108309
16:25:14,2.558777332,3.501888037,2.556143761
16:25:14,2.558953762,3.501008511,2.556260347
16:25:14,2.558227539,3.501518011,2.556955099
16:25:14,2.558898449,3.50241518,2.555598974
16:25:14,2.558805704,3.50040555,2.554785967
16:25:14,2.558553457,3.502196074,2.556432724
16:25:14,2.557743311,3.502182961,2.554879904
16:25:14,2.558203936,3.501520634,2.555698872
16:25:14,2.558905125,3.501045227,2.555461884
16:25:14,2.55919385,3.500273228,2.555504322
16:25:14,2.559030056,3.501868486,2.556550026
16:25:14,2.558517694,3.502793789,2.555571795
16:25:14,2.558406591,3.501248598,2.555110931
16:25:14,2.558032751,3.502385378,2.554522276
16:25:14,2.558358669,3.501480341,2.555497169
16:25:14,2.558307886,3.502635956,2.554584265
16:25:14,2.558606386,3.502573967,2.554257154
16:25:14,2.559329748,3.501327038,2.554463625
16:25:14,2.558772326,3.501037121,2.554592371
16:25:14,2.559142113,3.503719568,2.556304455
16:25:14,2.559122324,3.505129576,2.556389809
16:25:14,2.558439255,3.504813433,2.554195404
16:25:14,2.559178352,3.503726006,2.557149887
16:25:14,2.559864283,3.50383687,2.557557821
16:25:14,2.55913353,3.502564192,2.555994272
16:25:14,2.560150385,3.503159046,2.555692911
16:25:14,2.559233904,3.504493952,2.555789232
16:25:14,2.56014657,3.504799843,2.556741476
16:25:14,2.558606863,3.504337311,2.557086945
16:25:14,2.559302092,3.503689289,2.556364775
16:25:14,2.559066057,3.502337694,2.557369709
16:25:14,2.559780359,3.502924204,2.557010174
16:25:14,2.561133623,3.503306627,2.557400942
16:25:14,2.560244083,3.503144979,2.556183338
16:25:14,2.560233116,3.503957033,2.556257725
16:25:14,2.559854269,3.50331378,2.556523323
16:25:14,2.559708357,3.505358458,2.5564816
16:25:14,2.559763908,3.503419399,2.555827856
16:25:14,2.560567379,3.503031731,2.556918144
16:25:14,2.560500383,3.502320051,2.556490183
16:25:14,2.558592319,3.501729727,2.556518793
16:25:14,2.560609818,3.503471136,2.557346344
16:25:14,2.559919834,3.504167318,2.55715704
16:25:14,2.560474873,3.504541636,2.556146383
16:25:14,2.560211182,3.50464797,2.5571661
16:25:14,2.559559107,3.503131628,2.556957006
16:25:14,2.560197353,3.503190279,2.556481123
16:25:14,2.559033632,3.50413847,2.555403948
16:25:14,2.558334827,3.50343895,2.555187225
16:25:14,2.559439659,3.505983591,2.554954767
16:25:14,2.558912992,3.502576828,2.555739641
16:25:14,2.558266163,3.501796722,2.555102348
16:25:14,2.557813883,3.500242472,2.55423069
16:25:14,2.557163954,3.500067234,2.555226088
16:25:15,2.558206558,3.5007236,2.555184841
16:25:15,2.558319807,3.500858545,2.556156397
16:25:15,2.558575869,3.501116276,2.55489254
16:25:15,2.559376717,3.501853228,2.555921555
16:25:15,2.557661533,3.502820015,2.555971861
16:25:15,2.558701515,3.502812624,2.555057764
16:25:15,2.558457613,3.502201796,2.555580854
16:25:15,2.559017181,3.503657103,2.554543495
16:25:15,2.558453798,3.503234148,2.55515027
16:25:15,2.559319258,3.502273798,2.556642532
16:25:15,2.558953762,3.502669573,2.556005716
16:25:15,2.558724403,3.502315283,2.554715395
16:25:15,2.558405876,3.502562046,2.55559206
16:25:15,2.557873011,3.50176096,2.554424286
16:25:15,2.558572769,3.502468824,2.554281473
16:25:15,2.559360266,3.501924038,2.555520773
16:25:15,2.558300972,3.502784491,2.555437326
16:25:15,2.558580399,3.50464201,2.556045771
16:25:15,2.560083151,3.503213882,2.555794001
16:25:15,2.55902195,3.502791405,2.555855513
16:25:15,2.558742523,3.501276731,2.556494236
16:25:15,2.559188366,3.501035929,2.554991722
16:25:15,2.557745218,3.502027512,2.555594921
16:25:15,2.558416605,3.50108695,2.555232525
16:25:15,2.559204817,3.502247095,2.555724144
16:25:15,2.558386803,3.50058651,2.555971861
16:25:15,2.558484793,3.50262785,2.556178331
16:25:15,2.558198452,3.502171993,2.555234432
16:25:15,2.5594244,3.502200603,2.555616617
16:25:15,2.557730198,3.501890659,2.55410409
16:25:15,2.559280634,3.503864288,2.554950714
16:25:15,2.558675528,3.502861023,2.554971218
16:25:15,2.558264732,3.50404191,2.55506444
16:25:15,2.559106588,3.502615452,2.555872679
16:25:15,2.558856726,3.501315832,2.553941011
16:25:15,2.559041023,3.499434471,2.554809332
16:25:15,2.557538748,3.500239372,2.554156542
16:25:15,2.557585001,3.501030922,2.55488658
16:25:15,2.558227539,3.500205994,2.554561377
16:25:15,2.55728364,3.500397682,2.555563927
16:25:15,2.557707071,3.499100208,2.554484606
16:25:15,2.557718992,3.500592232,2.553501129
16:25:15,2.559188366,3.500751734,2.555549145
16:25:15,2.558548689,3.501204729,2.555553198
16:25:15,2.559017181,3.501105309,2.555423737
16:25:15,2.559742212,3.501927853,2.55500102
16:25:15,2.55967474,3.502353191,2.555026054
16:25:15,2.557333708,3.499076605,2.554395437
16:25:15,2.558578491,3.499768972,2.553450346
16:25:15,2.557611227,3.499366283,2.554440975
16:25:15,2.55757165,3.499919653,2.554727316
16:25:15,2.557155371,3.499853134,2.553163767
16:25:15,2.557806015,3.500337124,2.554735899
16:25:15,2.557467937,3.501294851,2.554070711
16:25:15,2.555802822,3.500418901,2.554178238
16:25:15,2.557551861,3.502006769,2.553773403
16:25:15,2.556769609,3.500826597,2.553499222
16:25:15,2.556746483,3.501062632,2.553904772
16:25:15,2.556677103,3.502788544,2.554703474
16:25:15,2.557602167,3.498865366,2.554229259
16:25:15,2.557715654,3.499970436,2.553945541
16:25:15,2.557164431,3.499034882,2.554096222
16:25:15,2.557982445,3.498996973,2.555438757
16:25:15,2.557452679,3.500873804,2.553365707
16:25:15,2.557477236,3.499277115,2.553875446
16:25:15,2.556486607,3.500598192,2.553860426
16:25:15,2.557455778,3.500453234,2.553255081
16:25:15,2.557188988,3.501758337,2.553869486
16:25:15,2.556524277,3.502030134,2.553767681
16:25:15,2.558090925,3.501761913,2.555477858
16:25:15,2.557956219,3.50262928,2.554853678
16:25:15,2.557344437,3.501237631,2.554962635
16:25:15,2.558100224,3.502340317,2.555770159
16:25:15,2.557108402,3.501173019,2.554534912
16:25:15,2.557297945,3.499693871,2.553041458
16:25:15,2.556982994,3.500458479,2.554639339
16:25:15,2.557558537,3.500047684,2.554448843
16:25:15,2.557026625,3.498239756,2.553401947
16:25:15,2.556891203,3.498689175,2.555228949
16:25:15,2.557238579,3.499033451,2.552730083
16:25:15,2.55849719,3.502291918,2.555515766
16:25:15,2.560098171,3.502590179,2.555799246
16:25:15,2.559891939,3.504122019,2.556297779
16:25:15,2.559296131,3.502368927,2.556314468
16:25:15,2.558273792,3.503315687,2.555508852
16:25:15,2.559346437,3.50225687,2.55545783
16:25:15,2.559976101,3.502897978,2.55629468
16:25:15,2.558428049,3.503014088,2.55671978
16:25:15,2.560443163,3.503259659,2.555762291
16:25:15,2.558853388,3.504250526,2.556672812
16:25:15,2.558220387,3.503112793,2.555329084
16:25:15,2.557697296,3.50342989,2.554848671
16:25:15,2.558789253,3.504714489,2.556793213
16:25:15,2.55960393,3.50332737,2.555443525
16:25:15,2.55786705,3.503812313,2.55571866
16:25:15,2.558971643,3.502389908,2.555420876
16:25:15,2.559650421,3.502563477,2.555264235
16:25:15,2.557828188,3.503160954,2.555002928
16:25:15,2.559001446,3.502328634,2.556092262
16:25:15,2.559396505,3.501519918,2.555294037
16:25:15,2.558837414,3.500088692,2.556428671
16:25:15,2.559689283,3.502406836,2.555921078
16:25:15,2.558689594,3.502617121,2.556356192
16:25:15,2.559500933,3.50258112,2.556467295
16:25:15,2.559331179,3.504380703,2.556706667
16:25:15,2.558202744,3.501075983,2.554242611
16:25:15,2.55704689,3.500985861,2.55513835
16:25:15,2.558310747,3.501927137,2.556544542
16:25:15,2.557973385,3.502759933,2.554371357
16:25:15,2.559009314,3.503000498,2.554878473
16:25:15,2.558457613,3.502430439,2.554489851
16:25:15,2.558553457,3.500753403,2.556012392
16:25:15,2.55859375,3.501028061,2.554193735
16:25:15,2.558295965,3.501221657,2.554739952
16:25:15,2.55855608,3.501672745,2.554233313
16:25:16,2.55944562,3.503106117,2.55642271
16:25:16,2.558920145,3.501664877,2.555084944
16:25:16,2.557202339,3.501918554,2.55349803
16:25:16,2.558722258,3.501358986,2.554726362
16:25:16,2.558191299,3.500051975,2.553819895
16:25:16,2.557693243,3.500176907,2.553617477
16:25:16,2.557080269,3.500007391,2.553206205
16:25:16,2.557892084,3.501400948,2.554649353
16:25:16,2.558592319,3.501024961,2.556600094
16:25:16,2.558832407,3.501623869,2.555583
16:25:16,2.559079885,3.502384663,2.555217266
16:25:16,2.558084965,3.501976252,2.555339098
16:25:16,2.559084415,3.503133535,2.556106806
16:25:16,2.55820775,3.503132343,2.554945469
16:25:16,2.559512854,3.502847195,2.55506444
16:25:16,2.558084965,3.502542496,2.555621862
16:25:16,2.558126688,3.502467632,2.554759741
16:25:16,2.559400558,3.502642155,2.556662321
16:25:16,2.558135033,3.500718832,2.555846453
16:25:16,2.558343172,3.500542641,2.5553298
16:25:16,2.557544708,3.501460075,2.553735733
16:25:16,2.558634043,3.500656128,2.554010868
16:25:16,2.558311462,3.500864983,2.554042101
16:25:16,2.558169603,3.501528502,2.555161715
16:25:16,2.558036804,3.502331257,2.555262327
16:25:16,2.557507038,3.503329277,2.555145502
16:25:16,2.558156967,3.501847744,2.556252956
16:25:16,2.558408737,3.502022505,2.554409266
16:25:16,2.559450626,3.502113104,2.555198669
16:25:16,2.557895422,3.502160549,2.556108713
16:25:16,2.557982445,3.50236249,2.555902481
16:25:16,2.558478832,3.504349232,2.55520606
16:25:16,2.557471275,3.502810955,2.554409266
16:25:16,2.558389187,3.503283739,2.554746389
16:25:16,2.558026314,3.502969265,2.554774761
16:25:16,2.558344126,3.501668215,2.554163218
16:25:16,2.557747364,3.501223087,2.554829121
16:25:16,2.558647394,3.50166297,2.554964542
16:25:16,2.557800293,3.50171566,2.553103447
16:25:16,2.557779789,3.50156641,2.554588795
16:25:16,2.558651686,3.501538754,2.553951979
16:25:16,2.557640314,3.500381708,2.55523324
16:25:16,2.557889223,3.49728632,2.555906296
16:25:16,2.55900383,3.501336098,2.55561018
16:25:16,2.558764696,3.499702215,2.554865599
16:25:16,2.557465792,3.50084281,2.55467701
16:25:16,2.558284521,3.500856638,2.554675579
16:25:16,2.558831692,3.501451015,2.555952072
16:25:16,2.558563232,3.503538132,2.554387331
16:25:16,2.556912184,3.500870943,2.553077221
16:25:16,2.556858778,3.501936913,2.553518295
16:25:16,2.558079004,3.50168252,2.552961349
16:25:16,2.557430983,3.500279903,2.553617477
16:25:16,2.556598425,3.500468254,2.553634882
16:25:16,2.55682373,3.500070333,2.554588318
16:25:16,2.557484388,3.50093174,2.555586815
16:25:16,2.558561325,3.503159523,2.555146456
16:25:16,2.557961464,3.503175497,2.553721905
16:25:16,2.557788372,3.502813816,2.554257154
16:25:16,2.558696032,3.503540039,2.556575537
16:25:16,2.55789423,3.501942873,2.555332184
16:25:16,2.559478521,3.502297878,2.554913044
16:25:16,2.557878971,3.501353502,2.555399895
16:25:16,2.559183836,3.501312494,2.555813074
16:25:16,2.558344841,3.500701189,2.555910587
16:25:16,2.5588274,3.499725103,2.555356264
16:25:16,2.55809164,3.500356674,2.555380106
16:25:16,2.558785915,3.500854015,2.555958033
16:25:16,2.558634758,3.502984762,2.555301189
16:25:16,2.55787611,3.502701044,2.555928946
16:25:16,2.558757544,3.502843857,2.555799961
16:25:16,2.557909012,3.501311541,2.555598259
16:25:16,2.558662415,3.501683712,2.553904057
16:25:16,2.558089018,3.503386736,2.554986477
16:25:16,2.558329582,3.501144409,2.554522753
16:25:16,2.558107376,3.502584219,2.554381847
16:25:16,2.558451176,3.501979351,2.554769516
16:25:16,2.557854652,3.50158453,2.553893328
16:25:16,2.558624029,3.502946854,2.555277586
16:25:16,2.558895111,3.501266241,2.556384563
16:25:16,2.559430838,3.502494812,2.555786848
16:25:16,2.559076786,3.502293825,2.556840897
16:25:16,2.559326649,3.501773357,2.557049036
16:25:16,2.558985472,3.502566099,2.557094812
16:25:16,2.559154034,3.502156258,2.555815935
16:25:16,2.558999538,3.503174782,2.556045055
16:25:16,2.559564352,3.503936768,2.556700706
16:25:16,2.559648991,3.503671169,2.555493116
16:25:16,2.559216261,3.502451181,2.557537317
16:25:16,2.560138464,3.502232552,2.555725813
16:25:16,2.558055401,3.501930714,2.555900335
16:25:16,2.559767962,3.504368067,2.555178881
16:25:16,2.559135914,3.502373219,2.55619216
16:25:16,2.559257269,3.503002405,2.5559659
16:25:16,2.559625149,3.502938986,2.555897951
16:25:16,2.558945179,3.503483534,2.555121422
16:25:16,2.558539629,3.503425837,2.5554111
16:25:16,2.559588909,3.50320673,2.556557655
16:25:16,2.558278561,3.500512838,2.557129145
16:25:16,2.558735132,3.499483824,2.555304527
16:25:16,2.557537079,3.500962973,2.555769444
16:25:16,2.559791803,3.501217365,2.556285858
16:25:16,2.559459448,3.500560284,2.555370808
16:25:16,2.55907011,3.500384331,2.555280447
16:25:16,2.559078693,3.499150515,2.555016279
16:25:16,2.558544874,3.502668858,2.554615974
16:25:16,2.558155775,3.502254725,2.556685925
16:25:16,2.559046268,3.5042696,2.555541277
16:25:16,2.558094263,3.503343582,2.555352688
16:25:16,2.558952332,3.505335808,2.556356192
16:25:16,2.559551001,3.504625797,2.557389021
16:25:16,2.558714628,3.504032135,2.556335449
16:25:16,2.559792995,3.505335093,2.556102753
16:25:16,2.559037209,3.504899263,2.55523181
16:25:16,2.559867859,3.505414486,2.555459261
16:25:16,2.558865309,3.504046917,2.556250334
16:25:16,2.558623552,3.502068758,2.556270361
16:25:16,2.559064865,3.500627518,2.556334734
16:25:16,2.559029102,3.503479481,2.555515766
16:25:17,2.559768438,3.502988815,2.555724144
16:25:17,2.559164762,3.502904654,2.55537343
16:25:17,2.559363365,3.502237797,2.556539297
16:25:17,2.559087276,3.502183676,2.554956198
16:25:17,2.559269905,3.503198624,2.55547142
16:25:17,2.55985713,3.503032446,2.556735754
16:25:17,2.560267448,3.503410339,2.556008816
16:25:17,2.560171604,3.502405405,2.555968761
16:25:17,2.559487581,3.503727436,2.555030823
16:25:17,2.559788942,3.501886845,2.556963921
16:25:17,2.55809021,3.502412081,2.555402517
16:25:17,2.559015274,3.503428459,2.555402517
16:25:17,2.558088303,3.503599405,2.55493021
16:25:17,2.559065342,3.503709555,2.555526972
16:25:17,2.559183836,3.503174782,2.556392431
16:25:17,2.559924603,3.502773523,2.556695461
16:25:17,2.559468985,3.503680944,2.556096315
16:25:17,2.559387922,3.504707336,2.557149172
16:25:17,2.559410334,3.501955032,2.555541992
16:25:17,2.558863401,3.502740622,2.555892467
16:25:17,2.558434486,3.501667023,2.554673672
16:25:17,2.559223413,3.502557993,2.555899858
16:25:17,2.559871435,3.503502369,2.55553937
16:25:17,2.558726549,3.501078367,2.55482769
16:25:17,2.558184862,3.500610352,2.555920362
16:25:17,2.559158564,3.501674652,2.556883097
16:25:17,2.559354067,3.50131321,2.55501771
16:25:17,2.558902979,3.503106117,2.554393053
16:25:17,2.55858469,3.502213001,2.554648638
16:25:17,2.558677912,3.502744675,2.553640604
16:25:17,2.558552265,3.502177715,2.554253101
16:25:17,2.558161736,3.501333952,2.555719852
16:25:17,2.558744192,3.502893209,2.556091785
16:25:17,2.558885336,3.502501965,2.555468559
16:25:17,2.557971239,3.503988266,2.554970026
16:25:17,2.55826807,3.498248816,2.554317236
16:25:17,2.557501793,3.501603603,2.55574131
16:25:17,2.559210062,3.500987053,2.555558681
16:25:17,2.558665276,3.500230789,2.555379391
16:25:17,2.557581425,3.501622438,2.555341959
16:25:17,2.557600021,3.499965429,2.555639982
16:25:17,2.55783391,3.500593662,2.553163767
16:25:17,2.558869839,3.501514912,2.554592371
16:25:17,2.558297873,3.500895023,2.555076838
16:25:17,2.558830261,3.501091957,2.555576563
16:25:17,2.558032036,3.501501799,2.555583715
16:25:17,2.558789968,3.503584623,2.555392027
16:25:17,2.559252501,3.502765179,2.555141926
16:25:17,2.558457613,3.502447844,2.555010557
16:25:17,2.558657885,3.503529072,2.555449963
16:25:17,2.558518887,3.502509117,2.554169178
16:25:17,2.558291674,3.503341675,2.555627346
16:25:17,2.55830431,3.50308919,2.555286884
16:25:17,2.559218168,3.501651287,2.554123163
16:25:17,2.557986736,3.502894163,2.555477858
16:25:17,2.55847621,3.501897097,2.555048704
16:25:17,2.558058023,3.500022173,2.555081129
16:25:17,2.55841589,3.50052309,2.555356264
16:25:17,2.559280157,3.499897242,2.555665493
16:25:17,2.558637381,3.500522614,2.556468725
16:25:17,2.557777882,3.501306534,2.555121422
16:25:17,2.558215141,3.500455379,2.555537939
16:25:17,2.558357239,3.501349926,2.554592371
16:25:17,2.558671713,3.502571344,2.555267572
16:25:17,2.558951139,3.501809835,2.555099487
16:25:17,2.558077812,3.501512289,2.555240393
16:25:17,2.558906317,3.500825882,2.555056572
16:25:17,2.558881283,3.501657248,2.555306673
16:25:17,2.559032917,3.502946854,2.554245234
16:25:17,2.558640242,3.502686739,2.554864168
16:25:17,2.557738781,3.500334501,2.554335117
16:25:17,2.55704689,3.501033306,2.554344893
16:25:17,2.558009148,3.501608849,2.55632472
16:25:17,2.558901548,3.502810001,2.554515123
16:25:17,2.558950424,3.503565788,2.555045128
16:25:17,2.557971239,3.500897646,2.554610968
16:25:17,2.558087111,3.502064228,2.555155277
16:25:17,2.558763742,3.50011158,2.554792643
16:25:17,2.557658434,3.501315832,2.554414511
16:25:17,2.55849719,3.502106905,2.554603577
16:25:17,2.558033943,3.500668287,2.5544734
16:25:17,2.557974815,3.500917673,2.553719521
16:25:17,2.557117224,3.500168324,2.553302765
16:25:17,2.558273792,3.500378132,2.555143118
16:25:17,2.557366133,3.502627373,2.554030657
16:25:17,2.556646109,3.5011096,2.554849386
16:25:17,2.558145761,3.502430439,2.55554533
16:25:17,2.558662415,3.50216341,2.556352139
16:25:17,2.557382584,3.500959635,2.554327965
16:25:17,2.557578325,3.501627207,2.554766178
16:25:17,2.55815053,3.501983881,2.555690765
16:25:17,2.558685064,3.502828121,2.55513072
16:25:17,2.559151411,3.502244234,2.554298162
16:25:17,2.55790472,3.501584053,2.555294037
16:25:17,2.558696032,3.500334501,2.556045055
16:25:17,2.559058189,3.500641823,2.553879499
16:25:17,2.558488846,3.499725819,2.554518938
16:25:17,2.557645798,3.500633478,2.55520153
16:25:17,2.558313131,3.500167131,2.554747105
16:25:17,2.558162451,3.4987185,2.555185556
16:25:17,2.557312727,3.500926256,2.554971695
16:25:17,2.557586193,3.500405073,2.554264307
16:25:17,2.558799267,3.502245665,2.554933548
16:25:17,2.558001757,3.501701355,2.555159092
16:25:17,2.558154345,3.500906706,2.555258989
16:25:17,2.557568789,3.500486135,2.554004431
16:25:17,2.557710648,3.501241207,2.554733753
16:25:17,2.558433771,3.501699686,2.555252314
16:25:17,2.558277369,3.503019333,2.555512905
16:25:17,2.558656454,3.501865387,2.555935383
16:25:17,2.558141232,3.501540422,2.555374622
16:25:17,2.558419228,3.502222776,2.55536294
16:25:17,2.55820775,3.502971172,2.555494308
16:25:17,2.558893681,3.503665447,2.555795193
16:25:17,2.558264017,3.502573967,2.554814577
16:25:17,2.558952332,3.502880573,2.555976629
16:25:17,2.558514118,3.500968695,2.556868792
16:25:17,2.558181524,3.501024246,2.556032896
16:25:17,2.559506178,3.501035929,2.556900978
16:25:18,2.559418917,3.502258062,2.55646801
16:25:18,2.559685946,3.502745628,2.555510759
16:25:18,2.558538198,3.502156258,2.555132866
16:25:18,2.557996988,3.501636982,2.554373264
16:25:18,2.558355808,3.502122879,2.55604291
16:25:18,2.558142662,3.501033306,2.554932117
16:25:18,2.557564497,3.500273705,2.555038691
16:25:18,2.559902668,3.50364542,2.555283308
16:25:18,2.558908224,3.502119064,2.554448128
16:25:18,2.55905962,3.502824306,2.555402517
16:25:18,2.558926105,3.503176689,2.554820538
16:25:18,2.558325529,3.501713753,2.55369091
16:25:18,2.557986736,3.501106501,2.554604292
16:25:18,2.558846235,3.502354383,2.554833889
16:25:18,2.559481621,3.502474785,2.555561781
16:25:18,2.559042931,3.502028227,2.555888414
16:25:18,2.559056997,3.503547907,2.555629253
16:25:18,2.55877471,3.504482508,2.555896521
16:25:18,2.558736563,3.502557278,2.554941893
16:25:18,2.55884552,3.5024786,2.555349588
16:25:18,2.558242083,3.501363516,2.555067062
16:25:18,2.557748079,3.502616405,2.555155277
16:25:18,2.55917263,3.503472328,2.55555582
16:25:18,2.559868574,3.502685308,2.555817604
16:25:18,2.558030367,3.501634359,2.555436134
16:25:18,2.558294535,3.499848366,2.554938316
16:25:18,2.557977438,3.500167608,2.554022789
16:25:18,2.557761431,3.500832558,2.555375814
16:25:18,2.558963776,3.503816128,2.555407047
16:25:18,2.55848074,3.50403142,2.555339575
16:25:18,2.559227467,3.503143311,2.55605197
16:25:18,2.558354616,3.502396345,2.555426121
16:25:18,2.559099436,3.501171589,2.553812742
16:25:18,2.558188677,3.501280785,2.555293322
16:25:18,2.558062553,3.499806166,2.555616617
16:25:18,2.558224678,3.500118017,2.554504395
16:25:18,2.557037115,3.499391079,2.555115461
16:25:18,2.557526112,3.499715328,2.554975986
16:25:18,2.5577178,3.499667168,2.553355694
16:25:18,2.558428049,3.499236345,2.55488205
16:25:18,2.557845592,3.500522614,2.554617643
16:25:18,2.55747366,3.500056744,2.553103447
16:25:18,2.558056593,3.500840902,2.554404974
16:25:18,2.556681633,3.499918222,2.554870129
16:25:18,2.556879997,3.500672579,2.555211306
16:25:18,2.558291674,3.501775265,2.554415703
16:25:18,2.558200121,3.502375603,2.555057764
16:25:18,2.558643341,3.501608133,2.554559708
16:25:18,2.557529926,3.50111866,2.554631233
16:25:18,2.557378054,3.501065254,2.554181099
16:25:18,2.557451487,3.501277924,2.554194927
16:25:18,2.557206869,3.50273633,2.555006266
16:25:18,2.558293104,3.503163815,2.554769516
16:25:18,2.558351278,3.502310514,2.554939508
16:25:18,2.558780909,3.503232002,2.555124044
16:25:18,2.558386326,3.502811909,2.553977489
16:25:18,2.558826208,3.501971006,2.554842949
16:25:18,2.557441473,3.500551224,2.554055214
16:25:18,2.557337284,3.498432875,2.554319143
16:25:18,2.557136297,3.499154806,2.554450035
16:25:18,2.558698177,3.501312017,2.554251671
16:25:18,2.558378458,3.50238204,2.554563999
16:25:18,2.558335304,3.501544237,2.554835796
16:25:18,2.557137489,3.500573397,2.554216385
16:25:18,2.558126688,3.500896215,2.553970575
16:25:18,2.558348656,3.500131607,2.555477858
16:25:18,2.557037115,3.500252962,2.554783583
16:25:18,2.558314323,3.501849651,2.553702831
16:25:18,2.558408737,3.502925396,2.554001808
16:25:18,2.558065653,3.50180006,2.555351496
16:25:18,2.556607723,3.500929594,2.554316759
16:25:18,2.557036638,3.500414133,2.553646088
16:25:18,2.556417227,3.500238657,2.553444862
16:25:18,2.557608604,3.500633478,2.553302765
16:25:18,2.557650805,3.499093056,2.553078651
16:25:18,2.556824923,3.499626637,2.554729223
16:25:18,2.55769515,3.499569178,2.555659056
16:25:18,2.558099031,3.501559973,2.554772854
16:25:18,2.557265759,3.502016544,2.553262949
16:25:18,2.557989597,3.501863718,2.553628683
16:25:18,2.55696106,3.49987483,2.553615093
16:25:18,2.557494879,3.501302719,2.554553986
16:25:18,2.558629036,3.501041174,2.55516386
16:25:18,2.557654858,3.500069618,2.554096222
16:25:18,2.557380438,3.50013566,2.554578304
16:25:18,2.557699203,3.501091957,2.55437541
16:25:18,2.556826115,3.500701189,2.554563284
16:25:18,2.556819677,3.499771595,2.55371809
16:25:18,2.558024883,3.501285076,2.554588795
16:25:18,2.558319807,3.502636671,2.555025339
16:25:18,2.559096575,3.502143383,2.55413866
16:25:18,2.559800148,3.503565788,2.554633856
16:25:18,2.558996677,3.501203537,2.555116653
16:25:18,2.558166742,3.502046108,2.555743694
16:25:18,2.55840826,3.502598047,2.555456638
16:25:18,2.557410479,3.499534607,2.5543437
16:25:18,2.558661699,3.499799013,2.55506587
16:25:18,2.557911396,3.498983383,2.554562569
16:25:18,2.557065487,3.500653028,2.554624081
16:25:18,2.558184862,3.500993729,2.554042578
16:25:18,2.557245255,3.50119853,2.553943634
16:25:18,2.55772233,3.500932932,2.555167437
16:25:18,2.557461977,3.501349926,2.555039406
16:25:18,2.558100224,3.500793219,2.55417943
16:25:18,2.55728817,3.499966621,2.555433512
16:25:18,2.558900356,3.501971006,2.554039001
16:25:18,2.558409452,3.50219655,2.554875612
16:25:18,2.558653831,3.501913071,2.555693626
16:25:18,2.55773735,3.501882076,2.55492568
16:25:18,2.557680607,3.502359152,2.555272102
16:25:18,2.558167458,3.502666473,2.555656433
16:25:18,2.557911873,3.502762318,2.55483675
16:25:18,2.558842182,3.501597166,2.554133177
16:25:18,2.558784723,3.501077175,2.554198027
16:25:18,2.557843924,3.500540733,2.554621935
16:25:18,2.557995081,3.500654936,2.555240393
16:25:19,2.557876825,3.499498606,2.5543046
16:25:19,2.558019638,3.499355078,2.554241896
16:25:19,2.558422804,3.499753714,2.554169893
16:25:19,2.55780673,3.498575687,2.555356264
16:25:19,2.55802083,3.499460936,2.554445505
16:25:19,2.557900667,3.49958086,2.553796053
16:25:19,2.557679415,3.501558542,2.555365324
16:25:19,2.558811188,3.502580404,2.555087566
16:25:19,2.55872798,3.501832485,2.555094242
16:25:19,2.55841589,3.501920938,2.553120375
16:25:19,2.558009148,3.502417088,2.555257082
16:25:19,2.557884932,3.501147509,2.555352688
16:25:19,2.558279037,3.502559185,2.555538893
16:25:19,2.557386637,3.501440525,2.556114674
16:25:19,2.558376551,3.501318693,2.555124044
16:25:19,2.558011055,3.501981974,2.554086447
16:25:19,2.55858779,3.500912666,2.555076838
16:25:19,2.559333086,3.502006054,2.5539639
16:25:19,2.557650089,3.501732588,2.554663658
16:25:19,2.558355808,3.501572847,2.553376198
16:25:19,2.558160305,3.500486135,2.554725885
16:25:19,2.558353186,3.500815392,2.554489851
16:25:19,2.557656288,3.501911163,2.555276871
16:25:19,2.557788372,3.502263308,2.554499865
16:25:19,2.558264732,3.503322124,2.554885864
16:25:19,2.558002949,3.502551079,2.553965569
16:25:19,2.557849169,3.501811981,2.555276155
16:25:19,2.558133364,3.502349377,2.55553484
16:25:19,2.558686972,3.501098394,2.555531263
16:25:19,2.557768583,3.502332926,2.554871321
16:25:19,2.558763981,3.501848936,2.555259466
16:25:19,2.55808115,3.501628876,2.554788828
16:25:19,2.558676243,3.502074718,2.554990768
16:25:19,2.558094263,3.502079248,2.554439068
16:25:19,2.5572505,3.500840187,2.55358243
16:25:19,2.558520555,3.501749277,2.553772688
16:25:19,2.558200598,3.50047493,2.553664684
16:25:19,2.55661869,3.499574661,2.554309845
16:25:19,2.556980848,3.497604609,2.554124832
16:25:19,2.557192564,3.499572277,2.554219246
16:25:19,2.557270288,3.499488115,2.554491758
16:25:19,2.557610035,3.498759031,2.554295301
16:25:19,2.558053255,3.499172449,2.554990768
16:25:19,2.55773735,3.500781059,2.554287434
16:25:19,2.557360649,3.50095582,2.553295612
16:25:19,2.557496309,3.499196053,2.553444862
16:25:19,2.557709932,3.500172138,2.553571224
16:25:19,2.557065487,3.499521494,2.553750038
16:25:19,2.558260679,3.501147032,2.554115534
16:25:19,2.558112383,3.500914097,2.55496645
16:25:19,2.558698893,3.501863718,2.554838419
16:25:19,2.558614969,3.502454996,2.554987192
16:25:19,2.557394505,3.50161624,2.552919149
16:25:19,2.557207584,3.501152754,2.55412674
16:25:19,2.557526112,3.501963139,2.554939032
16:25:19,2.558377743,3.502358675,2.554546595
16:25:19,2.55848527,3.499076128,2.554352999
16:25:19,2.55758214,3.500680923,2.554334402
16:25:19,2.55740118,3.500611067,2.555188894
16:25:19,2.558570623,3.501287222,2.554614067
16:25:19,2.558521271,3.501275301,2.554016352
16:25:19,2.557665586,3.499335051,2.553868771
16:25:19,2.557854652,3.500241995,2.553935051
16:25:19,2.558487177,3.501457453,2.554694176
16:25:19,2.557873011,3.500479221,2.555136442
16:25:19,2.558136702,3.502079964,2.555502415
16:25:19,2.557874441,3.501183271,2.554508924
16:25:19,2.557376862,3.500312567,2.554336548
16:25:19,2.558160305,3.501649857,2.555583
16:25:19,2.558280468,3.502897501,2.553821325
16:25:19,2.556843996,3.502115965,2.554572344
16:25:19,2.557621956,3.501011848,2.555115938
16:25:19,2.556906939,3.500994444,2.553838491
16:25:19,2.558313131,3.501441956,2.554498196
16:25:19,2.557935238,3.500427246,2.554341555
16:25:19,2.557352781,3.500179529,2.555024147
16:25:19,2.557958603,3.500311136,2.554294109
16:25:19,2.557813406,3.500976086,2.553461313
16:25:19,2.557686567,3.500334501,2.555171013
16:25:19,2.557342291,3.501053572,2.555052042
16:25:19,2.558249235,3.500192165,2.554639339
16:25:19,2.559021235,3.500946522,2.554695368
16:25:19,2.55917263,3.502123594,2.555303812
16:25:19,2.559335709,3.502128363,2.555494308
16:25:19,2.55731988,3.501630783,2.555400372
16:25:19,2.557093382,3.500611067,2.555263519
16:25:19,2.558100224,3.502498865,2.555780172
16:25:19,2.558134079,3.501686335,2.555814505
16:25:19,2.558536768,3.501761913,2.55612278
16:25:19,2.558638811,3.501597881,2.555174828
16:25:19,2.558290958,3.502581596,2.555960655
16:25:19,2.55790472,3.504529238,2.554288149
16:25:19,2.55869174,3.504181385,2.554900408
16:25:19,2.558913469,3.503382683,2.553849697
16:25:19,2.558278084,3.500926733,2.556012392
16:25:19,2.558268785,3.500199556,2.55606389
16:25:19,2.558655262,3.499725819,2.555597544
16:25:19,2.558773041,3.499316692,2.555599451
16:25:19,2.558072805,3.500470161,2.553849697
16:25:19,2.557961464,3.501443863,2.5539608
16:25:19,2.558758259,3.50225687,2.555051327
16:25:19,2.558781385,3.501259089,2.555841684
16:25:19,2.557762146,3.501381636,2.555844069
16:25:19,2.558638096,3.502426863,2.555726528
16:25:19,2.558653355,3.502053261,2.554628849
16:25:19,2.559123039,3.502061605,2.556460619
16:25:19,2.558456898,3.502664566,2.555334806
16:25:19,2.557769775,3.50299263,2.556061268
16:25:19,2.559495926,3.503540754,2.555149794
16:25:19,2.558332205,3.504239559,2.553988934
16:25:19,2.557910681,3.501862049,2.555438757
16:25:19,2.557222843,3.502657413,2.554998636
16:25:19,2.558675528,3.503523827,2.555606365
16:25:19,2.558863401,3.50359726,2.555510283
16:25:19,2.557853222,3.502320766,2.55499053
16:25:20,2.558279753,3.502385378,2.555777788
16:25:20,2.557675362,3.501431465,2.555652857
16:25:20,2.55725646,3.500926733,2.55586195
16:25:20,2.557687283,3.501862764,2.554596901
16:25:20,2.559072733,3.501046419,2.555938959
16:25:20,2.558993578,3.501246214,2.554158449
16:25:20,2.557916164,3.50190568,2.554924488
16:25:20,2.558636665,3.503378391,2.555166483
16:25:20,2.558542252,3.501833677,2.555071354
16:25:20,2.557999849,3.502695084,2.555574894
16:25:20,2.558215857,3.503635406,2.554971695
16:25:20,2.558290958,3.502551079,2.555772305
16:25:20,2.559020758,3.502966404,2.555866718
16:25:20,2.558252096,3.5032022,2.555305243
16:25:20,2.558231115,3.501425982,2.556174278
16:25:20,2.558838844,3.501914024,2.554667234
16:25:20,2.558462381,3.502013445,2.554876089
16:25:20,2.558392763,3.501470566,2.554953337
16:25:20,2.558393478,3.500968695,2.554933548
16:25:20,2.558290958,3.501016378,2.55521059
16:25:20,2.558917046,3.500576258,2.555250883
16:25:20,2.558421373,3.500585318,2.554616928
16:25:20,2.558521271,3.500767708,2.553741693
16:25:20,2.558359385,3.500658274,2.555645704
16:25:20,2.557238579,3.499567509,2.554313183
16:25:20,2.559005499,3.500202656,2.556701422
16:25:20,2.559185743,3.501182795,2.556441307
16:25:20,2.559204817,3.501890659,2.555160284
16:25:20,2.558701515,3.502146482,2.55561614
16:25:20,2.558732986,3.501865864,2.554452181
16:25:20,2.558050156,3.50204277,2.555452824
16:25:20,2.557988644,3.50315237,2.555384398
16:25:20,2.558581114,3.503445387,2.554862976
16:25:20,2.559791803,3.50263834,2.554989815
16:25:20,2.55932498,3.502673149,2.556115389
16:25:20,2.558775902,3.503461361,2.556527376
16:25:20,2.55951333,3.503116846,2.555678129
16:25:20,2.558861971,3.503670454,2.555561066
16:25:20,2.558692217,3.503532887,2.556480408
16:25:20,2.558686972,3.503461361,2.555162907
16:25:20,2.558711529,3.504135132,2.556424379
16:25:20,2.559494972,3.502474785,2.555602074
16:25:20,2.558951855,3.500766516,2.556465864
16:25:20,2.560026884,3.501771212,2.555764198
16:25:20,2.559041739,3.501299143,2.555473328
16:25:20,2.558743715,3.503447294,2.555672407
16:25:20,2.558536768,3.503448009,2.555527687
16:25:20,2.559816122,3.502601147,2.556582212
16:25:20,2.558719873,3.501819611,2.556979179
16:25:20,2.559164047,3.504400253,2.558036566
16:25:20,2.559248686,3.502678156,2.55622983
16:25:20,2.559162855,3.504448891,2.556598186
16:25:20,2.558962345,3.504066467,2.555226088
16:25:20,2.559195042,3.504461288,2.555253506
16:25:20,2.559303999,3.503335714,2.555178881
16:25:20,2.55802083,3.502636671,2.555891752
16:25:20,2.558382988,3.502240419,2.555835724
16:25:20,2.558053732,3.50150466,2.55557847
16:25:20,2.559173107,3.501320601,2.556114674
16:25:20,2.558212757,3.500712872,2.554998636
16:25:20,2.559473276,3.50106144,2.555120945
16:25:20,2.558735847,3.501369476,2.55512929
16:25:20,2.55840826,3.501004696,2.556406975
16:25:20,2.558083534,3.500026703,2.554704189
16:25:20,2.557644844,3.50046587,2.553659201
16:25:20,2.55787611,3.501041174,2.553970575
16:25:20,2.558386803,3.502012014,2.55593133
16:25:20,2.558702469,3.502077103,2.555221796
16:25:20,2.558154821,3.502325773,2.554775953
16:25:20,2.558386326,3.502291918,2.55423975
16:25:20,2.558886528,3.502878666,2.55547142
16:25:20,2.558498621,3.50260663,2.555736303
16:25:20,2.558358669,3.50216341,2.555476427
16:25:20,2.558238268,3.503243923,2.556200027
16:25:20,2.558196068,3.502870798,2.554949045
16:25:20,2.558838844,3.502916336,2.555307388
16:25:20,2.558650017,3.502198935,2.554325104
16:25:20,2.557767868,3.501113176,2.554023504
16:25:20,2.557922602,3.500346899,2.554704189
16:25:20,2.558077097,3.501448393,2.555014849
16:25:20,2.55789423,3.501137257,2.555709362
16:25:20,2.557304621,3.500401974,2.554318666
16:25:20,2.557905436,3.500658989,2.553892136
16:25:20,2.556975126,3.499432802,2.555379391
16:25:20,2.55869174,3.500872374,2.556150913
16:25:20,2.559069633,3.501830101,2.55492568
16:25:20,2.55815959,3.50246954,2.554614782
16:25:20,2.558964491,3.502361059,2.555600882
16:25:20,2.558188677,3.500633478,2.555926323
16:25:20,2.558157682,3.500938177,2.555635214
16:25:20,2.557768583,3.501435757,2.556172848
16:25:20,2.558358669,3.50376606,2.555733204
16:25:20,2.558996677,3.504363537,2.555473328
16:25:20,2.55866909,3.503501654,2.554873943
16:25:20,2.558803082,3.50205183,2.555375814
16:25:20,2.557293653,3.499980211,2.555309772
16:25:20,2.558453083,3.500801086,2.555114031
16:25:20,2.55692482,3.500531673,2.555112839
16:25:20,2.558233738,3.501763582,2.555199385
16:25:20,2.558974981,3.500959635,2.554429054
16:25:20,2.558180809,3.499634504,2.553483248
16:25:20,2.557155371,3.498555422,2.554688931
16:25:20,2.558624744,3.499738216,2.553480864
16:25:20,2.557835817,3.500124454,2.554082394
16:25:20,2.558124065,3.501251221,2.55583024
16:25:20,2.558538198,3.501978159,2.555552483
16:25:20,2.559061766,3.50271821,2.556500196
16:25:20,2.558349371,3.500435591,2.555668354
16:25:20,2.557221413,3.501595974,2.555265665
16:25:20,2.55783844,3.500683546,2.555774212
16:25:20,2.557862997,3.501191139,2.554889917
16:25:20,2.558410883,3.502453804,2.554082394
16:25:20,2.55936265,3.502245665,2.55641818
16:25:20,2.558906317,3.501847029,2.55551219
16:25:20,2.558569908,3.501751423,2.555571079
16:25:20,2.557662725,3.502161503,2.555170298
16:25:20,2.558437109,3.502230167,2.555733919
16:25:20,2.558544159,3.500834942,2.555008173
16:25:20,2.55877018,3.500907421,2.555068493
16:25:21,2.558024168,3.501443863,2.55593276
16:25:21,2.558947802,3.50117898,2.555413723
16:25:21,2.559181929,3.500413656,2.556040049
16:25:21,2.5595994,3.500107527,2.555364609
16:25:21,2.557477236,3.501205444,2.554968119
16:25:21,2.558747053,3.502926111,2.55607748
16:25:21,2.559584379,3.502698421,2.555008173
16:25:21,2.558826923,3.502472162,2.555205345
16:25:21,2.559144974,3.502063513,2.557456732
16:25:21,2.55966258,3.50366497,2.55696702
16:25:21,2.560215235,3.504034042,2.554714441
16:25:21,2.558134079,3.50321722,2.555454731
16:25:21,2.557529211,3.503448725,2.554663658
16:25:21,2.558148384,3.503769159,2.554349661
16:25:21,2.558327675,3.501991034,2.554554701
16:25:21,2.558258772,3.502140522,2.555328369
16:25:21,2.558719397,3.50146389,2.555062056
16:25:21,2.557899237,3.500032425,2.555082321
16:25:21,2.5584023,3.501605034,2.555541992
16:25:21,2.557145357,3.500760794,2.555280685
16:25:21,2.558298349,3.501756907,2.553442001
16:25:21,2.557903528,3.500962257,2.553973436
16:25:21,2.558422089,3.501111507,2.554130077
16:25:21,2.559297562,3.500696182,2.555269003
16:25:21,2.558481455,3.501244783,2.555006266
16:25:21,2.557131052,3.50166297,2.55429697
16:25:21,2.558142662,3.502159357,2.554242611
16:25:21,2.557112932,3.502112389,2.553657293
16:25:21,2.558036804,3.502070189,2.55395627
16:25:21,2.558528423,3.501032114,2.55537653
16:25:21,2.558166027,3.50097847,2.555743694
16:25:21,2.557210207,3.501328468,2.554934263
16:25:21,2.558678389,3.502106905,2.555075645
16:25:21,2.558243752,3.502722502,2.555973053
16:25:21,2.557718277,3.501626015,2.556524038
16:25:21,2.558610916,3.501231432,2.555787325
16:25:21,2.558408737,3.502067327,2.554821968
16:25:21,2.558832884,3.500936031,2.554400444
16:25:21,2.557345629,3.50072813,2.555792809
16:25:21,2.558507919,3.501963139,2.554625988
16:25:21,2.557981968,3.500943899,2.555087566
16:25:21,2.557973385,3.500115395,2.555557489
16:25:21,2.558402777,3.500469685,2.554479122
16:25:21,2.558600903,3.500339746,2.553650379
16:25:21,2.558141232,3.499968529,2.554975986
16:25:21,2.5575037,3.500903606,2.554675579
16:25:21,2.558402777,3.503143311,2.554770947
16:25:21,2.557664871,3.50282979,2.554260492
16:25:21,2.557966948,3.502310514,2.55575943
16:25:21,2.558059216,3.502025127,2.554145813
16:25:21,2.558523178,3.50378871,2.554042101
16:25:21,2.557969332,3.502827644,2.554473877
16:25:21,2.558535099,3.502721786,2.554183006
16:25:21,2.557633877,3.501784325,2.55622077
16:25:21,2.558472872,3.500352144,2.554909706
16:25:21,2.558425903,3.501156092,2.554991722
16:25:21,2.557200432,3.501431465,2.554581165
16:25:21,2.558274508,3.500334501,2.553993702
16:25:21,2.557988644,3.500226259,2.556019545
16:25:21,2.558011055,3.501739979,2.554465294
16:25:21,2.557929754,3.500786066,2.555671692
16:25:21,2.557843208,3.500628948,2.55613327
16:25:21,2.558173418,3.500000477,2.555015326
16:25:21,2.558165073,3.501469135,2.554802656
16:25:21,2.558019638,3.50165391,2.553803921
16:25:21,2.559415102,3.50225997,2.555887222
16:25:21,2.557434797,3.501828194,2.55410409
16:25:21,2.55826664,3.501357079,2.554111004
16:25:21,2.558825016,3.501365423,2.556306362
16:25:21,2.558646679,3.501266241,2.554914951
16:25:21,2.558108091,3.50150466,2.555871964
16:25:21,2.558353186,3.502713442,2.554248333
16:25:21,2.55822587,3.502054453,2.55509758
16:25:21,2.559888124,3.503201485,2.555910826
16:25:21,2.558041096,3.501389503,2.555202007
16:25:21,2.558230162,3.499922991,2.554644585
16:25:21,2.556816578,3.500140667,2.554498911
16:25:21,2.558910131,3.501778364,2.55479598
16:25:21,2.558285236,3.501791,2.554528713
16:25:21,2.557289362,3.500532389,2.554451704
16:25:21,2.557878256,3.500594378,2.554444075
16:25:21,2.558350801,3.500214577,2.555552006
16:25:21,2.558217525,3.500355959,2.555125237
16:25:21,2.55760932,3.500744343,2.555233717
16:25:21,2.557325363,3.501277924,2.55444479
16:25:21,2.556326389,3.501390934,2.556148052
16:25:21,2.557188511,3.502413511,2.556015968
16:25:21,2.558819056,3.50262475,2.555611849
16:25:21,2.557960272,3.50107789,2.554432392
16:25:21,2.55881381,3.502707481,2.554655313
16:25:21,2.558902979,3.503245831,2.554176331
16:25:21,2.557858944,3.501733303,2.554058075
16:25:21,2.558292389,3.502068043,2.55450964
16:25:21,2.558161736,3.500230312,2.553344488
16:25:21,2.55760479,3.500025272,2.552184343
16:25:21,2.557397842,3.500059843,2.554393053
16:25:21,2.557337999,3.500144005,2.554829121
16:25:21,2.556916952,3.49955821,2.555780172
16:25:21,2.557703733,3.501374006,2.554319143
16:25:21,2.557786465,3.5023489,2.555531979
16:25:21,2.558094978,3.500953674,2.554186821
16:25:21,2.557210207,3.499453306,2.554640293
16:25:21,2.558327675,3.50199461,2.556365967
16:25:21,2.557947874,3.502114296,2.555962563
16:25:21,2.558528423,3.50301218,2.555199862
16:25:21,2.557851791,3.503561497,2.554421186
16:25:21,2.558423758,3.503200293,2.55521059
16:25:21,2.558815479,3.503473043,2.556241512
16:25:21,2.558496714,3.502373934,2.556325674
16:25:21,2.559142113,3.502162218,2.555659056
16:25:21,2.558084965,3.500957727,2.555636406
16:25:21,2.557648897,3.502245665,2.555221796
16:25:21,2.55742836,3.502335548,2.555307865
16:25:21,2.558328867,3.502425671,2.554759026
16:25:21,2.558697701,3.502293348,2.553986073
16:25:21,2.557485104,3.501410723,2.554494619
16:25:21,2.557598591,3.500721216,2.554474354
16:25:21,2.557098627,3.501199245,2.554270267
16:25:21,2.55678153,3.500595093,2.554362059
16:25:22,2.55832696,3.500846148,2.556184292
16:25:22,2.558227062,3.501034021,2.555815935
16:25:22,2.558186769,3.499426365,2.555062056
16:25:22,2.558067322,3.501190186,2.556312561
16:25:22,2.558912277,3.500947952,2.55437541
16:25:22,2.556946039,3.501666307,2.554249763
16:25:22,2.557325363,3.502122879,2.554474354
16:25:22,2.557814598,3.5032444,2.554546118
16:25:22,2.55800581,3.502300739,2.554734468
16:25:22,2.557747364,3.502010107,2.55606842
16:25:22,2.55819416,3.500957012,2.554867983
16:25:22,2.558531523,3.501878977,2.554399252
16:25:22,2.558495522,3.50272131,2.554968834
16:25:22,2.55873704,3.501306057,2.554799318
16:25:22,2.557846308,3.501105785,2.555134058
16:25:22,2.557866335,3.501889944,2.55457449
16:25:22,2.557991982,3.499965429,2.554762363
16:25:22,2.557780504,3.501361609,2.553809404
16:25:22,2.558035612,3.502512455,2.554804087
16:25:22,2.55766201,3.501053572,2.554406404
16:25:22,2.55841732,3.501460791,2.554136515
16:25:22,2.559241772,3.501737356,2.556245804
16:25:22,2.558404684,3.500510216,2.554381847
16:25:22,2.557266951,3.500394106,2.555093765
16:25:22,2.557384014,3.501608133,2.554728746
16:25:22,2.557428837,3.501678944,2.554178953
16:25:22,2.558303595,3.503436327,2.553615808
16:25:22,2.558222294,3.502639532,2.555020332
16:25:22,2.55822587,3.500801802,2.555633307
16:25:22,2.558606863,3.500460386,2.555083036
16:25:22,2.55769062,3.500604153,2.554798603
16:25:22,2.557633162,3.502111197,2.554876089
16:25:22,2.557610035,3.501430035,2.554616928
16:25:22,2.557467222,3.501005411,2.553479433
16:25:22,2.557140827,3.50052309,2.554730654
16:25:22,2.559239864,3.501611233,2.556591749
16:25:22,2.558397532,3.500935316,2.5560956
16:25:22,2.558386803,3.500609159,2.553717375
16:25:22,2.558754921,3.501377106,2.553895712
16:25:22,2.559126139,3.501533985,2.553969145
16:25:22,2.558401585,3.501443863,2.553680182
16:25:22,2.558026314,3.501094818,2.554307938
16:25:22,2.557658434,3.500451326,2.55519557
16:25:22,2.557956934,3.50084281,2.555363417
16:25:22,2.55769515,3.499881983,2.55460763
16:25:22,2.558110714,3.501062632,2.556051254
16:25:22,2.55804944,3.501357079,2.555795908
16:25:22,2.557991028,3.502440214,2.554498911
16:25:22,2.559307575,3.502357244,2.556380749
16:25:22,2.557656765,3.501794815,2.555199862
16:25:22,2.558819771,3.502762318,2.555034876
16:25:22,2.558010101,3.502602577,2.555536747
16:25:22,2.559610605,3.501469135,2.554410458
16:25:22,2.55783534,3.501854658,2.555411816
16:25:22,2.558957338,3.502328634,2.556297779
16:25:22,2.558445692,3.502639532,2.554087877
16:25:22,2.558561325,3.500365734,2.555067062
16:25:22,2.558422089,3.500932932,2.555005789
16:25:22,2.557938814,3.500730753,2.555096865
16:25:22,2.557284355,3.500537395,2.554956198
16:25:22,2.557779074,3.50069809,2.554314375
16:25:22,2.557519674,3.500826597,2.554924965
16:25:22,2.557635069,3.500177383,2.554492474
16:25:22,2.558324814,3.50109005,2.554562569
16:25:22,2.558415413,3.500387192,2.554959774
16:25:22,2.557913303,3.501446247,2.554805756
16:25:22,2.557470083,3.501920938,2.554404497
16:25:22,2.557858229,3.501264334,2.555764198
16:25:22,2.558327675,3.501404047,2.555270195
16:25:22,2.557916164,3.501922846,2.555200815
16:25:22,2.558785915,3.503330231,2.554591417
16:25:22,2.557482719,3.50342536,2.555737019
16:25:22,2.5593853,3.502960205,2.554419994
16:25:22,2.558122635,3.502846479,2.555711508
16:25:22,2.557939529,3.501690388,2.556115389
16:25:22,2.558334112,3.500815392,2.554660082
16:25:22,2.557397127,3.501626015,2.555243015
16:25:22,2.558276653,3.501535177,2.554003
16:25:22,2.5584023,3.502840042,2.554598808
16:25:22,2.558487892,3.502687454,2.55496645
16:25:22,2.557886362,3.502218962,2.554291487
16:25:22,2.55823493,3.500703812,2.555333614
16:25:22,2.557931662,3.499368191,2.555466175
16:25:22,2.557917356,3.499506712,2.555039406
16:25:22,2.557471991,3.50048852,2.553915977
16:25:22,2.558046103,3.500193596,2.554288626
16:25:22,2.557963371,3.501589775,2.554697514
16:25:22,2.55809164,3.502692461,2.555776596
16:25:22,2.558689594,3.502389193,2.555540562
16:25:22,2.558472395,3.502308846,2.555305243
16:25:22,2.558089018,3.499539137,2.555431604
16:25:22,2.558320761,3.498622417,2.553804398
16:25:22,2.557379961,3.499261379,2.555736303
16:25:22,2.558212042,3.50052309,2.554599524
16:25:22,2.558050871,3.502678156,2.555353403
16:25:22,2.558002949,3.50119853,2.555086374
16:25:22,2.558429241,3.501662254,2.555998802
16:25:22,2.557948351,3.500192165,2.555400372
16:25:22,2.55783534,3.500903606,2.554719925
16:25:22,2.55729866,3.501998186,2.553506374
16:25:22,2.55728817,3.502474785,2.553995848
16:25:22,2.556937218,3.502745628,2.554428339
16:25:22,2.55862999,3.501585245,2.554898262
16:25:22,2.558229685,3.501275301,2.554404974
16:25:22,2.558324814,3.501024961,2.555249691
16:25:22,2.558085442,3.501480341,2.554652929
16:25:22,2.558614254,3.500692606,2.553871393
16:25:22,2.558612823,3.501721621,2.556227922
16:25:22,2.558970451,3.502098799,2.554395437
16:25:22,2.558548689,3.502515793,2.555789948
16:25:22,2.558704138,3.502611637,2.553910494
16:25:22,2.557977915,3.501548052,2.554442883
16:25:22,2.557613134,3.502719402,2.554525137
16:25:22,2.55787015,3.501745939,2.554244518
16:25:22,2.558162451,3.502169847,2.555413008
16:25:22,2.558047295,3.50146389,2.555543184
16:25:23,2.558247566,3.500675678,2.555042267
16:25:23,2.558684349,3.500989676,2.556044817
16:25:23,2.558315039,3.501364231,2.554908276
16:25:23,2.558396816,3.501579523,2.554755688
16:25:23,2.55772543,3.499871492,2.554128647
16:25:23,2.557448626,3.500377655,2.555510759
16:25:23,2.557900667,3.501614809,2.55433774
16:25:23,2.55910182,3.500238657,2.554885864
16:25:23,2.558046579,3.500510931,2.555720568
16:25:23,2.558508635,3.501272202,2.555526257
16:25:23,2.558638811,3.502044201,2.556543112
16:25:23,2.557778597,3.50129056,2.555338383
16:25:23,2.558717251,3.503544807,2.555598974
16:25:23,2.558968544,3.502999306,2.554885387
16:25:23,2.558299065,3.502488375,2.556119204
16:25:23,2.557744026,3.502361059,2.555100203
16:25:23,2.558212042,3.502393246,2.556039333
16:25:23,2.559277773,3.5032022,2.555386543
16:25:23,2.558801889,3.503192425,2.553881407
16:25:23,2.558796406,3.502369642,2.554638147
16:25:23,2.558004618,3.501618147,2.554920912
16:25:23,2.557691813,3.501051664,2.554652929
16:25:23,2.557967663,3.501509666,2.554877281
16:25:23,2.558279753,3.501838684,2.555506945
16:25:23,2.557435513,3.502046108,2.554249048
16:25:23,2.557827234,3.501657248,2.555032253
16:25:23,2.557711601,3.500461817,2.553766251
16:25:23,2.557647705,3.501337528,2.554102898
16:25:23,2.557319164,3.501399994,2.55454278
16:25:23,2.557376146,3.500376225,2.553866863
16:25:23,2.557576895,3.501093388,2.554005623
16:25:23,2.558003664,3.501176834,2.5550704
16:25:23,2.557925224,3.500655651,2.555084229
16:25:23,2.558131456,3.500445604,2.555075645
16:25:23,2.558082819,3.500804901,2.556257725
16:25:23,2.558804035,3.501967669,2.555795193
16:25:23,2.557822943,3.501664877,2.553686857
16:25:23,2.557551384,3.501080275,2.554920912
16:25:23,2.557868958,3.501791716,2.554307222
16:25:23,2.557339668,3.501497269,2.554080486
16:25:23,2.55850625,3.501721621,2.554724455
16:25:23,2.557683468,3.50325036,2.555348396
16:25:23,2.557241201,3.501273394,2.553877354
16:25:23,2.557662725,3.501032114,2.554861307
16:25:23,2.556973696,3.501165152,2.554833889
16:25:23,2.558723927,3.501734734,2.555332184
16:25:23,2.558053732,3.501683235,2.554767609
16:25:23,2.55736351,3.501074314,2.554272413
16:25:23,2.557718277,3.502485037,2.552774906
16:25:23,2.557171822,3.500889063,2.554169178
16:25:23,2.558463812,3.501076698,2.555301905
16:25:23,2.557844639,3.500949144,2.55444932
16:25:23,2.557995081,3.501398563,2.555318594
16:25:23,2.557614803,3.501615524,2.553493738
16:25:23,2.55783534,3.50068903,2.554366827
16:25:23,2.557070732,3.49958992,2.554906607
16:25:23,2.557372093,3.499763012,2.553601027
16:25:23,2.557323694,3.500596285,2.554852962
16:25:23,2.557316065,3.501553297,2.555239677
16:25:23,2.556793213,3.499140024,2.554030657
16:25:23,2.557249308,3.500118017,2.5536623
16:25:23,2.557220221,3.499647617,2.55427146
16:25:23,2.557272911,3.499235153,2.555485249
16:25:23,2.5579741,3.500295401,2.554223537
16:25:23,2.557270288,3.499702692,2.553850412
16:25:23,2.557786465,3.501588583,2.55360961
16:25:23,2.557585716,3.500286818,2.554350853
16:25:23,2.557630301,3.501616716,2.555202007
16:25:23,2.557742596,3.500561476,2.555771351
16:25:23,2.557502508,3.500043631,2.553948879
16:25:23,2.556828976,3.499846458,2.554075003
16:25:23,2.557724237,3.501703262,2.554269552
16:25:23,2.557711601,3.501818419,2.553841114
16:25:23,2.558258772,3.501266956,2.554959297
16:25:23,2.55710578,3.501385689,2.554866076
16:25:23,2.557569504,3.50070858,2.556150913
16:25:23,2.557501078,3.501345873,2.555620909
16:25:23,2.557111979,3.49980545,2.552782059
16:25:23,2.557656765,3.50191927,2.553334475
16:25:23,2.557494879,3.501778364,2.554830313
16:25:23,2.558041096,3.501543522,2.553356409
16:25:23,2.557995081,3.501357079,2.55458045
16:25:23,2.557812214,3.500833511,2.555574894
16:25:23,2.558617592,3.501720905,2.554624796
16:25:23,2.557720423,3.502301216,2.554829121
16:25:23,2.558151245,3.502673149,2.5548594
16:25:23,2.558667898,3.50262332,2.555146456
16:25:23,2.559326649,3.5007236,2.554899216
16:25:23,2.55804944,3.501396656,2.55646801
16:25:23,2.557572365,3.501448393,2.555615425
16:25:23,2.556806564,3.499917746,2.553906441
16:25:23,2.557241201,3.500919342,2.555709362
16:25:23,2.558129311,3.50230813,2.555433512
16:25:23,2.55822897,3.501936197,2.556287766
16:25:23,2.55801487,3.501828909,2.555671692
16:25:23,2.557965279,3.499960661,2.556379795
16:25:23,2.557607889,3.500689745,2.554360867
16:25:23,2.55764842,3.501481533,2.555385828
16:25:23,2.558019161,3.501332998,2.554546595
16:25:23,2.557713509,3.500928402,2.554140568
16:25:23,2.557115555,3.500655651,2.554733753
16:25:23,2.557985306,3.500370502,2.554896593
16:25:23,2.558309078,3.500763893,2.554249048
16:25:23,2.55858469,3.501095533,2.553868294
16:25:23,2.557360649,3.501606941,2.555031538
16:25:23,2.558460951,3.50097537,2.553699255
16:25:23,2.557828188,3.500356674,2.554006338
16:25:23,2.557087421,3.499038696,2.554061174
16:25:23,2.557506084,3.499744654,2.554400444
16:25:23,2.557608604,3.501471758,2.553294182
16:25:23,2.557318211,3.502864122,2.554428339
16:25:23,2.556581259,3.501586914,2.554374695
16:25:23,2.558320761,3.500779152,2.554511547
16:25:23,2.557126284,3.500085354,2.555262327
16:25:23,2.556382895,3.499352694,2.555788517
16:25:24,2.557874918,3.502053976,2.555096388
16:25:24,2.557762146,3.501882076,2.555852175
16:25:24,2.55802083,3.501705408,2.553183556
16:25:24,2.556642532,3.500453234,2.554489851
16:25:24,2.55793786,3.499094248,2.555145979
16:25:24,2.558374882,3.500029325,2.555246353
16:25:24,2.557832003,3.500326157,2.556020737
16:25:24,2.558021307,3.503325462,2.554882765
16:25:24,2.557659388,3.503334522,2.553743124
16:25:24,2.557036638,3.503343105,2.55508399
16:25:24,2.558252811,3.502658129,2.555653572
16:25:24,2.558648586,3.503243208,2.553836346
16:25:24,2.557344437,3.503270388,2.556233168
16:25:24,2.558368444,3.501644135,2.554964542
16:25:24,2.557855129,3.501026869,2.555272102
16:25:24,2.557041883,3.501136541,2.554357529
16:25:24,2.558469534,3.501914024,2.555393219
16:25:24,2.558120012,3.501257181,2.554486275
16:25:24,2.558303595,3.503396511,2.554540634
16:25:24,2.557740211,3.502479315,2.554643869
16:25:24,2.557510138,3.50201726,2.555132866
16:25:24,2.557933092,3.502022505,2.556345463
16:25:24,2.558303595,3.501493454,2.554180384
16:25:24,2.557964087,3.500378132,2.554992437
16:25:24,2.557724237,3.501008511,2.554735184
16:25:24,2.557153225,3.500046492,2.554631948
16:25:24,2.557578325,3.500322819,2.554746389
16:25:24,2.557654142,3.500432491,2.555250406
16:25:24,2.557847261,3.500923157,2.555389881
16:25:24,2.55798316,3.501605749,2.554620743
16:25:24,2.558221102,3.502535343,2.555160999
16:25:24,2.557534695,3.501635075,2.55517292
16:25:24,2.558598995,3.501626492,2.555156946
16:25:24,2.557607651,3.500882864,2.554352999
16:25:24,2.557962894,3.501591921,2.554045439
16:25:24,2.558447123,3.501888752,2.554515123
16:25:24,2.557938814,3.50176096,2.555873394
16:25:24,2.558254719,3.500910759,2.55515027
16:25:24,2.557222843,3.499751568,2.555034876
16:25:24,2.55826807,3.502179146,2.555967093
16:25:24,2.55892539,3.501850843,2.555806637
16:25:24,2.558332205,3.501505136,2.555773497
16:25:24,2.558698177,3.502000809,2.555643797
16:25:24,2.558685541,3.500872374,2.555190086
16:25:24,2.558089018,3.501445532,2.554279566
16:25:24,2.557473183,3.500003815,2.553906441
16:25:24,2.557720423,3.501355648,2.554145813
16:25:24,2.557476521,3.501132488,2.553972006
16:25:24,2.557422161,3.501594305,2.554837465
16:25:24,2.55793643,3.501609325,2.555362225
16:25:24,2.5584023,3.500447512,2.55534029
16:25:24,2.557360172,3.500785351,2.554565191
16:25:24,2.557828188,3.501454115,2.555062056
16:25:24,2.558445692,3.502732992,2.554944277
16:25:24,2.559366226,3.502933979,2.554965973
16:25:24,2.55855608,3.501978159,2.554541349
16:25:24,2.558066368,3.501441956,2.555032253
16:25:24,2.55790782,3.501644135,2.554718733
16:25:24,2.558747768,3.50121212,2.555276155
16:25:24,2.559062481,3.501950741,2.554768085
16:25:24,2.558185577,3.501488686,2.554979324
16:25:24,2.558243752,3.501272202,2.556025982
16:25:24,2.559229851,3.501405716,2.555449486
16:25:24,2.55768466,3.501651287,2.554366112
16:25:24,2.557423592,3.500620842,2.554606199
16:25:24,2.557994604,3.501842976,2.553835869
16:25:24,2.558248758,3.500343323,2.554248333
16:25:24,2.557950258,3.501853943,2.555941582
16:25:24,2.558551311,3.502619505,2.556360006
16:25:24,2.558374166,3.503308535,2.554688931
16:25:24,2.558033466,3.501008511,2.555136442
16:25:24,2.557101727,3.500446796,2.55385232
16:25:24,2.55680871,3.499759197,2.55365777
16:25:24,2.557923794,3.500994921,2.552805424
16:25:24,2.558156252,3.500925541,2.555412531
16:25:24,2.558156252,3.501348495,2.554350138
16:25:24,2.557644367,3.499717474,2.554560423
16:25:24,2.556951761,3.500514746,2.555536032
16:25:24,2.558080435,3.501920938,2.553944826
16:25:24,2.558487177,3.501822233,2.554089069
16:25:24,2.557660818,3.502768278,2.556427956
16:25:24,2.558957338,3.503020048,2.554877281
16:25:24,2.558861494,3.50251174,2.554956198
16:25:24,2.557882071,3.501213312,2.554362059
16:25:24,2.557758808,3.500281096,2.555168152
16:25:24,2.558780909,3.50058794,2.554903746
16:25:24,2.557919025,3.50013876,2.555036783
16:25:24,2.557772636,3.501316309,2.555753708
16:25:24,2.558758736,3.503257036,2.554775953
16:25:24,2.558144569,3.502012968,2.553967953
16:25:24,2.558180094,3.502344131,2.553889275
16:25:24,2.558476925,3.501976252,2.556163549
16:25:24,2.558022738,3.50158,2.554382563
16:25:24,2.557699919,3.500970602,2.555310488
16:25:24,2.557579517,3.500210047,2.554421902
16:25:24,2.557313919,3.501163721,2.555049896
16:25:24,2.558039427,3.503008366,2.55502677
16:25:24,2.557715178,3.50282979,2.555643082
16:25:24,2.557766676,3.502686024,2.556783915
16:25:24,2.558256388,3.50193119,2.555979013
16:25:24,2.558638811,3.50158143,2.557029963
16:25:24,2.55946064,3.501510143,2.55569458
16:25:24,2.559042692,3.502744675,2.556613445
16:25:24,2.559296846,3.502556801,2.554944754
16:25:24,2.559079409,3.501861334,2.55574894
16:25:24,2.558943987,3.50241971,2.554631233
16:25:24,2.558819771,3.501188755,2.555508375
16:25:24,2.559183121,3.5022645,2.55488205
16:25:24,2.558767557,3.502150297,2.556291342
16:25:24,2.558362246,3.503107548,2.555336952
16:25:24,2.558495998,3.5025177,2.555683374
16:25:24,2.559039116,3.503069639,2.554479837
16:25:24,2.558333397,3.500941992,2.556354761
16:25:24,2.558339596,3.499823093,2.555001497
16:25:24,2.557513714,3.500559568,2.555382729
16:25:24,2.558525085,3.501112223,2.554821968
16:25:24,2.558306456,3.503232718,2.556399107
16:25:24,2.558340549,3.502532244,2.55304265
16:25:24,2.558713913,3.502423286,2.554133177
16:25:25,2.557392359,3.502704382,2.553813934
16:25:25,2.557465315,3.50297904,2.555243015
16:25:25,2.558259964,3.502220154,2.555896521
16:25:25,2.557832718,3.50145936,2.556929588
16:25:25,2.55812335,3.500230789,2.555783987
16:25:25,2.559368134,3.500730753,2.554626703
16:25:25,2.557359695,3.500591516,2.554866791
16:25:25,2.556811333,3.500456095,2.554130077
16:25:25,2.558148384,3.500163555,2.555915117
16:25:25,2.557479858,3.500104427,2.55482769
16:25:25,2.557704449,3.501445055,2.554255724
16:25:25,2.557475805,3.499717474,2.554412842
16:25:25,2.557858944,3.499582052,2.555212736
16:25:25,2.55740571,3.499023199,2.552979946
16:25:25,2.557926416,3.501708746,2.555005074
16:25:25,2.558015585,3.503275871,2.554804087
16:25:25,2.558826923,3.504064798,2.555155754
16:25:25,2.559449911,3.505667686,2.554173946
16:25:25,2.558694124,3.502697229,2.556638718
16:25:25,2.557782888,3.50240159,2.555597544
16:25:25,2.557600498,3.501182079,2.554862976
16:25:25,2.557578802,3.501756907,2.555422544
16:25:25,2.557778597,3.500773668,2.554872036
16:25:25,2.558788061,3.501180649,2.55471611
16:25:25,2.558145046,3.502141714,2.553418636
16:25:25,2.558794022,3.50205183,2.553511858
16:25:25,2.557950258,3.502510548,2.553938866
16:25:25,2.556990862,3.501203537,2.554465294
16:25:25,2.558149099,3.500364542,2.554513216
16:25:25,2.556936502,3.500928402,2.553474665
16:25:25,2.556335449,3.500681639,2.553414583
16:25:25,2.556766272,3.500545263,2.553863049
16:25:25,2.557035923,3.501094818,2.554633141
16:25:25,2.557052851,3.501384258,2.55409503
16:25:25,2.557426453,3.500609875,2.555110931
16:25:25,2.55790472,3.499363899,2.554667711
16:25:25,2.557929754,3.500167131,2.555086374
16:25:25,2.558671713,3.500776768,2.55533123
16:25:25,2.558817625,3.501623869,2.554968834
16:25:25,2.559512138,3.501577139,2.555530071
16:25:25,2.558163643,3.501105785,2.556595325
16:25:25,2.558207273,3.500414133,2.555423021
16:25:25,2.559831858,3.502107382,2.554901838
16:25:25,2.559031963,3.502348185,2.554986
16:25:25,2.558068037,3.502466679,2.556748629
16:25:25,2.558888435,3.502742052,2.555837631
16:25:25,2.558332205,3.501889944,2.556680202
16:25:25,2.558812618,3.501265049,2.555402517
16:25:25,2.558361769,3.501228571,2.554868698
16:25:25,2.558200121,3.501558542,2.55523634
16:25:25,2.557991028,3.502126455,2.554430246
16:25:25,2.557664871,3.502155542,2.55533576
16:25:25,2.55747509,3.50170064,2.555827856
16:25:25,2.558225155,3.501074314,2.556500912
16:25:25,2.558169603,3.502058268,2.555749655
16:25:25,2.559596777,3.502574444,2.554374695
16:25:25,2.55822897,3.501777887,2.554226398
16:25:25,2.557348967,3.502485514,2.553462744
16:25:25,2.557630301,3.501491308,2.553262949
16:25:25,2.556761503,3.501073837,2.554578304
16:25:25,2.558087111,3.498724222,2.554785252
16:25:25,2.557020426,3.500327349,2.554419994
16:25:25,2.558104038,3.500831127,2.554995775
16:25:25,2.558743238,3.502909184,2.555180073
16:25:25,2.558445692,3.503904104,2.553827047
16:25:25,2.558545828,3.503204823,2.556449413
16:25:25,2.55841279,3.502090216,2.556799889
16:25:25,2.559436798,3.500294685,2.556550503
16:25:25,2.558100939,3.500192881,2.556794643
16:25:25,2.558196068,3.500283003,2.554625988
16:25:25,2.557986021,3.503158331,2.554294825
16:25:25,2.558275461,3.502046108,2.553918362
16:25:25,2.558265448,3.503024817,2.554920912
16:25:25,2.558926105,3.502862215,2.554410458
16:25:25,2.55822587,3.501240253,2.555570364
16:25:25,2.557644367,3.500256777,2.55534029
16:25:25,2.558449745,3.502767086,2.556969166
16:25:25,2.559333086,3.503359556,2.554880857
16:25:25,2.559232712,3.504060745,2.55321455
16:25:25,2.558653831,3.504338741,2.555037975
16:25:25,2.558684349,3.503056049,2.555377245
16:25:25,2.558641911,3.500719547,2.555285215
16:25:25,2.558276653,3.501225948,2.554407835
16:25:25,2.558361769,3.501377821,2.555331945
16:25:25,2.558608532,3.501655102,2.554900408
16:25:25,2.557855606,3.501624584,2.555509567
16:25:25,2.558026314,3.501260996,2.554623365
16:25:25,2.556730986,3.500938177,2.554143429
16:25:25,2.558491468,3.500846148,2.555299997
16:25:25,2.55841279,3.500484705,2.554831743
16:25:25,2.557380438,3.500132322,2.555295229
16:25:25,2.557976723,3.500329494,2.5548594
16:25:25,2.557804823,3.500330687,2.555544853
16:25:25,2.558576584,3.499772787,2.556196928
16:25:25,2.557804108,3.499686718,2.555099487
16:25:25,2.557177782,3.499016762,2.554105997
16:25:25,2.557695866,3.500233412,2.554458141
16:25:25,2.557112455,3.499236345,2.553050041
16:25:25,2.558878422,3.501424313,2.556261539
16:25:25,2.559626341,3.502280951,2.555509567
16:25:25,2.558372259,3.500962257,2.556246996
16:25:25,2.559195042,3.501838684,2.555719137
16:25:25,2.559341192,3.502463579,2.554728746
16:25:25,2.558710814,3.502790451,2.555679798
16:25:25,2.559590816,3.503747702,2.554154873
16:25:25,2.558895826,3.502716541,2.554665804
16:25:25,2.558682203,3.502330542,2.555295229
16:25:25,2.559144258,3.502833366,2.557241201
16:25:25,2.560024023,3.50275445,2.555182934
16:25:25,2.559703827,3.503819466,2.555164576
16:25:25,2.558508635,3.502538443,2.555688143
16:25:25,2.559052944,3.503917217,2.555269718
16:25:25,2.558548689,3.500929594,2.555155754
16:25:25,2.558743238,3.501665592,2.555466652
16:25:25,2.558910131,3.501614094,2.556402445
16:25:25,2.558462858,3.502046108,2.555880547
16:25:25,2.558687687,3.50228858,2.554567337
16:25:25,2.558571339,3.502776861,2.554901123
16:25:25,2.558336735,3.503673315,2.555608988
16:25:26,2.558152437,3.502115965,2.555790663
16:25:26,2.557650805,3.500741005,2.554631233
16:25:26,2.5582726,3.501043797,2.554334402
16:25:26,2.558407545,3.502230406,2.554804087
16:25:26,2.558447123,3.504011154,2.554074287
16:25:26,2.55826354,3.501712561,2.556138277
16:25:26,2.557642937,3.50138402,2.554529428
16:25:26,2.559087992,3.502030134,2.555115938
16:25:26,2.558685064,3.500874758,2.555811167
16:25:26,2.559585571,3.501509666,2.554696083
16:25:26,2.558699608,3.50217247,2.555599451
16:25:26,2.558523655,3.502168655,2.555176973
16:25:26,2.558290958,3.501719952,2.554491758
16:25:26,2.557489157,3.501527786,2.555386543
16:25:26,2.558299065,3.501004696,2.555396318
16:25:26,2.557423592,3.500237465,2.555351019
16:25:26,2.559491158,3.501303434,2.554600954
16:25:26,2.558101654,3.500757933,2.554218054
16:25:26,2.559041023,3.50129199,2.55372262
16:25:26,2.557960749,3.501827478,2.5539639
16:25:26,2.557347059,3.501776457,2.553743839
16:25:26,2.556561947,3.499661684,2.554969311
16:25:26,2.556645393,3.499045372,2.553711176
16:25:26,2.555859089,3.498679876,2.554106951
16:25:26,2.556958914,3.499182224,2.552868128
16:25:26,2.557678699,3.499266386,2.552913189
16:25:26,2.557301998,3.501191139,2.554041386
16:25:26,2.557171345,3.500114202,2.553352356
16:25:26,2.55705142,3.499105453,2.554606915
16:25:26,2.557751894,3.498848915,2.554665804
16:25:26,2.556523561,3.500130415,2.554094315
16:25:26,2.556741714,3.499326468,2.553706884
16:25:26,2.556970358,3.500164747,2.553529739
16:25:26,2.557920933,3.500079393,2.554073811
16:25:26,2.557677507,3.500893831,2.554171085
16:25:26,2.557284355,3.501304626,2.555678129
16:25:26,2.557833195,3.501312017,2.555722475
16:25:26,2.557858229,3.501728296,2.555366039
16:25:26,2.55757308,3.500763893,2.555012226
16:25:26,2.557206869,3.501374483,2.553911924
16:25:26,2.556656599,3.501635551,2.55361867
16:25:26,2.557087421,3.500786543,2.55437398
16:25:26,2.556640148,3.501236439,2.553924561
16:25:26,2.558102369,3.50191927,2.554802179
16:25:26,2.557513714,3.501278639,2.554276228
16:25:26,2.557603359,3.501970291,2.55395484
16:25:26,2.558032036,3.502234459,2.553267002
16:25:26,2.557619095,3.502306938,2.55472374
16:25:26,2.558369398,3.500795126,2.553887367
16:25:26,2.557082653,3.499062061,2.554464579
16:25:26,2.557183981,3.499262094,2.553718567
16:25:26,2.557131767,3.500409126,2.554053307
16:25:26,2.557994604,3.499752522,2.554448128
16:25:26,2.558241606,3.498542786,2.554172277
16:25:26,2.556531906,3.499432087,2.554604292
16:25:26,2.557167292,3.498951197,2.555051327
16:25:26,2.557231426,3.499464989,2.554596901
16:25:26,2.557483673,3.499788523,2.554365635
16:25:26,2.55722785,3.499354839,2.554442167
16:25:26,2.556164265,3.499237061,2.554153204
16:25:26,2.555608749,3.500065804,2.553467512
16:25:26,2.557148218,3.500087976,2.554495811
16:25:26,2.556711197,3.499785662,2.553215504
16:25:26,2.557244062,3.500247717,2.553920269
16:25:26,2.557136297,3.500343323,2.553343534
16:25:26,2.557094574,3.501120567,2.554890394
16:25:26,2.557636499,3.501284599,2.554615974
16:25:26,2.55823493,3.500003815,2.55409956
16:25:26,2.557826519,3.501369953,2.555546045
16:25:26,2.557955027,3.501226664,2.555432796
16:25:26,2.557769775,3.501285791,2.554597616
16:25:26,2.558531523,3.502248287,2.555344105
16:25:26,2.558062553,3.5008955,2.55334878
16:25:26,2.558734417,3.501379728,2.555347443
16:25:26,2.558397532,3.501601458,2.555649281
16:25:26,2.558551311,3.50095439,2.554631233
16:25:26,2.55764842,3.500834942,2.554359674
16:25:26,2.557745218,3.5014503,2.554811239
16:25:26,2.557882071,3.501429558,2.55381155
16:25:26,2.558868647,3.503449917,2.554557085
16:25:26,2.558599472,3.501108408,2.552948236
16:25:26,2.557649374,3.502250671,2.554240465
16:25:26,2.558237553,3.502442837,2.554890394
16:25:26,2.557853222,3.500463009,2.554578304
16:25:26,2.557594061,3.502067327,2.553776264
16:25:26,2.557070732,3.500575542,2.555136442
16:25:26,2.558408737,3.500917673,2.555000544
16:25:26,2.558811188,3.501767397,2.555461884
16:25:26,2.55869174,3.500604153,2.554786682
16:25:26,2.557463169,3.500990152,2.553436995
16:25:26,2.558736563,3.502506495,2.555251598
16:25:26,2.557529211,3.502058744,2.555268288
16:25:26,2.557264566,3.501817465,2.555226564
16:25:26,2.557455778,3.501280069,2.554870129
16:25:26,2.557513714,3.501480818,2.55519557
16:25:26,2.558185577,3.501398087,2.555370092
16:25:26,2.558092833,3.50061655,2.554321051
16:25:26,2.557462931,3.500473022,2.552893162
16:25:26,2.557480335,3.501690388,2.555108786
16:25:26,2.5574646,3.500902414,2.554496288
16:25:26,2.55719161,3.499774694,2.555488348
16:25:26,2.557220697,3.500012398,2.554513693
16:25:26,2.556661129,3.49955821,2.554677486
16:25:26,2.557814598,3.500222921,2.555303097
16:25:26,2.558290958,3.50144124,2.55436039
16:25:26,2.557959318,3.50219202,2.554143906
16:25:26,2.557559013,3.501527786,2.554191589
16:25:26,2.557374001,3.501055479,2.555349588
16:25:26,2.557851791,3.500918627,2.554682732
16:25:26,2.557659149,3.499773979,2.555282116
16:25:26,2.558096886,3.500535011,2.556108713
16:25:26,2.557534218,3.500348806,2.555140018
16:25:26,2.557818174,3.501064539,2.552723408
16:25:26,2.558103323,3.501665592,2.55333519
16:25:26,2.557566881,3.501563787,2.553821802
16:25:26,2.557115555,3.50094533,2.554529905
16:25:27,2.55792594,3.4989779,2.554016352
16:25:27,2.55718565,3.499937296,2.553900003
16:25:27,2.556853533,3.50028491,2.555127382
16:25:27,2.557943106,3.501983881,2.55431962
16:25:27,2.558826208,3.501134634,2.555213451
16:25:27,2.558391571,3.500230789,2.553893328
16:25:27,2.557547092,3.500426292,2.553621531
16:25:27,2.55902648,3.502938986,2.555241585
16:25:27,2.558608532,3.502753019,2.554397345
16:25:27,2.558801889,3.503074408,2.556438684
16:25:27,2.55771637,3.502099991,2.555361032
16:25:27,2.558433294,3.500313044,2.555572271
16:25:27,2.557921648,3.501392365,2.555450678
16:25:27,2.559206486,3.501738787,2.555838346
16:25:27,2.557916641,3.501139402,2.555185556
16:25:27,2.557914495,3.501126766,2.555230379
16:25:27,2.557619095,3.499401569,2.554357529
16:25:27,2.558499813,3.500662088,2.555696726
16:25:27,2.558514118,3.502265215,2.554354191
16:25:27,2.558598518,3.50221777,2.553907633
16:25:27,2.558434486,3.502239227,2.553749084
16:25:27,2.558376551,3.501455307,2.555108309
16:25:27,2.558709621,3.501939058,2.555379391
16:25:27,2.558630705,3.501101732,2.554393768
16:25:27,2.557822227,3.500925541,2.555670977
16:25:27,2.557757139,3.502115965,2.555053234
16:25:27,2.558603048,3.501197815,2.554573059
16:25:27,2.558797359,3.501378536,2.553551912
16:25:27,2.557933092,3.502842426,2.554013491
16:25:27,2.558756828,3.503995419,2.555054665
16:25:27,2.559058189,3.502510548,2.554245234
16:25:27,2.55870676,3.500772953,2.554884672
16:25:27,2.557897329,3.499388456,2.554340363
16:25:27,2.557547092,3.49813652,2.554069519
16:25:27,2.556867361,3.499174595,2.553870678
16:25:27,2.557275772,3.499917746,2.553758383
16:25:27,2.557611227,3.500528097,2.553132534
16:25:27,2.557654858,3.501497746,2.553734541
16:25:27,2.557663918,3.501445532,2.554975986
16:25:27,2.55779314,3.50000453,2.554427147
16:25:27,2.557548523,3.499425888,2.55595994
16:25:27,2.557518005,3.500619411,2.554435492
16:25:27,2.558021307,3.500727415,2.553755045
16:25:27,2.557265759,3.50083971,2.554321766
16:25:27,2.557208776,3.500476837,2.554646492
16:25:27,2.55761981,3.500101566,2.554822445
16:25:27,2.558164358,3.50047493,2.554016352
16:25:27,2.558361769,3.499531984,2.553781748
16:25:27,2.557957649,3.500804186,2.553359509
16:25:27,2.557641745,3.500467062,2.552883387
16:25:27,2.557924509,3.501098156,2.554253101
16:25:27,2.557177782,3.501127958,2.553853989
16:25:27,2.556322813,3.498682261,2.552797079
16:25:27,2.557169914,3.50145483,2.554880857
16:25:27,2.557782412,3.501120567,2.554718733
16:25:27,2.557529926,3.50144434,2.555109501
16:25:27,2.557962894,3.4999125,2.552644253
16:25:27,2.557008505,3.501165152,2.554794073
16:25:27,2.557736158,3.501400948,2.553957939
16:25:27,2.557241201,3.500403166,2.552634239
16:25:27,2.556972504,3.500861168,2.553585291
16:25:27,2.556629419,3.500638723,2.554839611
16:25:27,2.556906223,3.500776768,2.552927017
16:25:27,2.557414293,3.501131058,2.554028988
16:25:27,2.557181835,3.501050949,2.554352283
16:25:27,2.557239294,3.501096725,2.55448842
16:25:27,2.557989597,3.501930714,2.55364275
16:25:27,2.557547808,3.50211525,2.554743528
16:25:27,2.55649209,3.500902414,2.554675579
16:25:27,2.557479143,3.500463963,2.55419302
16:25:27,2.557853222,3.500698805,2.554883957
16:25:27,2.558244944,3.500932932,2.554887533
16:25:27,2.55717063,3.500355482,2.555106163
16:25:27,2.558174372,3.50296092,2.554780245
16:25:27,2.558213234,3.501338005,2.554014444
16:25:27,2.55739522,3.500724077,2.553562641
16:25:27,2.556610346,3.499976873,2.554513693
16:25:27,2.557212353,3.500873089,2.555294752
16:25:27,2.557236671,3.49992609,2.554962635
16:25:27,2.558146954,3.499079704,2.555339098
16:25:27,2.558206558,3.500056744,2.554224014
16:25:27,2.558153868,3.50167346,2.555572987
16:25:27,2.55852437,3.500945807,2.553801537
16:25:27,2.558333397,3.501732588,2.554272413
16:25:27,2.557482004,3.501830101,2.553792477
16:25:27,2.557566166,3.501736164,2.55520153
16:25:27,2.5577631,3.501353025,2.554387808
16:25:27,2.557412148,3.500491858,2.554027796
16:25:27,2.557566166,3.501971722,2.554209948
16:25:27,2.558684349,3.501030207,2.554587126
16:25:27,2.558323383,3.502357244,2.555391312
16:25:27,2.557642937,3.502555609,2.55523324
16:25:27,2.558066368,3.502339602,2.555639982
16:25:27,2.557362318,3.500241995,2.554008007
16:25:27,2.557388783,3.500826597,2.553388119
16:25:27,2.558095455,3.501037836,2.553865433
16:25:27,2.558144093,3.501708746,2.554677486
16:25:27,2.557681084,3.501670837,2.554734468
16:25:27,2.558078289,3.503531694,2.554999113
16:25:27,2.558512449,3.503204107,2.55450511
16:25:27,2.557707787,3.50308013,2.556742191
16:25:27,2.558188677,3.501697779,2.55533123
16:25:27,2.558269978,3.501676559,2.554522276
16:25:27,2.556916952,3.500705957,2.555500746
16:25:27,2.557453156,3.501776457,2.554534912
16:25:27,2.557938814,3.501243591,2.554453373
16:25:27,2.557623148,3.501921415,2.553385973
16:25:27,2.558108091,3.502103329,2.554300547
16:25:27,2.558955908,3.500953674,2.555903673
16:25:27,2.557946205,3.500474453,2.556207895
16:25:27,2.558355093,3.50078392,2.553882122
16:25:27,2.558518887,3.500790834,2.55599165
16:25:27,2.558148384,3.500167131,2.554356098
16:25:27,2.557085991,3.500090361,2.554703474
16:25:27,2.558178186,3.500357389,2.554936409
16:25:28,2.557709932,3.499768257,2.553431034
16:25:28,2.556934834,3.498064756,2.553375483
16:25:28,2.557370663,3.498713732,2.553184032
16:25:28,2.55678606,3.4988451,2.553943634
16:25:28,2.55679512,3.501672745,2.555197001
16:25:28,2.556753635,3.501486778,2.553639412
16:25:28,2.55627656,3.501016378,2.553270102
16:25:28,2.5586164,3.500963449,2.554979324
16:25:28,2.558735132,3.501463413,2.555557489
16:25:28,2.55921483,3.501183987,2.55517745
16:25:28,2.558286428,3.502019167,2.555178165
16:25:28,2.558172226,3.501664877,2.554735899
16:25:28,2.556980848,3.500058174,2.555031538
16:25:28,2.55760932,3.501841068,2.554350138
16:25:28,2.558168888,3.501935005,2.553710699
16:25:28,2.558844328,3.501887321,2.55423069
16:25:28,2.557666302,3.500988245,2.554460764
16:25:28,2.558108091,3.500830412,2.55334878
16:25:28,2.55742836,3.501214027,2.554467201
16:25:28,2.558050871,3.500213861,2.554465294
16:25:28,2.558079958,3.499773264,2.553632736
16:25:28,2.557507038,3.500562906,2.554660082
16:25:28,2.558260679,3.501984596,2.554098368
16:25:28,2.558796406,3.50249362,2.554157257
16:25:28,2.558027506,3.501325607,2.553871393
16:25:28,2.558092594,3.500766516,2.555402517
16:25:28,2.55823493,3.500985861,2.554663658
16:25:28,2.557830572,3.500849962,2.554439545
16:25:28,2.557516813,3.50199461,2.554796696
16:25:28,2.55826354,3.502714157,2.55372858
16:25:28,2.557775736,3.503056526,2.55545187
16:25:28,2.559270859,3.503776312,2.555827379
16:25:28,2.558780193,3.501139402,2.554905891
16:25:28,2.558111668,3.501318693,2.555244446
16:25:28,2.557784319,3.5011096,2.555020809
16:25:28,2.558371305,3.501516819,2.555317163
16:25:28,2.558390379,3.502516985,2.554503202
16:25:28,2.559315205,3.503655672,2.554555416
16:25:28,2.558250904,3.502473354,2.555382013
16:25:28,2.557642937,3.502445221,2.555515766
16:25:28,2.558483601,3.501420259,2.55440712
16:25:28,2.558561325,3.501367331,2.554982424
16:25:28,2.558349848,3.502070904,2.554612875
16:25:28,2.558585882,3.502359867,2.55445528
16:25:28,2.558441877,3.503288984,2.555829525
16:25:28,2.558732986,3.502130747,2.555254221
16:25:28,2.558237314,3.499941111,2.554478645
16:25:28,2.557217598,3.498723507,2.55407238
16:25:28,2.557745218,3.500489712,2.554676294
16:25:28,2.556691647,3.502138138,2.554440975
16:25:28,2.557174444,3.501082182,2.554101706
16:25:28,2.558099747,3.501045704,2.553855658
16:25:28,2.55693078,3.499509335,2.553807259
16:25:28,2.557576418,3.499298573,2.552991867
16:25:28,2.557294846,3.499289274,2.554794788
16:25:28,2.557887316,3.498943567,2.553926945
16:25:28,2.55707407,3.498427391,2.55471158
16:25:28,2.556970358,3.499477148,2.553360224
16:25:28,2.556687593,3.500273705,2.553511143
16:25:28,2.557301998,3.499644279,2.554315329
16:25:28,2.556864023,3.499349356,2.553247213
16:25:28,2.556991577,3.500091076,2.55307126
16:25:28,2.55734086,3.500266552,2.55376029
16:25:28,2.557766676,3.502058744,2.554135323
16:25:28,2.5567801,3.501693487,2.554606199
16:25:28,2.557234049,3.500973225,2.55485487
16:25:28,2.55753994,3.501503229,2.553551435
16:25:28,2.557702541,3.500859022,2.554434299
16:25:28,2.557993174,3.501345158,2.555175781
16:25:28,2.558256865,3.500409126,2.553796768
16:25:28,2.556838751,3.50105691,2.55293107
16:25:28,2.556821346,3.500763893,2.552874088
16:25:28,2.556498528,3.500806093,2.555226088
16:25:28,2.558120728,3.501219988,2.555686235
16:25:28,2.557843924,3.499948263,2.554366112
16:25:28,2.557382584,3.501101017,2.555258274
16:25:28,2.557770491,3.500707865,2.554053307
16:25:28,2.557948828,3.501479626,2.554833174
16:25:28,2.557691097,3.500785351,2.553320646
16:25:28,2.55617094,3.49957943,2.55283308
16:25:28,2.556527138,3.499835968,2.555186987
16:25:28,2.557141542,3.499608517,2.554930925
16:25:28,2.557708502,3.499789238,2.554316759
16:25:28,2.556999445,3.500072241,2.554039001
16:25:28,2.557715178,3.499937773,2.55412817
16:25:28,2.556941509,3.500861645,2.554407835
16:25:28,2.557685375,3.501730204,2.554463625
16:25:28,2.557184935,3.500160456,2.554504395
16:25:28,2.556978941,3.500017881,2.553903103
16:25:28,2.557289362,3.499201775,2.555092335
16:25:28,2.557500124,3.500195742,2.55370903
16:25:28,2.557757854,3.500701189,2.554268837
16:25:28,2.557948351,3.500262737,2.554633141
16:25:28,2.557177782,3.500898838,2.554632664
16:25:28,2.557857513,3.502157688,2.554923773
16:25:28,2.558437109,3.503057718,2.553953648
16:25:28,2.558992863,3.501592398,2.556025505
16:25:28,2.558361053,3.500466347,2.554301977
16:25:28,2.558075666,3.500323296,2.553325176
16:25:28,2.557421684,3.501032829,2.554370165
16:25:28,2.557771921,3.50085187,2.554964066
16:25:28,2.557369947,3.500115395,2.554543495
16:25:28,2.557557821,3.501182795,2.554077864
16:25:28,2.558823824,3.502035618,2.555024862
16:25:28,2.557621241,3.501416206,2.553856134
16:25:28,2.557189703,3.500925541,2.554922342
16:25:28,2.557222843,3.500951052,2.554382563
16:25:28,2.557081938,3.501053572,2.553084373
16:25:28,2.556922197,3.500270128,2.553165913
16:25:28,2.557627439,3.499844074,2.552768946
16:25:28,2.556656599,3.500592947,2.554213524
16:25:28,2.556483984,3.500487089,2.553732634
16:25:28,2.55721879,3.501305342,2.553559303
16:25:28,2.55689764,3.499853849,2.555538893
16:25:28,2.557480335,3.501065969,2.553873062
16:25:28,2.557729006,3.500653505,2.554768801
16:25:28,2.557733536,3.501920223,2.556214571
16:25:28,2.558141708,3.501220703,2.556146383
16:25:28,2.559485197,3.502680779,2.556881905
16:25:29,2.55783534,3.501277447,2.554538012
16:25:29,2.558372259,3.501195192,2.554524422
16:25:29,2.557996511,3.500548601,2.554162502
16:25:29,2.558024168,3.501819134,2.554686308
16:25:29,2.559070826,3.502039909,2.554082394
16:25:29,2.558595896,3.50239253,2.554889917
16:25:29,2.557510138,3.501797915,2.555022955
16:25:29,2.558369398,3.502132654,2.554208755
16:25:29,2.558498621,3.502600431,2.555176973
16:25:29,2.558040857,3.502418518,2.554549456
16:25:29,2.557566881,3.501986504,2.553993702
16:25:29,2.557081223,3.501130342,2.555643082
16:25:29,2.557788372,3.501322985,2.554778099
16:25:29,2.55801177,3.500611067,2.554425478
16:25:29,2.558663607,3.500008106,2.553449154
16:25:29,2.557754517,3.501447678,2.554674864
16:25:29,2.557779074,3.499817848,2.554982424
16:25:29,2.557055712,3.500352144,2.554710865
16:25:29,2.557181835,3.50109911,2.555269718
16:25:29,2.558638811,3.500770569,2.555986166
16:25:29,2.558130026,3.501138449,2.555281401
16:25:29,2.557980537,3.501788139,2.553813219
16:25:29,2.558540821,3.501351833,2.555002928
16:25:29,2.557957649,3.500438213,2.556100845
16:25:29,2.558221102,3.501937628,2.5553298
16:25:29,2.558009624,3.501289845,2.55330658
16:25:29,2.558544159,3.502089024,2.553616762
16:25:29,2.557989597,3.502042055,2.554360867
16:25:29,2.557950258,3.502207041,2.555211782
16:25:29,2.557848454,3.501451015,2.554038048
16:25:29,2.557929039,3.500894547,2.554450035
16:25:29,2.557744741,3.501730204,2.555833817
16:25:29,2.557642221,3.501610756,2.554233313
16:25:29,2.557477951,3.500439644,2.555660248
16:25:29,2.557463169,3.499603271,2.554679155
16:25:29,2.557976723,3.500745535,2.554893255
16:25:29,2.557144642,3.501456261,2.554481983
16:25:29,2.55809021,3.50214386,2.55417037
16:25:29,2.557004213,3.502265215,2.554534912
16:25:29,2.558223724,3.501058817,2.555096865
16:25:29,2.55742836,3.501797438,2.55446291
16:25:29,2.557072878,3.500396967,2.553220749
16:25:29,2.557585001,3.501032114,2.554501772
16:25:29,2.55731535,3.500652313,2.554811239
16:25:29,2.557833195,3.500133038,2.554799318
16:25:29,2.558351278,3.500032425,2.554608345
16:25:29,2.5579741,3.500431776,2.554207325
16:25:29,2.557555199,3.500899792,2.554658413
16:25:29,2.557676554,3.500654221,2.553831339
16:25:29,2.558064461,3.500997305,2.554870844
16:25:29,2.557489872,3.499592781,2.554654598
16:25:29,2.558954716,3.499618292,2.554673672
16:25:29,2.558321476,3.500326157,2.553247929
16:25:29,2.557409763,3.499948263,2.554638624
16:25:29,2.557899952,3.500062466,2.552170515
16:25:29,2.558186769,3.500923157,2.553281546
16:25:29,2.557623148,3.500459909,2.554851532
16:25:29,2.557960749,3.500609875,2.555383682
16:25:29,2.557845592,3.500297546,2.553892136
16:25:29,2.557699203,3.500993729,2.554588318
16:25:29,2.55808115,3.502357244,2.554669142
16:25:29,2.558146954,3.503149271,2.555056572
16:25:29,2.558050871,3.501643419,2.554130554
16:25:29,2.558225155,3.501460791,2.555984974
16:25:29,2.557906628,3.502015352,2.554804802
16:25:29,2.557800293,3.501404047,2.554054499
16:25:29,2.558334112,3.501786232,2.555282116
16:25:29,2.558088303,3.50169158,2.556034088
16:25:29,2.558964491,3.502151489,2.555060625
16:25:29,2.5579741,3.501843452,2.554460049
16:25:29,2.558657885,3.501296282,2.553809881
16:25:29,2.558510542,3.501411915,2.55534029
16:25:29,2.558422089,3.502094269,2.554891109
16:25:29,2.558102369,3.50193119,2.555066586
16:25:29,2.558819056,3.502126455,2.555276871
16:25:29,2.557676077,3.502626181,2.555270672
16:25:29,2.558132648,3.501332998,2.554746389
16:25:29,2.558982849,3.501340628,2.555706024
16:25:29,2.558034658,3.501739502,2.554452896
16:25:29,2.559074163,3.50155139,2.554852962
16:25:29,2.559270382,3.501868486,2.554526091
16:25:29,2.558214664,3.502398968,2.555466175
16:25:29,2.559103251,3.502984285,2.556223869
16:25:29,2.558546305,3.50300312,2.55496335
16:25:29,2.558619261,3.502225876,2.556262016
16:25:29,2.558492661,3.502757788,2.556073189
16:25:29,2.558281183,3.503023386,2.554315329
16:25:29,2.559415579,3.504083633,2.555562258
16:25:29,2.55826354,3.502018452,2.555263042
16:25:29,2.55783844,3.502475739,2.555568457
16:25:29,2.558484793,3.502238512,2.555353403
16:25:29,2.558258772,3.501567125,2.556066275
16:25:29,2.55821991,3.501763582,2.554188251
16:25:29,2.558726549,3.501370668,2.555511475
16:25:29,2.557641745,3.501147509,2.555349112
16:25:29,2.558883667,3.501326084,2.554807901
16:25:29,2.557765961,3.501225233,2.554569244
16:25:29,2.557770491,3.501510143,2.555076361
16:25:29,2.558694839,3.501425982,2.555834532
16:25:29,2.558774233,3.501174212,2.554448128
16:25:29,2.557987928,3.500483513,2.554691076
16:25:29,2.558350801,3.500185013,2.55519557
16:25:29,2.557639122,3.500334501,2.554159164
16:25:29,2.558495522,3.50190258,2.554559231
16:25:29,2.558226585,3.501933098,2.554338455
16:25:29,2.558611631,3.500854492,2.555526972
16:25:29,2.558707237,3.501901865,2.555700064
16:25:29,2.558130026,3.501312017,2.554820538
16:25:29,2.559175491,3.502749443,2.555383682
16:25:29,2.558815479,3.502079964,2.555848837
16:25:29,2.559239149,3.501528502,2.555466652
16:25:29,2.558924913,3.502646923,2.555436134
16:25:29,2.558901548,3.501939774,2.554866791
16:25:29,2.558255434,3.501568317,2.555891752
16:25:29,2.558758259,3.501467943,2.556579113
16:25:29,2.55924964,3.502153635,2.555713415
16:25:29,2.557943106,3.503279209,2.555305243
16:25:29,2.559006214,3.502205133,2.555296659
16:25:29,2.55815053,3.501568317,2.5552423
16:25:30,2.558453798,3.503573418,2.555229664
16:25:30,2.558956623,3.504261017,2.553775549
16:25:30,2.557765961,3.503630161,2.555256367
16:25:30,2.559742928,3.502435446,2.555471897
16:25:30,2.558629036,3.501846313,2.55568099
16:25:30,2.559505701,3.503488064,2.55544591
16:25:30,2.558561325,3.504292965,2.556082964
16:25:30,2.558624029,3.50296402,2.555322886
16:25:30,2.558691025,3.501568317,2.555024862
16:25:30,2.557952166,3.502827644,2.556304455
16:25:30,2.558320761,3.501621008,2.556252241
16:25:30,2.558134317,3.500189304,2.555278063
16:25:30,2.559258699,3.501641273,2.556229115
16:25:30,2.55903554,3.502820015,2.556399107
16:25:30,2.559206486,3.50320673,2.555068493
16:25:30,2.558171034,3.502888918,2.554611444
16:25:30,2.558784723,3.502098799,2.556093693
16:25:30,2.55866003,3.502201796,2.554766893
16:25:30,2.558316946,3.501311541,2.555472612
16:25:30,2.55869174,3.50138402,2.555691481
16:25:30,2.55961442,3.50224638,2.553827763
16:25:30,2.557884932,3.50177002,2.555202007
16:25:30,2.558094978,3.502715349,2.555381298
16:25:30,2.55826354,3.50270915,2.555635691
16:25:30,2.558017731,3.501802444,2.554245234
16:25:30,2.558632612,3.501233816,2.555934191
16:25:30,2.558765411,3.502539158,2.555372953
16:25:30,2.559356689,3.502662659,2.554784298
16:25:30,2.55921483,3.501829386,2.555510759
16:25:30,2.559589386,3.502901316,2.555888414
16:25:30,2.559415102,3.503859282,2.555676937
16:25:30,2.559545755,3.504872322,2.555132866
16:25:30,2.559316635,3.503480196,2.55469346
16:25:30,2.559052944,3.503382683,2.555834532
16:25:30,2.558251619,3.501755714,2.55593729
16:25:30,2.557685375,3.500720978,2.55523324
16:25:30,2.558819056,3.50139308,2.555005789
16:25:30,2.559430122,3.501380444,2.55444622
16:25:30,2.558648109,3.501197338,2.555961847
16:25:30,2.558811903,3.503296852,2.55471158
16:25:30,2.558540344,3.502514601,2.554721594
16:25:30,2.558597326,3.502617598,2.555513382
16:25:30,2.55856204,3.502561569,2.556001663
16:25:30,2.558134317,3.502660513,2.554594994
16:25:30,2.557734966,3.501775742,2.555438757
16:25:30,2.558212042,3.501020432,2.55466485
16:25:30,2.557975292,3.501924515,2.555472612
16:25:30,2.558095455,3.501814842,2.5549891
16:25:30,2.558425903,3.503076792,2.555318594
16:25:30,2.558858633,3.502561569,2.554616928
16:25:30,2.558019161,3.502668381,2.554922342
16:25:30,2.558340549,3.501903296,2.554718018
16:25:30,2.558920622,3.502291918,2.55581522
16:25:30,2.559045076,3.50131917,2.555642366
16:25:30,2.558242798,3.501584053,2.556148052
16:25:30,2.558670521,3.501484394,2.555024862
16:25:30,2.558796406,3.501018286,2.554236174
16:25:30,2.55841279,3.501832485,2.553919554
16:25:30,2.558168888,3.502570629,2.555084229
16:25:30,2.558552265,3.502077103,2.554727316
16:25:30,2.558328867,3.502826929,2.554404974
16:25:30,2.557790518,3.502185583,2.554342985
16:25:30,2.556776047,3.501718521,2.554645777
16:25:30,2.557674646,3.500764608,2.555518627
16:25:30,2.558153868,3.50085187,2.554654598
16:25:30,2.558880568,3.500811577,2.553884745
16:25:30,2.557856321,3.500225544,2.554467201
16:25:30,2.558178186,3.500161648,2.555389881
16:25:30,2.558982849,3.500125885,2.55472517
16:25:30,2.557952881,3.50027585,2.554626703
16:25:30,2.557201624,3.4985919,2.552679062
16:25:30,2.557081223,3.49895668,2.554701805
16:25:30,2.556657791,3.498161793,2.554004431
16:25:30,2.556377172,3.499625444,2.555546045
16:25:30,2.556751728,3.499382734,2.554158449
16:25:30,2.55705142,3.498647451,2.553944826
16:25:30,2.557723522,3.4993186,2.554468632
16:25:30,2.557952166,3.500231504,2.55345273
16:25:30,2.556657791,3.499374866,2.553953648
16:25:30,2.556674957,3.499206543,2.554000378
16:25:30,2.557060242,3.499872684,2.554506302
16:25:30,2.557100058,3.502639055,2.555326939
16:25:30,2.5575037,3.501397371,2.553515434
16:25:30,2.556694031,3.501010418,2.553567171
16:25:30,2.557328463,3.499927998,2.552554607
16:25:30,2.556289196,3.500444174,2.553221464
16:25:30,2.55696106,3.499945879,2.553627968
16:25:30,2.556505203,3.499559402,2.553829908
16:25:30,2.556960583,3.498444557,2.55422473
16:25:30,2.556723356,3.500058174,2.554305315
16:25:30,2.557338476,3.501519203,2.55371809
16:25:30,2.556564331,3.500772238,2.552979946
16:25:30,2.557580709,3.50016427,2.554327011
16:25:30,2.55698514,3.500673771,2.554379463
16:25:30,2.557292938,3.500824451,2.554823875
16:25:30,2.557049274,3.499107838,2.553485155
16:25:30,2.55722928,3.499707699,2.553350925
16:25:30,2.557491779,3.499627829,2.552896023
16:25:30,2.557162762,3.50116992,2.554425478
16:25:30,2.558022738,3.500607491,2.553674936
16:25:30,2.556527615,3.501018763,2.555188894
16:25:30,2.557874441,3.500440836,2.553403139
16:25:30,2.557259798,3.501322985,2.554862976
16:25:30,2.558137894,3.501308203,2.555162907
16:25:30,2.55740118,3.501126766,2.554773569
16:25:30,2.556132555,3.499144316,2.553887367
16:25:30,2.556683064,3.499515057,2.553901196
16:25:30,2.55815959,3.498724937,2.553382158
16:25:30,2.557452202,3.499017477,2.553110838
16:25:30,2.557659149,3.500826597,2.555414915
16:25:30,2.557647705,3.500823021,2.553967953
16:25:30,2.558229685,3.500235319,2.552955389
16:25:30,2.558797359,3.500542641,2.555289507
16:25:30,2.559390068,3.501346588,2.554744959
16:25:30,2.557541847,3.499580145,2.553352356
16:25:30,2.557136297,3.500216484,2.555220604
16:25:31,2.558389187,3.501849651,2.555942059
16:25:31,2.557603359,3.501750946,2.555493116
16:25:31,2.559153318,3.501425266,2.555537939
16:25:31,2.558234453,3.50050807,2.555506945
16:25:31,2.55899024,3.502974987,2.556412935
16:25:31,2.559006214,3.502682209,2.554184437
16:25:31,2.55796814,3.502268553,2.553672314
16:25:31,2.558152437,3.502039194,2.555232525
16:25:31,2.558517694,3.502729893,2.555906296
16:25:31,2.557874441,3.501886129,2.555297852
16:25:31,2.55896306,3.500035048,2.55489254
16:25:31,2.55856204,3.500776291,2.555227995
16:25:31,2.558395624,3.501447678,2.55564642
16:25:31,2.558966398,3.502750397,2.554391861
16:25:31,2.557888031,3.502631187,2.555373907
16:25:31,2.558876514,3.502646923,2.555254936
16:25:31,2.558631897,3.502479315,2.55533123
16:25:31,2.558371305,3.502295732,2.556127787
16:25:31,2.558780193,3.50252223,2.555188179
16:25:31,2.559114933,3.501981974,2.55612731
16:25:31,2.558853388,3.503213167,2.555504322
16:25:31,2.559690475,3.505246401,2.554383993
16:25:31,2.55866003,3.50511384,2.555434465
16:25:31,2.55899477,3.504008532,2.554363966
16:25:31,2.557307482,3.501176119,2.554422379
16:25:31,2.557831287,3.50082016,2.554507732
16:25:31,2.558322191,3.50216794,2.555537939
16:25:31,2.558454275,3.501680613,2.555060625
16:25:31,2.557935953,3.501433372,2.554851055
16:25:31,2.557889223,3.502213478,2.554503202
16:25:31,2.557862997,3.50175643,2.554507732
16:25:31,2.559388399,3.502107382,2.556188822
16:25:31,2.559412479,3.501884222,2.555583715
16:25:31,2.559094429,3.502562046,2.555667877
16:25:31,2.559303284,3.502276897,2.555768728
16:25:31,2.558523655,3.50238204,2.555295229
16:25:31,2.559406996,3.502104759,2.554883957
16:25:31,2.558775425,3.500931025,2.555007696
16:25:31,2.558261871,3.50141263,2.554208755
16:25:31,2.558747053,3.502012014,2.555272818
16:25:31,2.558672428,3.502665997,2.555726528
16:25:31,2.558298349,3.502378702,2.554954052
16:25:31,2.558277369,3.501652479,2.554268837
16:25:31,2.558511257,3.501908779,2.554190874
16:25:31,2.55826354,3.502130747,2.555254936
16:25:31,2.558413982,3.501517296,2.554992437
16:25:31,2.558594465,3.502356529,2.554294109
16:25:31,2.558225155,3.502177238,2.555930853
16:25:31,2.559066772,3.502008677,2.555544853
16:25:31,2.558591127,3.502695084,2.554000854
16:25:31,2.558134317,3.501030922,2.556611538
16:25:31,2.558211088,3.501638174,2.554873228
16:25:31,2.558982849,3.502250671,2.555374622
16:25:31,2.55987072,3.502432346,2.555008888
16:25:31,2.558305025,3.501745939,2.554738998
16:25:31,2.558583975,3.501768589,2.555830956
16:25:31,2.558605671,3.501781225,2.556203365
16:25:31,2.55843997,3.501122713,2.554299355
16:25:31,2.558693409,3.501685143,2.556680202
16:25:31,2.55903554,3.502580404,2.556541204
16:25:31,2.558669806,3.503306627,2.55599761
16:25:31,2.558585882,3.504439831,2.555418253
16:25:31,2.558410883,3.503971577,2.554732561
16:25:31,2.558433771,3.501605749,2.556582212
16:25:31,2.558692694,3.501732111,2.555153847
16:25:31,2.558430672,3.501434088,2.5560956
16:25:31,2.559259653,3.503560305,2.55445528
16:25:31,2.558109999,3.502714157,2.555510759
16:25:31,2.558867216,3.502599239,2.555642366
16:25:31,2.558629513,3.502809286,2.555981398
16:25:31,2.557748079,3.501589298,2.554983616
16:25:31,2.558458328,3.502288103,2.556150913
16:25:31,2.558207273,3.50079155,2.554266453
16:25:31,2.557938099,3.501342058,2.555153131
16:25:31,2.558589935,3.501631498,2.554250956
16:25:31,2.558384895,3.501807213,2.556189537
16:25:31,2.5580585,3.501374006,2.555024147
16:25:31,2.558252096,3.501084805,2.55586338
16:25:31,2.557300806,3.501643419,2.554178953
16:25:31,2.557857513,3.502254725,2.554624796
16:25:31,2.558579206,3.501153469,2.553696394
16:25:31,2.557895422,3.501716614,2.554906607
16:25:31,2.557676554,3.501605034,2.554487944
16:25:31,2.558961868,3.501306534,2.553861618
16:25:31,2.557677507,3.501032829,2.555341959
16:25:31,2.557629108,3.50167799,2.55409503
16:25:31,2.558684349,3.499530792,2.554529428
16:25:31,2.557710648,3.501937628,2.554839134
16:25:31,2.558260679,3.501324892,2.554466009
16:25:31,2.558196068,3.500286818,2.554588318
16:25:31,2.55779314,3.501121998,2.554987192
16:25:31,2.557672024,3.500786066,2.555103779
16:25:31,2.558169603,3.499286175,2.55416441
16:25:31,2.55649209,3.499695778,2.553672314
16:25:31,2.557300091,3.500757933,2.553458214
16:25:31,2.558176756,3.501558542,2.554560423
16:25:31,2.558634758,3.50205636,2.555124044
16:25:31,2.557991982,3.501733303,2.555520296
16:25:31,2.558378458,3.50271821,2.556088924
16:25:31,2.558178186,3.502070189,2.555885315
16:25:31,2.558616877,3.502887726,2.55547142
16:25:31,2.557971239,3.502602577,2.555043221
16:25:31,2.558377743,3.502128363,2.554327011
16:25:31,2.558735132,3.501866579,2.555140018
16:25:31,2.557730913,3.502364159,2.555706024
16:25:31,2.557486296,3.501161814,2.55416441
16:25:31,2.557117939,3.500994444,2.55420208
16:25:31,2.558307886,3.501229286,2.555226088
16:25:31,2.559013367,3.501697779,2.555788517
16:25:31,2.559077978,3.503144026,2.555399895
16:25:31,2.559085846,3.502062321,2.556045771
16:25:31,2.558865309,3.502646446,2.555809975
16:25:31,2.558669806,3.501543522,2.554803371
16:25:31,2.558877707,3.502882957,2.555552006
16:25:31,2.559331179,3.50310564,2.556432247
16:25:32,2.55807066,3.502481222,2.556200027
16:25:32,2.559054136,3.501918554,2.556433439
16:25:32,2.557744026,3.502217054,2.555824518
16:25:32,2.558907747,3.502470732,2.555957317
16:25:32,2.558318138,3.502298355,2.556252956
16:25:32,2.558962345,3.503488541,2.556167126
16:25:32,2.5582726,3.502250195,2.555239677
16:25:32,2.559049845,3.502434254,2.555547476
16:25:32,2.559562206,3.502155542,2.55458951
16:25:32,2.559375286,3.50202322,2.554766178
16:25:32,2.558773756,3.501730204,2.555921078
16:25:32,2.558672428,3.502622128,2.555727005
16:25:32,2.559601307,3.501545668,2.55493474
16:25:32,2.558433294,3.501899004,2.556716919
16:25:32,2.558864594,3.502542019,2.555767536
16:25:32,2.559256315,3.50262785,2.555536747
16:25:32,2.559351206,3.502620697,2.554889202
16:25:32,2.559314728,3.502405405,2.556216002
16:25:32,2.559212923,3.501126051,2.554817677
16:25:32,2.55797267,3.501969099,2.555652857
16:25:32,2.558301687,3.50215435,2.555735826
16:25:32,2.559024572,3.502779961,2.554714441
16:25:32,2.558528423,3.502607346,2.554974556
16:25:32,2.558763742,3.502697229,2.556562424
16:25:32,2.558928013,3.502435446,2.555790663
16:25:32,2.559099436,3.503530264,2.556167841
16:25:32,2.559717655,3.50295043,2.555142641
16:25:32,2.559401035,3.502407312,2.555563927
16:25:32,2.559593439,3.501281977,2.555535316
16:25:32,2.559221506,3.50200367,2.557041883
16:25:32,2.559611082,3.502896786,2.556119204
16:25:32,2.559526682,3.502947569,2.556694984
16:25:32,2.559929132,3.503432035,2.556217909
16:25:32,2.559508085,3.503805637,2.556064606
16:25:32,2.558844328,3.503309727,2.555688858
16:25:32,2.557388067,3.502296448,2.554811239
16:25:32,2.559342861,3.503100395,2.556075096
16:25:32,2.558675528,3.503223658,2.555686951
16:25:32,2.55949235,3.502794981,2.555228949
16:25:32,2.558445692,3.501975298,2.556032181
16:25:32,2.559164047,3.502559185,2.554480553
16:25:32,2.558247089,3.502807379,2.555581808
16:25:32,2.558716059,3.503945351,2.555223227
16:25:32,2.559607983,3.503049374,2.554581642
16:25:32,2.558790445,3.501018763,2.553978205
16:25:32,2.558666468,3.502241611,2.55550313
16:25:32,2.558470964,3.501051664,2.555634499
16:25:32,2.558762312,3.50147438,2.55630064
16:25:32,2.558567524,3.502409458,2.556001663
16:25:32,2.559566498,3.501556635,2.555370092
16:25:32,2.558392763,3.50159955,2.555154562
16:25:32,2.558386326,3.501944304,2.556603432
16:25:32,2.55841732,3.50204277,2.555193424
16:25:32,2.559190273,3.502241611,2.55457449
16:25:32,2.55906415,3.502066851,2.55562377
16:25:32,2.558943987,3.502686739,2.554288149
16:25:32,2.558557749,3.500962257,2.555475235
16:25:32,2.558499098,3.500754833,2.55661273
16:25:32,2.559751987,3.50095439,2.55534029
16:25:32,2.558775425,3.501918554,2.555919886
16:25:32,2.558618307,3.502710104,2.555498362
16:25:32,2.55960393,3.501681328,2.555311918
16:25:32,2.559006691,3.501859426,2.555754423
16:25:32,2.558922768,3.503954411,2.555574894
16:25:32,2.558948755,3.502732992,2.555631876
16:25:32,2.558285952,3.503582001,2.555886507
16:25:32,2.558697701,3.503243208,2.557086229
16:25:32,2.558811903,3.501795292,2.555728436
16:25:32,2.558992863,3.500671864,2.55518961
16:25:32,2.558599472,3.500409126,2.554983616
16:25:32,2.558980465,3.501254559,2.555008888
16:25:32,2.559203625,3.500525236,2.55492568
16:25:32,2.558619976,3.501808405,2.554946899
16:25:32,2.558450222,3.502399683,2.556000471
16:25:32,2.557729006,3.502476692,2.555221796
16:25:32,2.55855298,3.502394438,2.55513072
16:25:32,2.558774233,3.502717257,2.556256056
16:25:32,2.558857918,3.501127958,2.555701494
16:25:32,2.558185816,3.501617432,2.555756807
16:25:32,2.557892799,3.501473665,2.554077148
16:25:32,2.557165146,3.502854824,2.554445505
16:25:32,2.558038235,3.502481222,2.554405689
16:25:32,2.558636189,3.503102303,2.554867268
16:25:32,2.559218884,3.503443003,2.554232597
16:25:32,2.558133364,3.501037836,2.555199385
16:25:32,2.557933092,3.500252008,2.553565025
16:25:32,2.558431149,3.501312017,2.553388834
16:25:32,2.557999372,3.50205636,2.555199385
16:25:32,2.55879283,3.502404213,2.555217266
16:25:32,2.558110714,3.502301693,2.555977106
16:25:32,2.558732986,3.501731396,2.555523396
16:25:32,2.557970047,3.500790834,2.556198835
16:25:32,2.557585716,3.50170207,2.555136442
16:25:32,2.557091236,3.501282454,2.555139303
16:25:32,2.558647394,3.502378702,2.554082394
16:25:32,2.558645248,3.501254559,2.554270267
16:25:32,2.558102846,3.502787113,2.556231499
16:25:32,2.55805254,3.501647949,2.55629468
16:25:32,2.559031963,3.501244068,2.556070328
16:25:32,2.55858779,3.501257896,2.554342985
16:25:32,2.558372259,3.499550343,2.554127455
16:25:32,2.557765245,3.500061035,2.554866076
16:25:32,2.559553862,3.501975298,2.554718018
16:25:32,2.558072329,3.501414537,2.554390669
16:25:32,2.558482885,3.501571655,2.554954767
16:25:32,2.55821991,3.501359701,2.554584265
16:25:32,2.558154345,3.500736475,2.555494308
16:25:32,2.557997942,3.501010418,2.555563927
16:25:32,2.558043957,3.500581741,2.554208755
16:25:32,2.557851791,3.500629187,2.555674314
16:25:32,2.557907104,3.500355959,2.55410552
16:25:32,2.557325363,3.500260353,2.554060698
16:25:32,2.558985472,3.500888348,2.556271553
16:25:32,2.55862546,3.500292301,2.556620836
16:25:32,2.558083534,3.50062561,2.555284739
16:25:32,2.558317661,3.501407862,2.554806471
16:25:32,2.559580088,3.501803875,2.555717945
16:25:32,2.557286263,3.502017736,2.555874586
16:25:32,2.558622122,3.501942396,2.55523634
16:25:33,2.559025764,3.50390625,2.555161715
16:25:33,2.558319807,3.503521919,2.554198027
16:25:33,2.559071541,3.504034042,2.55598855
16:25:33,2.558089018,3.503908157,2.556019545
16:25:33,2.558501482,3.50248909,2.555802345
16:25:33,2.558504105,3.502444506,2.555084229
16:25:33,2.558534384,3.50334549,2.555633783
16:25:33,2.557889938,3.502690554,2.554688215
16:25:33,2.559369326,3.503606081,2.555400372
16:25:33,2.559057713,3.502217054,2.555022955
16:25:33,2.559190989,3.502732277,2.554508209
16:25:33,2.559202909,3.501814842,2.555733204
16:25:33,2.558868647,3.502506495,2.556053162
16:25:33,2.557945013,3.502862692,2.556608915
16:25:33,2.5587008,3.50311017,2.556260347
16:25:33,2.55892539,3.503842115,2.554951906
16:25:33,2.559302092,3.504140377,2.555947304
16:25:33,2.559600592,3.503110886,2.554646492
16:25:33,2.55881834,3.502528667,2.556000471
16:25:33,2.558143377,3.502205133,2.55520606
16:25:33,2.559089422,3.502533436,2.557516098
16:25:33,2.558904409,3.502729893,2.555317163
16:25:33,2.55869174,3.502851963,2.55566287
16:25:33,2.559436798,3.502586126,2.554531574
16:25:33,2.55956769,3.503570557,2.555151224
16:25:33,2.558771372,3.502699614,2.554764986
16:25:33,2.559337616,3.502426386,2.554961443
16:25:33,2.558631897,3.501869202,2.555091619
16:25:33,2.557394028,3.50230813,2.556247711
16:25:33,2.558638811,3.501379013,2.55574894
16:25:33,2.556912899,3.501291275,2.556085825
16:25:33,2.557498932,3.500854015,2.555067778
16:25:33,2.557627439,3.500906706,2.555257797
16:25:33,2.558476925,3.501510859,2.55436039
16:25:33,2.558139086,3.501937628,2.553949356
16:25:33,2.558065653,3.501831532,2.554725885
16:25:33,2.557515383,3.500042915,2.554073811
16:25:33,2.556586266,3.499763489,2.553593636
16:25:33,2.5570786,3.49960041,2.553255081
16:25:33,2.559417009,3.500940084,2.553955555
16:25:33,2.558641911,3.500925064,2.554978609
16:25:33,2.556993484,3.499674797,2.554470778
16:25:33,2.558585882,3.501324892,2.554778099
16:25:33,2.55832696,3.502323151,2.555918932
16:25:33,2.558228254,3.500896215,2.555555105
16:25:33,2.559339285,3.501881599,2.55599761
16:25:33,2.558721304,3.501103878,2.554102182
16:25:33,2.558582306,3.501879692,2.553283691
16:25:33,2.558657885,3.502175093,2.554229259
16:25:33,2.557325363,3.501298189,2.554282665
16:25:33,2.557748795,3.499928713,2.55308795
16:25:33,2.556812286,3.499312162,2.555036068
16:25:33,2.557531834,3.499838114,2.55412817
16:25:33,2.557769775,3.500733852,2.554875612
16:25:33,2.556461334,3.500109911,2.553358316
16:25:33,2.557516098,3.500091076,2.553222895
16:25:33,2.557413101,3.500515938,2.553070545
16:25:33,2.558799267,3.500939369,2.554593801
16:25:33,2.557034492,3.499588251,2.554556847
16:25:33,2.556119442,3.500009775,2.554529428
16:25:33,2.557542562,3.49999547,2.554865599
16:25:33,2.555866957,3.500169039,2.554600239
16:25:33,2.558110714,3.500915766,2.554308653
16:25:33,2.557388067,3.500937462,2.554340363
16:25:33,2.558209896,3.500453234,2.554111481
16:25:33,2.557599306,3.500773668,2.555036068
16:25:33,2.558898926,3.502288103,2.55615449
16:25:33,2.557856321,3.500655651,2.555703402
16:25:33,2.558949471,3.500813246,2.556145668
16:25:33,2.558327675,3.500449419,2.554851532
16:25:33,2.558214664,3.50017333,2.554848194
16:25:33,2.558397532,3.501102448,2.55557704
16:25:33,2.558151245,3.500495195,2.554769516
16:25:33,2.557505369,3.501606941,2.555178165
16:25:33,2.559159279,3.50250721,2.554206133
16:25:33,2.558358669,3.502573967,2.555659771
16:25:33,2.557853937,3.502164841,2.555305243
16:25:33,2.559202194,3.502471447,2.556485176
16:25:33,2.558876038,3.503018856,2.556017399
16:25:33,2.558477402,3.501649141,2.554661036
16:25:33,2.558207273,3.50156045,2.556009531
16:25:33,2.558229685,3.50300765,2.554729939
16:25:33,2.559057713,3.502893209,2.555828333
16:25:33,2.558446407,3.501559258,2.55512929
16:25:33,2.558748484,3.502370358,2.554388523
16:25:33,2.558360577,3.502462864,2.555024862
16:25:33,2.558403492,3.501969099,2.555314541
16:25:33,2.55768609,3.501974821,2.555028915
16:25:33,2.558400154,3.50188303,2.556212425
16:25:33,2.559415102,3.502525806,2.555336475
16:25:33,2.558774233,3.501977444,2.555635214
16:25:33,2.558848143,3.502518177,2.554048777
16:25:33,2.557886839,3.502122164,2.555018902
16:25:33,2.558053732,3.502960205,2.555444717
16:25:33,2.559450626,3.503196955,2.556126118
16:25:33,2.558312178,3.500776291,2.555770159
16:25:33,2.558599472,3.501562595,2.556502819
16:25:33,2.558231115,3.500934839,2.555395126
16:25:33,2.559000254,3.500617743,2.55605197
16:25:33,2.558684349,3.501927137,2.554889917
16:25:33,2.558886051,3.501694918,2.554993153
16:25:33,2.557301998,3.501199245,2.555104733
16:25:33,2.559168577,3.50369072,2.555385828
16:25:33,2.557774305,3.502639055,2.555984974
16:25:33,2.558247089,3.501832008,2.554728031
16:25:33,2.559016466,3.501565695,2.555590868
16:25:33,2.558593035,3.502845049,2.556731224
16:25:33,2.558947802,3.504029989,2.555279493
16:25:33,2.559265137,3.502266645,2.555230379
16:25:33,2.558680534,3.501944304,2.556851387
16:25:33,2.558873415,3.500223637,2.555096388
16:25:33,2.559297562,3.500783443,2.555461884
16:25:33,2.557602882,3.501398563,2.554483414
16:25:33,2.558198452,3.502183676,2.554172277
16:25:33,2.556843519,3.501425266,2.552797556
16:25:33,2.557122707,3.501377821,2.55347538
16:25:33,2.558836222,3.501513004,2.555392742
16:25:33,2.557867527,3.501768589,2.555590391
16:25:33,2.55866313,3.501161814,2.556101561
16:25:34,2.559167624,3.502185583,2.555082321
16:25:34,2.558572054,3.502128839,2.555807352
16:25:34,2.558980465,3.502857685,2.555523396
16:25:34,2.558603048,3.502168655,2.555045128
16:25:34,2.558529615,3.501249313,2.5554111
16:25:34,2.558687687,3.501779795,2.554968119
16:25:34,2.558778763,3.50002718,2.553358793
16:25:34,2.557654142,3.500652313,2.553520918
16:25:34,2.558055878,3.500215769,2.554116011
16:25:34,2.558247566,3.500010967,2.555069685
16:25:34,2.557867527,3.500951052,2.555600405
16:25:34,2.558130741,3.50236845,2.55498004
16:25:34,2.558118105,3.502476692,2.554291487
16:25:34,2.559455872,3.502816439,2.554932833
16:25:34,2.558224678,3.501206398,2.554311991
16:25:34,2.557676077,3.502518177,2.5549891
16:25:34,2.557991028,3.50287652,2.554282665
16:25:34,2.558573246,3.503406286,2.554337025
16:25:34,2.557750702,3.501348495,2.554949045
16:25:34,2.558168888,3.502612829,2.555511475
16:25:34,2.557676554,3.501545668,2.555664301
16:25:34,2.557461262,3.500844717,2.55534029
16:25:34,2.557676554,3.500090361,2.554489851
16:25:34,2.558249235,3.500611782,2.555022955
16:25:34,2.557755232,3.501397371,2.554023504
16:25:34,2.557672024,3.50095439,2.555269718
16:25:34,2.558051825,3.500564814,2.553957224
16:25:34,2.558131933,3.500845432,2.555082321
16:25:34,2.558358669,3.499562502,2.553969145
16:25:34,2.558658361,3.502043486,2.555291891
16:25:34,2.558403492,3.500643253,2.556186199
16:25:34,2.558928013,3.500859737,2.555404425
16:25:34,2.558996201,3.500896215,2.55544281
16:25:34,2.559008121,3.499889135,2.555733919
16:25:34,2.558665752,3.500050068,2.554774761
16:25:34,2.558209181,3.501106501,2.556285381
16:25:34,2.557806015,3.50170207,2.554806471
16:25:34,2.55926156,3.501407146,2.55482316
16:25:34,2.55849719,3.501519203,2.555938959
16:25:34,2.558713198,3.501013994,2.556061983
16:25:34,2.558533669,3.500885248,2.555233717
16:25:34,2.55866313,3.502576351,2.554916382
16:25:34,2.558840036,3.501393795,2.555240393
16:25:34,2.558732986,3.500772238,2.554971218
16:25:34,2.557851791,3.500884056,2.555938244
16:25:34,2.558374166,3.50079155,2.555363894
16:25:34,2.557641745,3.502895594,2.555124044
16:25:34,2.558212042,3.502773523,2.556174994
16:25:34,2.558410883,3.502414465,2.555758238
16:25:34,2.558876514,3.501046419,2.554794073
16:25:34,2.557555199,3.502167463,2.555993795
16:25:34,2.557939529,3.501371384,2.555139303
16:25:34,2.55809021,3.501690388,2.555481195
16:25:34,2.557494879,3.502497435,2.554041386
16:25:34,2.558511734,3.501935005,2.555273294
16:25:34,2.557572365,3.502485037,2.554430962
16:25:34,2.557674646,3.50343442,2.555269718
16:25:34,2.558407545,3.501549482,2.554368258
16:25:34,2.55867362,3.502806664,2.554931641
16:25:34,2.558992863,3.500061035,2.555337667
16:25:34,2.557637691,3.502842426,2.554750443
16:25:34,2.557964802,3.502782345,2.555250883
16:25:34,2.558055401,3.502444029,2.554539442
16:25:34,2.558012962,3.501028538,2.55544281
16:25:34,2.557924509,3.500521898,2.554009199
16:25:34,2.558897972,3.499216318,2.556485176
16:25:34,2.557547808,3.500531673,2.554115534
16:25:34,2.558332205,3.500763893,2.554055214
16:25:34,2.557677507,3.500833511,2.553588867
16:25:34,2.55641675,3.501206398,2.553685665
16:25:34,2.558215141,3.50152421,2.55415988
16:25:34,2.559111595,3.502313375,2.554289818
16:25:34,2.557210207,3.500519037,2.554738998
16:25:34,2.557413101,3.501466513,2.55436492
16:25:34,2.558658361,3.501559973,2.555244446
16:25:34,2.558592319,3.500873804,2.553844213
16:25:34,2.558152437,3.500807762,2.554770947
16:25:34,2.558133364,3.502599239,2.555801868
16:25:34,2.558566093,3.501124859,2.555887222
16:25:34,2.55818224,3.502539873,2.555067778
16:25:34,2.559181929,3.500995636,2.555257797
16:25:34,2.55874896,3.501134634,2.555957317
16:25:34,2.558723211,3.501469851,2.555786133
16:25:34,2.55897212,3.502015352,2.554404974
16:25:34,2.558175087,3.501413107,2.554199457
16:25:34,2.557710648,3.499421835,2.554591417
16:25:34,2.556740999,3.499253988,2.556162357
16:25:34,2.557906628,3.499432087,2.553882122
16:25:34,2.557255983,3.499997854,2.554917097
16:25:34,2.557331085,3.500369072,2.554959297
16:25:34,2.557455301,3.501728296,2.554856539
16:25:34,2.557502985,3.499651432,2.553821802
16:25:34,2.558264732,3.501696825,2.555406332
16:25:34,2.558597803,3.500631571,2.554743052
16:25:34,2.558866024,3.50080061,2.555584908
16:25:34,2.55816102,3.501252651,2.554587841
16:25:34,2.55751729,3.500556707,2.554560423
16:25:34,2.556826115,3.499924898,2.555149078
16:25:34,2.557770491,3.499671459,2.553379297
16:25:34,2.557357788,3.500292301,2.553493023
16:25:34,2.559030056,3.500463963,2.553593159
16:25:34,2.557420492,3.501059532,2.554584265
16:25:34,2.557167292,3.502158642,2.553755522
16:25:34,2.557362795,3.501473665,2.555226088
16:25:34,2.558125973,3.500476837,2.55575943
16:25:34,2.557054281,3.501279354,2.55407238
16:25:34,2.556937933,3.500941277,2.554446697
16:25:34,2.558506966,3.5014112,2.554493189
16:25:34,2.55802083,3.500963449,2.555416346
16:25:34,2.559491158,3.501887321,2.554214001
16:25:34,2.557596207,3.502222061,2.553466558
16:25:34,2.558466911,3.502954721,2.554095745
16:25:34,2.557778597,3.501895905,2.555490494
16:25:34,2.558640718,3.501781702,2.55540514
16:25:34,2.55841136,3.501844883,2.555666924
16:25:34,2.558563948,3.502239943,2.554697514
16:25:35,2.557865381,3.500882149,2.555484056
16:25:35,2.557778597,3.501956463,2.554508209
16:25:35,2.557479858,3.500099182,2.555072546
16:25:35,2.558079958,3.500305653,2.553081274
16:25:35,2.557198524,3.500001192,2.55475831
16:25:35,2.556730986,3.500885248,2.553877831
16:25:35,2.557271719,3.501262426,2.555010557
16:25:35,2.55872798,3.501115084,2.554947376
16:25:35,2.558903456,3.501255751,2.554724455
16:25:35,2.558386803,3.500864029,2.555495977
16:25:35,2.558135748,3.501758337,2.554852247
16:25:35,2.557718277,3.502131939,2.555349588
16:25:35,2.558153152,3.501301765,2.554237127
16:25:35,2.55811882,3.502560139,2.555406332
16:25:35,2.559466124,3.503403425,2.554652929
16:25:35,2.558456898,3.502125025,2.555521488
16:25:35,2.558001041,3.501770735,2.554762363
16:25:35,2.559067249,3.50262785,2.55474782
16:25:35,2.558068514,3.501956463,2.554659128
16:25:35,2.559215546,3.502315283,2.554142714
16:25:35,2.557636499,3.502407312,2.555635214
16:25:35,2.557679892,3.50144124,2.555928946
16:25:35,2.557864428,3.50018239,2.555006981
16:25:35,2.558679819,3.50100708,2.55602026
16:25:35,2.558795214,3.500859022,2.554153204
16:25:35,2.557847261,3.500234127,2.554959297
16:25:35,2.558021307,3.500798702,2.555153131
16:25:35,2.55751276,3.501608133,2.55568099
16:25:35,2.558184147,3.502928734,2.554824352
16:25:35,2.55779171,3.502408743,2.554832458
16:25:35,2.558005095,3.502075911,2.555197477
16:25:35,2.557759523,3.50014329,2.555026054
16:25:35,2.558329582,3.501774549,2.555561066
16:25:35,2.559006214,3.501665592,2.55489254
16:25:35,2.558177471,3.501866579,2.55536294
16:25:35,2.558674335,3.501349211,2.555221319
16:25:35,2.558914185,3.502497435,2.555770636
16:25:35,2.558340549,3.502787113,2.55561471
16:25:35,2.559647083,3.503726721,2.555749655
16:25:35,2.559061766,3.503341198,2.55454278
16:25:35,2.558231831,3.50231266,2.555208683
16:25:35,2.55773139,3.502299786,2.553535461
16:25:35,2.559298038,3.502168655,2.556242228
16:25:35,2.559197187,3.500776768,2.554515362
16:25:35,2.558514118,3.501369476,2.556406975
16:25:35,2.557420492,3.500792503,2.554131508
16:25:35,2.557366133,3.501205444,2.554453373
16:25:35,2.557917356,3.501533985,2.554092169
16:25:35,2.557334423,3.502315998,2.554089069
16:25:35,2.557987452,3.502560139,2.554520845
16:25:35,2.558857203,3.500667334,2.553508282
16:25:35,2.557458162,3.500317097,2.555398464
16:25:35,2.558340073,3.499225378,2.554799795
16:25:35,2.558351278,3.499867201,2.554171801
16:25:35,2.55761981,3.500867605,2.555820227
16:25:35,2.558048248,3.49992609,2.554642677
16:25:35,2.55751729,3.501394749,2.554429054
16:25:35,2.557394505,3.501031399,2.553006649
16:25:35,2.557938814,3.501617432,2.554213524
16:25:35,2.558137178,3.501126766,2.555568457
16:25:35,2.557411194,3.500924349,2.554530859
16:25:35,2.558579922,3.500525713,2.55414772
16:25:35,2.557558537,3.501263618,2.555317879
16:25:35,2.557087421,3.499813318,2.554504395
16:25:35,2.557621956,3.500467539,2.554333925
16:25:35,2.557509661,3.500378132,2.553653955
16:25:35,2.559262276,3.502089739,2.554309845
16:25:35,2.558175564,3.501587391,2.553804398
16:25:35,2.558441162,3.502080441,2.555028915
16:25:35,2.558026791,3.500973225,2.554702759
16:25:35,2.558346033,3.500798702,2.555859089
16:25:35,2.559054852,3.503192425,2.555745125
16:25:35,2.558949471,3.502788544,2.555407047
16:25:35,2.558279037,3.503157854,2.555467844
16:25:35,2.559374571,3.503716946,2.553838968
16:25:35,2.559459448,3.503301144,2.554806471
16:25:35,2.559232712,3.503312349,2.554630518
16:25:35,2.558676243,3.501586914,2.554562092
16:25:35,2.55855608,3.501346588,2.555008173
16:25:35,2.55909586,3.50261879,2.55517292
16:25:35,2.558624029,3.500843525,2.554775238
16:25:35,2.558192968,3.50143218,2.555117369
16:25:35,2.559881449,3.501937628,2.555307865
16:25:35,2.559346437,3.503089905,2.555186272
16:25:35,2.558523655,3.502866745,2.555983067
16:25:35,2.559371471,3.501165867,2.554569721
16:25:35,2.558399439,3.501736879,2.555408955
16:25:35,2.559100628,3.501653194,2.554498911
16:25:35,2.558032751,3.50202179,2.555212736
16:25:35,2.558763027,3.502909899,2.55501771
16:25:35,2.558685064,3.502748251,2.555462599
16:25:35,2.558761597,3.503006458,2.556354761
16:25:35,2.557222843,3.501882076,2.554512501
16:25:35,2.558015585,3.501089334,2.554162025
16:25:35,2.557403088,3.501526594,2.554112911
16:25:35,2.558380365,3.502305508,2.555375338
16:25:35,2.557560444,3.502454996,2.55533576
16:25:35,2.557969332,3.501356363,2.555990458
16:25:35,2.556987762,3.501720428,2.553600311
16:25:35,2.558254719,3.500811577,2.553932905
16:25:35,2.558055401,3.501888037,2.555016994
16:25:35,2.558649302,3.501527786,2.554498911
16:25:35,2.558168888,3.501019478,2.554216385
16:25:35,2.556816578,3.499748707,2.555098295
16:25:35,2.556831121,3.500820637,2.554829597
16:25:35,2.557237864,3.499701023,2.553847551
16:25:35,2.557562351,3.500500202,2.554521561
16:25:35,2.557641029,3.500298023,2.553576231
16:25:35,2.557450294,3.500436306,2.554522276
16:25:35,2.557378054,3.49980402,2.553714037
16:25:35,2.556389093,3.499759197,2.553924561
16:25:35,2.557563066,3.500113487,2.554552078
16:25:35,2.556854725,3.500345707,2.554207325
16:25:35,2.557491064,3.499941826,2.554379463
16:25:35,2.557328463,3.501163244,2.554579735
16:25:36,2.557318687,3.500793695,2.554299831
16:25:36,2.557037115,3.50026536,2.552582026
16:25:36,2.557064772,3.499961376,2.554134607
16:25:36,2.557466507,3.500039101,2.55350709
16:25:36,2.558073759,3.49966383,2.553391933
16:25:36,2.558102369,3.500181675,2.55448842
16:25:36,2.557831287,3.500756025,2.554498196
16:25:36,2.55721426,3.500155687,2.554965973
16:25:36,2.557194471,3.500451326,2.555199385
16:25:36,2.557107925,3.500070333,2.554764271
16:25:36,2.55696249,3.502076626,2.55523181
16:25:36,2.557742596,3.501264334,2.554930925
16:25:36,2.557734251,3.500402451,2.555001497
16:25:36,2.557111263,3.500520468,2.55458045
16:25:36,2.559691429,3.502491713,2.554752588
16:25:36,2.55890584,3.502044201,2.554245234
16:25:36,2.557830095,3.500083447,2.555266857
16:25:36,2.556917429,3.500781775,2.554216385
16:25:36,2.557644844,3.500903606,2.555175781
16:25:36,2.557943583,3.50107193,2.554452896
16:25:36,2.558018446,3.500478029,2.554258108
16:25:36,2.557763815,3.500907898,2.554629326
16:25:36,2.557918549,3.500598192,2.553812742
16:25:36,2.557148218,3.501322508,2.554674864
16:25:36,2.557679415,3.501547337,2.554870844
16:25:36,2.558305025,3.499722481,2.55556035
16:25:36,2.557422161,3.499449015,2.554171801
16:25:36,2.55794692,3.500413656,2.554491043
16:25:36,2.557493687,3.500565767,2.554516792
16:25:36,2.558708668,3.500084877,2.555517673
16:25:36,2.557565928,3.500679255,2.555654287
16:25:36,2.558482885,3.501004219,2.553479433
16:25:36,2.558036804,3.501556635,2.554802656
16:25:36,2.557398558,3.501032114,2.55521059
16:25:36,2.55780673,3.500344038,2.554160357
16:25:36,2.55879283,3.500823021,2.555403948
16:25:36,2.558867216,3.501362801,2.555491686
16:25:36,2.559118986,3.501324892,2.555407047
16:25:36,2.558356762,3.502070904,2.556591749
16:25:36,2.557720423,3.501047134,2.554547787
16:25:36,2.557976723,3.501141071,2.554690361
16:25:36,2.557848454,3.500481844,2.554033518
16:25:36,2.557144642,3.499885082,2.55423069
16:25:36,2.557337284,3.500083447,2.553576231
16:25:36,2.556592464,3.50041604,2.555338383
16:25:36,2.557393074,3.500977755,2.55453229
16:25:36,2.55701685,3.498755455,2.553777456
16:25:36,2.557536364,3.500198364,2.554246902
16:25:36,2.558114052,3.500702381,2.554479837
16:25:36,2.557623148,3.501118183,2.554200172
16:25:36,2.558503389,3.501082897,2.555031538
16:25:36,2.558203936,3.501340151,2.555093765
16:25:36,2.558007002,3.501146317,2.554841042
16:25:36,2.558611631,3.49992156,2.554475307
16:25:36,2.557598591,3.49995923,2.554268837
16:25:36,2.556559324,3.498835802,2.554280043
16:25:36,2.557943583,3.501647949,2.555389881
16:25:36,2.557787657,3.501648664,2.554684401
16:25:36,2.558917761,3.502205133,2.554472685
16:25:36,2.558609009,3.502087831,2.555751562
16:25:36,2.558322668,3.500918627,2.555628061
16:25:36,2.558224678,3.501725674,2.554442883
16:25:36,2.558586597,3.501786947,2.555069685
16:25:36,2.55832696,3.502487659,2.554946184
16:25:36,2.559190273,3.502554893,2.554749012
16:25:36,2.558161736,3.501294374,2.555227995
16:25:36,2.557989597,3.502261639,2.555402517
16:25:36,2.558158398,3.502505541,2.555091143
16:25:36,2.558805704,3.50237155,2.555477858
16:25:36,2.558110714,3.501202822,2.554719925
16:25:36,2.558564901,3.501893997,2.556158781
16:25:36,2.559233427,3.501996279,2.555041552
16:25:36,2.558766127,3.502028942,2.55490303
16:25:36,2.558470249,3.501831532,2.555399179
16:25:36,2.558218479,3.501901865,2.556296587
16:25:36,2.558273315,3.50064373,2.555491209
16:25:36,2.558122635,3.501965046,2.554612875
16:25:36,2.558995485,3.502797604,2.555922747
16:25:36,2.558359861,3.501377821,2.55543232
16:25:36,2.558579922,3.501903296,2.555579662
16:25:36,2.558794022,3.501280785,2.554993153
16:25:36,2.557955027,3.501124144,2.554518938
16:25:36,2.559011459,3.500932217,2.554016352
16:25:36,2.558294535,3.501886129,2.55416441
16:25:36,2.558276653,3.501955032,2.555057764
16:25:36,2.557698011,3.500855923,2.554004431
16:25:36,2.55769062,3.501665592,2.55457902
16:25:36,2.558647394,3.502575159,2.556119919
16:25:36,2.559016466,3.501844168,2.554784775
16:25:36,2.557924509,3.500134945,2.553456306
16:25:36,2.557796955,3.501583338,2.555037975
16:25:36,2.558176756,3.50262475,2.554316044
16:25:36,2.556772232,3.502589464,2.55360961
16:25:36,2.557306767,3.501862764,2.554946899
16:25:36,2.557733536,3.502198935,2.554120302
16:25:36,2.557742596,3.501749754,2.55457592
16:25:36,2.558932781,3.500894547,2.55420804
16:25:36,2.558904409,3.501811981,2.555440903
16:25:36,2.557504654,3.50157094,2.555341959
16:25:36,2.558303595,3.501101017,2.555502415
16:25:36,2.558670521,3.500595093,2.55471921
16:25:36,2.558058023,3.499550343,2.55608654
16:25:36,2.55870533,3.502239943,2.556030273
16:25:36,2.558340073,3.501690388,2.553454876
16:25:36,2.558208466,3.500739813,2.553749084
16:25:36,2.557652235,3.501342058,2.554283381
16:25:36,2.558231831,3.500476837,2.554372787
16:25:36,2.558254242,3.500678539,2.55536747
16:25:36,2.55783534,3.500647068,2.553398609
16:25:36,2.55786705,3.500742912,2.554716587
16:25:36,2.557764292,3.500380278,2.555037498
16:25:36,2.557190418,3.500314236,2.554531574
16:25:36,2.558643341,3.500764608,2.554250956
16:25:36,2.557820797,3.499547958,2.5548594
16:25:36,2.557192564,3.500498295,2.553345203
16:25:36,2.55649662,3.499922276,2.55393362
16:25:36,2.55739665,3.500998735,2.552604198
16:25:36,2.5570755,3.499760628,2.554876089
16:25:36,2.55693984,3.500613928,2.554885387
16:25:37,2.556755066,3.499891758,2.554309845
16:25:37,2.557172537,3.49919486,2.55407238
16:25:37,2.557221413,3.500456095,2.555002928
16:25:37,2.556692123,3.499149084,2.55365777
16:25:37,2.557259798,3.499496937,2.554246902
16:25:37,2.556349277,3.500088692,2.554017067
16:25:37,2.556863308,3.499885559,2.554973364
16:25:37,2.557062149,3.500109434,2.553438425
16:25:37,2.556996107,3.500543356,2.554150105
16:25:37,2.557656765,3.500787258,2.554601431
16:25:37,2.556752443,3.500733376,2.553162336
16:25:37,2.557613134,3.500314236,2.554010391
16:25:37,2.558287382,3.499887466,2.55380249
16:25:37,2.556867838,3.501079082,2.555444241
16:25:37,2.55772543,3.500677347,2.553072453
16:25:37,2.557065487,3.500641346,2.553714752
16:25:37,2.558317661,3.501922131,2.556054831
16:25:37,2.558318138,3.501676559,2.554920197
16:25:37,2.557068348,3.501338005,2.554424763
16:25:37,2.557216644,3.500304937,2.555222511
16:25:37,2.557666302,3.499611139,2.553456783
16:25:37,2.557945013,3.501369476,2.555351496
16:25:37,2.558542252,3.501028538,2.554572344
16:25:37,2.557444096,3.499967813,2.554358482
16:25:37,2.557475805,3.501555443,2.554964066
16:25:37,2.557389975,3.501137257,2.554419994
16:25:37,2.55830574,3.500632763,2.554152727
16:25:37,2.558319092,3.500641823,2.554251671
16:25:37,2.558562756,3.501723528,2.554733276
16:25:37,2.557020426,3.50161624,2.554489136
16:25:37,2.558217049,3.501661062,2.554456711
16:25:37,2.558104992,3.501921415,2.554282188
16:25:37,2.556503773,3.500387192,2.554562569
16:25:37,2.557466507,3.50023675,2.555762291
16:25:37,2.557825327,3.50110054,2.554102898
16:25:37,2.557958126,3.500243902,2.554933548
16:25:37,2.558153868,3.501739502,2.554141998
16:25:37,2.558077812,3.500538111,2.553284407
16:25:37,2.557892799,3.500652313,2.554454565
16:25:37,2.557816029,3.500897646,2.555078506
16:25:37,2.556989431,3.500429869,2.554889202
16:25:37,2.558106184,3.502184391,2.5558846
16:25:37,2.557125568,3.500620842,2.553495169
16:25:37,2.557430267,3.501055479,2.555528641
16:25:37,2.559095144,3.501041889,2.555040121
16:25:37,2.558216572,3.500507355,2.55526495
16:25:37,2.55746007,3.501107931,2.555011034
16:25:37,2.558332682,3.50108695,2.554578304
16:25:37,2.557379961,3.501940966,2.554332972
16:25:37,2.558125973,3.502501249,2.554671764
16:25:37,2.558460951,3.501916647,2.554406404
16:25:37,2.558199406,3.501019478,2.554273605
16:25:37,2.557641745,3.501077175,2.554363966
16:25:37,2.557581425,3.500917673,2.555349112
16:25:37,2.558310747,3.500912189,2.555018902
16:25:37,2.557921648,3.501509666,2.554975271
16:25:37,2.557614803,3.500828505,2.554683447
16:25:37,2.557804108,3.500394106,2.554709435
16:25:37,2.558292389,3.500747681,2.55458045
16:25:37,2.558072805,3.500855923,2.555295944
16:25:37,2.558712244,3.502009392,2.55499053
16:25:37,2.557724953,3.501643419,2.555621386
16:25:37,2.557952881,3.502267122,2.555535316
16:25:37,2.558315516,3.500412941,2.554115534
16:25:37,2.557267427,3.50066328,2.553372145
16:25:37,2.557600021,3.501129866,2.553529024
16:25:37,2.558327675,3.500926256,2.554841518
16:25:37,2.557804108,3.500044107,2.55508399
16:25:37,2.558240175,3.500510216,2.55388546
16:25:37,2.557204247,3.499855042,2.554436922
16:25:37,2.558092833,3.500346899,2.55506134
16:25:37,2.55858779,3.500553846,2.553841591
16:25:37,2.556875706,3.501435041,2.554268837
16:25:37,2.557549715,3.502086401,2.553969145
16:25:37,2.557860374,3.500295401,2.55401516
16:25:37,2.558423758,3.500378132,2.553068638
16:25:37,2.557429552,3.500127792,2.553821802
16:25:37,2.558987617,3.501339436,2.55436492
16:25:37,2.557033777,3.499986887,2.554236174
16:25:37,2.557962894,3.501837969,2.555083036
16:25:37,2.556659698,3.500797033,2.55444932
16:25:37,2.557605982,3.500350237,2.554049492
16:25:37,2.558220387,3.500068903,2.555029631
16:25:37,2.557414293,3.499578476,2.55382514
16:25:37,2.556388378,3.500298023,2.553530216
16:25:37,2.557659149,3.500727415,2.554599524
16:25:37,2.558361769,3.500756025,2.553574085
16:25:37,2.558117151,3.500379562,2.55477953
16:25:37,2.55753994,3.500807762,2.555364609
16:25:37,2.558075666,3.500362158,2.55412221
16:25:37,2.557958603,3.501110792,2.554670811
16:25:37,2.558534384,3.501238823,2.554549932
16:25:37,2.55783391,3.501621723,2.554268837
16:25:37,2.558021307,3.500754833,2.554119587
16:25:37,2.557135582,3.500311852,2.554593086
16:25:37,2.557510138,3.501219988,2.556078911
16:25:37,2.558319092,3.501684427,2.554932833
16:25:37,2.558256388,3.501174212,2.554996252
16:25:37,2.557212353,3.500459194,2.554339886
16:25:37,2.557893515,3.500290394,2.556688786
16:25:37,2.557783604,3.501332283,2.554339886
16:25:37,2.557358265,3.501501083,2.554529905
16:25:37,2.557946205,3.500105619,2.553377628
16:25:37,2.558067322,3.501781702,2.555590868
16:25:37,2.558454275,3.501639366,2.55643487
16:25:37,2.558287382,3.501945972,2.555296659
16:25:37,2.559313297,3.501888037,2.555670977
16:25:37,2.559007406,3.502198935,2.555229664
16:25:37,2.558714628,3.501319885,2.555895329
16:25:37,2.558283806,3.502752542,2.554882765
16:25:37,2.557557821,3.502843857,2.555866241
16:25:37,2.558441877,3.502962828,2.55410552
16:25:37,2.558458328,3.501138449,2.555438042
16:25:37,2.559154034,3.50087595,2.555389881
16:25:37,2.558076382,3.502023935,2.55509758
16:25:37,2.559395313,3.500438213,2.554380178
16:25:37,2.559226751,3.502561569,2.554777622
16:25:37,2.559125185,3.50272584,2.556138039
16:25:37,2.55923605,3.502681494,2.556176186
16:25:38,2.558149815,3.501871824,2.555108309
16:25:38,2.558956623,3.501899004,2.553493023
16:25:38,2.558414698,3.501335382,2.554409981
16:25:38,2.55819726,3.50262475,2.554764271
16:25:38,2.558853388,3.501416206,2.555854797
16:25:38,2.557607651,3.500350237,2.554436922
16:25:38,2.557569504,3.50144434,2.554802179
16:25:38,2.558744907,3.502995729,2.554046154
16:25:38,2.558021307,3.501025677,2.554116726
16:25:38,2.557873726,3.50142169,2.554873943
16:25:38,2.558976412,3.50167942,2.554829121
16:25:38,2.557424068,3.50083828,2.553657293
16:25:38,2.556721926,3.501018286,2.554451704
16:25:38,2.558076382,3.501716614,2.554094315
16:25:38,2.558041096,3.500904322,2.554772377
16:25:38,2.557010651,3.500818014,2.55462122
16:25:38,2.557789564,3.500495195,2.554272413
16:25:38,2.557794809,3.499584913,2.554468632
16:25:38,2.558145761,3.500399351,2.554593086
16:25:38,2.558552265,3.501524687,2.554919004
16:25:38,2.558279037,3.502038002,2.554400444
16:25:38,2.558213949,3.500863314,2.553780079
16:25:38,2.556699991,3.500601292,2.555755138
16:25:38,2.557634592,3.499850512,2.554020882
16:25:38,2.557241917,3.500705957,2.556088924
16:25:38,2.557880878,3.500333309,2.553842545
16:25:38,2.558045387,3.499937296,2.55488205
16:25:38,2.558900833,3.499983549,2.555104256
16:25:38,2.558028221,3.501811266,2.555757523
16:25:38,2.557121754,3.501117706,2.553518295
16:25:38,2.55787015,3.500669479,2.55415988
16:25:38,2.557707071,3.500151873,2.5534482
16:25:38,2.558702469,3.501287222,2.554750919
16:25:38,2.558375835,3.501554728,2.553794146
16:25:38,2.557806015,3.500494003,2.554954052
16:25:38,2.558460236,3.501508951,2.554917097
16:25:38,2.557576418,3.501744509,2.554553986
16:25:38,2.558022738,3.500892639,2.55450058
16:25:38,2.558313131,3.501888037,2.554485798
16:25:38,2.558219194,3.501292229,2.554191589
16:25:38,2.55775404,3.501055479,2.555047989
16:25:38,2.558069229,3.501055002,2.555133343
16:25:38,2.558594465,3.500295877,2.553963423
16:25:38,2.558087111,3.501178503,2.55523634
16:25:38,2.558391571,3.501276731,2.555795908
16:25:38,2.558389187,3.500941992,2.554300547
16:25:38,2.558392763,3.501955748,2.554114819
16:25:38,2.558349848,3.501272202,2.555305243
16:25:38,2.558073759,3.501739502,2.554680347
16:25:38,2.558079004,3.501152754,2.553977489
16:25:38,2.558543444,3.502177715,2.555454731
16:25:38,2.557887316,3.501601458,2.555213451
16:25:38,2.558181524,3.502097607,2.554852962
16:25:38,2.557858944,3.501176834,2.555292606
16:25:38,2.558114529,3.501788139,2.555598974
16:25:38,2.558615685,3.500744343,2.554483414
16:25:38,2.558285952,3.500385284,2.555536032
16:25:38,2.55833745,3.501032829,2.555479765
16:25:38,2.558456182,3.500724792,2.553819895
16:25:38,2.557756662,3.501154184,2.554848671
16:25:38,2.558317661,3.502177238,2.556048632
16:25:38,2.557815552,3.501541138,2.554657221
16:25:38,2.558093548,3.501375914,2.554939508
16:25:38,2.558721304,3.501855612,2.555069208
16:25:38,2.558725119,3.501689911,2.554733276
16:25:38,2.557534218,3.501469135,2.554327011
16:25:38,2.556951761,3.500254393,2.553860903
16:25:38,2.556215048,3.500222921,2.555905581
16:25:38,2.556947947,3.500781059,2.553416491
16:25:38,2.557303429,3.501379013,2.554956913
16:25:38,2.557830095,3.501127481,2.555685282
16:25:38,2.558543444,3.501995325,2.554891825
16:25:38,2.557595491,3.501424313,2.554807186
16:25:38,2.557158709,3.501466036,2.554149389
16:25:38,2.557856321,3.501082182,2.553565025
16:25:38,2.557971954,3.500921965,2.553646088
16:25:38,2.557785749,3.500315666,2.553493738
16:25:38,2.557832003,3.500741005,2.555495977
16:25:38,2.557510853,3.50134778,2.554521561
16:25:38,2.558435678,3.501652002,2.553895712
16:25:38,2.557991982,3.502654076,2.55516243
16:25:38,2.557687998,3.500458479,2.553135395
16:25:38,2.556741714,3.500160456,2.554514408
16:25:38,2.557881594,3.499920845,2.554489851
16:25:38,2.558357239,3.501082182,2.555038691
16:25:38,2.557683468,3.500782728,2.553673744
16:25:38,2.557585001,3.501075029,2.554601431
16:25:38,2.557109833,3.501989841,2.553606033
16:25:38,2.558689594,3.502066135,2.554601431
16:25:38,2.557523489,3.502181768,2.554600239
16:25:38,2.558626652,3.502350807,2.55572176
16:25:38,2.558254719,3.50120163,2.55596137
16:25:38,2.557562351,3.501369476,2.554743528
16:25:38,2.55841279,3.502121449,2.554430246
16:25:38,2.55733037,3.501445055,2.555385828
16:25:38,2.558454275,3.501941681,2.555229664
16:25:38,2.558710814,3.501648664,2.555626631
16:25:38,2.557528019,3.501317978,2.554952621
16:25:38,2.558172226,3.502554893,2.555354834
16:25:38,2.558920622,3.502444029,2.555633307
16:25:38,2.559367418,3.502178431,2.555039406
16:25:38,2.55890584,3.501470566,2.554733276
16:25:38,2.558363199,3.500583649,2.553659201
16:25:38,2.557660818,3.500003099,2.553547382
16:25:38,2.556724548,3.500397682,2.553797245
16:25:38,2.558363914,3.501096249,2.555395126
16:25:38,2.558128595,3.501328468,2.553880215
16:25:38,2.558100224,3.502175093,2.554036856
16:25:38,2.557799578,3.501711845,2.554545403
16:25:38,2.558561325,3.501722336,2.555091619
16:25:38,2.558172226,3.501415491,2.554759026
16:25:38,2.55888319,3.50177002,2.554763079
16:25:38,2.558168888,3.501327038,2.554881334
16:25:38,2.557471275,3.502261639,2.554262877
16:25:38,2.55821991,3.500092268,2.553378582
16:25:38,2.557247162,3.500622272,2.553457499
16:25:39,2.558204651,3.50178051,2.555385351
16:25:39,2.557796001,3.501750469,2.554119587
16:25:39,2.558061838,3.501701355,2.553794146
16:25:39,2.557857513,3.500692129,2.553585291
16:25:39,2.558094263,3.500566959,2.554713964
16:25:39,2.557417631,3.501077175,2.553080559
16:25:39,2.558202744,3.50013876,2.554376841
16:25:39,2.558800459,3.500649929,2.554670334
16:25:39,2.557307482,3.500178099,2.553464651
16:25:39,2.557448626,3.499470711,2.553476572
16:25:39,2.557164431,3.50087738,2.554104805
16:25:39,2.557954311,3.500746965,2.553702116
16:25:39,2.557440996,3.500918627,2.554274321
16:25:39,2.556999445,3.500365734,2.553324461
16:25:39,2.558517694,3.50012517,2.553313494
16:25:39,2.558182955,3.500745535,2.554154873
16:25:39,2.557353497,3.499728441,2.554453373
16:25:39,2.557033062,3.499438047,2.553963423
16:25:39,2.556501389,3.500631571,2.553241253
16:25:39,2.556630611,3.50079155,2.55335784
16:25:39,2.556633472,3.499991417,2.553234577
16:25:39,2.556985617,3.500629902,2.553446293
16:25:39,2.558478832,3.501381159,2.553915977
16:25:39,2.557304621,3.499943733,2.554747105
16:25:39,2.557705164,3.500804901,2.554967403
16:25:39,2.557552576,3.500538111,2.555049419
16:25:39,2.557757139,3.501288414,2.554410458
16:25:39,2.558107376,3.501643419,2.554751873
16:25:39,2.556341171,3.499794722,2.554833174
16:25:39,2.557631731,3.500295401,2.554558516
16:25:39,2.557220221,3.500213861,2.554022789
16:25:39,2.557791233,3.501120567,2.554605722
16:25:39,2.557862997,3.501208305,2.555073261
16:25:39,2.558803082,3.50232935,2.554246426
16:25:39,2.55754137,3.500622272,2.553523064
16:25:39,2.557327986,3.501034737,2.554346323
16:25:39,2.559063435,3.501760244,2.553671122
16:25:39,2.558446407,3.501478195,2.555282116
16:25:39,2.558410168,3.500944614,2.55399251
16:25:39,2.558037519,3.501697779,2.554297447
16:25:39,2.558131456,3.501452923,2.55483675
16:25:39,2.557794809,3.50169611,2.555018902
16:25:39,2.559457779,3.504796267,2.557478428
16:25:39,2.559860945,3.505003691,2.557805538
16:25:39,2.560496807,3.504911661,2.55723238
16:25:39,2.559985161,3.504889488,2.556271553
16:25:39,2.56011939,3.503819466,2.556003094
16:25:39,2.559579611,3.503936052,2.557048321
16:25:39,2.560183525,3.504206896,2.556635857
16:25:39,2.560687542,3.504930496,2.557858706
16:25:39,2.560186863,3.504617691,2.557617188
16:25:39,2.560254097,3.505287647,2.558911324
16:25:39,2.560058594,3.504756212,2.556950569
16:25:39,2.560446978,3.504531145,2.556908846
16:25:39,2.561036825,3.504477501,2.5564363
16:25:39,2.55997324,3.504644156,2.556783199
16:25:39,2.558429956,3.504343987,2.556910992
16:25:39,2.560412169,3.50454545,2.556396484
16:25:39,2.559303999,3.504667044,2.557175398
16:25:39,2.560450315,3.504076958,2.556658268
16:25:39,2.559647799,3.50439167,2.556551218
16:25:39,2.559738159,3.505349398,2.556768656
16:25:39,2.559435368,3.504039764,2.557607889
16:25:39,2.560576439,3.504834652,2.558411121
16:25:39,2.560364485,3.504720926,2.55702734
16:25:39,2.559986353,3.504230976,2.556533813
16:25:39,2.560016155,3.503708363,2.555302382
16:25:39,2.559244633,3.503299952,2.556230545
16:25:39,2.559481144,3.503122568,2.555229664
16:25:39,2.559145689,3.503739357,2.555770636
16:25:39,2.561290264,3.504577398,2.557097435
16:25:39,2.560511827,3.503658772,2.55591774
16:25:39,2.560038805,3.50379014,2.556359291
16:25:39,2.559665203,3.501680613,2.556331873
16:25:39,2.560323954,3.504095316,2.557672977
16:25:39,2.559455395,3.503042459,2.556110144
16:25:39,2.560884953,3.504063606,2.555930138
16:25:39,2.560263157,3.504175663,2.557592869
16:25:39,2.56065917,3.504859447,2.556465864
16:25:39,2.560578823,3.504890919,2.556794643
16:25:39,2.56073451,3.503515959,2.556001663
16:25:39,2.559913874,3.502073288,2.556034088
16:25:39,2.56001687,3.503270149,2.558115959
16:25:39,2.559894085,3.502803564,2.557883263
16:25:39,2.560709953,3.504738331,2.556913137
16:25:39,2.560875177,3.505278826,2.556872606
16:25:39,2.560203791,3.50328517,2.557100773
16:25:39,2.559147358,3.503038883,2.556695461
16:25:39,2.558683395,3.502914906,2.558422804
16:25:39,2.559683084,3.50393939,2.556535959
16:25:39,2.559273481,3.502288103,2.55572176
16:25:39,2.559421062,3.503080845,2.555897236
16:25:39,2.559997797,3.502592087,2.554358482
16:25:39,2.559531927,3.503283739,2.556847334
16:25:39,2.560560226,3.503889322,2.557224512
16:25:39,2.560090303,3.504103899,2.557771921
16:25:39,2.559480429,3.503402472,2.556464434
16:25:39,2.559430838,3.502935171,2.556586266
16:25:39,2.559765339,3.503706455,2.557044744
16:25:39,2.559867859,3.503060341,2.555613518
16:25:39,2.559846401,3.5025177,2.555489779
16:25:39,2.559179783,3.504345179,2.557084322
16:25:39,2.560930014,3.504955292,2.557190657
16:25:39,2.559592009,3.503346205,2.555958748
16:25:39,2.55950141,3.501984596,2.555282831
16:25:39,2.559249163,3.502578974,2.556861877
16:25:39,2.558480024,3.502991438,2.555364609
16:25:39,2.558189392,3.502179384,2.555649996
16:25:39,2.560215235,3.503307104,2.55693078
16:25:39,2.559915781,3.503452778,2.556319952
16:25:39,2.560054541,3.504412174,2.557615995
16:25:39,2.560854673,3.503049374,2.556219339
16:25:39,2.559909821,3.503783226,2.556185007
16:25:39,2.560153723,3.50297904,2.556577682
16:25:39,2.559666872,3.504135132,2.556976318
16:25:40,2.559609413,3.503744364,2.556289434
16:25:40,2.560576439,3.503780127,2.556361437
16:25:40,2.559270859,3.502960205,2.556996346
16:25:40,2.559401035,3.503266811,2.557575464
16:25:40,2.559676647,3.502951622,2.55713439
16:25:40,2.560373068,3.503639221,2.55720067
16:25:40,2.56033659,3.503893614,2.558103323
16:25:40,2.560441256,3.504828215,2.55631566
16:25:40,2.559628487,3.503378391,2.556323767
16:25:40,2.559278965,3.502562761,2.555121422
16:25:40,2.559212923,3.503157139,2.556305647
16:25:40,2.559373379,3.502839565,2.555768251
16:25:40,2.559336901,3.50307107,2.55571723
16:25:40,2.558657885,3.502837896,2.556365967
16:25:40,2.559666157,3.501797438,2.55636549
16:25:40,2.559416294,3.501986504,2.55664897
16:25:40,2.559490442,3.502320766,2.55466032
16:25:40,2.558544159,3.501052856,2.554561377
16:25:40,2.557201147,3.501429558,2.555952549
16:25:40,2.559658766,3.50366497,2.555196285
16:25:40,2.558445215,3.503148556,2.555905581
16:25:40,2.558892488,3.501946688,2.555963993
16:25:40,2.559182644,3.503589869,2.556782722
16:25:40,2.560436964,3.50464201,2.556112051
16:25:40,2.559161901,3.503059149,2.555928946
16:25:40,2.560032368,3.502727985,2.556148052
16:25:40,2.559109688,3.502225876,2.556538105
16:25:40,2.559860945,3.502391815,2.555079222
16:25:40,2.558666468,3.503414154,2.555176497
16:25:40,2.559392691,3.503822088,2.555571079
16:25:40,2.55968523,3.503987551,2.555809259
16:25:40,2.559749365,3.505319357,2.555585623
16:25:40,2.559272289,3.50379467,2.556344509
16:25:40,2.558717966,3.503602743,2.554985285
16:25:40,2.559567213,3.50383234,2.557605505
16:25:40,2.560052633,3.503769159,2.557280064
16:25:40,2.559448004,3.502944946,2.556406975
16:25:40,2.559853554,3.504229784,2.556288719
16:25:40,2.559736729,3.504117966,2.556215286
16:25:40,2.560537577,3.505433321,2.555871248
16:25:40,2.560674191,3.506045341,2.556593418
16:25:40,2.560877323,3.50545907,2.558311701
16:25:40,2.560492039,3.504395962,2.556150436
16:25:40,2.560126066,3.504490852,2.556316376
16:25:40,2.559906006,3.503404379,2.55775547
16:25:40,2.559617996,3.50308609,2.555912256
16:25:40,2.559925795,3.504303217,2.55637598
16:25:40,2.559480429,3.503526449,2.556047678
16:25:40,2.55913496,3.503716946,2.555151939
16:25:40,2.56008029,3.504047632,2.557050228
16:25:40,2.5593009,3.503744364,2.556189537
16:25:40,2.559850454,3.505246401,2.556884527
16:25:40,2.559741497,3.504161835,2.556163549
16:25:40,2.559957504,3.502716064,2.557871819
16:25:40,2.5598979,3.503399849,2.55708766
16:25:40,2.56050849,3.503633976,2.555941582
16:25:40,2.560009003,3.50338459,2.556448698
16:25:40,2.559222698,3.503829241,2.55547452
16:25:40,2.559403181,3.504349232,2.5569098
16:25:40,2.559864998,3.504446983,2.557574511
16:25:40,2.560091019,3.504348516,2.556385279
16:25:40,2.559827805,3.503462553,2.556699276
16:25:40,2.560051441,3.504179478,2.556717634
16:25:40,2.560305595,3.503802299,2.557047367
16:25:40,2.559040546,3.50308919,2.556292057
16:25:40,2.559723139,3.50199461,2.556727171
16:25:40,2.559773922,3.504312515,2.557262897
16:25:40,2.560046673,3.503859282,2.556592941
16:25:40,2.560079575,3.504047632,2.557235003
16:25:40,2.56015563,3.503533602,2.557003736
16:25:40,2.559960127,3.502892256,2.555823803
16:25:40,2.560538292,3.502798319,2.555440187
16:25:40,2.559449911,3.502962828,2.556879282
16:25:40,2.559077978,3.503346205,2.556295395
16:25:40,2.560127258,3.502996683,2.556637049
16:25:40,2.559759855,3.502595425,2.555934906
16:25:40,2.560553551,3.502464771,2.556465149
16:25:40,2.561529398,3.503074408,2.557064533
16:25:40,2.559765339,3.502833366,2.557235718
16:25:40,2.560740232,3.503944635,2.557020187
16:25:40,2.559421062,3.503653526,2.556440592
16:25:40,2.561041117,3.505257368,2.55619812
16:25:40,2.560169697,3.504445791,2.557191372
16:25:40,2.560244083,3.5042696,2.557209253
16:25:40,2.560269356,3.504020214,2.557510853
16:25:40,2.560696125,3.503754616,2.557094812
16:25:40,2.560269356,3.50454092,2.55761075
16:25:40,2.55980444,3.503632784,2.557249069
16:25:40,2.558830261,3.504094839,2.556468725
16:25:40,2.55982542,3.50442934,2.555311441
16:25:40,2.558565378,3.503836393,2.556485891
16:25:40,2.55982995,3.504438639,2.556430817
16:25:40,2.560649395,3.504921913,2.556591034
16:25:40,2.560098171,3.503969431,2.557124615
16:25:40,2.559403896,3.504019022,2.557051182
16:25:40,2.5599792,3.504982233,2.556679487
16:25:40,2.559811592,3.503769875,2.557958364
16:25:40,2.559891224,3.503324747,2.557245493
16:25:40,2.560933828,3.504994869,2.556598186
16:25:40,2.56029439,3.505255461,2.55731535
16:25:40,2.55936861,3.504948854,2.557143688
16:25:40,2.559221506,3.50395751,2.555826426
16:25:40,2.560916662,3.503859282,2.557016611
16:25:40,2.559523344,3.502129316,2.557047367
16:25:40,2.559243202,3.504038572,2.556906223
16:25:40,2.559655428,3.504157305,2.556707144
16:25:40,2.560568094,3.504715919,2.556158781
16:25:40,2.559666872,3.502879858,2.556662321
16:25:40,2.559360981,3.503838301,2.556569099
16:25:40,2.560089588,3.503382206,2.555715799
16:25:40,2.559550285,3.503600836,2.556330919
16:25:40,2.55971241,3.504108191,2.556550503
16:25:40,2.560196638,3.503541946,2.55623889
16:25:40,2.560349226,3.503314257,2.557457924
16:25:40,2.559993744,3.503573418,2.556313753
16:25:40,2.559956312,3.50288415,2.556118011
16:25:40,2.560450315,3.503724813,2.556760788
16:25:40,2.560018301,3.503700495,2.557163477
16:25:40,2.559757948,3.503050566,2.556924105
16:25:41,2.559742928,3.502731085,2.555840969
16:25:41,2.559923887,3.503448009,2.556135416
16:25:41,2.559292555,3.503040314,2.557572365
16:25:41,2.560355186,3.503273726,2.556986332
16:25:41,2.560047865,3.503600836,2.556433439
16:25:41,2.560593605,3.503381014,2.55709815
16:25:41,2.559345007,3.502472162,2.555936098
16:25:41,2.560507298,3.503461838,2.556227922
16:25:41,2.55992651,3.504024744,2.555030346
16:25:41,2.559987307,3.503986835,2.556472301
16:25:41,2.559407949,3.50319767,2.557069063
16:25:41,2.560060501,3.502799511,2.556942701
16:25:41,2.561046362,3.503771067,2.556977034
16:25:41,2.559265137,3.50364542,2.555975199
16:25:41,2.559336901,3.503708839,2.557524681
16:25:41,2.559511423,3.503733873,2.556402445
16:25:41,2.559555769,3.503512621,2.556892633
16:25:41,2.55995822,3.503746271,2.556094885
16:25:41,2.561005831,3.504392624,2.557121754
16:25:41,2.559922218,3.50333786,2.55667758
16:25:41,2.560312271,3.504493952,2.557527304
16:25:41,2.560270786,3.505494833,2.556005716
16:25:41,2.560821056,3.504982233,2.557260275
16:25:41,2.559158564,3.504645348,2.556847334
16:25:41,2.560120583,3.504297018,2.557347298
16:25:41,2.559693813,3.504440546,2.555981398
16:25:41,2.560489893,3.504586458,2.557985783
16:25:41,2.559602499,3.504447699,2.557383299
16:25:41,2.558692694,3.50317812,2.555143833
16:25:41,2.559090614,3.503130198,2.55492568
16:25:41,2.558840752,3.502880573,2.555073738
16:25:41,2.558714628,3.502715349,2.555984974
16:25:41,2.557928324,3.502591372,2.554762363
16:25:41,2.557540655,3.500413656,2.553720713
16:25:41,2.557959318,3.50072813,2.554358959
16:25:41,2.557578802,3.50167942,2.555273294
16:25:41,2.557938814,3.500468969,2.555286884
16:25:41,2.557039261,3.501131058,2.554150581
16:25:41,2.557178974,3.500307798,2.554393053
16:25:41,2.557896137,3.500243902,2.555661917
16:25:41,2.557842731,3.501177549,2.554501772
16:25:41,2.558465481,3.500600576,2.555685282
16:25:41,2.557903528,3.501343012,2.554497004
16:25:41,2.557676554,3.501965523,2.555234432
16:25:41,2.558144093,3.502053976,2.556705236
16:25:41,2.558747053,3.501507044,2.554516077
16:25:41,2.55877471,3.501097441,2.554183006
16:25:41,2.558040857,3.500716448,2.555141926
16:25:41,2.557509661,3.501879692,2.555701494
16:25:41,2.558082819,3.501373529,2.554540634
16:25:41,2.557603359,3.499970436,2.55499053
16:25:41,2.557889938,3.500060558,2.555170298
16:25:41,2.558653355,3.499909163,2.555517673
16:25:41,2.557675362,3.500798702,2.554794073
16:25:41,2.558247089,3.500588417,2.555008173
16:25:41,2.557715178,3.500554323,2.55472064
16:25:41,2.558765411,3.502203703,2.554792643
16:25:41,2.559073448,3.500056744,2.55498004
16:25:41,2.558582306,3.501135111,2.555711985
16:25:41,2.558248043,3.500795841,2.554648638
16:25:41,2.558321476,3.501449585,2.555455446
16:25:41,2.558053732,3.500990152,2.55472064
16:25:41,2.558935165,3.501136541,2.55479598
16:25:41,2.557430267,3.501703978,2.554808617
16:25:41,2.557971239,3.501016378,2.553942919
16:25:41,2.558642626,3.500656843,2.554373264
16:25:41,2.558009148,3.501618147,2.554406404
16:25:41,2.557842731,3.502451897,2.555728436
16:25:41,2.559100628,3.502543211,2.554603577
16:25:41,2.557536364,3.501655102,2.554012299
16:25:41,2.559015274,3.501693487,2.55460763
16:25:41,2.55873251,3.501838684,2.555824995
16:25:41,2.558714628,3.502417088,2.556128502
16:25:41,2.557876825,3.501467228,2.555349588
16:25:41,2.558461666,3.503063202,2.555620909
16:25:41,2.558509111,3.501912355,2.555131912
16:25:41,2.558642626,3.502727985,2.55492568
16:25:41,2.558432817,3.503364563,2.554531574
16:25:41,2.558213949,3.502821684,2.554713249
16:25:41,2.558618307,3.502238512,2.555920362
16:25:41,2.557709932,3.502179146,2.555355549
16:25:41,2.558063745,3.502197981,2.555268288
16:25:41,2.557059526,3.501508951,2.554350138
16:25:41,2.558222294,3.503347635,2.555927038
16:25:41,2.558269978,3.501013279,2.554984331
16:25:41,2.55808115,3.50189662,2.554404497
16:25:41,2.557659388,3.501608133,2.554280758
16:25:41,2.558299541,3.502151489,2.554604292
16:25:41,2.558686972,3.502186298,2.556057215
16:25:41,2.559138775,3.502278328,2.556533098
16:25:41,2.559120417,3.502928019,2.555380106
16:25:41,2.55858326,3.502264023,2.555565119
16:25:41,2.558749676,3.502283573,2.554950714
16:25:41,2.558832407,3.502180338,2.555284739
16:25:41,2.558051348,3.501744509,2.555213451
16:25:41,2.558319807,3.502066135,2.555119276
16:25:41,2.557666302,3.502251387,2.554846764
16:25:41,2.558228254,3.500840902,2.555110216
16:25:41,2.557692528,3.501228571,2.555088997
16:25:41,2.558012247,3.501181364,2.555959463
16:25:41,2.558334112,3.500967503,2.555516958
16:25:41,2.558624029,3.501276016,2.555125713
16:25:41,2.559268951,3.502299786,2.556263208
16:25:41,2.557880163,3.501508951,2.555377245
16:25:41,2.558895111,3.502449989,2.55630374
16:25:41,2.558944702,3.502004385,2.555384398
16:25:41,2.558810472,3.50241518,2.555661917
16:25:41,2.558355093,3.501056194,2.556252956
16:25:41,2.559021235,3.501205444,2.556398153
16:25:41,2.559827328,3.501873732,2.555452824
16:25:41,2.558800459,3.503397226,2.556633949
16:25:41,2.558939457,3.501901865,2.556797266
16:25:41,2.559157372,3.50198555,2.556793213
16:25:41,2.559067249,3.502545118,2.555584431
16:25:41,2.559557676,3.501936197,2.555331945
16:25:41,2.559012651,3.502393246,2.55651021
16:25:41,2.558834314,3.502582312,2.55653739
16:25:41,2.559695005,3.501904011,2.557186842
16:25:41,2.557860374,3.501610041,2.555572271
16:25:42,2.559452772,3.501067877,2.555522203
16:25:42,2.558361769,3.501137733,2.555656433
16:25:42,2.558181524,3.502975464,2.555729866
16:25:42,2.558837414,3.50181222,2.556833506
16:25:42,2.558730602,3.502399683,2.555341005
16:25:42,2.558976412,3.502459049,2.556006908
16:25:42,2.558710098,3.502085686,2.55567503
16:25:42,2.55786252,3.502177715,2.55464983
16:25:42,2.558771372,3.502805471,2.55533576
16:25:42,2.558664322,3.50318718,2.555764198
16:25:42,2.558675051,3.503005743,2.556506157
16:25:42,2.558934689,3.50297308,2.556306362
16:25:42,2.559303999,3.502567768,2.556756973
16:25:42,2.557785034,3.501729727,2.554491043
16:25:42,2.557748795,3.501262903,2.555407047
16:25:42,2.558509827,3.502168655,2.557015657
16:25:42,2.557803154,3.501616716,2.555257797
16:25:42,2.558668375,3.501639366,2.553790808
16:25:42,2.558587313,3.502497435,2.55505991
16:25:42,2.558190584,3.501698494,2.554497719
16:25:42,2.558312178,3.502277613,2.555095434
16:25:42,2.559311867,3.501652002,2.5548594
16:25:42,2.55843997,3.501130342,2.554848194
16:25:42,2.558423042,3.50116992,2.554721594
16:25:42,2.558620691,3.502882957,2.55519557
16:25:42,2.556763411,3.501877546,2.555949926
16:25:42,2.558520555,3.501626492,2.555505753
16:25:42,2.559396505,3.502214193,2.55680728
16:25:42,2.558730602,3.50164485,2.555178165
16:25:42,2.557534695,3.502314806,2.554753542
16:25:42,2.557530642,3.501907587,2.556437016
16:25:42,2.558094263,3.503205299,2.555108309
16:25:42,2.558340549,3.501719236,2.55455327
16:25:42,2.557341576,3.50190568,2.554902554
16:25:42,2.557958603,3.501203537,2.554332256
16:25:42,2.55851841,3.501717329,2.554390669
16:25:42,2.558638096,3.502263308,2.555653572
16:25:42,2.558842897,3.502396345,2.556359291
16:25:42,2.55887723,3.502625465,2.555345535
16:25:42,2.557461262,3.500548601,2.555244446
16:25:42,2.557911873,3.500844717,2.555875301
16:25:42,2.557775021,3.501255274,2.554790735
16:25:42,2.558669806,3.502741337,2.554907799
16:25:42,2.559280157,3.502744675,2.555455923
16:25:42,2.558932066,3.501847744,2.55467844
16:25:42,2.558557272,3.503171921,2.555611849
16:25:42,2.558526993,3.501495361,2.554941416
16:25:42,2.558901548,3.502117157,2.556276798
16:25:42,2.558451176,3.502841473,2.555770636
16:25:42,2.558895826,3.501860142,2.556053162
16:25:42,2.558190107,3.501520634,2.55516243
16:25:42,2.558258772,3.501277447,2.554541349
16:25:42,2.557076693,3.501377821,2.554723263
16:25:42,2.558271408,3.502230406,2.555657864
16:25:42,2.558404684,3.502806187,2.556187391
16:25:42,2.558755636,3.502278805,2.554075003
16:25:42,2.559060097,3.502937794,2.555477858
16:25:42,2.558503389,3.501880169,2.554912567
16:25:42,2.558120012,3.501878977,2.555444717
16:25:42,2.55812335,3.502318621,2.554479837
16:25:42,2.558149099,3.501163244,2.554615498
16:25:42,2.557510853,3.500571251,2.554114103
16:25:42,2.558098078,3.501638174,2.555325747
16:25:42,2.55774951,3.500938892,2.554707289
16:25:42,2.557324648,3.501561165,2.556061983
16:25:42,2.558032036,3.501888752,2.554746389
16:25:42,2.558459759,3.499622822,2.554244518
16:25:42,2.556696892,3.500042915,2.554184437
16:25:42,2.556686878,3.49974227,2.553529739
16:25:42,2.558144569,3.502409935,2.554753542
16:25:42,2.558496714,3.502153158,2.556077003
16:25:42,2.558399439,3.501715183,2.554903746
16:25:42,2.55663228,3.50047636,2.554223537
16:25:42,2.557479858,3.500619411,2.55406332
16:25:42,2.557533503,3.501266956,2.554971218
16:25:42,2.558575153,3.502440214,2.554908276
16:25:42,2.558371782,3.5014503,2.554836273
16:25:42,2.557510853,3.502068758,2.554565191
16:25:42,2.558629513,3.503005743,2.555247784
16:25:42,2.55870676,3.502578259,2.555282831
16:25:42,2.558384895,3.501763582,2.554794788
16:25:42,2.558313608,3.500989676,2.554067135
16:25:42,2.55771637,3.500101566,2.554520845
16:25:42,2.558622122,3.503276587,2.557177544
16:25:42,2.559345722,3.501591206,2.555041552
16:25:42,2.558495522,3.501844168,2.554566622
16:25:42,2.557594776,3.501152754,2.554457426
16:25:42,2.557950258,3.501889467,2.554901123
16:25:42,2.557061434,3.500908613,2.554748297
16:25:42,2.558190584,3.501854658,2.55517292
16:25:42,2.557703733,3.501234293,2.555180788
16:25:42,2.557839155,3.500448704,2.554325819
16:25:42,2.557407856,3.500965595,2.554257631
16:25:42,2.557008028,3.500824451,2.555294752
16:25:42,2.55725646,3.499917746,2.553505182
16:25:42,2.556975126,3.499686003,2.553752422
16:25:42,2.556519985,3.499446154,2.553247213
16:25:42,2.556729317,3.499154091,2.553880215
16:25:42,2.557893515,3.499533415,2.554139376
16:25:42,2.557930946,3.49988389,2.553281546
16:25:42,2.55672574,3.500416517,2.55533123
16:25:42,2.557688475,3.500353813,2.554842234
16:25:42,2.557494879,3.50052762,2.554999113
16:25:42,2.557339191,3.499889612,2.554017782
16:25:42,2.557707787,3.499855042,2.555459261
16:25:42,2.558480024,3.500824451,2.555186987
16:25:42,2.558229685,3.501683235,2.554831743
16:25:42,2.556645393,3.501135826,2.554828405
16:25:42,2.557551861,3.502132654,2.555478573
16:25:42,2.558231115,3.501955032,2.555305243
16:25:42,2.557993174,3.502449989,2.55578208
16:25:42,2.558378458,3.501771212,2.555764914
16:25:42,2.557466507,3.501159906,2.555180073
16:25:42,2.557771921,3.499948263,2.554354191
16:25:42,2.557472706,3.499876976,2.554551363
16:25:42,2.557853937,3.500824451,2.554577112
16:25:43,2.558585167,3.50218749,2.553536892
16:25:43,2.558015585,3.501887321,2.554198027
16:25:43,2.557293653,3.50232935,2.554726362
16:25:43,2.55793047,3.500302792,2.555323839
16:25:43,2.557945728,3.500789404,2.55402422
16:25:43,2.558920622,3.501139164,2.555144548
16:25:43,2.557463884,3.501573563,2.555385351
16:25:43,2.556906939,3.500838995,2.553807974
16:25:43,2.557430983,3.501015186,2.55352354
16:25:43,2.557507515,3.501353502,2.554280043
16:25:43,2.55707407,3.500495195,2.555135489
16:25:43,2.557348967,3.501263618,2.555620909
16:25:43,2.557397842,3.500177383,2.555692434
16:25:43,2.558482885,3.501618147,2.554598808
16:25:43,2.557391167,3.502470016,2.554778814
16:25:43,2.557683468,3.502837896,2.555193424
16:25:43,2.556963205,3.501728296,2.554435492
16:25:43,2.557312012,3.50167346,2.555302382
16:25:43,2.558065176,3.501364231,2.554995775
16:25:43,2.55869174,3.50138402,2.554600954
16:25:43,2.558685064,3.501133919,2.555075645
16:25:43,2.558064461,3.502227545,2.554639816
16:25:43,2.557641029,3.500771999,2.554761648
16:25:43,2.558216572,3.499505997,2.554255247
16:25:43,2.557775021,3.501490116,2.554512501
16:25:43,2.558225155,3.501110792,2.55350709
16:25:43,2.557994604,3.502190828,2.555617332
16:25:43,2.558732986,3.502550125,2.555394411
16:25:43,2.557441473,3.500200987,2.5539608
16:25:43,2.557179928,3.499983549,2.553971291
16:25:43,2.55812335,3.501208305,2.554635525
16:25:43,2.557165861,3.501028538,2.55534029
16:25:43,2.558544874,3.501183987,2.555176497
16:25:43,2.558305025,3.501426697,2.555767536
16:25:43,2.557556152,3.501462698,2.554766178
16:25:43,2.558807135,3.500696182,2.555200815
16:25:43,2.558423758,3.500134945,2.554306746
16:25:43,2.557072878,3.500136137,2.554427624
16:25:43,2.557501078,3.499858856,2.555397987
16:25:43,2.557146788,3.500341654,2.554944754
16:25:43,2.557771921,3.500299454,2.554611444
16:25:43,2.556509972,3.499461412,2.553926468
16:25:43,2.55789876,3.501448393,2.555035353
16:25:43,2.556924343,3.499615669,2.552811861
16:25:43,2.557771921,3.500753403,2.554900408
16:25:43,2.557567596,3.49987483,2.553366899
16:25:43,2.557584286,3.499869823,2.553796768
16:25:43,2.557303429,3.500314236,2.554599524
16:25:43,2.556052446,3.500375509,2.554292679
16:25:43,2.558477402,3.501103163,2.554645777
16:25:43,2.557329655,3.500402451,2.554420471
16:25:43,2.556730509,3.499043226,2.553509712
16:25:43,2.558264732,3.501223087,2.555491209
16:25:43,2.557558537,3.501591921,2.5539639
16:25:43,2.557111263,3.500576258,2.554347754
16:25:43,2.556960583,3.501362801,2.554700851
16:25:43,2.557472706,3.500861168,2.55497241
16:25:43,2.557446003,3.501048326,2.553927422
16:25:43,2.55793786,3.501694202,2.555432796
16:25:43,2.557441473,3.500965118,2.554295301
16:25:43,2.557255983,3.501253366,2.554893255
16:25:43,2.557896137,3.50129056,2.554730654
16:25:43,2.556322813,3.500242472,2.553990602
16:25:43,2.556928873,3.5007658,2.553683043
16:25:43,2.556928158,3.500108957,2.555252314
16:25:43,2.557522774,3.501149893,2.55420208
16:25:43,2.558737755,3.501407146,2.554258823
16:25:43,2.558175564,3.501562595,2.554686308
16:25:43,2.557742596,3.501163721,2.554246426
16:25:43,2.558149815,3.501625299,2.554973841
16:25:43,2.557572365,3.50198555,2.555186987
16:25:43,2.55855608,3.501689196,2.55568409
16:25:43,2.558372259,3.501929998,2.554731131
16:25:43,2.557543993,3.499001026,2.553808689
16:25:43,2.556402206,3.500619411,2.554387331
16:25:43,2.557744741,3.500972748,2.555165768
16:25:43,2.557316065,3.499813795,2.555015326
16:25:43,2.558315039,3.50012517,2.5529356
16:25:43,2.556866646,3.501118183,2.555215359
16:25:43,2.557809591,3.500580549,2.55450058
16:25:43,2.557416916,3.500478745,2.553776979
16:25:43,2.557878971,3.499679565,2.552730799
16:25:43,2.555342436,3.496977806,2.553439617
16:25:43,2.554443121,3.497136354,2.552497864
16:25:43,2.554909706,3.496807814,2.551282167
16:25:43,2.554439068,3.496638536,2.551515818
16:25:43,2.554647207,3.497658253,2.552637577
16:25:43,2.554326057,3.495946884,2.550531149
16:25:43,2.553625822,3.496417999,2.551563978
16:25:43,2.554515123,3.49747777,2.552622318
16:25:43,2.554684401,3.496795654,2.550955772
16:25:43,2.554275274,3.495920181,2.551348448
16:25:43,2.554300547,3.496918201,2.551559448
16:25:43,2.55446887,3.496593237,2.550635576
16:25:43,2.554404974,3.497560978,2.552718639
16:25:43,2.554688215,3.496963263,2.552054882
16:25:43,2.554829836,3.49643898,2.550820112
16:25:43,2.554435492,3.497071028,2.55252552
16:25:43,2.555313349,3.497376442,2.552712917
16:25:43,2.555017233,3.497739792,2.551480532
16:25:43,2.554734707,3.4963696,2.551046848
16:25:43,2.554308891,3.497874737,2.553436518
16:25:43,2.555571079,3.50000453,2.553706169
16:25:43,2.555821419,3.49768877,2.552197695
16:25:43,2.55522418,3.498034716,2.552699566
16:25:43,2.554146767,3.495822191,2.551191568
16:25:43,2.553036451,3.496142864,2.550914049
16:25:43,2.554515123,3.496994734,2.550884724
16:25:43,2.555840731,3.49960041,2.552284718
16:25:43,2.554916143,3.497905016,2.55268383
16:25:43,2.554977179,3.497970819,2.553640127
16:25:43,2.555787086,3.498363495,2.552520514
16:25:43,2.555999041,3.498108625,2.553413153
16:25:43,2.555775642,3.498927832,2.552716017
16:25:43,2.555300713,3.497782707,2.552855015
16:25:44,2.555559158,3.498657227,2.55162549
16:25:44,2.555890799,3.49775815,2.551819086
16:25:44,2.555644512,3.496416569,2.551101208
16:25:44,2.554290771,3.495972872,2.552491188
16:25:44,2.555413008,3.496456623,2.551159859
16:25:44,2.554449797,3.496552944,2.552454948
16:25:44,2.555523872,3.497571468,2.552158833
16:25:44,2.554954529,3.497097254,2.55230999
16:25:44,2.554597616,3.498142719,2.552605391
16:25:44,2.555986166,3.498676777,2.55257988
16:25:44,2.555648804,3.498251915,2.552491903
16:25:44,2.555520296,3.498079062,2.551974058
16:25:44,2.556289196,3.497874737,2.553132057
16:25:44,2.555320501,3.496096373,2.552520514
16:25:44,2.555518866,3.497713089,2.55233717
16:25:44,2.555512905,3.496079922,2.551874161
16:25:44,2.556398869,3.498126745,2.552452087
16:25:44,2.556195259,3.498242855,2.553562641
16:25:44,2.555160761,3.497641802,2.55230093
16:25:44,2.556270123,3.497713566,2.551754713
16:25:44,2.555867672,3.498116255,2.552224636
16:25:44,2.555102348,3.497611761,2.553285599
16:25:44,2.555891514,3.497338533,2.552382708
16:25:44,2.555145979,3.497234583,2.551386833
16:25:44,2.554764271,3.497834444,2.551709652
16:25:44,2.555897474,3.497707129,2.552914619
16:25:44,2.555363655,3.496797562,2.551953316
16:25:44,2.555168629,3.496704102,2.552718163
16:25:44,2.55496192,3.496849775,2.551949024
16:25:44,2.554727077,3.495620012,2.551355124
16:25:44,2.553859711,3.496102095,2.551478624
16:25:44,2.554035425,3.497001648,2.551412582
16:25:44,2.555243254,3.49684,2.551091194
16:25:44,2.553889036,3.496943712,2.552125454
16:25:44,2.554516554,3.49799943,2.553313494
16:25:44,2.554786682,3.496531963,2.551817417
16:25:44,2.55547595,3.497035742,2.551963329
16:25:44,2.553894281,3.496265888,2.549944401
16:25:44,2.555250645,3.495583773,2.552118063
16:25:44,2.555554867,3.497585773,2.552236557
16:25:44,2.555260658,3.498117685,2.552698851
16:25:44,2.55497241,3.496185541,2.551282167
16:25:44,2.554689646,3.498133659,2.552203417
16:25:44,2.554905653,3.497682571,2.551987886
16:25:44,2.55489707,3.49621892,2.552169561
16:25:44,2.554511786,3.497335911,2.55252099
16:25:44,2.555536509,3.497759342,2.553132057
16:25:44,2.554622889,3.498396873,2.553168535
16:25:44,2.555542469,3.498222113,2.552549362
16:25:44,2.554587841,3.498152018,2.552128792
16:25:44,2.554513931,3.49857235,2.551985264
16:25:44,2.554846287,3.497879267,2.551826239
16:25:44,2.556069613,3.497757435,2.55211997
16:25:44,2.556351185,3.499640465,2.553258419
16:25:44,2.556019545,3.49930501,2.553132057
16:25:44,2.556158304,3.498899221,2.553184986
16:25:44,2.555734158,3.497746944,2.552404165
16:25:44,2.556535482,3.498518944,2.552139997
16:25:44,2.555417061,3.498112202,2.552551985
16:25:44,2.55576396,3.497935534,2.553315401
16:25:44,2.556031466,3.498903036,2.553742409
16:25:44,2.555812597,3.496528149,2.553673744
16:25:44,2.555979967,3.497573376,2.552696466
16:25:44,2.555912733,3.498466015,2.552491903
16:25:44,2.556233168,3.497089386,2.552708626
16:25:44,2.556566477,3.497281075,2.552254438
16:25:44,2.554956436,3.496133327,2.55213213
16:25:44,2.555382013,3.497532129,2.551977873
16:25:44,2.554698706,3.495683193,2.551011324
16:25:44,2.554671049,3.496391058,2.551119089
16:25:44,2.554657221,3.496361732,2.551541567
16:25:44,2.555535793,3.495931864,2.551882744
16:25:44,2.554641485,3.4968009,2.551144361
16:25:44,2.554587841,3.496424437,2.551134825
16:25:44,2.554744482,3.497890472,2.552443743
16:25:44,2.554909706,3.495475054,2.550516367
16:25:44,2.555510283,3.496782064,2.550507784
16:25:44,2.554298639,3.495729446,2.550450563
16:25:44,2.554101467,3.496315479,2.55144763
16:25:44,2.554558754,3.497001648,2.551053524
16:25:44,2.555136442,3.49664259,2.551639557
16:25:44,2.555538654,3.497100592,2.5523808
16:25:44,2.554705381,3.498025656,2.551839828
16:25:44,2.554433823,3.49649024,2.550933599
16:25:44,2.554255486,3.495895863,2.549690962
16:25:44,2.553622484,3.495983124,2.552266359
16:25:44,2.554017544,3.497107744,2.550528288
16:25:44,2.553946257,3.49540472,2.55189538
16:25:44,2.554854155,3.496017218,2.55213213
16:25:44,2.553966761,3.496273756,2.550757885
16:25:44,2.554215431,3.496436834,2.550420046
16:25:44,2.554778337,3.496419907,2.550774097
16:25:44,2.553456783,3.497166157,2.551406622
16:25:44,2.554239035,3.497106314,2.550933123
16:25:44,2.554953814,3.497259617,2.551292181
16:25:44,2.55406642,3.496774912,2.552429199
16:25:44,2.555077791,3.496846199,2.550962925
16:25:44,2.554274082,3.496146441,2.551617622
16:25:44,2.554258823,3.495615244,2.550731421
16:25:44,2.554911613,3.49657011,2.55081296
16:25:44,2.55432415,3.496836185,2.551341295
16:25:44,2.554630995,3.497675896,2.55165267
16:25:44,2.555184603,3.497018814,2.551247835
16:25:44,2.554370403,3.497359991,2.551531792
16:25:44,2.554409981,3.496195793,2.552035093
16:25:44,2.553956747,3.495949984,2.551048756
16:25:44,2.55341506,3.496210337,2.552098989
16:25:44,2.553565025,3.496469259,2.552428484
16:25:44,2.554104328,3.49703908,2.549809456
16:25:44,2.55522275,3.496641636,2.551952839
16:25:44,2.554488182,3.49767518,2.551549435
16:25:44,2.554519892,3.497577906,2.550948381
16:25:44,2.554818392,3.495547771,2.552078009
16:25:44,2.554001331,3.497412443,2.552546263
16:25:44,2.553798199,3.495410442,2.550285816
16:25:44,2.553781986,3.496253729,2.551039696
16:25:44,2.555283546,3.497950554,2.551452398
16:25:44,2.555243254,3.496611834,2.552680492
16:25:44,2.554576635,3.496611834,2.55168128
16:25:45,2.554114103,3.495915413,2.551811934
16:25:45,2.553874254,3.496507406,2.551538467
16:25:45,2.554651499,3.495902538,2.551118135
16:25:45,2.554596424,3.496701717,2.552088261
16:25:45,2.554739237,3.497567415,2.552823305
16:25:45,2.555199862,3.498458624,2.553032875
16:25:45,2.555820227,3.498289824,2.552239418
16:25:45,2.555437088,3.497347116,2.55296278
16:25:45,2.554829121,3.497853279,2.552517653
16:25:45,2.555443525,3.496906757,2.551570177
16:25:45,2.555107832,3.496109962,2.551245928
16:25:45,2.555581808,3.496755838,2.550607681
16:25:45,2.554683208,3.498008728,2.551417828
16:25:45,2.556167126,3.496571779,2.552375555
16:25:45,2.555483103,3.496985674,2.551166058
16:25:45,2.555528641,3.498251438,2.552250147
16:25:45,2.555683374,3.49764657,2.552141428
16:25:45,2.555194378,3.497803211,2.551715612
16:25:45,2.555981398,3.497666121,2.552843571
16:25:45,2.55598402,3.498773336,2.552497387
16:25:45,2.555750608,3.497282505,2.55162096
16:25:45,2.555890322,3.49920702,2.55260253
16:25:45,2.556088448,3.499580145,2.553593636
16:25:45,2.555265665,3.499274254,2.553433657
16:25:45,2.555653095,3.498846769,2.552596331
16:25:45,2.555437088,3.498335361,2.552287579
16:25:45,2.555218935,3.498694897,2.551632166
16:25:45,2.554257393,3.498558044,2.551968336
16:25:45,2.555638552,3.498280048,2.551543713
16:25:45,2.555584669,3.498308659,2.552779198
16:25:45,2.554754257,3.49860692,2.552086592
16:25:45,2.55573678,3.497686863,2.553110838
16:25:45,2.555301428,3.497872829,2.553397894
16:25:45,2.555694818,3.499154091,2.553632021
16:25:45,2.555636168,3.498891354,2.55251646
16:25:45,2.55537796,3.498623133,2.552235842
16:25:45,2.555405378,3.498658419,2.552946329
16:25:45,2.555594683,3.498702288,2.55261755
16:25:45,2.55627346,3.498428583,2.552801847
16:25:45,2.554963112,3.497608185,2.552185774
16:25:45,2.555318594,3.498785734,2.551947594
16:25:45,2.55617547,3.497580767,2.552750349
16:25:45,2.555159569,3.498457432,2.552730083
16:25:45,2.55581212,3.498340845,2.551270247
16:25:45,2.556215763,3.498657227,2.552236557
16:25:45,2.556092262,3.498732328,2.554221869
16:25:45,2.556348562,3.499083281,2.552948713
16:25:45,2.555778027,3.496734381,2.552646637
16:25:45,2.556351185,3.497611284,2.551607847
16:25:45,2.556075096,3.497766495,2.553150654
16:25:45,2.556352615,3.497827053,2.552365541
16:25:45,2.555415154,3.497724533,2.552716732
16:25:45,2.555244446,3.498186588,2.551763773
16:25:45,2.5556674,3.498079062,2.551902533
16:25:45,2.555675507,3.497395992,2.551546335
16:25:45,2.554808617,3.496586084,2.552983999
16:25:45,2.556036949,3.497225523,2.552589893
16:25:45,2.555377245,3.498217821,2.552992582
16:25:45,2.555315733,3.498618126,2.553863049
16:25:45,2.555500507,3.498307943,2.552245855
16:25:45,2.556842327,3.498953342,2.552880764
16:25:45,2.555464506,3.498254299,2.553218603
16:25:45,2.555395365,3.497521639,2.552841187
16:25:45,2.55623889,3.498705387,2.5519557
16:25:45,2.55682683,3.498351097,2.552384853
16:25:45,2.556305885,3.49849987,2.552909374
16:25:45,2.555893421,3.499019146,2.553360701
16:25:45,2.556104183,3.498365879,2.552825212
16:25:45,2.556318998,3.49836874,2.553083658
16:25:45,2.55601716,3.499066353,2.552919626
16:25:45,2.556242466,3.498856544,2.553558588
16:25:45,2.555775642,3.497871637,2.553126097
16:25:45,2.556724548,3.498548985,2.552483082
16:25:45,2.556023121,3.497285604,2.552505016
16:25:45,2.555508852,3.497823954,2.552941084
16:25:45,2.556542873,3.498571634,2.552245855
16:25:45,2.556472778,3.500075102,2.553059101
16:25:45,2.556066036,3.498926163,2.554074287
16:25:45,2.555951595,3.498916388,2.553187609
16:25:45,2.555834055,3.49966979,2.551421881
16:25:45,2.555922031,3.498924732,2.552283525
16:25:45,2.556299686,3.499359131,2.554114819
16:25:45,2.557326078,3.499661684,2.552806139
16:25:45,2.556509256,3.498477697,2.552312136
16:25:45,2.555856228,3.499515057,2.553495169
16:25:45,2.556931973,3.499928713,2.552647114
16:25:45,2.556359053,3.498952866,2.5523808
16:25:45,2.556291819,3.498411655,2.552149296
16:25:45,2.555830717,3.499744654,2.554790735
16:25:45,2.556602478,3.499111176,2.552523613
16:25:45,2.556130886,3.498530388,2.552576542
16:25:45,2.556481123,3.498188734,2.55271554
16:25:45,2.556834936,3.499105453,2.553417921
16:25:45,2.556084156,3.499141216,2.553116083
16:25:45,2.556733847,3.499799728,2.552889585
16:25:45,2.556999445,3.500102997,2.554534912
16:25:45,2.557109833,3.499869347,2.552659273
16:25:45,2.555995941,3.499283314,2.553391933
16:25:45,2.55746007,3.499954939,2.553781033
16:25:45,2.557215929,3.500058413,2.554152727
16:25:45,2.557611942,3.499605894,2.552896738
16:25:45,2.556504488,3.498955965,2.553858757
16:25:45,2.556788683,3.499185562,2.553440332
16:25:45,2.557117224,3.499243498,2.552971363
16:25:45,2.556602478,3.499111176,2.553477287
16:25:45,2.557296276,3.500684261,2.552708626
16:25:45,2.55783987,3.500350237,2.554493904
16:25:45,2.557666302,3.499828339,2.551742077
16:25:45,2.555704594,3.498196363,2.553379297
16:25:45,2.556495428,3.499275446,2.552373648
16:25:45,2.556112766,3.497597694,2.552314043
16:25:45,2.556434393,3.497972012,2.552772999
16:25:45,2.556037664,3.499380112,2.552398682
16:25:45,2.556252956,3.498227119,2.553790092
16:25:45,2.555849075,3.499231577,2.55302453
16:25:45,2.55663538,3.49877429,2.552656651
16:25:45,2.555994511,3.498026371,2.552990437
16:25:45,2.556219816,3.497279644,2.55303812
16:25:45,2.555469513,3.499474049,2.553466558
16:25:46,2.556030273,3.499067545,2.552837849
16:25:46,2.555779219,3.497896433,2.553258419
16:25:46,2.556638718,3.498398066,2.552622318
16:25:46,2.555165291,3.49802494,2.553431034
16:25:46,2.555079937,3.497223854,2.55099082
16:25:46,2.556284666,3.498441935,2.553226471
16:25:46,2.555188417,3.499464273,2.553669453
16:25:46,2.555315256,3.497289419,2.551637411
16:25:46,2.555418968,3.497684956,2.551763058
16:25:46,2.555279016,3.498192072,2.552479506
16:25:46,2.554849625,3.496918201,2.5528543
16:25:46,2.55547595,3.497786045,2.551486731
16:25:46,2.554443121,3.496462107,2.552192211
16:25:46,2.555321932,3.497462511,2.552524328
16:25:46,2.555816174,3.497507572,2.551909447
16:25:46,2.554692268,3.496484518,2.551347256
16:25:46,2.554969549,3.497031927,2.551544189
16:25:46,2.554219961,3.498197794,2.55193305
16:25:46,2.555194378,3.498015165,2.552966595
16:25:46,2.554573059,3.4976511,2.553624868
16:25:46,2.555438995,3.496761799,2.551767588
16:25:46,2.555721045,3.496827602,2.550812244
16:25:46,2.553849697,3.496532679,2.551267862
16:25:46,2.555319309,3.497025967,2.552468777
16:25:46,2.555217028,3.497302055,2.552124262
16:25:46,2.558073759,3.498077631,2.552529812
16:25:46,2.556108713,3.498074532,2.553771019
16:25:46,2.55573082,3.498080969,2.552304506
16:25:46,2.555728436,3.498025656,2.552215576
16:25:46,2.556678295,3.499735594,2.552527666
16:25:46,2.556501389,3.499018431,2.552775621
16:25:46,2.555623293,3.499135256,2.553613424
16:25:46,2.556777477,3.498751879,2.554285526
16:25:46,2.556080341,3.498864651,2.553372145
16:25:46,2.556052446,3.498189211,2.552606106
16:25:46,2.55609417,3.498879671,2.553375483
16:25:46,2.556108236,3.496746063,2.551093817
16:25:46,2.555386782,3.497601986,2.5534482
16:25:46,2.55611825,3.498413086,2.554032087
16:25:46,2.556307554,3.49885869,2.553038836
16:25:46,2.555605173,3.498432875,2.551301003
16:25:46,2.556256056,3.497888565,2.553824425
16:25:46,2.556182146,3.498111486,2.552905798
16:25:46,2.556084156,3.498403311,2.552261829
16:25:46,2.555991888,3.49809885,2.552181482
16:25:46,2.556657791,3.497743845,2.552569151
16:25:46,2.556726694,3.4986341,2.553196192
16:25:46,2.556865931,3.499111891,2.55340004
16:25:46,2.556402683,3.499881983,2.552515745
16:25:46,2.5563519,3.497496605,2.553290129
16:25:46,2.556019545,3.499417305,2.554316044
16:25:46,2.556784153,3.498802662,2.552708149
16:25:46,2.556747913,3.499714851,2.555508375
16:25:46,2.557159901,3.500272036,2.553189039
16:25:46,2.557216644,3.499936104,2.552780867
16:25:46,2.556876421,3.499966621,2.55453229
16:25:46,2.556110382,3.49835968,2.552491188
16:25:46,2.55569315,3.497755527,2.55237031
16:25:46,2.554909706,3.498099566,2.553066015
16:25:46,2.556158304,3.50002861,2.553222895
16:25:46,2.556050539,3.500221014,2.553088665
16:25:46,2.55652976,3.499170065,2.552407026
16:25:46,2.555606604,3.498859406,2.551981449
16:25:46,2.555059671,3.499028444,2.552793503
16:25:46,2.555956602,3.49838233,2.554163218
16:25:46,2.556714773,3.499835968,2.55207634
16:25:46,2.556546211,3.499649048,2.553409338
16:25:46,2.556831598,3.499787807,2.553467512
16:25:46,2.55661869,3.501151562,2.553071737
16:25:46,2.556649208,3.499410629,2.55369091
16:25:46,2.557180643,3.499924898,2.554577112
16:25:46,2.557796001,3.501031399,2.552764416
16:25:46,2.557564497,3.499580145,2.553753614
16:25:46,2.556370497,3.499963522,2.554094315
16:25:46,2.556102037,3.496895075,2.552722692
16:25:46,2.55629468,3.49926734,2.553834915
16:25:46,2.557120323,3.500244617,2.553495646
16:25:46,2.555787086,3.49908185,2.55287528
16:25:46,2.555818796,3.498119593,2.552613735
16:25:46,2.555273771,3.497583866,2.552412033
16:25:46,2.55507946,3.497911215,2.553119659
16:25:46,2.555567026,3.49669075,2.55217433
16:25:46,2.554833651,3.495455742,2.551704407
16:25:46,2.55416894,3.495569706,2.550619602
16:25:46,2.554893732,3.496374369,2.550745249
16:25:46,2.555520296,3.496119738,2.550913334
16:25:46,2.554793835,3.497871637,2.552003145
16:25:46,2.556238413,3.498980761,2.553962708
16:25:46,2.556422472,3.498917341,2.554060698
16:25:46,2.556142569,3.499330997,2.553950787
16:25:46,2.556375265,3.497978449,2.553675652
16:25:46,2.557367563,3.49865365,2.553315401
16:25:46,2.556162834,3.498464584,2.552177191
16:25:46,2.556779623,3.498239756,2.554231882
16:25:46,2.556167126,3.49826622,2.552993059
16:25:46,2.555899382,3.498813152,2.554325819
16:25:46,2.556346178,3.496907711,2.553476572
16:25:46,2.556096792,3.497666597,2.553296089
16:25:46,2.556611538,3.498052359,2.552724838
16:25:46,2.556313038,3.49696207,2.552767754
16:25:46,2.55583787,3.497774601,2.552619696
16:25:46,2.556001663,3.497071505,2.552762508
16:25:46,2.556977034,3.499253988,2.553967953
16:25:46,2.556215763,3.49944663,2.5537076
16:25:46,2.556626797,3.498670101,2.552285433
16:25:46,2.554770231,3.496709585,2.551543713
16:25:46,2.554140568,3.496819973,2.551827431
16:25:46,2.554999352,3.498328209,2.552426577
16:25:46,2.555177212,3.497733355,2.551525116
16:25:46,2.55570507,3.497861862,2.5530653
16:25:46,2.555202723,3.497287512,2.55258584
16:25:46,2.555378675,3.49757719,2.552198887
16:25:46,2.557019711,3.498614073,2.553702116
16:25:46,2.555449009,3.498741388,2.553624868
16:25:46,2.556190729,3.49787879,2.552712917
16:25:46,2.55544138,3.498349905,2.553442955
16:25:47,2.555845022,3.499173641,2.554017067
16:25:47,2.555444956,3.49993062,2.553757906
16:25:47,2.556168318,3.500742435,2.553781748
16:25:47,2.556176901,3.499232531,2.553328991
16:25:47,2.556424618,3.499562025,2.552511692
16:25:47,2.554922342,3.498317719,2.552900553
16:25:47,2.555431604,3.498366594,2.55233264
16:25:47,2.554932117,3.498841286,2.552416801
16:25:47,2.55587554,3.498233557,2.552938461
16:25:47,2.555825949,3.499104738,2.553251028
16:25:47,2.55484271,3.498169661,2.552762508
16:25:47,2.555802345,3.498559237,2.553155184
16:25:47,2.556151628,3.49892664,2.554009199
16:25:47,2.555792332,3.497956514,2.553107023
16:25:47,2.555747509,3.497684956,2.552881479
16:25:47,2.556356668,3.498036146,2.551226854
16:25:47,2.555074215,3.497453928,2.55244565
16:25:47,2.555217028,3.498318434,2.552152634
16:25:47,2.556020737,3.497415543,2.552419662
16:25:47,2.555285692,3.497086525,2.552600622
16:25:47,2.555983305,3.497741699,2.551820755
16:25:47,2.555458784,3.498443127,2.552678347
16:25:47,2.555097342,3.49741292,2.551701069
16:25:47,2.555208921,3.498394728,2.552100897
16:25:47,2.556869268,3.498815536,2.553010225
16:25:47,2.556245565,3.498315096,2.551937819
16:25:47,2.555609941,3.499139547,2.552298784
16:25:47,2.555752039,3.498345852,2.553685665
16:25:47,2.556078672,3.498073101,2.552314043
16:25:47,2.556490183,3.498167753,2.55362606
16:25:47,2.556701422,3.498426199,2.552914619
16:25:47,2.555284262,3.499111176,2.552325249
16:25:47,2.555039883,3.497926474,2.552923918
16:25:47,2.554745913,3.4982903,2.551595211
16:25:47,2.556370497,3.498777866,2.553034306
16:25:47,2.556387186,3.498982668,2.552464724
16:25:47,2.556581259,3.497849464,2.553287268
16:25:47,2.555668592,3.49826622,2.553121328
16:25:47,2.556119442,3.4983778,2.552530289
16:25:47,2.555413723,3.498797417,2.552764416
16:25:47,2.556042671,3.49854207,2.552830935
16:25:47,2.555944443,3.498673201,2.552880764
16:25:47,2.555734873,3.498319626,2.552892208
16:25:47,2.555557728,3.498068571,2.553480148
16:25:47,2.55544281,3.498073816,2.552573204
16:25:47,2.556881905,3.498802662,2.553430557
16:25:47,2.554221869,3.49748683,2.552913904
16:25:47,2.555344582,3.498253345,2.551644087
16:25:47,2.554955721,3.497935534,2.551536322
16:25:47,2.555630445,3.498085499,2.552291632
16:25:47,2.554940701,3.497385025,2.551615
16:25:47,2.554321527,3.498148918,2.552752495
16:25:47,2.554998875,3.496229887,2.551925182
16:25:47,2.555521965,3.496195793,2.551012278
16:25:47,2.554849625,3.497509241,2.552092552
16:25:47,2.554891825,3.497347116,2.552324533
16:25:47,2.554676294,3.497138977,2.551249743
16:25:47,2.555323362,3.496928453,2.552519083
16:25:47,2.555861712,3.499232531,2.552250147
16:25:47,2.554711342,3.497029305,2.552244663
16:25:47,2.555884838,3.497424603,2.550990105
16:25:47,2.555762529,3.497528553,2.552111626
16:25:47,2.555686712,3.498520136,2.551612854
16:25:47,2.555189133,3.496954203,2.551369667
16:25:47,2.554763079,3.497362614,2.551729441
16:25:47,2.554478884,3.498249292,2.552259207
16:25:47,2.556457758,3.498216629,2.551723003
16:25:47,2.55594945,3.497778893,2.551781654
16:25:47,2.55510664,3.497464418,2.551563501
16:25:47,2.55405283,3.496824503,2.55189538
16:25:47,2.554760218,3.497436523,2.552283049
16:25:47,2.555761814,3.497126579,2.550919056
16:25:47,2.554489374,3.496595144,2.551214218
16:25:47,2.555111885,3.496473312,2.552153349
16:25:47,2.555197716,3.496480465,2.551620245
16:25:47,2.554597616,3.497038364,2.552545547
16:25:47,2.556049347,3.49668932,2.553046942
16:25:47,2.554754257,3.497619152,2.551858425
16:25:47,2.555006027,3.497311115,2.55361414
16:25:47,2.555205584,3.497652054,2.552252054
16:25:47,2.555976391,3.497161865,2.552121639
16:25:47,2.555241585,3.497536182,2.551642418
16:25:47,2.555502892,3.496489048,2.552175045
16:25:47,2.554563284,3.496858358,2.553181171
16:25:47,2.555204868,3.496759176,2.55231452
16:25:47,2.555144787,3.49730134,2.552300215
16:25:47,2.554786682,3.496549845,2.552116394
16:25:47,2.554144382,3.496011496,2.551273108
16:25:47,2.554014921,3.496391773,2.550262451
16:25:47,2.554754972,3.496520281,2.551669121
16:25:47,2.554153919,3.496690035,2.550741434
16:25:47,2.554530621,3.496109247,2.551626921
16:25:47,2.554726124,3.496597528,2.551659346
16:25:47,2.554466248,3.496301174,2.552319288
16:25:47,2.556304455,3.498782396,2.553782701
16:25:47,2.555163145,3.498445749,2.554190874
16:25:47,2.555535793,3.497725248,2.551970243
16:25:47,2.556113958,3.496539354,2.551886082
16:25:47,2.554449797,3.496459246,2.552183151
16:25:47,2.555083275,3.49635911,2.552972078
16:25:47,2.555094719,3.497506857,2.553009033
16:25:47,2.554699421,3.495260477,2.5517838
16:25:47,2.555585384,3.497349501,2.551688433
16:25:47,2.554151058,3.496947765,2.551638842
16:25:47,2.55448699,3.497429609,2.551480532
16:25:47,2.555283546,3.496536016,2.552131414
16:25:47,2.555038214,3.496239185,2.551637411
16:25:47,2.555553675,3.497709274,2.551989317
16:25:47,2.55464077,3.495852709,2.551928997
16:25:47,2.553524733,3.495454073,2.55072403
16:25:47,2.554736614,3.495177031,2.550588131
16:25:47,2.553832769,3.496423721,2.550177097
16:25:47,2.553658962,3.495689154,2.552014828
16:25:47,2.553632259,3.49577713,2.550297022
16:25:47,2.554622889,3.495779991,2.551585674
16:25:48,2.554233551,3.496827602,2.551905155
16:25:48,2.553858519,3.497617245,2.551890612
16:25:48,2.554840803,3.497271299,2.552029133
16:25:48,2.554438353,3.49720335,2.55029583
16:25:48,2.554004431,3.495808601,2.550144196
16:25:48,2.55424118,3.495933771,2.55051446
16:25:48,2.554283857,3.497249842,2.551543713
16:25:48,2.555608749,3.499393225,2.551800013
16:25:48,2.556763411,3.499272585,2.553401232
16:25:48,2.555692434,3.499903917,2.552036285
16:25:48,2.555072784,3.498930454,2.553037643
16:25:48,2.555053234,3.498323202,2.551146269
16:25:48,2.554873943,3.497505665,2.551593781
16:25:48,2.555817366,3.498556137,2.552698851
16:25:48,2.556044102,3.499018431,2.55162096
16:25:48,2.554216623,3.498234749,2.551101923
16:25:48,2.556219101,3.498931646,2.552399397
16:25:48,2.555752039,3.49729538,2.552788973
16:25:48,2.554726839,3.497140169,2.551833391
16:25:48,2.555262566,3.496313572,2.551312685
16:25:48,2.553976059,3.497374296,2.551807642
16:25:48,2.554503918,3.497170925,2.55230999
16:25:48,2.554938555,3.49732089,2.552019119
16:25:48,2.554819107,3.496102571,2.551425695
16:25:48,2.555136442,3.49633956,2.552370787
16:25:48,2.554184914,3.496014595,2.552139997
16:25:48,2.554665804,3.496117115,2.551676273
16:25:48,2.554704189,3.495334864,2.550734758
16:25:48,2.554871321,3.497102261,2.55179286
16:25:48,2.554834366,3.497314453,2.552147388
16:25:48,2.555291653,3.496331215,2.552318811
16:25:48,2.554516554,3.496444702,2.550677299
16:25:48,2.554783583,3.496850491,2.552681208
16:25:48,2.554572582,3.496425629,2.551876307
16:25:48,2.556044102,3.497677803,2.552902222
16:25:48,2.555517435,3.496851206,2.552616119
16:25:48,2.555115938,3.498906374,2.553009033
16:25:48,2.555229425,3.497004509,2.553439617
16:25:48,2.555178642,3.49669385,2.552232742
16:25:48,2.555315733,3.497071028,2.551847935
16:25:48,2.555436373,3.497551918,2.551234722
16:25:48,2.554538965,3.497571945,2.552869558
16:25:48,2.554614305,3.496814728,2.552480459
16:25:48,2.555857658,3.49706912,2.552426577
16:25:48,2.555201054,3.496574402,2.552314043
16:25:48,2.555809736,3.496729851,2.551353693
16:25:48,2.555542469,3.497160435,2.552049398
16:25:48,2.55550766,3.497987986,2.552129984
16:25:48,2.554754972,3.498466015,2.553138018
16:25:48,2.555799007,3.49802351,2.552532911
16:25:48,2.555981874,3.498614073,2.551929712
16:25:48,2.555167437,3.497527838,2.550843954
16:25:48,2.554227829,3.497962952,2.552170515
16:25:48,2.554915667,3.497119427,2.552382231
16:25:48,2.555057526,3.498159409,2.552751064
16:25:48,2.555493116,3.498060465,2.552311659
16:25:48,2.555227995,3.496246338,2.552349806
16:25:48,2.554117918,3.495957375,2.550817251
16:25:48,2.554845572,3.497001648,2.552349091
16:25:48,2.556126595,3.4973979,2.55183053
16:25:48,2.554029465,3.496615648,2.55122757
16:25:48,2.554657936,3.497218609,2.551058769
16:25:48,2.55465436,3.497473478,2.551566124
16:25:48,2.555161238,3.497281075,2.552676439
16:25:48,2.555253983,3.498413086,2.552264929
16:25:48,2.554807425,3.496847868,2.552292109
16:25:48,2.555663586,3.497765779,2.552117109
16:25:48,2.554888725,3.496455669,2.550367117
16:25:48,2.554132462,3.496524334,2.551657915
16:25:48,2.554044724,3.497112513,2.551205873
16:25:48,2.554440498,3.496725082,2.550760508
16:25:48,2.553877592,3.495558739,2.550523281
16:25:48,2.554471493,3.495438814,2.551240444
16:25:48,2.55409503,3.494790077,2.551711559
16:25:48,2.554521084,3.496563435,2.550568581
16:25:48,2.554563999,3.496350527,2.551790237
16:25:48,2.554288626,3.496283054,2.550872326
16:25:48,2.55432415,3.496735096,2.551632643
16:25:48,2.554563284,3.495205164,2.551285028
16:25:48,2.554268837,3.495653391,2.551484108
16:25:48,2.555430889,3.49575758,2.550919056
16:25:48,2.555141449,3.496635914,2.552350998
16:25:48,2.554236412,3.49755311,2.552202225
16:25:48,2.554285288,3.49729991,2.551525116
16:25:48,2.555893898,3.498300791,2.552089691
16:25:48,2.554301739,3.497794151,2.551638126
16:25:48,2.554604292,3.496485233,2.553498507
16:25:48,2.555268526,3.498186111,2.552271128
16:25:48,2.555067539,3.497784376,2.552185774
16:25:48,2.554867983,3.496725082,2.551292181
16:25:48,2.554303646,3.497886658,2.551245213
16:25:48,2.554885864,3.498312235,2.552346945
16:25:48,2.555031061,3.498574257,2.552261829
16:25:48,2.554809809,3.498035431,2.550257683
16:25:48,2.554121494,3.496765614,2.551699638
16:25:48,2.554181337,3.498088837,2.553099155
16:25:48,2.555523157,3.497980595,2.552531958
16:25:48,2.555707693,3.498879671,2.552972794
16:25:48,2.55478549,3.496430397,2.551378965
16:25:48,2.555189133,3.498039246,2.551734924
16:25:48,2.555997849,3.497558355,2.551698923
16:25:48,2.555660248,3.498042345,2.551299095
16:25:48,2.55425024,3.496648788,2.552800655
16:25:48,2.554495335,3.497457981,2.551704407
16:25:48,2.555230856,3.496988297,2.551953316
16:25:48,2.553840637,3.495148897,2.551629782
16:25:48,2.555031061,3.496889591,2.551995039
16:25:48,2.55467701,3.497262239,2.552534819
16:25:48,2.554408789,3.497464418,2.551628828
16:25:48,2.554770231,3.498101711,2.551424026
16:25:48,2.554249763,3.496993303,2.551968336
16:25:48,2.554945946,3.496548414,2.551923752
16:25:48,2.554757118,3.49616456,2.55214262
16:25:48,2.554582119,3.496012688,2.551415205
16:25:48,2.554786682,3.49740386,2.551597118
16:25:48,2.554513931,3.496979475,2.550605059
16:25:48,2.554829121,3.495963097,2.551247358
16:25:48,2.553722382,3.495002031,2.551106215
16:25:48,2.55412221,3.495157242,2.550557375
16:25:49,2.553863049,3.495086193,2.55051589
16:25:49,2.554216623,3.494673967,2.550189734
16:25:49,2.553871632,3.495056868,2.550984859
16:25:49,2.554354191,3.495499849,2.55130744
16:25:49,2.554338694,3.494977236,2.551365137
16:25:49,2.554256201,3.495163202,2.551460266
16:25:49,2.553178072,3.494701862,2.551392078
16:25:49,2.553892612,3.495498657,2.550277948
16:25:49,2.553762674,3.495388746,2.551151514
16:25:49,2.554386377,3.496539354,2.550673246
16:25:49,2.554493427,3.495854378,2.551144361
16:25:49,2.555064201,3.497071028,2.550682306
16:25:49,2.553954124,3.494942665,2.551265717
16:25:49,2.554097652,3.4952631,2.552758932
16:25:49,2.554870844,3.497108936,2.551207066
16:25:49,2.554546118,3.496353865,2.550657272
16:25:49,2.555014849,3.496463537,2.552524328
16:25:49,2.554511309,3.496044636,2.550822735
16:25:49,2.554489851,3.495889187,2.550824881
16:25:49,2.55424118,3.495227098,2.550131798
16:25:49,2.553899527,3.495871544,2.551622629
16:25:49,2.555060387,3.496319294,2.551874161
16:25:49,2.554602385,3.497021198,2.551125765
16:25:49,2.554949999,3.497135639,2.551222801
16:25:49,2.554149628,3.497250319,2.55089283
16:25:49,2.555124998,3.496558189,2.552079916
16:25:49,2.555285692,3.496887445,2.550909042
16:25:49,2.554688215,3.497467041,2.551101208
16:25:49,2.554262638,3.496546507,2.551959515
16:25:49,2.554413557,3.496582747,2.551257849
16:25:49,2.554049969,3.49706316,2.550052881
16:25:49,2.554827213,3.497121811,2.550682306
16:25:49,2.554937363,3.496683598,2.550756693
16:25:49,2.55479598,3.495953798,2.550909042
16:25:49,2.554991007,3.496425629,2.551136017
16:25:49,2.554923296,3.496444702,2.55096817
16:25:49,2.554852724,3.49789834,2.551997662
16:25:49,2.555023909,3.496477365,2.552079916
16:25:49,2.554936647,3.497097969,2.55192852
16:25:49,2.554632902,3.497084618,2.551322222
16:25:49,2.554676294,3.49613595,2.551669836
16:25:49,2.555326462,3.496371508,2.552900553
16:25:49,2.555271626,3.496958733,2.551253796
16:25:49,2.554815292,3.497779608,2.551767111
16:25:49,2.555300236,3.497411489,2.551459551
16:25:49,2.554930687,3.496684074,2.552915812
16:25:49,2.554604292,3.496978521,2.551953316
16:25:49,2.555342436,3.496691465,2.550585985
16:25:49,2.554896355,3.496168613,2.551306725
16:25:49,2.555029869,3.497321606,2.552215576
16:25:49,2.555156708,3.497840881,2.551460743
16:25:49,2.553768635,3.497942686,2.551575422
16:25:49,2.555691957,3.497871637,2.551865578
16:25:49,2.554942846,3.4969275,2.551466703
16:25:49,2.55525589,3.497218609,2.551694155
16:25:49,2.555349588,3.4970541,2.552159786
16:25:49,2.554923296,3.497480154,2.551423311
16:25:49,2.554688931,3.49855876,2.552349091
16:25:49,2.555859089,3.497373819,2.551888943
16:25:49,2.555655003,3.498035431,2.551716089
16:25:49,2.55490613,3.496500492,2.550752163
16:25:49,2.555104494,3.496862888,2.551053524
16:25:49,2.555074215,3.496587038,2.551964045
16:25:49,2.55501914,3.49790144,2.551231384
16:25:49,2.554353237,3.497564793,2.552102566
16:25:49,2.554509401,3.497717381,2.552832365
16:25:49,2.554986238,3.497040272,2.550966978
16:25:49,2.554943323,3.497153282,2.551024914
16:25:49,2.555561066,3.495932341,2.550732851
16:25:49,2.554642677,3.497308969,2.552534342
16:25:49,2.555371284,3.497216463,2.550655365
16:25:49,2.554887772,3.496393204,2.551956177
16:25:49,2.554481506,3.496581554,2.551423311
16:25:49,2.557701588,3.502170563,2.555076838
16:25:49,2.557173491,3.500423431,2.553849697
16:25:49,2.557786465,3.500297546,2.554924965
16:25:49,2.558110714,3.5007267,2.554490566
16:25:49,2.557713509,3.500554323,2.555142641
16:25:49,2.556922197,3.500647068,2.554732561
16:25:49,2.556862116,3.499644279,2.554515362
16:25:49,2.556587696,3.498990536,2.553122997
16:25:49,2.555997849,3.498346329,2.552837133
16:25:49,2.557026625,3.499715328,2.553559303
16:25:49,2.556771517,3.499643564,2.553575039
16:25:49,2.557085514,3.499438047,2.55316186
16:25:49,2.55764842,3.499629498,2.553512573
16:25:49,2.556465626,3.498872519,2.552470684
16:25:49,2.55630827,3.49848938,2.553759813
16:25:49,2.557410479,3.498514175,2.553759098
16:25:49,2.555702448,3.497658253,2.552632809
16:25:49,2.555893421,3.498008728,2.552739859
16:25:49,2.557460785,3.498934507,2.554620028
16:25:49,2.557928324,3.500155687,2.555804729
16:25:49,2.558046579,3.499456882,2.554422379
16:25:49,2.5570755,3.499355793,2.553655148
16:25:49,2.557574987,3.499290705,2.553935766
16:25:49,2.556281328,3.499371767,2.554123163
16:25:49,2.556533813,3.49815011,2.553461075
16:25:49,2.556233168,3.497550249,2.553453922
16:25:49,2.556204081,3.498740196,2.553551435
16:25:49,2.556617975,3.499032259,2.553062677
16:25:49,2.556218624,3.498843908,2.553360224
16:25:49,2.557210684,3.499753714,2.553749084
16:25:49,2.55693984,3.499477148,2.55320096
16:25:49,2.556071043,3.49917984,2.553480864
16:25:49,2.556546926,3.499515057,2.553663969
16:25:49,2.556957722,3.499384642,2.552997112
16:25:49,2.55659318,3.500184298,2.553316593
16:25:49,2.556221724,3.500163555,2.554186344
16:25:49,2.556746483,3.499287367,2.553127527
16:25:49,2.557997942,3.501204729,2.554620743
16:25:49,2.557635069,3.502007961,2.554628849
16:25:49,2.554915667,3.497478962,2.55186224
16:25:49,2.555721045,3.498574257,2.55260253
16:25:49,2.555124283,3.497078419,2.551311493
16:25:49,2.555958033,3.49730134,2.551762342
16:25:49,2.554717779,3.498123407,2.552587748
16:25:49,2.55507803,3.497386217,2.552907944
16:25:49,2.554821014,3.496449232,2.553291559
16:25:50,2.555210352,3.497177839,2.552001953
16:25:50,2.554231644,3.498215914,2.552528381
16:25:50,2.555609226,3.497813702,2.55295229
16:25:50,2.554782867,3.497620583,2.552370787
16:25:50,2.556200027,3.498387575,2.551293612
16:25:50,2.554696798,3.498598337,2.551877022
16:25:50,2.555828094,3.497164249,2.552976608
16:25:50,2.555133581,3.496548414,2.551938534
16:25:50,2.555017233,3.496061563,2.552194118
16:25:50,2.554252625,3.496064186,2.552022219
16:25:50,2.554349422,3.496670485,2.551714659
16:25:50,2.554306984,3.496659994,2.550929785
16:25:50,2.554274082,3.497697353,2.551542759
16:25:50,2.554427385,3.497713089,2.552810192
16:25:50,2.554167032,3.495722294,2.551739216
16:25:50,2.554383039,3.496551037,2.55220294
16:25:50,2.555300236,3.497535706,2.552406073
16:25:50,2.555113792,3.497282505,2.551122904
16:25:50,2.555486679,3.497749567,2.552889585
16:25:50,2.555475235,3.497759342,2.553487301
16:25:50,2.55559206,3.498129368,2.552671909
16:25:50,2.55448699,3.496631861,2.552368164
16:25:50,2.55529809,3.497154474,2.550988674
16:25:50,2.555150747,3.497647762,2.551311493
16:25:50,2.555132866,3.497862339,2.551710367
16:25:50,2.554605722,3.497922659,2.551620245
16:25:50,2.554887056,3.497282505,2.551246643
16:25:50,2.555226088,3.497418642,2.552217484
16:25:50,2.553424358,3.496511698,2.552069187
16:25:50,2.554977179,3.496881723,2.55140996
16:25:50,2.554361343,3.496498346,2.551439762
16:25:50,2.553701162,3.497332573,2.551714659
16:25:50,2.554570675,3.497884035,2.551631689
16:25:50,2.555153608,3.49791193,2.551660776
16:25:50,2.554442644,3.49624753,2.550566196
16:25:50,2.555554867,3.497519255,2.551809311
16:25:50,2.554665804,3.496580601,2.552010536
16:25:50,2.554857492,3.496418238,2.550848246
16:25:50,2.553939104,3.496818542,2.551607847
16:25:50,2.554227829,3.497100592,2.551359177
16:25:50,2.554594994,3.496354818,2.551274538
16:25:50,2.554639339,3.497567415,2.55036211
16:25:50,2.554469585,3.496320009,2.553034306
16:25:50,2.554430723,3.495998383,2.55073595
16:25:50,2.554414034,3.495770216,2.550544977
16:25:50,2.554146051,3.496363878,2.550691128
16:25:50,2.554436684,3.495510578,2.551916599
16:25:50,2.55390811,3.495589972,2.551070929
16:25:50,2.554141998,3.495604992,2.551474094
16:25:50,2.555319309,3.496876717,2.552202225
16:25:50,2.554889917,3.496646881,2.550726891
16:25:50,2.554889917,3.496587753,2.554872751
16:25:50,2.556966543,3.50007081,2.554428339
16:25:50,2.557348967,3.499883175,2.554529905
16:25:50,2.558271885,3.500279903,2.553112268
16:25:50,2.557054281,3.499875784,2.555854082
16:25:50,2.555881023,3.498523951,2.554581165
16:25:50,2.55656147,3.497761965,2.55352807
16:25:50,2.556857347,3.497453928,2.553103447
16:25:50,2.556792498,3.499649048,2.555114985
16:25:50,2.557244062,3.499631166,2.555180788
16:25:50,2.557610512,3.499603271,2.554542065
16:25:50,2.556712627,3.501024961,2.554567337
16:25:50,2.557770491,3.500667334,2.553930998
16:25:50,2.556951284,3.500479221,2.555153847
16:25:50,2.557939529,3.499966621,2.555449963
16:25:50,2.558327675,3.500695229,2.553665161
16:25:50,2.557041168,3.500538111,2.555594206
16:25:50,2.557759523,3.499966145,2.554220676
16:25:50,2.556404829,3.499962568,2.553403139
16:25:50,2.557903528,3.500039577,2.553926945
16:25:50,2.556868553,3.497672081,2.551578045
16:25:50,2.554278851,3.496844053,2.551338434
16:25:50,2.554511786,3.49596858,2.550609112
16:25:50,2.554416895,3.496264696,2.550743103
16:25:50,2.553393364,3.496324062,2.551537752
16:25:50,2.553256512,3.495208979,2.551267147
16:25:50,2.554882526,3.496455669,2.55116415
16:25:50,2.554016829,3.496505499,2.551066637
16:25:50,2.555715084,3.496900558,2.552069902
16:25:50,2.555610657,3.497490406,2.551721573
16:25:50,2.554489374,3.498299599,2.551772356
16:25:50,2.555380106,3.497400999,2.55126977
16:25:50,2.555001497,3.497517347,2.550937891
16:25:50,2.555805445,3.498307228,2.55196476
16:25:50,2.55542779,3.498431206,2.551704884
16:25:50,2.556263447,3.498830557,2.552247286
16:25:50,2.555472374,3.498534679,2.552198887
16:25:50,2.555606604,3.497606516,2.552412033
16:25:50,2.554897785,3.497192383,2.552257776
16:25:50,2.554992199,3.497622252,2.553112984
16:25:50,2.554839849,3.49669075,2.550519705
16:25:50,2.555827379,3.496570826,2.55109787
16:25:50,2.554760218,3.497018337,2.551404238
16:25:50,2.555155516,3.497175455,2.551245213
16:25:50,2.554658651,3.496227264,2.551392078
16:25:50,2.554447174,3.497062445,2.552217484
16:25:50,2.554447174,3.497304678,2.551886797
16:25:50,2.554680347,3.498050213,2.551604271
16:25:50,2.55525589,3.496770859,2.551842451
16:25:50,2.554610252,3.49611783,2.550325871
16:25:50,2.554614305,3.496271849,2.550513268
16:25:50,2.554689646,3.497314453,2.551024199
16:25:50,2.555117846,3.498012304,2.552270412
16:25:50,2.555317879,3.498506546,2.552488565
16:25:50,2.555676699,3.497782707,2.552485943
16:25:50,2.555738926,3.4983778,2.552220345
16:25:50,2.555092096,3.498238325,2.553043604
16:25:50,2.555584669,3.498274088,2.551662683
16:25:50,2.55591774,3.496720791,2.551948309
16:25:50,2.55482769,3.498521328,2.550617218
16:25:50,2.554429293,3.497456074,2.552129507
16:25:50,2.554772854,3.498151541,2.552096605
16:25:50,2.555545807,3.497315168,2.550818205
16:25:50,2.555348396,3.497547388,2.551990032
16:25:50,2.554764986,3.498215914,2.552705765
16:25:51,2.555380106,3.497098446,2.552089691
16:25:51,2.555050373,3.497900248,2.551141977
16:25:51,2.554581404,3.497519732,2.551481247
16:25:51,2.554412127,3.495942116,2.551521063
16:25:51,2.55448699,3.496188402,2.551410675
16:25:51,2.554683208,3.497121334,2.551755905
16:25:51,2.555078745,3.497074842,2.550623655
16:25:51,2.554973841,3.497518778,2.551660776
16:25:51,2.554996252,3.497741699,2.551333666
16:25:51,2.555072784,3.497405291,2.553803205
16:25:51,2.554674387,3.497261524,2.551725388
16:25:51,2.554103613,3.49697113,2.552832365
16:25:51,2.554868698,3.497083426,2.550837994
16:25:51,2.554699421,3.496264696,2.551159859
16:25:51,2.554215431,3.495507717,2.549031258
16:25:51,2.553401232,3.49443984,2.551270962
16:25:51,2.554390907,3.494761944,2.550422668
16:25:51,2.554994822,3.495920658,2.551490545
16:25:51,2.554131269,3.494769096,2.551165342
16:25:51,2.554175615,3.494611979,2.551384211
16:25:51,2.554727793,3.495700121,2.551694155
16:25:51,2.554112196,3.494807243,2.550995827
16:25:51,2.553720474,3.494927168,2.552078485
16:25:51,2.554132462,3.495448589,2.551150799
16:25:51,2.554705858,3.494467735,2.550374269
16:25:51,2.553730965,3.49493289,2.551588535
16:25:51,2.554370403,3.495478392,2.552142143
16:25:51,2.554393768,3.495619297,2.55085659
16:25:51,2.555314064,3.496759176,2.552544117
16:25:51,2.554961205,3.49611783,2.551789522
16:25:51,2.555234432,3.497499228,2.551359892
16:25:51,2.554304361,3.494970083,2.551427841
16:25:51,2.553670883,3.49549675,2.550968885
16:25:51,2.554965734,3.496094942,2.552325964
16:25:51,2.55582881,3.496988297,2.552841187
16:25:51,2.555951595,3.497771025,2.552122831
16:25:51,2.555276155,3.496900558,2.55261898
16:25:51,2.554716587,3.49706912,2.55206871
16:25:51,2.555452108,3.497137547,2.551996469
16:25:51,2.554587841,3.497276545,2.552201033
16:25:51,2.554920435,3.497868299,2.551384211
16:25:51,2.554404259,3.497870207,2.55172801
16:25:51,2.554920435,3.498339176,2.552886009
16:25:51,2.555794239,3.498869896,2.552676916
16:25:51,2.554714203,3.497701406,2.552293062
16:25:51,2.555888653,3.499185085,2.551538467
16:25:51,2.55557704,3.498571634,2.551909924
16:25:51,2.555879593,3.497982502,2.552297354
16:25:51,2.555054426,3.49855876,2.552374363
16:25:51,2.555091381,3.498060465,2.552320004
16:25:51,2.555166006,3.498573065,2.552319288
16:25:51,2.554832458,3.499123573,2.55237627
16:25:51,2.555141449,3.497833252,2.553395987
16:25:51,2.554774761,3.497592926,2.552196264
16:25:51,2.553845406,3.497674465,2.551960707
16:25:51,2.555088043,3.49824214,2.551950455
16:25:51,2.555212736,3.49740386,2.551505089
16:25:51,2.555742025,3.497825861,2.5521667
16:25:51,2.554161072,3.496862173,2.552609682
16:25:51,2.554877281,3.497544765,2.551531076
16:25:51,2.554991722,3.498034716,2.552424431
16:25:51,2.555974722,3.498198986,2.553083181
16:25:51,2.554738522,3.498123407,2.554368258
16:25:51,2.553381443,3.496851206,2.551943779
16:25:51,2.554294348,3.496554136,2.55150795
16:25:51,2.555018663,3.497223854,2.552717447
16:25:51,2.554710627,3.495562315,2.551370144
16:25:51,2.554258108,3.495671511,2.552179098
16:25:51,2.55435586,3.496480465,2.550559282
16:25:51,2.553773165,3.496791124,2.55089283
16:25:51,2.55478406,3.496660709,2.552689552
16:25:51,2.555094004,3.496397018,2.552020311
16:25:51,2.554708004,3.495830536,2.551757097
16:25:51,2.554814577,3.496312141,2.552327156
16:25:51,2.555265665,3.497056723,2.551877022
16:25:51,2.554986238,3.495706081,2.552302837
16:25:51,2.555552006,3.496814013,2.5524683
16:25:51,2.554080486,3.496804237,2.551978588
16:25:51,2.55526638,3.497329473,2.55251646
16:25:51,2.555033922,3.496271133,2.551495314
16:25:51,2.554924011,3.496501207,2.551460743
16:25:51,2.554932117,3.496768951,2.549554825
16:25:51,2.55527091,3.49623704,2.552648544
16:25:51,2.554139853,3.497117519,2.552102566
16:25:51,2.555137634,3.496823788,2.55179286
16:25:51,2.554886341,3.49645853,2.552513599
16:25:51,2.555029869,3.497343779,2.551605225
16:25:51,2.553870916,3.496709585,2.550947189
16:25:51,2.554055929,3.496568203,2.551382303
16:25:51,2.554419994,3.499019146,2.552814484
16:25:51,2.555274963,3.498088837,2.552056551
16:25:51,2.555493116,3.497448444,2.551958799
16:25:51,2.55413413,3.497708321,2.553126812
16:25:51,2.55570507,3.498523951,2.552072763
16:25:51,2.555270433,3.496831656,2.552159786
16:25:51,2.555200338,3.495886326,2.551927805
16:25:51,2.554614305,3.49693656,2.552385569
16:25:51,2.554256916,3.496572495,2.551611185
16:25:51,2.555114269,3.498321295,2.551821232
16:25:51,2.555154085,3.498109102,2.551501274
16:25:51,2.555349588,3.49698472,2.551463604
16:25:51,2.5548985,3.496888161,2.551712275
16:25:51,2.555505753,3.498452425,2.551848412
16:25:51,2.554674387,3.498800039,2.552710056
16:25:51,2.555759192,3.498206139,2.55167985
16:25:51,2.555420876,3.496952295,2.550773144
16:25:51,2.556070328,3.496209145,2.5511415
16:25:51,2.554233551,3.495569706,2.551676989
16:25:51,2.555273771,3.49767065,2.551994562
16:25:51,2.555636883,3.499643564,2.555413008
16:25:51,2.558288097,3.500702381,2.555918217
16:25:51,2.558386803,3.500434399,2.55542016
16:25:51,2.558149815,3.501743078,2.555428267
16:25:51,2.556757689,3.500956297,2.555493116
16:25:51,2.557996511,3.500668287,2.554497004
16:25:52,2.558064461,3.500170708,2.555907965
16:25:52,2.557734251,3.500889778,2.553881407
16:25:52,2.556712627,3.500895023,2.55458951
16:25:52,2.556699276,3.499557018,2.553179264
16:25:52,2.55648756,3.499283314,2.552409887
16:25:52,2.556426764,3.498810291,2.553532839
16:25:52,2.556601763,3.498997688,2.554625511
16:25:52,2.557576895,3.498447418,2.554780245
16:25:52,2.557465315,3.498998404,2.555008888
16:25:52,2.556911707,3.49921751,2.554237843
16:25:52,2.556889057,3.500229597,2.554831743
16:25:52,2.556994915,3.499513865,2.554442167
16:25:52,2.557875633,3.500484228,2.554516077
16:25:52,2.558136702,3.500915051,2.55520463
16:25:52,2.557824612,3.500402451,2.55490303
16:25:52,2.557889938,3.50073123,2.554327965
16:25:52,2.55809164,3.501336098,2.554910898
16:25:52,2.557627916,3.500772953,2.554910898
16:25:52,2.558567762,3.502038002,2.555607557
16:25:52,2.558610201,3.502205133,2.555644512
16:25:52,2.559000969,3.501246691,2.555009842
16:25:52,2.557702541,3.501961231,2.554780722
16:25:52,2.557726145,3.501451731,2.554894686
16:25:52,2.557349682,3.501251221,2.55495882
16:25:52,2.557399273,3.501790524,2.554910183
16:25:52,2.557071924,3.501404047,2.554644585
16:25:52,2.557565212,3.501021624,2.553564548
16:25:52,2.557870865,3.501565218,2.555115461
16:25:52,2.557585001,3.499834776,2.553603649
16:25:52,2.556308985,3.500006437,2.554479122
16:25:52,2.556994915,3.500999212,2.555104733
16:25:52,2.556437969,3.499980211,2.553880215
16:25:52,2.557636976,3.500624895,2.554971695
16:25:52,2.557177067,3.501113176,2.552857637
16:25:52,2.557003498,3.500745058,2.55351758
16:25:52,2.557501078,3.500921965,2.555052042
16:25:52,2.558142662,3.500408411,2.553606033
16:25:52,2.557977438,3.500180006,2.553526163
16:25:52,2.557162762,3.49986434,2.553332567
16:25:52,2.557015181,3.500782728,2.553876638
16:25:52,2.557031155,3.500369787,2.552888632
16:25:52,2.556894541,3.499850512,2.55344677
16:25:52,2.558055878,3.500337839,2.555266142
16:25:52,2.558273315,3.500387192,2.553597689
16:25:52,2.557062864,3.50017333,2.554021597
16:25:52,2.558536291,3.501949549,2.555253506
16:25:52,2.558311462,3.501012564,2.555450678
16:25:52,2.557157278,3.500329971,2.554450035
16:25:52,2.558363914,3.500397682,2.554852962
16:25:52,2.557576895,3.500281811,2.553538799
16:25:52,2.558541536,3.502028942,2.555608273
16:25:52,2.558307886,3.500512123,2.554294109
16:25:52,2.557886839,3.500017881,2.554700851
16:25:52,2.557877302,3.500849962,2.555883884
16:25:52,2.557572365,3.50145483,2.555608273
16:25:52,2.557273626,3.500266552,2.554891109
16:25:52,2.55715394,3.499135971,2.555334091
16:25:52,2.557175159,3.500024557,2.554662943
16:25:52,2.557901382,3.501713037,2.553692102
16:25:52,2.557774305,3.500465155,2.554615498
16:25:52,2.556370974,3.500144005,2.553637743
16:25:52,2.556686878,3.500331879,2.553889275
16:25:52,2.557339668,3.501295567,2.554038048
16:25:52,2.556860209,3.500089169,2.554077148
16:25:52,2.556747913,3.500950575,2.554246902
16:25:52,2.557221413,3.498084307,2.553987265
16:25:52,2.556852102,3.49992156,2.554931641
16:25:52,2.557362318,3.500703812,2.555852175
16:25:52,2.557940722,3.50239253,2.555067778
16:25:52,2.557385921,3.501304626,2.554280758
16:25:52,2.558031321,3.499096155,2.553864717
16:25:52,2.557275057,3.499829531,2.554902554
16:25:52,2.5569942,3.49995923,2.555391312
16:25:52,2.557237387,3.500381708,2.554026127
16:25:52,2.55830431,3.50069809,2.554386616
16:25:52,2.558120728,3.500851393,2.555172443
16:25:52,2.557018042,3.498345852,2.55385828
16:25:52,2.557673454,3.498884916,2.553907633
16:25:52,2.556974411,3.499483109,2.554757833
16:25:52,2.55724597,3.497968674,2.554249763
16:25:52,2.556272745,3.499304295,2.553561449
16:25:52,2.557158709,3.498969555,2.553262949
16:25:52,2.557195663,3.500186682,2.553619385
16:25:52,2.558230162,3.500103712,2.554129362
16:25:52,2.557862997,3.501296759,2.5544734
16:25:52,2.557146072,3.499571085,2.555033207
16:25:52,2.556916952,3.499006748,2.554668427
16:25:52,2.55768609,3.499718666,2.554088593
16:25:52,2.557626724,3.500416517,2.553643227
16:25:52,2.557729721,3.49990797,2.553842545
16:25:52,2.557081938,3.499466896,2.553150654
16:25:52,2.556878567,3.500399828,2.554210901
16:25:52,2.557729721,3.500721216,2.554927111
16:25:52,2.556181669,3.500012875,2.553501844
16:25:52,2.557003498,3.49885869,2.554097652
16:25:52,2.557328463,3.499596596,2.553321362
16:25:52,2.555749893,3.500252247,2.552378654
16:25:52,2.556419611,3.500444174,2.554809332
16:25:52,2.557208776,3.499538183,2.553265095
16:25:52,2.557007551,3.500819445,2.554494619
16:25:52,2.55658865,3.499845743,2.554768801
16:25:52,2.556188107,3.49981451,2.553224564
16:25:52,2.555931807,3.4995718,2.554076672
16:25:52,2.557553291,3.500910759,2.55351305
16:25:52,2.557832003,3.500513315,2.553272963
16:25:52,2.55779314,3.501443863,2.555175781
16:25:52,2.557030439,3.501051664,2.553311825
16:25:52,2.556320906,3.50023675,2.55334115
16:25:52,2.557187796,3.501693487,2.553462744
16:25:52,2.5582726,3.502063513,2.554285049
16:25:52,2.557825804,3.50142169,2.555234432
16:25:52,2.557175159,3.500664711,2.554052114
16:25:52,2.557805538,3.502123594,2.552723408
16:25:52,2.557091236,3.501210213,2.553323984
16:25:52,2.557536364,3.501043081,2.554215431
16:25:52,2.55787611,3.502011299,2.553912401
16:25:52,2.55807066,3.50063467,2.554437399
16:25:52,2.558741331,3.50237608,2.554520845
16:25:52,2.557327986,3.501348495,2.55412817
16:25:53,2.557798386,3.501012564,2.553867579
16:25:53,2.557861805,3.501674175,2.553045511
16:25:53,2.558018446,3.50170207,2.555042267
16:25:53,2.558642626,3.500695229,2.55472374
16:25:53,2.557627439,3.50146389,2.554605007
16:25:53,2.556583405,3.500782251,2.55454421
16:25:53,2.557901859,3.499964237,2.554157734
16:25:53,2.55690217,3.500470877,2.554208755
16:25:53,2.558351994,3.500270844,2.55323267
16:25:53,2.557463884,3.500820637,2.555426836
16:25:53,2.557572365,3.499711514,2.554736376
16:25:53,2.558320761,3.500928402,2.554322481
16:25:53,2.557585001,3.500011683,2.55441761
16:25:53,2.557200432,3.50084281,2.554578304
16:25:53,2.558462858,3.500353098,2.552865505
16:25:53,2.55710721,3.500000477,2.553709984
16:25:53,2.557734251,3.499512434,2.553488493
16:25:53,2.557280064,3.499861717,2.555180788
16:25:53,2.557991982,3.500581741,2.555083036
16:25:53,2.558022738,3.500535488,2.555617332
16:25:53,2.557369709,3.499537468,2.554535389
16:25:53,2.556734562,3.499655247,2.554177523
16:25:53,2.557497025,3.499495029,2.555401087
16:25:53,2.558079958,3.500263453,2.555501699
16:25:53,2.55751276,3.500295877,2.554679871
16:25:53,2.557617426,3.500020742,2.555458784
16:25:53,2.558283806,3.500705242,2.554289818
16:25:53,2.558019161,3.500656843,2.554186344
16:25:53,2.55663538,3.500495195,2.553548098
16:25:53,2.558648109,3.501387596,2.554285526
16:25:53,2.556945324,3.500414133,2.555031538
16:25:53,2.557746887,3.500461817,2.555191994
16:25:53,2.557925224,3.500628233,2.554390669
16:25:53,2.55773139,3.500474453,2.555466652
16:25:53,2.558192968,3.501088858,2.555136442
16:25:53,2.559311867,3.502142668,2.556462526
16:25:53,2.55902648,3.502320766,2.555631399
16:25:53,2.559111118,3.501384258,2.554152012
16:25:53,2.558122635,3.50188303,2.556001663
16:25:53,2.559239864,3.501863718,2.5548594
16:25:53,2.558032036,3.500771284,2.555854797
16:25:53,2.557746887,3.501259089,2.555478573
16:25:53,2.558736563,3.501035929,2.555620193
16:25:53,2.557979822,3.50071764,2.555355549
16:25:53,2.558472872,3.500479937,2.554009676
16:25:53,2.557083368,3.499950886,2.553314686
16:25:53,2.55790782,3.500176191,2.555030823
16:25:53,2.558067322,3.501546144,2.556094408
16:25:53,2.558640718,3.501767397,2.55543232
16:25:53,2.559337616,3.502642155,2.556282282
16:25:53,2.558591127,3.501714468,2.555295944
16:25:53,2.558835745,3.500784636,2.557180882
16:25:53,2.558521748,3.501555443,2.555225372
16:25:53,2.558028936,3.500790119,2.554791451
16:25:53,2.558676243,3.501169205,2.554670811
16:25:53,2.558104992,3.501819134,2.554826975
16:25:53,2.558298349,3.500341654,2.554115534
16:25:53,2.557178974,3.500776291,2.553529024
16:25:53,2.556747913,3.50011158,2.554984331
16:25:53,2.557047844,3.499900103,2.55436945
16:25:53,2.557265759,3.500085354,2.554722548
16:25:53,2.557194471,3.499759912,2.555305243
16:25:53,2.557313442,3.500414848,2.554413795
16:25:53,2.557847738,3.500021458,2.553304672
16:25:53,2.557103634,3.500961542,2.554313898
16:25:53,2.557121038,3.499368191,2.555499554
16:25:53,2.55739069,3.500048876,2.553814411
16:25:53,2.558269978,3.501438618,2.553465366
16:25:53,2.557066441,3.500750303,2.554896593
16:25:53,2.556749105,3.499334574,2.554380178
16:25:53,2.556339979,3.501235008,2.554953337
16:25:53,2.556794405,3.501182795,2.554493189
16:25:53,2.557832003,3.500854492,2.553746462
16:25:53,2.557641029,3.50034833,2.554188967
16:25:53,2.557659388,3.501262426,2.554367542
16:25:53,2.556920052,3.501004696,2.55333972
16:25:53,2.557710648,3.501034737,2.553394079
16:25:53,2.557644367,3.502106905,2.555218458
16:25:53,2.558371782,3.500804186,2.553906441
16:25:53,2.557637691,3.500624895,2.553900003
16:25:53,2.556858778,3.499933243,2.554075956
16:25:53,2.557715178,3.502500772,2.55371809
16:25:53,2.557479858,3.500759363,2.554433584
16:25:53,2.557868958,3.501015902,2.554301262
16:25:53,2.557644844,3.501058102,2.555532932
16:25:53,2.557674646,3.500879288,2.554791451
16:25:53,2.557928324,3.50109005,2.55453229
16:25:53,2.558078289,3.501510859,2.555995703
16:25:53,2.55761528,3.502526045,2.554723263
16:25:53,2.557268381,3.501354933,2.55598855
16:25:53,2.558179379,3.501844168,2.554071188
16:25:53,2.557272196,3.500107527,2.553759813
16:25:53,2.557746172,3.498996973,2.554009199
16:25:53,2.556391478,3.499531984,2.554706097
16:25:53,2.556851387,3.499106646,2.553723812
16:25:53,2.558007717,3.500348806,2.554822445
16:25:53,2.557135582,3.500680447,2.555303097
16:25:53,2.557436705,3.501011848,2.55303216
16:25:53,2.556686878,3.499722481,2.5552876
16:25:53,2.557874441,3.499718666,2.554747105
16:25:53,2.556885004,3.499924898,2.553895712
16:25:53,2.55780673,3.499755144,2.554615974
16:25:53,2.556802034,3.499466181,2.55501771
16:25:53,2.557160854,3.500193596,2.554149389
16:25:53,2.557148933,3.500739098,2.555638552
16:25:53,2.558664322,3.501528978,2.554148436
16:25:53,2.558466911,3.500714302,2.556033373
16:25:53,2.557263851,3.499940395,2.554547787
16:25:53,2.558217049,3.500639677,2.555254936
16:25:53,2.557340384,3.500392675,2.553494453
16:25:53,2.55700016,3.499377966,2.553834915
16:25:53,2.556973696,3.499181032,2.554100513
16:25:53,2.558047295,3.498893976,2.55465579
16:25:53,2.557858944,3.499931335,2.554977894
16:25:53,2.557350874,3.500741482,2.555197001
16:25:53,2.558340549,3.500832558,2.554644585
16:25:53,2.556990147,3.500433207,2.554387331
16:25:53,2.55695343,3.500371933,2.555032492
16:25:53,2.55707407,3.499922991,2.553531647
16:25:54,2.558374882,3.501287222,2.554429531
16:25:54,2.557358265,3.501425266,2.555227995
16:25:54,2.557595491,3.50047636,2.554008484
16:25:54,2.557130337,3.500540733,2.554289818
16:25:54,2.558381796,3.500690699,2.554910898
16:25:54,2.556958437,3.501758814,2.555235863
16:25:54,2.558704853,3.501142263,2.555804014
16:25:54,2.557204962,3.501004696,2.554495096
16:25:54,2.557625771,3.500154495,2.55486083
16:25:54,2.557308674,3.501098394,2.555062532
16:25:54,2.557704449,3.501036644,2.554833889
16:25:54,2.558180094,3.499924898,2.553321362
16:25:54,2.557108402,3.500781775,2.554965258
16:25:54,2.55739069,3.499894142,2.553778172
16:25:54,2.556316614,3.498536587,2.554215908
16:25:54,2.557066441,3.500471592,2.553351641
16:25:54,2.557556152,3.501142979,2.555174828
16:25:54,2.558544159,3.499237776,2.554612875
16:25:54,2.557428837,3.500286818,2.555270195
16:25:54,2.557664871,3.500966072,2.553829908
16:25:54,2.557850361,3.501279354,2.555679798
16:25:54,2.557865381,3.501064062,2.554848671
16:25:54,2.557483673,3.500799179,2.554962635
16:25:54,2.556349993,3.500165462,2.554227114
16:25:54,2.557401896,3.499811411,2.55520153
16:25:54,2.556509972,3.499958038,2.555613518
16:25:54,2.558164358,3.500447989,2.553936481
16:25:54,2.557928324,3.50084424,2.55461359
16:25:54,2.557748079,3.500362158,2.554305315
16:25:54,2.557334423,3.500352144,2.55412817
16:25:54,2.557906151,3.500089169,2.554015636
16:25:54,2.557489872,3.500553846,2.554716587
16:25:54,2.558118105,3.500658989,2.55448699
16:25:54,2.557851791,3.500505686,2.554116726
16:25:54,2.557639599,3.500319004,2.554821253
16:25:54,2.557430983,3.501809835,2.55412221
16:25:54,2.557446003,3.500326157,2.554368734
16:25:54,2.557018757,3.501949549,2.555466175
16:25:54,2.55820322,3.50084877,2.554497719
16:25:54,2.557366848,3.500803471,2.55523634
16:25:54,2.557640314,3.499652147,2.553844929
16:25:54,2.55736804,3.500874043,2.553942919
16:25:54,2.558413506,3.501322508,2.554875612
16:25:54,2.556964397,3.501280785,2.554888487
16:25:54,2.557422876,3.501241207,2.554069519
16:25:54,2.557346344,3.501976728,2.555737019
16:25:54,2.558333397,3.502436638,2.554360867
16:25:54,2.557878971,3.501886845,2.554761648
16:25:54,2.557463169,3.501436472,2.554182291
16:25:54,2.558242798,3.502351522,2.55420208
16:25:54,2.558386326,3.502921581,2.555356741
16:25:54,2.557995081,3.501676559,2.553904057
16:25:54,2.557858944,3.501244783,2.555414915
16:25:54,2.55811286,3.501461983,2.554362774
16:25:54,2.557165146,3.501306057,2.555321693
16:25:54,2.557610512,3.501165152,2.555123568
16:25:54,2.558445215,3.501988649,2.554723263
16:25:54,2.557367563,3.500973225,2.553920269
16:25:54,2.557414293,3.500970602,2.554757833
16:25:54,2.557492971,3.500551224,2.554636717
16:25:54,2.557253838,3.49999094,2.554353714
16:25:54,2.557813883,3.499593496,2.555198669
16:25:54,2.558141708,3.500935316,2.554350138
16:25:54,2.557202339,3.499621391,2.553976536
16:25:54,2.55791378,3.499838114,2.553898573
16:25:54,2.557832718,3.499845743,2.553677082
16:25:54,2.557477236,3.501002789,2.554446697
16:25:54,2.55768919,3.500772953,2.555243731
16:25:54,2.556457758,3.498613358,2.555207491
16:25:54,2.557395935,3.499719858,2.554055214
16:25:54,2.555915117,3.499084473,2.553358316
16:25:54,2.55751276,3.498781681,2.553870678
16:25:54,2.557736874,3.500983238,2.555424929
16:25:54,2.558055401,3.500249147,2.554348946
16:25:54,2.557495594,3.500015497,2.555145502
16:25:54,2.557462931,3.499553442,2.554599524
16:25:54,2.558759689,3.500198364,2.55492568
16:25:54,2.557656288,3.499680281,2.554767609
16:25:54,2.557707787,3.499686003,2.555174828
16:25:54,2.558198452,3.501101732,2.555213451
16:25:54,2.55780673,3.499766111,2.554728031
16:25:54,2.557522774,3.500985146,2.554196596
16:25:54,2.55719614,3.499657393,2.555075645
16:25:54,2.558086395,3.500598192,2.554241896
16:25:54,2.5578022,3.500266075,2.554525137
16:25:54,2.557465792,3.500474453,2.555390596
16:25:54,2.55764699,3.49931097,2.554045439
16:25:54,2.556860209,3.499642849,2.554950714
16:25:54,2.557289362,3.500128508,2.553728104
16:25:54,2.557574272,3.500814676,2.554436922
16:25:54,2.557404995,3.500994444,2.554498196
16:25:54,2.557323694,3.500332594,2.553869486
16:25:54,2.55751276,3.500446081,2.55458498
16:25:54,2.558133364,3.501390219,2.554527998
16:25:54,2.557576895,3.500832558,2.553846121
16:25:54,2.558125973,3.501352549,2.554307222
16:25:54,2.557584286,3.501175642,2.55464983
16:25:54,2.557992458,3.501322508,2.553813219
16:25:54,2.557199001,3.501090765,2.554930925
16:25:54,2.557914495,3.502115965,2.55583024
16:25:54,2.558156252,3.501676083,2.554937601
16:25:54,2.55760932,3.501141787,2.55419898
16:25:54,2.557882071,3.501698494,2.554991722
16:25:54,2.558487892,3.501526117,2.554937124
16:25:54,2.558143377,3.501904011,2.554039717
16:25:54,2.559212923,3.50241518,2.55540514
16:25:54,2.558548212,3.502162695,2.554417133
16:25:54,2.558952332,3.502234459,2.5548141
16:25:54,2.557146788,3.501667023,2.554196596
16:25:54,2.558440447,3.503381014,2.554928303
16:25:54,2.559008598,3.502780676,2.556057215
16:25:54,2.557192564,3.502056837,2.555202007
16:25:54,2.557536364,3.501283884,2.554836273
16:25:54,2.558871269,3.501473188,2.55381155
16:25:54,2.558170319,3.501300335,2.55403614
16:25:54,2.559097052,3.503092527,2.555547953
16:25:55,2.557092667,3.502415895,2.55420804
16:25:55,2.55786705,3.501840591,2.555930138
16:25:55,2.558010101,3.501578808,2.554385424
16:25:55,2.558099031,3.500956297,2.555192709
16:25:55,2.557743311,3.50035429,2.554919004
16:25:55,2.556996107,3.500213861,2.553319931
16:25:55,2.557459354,3.501362085,2.553863525
16:25:55,2.55880475,3.501365423,2.555628061
16:25:55,2.558637381,3.501244783,2.555378675
16:25:55,2.55692935,3.500198364,2.554337025
16:25:55,2.558012247,3.500510931,2.554797411
16:25:55,2.557780504,3.500864267,2.554836273
16:25:55,2.55769515,3.501748562,2.554300547
16:25:55,2.558490753,3.501057625,2.554577112
16:25:55,2.557667494,3.501190186,2.554794788
16:25:55,2.558115244,3.500842094,2.555184364
16:25:55,2.557557821,3.501320601,2.554314375
16:25:55,2.558377743,3.500471592,2.55461359
16:25:55,2.557597399,3.500911474,2.556671619
16:25:55,2.558597803,3.501520634,2.555695295
16:25:55,2.558932781,3.501087666,2.55516386
16:25:55,2.557943583,3.501594305,2.556335449
16:25:55,2.558799982,3.502536535,2.555056572
16:25:55,2.557915211,3.50057745,2.554529905
16:25:55,2.557879448,3.500885248,2.553680182
16:25:55,2.557912588,3.500641823,2.554350138
16:25:55,2.556870461,3.500364542,2.554997921
16:25:55,2.557595491,3.500208616,2.554777622
16:25:55,2.558386803,3.500981808,2.553982496
16:25:55,2.557678699,3.501794815,2.5549891
16:25:55,2.558035612,3.501828909,2.554742575
16:25:55,2.558178186,3.500889778,2.556764126
16:25:55,2.558936119,3.501345873,2.555520296
16:25:55,2.559222698,3.500757933,2.554357529
16:25:55,2.558809996,3.501451015,2.555577755
16:25:55,2.557919741,3.500411034,2.55550313
16:25:55,2.558124542,3.50079155,2.554822445
16:25:55,2.558164358,3.500863314,2.554123878
16:25:55,2.557680607,3.499817133,2.554003716
16:25:55,2.557086706,3.499651432,2.554815769
16:25:55,2.558233023,3.501083612,2.555022955
16:25:55,2.55773735,3.499728441,2.554811954
16:25:55,2.558082581,3.499709606,2.55523634
16:25:55,2.557146788,3.501342058,2.554512501
16:25:55,2.558927536,3.501167059,2.555156946
16:25:55,2.558087826,3.500710487,2.554002523
16:25:55,2.557003498,3.499161005,2.554416418
16:25:55,2.557939529,3.501013994,2.555154562
16:25:55,2.558977604,3.502273083,2.554414511
16:25:55,2.557791233,3.50108695,2.554136515
16:25:55,2.557703257,3.500565767,2.55469346
16:25:55,2.558204651,3.500448704,2.555733919
16:25:55,2.557755232,3.501043081,2.554428339
16:25:55,2.557976723,3.500470161,2.555102348
16:25:55,2.55695343,3.500460386,2.554019451
16:25:55,2.557647705,3.50073123,2.55441761
16:25:55,2.558007002,3.499607086,2.554288149
16:25:55,2.556776047,3.500534296,2.553829908
16:25:55,2.55743885,3.500637293,2.554637432
16:25:55,2.557128906,3.499633789,2.554456711
16:25:55,2.557025909,3.501229763,2.555103064
16:25:55,2.559207678,3.501051664,2.553306103
16:25:55,2.557786942,3.502068043,2.555791378
16:25:55,2.558010101,3.501217365,2.554434299
16:25:55,2.558031321,3.501370668,2.554286242
16:25:55,2.558138609,3.501565695,2.555565834
16:25:55,2.557820797,3.500874758,2.556006193
16:25:55,2.557449341,3.501266956,2.5552423
16:25:55,2.558713198,3.501665592,2.554042578
16:25:55,2.557299376,3.499834776,2.554497004
16:25:55,2.55693078,3.500048399,2.553757191
16:25:55,2.556298494,3.499591351,2.553399086
16:25:55,2.557537079,3.501315832,2.554503679
16:25:55,2.557345629,3.499372959,2.552571535
16:25:55,2.557303905,3.499602556,2.554596901
16:25:55,2.557549,3.499946356,2.55433774
16:25:55,2.557228565,3.499674797,2.553608418
16:25:55,2.557543278,3.500435114,2.553931713
16:25:55,2.556782007,3.499982357,2.555019617
16:25:55,2.556848764,3.500117302,2.555140734
16:25:55,2.557164431,3.50058651,2.555909872
16:25:55,2.557798386,3.499740362,2.554559231
16:25:55,2.556620359,3.498729706,2.554867268
16:25:55,2.557326078,3.500747681,2.554478645
16:25:55,2.556605816,3.500560284,2.554895878
16:25:55,2.558273792,3.500183105,2.554103374
16:25:55,2.556756973,3.499594688,2.553368092
16:25:55,2.556339979,3.499696493,2.553259134
16:25:55,2.556617498,3.500199556,2.555232525
16:25:55,2.557720423,3.500823021,2.554124832
16:25:55,2.558093548,3.500409603,2.554860115
16:25:55,2.557044983,3.499437332,2.554059982
16:25:55,2.556573391,3.499154091,2.553626537
16:25:55,2.556545496,3.499742746,2.553424597
16:25:55,2.55706954,3.501241922,2.554644585
16:25:55,2.557346344,3.500369787,2.554956913
16:25:55,2.558137894,3.500759363,2.553832531
16:25:55,2.557809591,3.499452353,2.554946184
16:25:55,2.557584286,3.500654936,2.554547071
16:25:55,2.557313442,3.501025677,2.55423665
16:25:55,2.556950569,3.500753403,2.553944826
16:25:55,2.557641745,3.500685453,2.553989887
16:25:55,2.556419611,3.499780178,2.553834915
16:25:55,2.557431698,3.500298023,2.554409266
16:25:55,2.557350397,3.499247551,2.553780079
16:25:55,2.557706356,3.501291275,2.555093765
16:25:55,2.556764364,3.500314713,2.553632736
16:25:55,2.557663918,3.501064539,2.553796768
16:25:55,2.55753994,3.499913692,2.553505182
16:25:55,2.557605267,3.500684261,2.554483414
16:25:55,2.557521582,3.500164747,2.554199457
16:25:55,2.557508945,3.500094652,2.554163218
16:25:55,2.556696892,3.499526978,2.553028107
16:25:55,2.557031155,3.498258591,2.553030968
16:25:55,2.556469679,3.498661518,2.554085732
16:25:56,2.556480169,3.498595715,2.553034782
16:25:56,2.556652546,3.498804092,2.552954912
16:25:56,2.556461334,3.499247551,2.552736044
16:25:56,2.556317568,3.497719049,2.554050446
16:25:56,2.557556152,3.498548985,2.55362606
16:25:56,2.557076693,3.498025656,2.552348375
16:25:56,2.557071924,3.499380112,2.555016279
16:25:56,2.557548523,3.500167131,2.554438353
16:25:56,2.557138205,3.501039267,2.554543495
16:25:56,2.556907415,3.501372814,2.554679871
16:25:56,2.557610035,3.500326872,2.553848505
16:25:56,2.557733536,3.49886775,2.554566622
16:25:56,2.557892084,3.500330687,2.553889275
16:25:56,2.556518316,3.498492002,2.552340984
16:25:56,2.557695866,3.49894309,2.55418539
16:25:56,2.55719161,3.499121666,2.555160999
16:25:56,2.557832003,3.499206543,2.553110123
16:25:56,2.557140112,3.499192476,2.555284023
16:25:56,2.556963682,3.500392675,2.554457426
16:25:56,2.557738066,3.499935389,2.554378748
16:25:56,2.557106495,3.499585629,2.554450989
16:25:56,2.556898355,3.499922276,2.554035425
16:25:56,2.55693984,3.499085903,2.555523396
16:25:56,2.558262825,3.500059128,2.555567741
16:25:56,2.557237387,3.500183105,2.554436207
16:25:56,2.557359695,3.501019478,2.555169821
16:25:56,2.557421684,3.500670433,2.555457115
16:25:56,2.557772636,3.500344276,2.554578304
16:25:56,2.557886362,3.500424623,2.552994013
16:25:56,2.558022738,3.501233816,2.553920269
16:25:56,2.557938814,3.501308918,2.554221153
16:25:56,2.557818651,3.50072813,2.555176973
16:25:56,2.556090117,3.500234127,2.555341005
16:25:56,2.557817459,3.500219822,2.554835081
16:25:56,2.558124542,3.501640558,2.554566622
16:25:56,2.557122231,3.500872374,2.554190159
16:25:56,2.557895422,3.500983238,2.55395627
16:25:56,2.557183266,3.501221657,2.554962635
16:25:56,2.558095455,3.501843452,2.554853678
16:25:56,2.557351589,3.501535177,2.555012226
16:25:56,2.558130026,3.501305342,2.554109573
16:25:56,2.557494879,3.502813816,2.555756807
16:25:56,2.558305025,3.502769709,2.555037975
16:25:56,2.55802083,3.502888918,2.556088924
16:25:56,2.558446407,3.501950026,2.554307938
16:25:56,2.558258772,3.501629591,2.55580759
16:25:56,2.558110714,3.501548052,2.555050611
16:25:56,2.558103323,3.500329494,2.554029703
16:25:56,2.557246447,3.500987053,2.554393768
16:25:56,2.558410168,3.500557184,2.555414438
16:25:56,2.55742836,3.501348495,2.554656506
16:25:56,2.557337999,3.501751423,2.553827763
16:25:56,2.558540344,3.50336647,2.555928946
16:25:56,2.558918715,3.501443863,2.55368948
16:25:56,2.556944609,3.500885725,2.553789616
16:25:56,2.557799578,3.500815868,2.554361343
16:25:56,2.557614088,3.500124454,2.55363059
16:25:56,2.556349277,3.500594378,2.554864883
16:25:56,2.557338476,3.500338554,2.553122997
16:25:56,2.557094574,3.501948833,2.55537653
16:25:56,2.557268381,3.501378536,2.555030823
16:25:56,2.557817459,3.500425339,2.554927588
16:25:56,2.558456182,3.501199961,2.554422379
16:25:56,2.558015585,3.500533581,2.555555105
16:25:56,2.557926416,3.501966476,2.555613995
16:25:56,2.558475256,3.501285791,2.554713964
16:25:56,2.558059216,3.501416206,2.556245804
16:25:56,2.558607578,3.502618074,2.555285215
16:25:56,2.558250904,3.501664877,2.554777622
16:25:56,2.557824135,3.501490593,2.555119276
16:25:56,2.557705164,3.500102997,2.553220749
16:25:56,2.557158709,3.499954462,2.55531311
16:25:56,2.556551695,3.499949694,2.553387642
16:25:56,2.557085991,3.500218391,2.5548594
16:25:56,2.55706358,3.500967503,2.55361867
16:25:56,2.557327271,3.49934721,2.553280115
16:25:56,2.557062864,3.50019145,2.554483891
16:25:56,2.557672739,3.500837088,2.554806471
16:25:56,2.557935953,3.500643253,2.554434776
16:25:56,2.557342291,3.499933958,2.555065155
16:25:56,2.557722807,3.500101566,2.554140091
16:25:56,2.556702137,3.499436378,2.554521561
16:25:56,2.557093859,3.500290394,2.554546595
16:25:56,2.557071209,3.499212027,2.5535779
16:25:56,2.5579741,3.501632214,2.554602146
16:25:56,2.558452606,3.501689196,2.554246426
16:25:56,2.557639599,3.5007267,2.554412365
16:25:56,2.557566166,3.500920534,2.555510283
16:25:56,2.558543444,3.500960827,2.555678844
16:25:56,2.558048725,3.501333237,2.556155682
16:25:56,2.55841136,3.501294851,2.555316448
16:25:56,2.558452606,3.501182795,2.556493759
16:25:56,2.558399439,3.502449989,2.555769444
16:25:56,2.558713198,3.501677275,2.555530071
16:25:56,2.559189796,3.501360893,2.556083679
16:25:56,2.558281898,3.500665426,2.556143284
16:25:56,2.558139086,3.50069809,2.555453539
16:25:56,2.558157682,3.501677275,2.555526972
16:25:56,2.557930946,3.502136707,2.554581165
16:25:56,2.558279037,3.501893997,2.555284739
16:25:56,2.558343172,3.501315117,2.555728436
16:25:56,2.558068514,3.500395775,2.554822445
16:25:56,2.558067322,3.501011372,2.554515123
16:25:56,2.557645798,3.500435114,2.553851128
16:25:56,2.556593657,3.500025272,2.552751064
16:25:56,2.55730629,3.500690222,2.554749012
16:25:56,2.556764364,3.500200987,2.555684805
16:25:56,2.557813406,3.500037909,2.556210518
16:25:56,2.558149099,3.500080109,2.552859783
16:25:56,2.556977034,3.499708891,2.553973436
16:25:56,2.558036804,3.499734402,2.553183556
16:25:56,2.557678699,3.500151873,2.55436492
16:25:56,2.556740046,3.500311136,2.554113388
16:25:56,2.556876421,3.499477863,2.554679155
16:25:56,2.557364225,3.499537468,2.553606749
16:25:56,2.557758808,3.501281977,2.553592443
16:25:56,2.558029652,3.50155592,2.555018902
16:25:56,2.556878567,3.500499487,2.554628849
16:25:56,2.55656004,3.499605179,2.554750919
16:25:57,2.557979822,3.50085187,2.553158522
16:25:57,2.557709932,3.502091646,2.554380655
16:25:57,2.558820963,3.502552271,2.554794788
16:25:57,2.558102846,3.502083063,2.554710865
16:25:57,2.55695653,3.49922657,2.554032803
16:25:57,2.556740522,3.499458313,2.553750753
16:25:57,2.556736469,3.498785734,2.554049492
16:25:57,2.556999445,3.498030663,2.554403782
16:25:57,2.55645895,3.500813246,2.553740501
16:25:57,2.557211637,3.499964714,2.554321051
16:25:57,2.556717396,3.499802828,2.553878546
16:25:57,2.557364225,3.499872684,2.55432868
16:25:57,2.557525158,3.501028061,2.554895401
16:25:57,2.557758808,3.501108885,2.554760456
16:25:57,2.556629419,3.499766111,2.554445505
16:25:57,2.557999849,3.500023365,2.554897308
16:25:57,2.557653666,3.499642849,2.554773569
16:25:57,2.557076693,3.498646021,2.554652452
16:25:57,2.558125257,3.501451731,2.554110289
16:25:57,2.557348251,3.501379728,2.554259539
16:25:57,2.555816889,3.501053572,2.553870678
16:25:57,2.557054996,3.498786926,2.554154873
16:25:57,2.556221724,3.499293804,2.554339886
16:25:57,2.55671978,3.500290394,2.553838968
16:25:57,2.558076382,3.501098156,2.553594351
16:25:57,2.557782412,3.501795292,2.554491043
16:25:57,2.558282614,3.502007484,2.554406404
16:25:57,2.558609009,3.500921249,2.553994417
16:25:57,2.557919741,3.499638557,2.554708958
16:25:57,2.557520866,3.50105238,2.554790735
16:25:57,2.558688164,3.501705408,2.554633856
16:25:57,2.558372259,3.501927853,2.555522919
16:25:57,2.557941675,3.500900269,2.553515434
16:25:57,2.557525158,3.500185966,2.55423975
16:25:57,2.557813406,3.501156092,2.553738594
16:25:57,2.557368994,3.501327038,2.554270744
16:25:57,2.558623552,3.500063181,2.555063248
16:25:57,2.557323217,3.499434948,2.553598404
16:25:57,2.556909084,3.49926281,2.554875612
16:25:57,2.557915211,3.500165462,2.554221153
16:25:57,2.557947874,3.500767708,2.553926945
16:25:57,2.557781696,3.501462698,2.555420876
16:25:57,2.558190584,3.501230478,2.555295944
16:25:57,2.557923317,3.500325441,2.554614782
16:25:57,2.558301687,3.500441551,2.553421021
16:25:57,2.557528019,3.500420809,2.554499865
16:25:57,2.557337284,3.500450134,2.554668427
16:25:57,2.558445692,3.502440929,2.553803921
16:25:57,2.557584286,3.501122713,2.553858757
16:25:57,2.557597876,3.500536919,2.554688931
16:25:57,2.558292389,3.499898911,2.554083824
16:25:57,2.55667448,3.500576735,2.554520369
16:25:57,2.556910992,3.500632048,2.554908991
16:25:57,2.558184862,3.500840187,2.552909851
16:25:57,2.558153152,3.500952482,2.554643154
16:25:57,2.557546377,3.500987053,2.554419994
16:25:57,2.558061838,3.500620842,2.555112123
16:25:57,2.559192896,3.502103329,2.555449486
16:25:57,2.558617592,3.500950575,2.554554701
16:25:57,2.557647705,3.502203226,2.555063725
16:25:57,2.558787346,3.500904322,2.55475688
16:25:57,2.559125185,3.501388311,2.555445433
16:25:57,2.558713913,3.502044678,2.556097269
16:25:57,2.558130741,3.502126455,2.553856134
16:25:57,2.558137894,3.501978874,2.555845499
16:25:57,2.558563232,3.502385855,2.555890083
16:25:57,2.558534384,3.501954079,2.555871964
16:25:57,2.55841136,3.501457453,2.555631399
16:25:57,2.559142113,3.501793385,2.555572271
16:25:57,2.558660984,3.503109455,2.558172941
16:25:57,2.559047699,3.501954794,2.555314541
16:25:57,2.558747768,3.502445698,2.55444932
16:25:57,2.557799578,3.501694918,2.554391384
16:25:57,2.557226658,3.500291586,2.554706573
16:25:57,2.558286428,3.501755714,2.555635214
16:25:57,2.557543278,3.50015521,2.554647446
16:25:57,2.557265043,3.500608683,2.553864241
16:25:57,2.55739522,3.50085783,2.554403067
16:25:57,2.557222843,3.500317574,2.552583694
16:25:57,2.557132721,3.500211716,2.553100824
16:25:57,2.557013273,3.501140118,2.55447197
16:25:57,2.558026791,3.501697779,2.555047512
16:25:57,2.557485104,3.501150846,2.553277016
16:25:57,2.557789564,3.501156092,2.55554533
16:25:57,2.55765748,3.500856638,2.554750443
16:25:57,2.55743742,3.500601292,2.553935051
16:25:57,2.557419777,3.500951767,2.553589582
16:25:57,2.557977915,3.500380278,2.553750038
16:25:57,2.558920622,3.502994061,2.555629969
16:25:57,2.559278965,3.502819061,2.55448842
16:25:57,2.558297157,3.503433228,2.556269407
16:25:57,2.559853554,3.502472639,2.556038618
16:25:57,2.559156656,3.502519608,2.554594278
16:25:57,2.56003356,3.503347635,2.554856539
16:25:57,2.559243202,3.50312376,2.556153774
16:25:57,2.558650017,3.50275588,2.555254221
16:25:57,2.558390379,3.500924349,2.555049896
16:25:57,2.558172941,3.501539469,2.554884672
16:25:57,2.55843997,3.502177715,2.556069851
16:25:57,2.558982849,3.502353191,2.554679871
16:25:57,2.559095144,3.502673626,2.555563927
16:25:57,2.559292555,3.502987623,2.556491613
16:25:57,2.558680534,3.502077103,2.553939342
16:25:57,2.558926105,3.502219677,2.555449486
16:25:57,2.558825016,3.502304316,2.554915667
16:25:57,2.558271885,3.501448393,2.55471158
16:25:57,2.558313608,3.500888348,2.555659771
16:25:57,2.559035063,3.501801491,2.55562377
16:25:57,2.558533669,3.50147438,2.556001186
16:25:57,2.558944702,3.502238512,2.555361032
16:25:57,2.558453798,3.502418518,2.554953337
16:25:57,2.557699203,3.500725508,2.554221153
16:25:57,2.557928324,3.501394272,2.55401516
16:25:57,2.557756662,3.500812769,2.554694176
16:25:57,2.557812214,3.500372648,2.55409503
16:25:57,2.557524204,3.500083447,2.554347038
16:25:57,2.556969643,3.499658823,2.554600239
16:25:57,2.558258772,3.500286818,2.554459333
16:25:57,2.557435989,3.499716043,2.553367615
16:25:58,2.557551384,3.499789238,2.554715395
16:25:58,2.557227373,3.500592232,2.5550704
16:25:58,2.55858326,3.500068426,2.554651737
16:25:58,2.557257175,3.498657942,2.553198338
16:25:58,2.557333708,3.500217199,2.554635525
16:25:58,2.55794692,3.500196934,2.555098295
16:25:58,2.558002234,3.500151157,2.553925753
16:25:58,2.556862116,3.499405861,2.553965569
16:25:58,2.556603193,3.498791456,2.554362059
16:25:58,2.556706667,3.498723507,2.555135489
16:25:58,2.557567596,3.499475479,2.554763079
16:25:58,2.55812192,3.500915051,2.557551146
16:25:58,2.559109688,3.500835657,2.554939032
16:25:58,2.557586193,3.499456882,2.555487633
16:25:58,2.559097052,3.501869202,2.556297779
16:25:58,2.558674335,3.502821207,2.555167437
16:25:58,2.559491634,3.502193451,2.554562092
16:25:58,2.558988333,3.502525091,2.557366848
16:25:58,2.558098078,3.500905275,2.555378675
16:25:58,2.558351278,3.500451326,2.554637432
16:25:58,2.558068037,3.500540018,2.555523396
16:25:58,2.558488846,3.50100708,2.555618763
16:25:58,2.557686567,3.500957012,2.554962635
16:25:58,2.557854652,3.500513315,2.554958105
16:25:58,2.55755043,3.499596596,2.555295229
16:25:58,2.558856249,3.500662804,2.555122852
16:25:58,2.559077978,3.501420975,2.554637432
16:25:58,2.558362246,3.501782894,2.555047512
16:25:58,2.560240507,3.502250671,2.555934191
16:25:58,2.558747053,3.501636267,2.55605197
16:25:58,2.558512449,3.500943899,2.554167747
16:25:58,2.557213068,3.501374006,2.555473328
16:25:58,2.559356213,3.501941681,2.554628134
16:25:58,2.558473587,3.502089024,2.555805206
16:25:58,2.558501959,3.502042055,2.555626154
16:25:58,2.557738066,3.50166893,2.55602026
16:25:58,2.558079004,3.501833677,2.553954124
16:25:58,2.558395624,3.501614094,2.553844213
16:25:58,2.558118105,3.501669168,2.55444026
16:25:58,2.557999372,3.501202345,2.553695679
16:25:58,2.557430267,3.501540422,2.555428982
16:25:58,2.557706356,3.500665903,2.553957939
16:25:58,2.558785439,3.502382994,2.55479002
16:25:58,2.557854652,3.502120972,2.554040194
16:25:58,2.556493998,3.501283169,2.554012299
16:25:58,2.557949543,3.501434088,2.554415703
16:25:58,2.55804944,3.501499176,2.554237127
16:25:58,2.557949543,3.500608683,2.553905249
16:25:58,2.558447838,3.501319885,2.553526878
16:25:58,2.558151245,3.502133608,2.554851055
16:25:58,2.558563232,3.501008511,2.555087566
16:25:58,2.558491945,3.502000332,2.554718018
16:25:58,2.55877018,3.501287222,2.554628849
16:25:58,2.55848074,3.501070499,2.553886652
16:25:58,2.557738781,3.500901699,2.553903103
16:25:58,2.556611538,3.500674486,2.553655863
16:25:58,2.556774139,3.500091076,2.553489208
16:25:58,2.557278156,3.499458313,2.554630041
16:25:58,2.557555676,3.500752211,2.553825855
16:25:58,2.558409452,3.500976086,2.554535389
16:25:58,2.558597803,3.500632048,2.553885937
16:25:58,2.558787346,3.502095461,2.554106951
16:25:58,2.557302713,3.502253294,2.553682327
16:25:58,2.558254719,3.500295401,2.554830313
16:25:58,2.557840586,3.501761913,2.554460764
16:25:58,2.556990862,3.500740528,2.554080486
16:25:58,2.55783987,3.500757933,2.555463314
16:25:58,2.557840586,3.501390219,2.554569244
16:25:58,2.557736874,3.501960516,2.555040121
16:25:58,2.557526827,3.501016855,2.555557966
16:25:58,2.558729887,3.501556635,2.554791451
16:25:58,2.557480335,3.501703978,2.554932117
16:25:58,2.557491064,3.500295877,2.55522871
16:25:58,2.557811022,3.500450611,2.555252314
16:25:58,2.557099342,3.500638008,2.553982496
16:25:58,2.557477236,3.500712872,2.554451704
16:25:58,2.558176756,3.501340628,2.554272413
16:25:58,2.558474779,3.50099206,2.554526091
16:25:58,2.557703257,3.500367165,2.555153847
16:25:58,2.557804823,3.50039649,2.554495096
16:25:58,2.558072805,3.499860048,2.553385258
16:25:58,2.558894396,3.500758648,2.554403782
16:25:58,2.558135033,3.501371384,2.554759741
16:25:58,2.557810307,3.500237465,2.553636789
16:25:58,2.557206154,3.499161005,2.55458951
16:25:58,2.558015585,3.500604868,2.555155277
16:25:58,2.558168888,3.50156641,2.554587841
16:25:58,2.557710648,3.501049042,2.554304123
16:25:58,2.557410479,3.49956131,2.553129673
16:25:58,2.557021141,3.499655962,2.554174662
16:25:58,2.557687283,3.500185966,2.553046227
16:25:58,2.557311058,3.499740362,2.553367615
16:25:58,2.556440592,3.499894857,2.55344677
16:25:58,2.55729866,3.499825716,2.553468227
16:25:58,2.556661844,3.499100208,2.55288744
16:25:58,2.556996107,3.499154091,2.553750753
16:25:58,2.557285547,3.499705553,2.553997993
16:25:58,2.55688405,3.49895215,2.554355621
16:25:58,2.557119131,3.501181364,2.554826498
16:25:58,2.557029724,3.499935389,2.553403854
16:25:58,2.557002068,3.499422312,2.553740025
16:25:58,2.557066917,3.498801231,2.552582026
16:25:58,2.557132483,3.498914957,2.553425789
16:25:58,2.557641029,3.499446154,2.553217411
16:25:58,2.557898045,3.500317574,2.554117441
16:25:58,2.55653429,3.4994874,2.553881407
16:25:58,2.557053804,3.499296665,2.553370714
16:25:58,2.556530237,3.499091625,2.553600311
16:25:58,2.556803942,3.498755455,2.554728746
16:25:58,2.556993008,3.499557018,2.553287268
16:25:58,2.556521177,3.499676943,2.553869486
16:25:58,2.557131767,3.499717951,2.553287268
16:25:58,2.55627203,3.499053955,2.553061962
16:25:58,2.55644393,3.50002861,2.554236174
16:25:58,2.557157993,3.500468254,2.553730488
16:25:58,2.557835817,3.499780655,2.554543495
16:25:59,2.55757761,3.499797583,2.555199862
16:25:59,2.55706358,3.500381708,2.553804398
16:25:59,2.5575459,3.499852657,2.554419994
16:25:59,2.557747364,3.501439333,2.555358648
16:25:59,2.558528423,3.501247406,2.555159807
16:25:59,2.557865381,3.500923157,2.555422544
16:25:59,2.558077812,3.500218391,2.555284023
16:25:59,2.55790782,3.500473738,2.553046942
16:25:59,2.557397127,3.499947548,2.553309202
16:25:59,2.557257175,3.499464273,2.554427624
16:25:59,2.557122707,3.500407457,2.553517103
16:25:59,2.557739496,3.500662804,2.555252314
16:25:59,2.557834864,3.498732328,2.555176497
16:25:59,2.557384729,3.499771595,2.554018259
16:25:59,2.557895422,3.500531673,2.553153992
16:25:59,2.556893826,3.500420809,2.554939508
16:25:59,2.556358337,3.49943161,2.553733349
16:25:59,2.556583405,3.49942112,2.553986073
16:25:59,2.5568645,3.501207113,2.554238319
16:25:59,2.557625771,3.500503063,2.553958893
16:25:59,2.555772543,3.499759197,2.555184364
16:25:59,2.558279753,3.501365423,2.554272413
16:25:59,2.557290792,3.5008955,2.554653883
16:25:59,2.557408571,3.499817133,2.554024935
16:25:59,2.556868553,3.499997139,2.55393815
16:25:59,2.557583094,3.501306534,2.553620815
16:25:59,2.557568789,3.500665426,2.554258108
16:25:59,2.556778908,3.500653505,2.554277897
16:25:59,2.557688475,3.500336647,2.553548813
16:25:59,2.557052135,3.50085783,2.554091692
16:25:59,2.556878567,3.500179529,2.553455591
16:25:59,2.557146072,3.500458479,2.554357529
16:25:59,2.55765748,3.500538111,2.554383278
16:25:59,2.556476116,3.500556707,2.553896427
16:25:59,2.558143377,3.500317574,2.554282665
16:25:59,2.556823015,3.499313831,2.553712606
16:25:59,2.557911396,3.500955105,2.553845644
16:25:59,2.557384014,3.500252008,2.554275513
16:25:59,2.557058334,3.500162363,2.553765535
16:25:59,2.556224346,3.500314713,2.553698301
16:25:59,2.556911707,3.499889135,2.55526495
16:25:59,2.556711197,3.499709606,2.553505659
16:25:59,2.556110859,3.500200272,2.553666592
16:25:59,2.556935549,3.500038385,2.554434776
16:25:59,2.556764364,3.499517918,2.553498507
16:25:59,2.556978941,3.499988556,2.554516792
16:25:59,2.555890799,3.499533415,2.553144693
16:25:59,2.557860374,3.498899221,2.552664042
16:25:59,2.557239294,3.499705553,2.553972006
16:25:59,2.5572083,3.499997854,2.55434227
16:25:59,2.556827784,3.500619173,2.555418253
16:25:59,2.557501078,3.500089884,2.555745602
16:25:59,2.556783438,3.499354124,2.553083658
16:25:59,2.556756258,3.498762846,2.553926468
16:25:59,2.558019638,3.500112772,2.554698944
16:25:59,2.557502508,3.498974323,2.554249763
16:25:59,2.557625771,3.500403166,2.553521633
16:25:59,2.557615995,3.500007391,2.553551435
16:25:59,2.558430672,3.500950575,2.554239035
16:25:59,2.557580709,3.500866175,2.553944111
16:25:59,2.557497501,3.50112915,2.554816961
16:25:59,2.557543278,3.500519037,2.554457426
16:25:59,2.557808638,3.50001955,2.555403233
16:25:59,2.55783844,3.498958349,2.554689407
16:25:59,2.557059526,3.499768257,2.554979324
16:25:59,2.557602882,3.499992847,2.553297997
16:25:59,2.557873726,3.499917746,2.553929567
16:25:59,2.557994604,3.500109911,2.554175615
16:25:59,2.557140827,3.499607086,2.553633451
16:25:59,2.557343721,3.499008417,2.554539919
16:25:59,2.557270288,3.499908686,2.555511475
16:25:59,2.55795145,3.499929428,2.554816961
16:25:59,2.557904243,3.498976231,2.554637432
16:25:59,2.557911396,3.499207735,2.554851055
16:25:59,2.557699919,3.49921298,2.555176497
16:25:59,2.558261871,3.498733997,2.553991079
16:25:59,2.558184147,3.500790834,2.55616641
16:25:59,2.558878422,3.503376484,2.555946827
16:25:59,2.55919385,3.501697779,2.555168152
16:25:59,2.55728364,3.501554012,2.555178881
16:25:59,2.558025599,3.500498295,2.555789232
16:25:59,2.557992458,3.500840902,2.55536747
16:25:59,2.557940722,3.502189636,2.555811167
16:25:59,2.557917356,3.501040459,2.555023432
16:25:59,2.558866739,3.501328945,2.555202723
16:25:59,2.557739496,3.501622438,2.555134058
16:25:59,2.558542252,3.502903938,2.554042101
16:25:59,2.55869174,3.50203681,2.555520773
16:25:59,2.557769775,3.501871824,2.554822445
16:25:59,2.55825758,3.502690554,2.555908442
16:25:59,2.557999372,3.50239563,2.554643154
16:25:59,2.558319092,3.501367331,2.554964066
16:25:59,2.558576584,3.502126932,2.554397821
16:25:59,2.55805254,3.50145936,2.556292772
16:25:59,2.558647394,3.502766371,2.555354118
16:25:59,2.558943272,3.501724243,2.554060698
16:25:59,2.557162046,3.501858711,2.554917097
16:25:59,2.558495998,3.501102448,2.555053234
16:25:59,2.55858779,3.502156258,2.554784298
16:25:59,2.558523178,3.501103878,2.554759026
16:25:59,2.557201624,3.500881433,2.554116726
16:25:59,2.557023287,3.500542641,2.553926945
16:25:59,2.557146788,3.500574589,2.555303097
16:25:59,2.557309866,3.500802994,2.554538012
16:25:59,2.556499243,3.501127481,2.55319953
16:25:59,2.558481932,3.501848459,2.55388546
16:25:59,2.5572505,3.500496864,2.554694176
16:25:59,2.558178663,3.501264334,2.554116011
16:25:59,2.55740571,3.500602007,2.554338455
16:25:59,2.557895422,3.501268864,2.55455327
16:25:59,2.556791544,3.499890327,2.553206205
16:25:59,2.556736469,3.499838114,2.553616762
16:25:59,2.557621956,3.500100136,2.554243803
16:25:59,2.556980371,3.498526812,2.55357337
16:25:59,2.557842731,3.500787258,2.5537076
16:26:00,2.557773113,3.501330376,2.553960085
16:26:00,2.557125568,3.500709772,2.554432869
16:26:00,2.557726145,3.500932932,2.554249048
16:26:00,2.557918549,3.500838995,2.555540085
16:26:00,2.557923317,3.500309944,2.553724527
16:26:00,2.557138205,3.501220703,2.555692434
16:26:00,2.557611942,3.499740362,2.555645227
16:26:00,2.557628393,3.501613379,2.554210901
16:26:00,2.557579517,3.501522064,2.556936026
16:26:00,2.557238579,3.502284765,2.554801464
16:26:00,2.558708668,3.501357555,2.553875923
16:26:00,2.557900667,3.501366854,2.554771662
16:26:00,2.557603359,3.501507044,2.554679155
16:26:00,2.557755232,3.50173068,2.55685544
16:26:00,2.558308363,3.50041604,2.554936409
16:26:00,2.558701515,3.500661373,2.555837631
16:26:00,2.557824612,3.500832558,2.55593133
16:26:00,2.55739665,3.501529694,2.554795265
16:26:00,2.557881594,3.501342773,2.555346727
16:26:00,2.557595491,3.50086832,2.5555439
16:26:00,2.558252096,3.500326157,2.554413795
16:26:00,2.558032751,3.50095892,2.554337025
16:26:00,2.558242083,3.501070499,2.555522919
16:26:00,2.558076382,3.501443863,2.55543685
16:26:00,2.55809164,3.50058651,2.554341078
16:26:00,2.557540655,3.501103878,2.55368948
16:26:00,2.556570768,3.5007236,2.554618835
16:26:00,2.556667805,3.500973225,2.553975344
16:26:00,2.558303595,3.501137733,2.554246902
16:26:00,2.556750298,3.50119257,2.555179596
16:26:00,2.557528734,3.500803471,2.554950714
16:26:00,2.558517694,3.501058817,2.554495096
16:26:00,2.557234049,3.499958038,2.554439068
16:26:00,2.557184935,3.49952817,2.554022789
16:26:00,2.557059526,3.499520302,2.552349091
16:26:00,2.55730629,3.500279903,2.553686857
16:26:00,2.5569942,3.500246525,2.553566694
16:26:00,2.556330204,3.499457598,2.553710699
16:26:00,2.556034327,3.499430895,2.554513693
16:26:00,2.556756258,3.499453306,2.555075645
16:26:00,2.556557417,3.499956369,2.554120779
16:26:00,2.556533813,3.500937462,2.555217981
16:26:00,2.557645798,3.500221491,2.554232597
16:26:00,2.557056904,3.499749184,2.55341506
16:26:00,2.556798697,3.500014305,2.55445528
16:26:00,2.557226658,3.500790834,2.555930853
16:26:00,2.557769775,3.502290726,2.554354906
16:26:00,2.558215857,3.502778053,2.554718733
16:26:00,2.557902575,3.501380444,2.554526091
16:26:00,2.557853937,3.500620842,2.55575943
16:26:00,2.558873415,3.502353668,2.555506945
16:26:00,2.558466196,3.501165152,2.554338455
16:26:00,2.558876038,3.50178051,2.555477858
16:26:00,2.560161591,3.503069639,2.55542016
16:26:00,2.559720278,3.503499746,2.555299997
16:26:00,2.559506178,3.501182795,2.554905891
16:26:00,2.557820082,3.501395464,2.555272818
16:26:00,2.557573557,3.500490427,2.555251598
16:26:00,2.558961153,3.501766205,2.554107666
16:26:00,2.557928324,3.501173496,2.555057049
16:26:00,2.559158087,3.500832558,2.554946184
16:26:00,2.558107376,3.50085783,2.553679466
16:26:00,2.557771444,3.500947237,2.554549932
16:26:00,2.558212757,3.502373934,2.555692911
16:26:00,2.557061434,3.50095582,2.555260658
16:26:00,2.557679892,3.501873016,2.555566549
16:26:00,2.557964087,3.502111197,2.555603981
16:26:00,2.558594942,3.501963854,2.555008173
16:26:00,2.55905962,3.501690388,2.555500269
16:26:00,2.558297873,3.501500368,2.556378603
16:26:00,2.558780909,3.502321482,2.55475831
16:26:00,2.557766676,3.501278639,2.554670811
16:26:00,2.557915211,3.501441956,2.554714441
16:26:00,2.558340073,3.501799583,2.55532217
16:26:00,2.558346033,3.502462864,2.554173946
16:26:00,2.558172941,3.501703978,2.554722071
16:26:00,2.557985306,3.500799179,2.554508924
16:26:00,2.557269096,3.500917673,2.55458045
16:26:00,2.557861805,3.501073122,2.555836439
16:26:00,2.558307171,3.501333952,2.55520153
16:26:00,2.558994055,3.500968695,2.553944111
16:26:00,2.557607651,3.499577761,2.553216696
16:26:00,2.556752443,3.500225544,2.554122686
16:26:00,2.556952477,3.499816656,2.554386616
16:26:00,2.557694435,3.501222372,2.553526878
16:26:00,2.558491468,3.500928402,2.554010391
16:26:00,2.55786252,3.502074718,2.553741693
16:26:00,2.556763411,3.501346588,2.554778814
16:26:00,2.557867527,3.500492573,2.554959297
16:26:00,2.5567379,3.500504255,2.554358959
16:26:00,2.558089733,3.500659704,2.554275036
16:26:00,2.558641195,3.502045393,2.554123878
16:26:00,2.557952166,3.501026869,2.554750919
16:26:00,2.55672574,3.500205517,2.553453922
16:26:00,2.557738781,3.49907732,2.554078579
16:26:00,2.557652235,3.501176119,2.555528641
16:26:00,2.557846308,3.500610352,2.555470467
16:26:00,2.557220697,3.500299454,2.553010225
16:26:00,2.557991982,3.500636578,2.55385232
16:26:00,2.557831287,3.500535011,2.552870274
16:26:00,2.55630374,3.499815941,2.554628849
16:26:00,2.557594061,3.499729633,2.554242611
16:26:00,2.557356358,3.501052856,2.554696083
16:26:00,2.557440281,3.499862909,2.554197311
16:26:00,2.556500196,3.500715017,2.553285599
16:26:00,2.557757139,3.500421286,2.554105997
16:26:00,2.558085442,3.499400377,2.553642035
16:26:00,2.557668209,3.50059557,2.553357124
16:26:00,2.557742119,3.499421835,2.554515362
16:26:00,2.557718277,3.500738382,2.554049492
16:26:00,2.557425737,3.499840021,2.55299592
16:26:00,2.557800293,3.499845743,2.554108858
16:26:00,2.556744337,3.499918222,2.554696083
16:26:00,2.55751276,3.499485254,2.55390048
16:26:00,2.557327271,3.499786615,2.554231882
16:26:00,2.556423187,3.500771284,2.55395484
16:26:00,2.558488846,3.501024961,2.554412842
16:26:00,2.557254553,3.4997015,2.553809881
16:26:00,2.557775736,3.500442982,2.554132938
16:26:01,2.557326555,3.499453306,2.553627968
16:26:01,2.55706358,3.499957323,2.55462122
16:26:01,2.557382107,3.499767542,2.554731846
16:26:01,2.558456182,3.500875473,2.553649187
16:26:01,2.55811286,3.499917746,2.554275513
16:26:01,2.558629036,3.50031352,2.554177046
16:26:01,2.557854652,3.501034737,2.555175781
16:26:01,2.557518721,3.501049757,2.554596901
16:26:01,2.558030367,3.50034833,2.554582357
16:26:01,2.557851791,3.500412941,2.553818703
16:26:01,2.557617664,3.500226259,2.553982496
16:26:01,2.558033466,3.501191854,2.555144548
16:26:01,2.55743885,3.501232862,2.554760933
16:26:01,2.558332205,3.501694202,2.553406
16:26:01,2.557103634,3.501526594,2.553600311
16:26:01,2.558043957,3.500115395,2.554129362
16:26:01,2.556499243,3.500190973,2.554730654
16:26:01,2.556955338,3.500295877,2.55460763
16:26:01,2.558796406,3.501462698,2.554749727
16:26:01,2.5588274,3.501247406,2.554527521
16:26:01,2.558220387,3.502147198,2.553269625
16:26:01,2.558200598,3.501099825,2.555549145
16:26:01,2.55858469,3.501342773,2.554866076
16:26:01,2.557784319,3.501180649,2.553889275
16:26:01,2.557909966,3.500841618,2.55482769
16:26:01,2.558320284,3.501973629,2.554689407
16:26:01,2.557744741,3.501364231,2.554319143
16:26:01,2.558133364,3.502055883,2.554460049
16:26:01,2.558003664,3.502505541,2.556851387
16:26:01,2.558172941,3.501793385,2.55564189
16:26:01,2.55880475,3.501060009,2.55576086
16:26:01,2.558248758,3.501775265,2.556033373
16:26:01,2.558090925,3.502060413,2.555596828
16:26:01,2.558363914,3.501697779,2.553957224
16:26:01,2.557780504,3.503127813,2.55516386
16:26:01,2.558869839,3.502567768,2.555766106
16:26:01,2.558656454,3.502365828,2.555000544
16:26:01,2.559302568,3.502324581,2.55555582
16:26:01,2.558569908,3.502231836,2.555079699
16:26:01,2.559001923,3.502411366,2.555725813
16:26:01,2.559098482,3.502275705,2.554422379
16:26:01,2.558689594,3.502784491,2.556203365
16:26:01,2.559169292,3.501720428,2.554955482
16:26:01,2.55823493,3.502031803,2.554689407
16:26:01,2.557411194,3.501357079,2.555307865
16:26:01,2.558223724,3.503399849,2.554713964
16:26:01,2.558659315,3.50107789,2.55472064
16:26:01,2.558090925,3.50073576,2.554376841
16:26:01,2.557327271,3.500882864,2.553995132
16:26:01,2.557121754,3.501655102,2.555211782
16:26:01,2.557178974,3.50041604,2.554274321
16:26:01,2.557073593,3.500302792,2.55355072
16:26:01,2.557021856,3.500360727,2.554244518
16:26:01,2.558408737,3.501185417,2.554108381
16:26:01,2.559388399,3.502460957,2.555392742
16:26:01,2.557993889,3.500891209,2.556118727
16:26:01,2.558048248,3.500752687,2.553586245
16:26:01,2.558157682,3.501657248,2.554903746
16:26:01,2.558367014,3.501091242,2.554673672
16:26:01,2.558441162,3.501620531,2.55485487
16:26:01,2.556872129,3.500311852,2.554251671
16:26:01,2.557054281,3.500768423,2.553653955
16:26:01,2.556874037,3.499402285,2.553524971
16:26:01,2.557873011,3.501589775,2.555828333
16:26:01,2.55744338,3.500891924,2.555787325
16:26:01,2.558250904,3.501186609,2.554395914
16:26:01,2.558895111,3.500807047,2.554935455
16:26:01,2.558223009,3.500112772,2.55460763
16:26:01,2.557286263,3.500835657,2.554264307
16:26:01,2.557822227,3.500380278,2.553910017
16:26:01,2.557991982,3.501402855,2.554721594
16:26:01,2.557307482,3.501451015,2.555643797
16:26:01,2.558844805,3.501883745,2.554553986
16:26:01,2.558881283,3.501232147,2.555266142
16:26:01,2.557878256,3.501313686,2.555649996
16:26:01,2.558589935,3.501330853,2.555086374
16:26:01,2.557955503,3.500797033,2.554345608
16:26:01,2.558059216,3.501177549,2.556100845
16:26:01,2.558492661,3.50157094,2.555860758
16:26:01,2.558222294,3.501762867,2.554811239
16:26:01,2.558969259,3.50212431,2.554636002
16:26:01,2.558463812,3.503045797,2.554881334
16:26:01,2.557534695,3.501697779,2.554883242
16:26:01,2.558821678,3.501735449,2.553730488
16:26:01,2.559024572,3.501909494,2.556039333
16:26:01,2.558889627,3.50083971,2.554883957
16:26:01,2.55790472,3.501064539,2.556089401
16:26:01,2.558543444,3.500869513,2.555216074
16:26:01,2.558820248,3.501918554,2.554104805
16:26:01,2.558024168,3.50170207,2.555418253
16:26:01,2.558641195,3.501938105,2.55555582
16:26:01,2.558933973,3.501386881,2.554740667
16:26:01,2.558492661,3.501236916,2.554885387
16:26:01,2.558468103,3.501672745,2.554400444
16:26:01,2.558588266,3.502613544,2.555197477
16:26:01,2.559002638,3.501027346,2.555655241
16:26:01,2.558139801,3.501460075,2.555187225
16:26:01,2.557583094,3.501128674,2.55506134
16:26:01,2.558024883,3.501854658,2.553804398
16:26:01,2.559072256,3.501279354,2.556265593
16:26:01,2.55880475,3.502321482,2.555370092
16:26:01,2.558679819,3.502871513,2.555454254
16:26:01,2.557873011,3.502044678,2.554935455
16:26:01,2.55953908,3.503008366,2.555571079
16:26:01,2.5584023,3.501606941,2.55616498
16:26:01,2.558153868,3.502194643,2.555251598
16:26:01,2.558097363,3.501296282,2.555059433
16:26:01,2.557440281,3.501638889,2.554949045
16:26:01,2.557641029,3.502157688,2.555668354
16:26:01,2.557273626,3.50075078,2.554991722
16:26:01,2.559014559,3.501384974,2.555639267
16:26:01,2.558854342,3.502473354,2.555892467
16:26:01,2.55807066,3.501612663,2.555339575
16:26:01,2.55766201,3.49999404,2.554527521
16:26:01,2.558416605,3.501669168,2.554306746
16:26:01,2.557599306,3.500437021,2.553948879
16:26:01,2.558566809,3.50229454,2.554752588
16:26:01,2.558569908,3.501289368,2.555349112
16:26:01,2.55737257,3.502101421,2.555082321
16:26:02,2.55800581,3.50063467,2.554749727
16:26:02,2.55801177,3.501162529,2.554190159
16:26:02,2.558071136,3.500765085,2.555925369
16:26:02,2.558549404,3.502626181,2.55631566
16:26:02,2.558948755,3.501797915,2.554819345
16:26:02,2.558509827,3.501820326,2.552904606
16:26:02,2.558217525,3.501452923,2.554534912
16:26:02,2.558588982,3.500627518,2.554276943
16:26:02,2.557620525,3.500699997,2.5537889
16:26:02,2.557574987,3.500331402,2.554321766
16:26:02,2.558099747,3.50211525,2.555214643
16:26:02,2.557925224,3.502868176,2.556842089
16:26:02,2.558315516,3.502353191,2.554961443
16:26:02,2.558815479,3.501278639,2.555032492
16:26:02,2.559925079,3.503379107,2.555659056
16:26:02,2.559560299,3.502583742,2.556253672
16:26:02,2.558376551,3.5023911,2.555112839
16:26:02,2.558721304,3.502125025,2.555315018
16:26:02,2.559439659,3.502065659,2.555649281
16:26:02,2.558747053,3.502578974,2.555121422
16:26:02,2.55791378,3.501901865,2.553901196
16:26:02,2.559118509,3.502130747,2.554949045
16:26:02,2.55866909,3.501627207,2.554347754
16:26:02,2.558048248,3.502900124,2.555362225
16:26:02,2.558544159,3.502216101,2.55620122
16:26:02,2.558752298,3.503026009,2.554420471
16:26:02,2.559267759,3.502402067,2.555516243
16:26:02,2.558939457,3.502784014,2.553463936
16:26:02,2.557839155,3.502799511,2.555666924
16:26:02,2.557952166,3.50244832,2.553897381
16:26:02,2.557830572,3.500487804,2.555180788
16:26:02,2.558573961,3.50062561,2.554993153
16:26:02,2.558758736,3.503232002,2.556316376
16:26:02,2.558874607,3.502820015,2.554860115
16:26:02,2.558734417,3.502705574,2.555682421
16:26:02,2.55779171,3.502239943,2.555467129
16:26:02,2.557940722,3.501331568,2.555011511
16:26:02,2.557996988,3.502090216,2.554633856
16:26:02,2.559021235,3.501512289,2.553923845
16:26:02,2.557422876,3.501841068,2.556011438
16:26:02,2.558585882,3.501176834,2.55490303
16:26:02,2.557483673,3.500948668,2.554885864
16:26:02,2.557986736,3.501002073,2.555025339
16:26:02,2.557993174,3.501006603,2.554868698
16:26:02,2.557896137,3.501573563,2.55409503
16:26:02,2.558065653,3.500799894,2.554916382
16:26:02,2.558609486,3.501040459,2.555012941
16:26:02,2.557795525,3.500460386,2.553864717
16:26:02,2.557861805,3.499032259,2.554042578
16:26:02,2.557235479,3.50144434,2.555571795
16:26:02,2.557525158,3.500459194,2.553581715
16:26:02,2.557052135,3.49981451,2.554389477
16:26:02,2.558271408,3.500369072,2.555362225
16:26:02,2.558313131,3.501554012,2.555725098
16:26:02,2.55793047,3.501753807,2.554597616
16:26:02,2.558415413,3.50233674,2.554872036
16:26:02,2.55812192,3.501257181,2.554956913
16:26:02,2.559092522,3.501155376,2.555325031
16:26:02,2.558333397,3.500167131,2.555429697
16:26:02,2.558692217,3.501811981,2.555399179
16:26:02,2.558170319,3.500582457,2.55506444
16:26:02,2.557536364,3.501068592,2.554986477
16:26:02,2.55921936,3.501445532,2.554534197
16:26:02,2.557818651,3.500281811,2.554023504
16:26:02,2.558223724,3.500310421,2.553823948
16:26:02,2.557360649,3.500821352,2.553678513
16:26:02,2.558493376,3.500676394,2.554510832
16:26:02,2.557265043,3.500346184,2.554661751
16:26:02,2.55755043,3.500794411,2.554323912
16:26:02,2.557601452,3.501014471,2.555807352
16:26:02,2.558015585,3.500338554,2.554913044
16:26:02,2.557099342,3.500469685,2.553774118
16:26:02,2.55729413,3.500412226,2.554819345
16:26:02,2.557552576,3.499851942,2.55330658
16:26:02,2.558678389,3.501399994,2.555450678
16:26:02,2.558107376,3.501202345,2.554293394
16:26:02,2.558077812,3.501423597,2.5544734
16:26:02,2.558152437,3.500208616,2.55475831
16:26:02,2.557878971,3.500675678,2.554316044
16:26:02,2.558371782,3.501525402,2.553860903
16:26:02,2.55829525,3.500245094,2.55350709
16:26:02,2.558947802,3.501379013,2.553248405
16:26:02,2.557477951,3.50088644,2.554108858
16:26:02,2.55800581,3.501075029,2.554802179
16:26:02,2.557803154,3.502013445,2.554731131
16:26:02,2.557888746,3.501122713,2.554255724
16:26:02,2.557521582,3.501423597,2.554716587
16:26:02,2.558022022,3.501368761,2.553769827
16:26:02,2.55779767,3.500818014,2.554700136
16:26:02,2.557222128,3.500620842,2.55405879
16:26:02,2.557604074,3.500648499,2.554377556
16:26:02,2.556904554,3.500249624,2.553832531
16:26:02,2.55673933,3.499907255,2.554249048
16:26:02,2.557201624,3.500725508,2.554041386
16:26:02,2.557377577,3.50049448,2.554665804
16:26:02,2.55750823,3.499881983,2.554393053
16:26:02,2.556910276,3.500058174,2.553390026
16:26:02,2.557275057,3.500047684,2.553976536
16:26:02,2.557946205,3.500123262,2.55440855
16:26:02,2.558124065,3.500476837,2.553817034
16:26:02,2.557662725,3.499102116,2.553746462
16:26:02,2.556571484,3.49946928,2.553532839
16:26:02,2.556115389,3.498584747,2.553640604
16:26:02,2.557277203,3.499399662,2.55352807
16:26:02,2.557471275,3.500281811,2.553796768
16:26:02,2.557292938,3.499141693,2.55436945
16:26:02,2.557529926,3.500196457,2.55252552
16:26:02,2.55580616,3.499471426,2.554130077
16:26:02,2.55809021,3.500431061,2.554487944
16:26:02,2.557991982,3.501258373,2.555515766
16:26:02,2.558029652,3.500279188,2.554539919
16:26:02,2.558487892,3.500581741,2.554218769
16:26:02,2.557740211,3.500181675,2.554652929
16:26:02,2.557117224,3.499089003,2.552940369
16:26:02,2.557151556,3.499847889,2.553838491
16:26:02,2.556701422,3.500263453,2.553449154
16:26:03,2.556566477,3.49907279,2.552365541
16:26:03,2.556467533,3.498668194,2.552889585
16:26:03,2.55645895,3.499489784,2.55372262
16:26:03,2.557080984,3.49946022,2.553676605
16:26:03,2.556819677,3.499700546,2.553911924
16:26:03,2.557369709,3.499605179,2.553990602
16:26:03,2.557286978,3.500189781,2.553495646
16:26:03,2.557763815,3.499438047,2.55340457
16:26:03,2.556732416,3.498517752,2.552548885
16:26:03,2.556836128,3.499097586,2.553670406
16:26:03,2.557108402,3.499282122,2.553786039
16:26:03,2.557079554,3.499777555,2.554353714
16:26:03,2.556941509,3.49956131,2.55392313
16:26:03,2.55790782,3.500131607,2.553874731
16:26:03,2.557411194,3.500419378,2.554431677
16:26:03,2.557132721,3.50005126,2.553911924
16:26:03,2.557218313,3.499699116,2.554338455
16:26:03,2.558516979,3.500741005,2.554022789
16:26:03,2.557661533,3.500162363,2.555095434
16:26:03,2.557374954,3.500636101,2.553738117
16:26:03,2.558609486,3.500493288,2.553795338
16:26:03,2.556219101,3.499102831,2.554708958
16:26:03,2.557018757,3.499424458,2.552654028
16:26:03,2.557631016,3.500781059,2.555620909
16:26:03,2.558162451,3.500771284,2.554275513
16:26:03,2.557121754,3.50105238,2.553354979
16:26:03,2.557029724,3.500933647,2.553774118
16:26:03,2.557091951,3.500449419,2.553522587
16:26:03,2.55796814,3.501177549,2.554835081
16:26:03,2.557983875,3.501072407,2.554716587
16:26:03,2.558001757,3.500923157,2.555449486
16:26:03,2.558106184,3.501341343,2.555219173
16:26:03,2.559097052,3.5023036,2.554218054
16:26:03,2.558499098,3.501236916,2.553570509
16:26:03,2.557519674,3.501559973,2.554679155
16:26:03,2.558053732,3.50154233,2.55513835
16:26:03,2.557995796,3.50190258,2.554606199
16:26:03,2.558386326,3.500496864,2.553005219
16:26:03,2.557948351,3.501436949,2.555056572
16:26:03,2.557278156,3.501138449,2.554370165
16:26:03,2.557166576,3.501055002,2.554534197
16:26:03,2.557923317,3.501586199,2.554019451
16:26:03,2.557788849,3.501043081,2.555078506
16:26:03,2.557264566,3.501183987,2.554856539
16:26:03,2.55838418,3.500829935,2.555282116
16:26:03,2.557853937,3.501079082,2.554259539
16:26:03,2.558273315,3.500807762,2.553391933
16:26:03,2.557197571,3.500420094,2.552997828
16:26:03,2.557850361,3.50181222,2.555217266
16:26:03,2.557616711,3.500790119,2.554302454
16:26:03,2.557825327,3.500645161,2.55405736
16:26:03,2.557782888,3.500851393,2.553723335
16:26:03,2.557674646,3.501238823,2.553756475
16:26:03,2.557566881,3.500464678,2.554606199
16:26:03,2.557580709,3.500194073,2.554260969
16:26:03,2.557489157,3.50058794,2.555391312
16:26:03,2.558574677,3.501376629,2.553806067
16:26:03,2.557726145,3.501852751,2.555368662
16:26:03,2.557300091,3.500482798,2.55437541
16:26:03,2.557800293,3.499950886,2.553789616
16:26:03,2.559094429,3.50012517,2.555444717
16:26:03,2.557851076,3.500410318,2.554396629
16:26:03,2.557533503,3.500308514,2.555167437
16:26:03,2.558065653,3.500530958,2.553030014
16:26:03,2.55822897,3.500357389,2.552880764
16:26:03,2.557644367,3.500298738,2.553930998
16:26:03,2.558573246,3.500996828,2.55328083
16:26:03,2.558101654,3.499103308,2.554394484
16:26:03,2.557403088,3.499823093,2.555207491
16:26:03,2.558653355,3.499397755,2.554017067
16:26:03,2.558087826,3.500587225,2.555056572
16:26:03,2.557424068,3.500966072,2.554729223
16:26:03,2.557724953,3.500239849,2.554550648
16:26:03,2.557735443,3.500022173,2.554480553
16:26:03,2.557081938,3.499297857,2.553211451
16:26:03,2.557776928,3.500479221,2.554270744
16:26:03,2.558276653,3.500234127,2.555504322
16:26:03,2.55787158,3.500273228,2.55402422
16:26:03,2.557842016,3.499640465,2.554532766
16:26:03,2.557334423,3.500563622,2.553651094
16:26:03,2.557270288,3.500319719,2.554927588
16:26:03,2.558412075,3.50099802,2.554433584
16:26:03,2.558166742,3.501456738,2.554430246
16:26:03,2.55739069,3.500729322,2.554348946
16:26:03,2.557828188,3.500870943,2.553608418
16:26:03,2.558192015,3.500380278,2.555786133
16:26:03,2.557614088,3.501106501,2.55348134
16:26:03,2.558802605,3.501685858,2.55437088
16:26:03,2.558795214,3.501519203,2.554885387
16:26:03,2.55823493,3.500444174,2.55529952
16:26:03,2.557012081,3.500807047,2.554610014
16:26:03,2.55790782,3.500976563,2.554898262
16:26:03,2.557030439,3.501195192,2.554257631
16:26:03,2.557706356,3.50060606,2.554126024
16:26:03,2.557541847,3.49979353,2.553816557
16:26:03,2.557943106,3.499916077,2.555392027
16:26:03,2.558075666,3.50108099,2.55437398
16:26:03,2.557377577,3.501477718,2.554611444
16:26:03,2.558151245,3.501075029,2.553579807
16:26:03,2.558158398,3.500738382,2.554358959
16:26:03,2.557291508,3.500460386,2.555721283
16:26:03,2.558034658,3.500049353,2.554112911
16:26:03,2.557775021,3.500444174,2.553864717
16:26:03,2.558537483,3.500425339,2.553944826
16:26:03,2.558176041,3.500657558,2.553944111
16:26:03,2.558779478,3.500964165,2.554778814
16:26:03,2.558137178,3.501695633,2.555247784
16:26:03,2.556912899,3.500604153,2.554321051
16:26:03,2.558084249,3.500032425,2.554335833
16:26:03,2.557270288,3.501075029,2.554672956
16:26:03,2.557507038,3.499983549,2.553158522
16:26:03,2.55739522,3.49989295,2.55396986
16:26:03,2.557920933,3.5002563,2.554419994
16:26:03,2.557948351,3.500256777,2.554432869
16:26:03,2.557173967,3.50057745,2.553301573
16:26:04,2.556766272,3.500338554,2.554392576
16:26:04,2.557065487,3.500057459,2.554467201
16:26:04,2.55695653,3.499483109,2.554048777
16:26:04,2.557132483,3.500358582,2.554101706
16:26:04,2.557830572,3.499915123,2.55381918
16:26:04,2.557290077,3.498884201,2.553509712
16:26:04,2.557026625,3.498846292,2.554479837
16:26:04,2.55730629,3.500228167,2.552734613
16:26:04,2.556901693,3.500056267,2.553022861
16:26:04,2.556793213,3.500460386,2.552701473
16:26:04,2.556608438,3.500188589,2.554027081
16:26:04,2.558325529,3.501076698,2.55448699
16:26:04,2.557653666,3.500637293,2.553494453
16:26:04,2.557121038,3.500937462,2.554285526
16:26:04,2.557839155,3.500831842,2.555044651
16:26:04,2.55790782,3.501053572,2.553911924
16:26:04,2.557664871,3.500551224,2.553066492
16:26:04,2.557795525,3.500801086,2.553975344
16:26:04,2.559082747,3.501481533,2.554928303
16:26:04,2.558131933,3.501218081,2.554200172
16:26:04,2.557960272,3.501878262,2.555395126
16:26:04,2.557746172,3.500237942,2.553692102
16:26:04,2.557374954,3.500252247,2.554802179
16:26:04,2.559363365,3.501487494,2.553575754
16:26:04,2.557557821,3.500322104,2.5545578
16:26:04,2.558231831,3.501084805,2.554129362
16:26:04,2.557856321,3.501330853,2.554587126
16:26:04,2.55837059,3.501571655,2.553619385
16:26:04,2.558487892,3.501527786,2.555342436
16:26:04,2.558301687,3.502108574,2.553375006
16:26:04,2.557717085,3.501471758,2.554390669
16:26:04,2.557672024,3.501416206,2.55543232
16:26:04,2.5585289,3.501897097,2.556778669
16:26:04,2.559798241,3.502857685,2.556071758
16:26:04,2.55913949,3.502504826,2.555091619
16:26:04,2.5588727,3.502494097,2.555518627
16:26:04,2.558550596,3.502211094,2.554481983
16:26:04,2.558510542,3.501178503,2.555090427
16:26:04,2.557767868,3.501428843,2.555005074
16:26:04,2.558555603,3.501216888,2.555898428
16:26:04,2.558416605,3.502268553,2.554632664
16:26:04,2.558101654,3.501265526,2.555224419
16:26:04,2.558529615,3.501578093,2.555036068
16:26:04,2.55815959,3.501775265,2.556210518
16:26:04,2.558152437,3.50150466,2.555162907
16:26:04,2.558377028,3.501844883,2.554258823
16:26:04,2.558084965,3.500188589,2.55371356
16:26:04,2.558166027,3.500827789,2.555049896
16:26:04,2.558676958,3.501952171,2.555679798
16:26:04,2.559207201,3.50158143,2.555405617
16:26:04,2.558107376,3.50181365,2.554526806
16:26:04,2.558695316,3.501829386,2.554534197
16:26:04,2.557307482,3.501377821,2.555356264
16:26:04,2.558089018,3.502128839,2.555240393
16:26:04,2.558570623,3.501552105,2.55572176
16:26:04,2.559147358,3.502434254,2.554529905
16:26:04,2.558968544,3.502385855,2.555090427
16:26:04,2.55881381,3.502028227,2.555524111
16:26:04,2.557938099,3.501324177,2.553781748
16:26:04,2.558694839,3.501188755,2.555504322
16:26:04,2.558322191,3.501340151,2.554954767
16:26:04,2.559626341,3.50122118,2.555042267
16:26:04,2.558799267,3.50217247,2.55440712
16:26:04,2.559151411,3.501849651,2.554380655
16:26:04,2.558099747,3.501819134,2.555279493
16:26:04,2.558635473,3.5007267,2.554835796
16:26:04,2.559040546,3.501265526,2.555029631
16:26:04,2.558082819,3.501285076,2.555610895
16:26:04,2.557894707,3.501538754,2.554637432
16:26:04,2.557715654,3.501366854,2.555366039
16:26:04,2.558429241,3.502320766,2.554965973
16:26:04,2.558447123,3.501454115,2.555178165
16:26:04,2.558226585,3.502712727,2.555981874
16:26:04,2.558154821,3.501739502,2.554510832
16:26:04,2.55802083,3.50131917,2.554633141
16:26:04,2.557956219,3.501138449,2.556081057
16:26:04,2.558538675,3.501066923,2.554784298
16:26:04,2.557416916,3.500252008,2.553831816
16:26:04,2.558402777,3.501064062,2.553925037
16:26:04,2.557581425,3.501149893,2.554632664
16:26:04,2.557528734,3.501544237,2.554507732
16:26:04,2.558355808,3.500320196,2.555044651
16:26:04,2.557976007,3.500987053,2.554670811
16:26:04,2.558712244,3.501072407,2.554894686
16:26:04,2.5586164,3.502047777,2.556021452
16:26:04,2.559115648,3.501995802,2.554866791
16:26:04,2.55801177,3.501768589,2.554894686
16:26:04,2.558782101,3.502098083,2.555098295
16:26:04,2.558663607,3.500808477,2.555040121
16:26:04,2.558575869,3.500348806,2.554981232
16:26:04,2.55834198,3.500968695,2.553718567
16:26:04,2.557482004,3.500069618,2.554196119
16:26:04,2.557429552,3.50066328,2.553579807
16:26:04,2.557147264,3.500331879,2.554490566
16:26:04,2.557811022,3.500486612,2.553637743
16:26:04,2.556918859,3.500029325,2.552932501
16:26:04,2.557699203,3.500189781,2.554231167
16:26:04,2.55725193,3.500380278,2.554630041
16:26:04,2.557779789,3.501203537,2.554254532
16:26:04,2.557024002,3.501195192,2.554679155
16:26:04,2.558330536,3.501026154,2.554327011
16:26:04,2.557995796,3.501250029,2.555770159
16:26:04,2.557741642,3.5009408,2.554307222
16:26:04,2.557089329,3.501823425,2.554390192
16:26:04,2.557492971,3.501755714,2.554504395
16:26:04,2.557839155,3.501629591,2.554621935
16:26:04,2.55809021,3.500309944,2.554926395
16:26:04,2.557715178,3.500329494,2.554467201
16:26:04,2.557448626,3.499817848,2.553639412
16:26:04,2.557177067,3.501382589,2.553414583
16:26:04,2.556834936,3.500354767,2.554234505
16:26:04,2.5570786,3.500768423,2.55415988
16:26:04,2.55716157,3.500763178,2.55513835
16:26:04,2.557076216,3.500724792,2.555537939
16:26:04,2.557421207,3.50134778,2.554144621
16:26:04,2.558413506,3.502239227,2.555467129
16:26:04,2.558840752,3.501666307,2.554631233
16:26:04,2.557981968,3.500540733,2.555348396
16:26:04,2.55782342,3.501407862,2.554819822
16:26:05,2.558559418,3.501082182,2.555728436
16:26:05,2.558342457,3.500849962,2.555217981
16:26:05,2.558825731,3.501481533,2.55637002
16:26:05,2.558374166,3.501016855,2.555372953
16:26:05,2.557945728,3.501362801,2.55492878
16:26:05,2.557976723,3.501756907,2.5546875
16:26:05,2.558626652,3.501394272,2.556009531
16:26:05,2.557989359,3.501562595,2.556107283
16:26:05,2.559408426,3.501110792,2.554846287
16:26:05,2.55873704,3.501278639,2.554762363
16:26:05,2.558587313,3.501195669,2.555981874
16:26:05,2.558050871,3.502199411,2.555264235
16:26:05,2.557650805,3.501679897,2.554938316
16:26:05,2.557717085,3.500452757,2.554973364
16:26:05,2.558692217,3.50193119,2.554596901
16:26:05,2.558323383,3.501934528,2.555948019
16:26:05,2.558231831,3.503087759,2.556354284
16:26:05,2.558787346,3.502555609,2.556518793
16:26:05,2.559263706,3.502334356,2.555292606
16:26:05,2.558763742,3.501925707,2.553598881
16:26:05,2.558759689,3.501588583,2.554528713
16:26:05,2.558614969,3.501041889,2.554909706
16:26:05,2.558484793,3.501436949,2.556520224
16:26:05,2.559004545,3.501842976,2.555628538
16:26:05,2.558608532,3.501993179,2.555606842
16:26:05,2.558342457,3.501858711,2.555885315
16:26:05,2.558909416,3.502140522,2.555696011
16:26:05,2.558637381,3.501856804,2.555093765
16:26:05,2.558826208,3.502702951,2.555669785
16:26:05,2.558500528,3.502421379,2.555695295
16:26:05,2.559506893,3.50222826,2.555975199
16:26:05,2.558633566,3.501801968,2.55571413
16:26:05,2.558725834,3.501847744,2.554819822
16:26:05,2.558889627,3.500990868,2.553746462
16:26:05,2.558939934,3.501021624,2.554009676
16:26:05,2.558238268,3.502231836,2.554974556
16:26:05,2.558562756,3.502639055,2.555843592
16:26:05,2.557740211,3.501531839,2.555372
16:26:05,2.558382273,3.502888918,2.55658555
16:26:05,2.558899641,3.500741482,2.554660082
16:26:05,2.557494402,3.501498461,2.554481983
16:26:05,2.557845592,3.501469135,2.553797245
16:26:05,2.557899237,3.500714302,2.553363562
16:26:05,2.557847261,3.501494884,2.554616928
16:26:05,2.557874441,3.501223803,2.554602146
16:26:05,2.557801485,3.501133204,2.553689003
16:26:05,2.558458328,3.501172304,2.553286791
16:26:05,2.557682514,3.500736475,2.554212093
16:26:05,2.557376146,3.501536369,2.554359674
16:26:05,2.557729006,3.500508547,2.554227114
16:26:05,2.558134317,3.499635696,2.554699421
16:26:05,2.558303118,3.500216484,2.554873943
16:26:05,2.557201147,3.501218796,2.554380655
16:26:05,2.557906151,3.501336098,2.556033373
16:26:05,2.558276653,3.501510859,2.554633141
16:26:05,2.557893515,3.499922991,2.55468154
16:26:05,2.556965113,3.500084162,2.554918528
16:26:05,2.558121443,3.501147509,2.554684877
16:26:05,2.558114052,3.501696825,2.555869341
16:26:05,2.557604074,3.500575542,2.553590536
16:26:05,2.558094978,3.499241829,2.555386543
16:26:05,2.557926416,3.500926256,2.55455327
16:26:05,2.557163954,3.500936508,2.553655863
16:26:05,2.55764842,3.500030518,2.555060625
16:26:05,2.55772543,3.499980211,2.553291559
16:26:05,2.558202028,3.500290871,2.554533482
16:26:05,2.558015585,3.500558376,2.553930998
16:26:05,2.557976007,3.500846863,2.554952621
16:26:05,2.55783534,3.50132966,2.554054499
16:26:05,2.557767868,3.501102448,2.553733349
16:26:05,2.558467388,3.501752138,2.555386543
16:26:05,2.558218479,3.502346754,2.555339098
16:26:05,2.558680534,3.501343012,2.555423737
16:26:05,2.558412075,3.501076698,2.55483675
16:26:05,2.558392286,3.502192736,2.55566287
16:26:05,2.558979034,3.502058268,2.555354834
16:26:05,2.558208466,3.501314402,2.554813385
16:26:05,2.556500196,3.499154806,2.55319953
16:26:05,2.556359053,3.498769999,2.552474022
16:26:05,2.556100845,3.498857975,2.552222013
16:26:05,2.555968046,3.498121977,2.552829981
16:26:05,2.555922031,3.499475956,2.553750992
16:26:05,2.555672169,3.499574661,2.553790808
16:26:05,2.55616188,3.49860549,2.552632809
16:26:05,2.557093382,3.497961521,2.552413225
16:26:05,2.556392908,3.497814894,2.552619696
16:26:05,2.555335045,3.497951746,2.55344367
16:26:05,2.554226398,3.496876001,2.552669764
16:26:05,2.556308985,3.498399258,2.551646709
16:26:05,2.554889202,3.497509003,2.551803589
16:26:05,2.55539608,3.498576164,2.55261755
16:26:05,2.555026054,3.498172998,2.552442312
16:26:05,2.554745913,3.498509645,2.552495241
16:26:05,2.554816484,3.498154163,2.552542686
16:26:05,2.555248022,3.497858524,2.552451372
16:26:05,2.556455851,3.498737812,2.552057981
16:26:05,2.555643559,3.499246836,2.55233717
16:26:05,2.556195974,3.499188185,2.553254604
16:26:05,2.555903435,3.498711586,2.551522255
16:26:05,2.555227995,3.497567415,2.552724123
16:26:05,2.555008888,3.497377634,2.551737309
16:26:05,2.554995298,3.497009754,2.550886393
16:26:05,2.55469799,3.497839689,2.552417278
16:26:05,2.555376291,3.497529745,2.552113533
16:26:05,2.555399179,3.49835825,2.551437616
16:26:05,2.55557704,3.497711182,2.551953316
16:26:05,2.556010962,3.498733997,2.551675081
16:26:05,2.555267096,3.498454332,2.551971436
16:26:05,2.555866241,3.49881959,2.552915096
16:26:05,2.556552887,3.498490095,2.553379297
16:26:05,2.556182623,3.498402596,2.552601814
16:26:05,2.556765556,3.499374866,2.55245018
16:26:05,2.556049824,3.499055147,2.551983356
16:26:05,2.556234837,3.498786926,2.553438425
16:26:05,2.557225943,3.498798609,2.553940058
16:26:05,2.556491375,3.498028994,2.552349806
16:26:05,2.556429386,3.49917984,2.554326534
16:26:05,2.556195259,3.499593496,2.552730083
16:26:05,2.555965662,3.499690056,2.553420305
16:26:06,2.556322098,3.497957706,2.552325249
16:26:06,2.556607008,3.498673201,2.551572561
16:26:06,2.555607319,3.498226404,2.553461075
16:26:06,2.555627108,3.498492002,2.551546812
16:26:06,2.555550575,3.498604298,2.552167177
16:26:06,2.55566144,3.498250723,2.553158522
16:26:06,2.556539774,3.498427391,2.553970575
16:26:06,2.556246758,3.498181581,2.552927732
16:26:06,2.556025505,3.499572992,2.552774906
16:26:06,2.555892944,3.49863553,2.553074598
16:26:06,2.556402683,3.499321938,2.5539608
16:26:06,2.560007095,3.50228548,2.555123568
16:26:06,2.558268785,3.501354933,2.555203438
16:26:06,2.558731318,3.500675678,2.553636789
16:26:06,2.558489561,3.500979185,2.555021524
16:26:06,2.55772543,3.501392365,2.554913759
16:26:06,2.557976723,3.502306223,2.553771019
16:26:06,2.558950424,3.502128839,2.553717375
16:26:06,2.559132338,3.502292633,2.555214643
16:26:06,2.558951139,3.502486944,2.55512476
16:26:06,2.558917046,3.502671719,2.555745602
16:26:06,2.558898926,3.501331568,2.555149794
16:26:06,2.559125185,3.501857519,2.554596424
16:26:06,2.558163643,3.502723932,2.554467916
16:26:06,2.55879283,3.502467632,2.554806471
16:26:06,2.557629108,3.501923323,2.555096388
16:26:06,2.55718255,3.501349926,2.555280685
16:26:06,2.558671713,3.502322435,2.554451704
16:26:06,2.558406591,3.502131939,2.555642366
16:26:06,2.558690548,3.501845837,2.554903746
16:26:06,2.557960749,3.501557827,2.554602861
16:26:06,2.558669806,3.502189636,2.554824352
16:26:06,2.558249235,3.502161503,2.555305243
16:26:06,2.558831692,3.502444029,2.555481195
16:26:06,2.558228254,3.501528502,2.55537796
16:26:06,2.558851957,3.501543045,2.55448842
16:26:06,2.558707952,3.501352549,2.555282116
16:26:06,2.558826923,3.502538443,2.555067778
16:26:06,2.558904409,3.502738476,2.554841042
16:26:06,2.558476925,3.501689911,2.555474043
16:26:06,2.558638811,3.502197981,2.55475688
16:26:06,2.558826923,3.501922131,2.554665804
16:26:06,2.557780504,3.501107216,2.554140568
16:26:06,2.557928324,3.501847744,2.554405689
16:26:06,2.558495522,3.502020359,2.555508852
16:26:06,2.557534218,3.500742435,2.554354906
16:26:06,2.558877707,3.501353025,2.555172443
16:26:06,2.558312178,3.501413107,2.554727316
16:26:06,2.558508635,3.50178504,2.55479598
16:26:06,2.558114529,3.502302885,2.555786133
16:26:06,2.559166431,3.50205183,2.555105448
16:26:06,2.558514595,3.501330376,2.554647923
16:26:06,2.557960749,3.501241207,2.554914951
16:26:06,2.558086395,3.501719952,2.554979324
16:26:06,2.558933973,3.502322435,2.555071354
16:26:06,2.559229851,3.502295732,2.554600239
16:26:06,2.557917356,3.501060724,2.555581808
16:26:06,2.558741331,3.502707481,2.555669069
16:26:06,2.558647394,3.501814365,2.555067062
16:26:06,2.558579922,3.500710964,2.554557085
16:26:06,2.558461666,3.501028538,2.554818392
16:26:06,2.557846308,3.502273083,2.555402517
16:26:06,2.558773756,3.502609015,2.555533409
16:26:06,2.558365107,3.500842094,2.554071665
16:26:06,2.557987452,3.501153469,2.555328369
16:26:06,2.557546377,3.500817537,2.555153131
16:26:06,2.558232307,3.500501633,2.553154707
16:26:06,2.558379173,3.501629591,2.55404067
16:26:06,2.557675362,3.50061655,2.55541563
16:26:06,2.559061766,3.501502275,2.555012941
16:26:06,2.558000326,3.501235008,2.556446075
16:26:06,2.558778763,3.501924038,2.554520845
16:26:06,2.558840752,3.501358986,2.555893183
16:26:06,2.557730913,3.502085209,2.55468154
16:26:06,2.559293985,3.503094435,2.556287289
16:26:06,2.559651613,3.503330946,2.55619812
16:26:06,2.559102535,3.502367735,2.555198669
16:26:06,2.56015563,3.502793789,2.556805849
16:26:06,2.559012651,3.502672434,2.555526972
16:26:06,2.559007406,3.502534866,2.555909157
16:26:06,2.558882475,3.50238061,2.555696011
16:26:06,2.558619976,3.501535177,2.555152655
16:26:06,2.557828188,3.501461983,2.555146456
16:26:06,2.558557272,3.502229452,2.554750443
16:26:06,2.55747366,3.50019145,2.555216551
16:26:06,2.558135033,3.502150774,2.554183722
16:26:06,2.557769775,3.501379728,2.554687023
16:26:06,2.557777882,3.501516819,2.555021524
16:26:06,2.557874441,3.503390074,2.55606389
16:26:06,2.558600187,3.501950026,2.554648638
16:26:06,2.557575703,3.501415491,2.554638624
16:26:06,2.55743885,3.500831127,2.554448128
16:26:06,2.557247162,3.501788855,2.55508399
16:26:06,2.558639288,3.501883745,2.555134058
16:26:06,2.558344126,3.501349211,2.554888487
16:26:06,2.558804035,3.503320217,2.556867361
16:26:06,2.559226274,3.503179789,2.555175781
16:26:06,2.558526993,3.502258778,2.556587458
16:26:06,2.559477091,3.501333237,2.554824352
16:26:06,2.558645248,3.502027512,2.555043936
16:26:06,2.558676243,3.502710819,2.554537535
16:26:06,2.557778597,3.502430439,2.555091143
16:26:06,2.559052944,3.50239706,2.554225445
16:26:06,2.558433294,3.502239227,2.555789948
16:26:06,2.559202909,3.50285697,2.556565046
16:26:06,2.557563782,3.501826048,2.555261374
16:26:06,2.557275772,3.500438213,2.554416418
16:26:06,2.557090759,3.501439333,2.555164576
16:26:06,2.559147358,3.502492189,2.554636717
16:26:06,2.55789423,3.50157094,2.555284739
16:26:06,2.558063745,3.502194643,2.554927111
16:26:06,2.558126688,3.502556324,2.555575848
16:26:06,2.558393955,3.501790524,2.555121422
16:26:06,2.558345318,3.501991034,2.55529952
16:26:06,2.558905125,3.501032114,2.554969311
16:26:06,2.55822587,3.501333237,2.554188967
16:26:07,2.559033632,3.502203703,2.554286957
16:26:07,2.558047295,3.501860142,2.554062366
16:26:07,2.557415009,3.500741005,2.554316759
16:26:07,2.558526278,3.500542164,2.554579735
16:26:07,2.558188677,3.500037193,2.554467201
16:26:07,2.557976723,3.501097441,2.555215359
16:26:07,2.557786942,3.501050949,2.554856777
16:26:07,2.557085991,3.500530243,2.553098679
16:26:07,2.558063745,3.500657558,2.553981781
16:26:07,2.557612419,3.500762463,2.554691076
16:26:07,2.557924509,3.501156092,2.554136515
16:26:07,2.557071924,3.500324726,2.55417943
16:26:07,2.557239294,3.499896049,2.55475688
16:26:07,2.557578802,3.501330376,2.55431962
16:26:07,2.556794405,3.500071526,2.555309296
16:26:07,2.557688475,3.500540733,2.555977106
16:26:07,2.557952881,3.50235796,2.554416418
16:26:07,2.557333231,3.500489712,2.554700136
16:26:07,2.557967663,3.501096725,2.553712606
16:26:07,2.558243752,3.501364231,2.555505037
16:26:07,2.557402372,3.500794411,2.553985357
16:26:07,2.557169199,3.499715328,2.554621935
16:26:07,2.557307482,3.499889612,2.554192066
16:26:07,2.55820322,3.50068903,2.554381847
16:26:07,2.557411432,3.501345158,2.554247856
16:26:07,2.556944609,3.5000875,2.556131124
16:26:07,2.558041096,3.501089334,2.5543859
16:26:07,2.557418346,3.500394821,2.554577112
16:26:07,2.557933569,3.500478029,2.55467701
16:26:07,2.557525158,3.500217915,2.554550648
16:26:07,2.55771637,3.499733686,2.554655313
16:26:07,2.558204651,3.501284599,2.554410458
16:26:07,2.558247566,3.501717806,2.55488801
16:26:07,2.558005095,3.501500368,2.556254864
16:26:07,2.558531046,3.501015186,2.556015491
16:26:07,2.558082581,3.499983549,2.553314686
16:26:07,2.558086395,3.500217199,2.556044817
16:26:07,2.557910681,3.501377106,2.555093765
16:26:07,2.559096575,3.502104044,2.554906607
16:26:07,2.558229685,3.501165867,2.554803371
16:26:07,2.558500528,3.502358675,2.555345535
16:26:07,2.558459759,3.502788544,2.556452036
16:26:07,2.557997942,3.501564503,2.555282831
16:26:07,2.558145046,3.50129056,2.554935455
16:26:07,2.558956623,3.501887321,2.556882381
16:26:07,2.558233023,3.500947237,2.556130648
16:26:07,2.558948755,3.50157094,2.555689573
16:26:07,2.557641745,3.50180316,2.554795265
16:26:07,2.557380438,3.500469685,2.55467844
16:26:07,2.556998253,3.500358582,2.554399252
16:26:07,2.557175875,3.500921249,2.554461956
16:26:07,2.557335854,3.499558926,2.552668571
16:26:07,2.557150126,3.500590324,2.554400444
16:26:07,2.55765295,3.500399828,2.554410458
16:26:07,2.557847261,3.501379013,2.554807186
16:26:07,2.557956934,3.501420975,2.554884672
16:26:07,2.558029652,3.500031948,2.553746462
16:26:07,2.558095455,3.501332283,2.554056644
16:26:07,2.557775021,3.50156188,2.553028822
16:26:07,2.558665752,3.500669479,2.554851055
16:26:07,2.558173418,3.501582146,2.555178165
16:26:07,2.557920456,3.50023675,2.554970026
16:26:07,2.558110714,3.501626015,2.554588795
16:26:07,2.558322191,3.502461672,2.555082321
16:26:07,2.558036804,3.502117872,2.555371284
16:26:07,2.558248758,3.502098799,2.555674314
16:26:07,2.559156179,3.501218796,2.555091619
16:26:07,2.557647705,3.501065969,2.553717375
16:26:07,2.558051825,3.501307249,2.554498911
16:26:07,2.55721426,3.501619816,2.554884672
16:26:07,2.558804035,3.502078056,2.555222511
16:26:07,2.558023691,3.501177549,2.555211782
16:26:07,2.558270693,3.501077175,2.554468632
16:26:07,2.557752609,3.502031803,2.555213451
16:26:07,2.558137178,3.502593279,2.555661917
16:26:07,2.558261395,3.502232552,2.555871964
16:26:07,2.559247971,3.50203681,2.555392027
16:26:07,2.558549404,3.501416206,2.555477142
16:26:07,2.558917761,3.50161624,2.554713249
16:26:07,2.559183836,3.502557278,2.555516243
16:26:07,2.558831692,3.503270388,2.556187391
16:26:07,2.559531212,3.503118038,2.55523324
16:26:07,2.558733702,3.502536058,2.555385351
16:26:07,2.559221983,3.501135111,2.554876804
16:26:07,2.559297562,3.503348112,2.554667234
16:26:07,2.558758736,3.502748251,2.555940866
16:26:07,2.558861971,3.50289607,2.556217194
16:26:07,2.558898449,3.502055883,2.554722548
16:26:07,2.558267355,3.501993179,2.55512929
16:26:07,2.558259964,3.501479626,2.555361509
16:26:07,2.557750702,3.501280069,2.554501057
16:26:07,2.558226585,3.500955105,2.55521059
16:26:07,2.558773756,3.500496387,2.553572655
16:26:07,2.558550596,3.501326084,2.55393362
16:26:07,2.558707237,3.500442266,2.554716587
16:26:07,2.558330297,3.501648664,2.555272818
16:26:07,2.558201313,3.502295256,2.554846764
16:26:07,2.558180094,3.501781225,2.554215908
16:26:07,2.558879852,3.502117872,2.556279421
16:26:07,2.558283806,3.501821041,2.553583145
16:26:07,2.558073759,3.501795292,2.554790735
16:26:07,2.558113337,3.502282858,2.555356264
16:26:07,2.558321476,3.502461672,2.556345463
16:26:07,2.558967113,3.50273633,2.555713415
16:26:07,2.558172226,3.50239563,2.555323839
16:26:07,2.559735537,3.502913713,2.555351496
16:26:07,2.558528423,3.502598524,2.555508852
16:26:07,2.558005095,3.502672434,2.554995775
16:26:07,2.558910847,3.502569914,2.554574013
16:26:07,2.558922052,3.501643419,2.554733276
16:26:07,2.558321476,3.501386881,2.554275513
16:26:07,2.558813095,3.502072096,2.555563211
16:26:07,2.55888319,3.501456261,2.555617332
16:26:07,2.558053255,3.500962973,2.554748297
16:26:07,2.557415724,3.499976397,2.554761648
16:26:08,2.558999538,3.502397537,2.555362225
16:26:08,2.55812335,3.501468658,2.555692434
16:26:08,2.559150696,3.502496719,2.555899858
16:26:08,2.558361769,3.502527952,2.555498362
16:26:08,2.559984446,3.502662659,2.555536747
16:26:08,2.559243679,3.501338005,2.555169821
16:26:08,2.558476925,3.502494097,2.555315733
16:26:08,2.558618307,3.50273633,2.555879831
16:26:08,2.55866003,3.502440929,2.5539608
16:26:08,2.557627916,3.500367165,2.55466485
16:26:08,2.557378054,3.501088381,2.554283381
16:26:08,2.556867838,3.500643253,2.554021597
16:26:08,2.557430267,3.500527143,2.554055214
16:26:08,2.557818174,3.500932932,2.555388451
16:26:08,2.557128191,3.500217199,2.554132223
16:26:08,2.55729866,3.50049448,2.553265095
16:26:08,2.556970358,3.49992609,2.554624796
16:26:08,2.55786705,3.5020051,2.555299997
16:26:08,2.559058189,3.501327038,2.555217266
16:26:08,2.558366537,3.502330542,2.556295872
16:26:08,2.558403969,3.501685858,2.554691076
16:26:08,2.558420181,3.501626492,2.554997921
16:26:08,2.558017015,3.501333237,2.554874897
16:26:08,2.558615685,3.502404213,2.55429697
16:26:08,2.557452202,3.501570225,2.555389166
16:26:08,2.558505774,3.502342701,2.555020809
16:26:08,2.55888176,3.501505852,2.555602789
16:26:08,2.559421062,3.502537727,2.55464983
16:26:08,2.557551384,3.501376629,2.554294825
16:26:08,2.558462381,3.500804186,2.555146456
16:26:08,2.559658766,3.502319574,2.556795359
16:26:08,2.558493376,3.501912355,2.554569244
16:26:08,2.558313608,3.501795292,2.555983067
16:26:08,2.558042049,3.502215624,2.553930283
16:26:08,2.557828188,3.501507044,2.554572344
16:26:08,2.558480024,3.500840902,2.554577589
16:26:08,2.557323217,3.499853849,2.554754972
16:26:08,2.557927608,3.500629902,2.554165602
16:26:08,2.557160854,3.501194477,2.554989815
16:26:08,2.557499647,3.501256466,2.554917812
16:26:08,2.558532238,3.501586199,2.555307865
16:26:08,2.557567596,3.500878572,2.555491686
16:26:08,2.557947874,3.500261784,2.554293394
16:26:08,2.556799889,3.500215769,2.555270195
16:26:08,2.557083845,3.50047636,2.55413866
16:26:08,2.557162046,3.501907587,2.554880857
16:26:08,2.558349371,3.501467228,2.554452181
16:26:08,2.558099031,3.500665903,2.554222584
16:26:08,2.5575037,3.501255751,2.554584265
16:26:08,2.557884216,3.501302719,2.55412674
16:26:08,2.557325363,3.500533581,2.554593086
16:26:08,2.557884932,3.501594305,2.554840326
16:26:08,2.557586193,3.501134634,2.554774761
16:26:08,2.55739069,3.50024581,2.552921295
16:26:08,2.556409597,3.499738932,2.554226398
16:26:08,2.556874514,3.500687122,2.553739309
16:26:08,2.557106495,3.498835802,2.554574013
16:26:08,2.556861401,3.499953747,2.554769516
16:26:08,2.556755066,3.499971628,2.553087234
16:26:08,2.556906939,3.498772621,2.553191662
16:26:08,2.557612419,3.500657558,2.554220676
16:26:08,2.557843208,3.50057745,2.554186821
16:26:08,2.556910992,3.500596285,2.554443359
16:26:08,2.557998657,3.500768423,2.555515051
16:26:08,2.557960272,3.50191927,2.554283381
16:26:08,2.55811882,3.501534462,2.554538727
16:26:08,2.558788061,3.501401424,2.553661108
16:26:08,2.557407856,3.500688314,2.553757906
16:26:08,2.556705475,3.500507355,2.554014444
16:26:08,2.556943417,3.500721931,2.553514242
16:26:08,2.558022022,3.501458168,2.553988457
16:26:08,2.558367014,3.501497269,2.55723691
16:26:08,2.558726549,3.501691103,2.55569005
16:26:08,2.558879137,3.501167774,2.556282282
16:26:08,2.558504581,3.502181768,2.555076838
16:26:08,2.557350874,3.500959635,2.55444169
16:26:08,2.559127569,3.501536846,2.555008888
16:26:08,2.558157682,3.502198935,2.555494308
16:26:08,2.558055401,3.501821041,2.554380178
16:26:08,2.558065176,3.501484394,2.555143833
16:26:08,2.558216572,3.501230478,2.554503202
16:26:08,2.558271408,3.501129866,2.55418539
16:26:08,2.558522463,3.502032995,2.554932833
16:26:08,2.558299541,3.50144434,2.554651737
16:26:08,2.558115959,3.501656532,2.555388451
16:26:08,2.55728364,3.501744032,2.554265499
16:26:08,2.558099747,3.502105236,2.555525541
16:26:08,2.557721615,3.501232862,2.554191589
16:26:08,2.558758736,3.502092838,2.555516958
16:26:08,2.558672428,3.501492739,2.554737806
16:26:08,2.558063745,3.5014503,2.55406785
16:26:08,2.558334112,3.501527071,2.554902554
16:26:08,2.558256388,3.5026443,2.555466175
16:26:08,2.558864594,3.501366138,2.55371666
16:26:08,2.557974815,3.501840591,2.554508924
16:26:08,2.557848454,3.5006392,2.555123568
16:26:08,2.557611942,3.500831842,2.553892851
16:26:08,2.558101654,3.501394272,2.553969145
16:26:08,2.557570457,3.500720978,2.554668427
16:26:08,2.559031248,3.500212431,2.554600239
16:26:08,2.557556868,3.501062155,2.554399967
16:26:08,2.556937218,3.500299454,2.554538727
16:26:08,2.557984591,3.501312017,2.553812027
16:26:08,2.558309078,3.501557112,2.555296659
16:26:08,2.557199001,3.500525236,2.553759098
16:26:08,2.558008432,3.501287222,2.554383278
16:26:08,2.557837725,3.501638174,2.555621386
16:26:08,2.557857037,3.501380444,2.554701805
16:26:08,2.558208466,3.501775265,2.555649281
16:26:08,2.55858779,3.501715183,2.555403233
16:26:08,2.557124376,3.501190186,2.553492069
16:26:08,2.557544708,3.501899719,2.554329395
16:26:08,2.558462858,3.50297308,2.556240559
16:26:08,2.558338881,3.502578259,2.556141853
16:26:08,2.559066772,3.502543926,2.555463314
16:26:08,2.558043957,3.502071381,2.55640769
16:26:08,2.558487177,3.502083778,2.555419683
16:26:08,2.557530642,3.501841784,2.556185007
16:26:08,2.558141708,3.501936913,2.554755688
16:26:09,2.558433771,3.501093388,2.554883957
16:26:09,2.557199001,3.501334667,2.554661036
16:26:09,2.557986021,3.499397039,2.553179741
16:26:09,2.557250023,3.501075983,2.555076838
16:26:09,2.558194876,3.501257896,2.554786682
16:26:09,2.558501482,3.50168252,2.55483675
16:26:09,2.558875322,3.501451015,2.555672407
16:26:09,2.558032751,3.500630856,2.554055214
16:26:09,2.557225943,3.501472473,2.554748297
16:26:09,2.558062553,3.501188755,2.554260492
16:26:09,2.557685375,3.500428677,2.554647923
16:26:09,2.556728601,3.500832558,2.555483341
16:26:09,2.556288481,3.500273705,2.554757833
16:26:09,2.557379961,3.50067997,2.554228544
16:26:09,2.557948828,3.50159955,2.554808617
16:26:09,2.558344126,3.501510143,2.554816484
16:26:09,2.558460951,3.501384974,2.553813934
16:26:09,2.557832718,3.500503063,2.55488205
16:26:09,2.55750823,3.5002563,2.555043221
16:26:09,2.558338165,3.500758648,2.554596901
16:26:09,2.556667805,3.500112772,2.554967403
16:26:09,2.557828188,3.499343634,2.552868843
16:26:09,2.557253838,3.500290871,2.554560423
16:26:09,2.556788683,3.499872208,2.554526091
16:26:09,2.557198524,3.500072241,2.554948092
16:26:09,2.5566957,3.499259472,2.554435492
16:26:09,2.556975842,3.499850988,2.55395484
16:26:09,2.556792021,3.500614643,2.554000378
16:26:09,2.556960583,3.50017333,2.554493904
16:26:09,2.556465626,3.499720573,2.554326534
16:26:09,2.557121038,3.499191523,2.555056572
16:26:09,2.556502581,3.499669313,2.55314517
16:26:09,2.557381392,3.499558926,2.554539442
16:26:09,2.557271004,3.499591351,2.554067135
16:26:09,2.557656765,3.500217199,2.554788828
16:26:09,2.557292938,3.499964237,2.555448771
16:26:09,2.556610346,3.500873089,2.554316044
16:26:09,2.55753994,3.500590801,2.554144621
16:26:09,2.557965279,3.500734568,2.554880857
16:26:09,2.556689501,3.499799013,2.554024935
16:26:09,2.557262421,3.499844551,2.554361343
16:26:09,2.557407856,3.500709772,2.555375814
16:26:09,2.558697701,3.500963449,2.555002928
16:26:09,2.557371378,3.500660658,2.555719137
16:26:09,2.557970524,3.501135111,2.55398345
16:26:09,2.557497501,3.501237631,2.554330349
16:26:09,2.55773139,3.500714302,2.553906441
16:26:09,2.557519674,3.50094533,2.554959297
16:26:09,2.557996511,3.501154661,2.5549891
16:26:09,2.558569908,3.500626802,2.555334806
16:26:09,2.558389187,3.501407146,2.554701805
16:26:09,2.557977915,3.50160408,2.555276871
16:26:09,2.558815479,3.501981974,2.555428982
16:26:09,2.558550119,3.502121449,2.556246281
16:26:09,2.558902979,3.50132966,2.555361032
16:26:09,2.557416439,3.500990868,2.555274963
16:26:09,2.558647394,3.500859737,2.555123568
16:26:09,2.5580585,3.501868486,2.555806637
16:26:09,2.558450222,3.502322435,2.556044817
16:26:09,2.558575869,3.501051664,2.55523181
16:26:09,2.557911396,3.501493454,2.556576252
16:26:09,2.558271408,3.500704288,2.553767681
16:26:09,2.558598995,3.501732588,2.55608654
16:26:09,2.558178186,3.501490593,2.555724621
16:26:09,2.557206154,3.500475645,2.554255247
16:26:09,2.557958126,3.500701189,2.553211451
16:26:09,2.557837248,3.5011096,2.554804802
16:26:09,2.558104038,3.500151873,2.553613424
16:26:09,2.557020426,3.500163555,2.55399251
16:26:09,2.55718565,3.500188589,2.555045843
16:26:09,2.557136297,3.501044512,2.55436039
16:26:09,2.557653666,3.501383305,2.554798603
16:26:09,2.557050943,3.501031399,2.553974628
16:26:09,2.558403492,3.500660658,2.554657221
16:26:09,2.557268381,3.502676249,2.556119204
16:26:09,2.557815552,3.501904964,2.555325031
16:26:09,2.557904243,3.501622438,2.554727316
16:26:09,2.558743715,3.501883745,2.555713415
16:26:09,2.557501793,3.50261426,2.555245161
16:26:09,2.558195591,3.502607822,2.55574441
16:26:09,2.558232307,3.502719879,2.55574894
16:26:09,2.55816102,3.502361059,2.554896593
16:26:09,2.558318138,3.501962423,2.556800365
16:26:09,2.558383703,3.50264883,2.555040836
16:26:09,2.55896306,3.50241065,2.556268215
16:26:09,2.559391975,3.5026443,2.556799412
16:26:09,2.558782816,3.502578259,2.554932117
16:26:09,2.559424877,3.503179789,2.555978537
16:26:09,2.558613539,3.50272584,2.55629468
16:26:09,2.558698893,3.502085209,2.555833817
16:26:09,2.558687687,3.502503395,2.555583
16:26:09,2.558386803,3.502272129,2.554819822
16:26:09,2.557286978,3.501505852,2.555250883
16:26:09,2.558299065,3.502752542,2.555493116
16:26:09,2.55902791,3.502427578,2.555938959
16:26:09,2.55939126,3.502435446,2.555239677
16:26:09,2.559184551,3.502247572,2.555751562
16:26:09,2.558472395,3.501748562,2.556514025
16:26:09,2.559909821,3.502695084,2.555666924
16:26:09,2.558589935,3.503174067,2.55668354
16:26:09,2.55872798,3.501098394,2.555196285
16:26:09,2.558496714,3.501526594,2.555229664
16:26:09,2.558156967,3.502302885,2.556205273
16:26:09,2.559548616,3.503129005,2.556944609
16:26:09,2.559625864,3.502422571,2.556404352
16:26:09,2.558864117,3.502613544,2.556145191
16:26:09,2.559760571,3.503670454,2.55646801
16:26:09,2.559454203,3.503823996,2.556506872
16:26:09,2.55835247,3.503067493,2.55606842
16:26:09,2.558853388,3.502094984,2.555636406
16:26:09,2.557898045,3.50291276,2.555137873
16:26:09,2.558065653,3.502364159,2.554321051
16:26:09,2.55790782,3.502133608,2.55632472
16:26:09,2.558151245,3.502061129,2.555563927
16:26:09,2.559430122,3.503117323,2.555067778
16:26:09,2.559370279,3.503168344,2.556242943
16:26:09,2.559630632,3.503405094,2.557211399
16:26:09,2.559779882,3.503279209,2.556490898
16:26:09,2.558038712,3.503391504,2.555688143
16:26:10,2.559077263,3.502497435,2.556375504
16:26:10,2.559508085,3.501744032,2.555358648
16:26:10,2.558575153,3.501884699,2.555130005
16:26:10,2.55858326,3.502211094,2.555568457
16:26:10,2.559375763,3.50299716,2.556461334
16:26:10,2.559497595,3.502187014,2.556112051
16:26:10,2.558374166,3.502584219,2.555877447
16:26:10,2.558714628,3.501936913,2.55657196
16:26:10,2.558844328,3.502768993,2.555534124
16:26:10,2.557938814,3.502109766,2.555987835
16:26:10,2.556966543,3.50155139,2.555395603
16:26:10,2.557860374,3.501593828,2.555358648
16:26:10,2.557117224,3.500823021,2.55548048
16:26:10,2.558262825,3.502126932,2.555019617
16:26:10,2.558439255,3.501916647,2.554014444
16:26:10,2.557605982,3.501451731,2.555538893
16:26:10,2.558332205,3.501646757,2.555144548
16:26:10,2.557769299,3.501799583,2.554395914
16:26:10,2.557700872,3.500919819,2.555248976
16:26:10,2.558055878,3.501423597,2.555488825
16:26:10,2.557778597,3.501677275,2.554479122
16:26:10,2.558024168,3.502995729,2.554265022
16:26:10,2.55835247,3.502743959,2.555466175
16:26:10,2.559131145,3.50214529,2.554870129
16:26:10,2.558492661,3.501530647,2.556946754
16:26:10,2.559362173,3.50300312,2.55615449
16:26:10,2.559259176,3.50265193,2.556356668
16:26:10,2.559203625,3.501950026,2.554784775
16:26:10,2.558362246,3.501095533,2.555872679
16:26:10,2.558178186,3.501866579,2.554777622
16:26:10,2.558698177,3.50145936,2.555315018
16:26:10,2.557724237,3.50142169,2.555049419
16:26:10,2.558927536,3.502899408,2.555069208
16:26:10,2.557863712,3.501452923,2.556201935
16:26:10,2.557357788,3.501404524,2.554736376
16:26:10,2.558349371,3.501774549,2.55457449
16:26:10,2.557708502,3.501191854,2.55568409
16:26:10,2.558882475,3.502236605,2.556420326
16:26:10,2.558032036,3.502106905,2.555383682
16:26:10,2.558244944,3.501672745,2.555766821
16:26:10,2.558377028,3.501779795,2.554735899
16:26:10,2.557813406,3.500792027,2.554606199
16:26:10,2.558759689,3.502199888,2.55623889
16:26:10,2.558244944,3.501771927,2.556254148
16:26:10,2.558353901,3.501699686,2.554968834
16:26:10,2.559105873,3.502919674,2.555632591
16:26:10,2.558785915,3.502589464,2.555976629
16:26:10,2.558245659,3.5016644,2.555721283
16:26:10,2.557792425,3.501394272,2.555730581
16:26:10,2.558654547,3.501475334,2.554664373
16:26:10,2.559120417,3.502620697,2.556601524
16:26:10,2.558135748,3.501752138,2.55516243
16:26:10,2.557681084,3.501610041,2.554362774
16:26:10,2.557514668,3.501311541,2.554358482
16:26:10,2.557963371,3.501715183,2.554118872
16:26:10,2.557296276,3.500930309,2.555345535
16:26:10,2.558238268,3.501734734,2.554805756
16:26:10,2.557709217,3.502567053,2.555084944
16:26:10,2.559121132,3.500970125,2.554964542
16:26:10,2.557777882,3.501069784,2.555883884
16:26:10,2.557868958,3.501149416,2.554772377
16:26:10,2.557566166,3.500548601,2.554333925
16:26:10,2.559121609,3.50262785,2.554385424
16:26:10,2.558401585,3.501592398,2.554895878
16:26:10,2.559017181,3.50283742,2.556243658
16:26:10,2.559717655,3.503083467,2.555044651
16:26:10,2.560116053,3.503351688,2.556587458
16:26:10,2.559858322,3.50330925,2.555866241
16:26:10,2.559488773,3.502962828,2.55610013
16:26:10,2.558722734,3.502454996,2.554804087
16:26:10,2.557303429,3.501013279,2.554549456
16:26:10,2.558763981,3.502702236,2.556736469
16:26:10,2.557908535,3.502049923,2.555500269
16:26:10,2.558588266,3.501510143,2.555093765
16:26:10,2.558322668,3.501289845,2.555754423
16:26:10,2.558386803,3.501548529,2.555222511
16:26:10,2.558037519,3.501417637,2.553750753
16:26:10,2.558000326,3.500078678,2.555045843
16:26:10,2.558365822,3.501528502,2.55568409
16:26:10,2.55772233,3.501573563,2.555394411
16:26:10,2.557545424,3.501230955,2.555127382
16:26:10,2.558858633,3.50219202,2.555323839
16:26:10,2.55802083,3.501757622,2.555330515
16:26:10,2.558522463,3.501243591,2.555285215
16:26:10,2.557617664,3.500296831,2.554116726
16:26:10,2.557318211,3.500340462,2.555102348
16:26:10,2.558092833,3.500845432,2.554983139
16:26:10,2.557501793,3.501903296,2.555122852
16:26:10,2.557962894,3.501120567,2.555577755
16:26:10,2.559186459,3.50178504,2.555794716
16:26:10,2.558048248,3.500935316,2.555030346
16:26:10,2.557216644,3.501011848,2.554397345
16:26:10,2.5575037,3.501255274,2.555358648
16:26:10,2.558297873,3.500543356,2.553772688
16:26:10,2.557870865,3.499147177,2.553919554
16:26:10,2.557806015,3.500885725,2.554365635
16:26:10,2.558034658,3.500966787,2.556321859
16:26:10,2.558378458,3.500387192,2.553774118
16:26:10,2.557688475,3.501003504,2.553504467
16:26:10,2.558002949,3.501043081,2.555081129
16:26:10,2.557125092,3.501091957,2.554645777
16:26:10,2.557697296,3.500566483,2.554081202
16:26:10,2.55747366,3.500729322,2.555221319
16:26:10,2.558380365,3.501278639,2.553581715
16:26:10,2.557678699,3.501036644,2.555257082
16:26:10,2.557692528,3.50070858,2.554579735
16:26:10,2.557952166,3.50121212,2.554587126
16:26:10,2.557483196,3.50067997,2.554303408
16:26:10,2.557962894,3.500946522,2.5544765
16:26:10,2.558227539,3.501240253,2.554624796
16:26:10,2.557816744,3.50018239,2.555058479
16:26:10,2.557184935,3.500449419,2.553907156
16:26:10,2.557281733,3.500379562,2.554855585
16:26:10,2.55809164,3.502182245,2.554358959
16:26:10,2.557971954,3.50129199,2.55384326
16:26:10,2.556845427,3.500252008,2.554044485
16:26:11,2.558017731,3.499340057,2.554834366
16:26:11,2.557735443,3.500721931,2.554301262
16:26:11,2.557266951,3.500136137,2.554549932
16:26:11,2.558065653,3.500462294,2.554325819
16:26:11,2.557945728,3.501236916,2.555278778
16:26:11,2.557566166,3.500482798,2.553626537
16:26:11,2.556900978,3.501368046,2.55471921
16:26:11,2.557886839,3.501095533,2.555142641
16:26:11,2.557203054,3.500603437,2.554700851
16:26:11,2.557998657,3.500351429,2.553634167
16:26:11,2.5573318,3.499713421,2.554237843
16:26:11,2.557047844,3.500169754,2.552896738
16:26:11,2.557074785,3.500024557,2.554744244
16:26:11,2.557263851,3.500607967,2.553385258
16:26:11,2.556557417,3.499607801,2.554119587
16:26:11,2.556680202,3.500343323,2.553700924
16:26:11,2.556242466,3.499091148,2.553627491
16:26:11,2.556836128,3.500940084,2.554055214
16:26:11,2.556863308,3.499755859,2.554622889
16:26:11,2.556743622,3.499667883,2.553854942
16:26:11,2.557093859,3.499328375,2.554172277
16:26:11,2.557272196,3.500692129,2.553542376
16:26:11,2.557868958,3.501268864,2.553976536
16:26:11,2.557459354,3.500873089,2.554002523
16:26:11,2.558086395,3.501120567,2.554643154
16:26:11,2.557422876,3.500915766,2.554507732
16:26:11,2.557215452,3.500972748,2.553351641
16:26:11,2.557854652,3.500088692,2.552535534
16:26:11,2.557612419,3.500901699,2.554774761
16:26:11,2.557271719,3.500382423,2.554229975
16:26:11,2.556956053,3.500089169,2.554819345
16:26:11,2.55757308,3.499825716,2.553549528
16:26:11,2.55663228,3.499834776,2.553509712
16:26:11,2.557498217,3.499680996,2.554904461
16:26:11,2.55787611,3.500550508,2.554079771
16:26:11,2.557892084,3.500662088,2.554652452
16:26:11,2.557846308,3.501668215,2.553174973
16:26:11,2.557163954,3.500093222,2.554521561
16:26:11,2.558593035,3.501127481,2.552721977
16:26:11,2.557738781,3.502166748,2.554111481
16:26:11,2.558092594,3.500864267,2.555256367
16:26:11,2.557553768,3.501249313,2.555122852
16:26:11,2.557385921,3.500991583,2.554366827
16:26:11,2.557691097,3.501332998,2.554526806
16:26:11,2.557874918,3.501217365,2.555616617
16:26:11,2.557722807,3.501960516,2.55531311
16:26:11,2.55841136,3.500585794,2.554702759
16:26:11,2.557917833,3.501251221,2.55412674
16:26:11,2.558374166,3.501163721,2.554932117
16:26:11,2.557331085,3.50105238,2.554249048
16:26:11,2.557828188,3.501060724,2.554766893
16:26:11,2.55820322,3.500214577,2.555737019
16:26:11,2.558238983,3.50035429,2.554816961
16:26:11,2.558283329,3.500920534,2.55502677
16:26:11,2.557193279,3.501274824,2.553746462
16:26:11,2.558187485,3.501544237,2.553628683
16:26:11,2.55721426,3.500241518,2.55365324
16:26:11,2.557514429,3.499976873,2.554069996
16:26:11,2.557415009,3.500404358,2.553593159
16:26:11,2.558440447,3.500357389,2.553828955
16:26:11,2.556831598,3.500152588,2.552917004
16:26:11,2.556937933,3.500133514,2.55368948
16:26:11,2.557156086,3.49916029,2.553330421
16:26:11,2.557391882,3.500055313,2.554478645
16:26:11,2.557064056,3.500983953,2.554403782
16:26:11,2.557496309,3.501443863,2.554795265
16:26:11,2.556973219,3.499994755,2.553009033
16:26:11,2.556359768,3.500396967,2.553961277
16:26:11,2.556562901,3.501878262,2.555682421
16:26:11,2.55823493,3.500983238,2.554127455
16:26:11,2.557312727,3.500797987,2.555126667
16:26:11,2.557574987,3.500329971,2.554320335
16:26:11,2.557195663,3.499961853,2.552489281
16:26:11,2.556141376,3.499693155,2.554146528
16:26:11,2.557783604,3.500381708,2.554151297
16:26:11,2.558095455,3.500117302,2.555298805
16:26:11,2.558228254,3.500993013,2.55585146
16:26:11,2.55714345,3.501587868,2.553961277
16:26:11,2.557480335,3.500628233,2.554262877
16:26:11,2.558225155,3.501835823,2.554086447
16:26:11,2.557955027,3.501157284,2.55471158
16:26:11,2.557321787,3.501552105,2.554403782
16:26:11,2.557796955,3.501635075,2.554419041
16:26:11,2.557146072,3.500940084,2.553824425
16:26:11,2.557832718,3.500653028,2.555155277
16:26:11,2.558135748,3.501016378,2.55523181
16:26:11,2.557813406,3.500802517,2.55489254
16:26:11,2.558114052,3.500672579,2.554713249
16:26:11,2.557382584,3.500528097,2.553816557
16:26:11,2.557969332,3.500353098,2.553259134
16:26:11,2.556616306,3.500376225,2.554893255
16:26:11,2.556851387,3.500024557,2.554767609
16:26:11,2.557429552,3.500394821,2.554867268
16:26:11,2.557499647,3.500927687,2.555326462
16:26:11,2.557097197,3.501093864,2.555955887
16:26:11,2.557433605,3.500873804,2.554816961
16:26:11,2.556720734,3.499664307,2.555030823
16:26:11,2.558270693,3.50049758,2.554413795
16:26:11,2.557892799,3.50014329,2.554253817
16:26:11,2.55709815,3.501624584,2.555909872
16:26:11,2.558790445,3.500786066,2.555060625
16:26:11,2.558053255,3.501386881,2.555640697
16:26:11,2.558469534,3.501041889,2.554101706
16:26:11,2.559225559,3.500888348,2.554587126
16:26:11,2.558388472,3.50155592,2.555207968
16:26:11,2.559467793,3.502845049,2.555703878
16:26:11,2.558467388,3.503302574,2.555768728
16:26:11,2.558536768,3.502778769,2.556413651
16:26:11,2.558673143,3.502796412,2.556037903
16:26:11,2.558403492,3.501897812,2.556006908
16:26:11,2.558427334,3.502358675,2.557092667
16:26:11,2.558531046,3.502120972,2.55471921
16:26:11,2.559578419,3.502878666,2.556894302
16:26:11,2.559470654,3.50309968,2.556155682
16:26:11,2.55902648,3.503657103,2.556311846
16:26:12,2.558319807,3.502012968,2.555586815
16:26:12,2.55887413,3.50229001,2.555782795
16:26:12,2.558611631,3.500391483,2.555227995
16:26:12,2.55816102,3.501001358,2.554632664
16:26:12,2.55847168,3.501082182,2.55506134
16:26:12,2.558735132,3.501544237,2.555434942
16:26:12,2.559094191,3.501891851,2.555607557
16:26:12,2.558693409,3.50178504,2.554680347
16:26:12,2.558344841,3.502418995,2.556006193
16:26:12,2.558733702,3.502132654,2.554870844
16:26:12,2.558707952,3.501079082,2.554631948
16:26:12,2.558957338,3.501499176,2.555681705
16:26:12,2.558549404,3.501273394,2.554227114
16:26:12,2.558189392,3.501396656,2.55475688
16:26:12,2.557145357,3.49937892,2.553944111
16:26:12,2.557593346,3.499613047,2.554733276
16:26:12,2.557748079,3.500557184,2.554503679
16:26:12,2.557882786,3.500277758,2.554219246
16:26:12,2.557594776,3.501033306,2.554274321
16:26:12,2.557979345,3.500809669,2.554780245
16:26:12,2.557132483,3.500325441,2.555142641
16:26:12,2.557727814,3.501115084,2.555007696
16:26:12,2.55888319,3.501436472,2.555701971
16:26:12,2.558679104,3.501754999,2.554822445
16:26:12,2.558185577,3.502251387,2.555672407
16:26:12,2.558087111,3.501090765,2.555194378
16:26:12,2.558351994,3.501559973,2.555079222
16:26:12,2.558581114,3.501628399,2.555295944
16:26:12,2.557873011,3.501587868,2.555418253
16:26:12,2.558180094,3.502076626,2.555349588
16:26:12,2.558728695,3.501814842,2.555202723
16:26:12,2.558075666,3.501055479,2.553982496
16:26:12,2.558694839,3.501461267,2.554944277
16:26:12,2.558509111,3.501800776,2.555484056
16:26:12,2.558423042,3.501335382,2.554716587
16:26:12,2.558195591,3.501096249,2.554804087
16:26:12,2.557800293,3.501463413,2.554317236
16:26:12,2.557558537,3.5009799,2.554360867
16:26:12,2.558854818,3.501185894,2.555562258
16:26:12,2.558718681,3.501050949,2.555580139
16:26:12,2.559342861,3.502579689,2.554942846
16:26:12,2.557734251,3.501909494,2.55559206
16:26:12,2.558416605,3.502384663,2.554314375
16:26:12,2.557278872,3.501371384,2.55436945
16:26:12,2.55841136,3.502162695,2.555936098
16:26:12,2.558059931,3.50121212,2.555793285
16:26:12,2.557345152,3.501046419,2.555137157
16:26:12,2.558120012,3.501148224,2.553981781
16:26:12,2.557490349,3.501543522,2.555379391
16:26:12,2.558511257,3.5017941,2.55502677
16:26:12,2.557874441,3.502147913,2.553994417
16:26:12,2.558299065,3.502184391,2.555136442
16:26:12,2.558400154,3.501961946,2.555341005
16:26:12,2.55855298,3.502120256,2.556102037
16:26:12,2.558712482,3.502697229,2.555599451
16:26:12,2.558820963,3.500958204,2.554753304
16:26:12,2.558309078,3.5018363,2.555075645
16:26:12,2.557614088,3.501876354,2.555824518
16:26:12,2.558184862,3.501303434,2.555074215
16:26:12,2.558605671,3.502020359,2.554868698
16:26:12,2.55808115,3.501433372,2.555392027
16:26:12,2.558138609,3.502351999,2.555492401
16:26:12,2.558571339,3.502127647,2.555054665
16:26:12,2.558934689,3.50203228,2.554781437
16:26:12,2.558065176,3.500983238,2.556227922
16:26:12,2.558875322,3.501921415,2.555028915
16:26:12,2.558238983,3.501828194,2.556048632
16:26:12,2.558466196,3.501176119,2.555603981
16:26:12,2.558173418,3.502320766,2.555245876
16:26:12,2.557518005,3.500566959,2.554109573
16:26:12,2.558533192,3.501389503,2.555213451
16:26:12,2.557426929,3.500460386,2.554665804
16:26:12,2.556688309,3.501051664,2.555030823
16:26:12,2.557416916,3.500858545,2.554684877
16:26:12,2.557612419,3.502206326,2.554429531
16:26:12,2.557209492,3.500813961,2.555326939
16:26:12,2.557617426,3.50167942,2.555083036
16:26:12,2.557773113,3.50097537,2.55534482
16:26:12,2.557970047,3.502358675,2.556297779
16:26:12,2.557983875,3.501091242,2.554510355
16:26:12,2.558221102,3.502179146,2.555250883
16:26:12,2.557945728,3.500544071,2.554958105
16:26:12,2.557890892,3.500481844,2.554593086
16:26:12,2.557501793,3.500632763,2.554787874
16:26:12,2.55834198,3.501548052,2.555792809
16:26:12,2.557834864,3.501231432,2.555151224
16:26:12,2.558174372,3.501531363,2.554309368
16:26:12,2.557995081,3.501272678,2.556513309
16:26:12,2.558499813,3.501296282,2.554879189
16:26:12,2.557948351,3.50202632,2.554837465
16:26:12,2.558443069,3.501521587,2.555510283
16:26:12,2.558544874,3.501660347,2.555706024
16:26:12,2.5580163,3.501722336,2.554872751
16:26:12,2.558484793,3.501212597,2.555553913
16:26:12,2.558333397,3.500815392,2.555829525
16:26:12,2.559024572,3.50277257,2.556150913
16:26:12,2.558790445,3.501527786,2.555844069
16:26:12,2.558253527,3.502118349,2.554617643
16:26:12,2.558324099,3.502015352,2.555541992
16:26:12,2.558412075,3.501394749,2.555509567
16:26:12,2.558324099,3.501055479,2.555167437
16:26:12,2.558237553,3.501470566,2.556408882
16:26:12,2.558549404,3.501395941,2.556008339
16:26:12,2.558819056,3.501521587,2.555434942
16:26:12,2.557969332,3.502361059,2.55649972
16:26:12,2.558686256,3.501092672,2.554450989
16:26:12,2.557962179,3.50097537,2.555608273
16:26:12,2.559147358,3.50119853,2.556055307
16:26:12,2.558632612,3.50168252,2.556593418
16:26:12,2.559633493,3.502155066,2.555776119
16:26:12,2.558904409,3.502500057,2.55575943
16:26:12,2.558715343,3.501484394,2.555303097
16:26:12,2.557420492,3.502088308,2.554654598
16:26:12,2.558153152,3.500409126,2.555004358
16:26:12,2.557631731,3.502296448,2.555730581
16:26:12,2.559035063,3.501685143,2.555381298
16:26:12,2.557812929,3.501305342,2.555887222
16:26:12,2.559226274,3.501209021,2.556045055
16:26:12,2.558986902,3.502290726,2.555352688
16:26:13,2.559010029,3.502670288,2.556215286
16:26:13,2.558428526,3.503264666,2.55651021
16:26:13,2.558822632,3.502816439,2.555348396
16:26:13,2.558835745,3.502298355,2.555509567
16:26:13,2.559409857,3.502167463,2.55689621
16:26:13,2.559257984,3.502234459,2.556320429
16:26:13,2.559268236,3.503057718,2.555836916
16:26:13,2.559508085,3.50252676,2.555489779
16:26:13,2.558074474,3.503177404,2.556048632
16:26:13,2.558641911,3.501792669,2.555636406
16:26:13,2.559035063,3.502810955,2.555707932
16:26:13,2.559779882,3.50201416,2.55596137
16:26:13,2.55910182,3.502714157,2.556225777
16:26:13,2.559025764,3.502295732,2.555665493
16:26:13,2.558260679,3.501245499,2.554660082
16:26:13,2.558586597,3.500768423,2.554814577
16:26:13,2.557673931,3.501644135,2.554020882
16:26:13,2.557281017,3.501904964,2.554750919
16:26:13,2.558640718,3.501336813,2.554293394
16:26:13,2.557573557,3.501945257,2.55585289
16:26:13,2.557460785,3.501705885,2.555381298
16:26:13,2.558313608,3.501055479,2.555182934
16:26:13,2.558030844,3.501636267,2.554759026
16:26:13,2.558007717,3.501277447,2.556010962
16:26:13,2.557209492,3.501071215,2.555059433
16:26:13,2.558641195,3.500934839,2.554661751
16:26:13,2.558679819,3.501368761,2.556054831
16:26:13,2.558314323,3.501945972,2.555342913
16:26:13,2.557512045,3.501138449,2.554894686
16:26:13,2.556616783,3.500795841,2.553696394
16:26:13,2.557237387,3.501644135,2.55475688
16:26:13,2.557888746,3.499902725,2.554949999
16:26:13,2.558487177,3.500778198,2.55512476
16:26:13,2.557294846,3.501079559,2.554046154
16:26:13,2.557272196,3.500571251,2.554461956
16:26:13,2.557314634,3.500857115,2.554022312
16:26:13,2.556946039,3.500626326,2.554931641
16:26:13,2.557314634,3.500212431,2.553375006
16:26:13,2.556827784,3.501012564,2.554262877
16:26:13,2.558041096,3.500384331,2.554112911
16:26:13,2.557704449,3.501287222,2.554049969
16:26:13,2.557850361,3.500198841,2.553492069
16:26:13,2.5570786,3.500742912,2.552860498
16:26:13,2.556335449,3.500718355,2.554700851
16:26:13,2.557964802,3.500534296,2.555564642
16:26:13,2.55837965,3.500355959,2.55317688
16:26:13,2.554692984,3.497426033,2.552032232
16:26:13,2.555067539,3.497314453,2.552372694
16:26:13,2.555498838,3.496974468,2.551637411
16:26:13,2.55507493,3.497138977,2.551331282
16:26:13,2.555659533,3.497064352,2.552294254
16:26:13,2.554274559,3.496361017,2.552386284
16:26:13,2.554540396,3.497526407,2.55283308
16:26:13,2.554763079,3.496294737,2.551245213
16:26:13,2.55527091,3.497739077,2.55116272
16:26:13,2.555646896,3.497404575,2.551540136
16:26:13,2.554729223,3.497048855,2.551833868
16:26:13,2.554737806,3.497542858,2.551458359
16:26:13,2.554858923,3.497452736,2.552489996
16:26:13,2.554754257,3.497437,2.552283049
16:26:13,2.555504799,3.496639729,2.550611019
16:26:13,2.554123402,3.496353149,2.551414251
16:26:13,2.55399251,3.496833563,2.550728798
16:26:13,2.554851532,3.496051311,2.553006649
16:26:13,2.555782557,3.497002363,2.552281857
16:26:13,2.554422617,3.496664524,2.551426411
16:26:13,2.554562807,3.496631145,2.551427841
16:26:13,2.554806471,3.497092485,2.551367521
16:26:13,2.554373264,3.497226,2.551012278
16:26:13,2.553954124,3.496634483,2.551230192
16:26:13,2.5555861,3.497378826,2.552315235
16:26:13,2.555168152,3.497766495,2.551107168
16:26:13,2.555029154,3.49703455,2.55099082
16:26:13,2.555532217,3.497521639,2.551939726
16:26:13,2.555043697,3.496778727,2.551598549
16:26:13,2.554876089,3.496809483,2.552215576
16:26:13,2.555011511,3.496563911,2.551948309
16:26:13,2.556075811,3.497608185,2.553218603
16:26:13,2.555852413,3.498156071,2.552491903
16:26:13,2.555887461,3.497573376,2.551925898
16:26:13,2.555335045,3.49704814,2.551742077
16:26:13,2.554791927,3.497311831,2.55251503
16:26:13,2.555405378,3.497966766,2.552158833
16:26:13,2.554498911,3.49762702,2.552312136
16:26:13,2.555162668,3.497238636,2.551377535
16:26:13,2.555267811,3.498627186,2.551814795
16:26:13,2.555454016,3.497703791,2.552654743
16:26:13,2.555211782,3.497960329,2.553480148
16:26:13,2.555233955,3.497450113,2.552570105
16:26:13,2.555720329,3.497876406,2.553186893
16:26:13,2.555212021,3.498152494,2.552718163
16:26:13,2.555566311,3.497211456,2.551906109
16:26:13,2.556375265,3.498375177,2.551974058
16:26:13,2.554955721,3.498580456,2.551359177
16:26:13,2.555521488,3.499104023,2.552226782
16:26:13,2.556123972,3.498000622,2.552923918
16:26:13,2.556908131,3.498574257,2.552654028
16:26:13,2.556121111,3.498972893,2.553519011
16:26:13,2.556336403,3.49828124,2.553204775
16:26:13,2.555775166,3.498052359,2.552320719
16:26:13,2.555101871,3.497817278,2.552389383
16:26:13,2.555140018,3.497997046,2.552837849
16:26:13,2.555316687,3.498200655,2.552386284
16:26:13,2.555327177,3.49811554,2.553317785
16:26:13,2.556003332,3.498535872,2.551612854
16:26:13,2.556031466,3.497732639,2.552417755
16:26:13,2.55644989,3.497841597,2.551916599
16:26:13,2.555562735,3.498342037,2.552704096
16:26:13,2.555449486,3.497659445,2.552026272
16:26:13,2.555026054,3.497608185,2.551271677
16:26:13,2.555444241,3.498031378,2.551660776
16:26:13,2.554838419,3.497303963,2.552036762
16:26:13,2.555016041,3.496083021,2.552439451
16:26:13,2.555437088,3.497238159,2.551590919
16:26:13,2.555326462,3.497977257,2.553657293
16:26:13,2.555192947,3.497759342,2.552888632
16:26:13,2.555326462,3.497940779,2.552881479
16:26:13,2.555897474,3.498312712,2.552131414
16:26:13,2.55479002,3.498108625,2.551001787
16:26:14,2.555079937,3.497009754,2.552248478
16:26:14,2.55472064,3.497095108,2.55266118
16:26:14,2.554949999,3.497843027,2.551524401
16:26:14,2.555324793,3.497334003,2.553759813
16:26:14,2.555669546,3.49828577,2.552469254
16:26:14,2.555030584,3.497703075,2.551397324
16:26:14,2.555320501,3.497416973,2.552979946
16:26:14,2.555512905,3.497302055,2.552141428
16:26:14,2.555108547,3.497722864,2.552211285
16:26:14,2.55471611,3.497529745,2.552497387
16:26:14,2.556346178,3.498118877,2.55278945
16:26:14,2.5553298,3.49764061,2.552866936
16:26:14,2.555738926,3.498196363,2.551777601
16:26:14,2.554889917,3.496926785,2.551014662
16:26:14,2.555140972,3.496221542,2.552105665
16:26:14,2.55529356,3.497968197,2.551720142
16:26:14,2.555605173,3.497466326,2.552391529
16:26:14,2.554847002,3.497278452,2.551139593
16:26:14,2.555059671,3.497430563,2.552391529
16:26:14,2.555872917,3.497801065,2.552501678
16:26:14,2.554161072,3.497851372,2.550811291
16:26:14,2.554595709,3.496943235,2.5514431
16:26:14,2.554480791,3.497921705,2.551921368
16:26:14,2.555518866,3.498447418,2.551483393
16:26:14,2.554266214,3.49673295,2.552863359
16:26:14,2.555380821,3.496666431,2.551527739
16:26:14,2.554835081,3.49697113,2.552852392
16:26:14,2.554406643,3.496449232,2.551787376
16:26:14,2.554951191,3.4968853,2.551753283
16:26:14,2.555217028,3.497421503,2.550915956
16:26:14,2.554653883,3.497050285,2.551146269
16:26:14,2.554992914,3.497733355,2.552606106
16:26:14,2.555528164,3.497090816,2.55168128
16:26:14,2.553964853,3.496183872,2.552001238
16:26:14,2.555330515,3.49719429,2.552392244
16:26:14,2.554887772,3.497381449,2.550841808
16:26:14,2.5548172,3.497579575,2.551765203
16:26:14,2.554567337,3.497721672,2.552714825
16:26:14,2.555624485,3.497142553,2.551973104
16:26:14,2.554960012,3.496720076,2.551922321
16:26:14,2.554598331,3.496572495,2.55225563
16:26:14,2.555916548,3.498224497,2.551173925
16:26:14,2.555573463,3.497869015,2.552261114
16:26:14,2.554747581,3.496639729,2.552330017
16:26:14,2.55597806,3.498595238,2.55371809
16:26:14,2.555368185,3.497083902,2.552718639
16:26:14,2.555608034,3.49802494,2.551013708
16:26:14,2.555405378,3.497765303,2.55135107
16:26:14,2.554708004,3.496949673,2.551518202
16:26:14,2.555286884,3.497678995,2.55227232
16:26:14,2.555761099,3.498234749,2.553110838
16:26:14,2.555283546,3.498231173,2.55258584
16:26:14,2.55598259,3.497591019,2.552175045
16:26:14,2.555585384,3.497229576,2.551704407
16:26:14,2.554630995,3.497147322,2.551927805
16:26:14,2.555498362,3.497899532,2.552349806
16:26:14,2.55562067,3.498020887,2.553126097
16:26:14,2.555067062,3.497390032,2.553048611
16:26:14,2.554862499,3.497100592,2.552032232
16:26:14,2.554839849,3.497083426,2.552376747
16:26:15,2.555236816,3.497507572,2.552675247
16:26:15,2.555666208,3.49782896,2.552084684
16:26:15,2.556181669,3.497491121,2.551903248
16:26:15,2.555352926,3.498165846,2.552478313
16:26:15,2.555325747,3.497919798,2.552333832
16:26:15,2.554855347,3.497436523,2.552888632
16:26:15,2.555082083,3.498401403,2.552277565
16:26:15,2.555088043,3.497339249,2.553095102
16:26:15,2.555116653,3.496102571,2.552199602
16:26:15,2.555387497,3.497645855,2.552293539
16:26:15,2.555300236,3.49789691,2.55385685
16:26:15,2.554540396,3.49775815,2.552160501
16:26:15,2.555651665,3.497601271,2.552551746
16:26:15,2.555040598,3.497009039,2.550814152
16:26:15,2.555038929,3.496478081,2.551695585
16:26:15,2.554774761,3.496920109,2.551612854
16:26:15,2.55510664,3.496443272,2.551809311
16:26:15,2.555230141,3.497418642,2.551280975
16:26:15,2.554528952,3.497163057,2.550620079
16:26:15,2.554647923,3.498114824,2.552279472
16:26:15,2.555149555,3.497156382,2.552036285
16:26:15,2.554850101,3.497075558,2.551768303
16:26:15,2.55489707,3.497085333,2.55218029
16:26:15,2.554634094,3.496823072,2.552463293
16:26:15,2.554757833,3.496597528,2.551719427
16:26:15,2.554695606,3.497514248,2.55134201
16:26:15,2.554592371,3.496521711,2.551716805
16:26:15,2.554682493,3.497002363,2.551519632
16:26:35,2.557876825,3.501043081,2.554777622
16:26:35,2.55811286,3.50132966,2.554880857
16:26:35,2.558479548,3.502721786,2.554742575
16:26:35,2.557957649,3.502548218,2.554573059
16:26:35,2.557062149,3.500243187,2.554168463
16:26:35,2.557181835,3.500258207,2.554250956
16:26:35,2.557041168,3.500742912,2.555085659
16:26:35,2.558009148,3.500636101,2.554768085
16:26:35,2.558618307,3.50155592,2.554913759
16:26:35,2.557559013,3.501042604,2.555685282
16:26:35,2.558237553,3.50475049,2.558088779
16:26:35,2.560897589,3.506048203,2.558098793
16:26:35,2.561110258,3.505054474,2.557631254
16:26:35,2.560794592,3.505757093,2.558026075
16:26:35,2.560683012,3.505576372,2.55792594
16:26:35,2.560839415,3.506309748,2.558334112
16:26:35,2.561831951,3.50733614,2.5582726
16:26:35,2.561630487,3.506555557,2.558487415
16:26:35,2.561979771,3.50685668,2.558021069
16:26:35,2.561477184,3.507246733,2.558775187
16:26:35,2.561687946,3.506998777,2.558520079
16:26:36,2.561261892,3.50705409,2.558394909
16:26:36,2.561866999,3.50712347,2.559452534
16:26:36,2.561573029,3.50629878,2.558927536
16:26:36,2.561757326,3.507165194,2.558938742
16:26:36,2.561498404,3.507445097,2.559553623
16:26:36,2.560407162,3.506260633,2.558147669
16:26:36,2.560786247,3.505744934,2.557588816
16:26:36,2.561595201,3.505276203,2.558314323
16:26:36,2.560079575,3.50472188,2.55708003
16:26:36,2.560801268,3.505163431,2.557374477
16:26:36,2.560532093,3.504398823,2.557008743
16:26:36,2.557518721,3.501001358,2.554046869
16:26:36,2.557438374,3.501567841,2.553964615
16:26:36,2.556267977,3.500895023,2.553473473
16:26:36,2.55783534,3.50049448,2.55384326
16:26:36,2.556485415,3.49941206,2.553155184
16:26:36,2.556833744,3.500050068,2.553489208
16:26:36,2.556825638,3.500404358,2.554019451
16:26:36,2.558154821,3.500833511,2.555148363
16:26:36,2.557326078,3.502374887,2.555552006
16:26:36,2.557909012,3.501554012,2.554318666
16:26:36,2.557910681,3.501681805,2.554726362
16:26:36,2.558421373,3.50117898,2.554604292
16:26:36,2.55764699,3.502181768,2.554949045
16:26:36,2.557885647,3.501537561,2.554793358
16:26:36,2.55768919,3.500759363,2.553889275
16:26:36,2.557562351,3.500558376,2.554754972
16:26:36,2.558055401,3.501002789,2.555954456
16:26:36,2.559140205,3.501547337,2.55599761
16:26:36,2.557708502,3.50027442,2.554867983
16:26:36,2.558028221,3.499735594,2.552333355
16:26:36,2.558084249,3.50199461,2.555027485
16:26:36,2.558154821,3.501556635,2.554922819
16:26:36,2.55771637,3.50051713,2.554799795
16:26:36,2.557020426,3.500443459,2.554881334
16:26:36,2.557816029,3.501009703,2.554555416
16:26:36,2.557835817,3.501238346,2.55537796
16:26:36,2.558485985,3.501315117,2.555407763
16:26:36,2.558284521,3.501636982,2.556369305
16:26:36,2.557497501,3.500588894,2.555326939
16:26:36,2.558178186,3.501517296,2.554894686
16:26:36,2.558285236,3.501334667,2.555635214
16:26:36,2.559077978,3.50214386,2.555326462
16:26:36,2.558609486,3.502701759,2.555561781
16:26:36,2.558181524,3.502235889,2.555766106
16:26:36,2.558561325,3.502529383,2.555768251
16:26:36,2.557913303,3.501710176,2.555856705
16:26:36,2.558609486,3.50169611,2.555298805
16:26:36,2.558641195,3.501541138,2.555329084
16:26:36,2.558861971,3.501317263,2.554754972
16:26:36,2.558587313,3.502162218,2.555669785
16:26:36,2.559113979,3.501452923,2.555387974
16:26:36,2.557647705,3.500438929,2.554079771
16:26:36,2.558220387,3.501937628,2.553985357
16:26:36,2.557290792,3.500604868,2.554998636
16:26:36,2.55721879,3.500545979,2.555521488
16:26:36,2.557468414,3.501062632,2.554870129
16:26:36,2.558202744,3.502296448,2.554591417
16:26:36,2.559252501,3.502515316,2.55555582
16:26:36,2.557873726,3.501341343,2.555424929
16:26:36,2.55751729,3.501524687,2.554591417
16:26:36,2.557685375,3.502155066,2.554513693
16:26:36,2.557373285,3.501146317,2.554662466
16:26:36,2.55728364,3.501149893,2.555113554
16:26:36,2.559057713,3.501754999,2.553750992
16:26:36,2.557911396,3.500684738,2.555066586
16:26:36,2.557345152,3.5,2.555119276
16:26:36,2.557811499,3.501133204,2.554257154
16:26:36,2.558320284,3.50084734,2.554083109
16:26:36,2.558285236,3.502052546,2.55520916
16:26:36,2.557734251,3.502108574,2.554433584
16:26:36,2.558135033,3.501610041,2.553385973
16:26:36,2.557100058,3.501785517,2.553622961
16:26:36,2.557370663,3.50066328,2.554679871
16:26:36,2.557122231,3.500086784,2.553542852
16:26:36,2.557883501,3.500529766,2.554366112
16:26:36,2.557339668,3.500396967,2.554261684
16:26:36,2.557392359,3.500029325,2.553658485
16:26:36,2.556576014,3.499937773,2.554245234
16:26:36,2.556995392,3.500848055,2.554567814
16:26:36,2.557766676,3.500757933,2.554186821
16:26:36,2.558230162,3.502158165,2.553304672
16:26:36,2.557175875,3.501555443,2.555508852
16:26:36,2.557779074,3.500793219,2.554209232
16:26:36,2.558573961,3.500854015,2.55526495
16:26:36,2.557663918,3.501667023,2.55543232
16:26:36,2.558830261,3.501869202,2.555640697
16:26:36,2.557551384,3.500820637,2.555014849
16:26:36,2.557786465,3.501358986,2.55506587
16:26:36,2.558322191,3.501019478,2.554753304
16:26:36,2.557970047,3.502305508,2.554738998
16:26:36,2.557257175,3.500872374,2.55422616
16:26:36,2.558403969,3.50074625,2.555737019
16:26:36,2.557878971,3.499887466,2.554218054
16:26:36,2.55725646,3.501137257,2.555085659
16:26:36,2.557679892,3.50087738,2.555615425
16:26:36,2.557656288,3.500961542,2.553955555
16:26:36,2.557671309,3.500911474,2.554018974
16:26:36,2.557659388,3.500292301,2.555040121
16:26:36,2.557995796,3.500478745,2.554690361
16:26:36,2.556697607,3.501348495,2.554657698
16:26:36,2.55764842,3.500856638,2.554968834
16:26:36,2.55804348,3.501744509,2.554042578
16:26:36,2.557490349,3.501635551,2.554046869
16:26:36,2.557883501,3.502157688,2.554496288
16:26:36,2.557980537,3.501462698,2.553697586
16:26:36,2.558102369,3.500557899,2.554652452
16:26:36,2.558036804,3.501347303,2.554876089
16:26:36,2.556922913,3.499971151,2.55420208
16:26:36,2.557697296,3.500677347,2.554036856
16:26:36,2.557375431,3.500311852,2.553518295
16:26:36,2.557426453,3.50097847,2.555123568
16:26:36,2.557774305,3.501046419,2.554794788
16:26:36,2.557529211,3.501472473,2.554938316
16:26:36,2.557824612,3.501105309,2.554249048
16:26:36,2.557975292,3.501193762,2.554381847
16:26:36,2.557512045,3.501855612,2.553529739
16:26:36,2.55771637,3.501535177,2.554034948
16:26:36,2.557465315,3.501806498,2.554873228
16:26:37,2.558275461,3.501731396,2.553883314
16:26:37,2.557261944,3.502063513,2.554807901
16:26:37,2.55681777,3.500768423,2.554700851
16:26:37,2.557700872,3.501177549,2.554874897
16:26:37,2.558560133,3.501427889,2.553733349
16:26:37,2.557189703,3.501486063,2.555247068
16:26:37,2.558109999,3.500132322,2.554467916
16:26:37,2.557989359,3.500355482,2.554990768
16:26:37,2.558027506,3.500771284,2.555670261
16:26:37,2.557765961,3.502109289,2.554868698
16:26:37,2.558019161,3.500658274,2.555272102
16:26:37,2.557798386,3.500600576,2.555310488
16:26:37,2.557745218,3.500910759,2.554672241
16:26:37,2.558638811,3.500593662,2.553596973
16:26:37,2.558744907,3.501407862,2.55564642
16:26:37,2.558759689,3.501744509,2.555540562
16:26:37,2.558270693,3.500461817,2.555169821
16:26:37,2.55786705,3.502000332,2.555127382
16:26:37,2.558238983,3.501934528,2.554785967
16:26:37,2.558475256,3.502239943,2.554513693
16:26:37,2.558048725,3.500656843,2.555005789
16:26:37,2.557930946,3.501860142,2.55537796
16:26:37,2.558398247,3.501535892,2.556489468
16:26:37,2.55816555,3.501733303,2.557235003
16:26:37,2.557997942,3.501237631,2.555081844
16:26:37,2.558405876,3.502276897,2.554489851
16:26:37,2.558913469,3.50261426,2.554799795
16:26:37,2.55772233,3.50173068,2.554662466
16:26:37,2.558743715,3.502036333,2.554396629
16:26:37,2.558162451,3.502083778,2.554979324
16:26:37,2.55822897,3.50176549,2.555366039
16:26:37,2.558321476,3.502214909,2.554977894
16:26:37,2.557341576,3.501811266,2.555185556
16:26:37,2.557344437,3.500606775,2.554241896
16:26:37,2.558248043,3.502566576,2.555282116
16:26:37,2.557941675,3.50141263,2.555334091
16:26:37,2.557806015,3.501475811,2.554796696
16:26:37,2.558437109,3.502048969,2.555171013
16:26:37,2.558026314,3.500967979,2.554743052
16:26:37,2.557798862,3.502022505,2.554975271
16:26:37,2.559117556,3.502545834,2.555602789
16:26:37,2.559224129,3.50215435,2.555428267
16:26:37,2.55731535,3.501073122,2.55433774
16:26:37,2.558774233,3.500863314,2.555558681
16:26:37,2.558229685,3.501050949,2.555066586
16:26:37,2.557034492,3.501188278,2.555971384
16:26:37,2.558366537,3.501788855,2.554839611
16:26:37,2.557781219,3.502184391,2.554596901
16:26:37,2.557989597,3.502201796,2.554041386
16:26:37,2.557530642,3.500947952,2.554528713
16:26:37,2.557158709,3.501224518,2.555473328
16:26:37,2.557903528,3.501469851,2.554854155
16:26:37,2.557434082,3.5006001,2.554650307
16:26:37,2.557786942,3.500883341,2.555170298
16:26:37,2.559438705,3.502684116,2.555993795
16:26:37,2.55900383,3.50217247,2.555500269
16:26:37,2.558757544,3.501928329,2.555383682
16:26:37,2.559001923,3.501464605,2.555373907
16:26:37,2.558136702,3.501550198,2.555589676
16:26:37,2.557296276,3.500479221,2.554675579
16:26:37,2.557529211,3.500234127,2.553032875
16:26:37,2.557583094,3.500341177,2.554029703
16:26:37,2.557743311,3.500971317,2.554020882
16:26:37,2.557002068,3.500025988,2.553934574
16:26:37,2.557494402,3.501113653,2.554395437
16:26:37,2.55779171,3.501156092,2.556400537
16:26:37,2.557508945,3.500457764,2.554486275
16:26:37,2.557065487,3.500225067,2.554868698
16:26:37,2.557424784,3.500983953,2.5543046
16:26:37,2.557468414,3.499726534,2.553952932
16:26:37,2.557996511,3.501986504,2.555951595
16:26:37,2.557542562,3.501510143,2.554395914
16:26:37,2.558132648,3.502095461,2.555549145
16:26:37,2.556740522,3.501177549,2.554411173
16:26:37,2.557709932,3.501180649,2.554811954
16:26:37,2.557378769,3.501035929,2.555998325
16:26:37,2.557860374,3.500412941,2.555306673
16:26:37,2.556762695,3.500306606,2.555336952
16:26:37,2.557549,3.501324892,2.554447412
16:26:37,2.557472706,3.500407457,2.553413153
16:26:37,2.556572676,3.50084281,2.554501057
16:26:37,2.558243752,3.501345158,2.554557085
16:26:37,2.557311058,3.501538754,2.554815292
16:26:37,2.558193445,3.501904011,2.554111004
16:26:38,2.558349848,3.501324177,2.555317879
16:26:38,2.558220387,3.502139807,2.555568457
16:26:38,2.558079958,3.501277924,2.554949999
16:26:38,2.558170319,3.502433777,2.555204153
16:26:38,2.558998108,3.502095461,2.553732634
16:26:38,2.557385921,3.501845837,2.555657864
16:26:38,2.558465481,3.50291276,2.55554986
16:26:38,2.558706045,3.501937628,2.55389142
16:26:38,2.557466507,3.501528502,2.554467201
16:26:38,2.557583094,3.501115084,2.553717375
16:26:38,2.557518721,3.500486612,2.554189444
16:26:38,2.558285952,3.501267672,2.554547071
16:26:38,2.557183266,3.500354767,2.55450964
16:26:38,2.557715178,3.500394106,2.55330801
16:26:38,2.55804944,3.500239372,2.555808306
16:26:38,2.558475256,3.500948668,2.55427289
16:26:38,2.557407141,3.499979496,2.554010868
16:26:38,2.556445837,3.500203371,2.554502487
16:26:38,2.557270288,3.499592066,2.555171013
16:26:38,2.558136702,3.500112057,2.554505348
16:26:38,2.557787657,3.500492573,2.555100203
16:26:38,2.557305574,3.500803471,2.554055929
16:26:38,2.557411432,3.500806093,2.555106163
16:26:38,2.55787611,3.500562191,2.555264235
16:26:38,2.55758357,3.500510931,2.55460763
16:26:38,2.557557821,3.499856234,2.555384398
16:26:38,2.557513714,3.500049353,2.554029942
16:26:38,2.557656288,3.499945879,2.554768085
16:26:38,2.557956219,3.50120163,2.555704594
16:26:38,2.558002949,3.50075531,2.554017782
16:26:38,2.557921648,3.500727415,2.554743528
16:26:38,2.558456898,3.501989841,2.554404974
16:26:38,2.558028221,3.501748562,2.555294037
16:26:38,2.557796955,3.500092268,2.554711819
16:26:38,2.558072329,3.501605034,2.555119276
16:26:38,2.558804035,3.501835823,2.555045843
16:26:38,2.558057308,3.501518011,2.554743528
16:26:38,2.558145046,3.50251174,2.554741144
16:26:38,2.557765961,3.500373125,2.5536201
16:26:38,2.556367159,3.499592066,2.554383278
16:26:38,2.557703257,3.500859022,2.554120302
16:26:38,2.557543993,3.49998498,2.553948164
16:26:38,2.557897329,3.502239943,2.555448055
16:26:38,2.557789564,3.50170207,2.555200815
16:26:38,2.559041739,3.50222683,2.556089401
16:26:38,2.558552265,3.501209736,2.554880857
16:26:38,2.557644844,3.502430439,2.555136442
16:26:38,2.558608532,3.501741171,2.554079056
16:26:38,2.55768466,3.501503229,2.554385424
16:26:58,2.55642128,3.499224663,2.553394079
16:26:58,2.556243658,3.498019457,2.551919222
16:26:58,2.55638361,3.498168468,2.55331707
16:26:58,2.556363344,3.498878241,2.553103447
16:26:58,2.556333542,3.499356985,2.554152727
16:26:58,2.555621862,3.49838233,2.552556515
16:26:58,2.555670738,3.498360872,2.552002668
16:26:58,2.556081533,3.498604774,2.553166628
16:26:58,2.556017637,3.499130726,2.553716183
16:26:58,2.556384325,3.499144316,2.55313468
16:26:58,2.557013988,3.499377251,2.553351641
16:26:58,2.556899786,3.499088526,2.553503513
16:26:58,2.556879997,3.498728037,2.553149939
16:26:58,2.556620359,3.498375893,2.553102255
16:26:58,2.557088137,3.499645472,2.553644657
16:26:58,2.55719614,3.500037193,2.553179741
16:26:58,2.556947947,3.499661684,2.554503202
16:26:58,2.556922197,3.498389482,2.552519083
16:26:58,2.55605793,3.499090195,2.553512573
16:26:58,2.556686401,3.499283314,2.55320859
16:26:58,2.556621552,3.499170065,2.552889585
16:26:58,2.556667089,3.499230862,2.552547455
16:26:58,2.556549549,3.498853683,2.552844286
16:26:58,2.556765556,3.499108553,2.553880692
16:26:58,2.556394339,3.498567104,2.552964211
16:26:58,2.556513786,3.49810648,2.551997185
16:26:58,2.555499792,3.4976933,2.553405046
16:26:58,2.556420565,3.496908426,2.551619768
16:26:58,2.556169033,3.498939514,2.552895069
16:26:58,2.556562901,3.498305321,2.55233717
16:26:58,2.555605173,3.497903347,2.552702188
16:26:58,2.554906845,3.498496056,2.552964926
16:26:58,2.556159019,3.497542143,2.553526878
16:26:58,2.555722237,3.498281956,2.55245018
16:26:58,2.555557728,3.497930765,2.552764893
16:26:58,2.556220531,3.498580456,2.55412674
16:26:58,2.556686878,3.498393536,2.552885294
16:26:58,2.556400776,3.498760939,2.554007053
16:26:58,2.556124687,3.499194145,2.554461479
16:26:58,2.555993319,3.49928093,2.553472519
16:26:58,2.557231426,3.500637293,2.552285433
16:26:58,2.557247639,3.499895334,2.554661751
16:26:58,2.556679487,3.499971151,2.554467916
16:26:58,2.557268381,3.499134064,2.55340004
16:26:58,2.556796789,3.498907089,2.553442955
16:26:58,2.556511879,3.499485254,2.55322814
16:26:58,2.556768179,3.500344038,2.553469419
16:26:58,2.556740522,3.499661684,2.553873062
16:26:58,2.556706667,3.499473333,2.554104805
16:26:58,2.557088614,3.499218941,2.55434227
16:26:58,2.557558537,3.4993577,2.552739143
16:26:58,2.5557971,3.499004126,2.554466009
16:26:58,2.55658865,3.49947834,2.554469347
16:26:58,2.557560444,3.499799728,2.553439617
16:26:58,2.556933403,3.500312567,2.553989887
16:26:58,2.55717063,3.500973225,2.554794073
16:26:59,2.557100773,3.500641823,2.554000854
16:26:59,2.556308985,3.500112057,2.552868843
16:26:59,2.55605793,3.499894857,2.553025723
16:26:59,2.556301832,3.499524117,2.552324057
16:26:59,2.556666613,3.500204802,2.55505991
16:26:59,2.557596922,3.501001358,2.553108215
16:26:59,2.556759119,3.499752045,2.553995848
16:26:59,2.556514502,3.500837088,2.554313183
16:26:59,2.557834864,3.500006437,2.554007053
16:26:59,2.557108402,3.499908686,2.554091215
16:26:59,2.55693078,3.500446796,2.554291487
16:26:59,2.557461977,3.499222755,2.554448128
16:26:59,2.557382107,3.500099182,2.553318977
16:26:59,2.55685401,3.500427961,2.5544765
16:26:59,2.560678244,3.505199194,2.556189537
16:26:59,2.559525967,3.504054308,2.555922747
16:26:59,2.560533524,3.504739046,2.556707144
16:26:59,2.560901642,3.505580902,2.557213068
16:26:59,2.559880733,3.505063534,2.556699276
16:26:59,2.559274197,3.504529953,2.55744791
16:26:59,2.55968976,3.503983259,2.556219339
16:26:59,2.559593439,3.503059864,2.557735682
16:26:59,2.559411049,3.502556324,2.556432724
16:26:59,2.558798552,3.503005028,2.55577302
16:26:59,2.560366392,3.504518747,2.556810141
16:26:59,2.559454203,3.503306627,2.556475878
16:26:59,2.560141087,3.503485203,2.557186842
16:26:59,2.559372187,3.503560305,2.556314945
16:26:59,2.559274197,3.502665281,2.556793928
16:26:59,2.559436083,3.503583908,2.55571866
16:26:59,2.559589863,3.503730536,2.555827379
16:26:59,2.560302973,3.502871513,2.556390524
16:26:59,2.55963707,3.503863096,2.556727171
16:26:59,2.559003353,3.502525091,2.555738449
16:26:59,2.559125662,3.503123045,2.556307316
16:26:59,2.559616566,3.503130198,2.556910515
16:26:59,2.559729576,3.503010988,2.556660414
16:26:59,2.559032917,3.503983974,2.556530237
16:26:59,2.558954716,3.502412081,2.555661917
16:26:59,2.559259176,3.502369642,2.556381226
16:26:59,2.558756351,3.502573967,2.55708766
16:26:59,2.558861494,3.501742363,2.555702686
16:26:59,2.558928013,3.502922297,2.556552649
16:26:59,2.559654951,3.501943588,2.554400444
16:26:59,2.558536768,3.502158642,2.555391312
16:26:59,2.558259249,3.502781153,2.55648303
16:26:59,2.559441566,3.503185272,2.555682898
16:26:59,2.55865097,3.50168705,2.555798531
16:26:59,2.558766842,3.502829075,2.555795193
16:26:59,2.559988022,3.503004551,2.554881334
16:26:59,2.558407545,3.502790451,2.55551219
16:26:59,2.558653355,3.502573967,2.554949999
16:26:59,2.558544874,3.50158143,2.555300713
16:26:59,2.559243679,3.501689196,2.555303097
16:26:59,2.558423758,3.501320601,2.555571079
16:26:59,2.55872941,3.502841949,2.556314468
16:26:59,2.559166431,3.503502846,2.556723833
16:26:59,2.558993578,3.502061129,2.556573629
16:26:59,2.558853388,3.502093554,2.555977821
16:26:59,2.559835196,3.50302124,2.555709362
16:26:59,2.559875727,3.502204418,2.556024313
16:26:59,2.560127258,3.502278805,2.556518793
16:26:59,2.55936265,3.503549099,2.555624723
16:26:59,2.56033349,3.504367352,2.555351496
16:26:59,2.559849024,3.503141403,2.555311918
16:26:59,2.558893204,3.501931906,2.556461334
16:26:59,2.559216976,3.501165152,2.556085825
16:26:59,2.558343172,3.502680063,2.555861235
16:26:59,2.558884382,3.502153158,2.556033373
16:26:59,2.559733629,3.50239706,2.555725098
16:26:59,2.55893755,3.502788544,2.556191444
16:26:59,2.558963776,3.502230167,2.555679798
16:26:59,2.559617281,3.502650738,2.555546761
16:26:59,2.558630705,3.502022505,2.556699753
16:26:59,2.558542967,3.501837969,2.556412935
16:26:59,2.558640718,3.502409935,2.55711937
16:26:59,2.560108185,3.50270915,2.555488825
16:26:59,2.559143543,3.502702236,2.556041956
16:26:59,2.557977915,3.501933813,2.55542016
16:26:59,2.558685541,3.503656387,2.55599761
16:26:59,2.558146954,3.501075983,2.55610013
16:26:59,2.559169292,3.501063347,2.55592823
16:26:59,2.558288097,3.501049757,2.554842234
16:26:59,2.558616877,3.502677679,2.556064606
16:26:59,2.559533119,3.502547026,2.556141138
16:26:59,2.559512138,3.502301216,2.555028915
16:26:59,2.559490442,3.501935005,2.555688143
16:26:59,2.559260845,3.501166344,2.556416273
16:26:59,2.558242083,3.501726389,2.554861307
16:26:59,2.559647799,3.50272727,2.55561018
16:26:59,2.558701992,3.502459049,2.555314541
16:26:59,2.557647705,3.502403498,2.554810524
16:26:59,2.558153868,3.502434254,2.555108786
16:26:59,2.558548689,3.502413511,2.554725885
16:26:59,2.557796001,3.501531363,2.554704666
16:26:59,2.557985306,3.50193119,2.555354118
16:26:59,2.557712317,3.501034021,2.55574131
16:26:59,2.559512854,3.50345993,2.555515051
16:26:59,2.559613705,3.503011703,2.55708766
16:26:59,2.559383631,3.503358841,2.555927753
16:26:59,2.558833599,3.502881765,2.555488348
16:26:59,2.558437109,3.503031731,2.556271553
16:26:59,2.559418917,3.503362417,2.556075096
16:26:59,2.558507919,3.501485825,2.555174351
16:26:59,2.558408737,3.503541946,2.556816339
16:26:59,2.559595346,3.50317812,2.555632591
16:26:59,2.559114456,3.503164291,2.555885792
16:26:59,2.559114933,3.503754139,2.556666136
16:26:59,2.559250593,3.503138065,2.556266069
16:26:59,2.558777332,3.503679514,2.555743694
16:26:59,2.559687138,3.504695177,2.556670904
16:26:59,2.560589075,3.504238605,2.556782722
16:26:59,2.559896708,3.502856255,2.556307793
16:26:59,2.559952021,3.502451897,2.556497812
16:26:59,2.559409142,3.504149437,2.555207968
16:27:00,2.559298754,3.50350523,2.555972576
16:27:00,2.559114933,3.50296855,2.557375908
16:27:00,2.558507919,3.502393723,2.555752993
16:27:00,2.559089899,3.502692461,2.554885387
16:27:00,2.559097052,3.502063036,2.556089401
16:27:00,2.558959723,3.502159357,2.556137323
16:27:00,2.55835247,3.502468109,2.556340218
16:27:00,2.559953451,3.504939556,2.556244135
16:27:00,2.559944868,3.504095316,2.556179523
16:27:00,2.558955908,3.504112244,2.555703878
16:27:00,2.559818745,3.504899263,2.556737661
16:27:00,2.561685801,3.504765272,2.557410717
16:27:00,2.560464144,3.505072117,2.558432102
16:27:00,2.560960531,3.504751682,2.558248043
16:27:00,2.561178684,3.504808664,2.557169676
16:27:00,2.560879946,3.505287647,2.558520079
16:27:00,2.56073451,3.505007267,2.557776213
16:27:00,2.560266733,3.505792379,2.558326244
16:27:00,2.559185743,3.502999783,2.557070971
16:27:00,2.559528112,3.502299786,2.556212425
16:27:00,2.559426069,3.503046036,2.556137323
16:27:00,2.559747219,3.50442028,2.556161642
16:27:00,2.559931755,3.503478765,2.55737257
16:27:00,2.560319424,3.504791975,2.557861328
16:27:00,2.560940027,3.503632069,2.556910515
16:27:00,2.559280634,3.503113985,2.5569098
16:27:00,2.559745789,3.503018141,2.555666924
16:27:00,2.55944562,3.503008366,2.558047295
16:27:00,2.558952332,3.503607035,2.555860758
16:27:00,2.559679985,3.504101992,2.556788206
16:27:00,2.559934378,3.504699945,2.556518793
16:27:00,2.559626341,3.503646612,2.557579756
16:27:00,2.559705734,3.50464201,2.557147741
16:27:00,2.560195446,3.504798174,2.558664083
16:27:00,2.560355186,3.504533768,2.558299065
16:27:00,2.559019327,3.502407312,2.555694103
16:27:00,2.55880475,3.502277613,2.556511402
16:27:00,2.558610916,3.502330542,2.555789948
16:27:00,2.559151411,3.501387596,2.556149006
16:27:00,2.55830574,3.501755714,2.556065083
16:27:00,2.558955193,3.50318265,2.556636333
16:27:00,2.558893681,3.502787828,2.555800438
16:27:00,2.559463263,3.503694773,2.55595994
16:27:00,2.559720278,3.502637863,2.555528641
16:27:00,2.557843924,3.503360033,2.557310343
16:27:00,2.558773756,3.50315237,2.555696726
16:27:00,2.55931592,3.503188372,2.555876732
16:27:00,2.559472561,3.503501654,2.555879831
16:27:00,2.560313463,3.504211426,2.556045055
16:27:00,2.559044361,3.502717257,2.554702759
16:27:00,2.558190584,3.502175808,2.556219816
16:27:00,2.558688879,3.503324747,2.555876732
16:27:00,2.559010744,3.503139496,2.555077791
16:27:00,2.559601307,3.502810001,2.556703329
16:27:00,2.559342146,3.503057241,2.556550503
16:27:00,2.559320688,3.504122734,2.556174994
16:27:00,2.558900356,3.503585815,2.556037903
16:27:00,2.558249235,3.502380133,2.555963993
16:27:00,2.559082747,3.502691269,2.556032181
16:27:00,2.558597803,3.502511024,2.556148529
16:27:00,2.559234619,3.501945257,2.555976629
16:27:00,2.558144569,3.502141714,2.556587458
16:27:00,2.558502674,3.502454996,2.556059122
16:27:00,2.559882879,3.503497124,2.557785749
16:27:00,2.559494972,3.502935886,2.557001591
16:27:00,2.559520006,3.504214048,2.556851864
16:27:00,2.560077667,3.504186869,2.558999062
16:27:00,2.559598923,3.503791809,2.556204557
16:27:00,2.560068607,3.502309799,2.556670904
16:27:00,2.559763193,3.502943993,2.556223154
16:27:00,2.559616089,3.50379014,2.556295395
16:27:00,2.558642626,3.503240585,2.556248426
16:27:00,2.559315205,3.502582312,2.557056665
16:27:00,2.559051037,3.502465963,2.556010246
16:27:00,2.559161901,3.503121853,2.556499004
16:27:00,2.559354067,3.50262475,2.556487799
16:27:00,2.559636354,3.503178358,2.555655241
16:27:00,2.559103251,3.50241971,2.556571245
16:27:00,2.559978485,3.503831625,2.556198835
16:27:00,2.559145927,3.501807213,2.556676865
16:27:00,2.558761597,3.502704859,2.555075645
16:27:00,2.560037374,3.503482103,2.557735682
16:27:00,2.559875727,3.503343105,2.555709362
16:27:00,2.559718847,3.504181385,2.556885242
16:27:00,2.560098648,3.503484488,2.555856705
16:27:00,2.558928728,3.502909899,2.556269407
16:27:00,2.559452057,3.502098799,2.554789543
16:27:00,2.558196068,3.502440214,2.55606246
16:27:00,2.559636354,3.504588604,2.557527304
16:27:00,2.559896708,3.503983259,2.556979656
16:27:00,2.559386492,3.503455877,2.556663752
16:27:00,2.55998373,3.503314257,2.555936813
16:27:00,2.559411049,3.50392437,2.555466175
16:27:00,2.560455084,3.502317905,2.557139874
16:27:00,2.559440851,3.503258944,2.555364609
16:27:00,2.558386803,3.501205444,2.5564394
16:27:00,2.55931592,3.501445532,2.555938244
16:27:00,2.558848143,3.501906395,2.555682421
16:27:00,2.559746504,3.503911495,2.557055235
16:27:00,2.5585289,3.503330946,2.555506945
16:27:00,2.558907747,3.503650188,2.55670929
16:27:00,2.55977273,3.50318718,2.556529522
16:27:00,2.559847832,3.502761602,2.555304527
16:27:00,2.559870243,3.503652334,2.557041168
16:27:00,2.559693813,3.502901316,2.556518793
16:27:00,2.557958126,3.502748251,2.554789543
16:27:00,2.559764624,3.503772259,2.555409908
16:27:00,2.558819771,3.503059149,2.556001663
16:27:00,2.559617996,3.504787207,2.55703783
16:27:00,2.559755325,3.503484488,2.55668807
16:27:00,2.560150385,3.503010273,2.556762934
16:27:00,2.559399843,3.504009962,2.556941509
16:27:00,2.559976578,3.502965212,2.556039333
16:27:00,2.559211493,3.503142118,2.557594776
16:27:00,2.56011939,3.502641439,2.555267572
16:27:00,2.558756828,3.503917933,2.556000471
16:27:00,2.558961153,3.504284382,2.557361841
16:27:00,2.560220957,3.503887415,2.554722548
16:27:00,2.559010744,3.503389359,2.556197405
16:27:01,2.560186148,3.503838301,2.55640173
16:27:01,2.560274601,3.502738953,2.557176828
16:27:01,2.55939579,3.50308466,2.555703402
16:27:01,2.558980465,3.502893209,2.556600094
16:27:01,2.55949831,3.503504276,2.55565238
16:27:01,2.559077978,3.502794981,2.55537343
16:27:01,2.559844494,3.502214193,2.556017399
16:27:01,2.560122728,3.504020214,2.556496859
16:27:01,2.559455872,3.504204988,2.555409908
16:27:01,2.559473276,3.502964497,2.555530071
16:27:01,2.558900356,3.504486799,2.555414915
16:27:01,2.559722424,3.503949165,2.556698561
16:27:01,2.559306622,3.503559589,2.555784941
16:27:01,2.558641911,3.504150152,2.556078911
16:27:01,2.558710814,3.502169847,2.555452824
16:27:01,2.558805704,3.501327753,2.557245493
16:27:01,2.559403181,3.501860142,2.555921555
16:27:01,2.559480429,3.502770185,2.555431604
16:27:01,2.558797359,3.503069639,2.556193352
16:27:01,2.55897975,3.503249884,2.555691481
16:27:01,2.558250189,3.501775265,2.554846764
16:27:01,2.558288097,3.503831625,2.555294037
16:27:01,2.557629585,3.502945662,2.555787325
16:27:01,2.558854342,3.503258467,2.554968119
16:27:01,2.559269905,3.503593683,2.556092978
16:27:01,2.55956912,3.50287199,2.556440592
16:27:01,2.558261395,3.501104593,2.556423664
16:27:01,2.558942556,3.501957893,2.556577682
16:27:01,2.558735132,3.504342079,2.55694747
16:27:01,2.559207678,3.503275394,2.556939363
16:27:01,2.558725834,3.503834963,2.55593276
16:27:01,2.558026314,3.503798485,2.556196928
16:27:01,2.560225964,3.503774166,2.555711508
16:27:01,2.55923152,3.503555298,2.556216002
16:27:01,2.559422493,3.503658772,2.555709839
16:27:01,2.560030937,3.503030539,2.556149721
16:27:01,2.559352398,3.502869368,2.555180073
16:27:01,2.559285402,3.504219055,2.555156946
16:27:01,2.559183836,3.502571821,2.556161642
16:27:01,2.559548616,3.502903938,2.555936098
16:27:01,2.559367418,3.502280951,2.557116508
16:27:01,2.560561895,3.503519773,2.55636549
16:27:01,2.560859442,3.503257751,2.556906223
16:27:01,2.560441256,3.503407001,2.557260275
16:27:01,2.560675621,3.504775047,2.55637002
16:27:01,2.559811592,3.504099131,2.555723429
16:27:01,2.55939126,3.502943993,2.557367802
16:27:01,2.559040546,3.502993345,2.557005644
16:27:01,2.559880257,3.503424644,2.55559206
16:27:01,2.559692621,3.503391981,2.555315733
16:27:01,2.55897212,3.501931906,2.554843903
16:27:01,2.557798386,3.501269579,2.555963993
16:27:01,2.558828115,3.501417637,2.555882692
16:27:01,2.557702541,3.501410723,2.554826498
16:27:01,2.557781219,3.501610756,2.555103779
16:27:01,2.558723211,3.500826597,2.555493116
16:27:01,2.558677912,3.501993179,2.555211782
16:27:01,2.558093548,3.501161337,2.555025339
16:27:01,2.558069229,3.50109005,2.554469347
16:27:01,2.558184862,3.500813961,2.554079771
16:27:01,2.557516098,3.500426292,2.55536294
16:27:01,2.557620525,3.501005411,2.553742409
16:27:01,2.558379173,3.500532866,2.554696083
16:27:01,2.558229685,3.501336098,2.555128574
16:27:01,2.557809591,3.500732422,2.554862022
16:27:01,2.558712244,3.501123428,2.554704189
16:27:01,2.557740927,3.501257896,2.554688931
16:27:01,2.558209181,3.500044823,2.555440187
16:27:01,2.557335138,3.501292229,2.555659056
16:27:01,2.558289766,3.501720428,2.555170298
16:27:01,2.558904409,3.502700329,2.556012392
16:27:01,2.558712482,3.502474785,2.554573059
16:27:01,2.55802083,3.501965046,2.555728436
16:27:01,2.558090925,3.501095533,2.554700136
16:27:01,2.557824135,3.501034737,2.556227207
16:27:01,2.557955503,3.502156973,2.555114031
16:27:01,2.558805704,3.501152754,2.555076361
16:27:01,2.558358669,3.501430035,2.554959774
16:27:01,2.558650017,3.501610756,2.5546875
16:27:01,2.557719707,3.501166344,2.555498362
16:27:01,2.558619261,3.501046419,2.554302454
16:27:01,2.558781385,3.50229907,2.555131197
16:27:01,2.558830261,3.501773357,2.555147171
16:27:01,2.55820775,3.501874924,2.554790735
16:27:01,2.557938099,3.500898123,2.553552628
16:27:01,2.558055401,3.501300335,2.554493189
16:27:01,2.558307171,3.500425816,2.555397272
16:27:01,2.558982134,3.501791716,2.555174351
16:27:01,2.559145927,3.501544237,2.556196928
16:27:01,2.559736013,3.501711845,2.555297375
16:27:01,2.559173822,3.501903296,2.557641268
16:27:01,2.559131145,3.502658367,2.555657148
16:27:01,2.559047699,3.502089024,2.554928303
16:27:01,2.558896303,3.503264666,2.556264162
16:27:01,2.559380054,3.504094124,2.556106329
16:27:01,2.558631897,3.502300739,2.557047844
16:27:01,2.559004545,3.503043652,2.556604624
16:27:01,2.558888912,3.501626015,2.556622744
16:27:01,2.558002949,3.503330946,2.555087566
16:27:01,2.558725119,3.502442122,2.555485964
16:27:01,2.558788538,3.502776146,2.556198835
16:27:01,2.559299469,3.501343012,2.554320335
16:27:01,2.558431864,3.502398968,2.556391001
16:27:01,2.558759689,3.502680063,2.556666136
16:27:01,2.558906317,3.50254631,2.555794716
16:27:01,2.558953762,3.501662254,2.55537343
16:27:01,2.559210062,3.502224684,2.555349588
16:27:01,2.558778286,3.502418995,2.555933475
16:27:01,2.558609009,3.500898123,2.554905891
16:27:01,2.558772326,3.50263834,2.555053949
16:27:01,2.558803082,3.50287509,2.556104183
16:27:01,2.55856061,3.503140688,2.555758715
16:27:01,2.557884216,3.502068758,2.555218458
16:27:01,2.557704449,3.502197266,2.554553986
16:27:01,2.557695866,3.500898123,2.554840326
16:27:01,2.557800293,3.501024246,2.555638552
16:27:02,2.558036804,3.501153469,2.554116726
16:27:02,2.557977915,3.501364231,2.555436134
16:27:02,2.557748795,3.501935005,2.554959297
16:27:02,2.557901382,3.500873804,2.5553298
16:27:02,2.558469534,3.501735449,2.554553986
16:27:02,2.558989525,3.502846479,2.555470467
16:27:02,2.558915615,3.5018363,2.556421518
16:27:02,2.55966258,3.502971172,2.555906296
16:27:02,2.559254408,3.504256487,2.555188894
16:27:02,2.558987617,3.504240751,2.556747675
16:27:02,2.559418917,3.502827644,2.556527376
16:27:02,2.559161186,3.502295256,2.55529952
16:27:02,2.558660746,3.501388788,2.556258917
16:27:02,2.559260368,3.501420259,2.555521488
16:27:02,2.559004545,3.503127337,2.556058407
16:27:02,2.558395624,3.503047466,2.556145191
16:27:02,2.559706926,3.503272533,2.556713343
16:27:02,2.559021235,3.504401922,2.556353569
16:27:02,2.559542656,3.503387451,2.556067228
16:27:02,2.559537888,3.503348112,2.557384491
16:27:02,2.559553146,3.503638029,2.555225372
16:27:02,2.559197187,3.504106283,2.556456804
16:27:02,2.559660912,3.502830505,2.555739641
16:27:02,2.559111118,3.502737045,2.556381226
16:27:02,2.559269905,3.502528667,2.557224512
16:27:02,2.559897423,3.503636122,2.556014776
16:27:02,2.559242487,3.502790928,2.556833506
16:27:02,2.558521271,3.502499342,2.5570333
16:27:02,2.558707237,3.502108574,2.556013584
16:27:02,2.558887243,3.503134251,2.556794643
16:27:02,2.558922768,3.501864672,2.555938959
16:27:02,2.558897972,3.502796888,2.555273294
16:27:02,2.558528423,3.501935005,2.555951595
16:27:02,2.558779478,3.501227856,2.555776119
16:27:02,2.557364941,3.501528978,2.555733919
16:27:02,2.558491468,3.501379013,2.556456089
16:27:02,2.558368444,3.500929117,2.555260658
16:27:02,2.557558537,3.501135111,2.555443525
16:27:02,2.558975697,3.501973629,2.555484533
16:27:02,2.558959723,3.50254035,2.55622983
16:27:02,2.558878422,3.502997875,2.55674696
16:27:02,2.559524775,3.503133535,2.556889772
16:27:02,2.558712482,3.502929449,2.556442738
16:27:02,2.558992863,3.50227046,2.555156946
16:27:02,2.558806419,3.501629591,2.556325674
16:27:02,2.558655977,3.502710104,2.555006266
16:27:02,2.558241606,3.502850533,2.556228638
16:27:02,2.558028936,3.502364159,2.55532217
16:27:02,2.558201313,3.502785206,2.55648303
16:27:02,2.558978319,3.502292633,2.555660963
16:27:02,2.55751729,3.501830101,2.55584836
16:27:02,2.558860779,3.501122713,2.554706097
16:27:02,2.559312344,3.50222683,2.556722403
16:27:02,2.559032917,3.502140999,2.556123972
16:27:02,2.559446096,3.5017941,2.556060314
16:27:02,2.558416605,3.501471758,2.556606531
16:27:02,2.559087992,3.502943277,2.555611134
16:27:02,2.558221102,3.501528502,2.556330919
16:27:02,2.558217525,3.502203703,2.555589199
16:27:02,2.559444189,3.502639532,2.556798697
16:27:02,2.559626341,3.502686739,2.556306362
16:27:02,2.558125973,3.502090216,2.555498362
16:27:02,2.559144974,3.502926111,2.554831743
16:27:02,2.560497522,3.501370668,2.556010962
16:27:02,2.559359074,3.501764059,2.556052685
16:27:02,2.558606863,3.502383947,2.55562377
16:27:02,2.558523178,3.502119541,2.556000471
16:27:02,2.558812618,3.502778053,2.556045771
16:27:02,2.559094429,3.502468109,2.556566477
16:27:02,2.559409857,3.503611326,2.555804729
16:27:02,2.559592009,3.503822565,2.555948019
16:27:02,2.558281183,3.503409624,2.556540012
16:27:02,2.559892893,3.503515959,2.556117535
16:27:02,2.558636189,3.501885414,2.55664897
16:27:02,2.559066772,3.501809359,2.555482388
16:27:02,2.559346437,3.502981663,2.556586981
16:27:02,2.559372902,3.502207041,2.55551219
16:27:02,2.558775425,3.502428293,2.557446003
16:27:02,2.55951786,3.503170013,2.55649972
16:27:02,2.559121609,3.502925396,2.556653261
16:27:02,2.559757948,3.50369978,2.556651831
16:27:02,2.558642626,3.503141403,2.557267427
16:27:02,2.559399128,3.502412081,2.556697369
16:27:02,2.558069944,3.502639532,2.557422876
16:27:02,2.557778597,3.50216341,2.555856705
16:27:02,2.558511734,3.501294374,2.554123878
16:27:02,2.557870865,3.500503063,2.553749084
16:27:02,2.559616089,3.501741171,2.556613684
16:27:02,2.558902979,3.502079248,2.554729223
16:27:02,2.558405399,3.501485825,2.55553937
16:27:02,2.557502985,3.501809835,2.555427313
16:27:02,2.558920622,3.502424955,2.55523634
16:27:02,2.558848858,3.501377821,2.554390192
16:27:02,2.558149099,3.502652884,2.555934906
16:27:02,2.557522774,3.501788855,2.555046797
16:27:02,2.557996511,3.501039982,2.556071043
16:27:02,2.55822587,3.501215458,2.556356192
16:27:02,2.558450222,3.501837254,2.555375338
16:27:02,2.556846142,3.499469995,2.554887533
16:27:02,2.557465315,3.499349356,2.554610968
16:27:02,2.556729794,3.499663115,2.555488348
16:27:02,2.558457613,3.500752687,2.555594206
16:27:02,2.557826519,3.500179529,2.55423975
16:27:02,2.558315516,3.502436638,2.555674314
16:27:02,2.558260679,3.501618385,2.555293322
16:27:02,2.558161736,3.501077175,2.555848837
16:27:02,2.558353186,3.501764059,2.557026148
16:27:02,2.558607578,3.502390385,2.55619216
16:27:02,2.558763981,3.502598524,2.555586815
16:27:02,2.558490038,3.502740145,2.556609392
16:27:02,2.558668375,3.502664566,2.555958033
16:27:02,2.559613228,3.501929998,2.555535316
16:27:02,2.559010029,3.502350807,2.556351662
16:27:02,2.558525085,3.502225399,2.555841684
16:27:02,2.558941126,3.502230406,2.555798531
16:27:03,2.558044672,3.501849651,2.555738449
16:27:03,2.558413982,3.501695633,2.554623365
16:27:03,2.557323694,3.500394821,2.555865526
16:27:03,2.55826807,3.502233744,2.556633949
16:27:03,2.55877471,3.502373219,2.554435492
16:27:03,2.559327126,3.50229454,2.555752277
16:27:03,2.558244467,3.502506495,2.557092667
16:27:03,2.558862686,3.501410723,2.556240559
16:27:03,2.558493376,3.50112009,2.556565046
16:27:03,2.559096575,3.501607656,2.555625439
16:27:03,2.558543444,3.500878572,2.554647446
16:27:03,2.558713198,3.501144886,2.555760384
16:27:03,2.558068037,3.501358986,2.556128502
16:27:03,2.55859375,3.501393795,2.555946827
16:27:03,2.558922052,3.501809359,2.555644512
16:27:03,2.558768272,3.501528978,2.557554245
16:27:03,2.559065342,3.501674175,2.556387901
16:27:03,2.558637381,3.500739813,2.554973364
16:27:03,2.558991194,3.502156258,2.555165768
16:27:03,2.558531046,3.501950741,2.554095745
16:27:03,2.558175087,3.502467632,2.555199862
16:27:03,2.558228254,3.503504276,2.556396484
16:27:03,2.558975697,3.503904581,2.555767536
16:27:03,2.558308363,3.501849651,2.556963205
16:27:03,2.558675528,3.501405716,2.554694653
16:27:03,2.558423758,3.500521898,2.554027796
16:27:03,2.557071924,3.501434088,2.554383993
16:27:03,2.557224274,3.501091242,2.554399967
16:27:03,2.558184147,3.501403332,2.554309845
16:27:03,2.558153868,3.501954079,2.555632591
16:27:03,2.559203625,3.502140522,2.554108381
16:27:03,2.56010294,3.50357151,2.556977034
16:27:03,2.558986902,3.501123428,2.554998636
16:27:03,2.558167458,3.502296448,2.555239677
16:27:03,2.559045076,3.502498865,2.554982424
16:27:03,2.558794737,3.502147198,2.55610013
16:27:03,2.558574677,3.502155542,2.555282116
16:27:03,2.557554483,3.502876043,2.555420876
16:27:03,2.558980465,3.502131224,2.554867983
16:27:03,2.558960199,3.501892805,2.554985285
16:27:03,2.557892799,3.501552105,2.554318666
16:27:03,2.558195591,3.50132966,2.556196928
16:27:03,2.558934689,3.502845764,2.554750443
16:27:03,2.558787346,3.502194643,2.554404974
16:27:03,2.558167458,3.502030849,2.554828405
16:27:03,2.5587008,3.502794266,2.556648254
16:27:03,2.559335709,3.501884222,2.556103468
16:27:03,2.559183836,3.503314972,2.556156397
16:27:03,2.558891773,3.503277779,2.556004047
16:27:03,2.56011939,3.502841949,2.555818319
16:27:03,2.559265137,3.502783298,2.556057215
16:27:03,2.559675217,3.503373623,2.556113482
16:27:03,2.559377432,3.503874779,2.556185007
16:27:03,2.559647083,3.502494812,2.555567265
16:27:03,2.55866909,3.502282143,2.554723263
16:27:03,2.558720589,3.501980066,2.555038691
16:27:03,2.558675528,3.501341343,2.555795193
16:27:03,2.557610512,3.501564503,2.554687023
16:27:03,2.558068514,3.502221346,2.55479598
16:27:03,2.558361053,3.501713037,2.554873943
16:27:03,2.558474779,3.502297878,2.556640625
16:27:03,2.559000969,3.502862692,2.55498004
16:27:03,2.558431149,3.502843857,2.555248976
16:27:03,2.558928728,3.503686905,2.556155682
16:27:03,2.558598995,3.503098488,2.554725885
16:27:03,2.558000326,3.501963854,2.555531979
16:27:03,2.558065653,3.502079964,2.554811954
16:27:03,2.557428837,3.501726389,2.554974556
16:27:03,2.559025288,3.501868486,2.557217836
16:27:03,2.558260679,3.502527475,2.557341576
16:27:03,2.558509111,3.502223253,2.554989815
16:27:03,2.558815241,3.50214386,2.554947376
16:27:03,2.557988644,3.502231836,2.555145502
16:27:03,2.558820963,3.502311707,2.555559635
16:27:03,2.557980537,3.501411915,2.55459094
16:27:03,2.557962179,3.502524376,2.555983067
16:27:03,2.55968523,3.502824306,2.55509901
16:27:03,2.558204651,3.501886845,2.555828333
16:27:03,2.559192896,3.502146482,2.554619312
16:27:03,2.558967829,3.501932621,2.555903673
16:27:03,2.559230566,3.501991034,2.555659771
16:27:03,2.559405088,3.502218962,2.555108786
16:27:03,2.559485912,3.501404524,2.555024147
16:27:03,2.558073759,3.502149582,2.555082321
16:27:03,2.558548689,3.501999617,2.55440712
16:27:03,2.558480024,3.502650738,2.556217909
16:27:03,2.559471369,3.502454519,2.555670977
16:27:03,2.558324814,3.502362967,2.556348801
16:27:03,2.558233738,3.5018363,2.555292606
16:27:03,2.559376717,3.501422405,2.555925369
16:27:03,2.558836222,3.501961231,2.555271387
16:27:03,2.558185577,3.501271009,2.554606199
16:27:03,2.558102369,3.501396656,2.556053877
16:27:03,2.558051348,3.501274824,2.554629326
16:27:03,2.557722807,3.50144124,2.554803371
16:27:03,2.55906415,3.501154661,2.555434942
16:27:03,2.557997942,3.501622438,2.555079222
16:27:03,2.556812286,3.501562595,2.554772854
16:27:03,2.558301687,3.502340317,2.555946827
16:27:03,2.558379173,3.502704382,2.556178331
16:27:03,2.559463978,3.502212286,2.555686951
16:27:03,2.55905962,3.502098799,2.556232214
16:27:03,2.558928728,3.502598047,2.55582118
16:27:03,2.559002638,3.50270915,2.556075096
16:27:03,2.558999538,3.502509117,2.55599165
16:27:03,2.559292078,3.503278494,2.556427002
16:27:03,2.559282303,3.503305197,2.556809664
16:27:03,2.559416294,3.503549099,2.555508852
16:27:03,2.559131145,3.503215075,2.55598855
16:27:03,2.558506966,3.502177715,2.555020332
16:27:03,2.558036804,3.501939058,2.555175781
16:27:03,2.559108496,3.502403498,2.55644989
16:27:03,2.557520866,3.502205133,2.556009531
16:27:03,2.559061766,3.502421379,2.556055307
16:27:03,2.5584023,3.501871824,2.555606365
16:27:03,2.559156179,3.501400948,2.557101488
16:27:03,2.558721304,3.502523661,2.555486441
16:27:03,2.558887243,3.502707481,2.555254221
16:27:03,2.559045553,3.502222061,2.556126595
16:27:04,2.558907747,3.50109005,2.555404425
16:27:04,2.557935238,3.502403498,2.556779146
16:27:04,2.559027195,3.501915455,2.55640316
16:27:04,2.55873847,3.501571655,2.555883884
16:27:04,2.559588194,3.501774549,2.556256056
16:27:04,2.55897975,3.502155066,2.555438757
16:27:04,2.55834794,3.503119946,2.556281328
16:27:04,2.559304714,3.502025843,2.556137323
16:27:04,2.558805704,3.502437353,2.555277586
16:27:04,2.55923152,3.501717329,2.554207325
16:27:04,2.559580803,3.502924204,2.556301355
16:27:04,2.55917716,3.503782034,2.555632591
16:27:04,2.558361053,3.502862692,2.555957317
16:27:04,2.558761597,3.502689123,2.555229664
16:27:04,2.559754848,3.501331568,2.555280447
16:27:04,2.559434414,3.502042055,2.555386543
16:27:04,2.558886528,3.501228571,2.555848837
16:27:04,2.557537794,3.502249002,2.555516243
16:27:04,2.559433699,3.502321959,2.556113958
16:27:04,2.558130741,3.501963854,2.555461407
16:27:04,2.559345722,3.502028942,2.555125237
16:27:04,2.557809591,3.502175808,2.555912256
16:27:04,2.558399439,3.503264666,2.556310415
16:27:04,2.559533119,3.502092838,2.556032896
16:27:04,2.559657574,3.503070354,2.554390192
16:27:04,2.559183836,3.503179073,2.556295872
16:27:04,2.559213638,3.502830982,2.554602146
16:27:04,2.558943272,3.502953768,2.555111408
16:27:04,2.55964303,3.502882481,2.557028055
16:27:04,2.559337616,3.503908157,2.556180716
16:27:04,2.559267044,3.50261879,2.556843519
16:27:04,2.559426069,3.502755404,2.556907654
16:27:04,2.559186459,3.504303217,2.556239843
16:27:04,2.558916092,3.503986835,2.556381941
16:27:04,2.559036493,3.503142595,2.555587769
16:27:04,2.559197664,3.503823996,2.55659461
16:27:04,2.559521437,3.502879143,2.556256771
16:27:04,2.559673309,3.502798796,2.554769516
16:27:04,2.559149265,3.502639055,2.555676222
16:27:04,2.559393644,3.503606081,2.555838823
16:27:04,2.55960393,3.502923727,2.556723833
16:27:04,2.559660912,3.503565788,2.556875944
16:27:04,2.558986902,3.503438234,2.556161642
16:27:04,2.559714079,3.503397226,2.555666208
16:27:04,2.5594697,3.503540039,2.556614637
16:27:04,2.559412956,3.50439167,2.556264162
16:27:04,2.558474779,3.503519773,2.555965185
16:27:04,2.559566498,3.502757311,2.555557489
16:27:04,2.558168411,3.502250195,2.556579828
16:27:04,2.559095144,3.503249168,2.556477785
16:27:04,2.55934763,3.502787828,2.556398153
16:27:04,2.559292555,3.502511024,2.555661917
16:27:04,2.559895277,3.502571344,2.555392027
16:27:04,2.558835745,3.502902031,2.556383371
16:27:04,2.560232401,3.50282979,2.557361841
16:27:04,2.560054541,3.502634525,2.556110144
16:27:04,2.559562922,3.502369642,2.556459188
16:27:04,2.559406281,3.502747536,2.55520916
16:27:04,2.559834003,3.502617121,2.556824446
16:27:04,2.559256315,3.502315283,2.55613327
16:27:04,2.560361147,3.502029657,2.555999756
16:27:04,2.558776617,3.50171566,2.555049896
16:27:04,2.558174372,3.50131917,2.555860758
16:27:04,2.560239792,3.503391504,2.555330515
16:27:04,2.559500217,3.502315283,2.556412458
16:27:04,2.559531212,3.502630472,2.556731701
16:27:04,2.559613228,3.502282143,2.557243824
16:27:04,2.559286833,3.503088474,2.556216002
16:27:04,2.558969736,3.504024744,2.557217836
16:27:04,2.559591532,3.504140377,2.557426929
16:27:04,2.560361862,3.504641533,2.558358669
16:27:04,2.559875727,3.503624201,2.557619095
16:27:04,2.559671402,3.504688978,2.556516886
16:27:04,2.560278654,3.503839493,2.557084799
16:27:04,2.559907436,3.503346205,2.556462526
16:27:04,2.559989929,3.502592087,2.557294607
16:27:04,2.559418917,3.503307819,2.555990458
16:27:04,2.558528423,3.503025532,2.556512117
16:27:04,2.559625149,3.503667831,2.55613327
16:27:04,2.55943799,3.504482508,2.555306673
16:27:04,2.559280634,3.503305912,2.556271553
16:27:04,2.559625864,3.503823996,2.556254148
16:27:04,2.559621811,3.503611326,2.555889368
16:27:04,2.55982542,3.504168272,2.55710268
16:27:04,2.560486794,3.504808664,2.556685925
16:27:04,2.560386896,3.504255772,2.556204557
16:27:04,2.559130192,3.504208326,2.556770802
16:27:04,2.558856726,3.503523111,2.556064606
16:27:04,2.559399128,3.502637148,2.556415558
16:27:04,2.559881449,3.50357151,2.554802656
16:27:04,2.559882164,3.502561569,2.555434465
16:27:04,2.559203625,3.503634691,2.556473255
16:27:04,2.559878826,3.504460573,2.556678057
16:27:04,2.559479713,3.503575325,2.556863308
16:27:04,2.55914855,3.503061295,2.556084871
16:27:04,2.559488773,3.503669262,2.557020903
16:27:04,2.559384584,3.503100395,2.556822777
16:27:04,2.559943676,3.504584074,2.556630611
16:27:04,2.559939623,3.503265619,2.556356668
16:27:04,2.559980869,3.504101276,2.55665493
16:27:04,2.559728146,3.504741907,2.557323694
16:27:04,2.560164452,3.504670143,2.556006908
16:27:04,2.559503555,3.502963543,2.557861328
16:27:04,2.559916496,3.504020214,2.557352066
16:27:04,2.559913874,3.503972054,2.557302713
16:27:04,2.560081244,3.504950762,2.556660414
16:27:04,2.559871435,3.503844738,2.556310415
16:27:04,2.55966258,3.504032135,2.556150913
16:27:04,2.559756517,3.503058434,2.557210684
16:27:04,2.559863567,3.503591061,2.556682348
16:27:04,2.560140371,3.503382683,2.557163
16:27:04,2.55936265,3.502877235,2.557071686
16:27:04,2.559757948,3.503558159,2.556530714
16:27:04,2.559224606,3.503344297,2.557701111
16:27:04,2.559361458,3.504227161,2.557207823
16:27:04,2.55967474,3.502650023,2.556444168
16:27:04,2.559157372,3.502791405,2.5558393
16:27:04,2.559729576,3.502598524,2.556292772
16:27:04,2.559813499,3.502907753,2.556409597
16:27:05,2.559201002,3.502654791,2.557293177
16:27:05,2.559218884,3.503451586,2.556273222
16:27:05,2.558451891,3.502147198,2.555819035
16:27:05,2.559078693,3.503292561,2.556700706
16:27:05,2.559733629,3.503047943,2.556219339
16:27:05,2.559274197,3.504454851,2.557535172
16:27:05,2.559331179,3.502819061,2.556410313
16:27:05,2.558860779,3.503374815,2.556822777
16:27:05,2.559076071,3.503154039,2.555957317
16:27:05,2.559799671,3.50263834,2.555869818
16:27:05,2.559393644,3.502880573,2.557193279
16:27:05,2.559081554,3.502869368,2.556617975
16:27:05,2.560091019,3.503374338,2.556592226
16:27:05,2.559863567,3.502952337,2.555683374
16:27:05,2.559584379,3.504073381,2.556516171
16:27:05,2.559855938,3.503662109,2.556147337
16:27:05,2.560087681,3.503296852,2.557202101
16:27:05,2.559185743,3.503018856,2.555704594
16:27:05,2.558568478,3.502220154,2.555807352
16:27:05,2.559051752,3.502280235,2.556014776
16:27:05,2.559541225,3.501903296,2.555470467
16:27:05,2.559247971,3.502164125,2.555676937
16:27:05,2.559351206,3.503285646,2.557046652
16:27:05,2.560373783,3.502220631,2.55677557
16:27:05,2.559774637,3.503433704,2.555878162
16:27:05,2.559238911,3.504083157,2.556146383
16:27:05,2.55964613,3.504053831,2.555955887
16:27:05,2.559202194,3.503251076,2.55640316
16:27:05,2.559683084,3.503236055,2.556439877
16:27:05,2.55982542,3.502922297,2.556563616
16:27:05,2.560256004,3.502117157,2.557533264
16:27:05,2.559824705,3.502603054,2.555860043
16:27:05,2.559336424,3.502576828,2.555940866
16:27:05,2.559502363,3.503398657,2.554734468
16:27:05,2.559817076,3.502897978,2.55602479
16:27:05,2.559985876,3.503903389,2.556191444
16:27:05,2.559875011,3.50296092,2.555856228
16:27:05,2.558319807,3.50310111,2.556081772
16:27:05,2.559570074,3.502280951,2.555730581
16:27:05,2.559787512,3.502344608,2.55602479
16:27:05,2.559108496,3.502536058,2.556844711
16:27:05,2.559177637,3.502462864,2.556341648
16:27:05,2.558642626,3.502444506,2.555377245
16:27:05,2.558406591,3.502610207,2.554939508
16:27:05,2.559845924,3.501639366,2.555448771
16:27:05,2.559351683,3.502041578,2.554316044
16:27:05,2.559695721,3.503428459,2.556230545
16:27:05,2.559069633,3.502847195,2.556076288
16:27:05,2.559954643,3.50381732,2.55553484
16:27:05,2.558833599,3.502764463,2.557082415
16:27:05,2.558933258,3.502672434,2.556358099
16:27:05,2.559463978,3.502132654,2.556863308
16:27:05,2.55954051,3.502774715,2.5558393
16:27:05,2.559126139,3.502427578,2.556565046
16:27:05,2.558324814,3.50246954,2.556540012
16:27:05,2.559954643,3.502975464,2.557047844
16:27:05,2.559969425,3.502483845,2.556036711
16:27:05,2.558508635,3.503038168,2.556931496
16:27:05,2.559794426,3.50298357,2.555986166
16:27:05,2.559506893,3.503138781,2.555791378
16:27:05,2.559720278,3.503443003,2.55563736
16:27:05,2.559601307,3.50289607,2.556511402
16:27:05,2.559113264,3.502640247,2.556929588
16:27:05,2.559339285,3.502510548,2.556629181
16:27:05,2.558640242,3.502019882,2.556680202
16:27:05,2.559675217,3.501839876,2.555304527
16:27:05,2.558189392,3.501204252,2.555762291
16:27:05,2.559204817,3.502525091,2.55575037
16:27:05,2.55913949,3.503068209,2.556086779
16:27:05,2.559746504,3.503270149,2.55653739
16:27:05,2.559932947,3.503480911,2.556269407
16:27:05,2.559184551,3.502990723,2.555803299
16:27:05,2.559194565,3.502321959,2.556705952
16:27:05,2.559567213,3.501997709,2.556573629
16:27:05,2.558094263,3.501997709,2.554498911
16:27:05,2.558648586,3.501770735,2.556196928
16:27:05,2.558619261,3.501851559,2.55571866
16:27:05,2.559444189,3.503471613,2.555944204
16:27:05,2.559245348,3.502911806,2.557531357
16:27:05,2.560044765,3.503330946,2.555738449
16:27:05,2.559937716,3.503190994,2.555568457
16:27:05,2.558322668,3.501637697,2.555913687
16:27:05,2.5577631,3.501802444,2.555780172
16:27:05,2.558308363,3.502271414,2.555399179
16:27:05,2.559159994,3.503733873,2.555900335
16:27:05,2.558789968,3.503262758,2.55461216
16:27:05,2.559309483,3.502721786,2.555280685
16:27:05,2.559510708,3.502650023,2.555567265
16:27:05,2.559310675,3.502079248,2.556176901
16:27:05,2.558614969,3.502134085,2.554993153
16:27:05,2.558536768,3.502711535,2.555254221
16:27:05,2.558815479,3.502813339,2.554934263
16:27:05,2.559579134,3.503290176,2.556961298
16:27:05,2.559438705,3.502526045,2.554240465
16:27:05,2.558433294,3.502810955,2.555915594
16:27:05,2.559244633,3.502570629,2.555286884
16:27:05,2.558991194,3.50262475,2.556206703
16:27:05,2.5594244,3.50323987,2.556314468
16:27:05,2.559183836,3.503144979,2.557733774
16:27:05,2.559747219,3.503875256,2.55730176
16:27:05,2.560042143,3.503203392,2.557057858
16:27:05,2.559454203,3.503189564,2.556100845
16:27:05,2.558886528,3.502472639,2.555168867
16:27:05,2.559495926,3.502987623,2.556744337
16:27:05,2.559072733,3.502714157,2.556264877
16:27:05,2.559508801,3.50332737,2.555912256
16:27:05,2.558681011,3.502604485,2.556820154
16:27:05,2.558679819,3.50212431,2.556388378
16:27:05,2.559522152,3.503068209,2.556633472
16:27:05,2.559814215,3.502181768,2.55543685
16:27:05,2.559175968,3.50167346,2.555959463
16:27:05,2.559258699,3.503241301,2.558427572
16:27:05,2.559741497,3.50295949,2.556757689
16:27:05,2.558085442,3.502162695,2.557057381
16:27:05,2.559114933,3.501756907,2.556574345
16:27:05,2.558575869,3.502068043,2.555518627
16:27:06,2.558765411,3.50160408,2.555807352
16:27:06,2.559333086,3.502283573,2.554944754
16:27:06,2.559291363,3.502537251,2.556241512
16:27:06,2.559275627,3.503577709,2.556169033
16:27:06,2.558665752,3.502729893,2.556340218
16:27:06,2.557565928,3.502932787,2.556211233
16:27:06,2.558367014,3.502412796,2.555639982
16:27:06,2.559723139,3.502841949,2.556794643
16:27:06,2.559913158,3.502179384,2.556660414
16:27:06,2.560255289,3.503620386,2.55633378
16:27:06,2.560614109,3.503410339,2.557759047
16:27:06,2.55914855,3.502205133,2.555819035
16:27:06,2.559639692,3.50251317,2.556363583
16:27:06,2.559116364,3.503813505,2.557184696
16:27:06,2.560709238,3.504007339,2.556764841
16:27:06,2.558894396,3.503633976,2.556983948
16:27:06,2.558864117,3.503290653,2.556221247
16:27:06,2.559151411,3.503290176,2.554446697
16:27:06,2.560075283,3.503523111,2.557121277
16:27:06,2.560066938,3.504022837,2.557266712
16:27:06,2.560027599,3.502945662,2.55654192
16:27:06,2.559361458,3.504300833,2.555813074
16:27:06,2.559858799,3.504738092,2.556127787
16:27:06,2.559642315,3.504214764,2.556462526
16:27:06,2.55906415,3.503504753,2.555876017
16:27:06,2.559633493,3.504163742,2.55661869
16:27:06,2.559661627,3.503902197,2.557135105
16:27:06,2.559760571,3.504199505,2.557144403
16:27:06,2.559636354,3.504807234,2.558139086
16:27:06,2.560558081,3.504380703,2.558277369
16:27:06,2.56007123,3.503526926,2.557173491
16:27:06,2.559976101,3.504230976,2.556723833
16:27:06,2.559734583,3.504670858,2.555968761
16:27:06,2.560746431,3.504655838,2.5572927
16:27:06,2.55896306,3.503707886,2.556402445
16:27:06,2.559228182,3.503280878,2.557148457
16:27:06,2.559382915,3.504096031,2.556771278
16:27:06,2.559677124,3.503928423,2.557533741
16:27:06,2.559104443,3.503625631,2.556745768
16:27:06,2.559110403,3.503399134,2.557293892
16:27:06,2.55927825,3.503260612,2.557607174
16:27:06,2.559765577,3.504338741,2.556177855
16:27:06,2.559759855,3.504281282,2.557427645
16:27:06,2.559782982,3.503747702,2.556757689
16:27:06,2.559991837,3.504034042,2.556251049
16:27:06,2.558616877,3.503958941,2.556589603
16:27:06,2.559718847,3.502566099,2.555756092
16:27:06,2.56030035,3.503417969,2.557367802
16:27:06,2.559900522,3.503450871,2.556914806
16:27:06,2.558456898,3.503142118,2.556136608
16:27:06,2.559114933,3.50473094,2.55678916
16:27:06,2.560523748,3.504108191,2.556298494
16:27:06,2.559975386,3.503494501,2.556282997
16:27:06,2.558928728,3.502545834,2.556661606
16:27:06,2.559233427,3.502064943,2.555131912
16:27:06,2.560343504,3.50308466,2.556233883
16:27:06,2.558984756,3.50289607,2.556641102
16:27:06,2.559366703,3.502949715,2.556723833
16:27:06,2.559449911,3.50214386,2.556699753
16:27:06,2.559928417,3.50287509,2.556840181
16:27:06,2.559756517,3.502892733,2.55740428
16:27:06,2.559639692,3.502539158,2.555608273
16:27:06,2.559366226,3.502782345,2.555881023
16:27:06,2.559487581,3.502603769,2.555970669
16:27:06,2.559079409,3.503276587,2.555940151
16:27:06,2.559625864,3.503557682,2.557116508
16:27:06,2.55893755,3.502100706,2.555020809
16:27:06,2.559329271,3.501739979,2.555631876
16:27:06,2.559000254,3.501918077,2.556198835
16:27:06,2.558938026,3.501317978,2.554717302
16:27:06,2.558716059,3.502227545,2.555203438
16:27:06,2.559558392,3.503410339,2.555596828
16:27:06,2.559140921,3.502027512,2.556477785
16:27:06,2.559922934,3.502573967,2.55620265
16:27:06,2.5601511,3.502827644,2.556453943
16:27:06,2.559003353,3.503040314,2.556475878
16:27:06,2.559780359,3.502743959,2.556570292
16:27:06,2.559611797,3.503106117,2.555618763
16:27:06,2.559596777,3.502636671,2.557056665
16:27:06,2.559540033,3.502925396,2.555402517
16:27:06,2.559049129,3.502171993,2.555626631
16:27:06,2.559840441,3.503639936,2.555915594
16:27:06,2.55847168,3.503008366,2.55569005
16:27:06,2.559141397,3.502727985,2.555375338
16:27:06,2.558871269,3.503913164,2.55693531
16:27:06,2.560114861,3.503226995,2.555233717
16:27:06,2.560887814,3.504154682,2.557126522
16:27:06,2.559600592,3.503776312,2.557109833
16:27:06,2.559314013,3.503552675,2.556996822
16:27:06,2.55888319,3.502006769,2.555069208
16:27:06,2.559082747,3.50212574,2.55444479
16:27:06,2.557843208,3.502069473,2.55493474
16:27:06,2.558871746,3.502261162,2.555337667
16:27:06,2.559052467,3.501612663,2.554879189
16:27:06,2.558951139,3.501595974,2.555303812
16:27:06,2.558632612,3.501818419,2.556555271
16:27:06,2.559527636,3.501527071,2.555238008
16:27:06,2.558336735,3.501319885,2.555717945
16:27:06,2.558654547,3.502967834,2.555746078
16:27:06,2.558579206,3.502490282,2.554566622
16:27:06,2.558323383,3.502559185,2.55564642
16:27:06,2.559479713,3.503058434,2.555424452
16:27:06,2.558672428,3.502817154,2.555874586
16:27:06,2.558677912,3.502665281,2.556495667
16:27:06,2.558668375,3.502943277,2.55542016
16:27:06,2.559514999,3.504673958,2.557432175
16:27:06,2.559103966,3.50504446,2.556216002
16:27:06,2.559085846,3.504500628,2.555002928
16:27:06,2.560097456,3.504160643,2.556165695
16:27:06,2.560989618,3.505132198,2.556924105
16:27:06,2.559918642,3.502424002,2.556891918
16:27:06,2.558867216,3.503397226,2.556047201
16:27:06,2.560213804,3.503373623,2.557195187
16:27:06,2.559831381,3.503108263,2.557326794
16:27:06,2.559724092,3.50322175,2.555082321
16:27:06,2.558772326,3.504247427,2.556895018
16:27:06,2.559644938,3.503568649,2.558004141
16:27:06,2.559221983,3.503904581,2.556190014
16:27:06,2.559037924,3.5028584,2.556700706
16:27:07,2.559467793,3.503465652,2.557285309
16:27:07,2.559253216,3.503666878,2.557934761
16:27:07,2.559798241,3.503260136,2.556707859
16:27:07,2.559286118,3.503648281,2.555902958
16:27:07,2.558516026,3.50420928,2.556708574
16:27:07,2.55985117,3.503717661,2.556890726
16:27:07,2.559705019,3.503439665,2.556344509
16:27:07,2.560059786,3.503878832,2.555836916
16:27:07,2.559659719,3.504627466,2.556713343
16:27:07,2.560160875,3.504410505,2.556534767
16:27:07,2.559552193,3.503252268,2.55694747
16:27:07,2.558653355,3.503796577,2.55599165
16:27:07,2.559719563,3.503107548,2.556014776
16:27:07,2.559752703,3.50359726,2.557057858
16:27:07,2.559098482,3.503269434,2.556842804
16:27:07,2.558880568,3.504087448,2.557131767
16:27:07,2.559689283,3.503753424,2.556058407
16:27:07,2.559867144,3.502171993,2.557029963
16:27:07,2.55986166,3.504936457,2.556437016
16:27:07,2.558923483,3.502956629,2.55634284
16:27:07,2.558936834,3.503566742,2.556247711
16:27:07,2.559798956,3.503213167,2.557122469
16:27:07,2.560095787,3.50214529,2.555141211
16:27:07,2.559826136,3.502828121,2.555800438
16:27:07,2.559530497,3.501830816,2.556456804
16:27:07,2.558689594,3.504303217,2.555387259
16:27:07,2.559821844,3.502777338,2.555332184
16:27:07,2.558955193,3.50360465,2.556352854
16:27:07,2.560577869,3.503498316,2.556296587
16:27:07,2.55858326,3.50284791,2.556554556
16:27:07,2.558902979,3.503144026,2.555266142
16:27:07,2.560281754,3.503715038,2.557451963
16:27:07,2.559741497,3.503996611,2.556885242
16:27:07,2.560159683,3.501989841,2.556096315
16:27:07,2.560064077,3.503103733,2.556238413
16:27:07,2.559947491,3.503238916,2.555873871
16:27:07,2.559798241,3.50393796,2.557158232
16:27:07,2.560210466,3.502601862,2.55708766
16:27:07,2.559275627,3.504050255,2.556897879
16:27:07,2.558690548,3.503170013,2.556539297
16:27:07,2.559175968,3.50349617,2.556130648
16:27:07,2.559633493,3.502534866,2.556443453
16:27:07,2.560299158,3.503321171,2.556454897
16:27:07,2.559710503,3.503412962,2.556820154
16:27:07,2.559956312,3.503107548,2.555971384
16:27:07,2.55883956,3.502363443,2.55602932
16:27:07,2.559423685,3.502617121,2.555557966
16:27:07,2.558685064,3.501536846,2.556345463
16:27:07,2.559366703,3.501369476,2.55575037
16:27:07,2.559592009,3.501614809,2.556259632
16:27:07,2.559138298,3.502987623,2.556217194
16:27:07,2.558690548,3.501408339,2.556446791
16:27:07,2.558509827,3.502160549,2.556119204
16:27:07,2.558663607,3.501717806,2.556329012
16:27:07,2.559131622,3.502041578,2.555463314
16:27:07,2.559164047,3.501446724,2.556241512
16:27:07,2.559252501,3.502868891,2.556276798
16:27:07,2.559281349,3.501717329,2.55648303
16:27:07,2.559062481,3.50310564,2.557077646
16:27:07,2.558767557,3.502596617,2.557500362
16:27:07,2.559475899,3.502707481,2.556194067
16:27:07,2.558945179,3.503184557,2.555284023
16:27:07,2.558849335,3.502673149,2.556317091
16:27:07,2.560563326,3.503474236,2.55640173
16:27:07,2.558783293,3.502774715,2.55633235
16:27:07,2.558896303,3.503129721,2.556078196
16:27:07,2.558939457,3.503131628,2.556232214
16:27:07,2.560236931,3.503763914,2.556442261
16:27:07,2.560309649,3.503559589,2.557254791
16:27:07,2.560279369,3.50319314,2.556356192
16:27:07,2.560260296,3.503557682,2.556800365
16:27:07,2.55847621,3.503178358,2.556150913
16:27:07,2.559661627,3.503086567,2.556592226
16:27:07,2.559715509,3.504585981,2.558184624
16:27:07,2.559404373,3.503726006,2.557374001
16:27:07,2.55884552,3.503945351,2.556897879
16:27:07,2.560235023,3.503298044,2.556733131
16:27:07,2.559381247,3.503482103,2.556833506
16:27:07,2.559419632,3.503683805,2.556611538
16:27:07,2.559491158,3.503917217,2.556910992
16:27:07,2.559001923,3.503066301,2.556139708
16:27:07,2.55927825,3.502695799,2.557016134
16:27:07,2.559396505,3.504419088,2.557680607
16:27:07,2.560219049,3.505145788,2.556059122
16:27:07,2.560289383,3.503926277,2.557690144
16:27:07,2.559816122,3.504342556,2.557389736
16:27:07,2.561099768,3.504354954,2.557710409
16:27:07,2.559755802,3.504403114,2.555786133
16:27:07,2.559247255,3.505609512,2.556868792
16:27:07,2.559651613,3.504775047,2.557700396
16:27:07,2.56113553,3.505963802,2.557496786
16:27:07,2.559956789,3.505809307,2.557150602
16:27:07,2.56113553,3.503833055,2.557467222
16:27:07,2.560551405,3.503265619,2.557098866
16:27:07,2.561094761,3.503934145,2.55785346
16:27:07,2.56065774,3.50381279,2.556873322
16:27:07,2.560421467,3.504458666,2.556348085
16:27:07,2.559377432,3.503574848,2.55685091
16:27:07,2.560132742,3.504422665,2.55730629
16:27:07,2.559824705,3.503463984,2.556894302
16:27:07,2.560601711,3.503771067,2.5571661
16:27:07,2.560349226,3.504210711,2.555696726
16:27:07,2.56004262,3.503563643,2.557941198
16:27:07,2.559058905,3.504201651,2.556970596
16:27:07,2.559434891,3.50368166,2.556513309
16:27:07,2.560515881,3.503307104,2.557073593
16:27:07,2.559878111,3.503391504,2.555534124
16:27:07,2.559953928,3.503756046,2.557212114
16:27:07,2.559767962,3.503261328,2.557963848
16:27:07,2.5594697,3.504160643,2.556297779
16:27:07,2.559955597,3.50394392,2.556129217
16:27:07,2.560013533,3.503236532,2.556274652
16:27:07,2.559657574,3.503488541,2.556051254
16:27:07,2.561002731,3.504401445,2.558472395
16:27:07,2.560175657,3.50390172,2.556885242
16:27:08,2.560671806,3.503666162,2.556517601
16:27:08,2.561204195,3.503407001,2.557839632
16:27:08,2.56102252,3.502561569,2.556960583
16:27:08,2.560760975,3.503759384,2.557579756
16:27:08,2.560338497,3.503825188,2.556680202
16:27:08,2.559309483,3.504400253,2.55737257
16:27:08,2.559928417,3.503975868,2.556950569
16:27:08,2.559127569,3.502760887,2.557019234
16:27:08,2.559549809,3.503270388,2.556471109
16:27:08,2.559685946,3.504035234,2.556521177
16:27:08,2.559334993,3.503028631,2.55608654
16:27:08,2.558866739,3.50339365,2.556570292
16:27:08,2.55965209,3.50314784,2.55482316
16:27:08,2.559215546,3.50278163,2.554282665
16:27:08,2.55946064,3.503834248,2.557246208
16:27:08,2.560169697,3.502985954,2.55567503
16:27:08,2.559446812,3.502393723,2.556486607
16:27:08,2.559156656,3.50402236,2.556547403
16:27:08,2.558575869,3.503268719,2.556663275
16:27:08,2.559853077,3.502595901,2.556479692
16:27:08,2.560092926,3.503502846,2.556528807
16:27:08,2.559923887,3.504029989,2.557582855
16:27:08,2.559985161,3.50325489,2.555466175
16:27:08,2.559527636,3.504255772,2.556586266
16:27:08,2.559029102,3.503866196,2.5564363
16:27:08,2.560094357,3.504554987,2.556591749
16:27:08,2.560115576,3.504132509,2.555680275
16:27:08,2.559568405,3.503670454,2.557358742
16:27:08,2.558629513,3.502743959,2.555929661
16:27:08,2.559890509,3.503358841,2.555953979
16:27:08,2.559482336,3.502802134,2.55750823
16:27:08,2.560060501,3.503894806,2.557807922
16:27:08,2.559740782,3.504022837,2.556495667
16:27:08,2.559305906,3.503371954,2.555894375
16:27:08,2.558583975,3.50263381,2.555467129
16:27:08,2.55997324,3.503644466,2.55616498
16:27:08,2.559548616,3.503123045,2.556688786
16:27:08,2.560502529,3.503346205,2.556328297
16:27:08,2.559418201,3.503456593,2.557751656
16:27:08,2.559898853,3.504006386,2.556500912
16:27:08,2.558938026,3.503620386,2.556667566
16:27:08,2.559978008,3.50402236,2.557543278
16:27:08,2.560992718,3.504687309,2.555589199
16:27:08,2.559780359,3.50317359,2.55569458
16:27:08,2.559991837,3.504037857,2.557061672
16:27:08,2.559228182,3.50258112,2.55640173
16:27:08,2.559754848,3.504422188,2.556550503
16:27:08,2.560616255,3.50404191,2.556279421
16:27:08,2.55939126,3.504108191,2.556344986
16:27:08,2.559525967,3.503192425,2.556977749
16:27:08,2.55969429,3.503034592,2.556444168
16:27:08,2.558476925,3.50302124,2.556391001
16:27:08,2.559301376,3.501844168,2.5559659
16:27:08,2.560134649,3.504364014,2.556401014
16:27:08,2.560289383,3.503556967,2.557115316
16:27:08,2.559431553,3.503103018,2.556081772
16:27:08,2.559306622,3.502894878,2.556208849
16:27:08,2.559039831,3.502230167,2.556082249
16:27:08,2.558655977,3.502203226,2.555656433
16:27:08,2.559528112,3.502537727,2.557351351
16:27:08,2.559267759,3.503488541,2.556820154
16:27:08,2.559150219,3.503088474,2.557186842
16:27:08,2.558817148,3.503362417,2.556745052
16:27:08,2.559333086,3.50322032,2.556271553
16:27:08,2.55972147,3.503700495,2.557246208
16:27:08,2.560369015,3.503897667,2.556969643
16:27:08,2.560118437,3.503127337,2.556843519
16:27:08,2.559913874,3.503847361,2.555707932
16:27:08,2.559455395,3.503836393,2.556940317
16:27:08,2.559619904,3.5035851,2.556250334
16:27:08,2.560628891,3.503344297,2.557525396
16:27:08,2.55939126,3.503065825,2.556546688
16:27:08,2.559805632,3.503454447,2.556410789
16:27:08,2.560065031,3.503348112,2.555917025
16:27:08,2.559212923,3.50287652,2.555207968
16:27:08,2.559436798,3.50250268,2.556690693
16:27:08,2.558610201,3.502450705,2.5558846
16:27:08,2.56018424,3.502795696,2.556711197
16:27:08,2.56065464,3.503790379,2.556731701
16:27:08,2.560079575,3.504924536,2.557268143
16:27:08,2.560698748,3.503889322,2.556465149
16:27:08,2.560021639,3.503309727,2.555993795
16:27:08,2.560270786,3.503434896,2.556757689
16:27:08,2.558732033,3.502618074,2.555396318
16:27:08,2.559258699,3.502796888,2.556048632
16:27:08,2.559164762,3.502987623,2.555130005
16:27:08,2.559246063,3.5022645,2.555045843
16:27:08,2.559461355,3.503288269,2.556078911
16:27:08,2.559820652,3.502158642,2.555571079
16:27:08,2.558985472,3.502417803,2.556266069
16:27:08,2.560068607,3.502261162,2.556396484
16:27:08,2.559255838,3.503043652,2.555895805
16:27:08,2.558986425,3.50273037,2.554676294
16:27:08,2.558037519,3.503022671,2.55564189
16:27:08,2.558744192,3.503234148,2.556371927
16:27:08,2.559664011,3.502883434,2.554812431
16:27:08,2.558920145,3.503082752,2.555180788
16:27:08,2.559254408,3.503030539,2.555930138
16:27:08,2.558415413,3.501449108,2.555963993
16:27:08,2.558713198,3.501445532,2.555628061
16:27:08,2.558567762,3.503553391,2.556496859
16:27:08,2.559392691,3.50476408,2.557448626
16:27:08,2.558942556,3.50239563,2.556371212
16:27:08,2.558490753,3.502766371,2.555924177
16:27:08,2.558378458,3.502637148,2.556639194
16:27:08,2.56058073,3.503599405,2.556863308
16:27:08,2.559424877,3.504525661,2.555306673
16:27:08,2.559735537,3.503448009,2.55664587
16:27:08,2.559113264,3.503248692,2.555751562
16:27:08,2.561049461,3.503086567,2.556410789
16:27:08,2.559253693,3.502849817,2.555883884
16:27:08,2.558926105,3.50263834,2.556339025
16:27:08,2.559247255,3.502903938,2.557684898
16:27:08,2.56075573,3.503812313,2.556579828
16:27:08,2.560115576,3.503526449,2.556846857
16:27:08,2.559735537,3.504487276,2.55702281
16:27:08,2.558929443,3.503154516,2.5575881
16:27:08,2.559598207,3.502836704,2.556112051
16:27:08,2.559652567,3.502717257,2.555888414
16:27:09,2.55987072,3.504215479,2.556356668
16:27:09,2.559677839,3.503689289,2.555952072
16:27:09,2.559637785,3.503690004,2.556582212
16:27:09,2.559284925,3.502937794,2.556681395
16:27:09,2.559818745,3.503831625,2.555197954
16:27:09,2.560471535,3.504594564,2.55743885
16:27:09,2.56029582,3.504109859,2.556150436
16:27:09,2.560022354,3.504390955,2.555696011
16:27:09,2.560161591,3.504187822,2.556027412
16:27:09,2.559068203,3.503840446,2.556091785
16:27:09,2.558992863,3.503908873,2.556342125
16:27:09,2.561107874,3.504426241,2.556606531
16:27:09,2.559442282,3.503551006,2.556506157
16:27:09,2.559919357,3.503362417,2.5557127
16:27:09,2.560627937,3.504298449,2.557148457
16:27:09,2.559899569,3.504209995,2.55677557
16:27:09,2.559745312,3.504674673,2.556984425
16:27:09,2.559755802,3.504855394,2.55675149
16:27:09,2.56047225,3.504999876,2.556934118
16:27:09,2.559824228,3.504852772,2.556906223
16:27:09,2.560875177,3.504726887,2.558146238
16:27:09,2.559631586,3.504287958,2.557281256
16:27:09,2.559477806,3.504141569,2.556622028
16:27:09,2.559736729,3.503833771,2.557256222
16:27:09,2.560059309,3.50309968,2.55781436
16:27:09,2.56025815,3.503775835,2.557146311
16:27:09,2.559142828,3.503238916,2.556023359
16:27:09,2.559639692,3.50440073,2.556001186
16:27:09,2.559822559,3.504236221,2.556380749
16:27:09,2.559268236,3.503630161,2.555865526
16:27:09,2.55910778,3.502327204,2.556408167
16:27:09,2.558414698,3.501685143,2.556967735
16:27:09,2.55822897,3.502833366,2.556314468
16:27:09,2.558855534,3.502879858,2.557407141
16:27:09,2.559819937,3.502860308,2.556192636
16:27:09,2.559197664,3.50261426,2.556457281
16:27:09,2.559329271,3.504523993,2.55705452
16:27:09,2.559376717,3.504092932,2.555701971
16:27:09,2.559296846,3.502955914,2.555137873
16:27:09,2.559283495,3.503660679,2.556196928
16:27:09,2.55866003,3.50229454,2.556405783
16:27:09,2.559907436,3.502377987,2.555491686
16:27:09,2.560178757,3.503219366,2.556937933
16:27:09,2.558979034,3.5025177,2.555401802
16:27:09,2.559531212,3.502701044,2.556503773
16:27:09,2.559889317,3.503332615,2.556258917
16:27:09,2.559382915,3.502369642,2.556426287
16:27:09,2.559324503,3.503643751,2.557211399
16:27:09,2.559055567,3.504182577,2.558140516
16:27:09,2.559934378,3.502841949,2.556385994
16:27:09,2.559471846,3.503194332,2.556169987
16:27:09,2.559185743,3.502327681,2.555648327
16:27:09,2.559627056,3.502619982,2.556032896
16:27:09,2.558396816,3.501963139,2.555701971
16:27:09,2.558408737,3.502454996,2.556579113
16:27:09,2.559051037,3.501891375,2.556126118
16:27:09,2.559285402,3.502639055,2.556124687
16:27:09,2.558804035,3.502822399,2.557207823
16:27:09,2.559795618,3.502479315,2.556668758
16:27:09,2.558898449,3.502384663,2.556249619
16:27:09,2.55974412,3.502394438,2.55661869
16:27:09,2.559391975,3.502926111,2.556859255
16:27:09,2.559601784,3.50366497,2.557385206
16:27:09,2.559350252,3.503284454,2.556525469
16:27:09,2.560348034,3.503274679,2.55827117
16:27:09,2.558741808,3.503077269,2.556633949
16:27:09,2.558719873,3.502020359,2.556657791
16:27:09,2.558699608,3.502926111,2.556413651
16:27:09,2.559025764,3.503537416,2.556647778
16:27:09,2.559949636,3.50415206,2.556795835
16:27:09,2.559616566,3.503820658,2.557361364
16:27:09,2.559742212,3.502802134,2.557079554
16:27:09,2.5598948,3.503644466,2.557271242
16:27:09,2.559528112,3.502302885,2.556140423
16:27:09,2.559574366,3.501935005,2.555928946
16:27:09,2.559005499,3.5024786,2.556153774
16:27:09,2.55923152,3.503584623,2.556522131
16:27:09,2.55893755,3.50319767,2.556073189
16:27:09,2.558721304,3.503247261,2.555621862
16:27:09,2.558753252,3.502740622,2.556591749
16:27:09,2.558497906,3.502307653,2.557065248
16:27:09,2.558876038,3.502341747,2.55499053
16:27:09,2.558764696,3.50334239,2.555989027
16:27:09,2.559227467,3.502462387,2.555517673
16:27:09,2.559128284,3.502826214,2.555190802
16:27:09,2.558341265,3.502896786,2.555896521
16:27:09,2.558850765,3.502819061,2.556028605
16:27:09,2.559500217,3.502670288,2.55556941
16:27:09,2.559484482,3.503103733,2.555795908
16:27:09,2.559637785,3.50368762,2.554763079
16:27:09,2.55971384,3.502048492,2.555837631
16:27:09,2.558722734,3.501904011,2.556651115
16:27:09,2.558458328,3.501060009,2.555823803
16:27:09,2.559233427,3.50214839,2.556699276
16:27:09,2.558647394,3.501982689,2.555969954
16:27:09,2.55866313,3.502155542,2.555199385
16:27:09,2.558846712,3.503286362,2.555544853
16:27:09,2.559797287,3.503831625,2.556804657
16:27:09,2.55823493,3.502344608,2.556715965
16:27:09,2.55970192,3.503077984,2.555784941
16:27:09,2.559569359,3.502365828,2.555797338
16:27:09,2.559189796,3.502854347,2.556813717
16:27:09,2.559092522,3.503665447,2.556522131
16:27:09,2.559383631,3.503294706,2.557634592
16:27:09,2.559268951,3.50331378,2.555792809
16:27:09,2.559776306,3.502958059,2.556738377
16:27:09,2.558750391,3.502433777,2.556736469
16:27:09,2.559494257,3.502305508,2.555655718
16:27:09,2.559146643,3.502891541,2.556178331
16:27:09,2.559779882,3.503282309,2.555924177
16:27:09,2.559313297,3.502532244,2.555526257
16:27:09,2.560092926,3.503758192,2.556805372
16:27:09,2.557214975,3.50011158,2.554573059
16:27:09,2.557121038,3.498898506,2.55395937
16:27:09,2.55627203,3.498281956,2.554239035
16:27:09,2.556720734,3.499464989,2.553311825
16:27:10,2.556612253,3.499172449,2.552896738
16:27:10,2.55718565,3.499680996,2.554427624
16:27:10,2.557345152,3.499147177,2.554438353
16:27:10,2.556856632,3.499091148,2.554077864
16:27:10,2.55656004,3.499450445,2.553411007
16:27:10,2.556628704,3.500479937,2.554436922
16:27:10,2.55740118,3.499719381,2.553656578
16:27:10,2.556527615,3.500050068,2.554062366
16:27:10,2.555992603,3.499219418,2.553463936
16:27:10,2.55659318,3.498633623,2.55457902
16:27:10,2.556622267,3.498374701,2.554102182
16:27:10,2.556869268,3.499636412,2.553838491
16:27:10,2.556648493,3.498896122,2.553593159
16:27:10,2.556978941,3.500092268,2.553155184
16:27:10,2.556745052,3.499662399,2.552764893
16:27:10,2.556180239,3.501103878,2.554547787
16:27:10,2.556895494,3.499689341,2.552969456
16:27:10,2.55725193,3.498893976,2.552412033
16:27:10,2.556850195,3.498631477,2.553522587
16:27:10,2.556659698,3.499291897,2.554418325
16:27:10,2.557295561,3.499735594,2.554483414
16:27:10,2.556857347,3.499453306,2.553554296
16:27:10,2.556886435,3.499744654,2.553179741
16:27:10,2.556404829,3.500275135,2.553861618
16:27:10,2.557199717,3.499894857,2.55268383
16:27:10,2.556854725,3.49848032,2.553851604
16:27:10,2.557026625,3.499052286,2.554022789
16:27:10,2.556012392,3.499295235,2.553103447
16:27:10,2.556686878,3.499753714,2.552462101
16:27:10,2.555836678,3.498759031,2.553044319
16:27:10,2.557095766,3.499826908,2.552609682
16:27:10,2.55598712,3.50018239,2.553624868
16:27:10,2.556615829,3.499315977,2.5532372
16:27:10,2.555907726,3.499484539,2.553132057
16:27:10,2.557962179,3.499343634,2.553602457
16:27:10,2.556836128,3.498199701,2.552973986
16:27:10,2.556584597,3.5,2.553567886
16:27:10,2.556270599,3.499612331,2.553148031
16:27:10,2.557065487,3.500608683,2.553567171
16:27:10,2.557126999,3.500147343,2.554135799
16:27:10,2.556535482,3.500295401,2.552917719
16:27:10,2.556758404,3.499792576,2.553079844
16:27:10,2.556793928,3.498158693,2.554018259
16:27:10,2.557031155,3.498696327,2.554556131
16:27:10,2.556903124,3.498838425,2.553775549
16:27:10,2.557529926,3.500684261,2.553073168
16:27:10,2.557049751,3.500390768,2.55352807
16:27:10,2.556584597,3.499853134,2.553028822
16:27:10,2.557128906,3.499759197,2.553819895
16:27:10,2.5566504,3.499676943,2.554299355
16:27:10,2.557510138,3.499419212,2.552846432
16:27:10,2.556797266,3.499575138,2.554223537
16:27:10,2.556518316,3.499961853,2.553219318
16:27:10,2.556996822,3.499354124,2.552881479
16:27:10,2.555682182,3.499555111,2.553407431
16:27:10,2.556218624,3.499978781,2.554231882
16:27:10,2.556819677,3.50018239,2.553458214
16:27:10,2.557486296,3.499511242,2.554214716
16:27:10,2.55623126,3.498497486,2.553449631
16:27:10,2.556919336,3.498769999,2.552666426
16:27:10,2.55573678,3.499069452,2.553524971
16:27:10,2.556296349,3.499844551,2.553136826
16:27:10,2.557199001,3.499821663,2.554002523
16:27:10,2.557409763,3.49976182,2.554098368
16:27:10,2.557125092,3.500450134,2.554134607
16:27:10,2.55743289,3.500221014,2.553146601
16:27:10,2.5566504,3.499271154,2.55299592
16:27:10,2.556913614,3.500502348,2.554035425
16:27:10,2.557533503,3.500597,2.553593636
16:27:10,2.557578325,3.500721216,2.553979158
16:27:10,2.556567192,3.499732018,2.552693129
16:27:10,2.556207895,3.50058794,2.554996252
16:27:10,2.55591917,3.500151157,2.553709984
16:27:10,2.557444811,3.50011158,2.553894758
16:27:10,2.556422472,3.499398947,2.554566622
16:27:10,2.556670427,3.498826742,2.553213835
16:27:10,2.555990696,3.499897242,2.553390503
16:27:10,2.557826519,3.500282526,2.554073095
16:27:10,2.55682683,3.5000422,2.552975893
16:27:10,2.557130337,3.499614239,2.552886724
16:27:10,2.557572365,3.499856234,2.551757097
16:27:10,2.557041168,3.499310255,2.553094387
16:27:10,2.556548119,3.500080109,2.553616285
16:27:10,2.556732416,3.499430895,2.553920984
16:27:10,2.556044817,3.500008821,2.553779602
16:27:10,2.557542562,3.499776602,2.552987099
16:27:10,2.556121111,3.498948097,2.553097725
16:27:10,2.556478739,3.498254299,2.553272486
16:27:10,2.556126595,3.49885869,2.553453922
16:27:10,2.55556488,3.499019146,2.552875996
16:27:10,2.556533813,3.499099493,2.5534513
16:27:10,2.556457758,3.498595715,2.553729296
16:27:10,2.55679512,3.499143124,2.55258584
16:27:10,2.556093693,3.499620199,2.554610014
16:27:10,2.556596994,3.500199556,2.553667784
16:27:10,2.556585789,3.499389172,2.553733826
16:27:10,2.556228399,3.498691797,2.55313611
16:27:10,2.555466652,3.498398066,2.553612947
16:27:10,2.555493832,3.498786926,2.553153038
16:27:10,2.556681633,3.499082565,2.552761078
16:27:10,2.55609107,3.498672485,2.553444147
16:27:10,2.557204247,3.498859406,2.553471804
16:27:10,2.556750774,3.499613523,2.552886009
16:27:10,2.556360483,3.49881959,2.553387642
16:27:10,2.55583334,3.499438763,2.553140163
16:27:10,2.555916548,3.499008656,2.552277088
16:27:10,2.555912733,3.498834133,2.551810026
16:27:10,2.556256056,3.499256611,2.553757906
16:27:10,2.556049347,3.498953342,2.552278996
16:27:10,2.556481123,3.500089884,2.553012609
16:27:10,2.556505203,3.499094248,2.553185701
16:27:10,2.555942297,3.498750448,2.553981781
16:27:10,2.555819511,3.498849392,2.553750992
16:27:10,2.555712223,3.49813509,2.55399251
16:27:10,2.557095766,3.499503374,2.55393362
16:27:10,2.557435513,3.49917984,2.554154873
16:27:10,2.556760311,3.499546528,2.554447412
16:27:10,2.557290792,3.499421835,2.553035498
16:27:10,2.556798697,3.500105619,2.552928448
16:27:11,2.556738377,3.500779629,2.553061485
16:27:11,2.55696106,3.498766899,2.553771496
16:27:11,2.555924416,3.498177528,2.553831816
16:27:11,2.556423187,3.498863935,2.553446293
16:27:11,2.556513071,3.498816252,2.554306746
16:27:11,2.556418896,3.49881959,2.552431583
16:27:11,2.556326866,3.498499155,2.553060532
16:27:11,2.556937218,3.500714302,2.552878141
16:27:11,2.555085421,3.499939203,2.55330801
16:27:11,2.556616306,3.500556707,2.553560019
16:27:11,2.55695653,3.499695301,2.554102898
16:27:11,2.556903839,3.499371052,2.553394079
16:27:11,2.556335449,3.498725653,2.55372858
16:27:11,2.5567801,3.498795509,2.554321051
16:27:11,2.556977034,3.49968338,2.554516792
16:27:11,2.556653976,3.499334574,2.553286791
16:27:11,2.557050943,3.499624014,2.553133249
16:27:11,2.55648756,3.500388622,2.553235292
16:27:11,2.557286978,3.500530958,2.554483414
16:27:11,2.557329655,3.49896121,2.553862333
16:27:11,2.555979967,3.49951911,2.552810192
16:27:11,2.556148529,3.500275135,2.553789616
16:27:11,2.557078123,3.499787807,2.552747965
16:27:11,2.556197166,3.499853849,2.553835869
16:27:11,2.55642128,3.498664379,2.554559708
16:27:11,2.555991173,3.500008106,2.553358793
16:27:11,2.556373119,3.499630451,2.553575754
16:27:11,2.556961775,3.500309229,2.55436492
16:27:11,2.556875229,3.499365091,2.551894188
16:27:11,2.556523085,3.498629093,2.553186417
16:27:11,2.555874825,3.49707675,2.552271128
16:27:11,2.556149244,3.498386383,2.552118778
16:27:11,2.555443525,3.499400854,2.553308725
16:27:11,2.556248426,3.499075413,2.552538157
16:27:11,2.556646824,3.49988246,2.553888559
16:27:11,2.556895018,3.498960257,2.55319047
16:27:11,2.556120157,3.499296665,2.553390026
16:27:11,2.556503057,3.498157978,2.551924467
16:27:11,2.55645895,3.499388456,2.553670406
16:27:11,2.556580544,3.499147892,2.552966595
16:27:11,2.556118727,3.498792887,2.552911997
16:27:11,2.556451082,3.499224663,2.553287268
16:27:11,2.556254148,3.499830246,2.552890778
16:27:11,2.556509972,3.500450134,2.55527544
16:27:11,2.55640769,3.499647617,2.553868771
16:27:11,2.556689024,3.498545647,2.55292964
16:27:11,2.555919886,3.498278618,2.552683115
16:27:11,2.556400776,3.497417927,2.552635193
16:27:11,2.55519557,3.497691631,2.552447796
16:27:11,2.556461334,3.499365091,2.553300619
16:27:11,2.556412697,3.499597311,2.55393815
16:27:11,2.556610823,3.499346733,2.553626537
16:27:11,2.555578232,3.498660564,2.55317378
16:27:11,2.555871725,3.496921062,2.552424431
16:27:11,2.555188417,3.4979496,2.552965403
16:27:11,2.555174589,3.497861862,2.553922415
16:27:11,2.555379152,3.497566223,2.552047491
16:27:11,2.555200338,3.498103857,2.552638054
16:27:11,2.554776907,3.498483658,2.552165985
16:27:11,2.556170225,3.498257875,2.552938461
16:27:11,2.556136608,3.497630119,2.55237031
16:27:11,2.555424452,3.497856379,2.552224636
16:27:11,2.555915833,3.497310638,2.552022219
16:27:11,2.556598902,3.498570919,2.552301645
16:27:11,2.555580139,3.498594522,2.552941561
16:27:11,2.555956602,3.499588251,2.553806782
16:27:11,2.555989027,3.498676062,2.552189827
16:27:11,2.555956125,3.498693705,2.55282259
16:27:11,2.556052446,3.499389172,2.552683115
16:27:11,2.556646109,3.498031378,2.552263021
16:27:11,2.556348562,3.499520302,2.552452087
16:27:11,2.556038618,3.499398232,2.553352356
16:27:11,2.556865454,3.498958349,2.552375555
16:27:11,2.555883408,3.498426914,2.553243876
16:27:11,2.554923058,3.4976933,2.552247763
16:27:11,2.555986404,3.498033524,2.552438736
16:27:11,2.556130171,3.498837709,2.553822994
16:27:11,2.556030273,3.49905467,2.552574396
16:27:11,2.555300236,3.499151468,2.552630186
16:27:11,2.555976391,3.49898839,2.552308083
16:27:11,2.556689024,3.500012875,2.554901838
