Time,X,Y,Z
15:12:13,2.563700438,3.508263111,2.560124636
15:12:13,2.563115835,3.509072304,2.56077528
15:12:13,2.562996864,3.50819993,2.560767174
15:12:13,2.563216686,3.508579016,2.561074018
15:12:13,2.563907146,3.509601593,2.560975313
15:12:13,2.563098669,3.508993864,2.560669899
15:12:13,2.562989473,3.509764671,2.561583519
15:12:13,2.563746691,3.509283543,2.560113907
15:12:13,2.563028336,3.509643555,2.561272383
15:12:13,2.563690424,3.508818388,2.560640335
15:12:13,2.564007044,3.510195732,2.561339855
15:12:13,2.563943624,3.509815693,2.560055017
15:12:13,2.562842607,3.510092735,2.561546803
15:12:13,2.563210964,3.509892941,2.560109138
15:12:13,2.563800097,3.509612083,2.560163498
15:12:13,2.563242674,3.50961709,2.561653376
15:12:13,2.562387705,3.508241653,2.560939074
15:12:13,2.562596321,3.508725166,2.560675144
15:12:13,2.563113451,3.508910894,2.560473442
15:12:13,2.562549591,3.508222103,2.560383797
15:12:13,2.563189507,3.508666515,2.561495304
15:12:13,2.563391924,3.509178638,2.562159538
15:12:13,2.564820528,3.509451151,2.561138391
15:12:13,2.56383872,3.509217739,2.562218666
15:12:13,2.562980175,3.509717464,2.562178612
15:12:13,2.564112663,3.509800911,2.561365366
15:12:13,2.563539267,3.508470535,2.561914206
15:12:13,2.563150167,3.509411573,2.561698437
15:12:13,2.563152075,3.50842309,2.561656952
15:12:13,2.562804461,3.509305954,2.561923265
15:12:13,2.563307047,3.509097576,2.561036825
15:12:13,2.563243866,3.509896278,2.56125927
15:12:13,2.563770056,3.511051178,2.562171936
15:12:13,2.563579321,3.510844469,2.561060905
15:12:13,2.564539433,3.510829926,2.561517715
15:12:13,2.563594103,3.510028362,2.562115669
15:12:13,2.563304901,3.509581089,2.562004805
15:12:13,2.563751936,3.509590864,2.560619831
15:12:13,2.563802242,3.509188414,2.561095476
15:12:13,2.5630548,3.508984089,2.562036514
15:12:13,2.563255548,3.509387493,2.561380863
15:12:13,2.56311965,3.509952307,2.560482264
15:12:13,2.563116312,3.51080513,2.560821295
15:12:13,2.562653303,3.509623528,2.562347174
15:12:13,2.56439805,3.510606766,2.561095476
15:12:13,2.562996864,3.510555267,2.560172558
15:12:13,2.563767672,3.51081109,2.560818434
15:12:13,2.563005447,3.509771109,2.560489893
15:12:13,2.563121557,3.51032877,2.561216116
15:12:13,2.563563824,3.510323524,2.559728861
15:12:13,2.563245773,3.508531809,2.561084747
15:12:13,2.563327074,3.508119822,2.560496807
15:12:13,2.563465118,3.50868082,2.560290575
15:12:13,2.562873363,3.509074926,2.562168598
15:12:13,2.562784672,3.508712769,2.561483383
15:12:13,2.562116861,3.507907152,2.561132431
15:12:13,2.562836885,3.508794546,2.559796333
15:12:13,2.562223673,3.509371758,2.56132555
15:12:13,2.562648296,3.508821011,2.560695887
15:12:13,2.563706636,3.508393526,2.560165405
15:12:13,2.562946558,3.50798583,2.561167955
15:12:13,2.563052893,3.508189917,2.562365532
15:12:13,2.563289881,3.508105278,2.561914206
15:12:13,2.563935041,3.507274866,2.561888218
15:12:13,2.563468695,3.508243561,2.562102318
15:12:13,2.563620567,3.507889271,2.560667992
15:12:14,2.56317997,3.508691072,2.560137749
15:12:14,2.562973738,3.508317232,2.560660124
15:12:14,2.563059092,3.508098364,2.560567617
15:12:14,2.562887669,3.508039474,2.560963154
15:12:14,2.563480616,3.507281065,2.561621666
15:12:14,2.563219309,3.50631237,2.560328245
15:12:14,2.563899279,3.508322001,2.563312531
15:12:14,2.563597202,3.507642746,2.561615705
15:12:14,2.563534498,3.50854373,2.560904026
15:12:14,2.563466311,3.508420944,2.562444925
15:12:14,2.563918352,3.507778406,2.561821461
15:12:14,2.563467979,3.509227514,2.561654806
15:12:14,2.563325882,3.509091377,2.560987949
15:12:14,2.563966751,3.509151936,2.560106754
15:12:14,2.563788414,3.509147882,2.561050892
15:12:14,2.563123465,3.510030746,2.560975313
15:12:14,2.563385963,3.510323524,2.561840057
15:12:14,2.563084602,3.510557413,2.562319279
15:12:14,2.562815666,3.509913206,2.562899351
15:12:14,2.563117027,3.510996342,2.560800314
15:12:14,2.564148426,3.509766817,2.561620235
15:12:14,2.563208103,3.509427309,2.56195116
15:12:14,2.563887835,3.510019779,2.561134815
15:12:14,2.562942028,3.511484385,2.561650038
15:12:14,2.563275099,3.511298418,2.562006712
15:12:14,2.563715696,3.512157679,2.562835217
15:12:14,2.564602852,3.512517214,2.561860561
15:12:14,2.564814568,3.511101961,2.561035872
15:12:14,2.563883543,3.511597395,2.561560869
15:12:14,2.563579321,3.511559486,2.561244726
15:12:14,2.563162088,3.510847569,2.562090874
15:12:14,2.563047171,3.510944843,2.560779095
15:12:14,2.562914371,3.509097576,2.561638117
15:12:14,2.563534975,3.5096457,2.560119152
15:12:14,2.562487364,3.509027958,2.561177254
15:12:14,2.564236403,3.509634018,2.561536312
15:12:14,2.563547611,3.510005236,2.560077429
15:12:14,2.563589334,3.509124279,2.561337948
15:12:14,2.563722849,3.509041309,2.560543776
15:12:14,2.564427137,3.509816647,2.560659409
15:12:14,2.562632084,3.509657621,2.560543776
15:12:14,2.563854933,3.510083675,2.562011957
15:12:14,2.56378746,3.507999659,2.560717583
15:12:14,2.563668013,3.508098841,2.562253952
15:12:14,2.563383818,3.507989407,2.560597897
15:12:14,2.563551903,3.508022308,2.561607122
15:12:14,2.562828302,3.50765276,2.560856581
15:12:14,2.563219309,3.507280588,2.560273886
15:12:14,2.564009666,3.508033514,2.56160903
15:12:14,2.563080549,3.507427454,2.559921265
15:12:14,2.563958168,3.507868528,2.560890913
15:12:14,2.563331604,3.508094072,2.561528444
15:12:14,2.563478947,3.508498192,2.561533689
15:12:14,2.564375162,3.510441065,2.561097383
15:12:14,2.56430769,3.511235237,2.56253171
15:12:14,2.564201117,3.509650469,2.560592651
15:12:14,2.563051462,3.509634018,2.561942339
15:12:14,2.563748598,3.509967566,2.560504913
15:12:14,2.562686205,3.509044886,2.561116457
15:12:14,2.563137531,3.510178804,2.561006546
15:12:14,2.562788725,3.509288788,2.561531305
15:12:14,2.563317776,3.510478258,2.561183214
15:12:14,2.564600945,3.509273291,2.561173916
15:12:16,2.564118624,3.509336948,2.561216831
15:12:16,2.563188314,3.510613441,2.56172061
15:12:16,2.563085318,3.509797812,2.560878277
15:12:16,2.563909292,3.510420084,2.56177187
15:12:16,2.563894033,3.510807753,2.56135726
15:12:16,2.56355691,3.511407137,2.561836004
15:12:16,2.56384635,3.511190891,2.561210871
15:12:16,2.564380407,3.510604143,2.563023567
15:12:16,2.563910484,3.510966539,2.560872316
15:12:16,2.564713955,3.510621786,2.563161373
15:12:16,2.563733339,3.510987282,2.560670853
15:12:16,2.563321829,3.511308908,2.561414003
15:12:16,2.563431978,3.511775255,2.561991215
15:12:16,2.563362837,3.509838104,2.561088324
15:12:16,2.563659906,3.50998497,2.562726736
15:12:16,2.56358552,3.510512114,2.561905861
15:12:16,2.563487053,3.509679794,2.561595201
15:12:16,2.56314683,3.509818554,2.560690641
15:12:16,2.564104795,3.510137558,2.562169313
15:12:16,2.564207792,3.509862423,2.560920715
15:12:16,2.563062191,3.509282351,2.56292963
15:12:16,2.563471794,3.508590937,2.559856653
15:12:16,2.562930584,3.509301186,2.561717033
15:12:16,2.564029694,3.50924325,2.561029673
15:12:16,2.563162565,3.509152651,2.561066866
15:12:16,2.563178539,3.508944511,2.561726809
15:12:16,2.562661886,3.507433891,2.560320139
15:12:16,2.563027382,3.507973433,2.561480284
15:12:16,2.56199646,3.506929874,2.560660124
15:12:16,2.561666012,3.506127596,2.560690641
15:12:16,2.561746836,3.506513357,2.559383631
15:12:16,2.562335491,3.505961895,2.560930014
15:12:16,2.5627141,3.505772829,2.560325384
15:12:16,2.563090563,3.507385731,2.560533762
15:12:16,2.562583923,3.506355524,2.560233355
15:12:16,2.561079979,3.505190134,2.55956769
15:12:16,2.562242985,3.50548315,2.560564756
15:12:16,2.562026739,3.505415678,2.560078621
15:12:16,2.56257987,3.505782604,2.56020093
15:12:16,2.562208652,3.504693747,2.560003519
15:12:16,2.562748909,3.506475449,2.560483456
15:12:16,2.562695026,3.505874634,2.560980797
15:12:16,2.563894033,3.507120132,2.560489893
15:12:16,2.563147545,3.507422924,2.560351372
15:12:16,2.563148737,3.507451534,2.560941935
15:12:16,2.563013077,3.50820756,2.561697006
15:12:16,2.563607931,3.508025646,2.560391665
15:12:16,2.563056946,3.509299994,2.560825586
15:12:16,2.562690735,3.50895977,2.56050539
15:12:16,2.562811613,3.510823965,2.561002731
15:12:16,2.563704967,3.511201382,2.56047821
15:12:16,2.562937737,3.510898352,2.55978322
15:12:16,2.562378407,3.510607481,2.560152054
15:12:16,2.563874722,3.511066914,2.560600519
15:12:16,2.562779427,3.511441231,2.561483383
15:12:16,2.563470602,3.512429953,2.560672045
15:12:18,2.56392765,3.513605595,2.562015772
15:12:18,2.563918352,3.512970686,2.561751842
15:12:18,2.56392765,3.512120485,2.56137085
15:12:18,2.563338995,3.511768818,2.56058073
15:12:18,2.562572479,3.51150465,2.561028481
15:12:18,2.563751221,3.510726929,2.560602903
15:12:18,2.562539577,3.510107756,2.560754776
15:12:18,2.563286304,3.510318518,2.562113523
15:12:18,2.563499689,3.510346413,2.560706854
15:12:18,2.563596249,3.509673119,2.561534882
15:12:18,2.563481331,3.509232283,2.560852528
15:12:18,2.56267643,3.510081053,2.560553551
15:12:18,2.563004017,3.508910418,2.560171843
15:12:18,2.562921524,3.508342743,2.560889006
15:12:18,2.56267643,3.508289814,2.561784983
15:12:18,2.56276083,3.507091999,2.560607195
15:12:18,2.56269002,3.507149458,2.560442448
15:12:18,2.56311965,3.506407499,2.560241461
15:12:18,2.562353373,3.505782604,2.561043739
15:12:18,2.562349319,3.505383968,2.56067729
15:12:18,2.56325531,3.505500793,2.560968876
15:12:18,2.563486338,3.506617785,2.562550783
15:12:18,2.564293861,3.507472992,2.561148167
15:12:18,2.56272316,3.507078409,2.56120491
15:12:18,2.563860416,3.506273985,2.561237574
15:12:18,2.563827991,3.508090973,2.561151981
15:12:18,2.563175678,3.508021116,2.560535908
15:12:18,2.563631773,3.508696318,2.561384916
15:12:39,2.563167334,3.513799191,2.561528444
15:12:39,2.563275576,3.514035702,2.561129093
15:12:39,2.564180136,3.512574673,2.561416149
15:12:39,2.563853264,3.512774944,2.560711622
15:12:39,2.563076019,3.511898518,2.560364008
15:12:39,2.563040257,3.51285553,2.561218977
15:12:39,2.563028336,3.513711929,2.561492682
15:12:39,2.564684153,3.512653589,2.561917067
15:12:39,2.56373024,3.512521744,2.560767889
15:12:39,2.564229727,3.513360977,2.561812639
15:12:39,2.563491583,3.511866093,2.559958458
15:12:39,2.563520193,3.511132002,2.559875011
15:12:39,2.563434124,3.511349201,2.560808897
15:12:39,2.563426256,3.510635376,2.559637547
15:12:39,2.563741207,3.508381128,2.559844017
15:12:39,2.563644409,3.509056091,2.561311007
15:12:39,2.5634799,3.508018017,2.560610056
15:12:39,2.563760042,3.506609917,2.560952425
15:12:39,2.563984632,3.506469727,2.560906887
15:12:39,2.563192368,3.507022381,2.561253309
15:12:39,2.563140869,3.506471634,2.559768677
15:12:39,2.562651157,3.505098104,2.560883522
15:12:39,2.563068151,3.505822182,2.560801506
15:12:39,2.562762022,3.505722523,2.560222387
15:12:39,2.563210964,3.505389452,2.561341286
15:12:39,2.564124584,3.506343603,2.561576605
15:12:39,2.562923431,3.506659269,2.562088013
15:12:39,2.56268549,3.505757093,2.562101603
15:12:39,2.563196898,3.50461483,2.56053853
15:12:39,2.56362772,3.505496025,2.561195135
15:12:39,2.562935829,3.505939245,2.560520411
15:12:39,2.563025236,3.506723404,2.560010672
15:12:39,2.562580585,3.50798583,2.561907291
15:12:39,2.563542366,3.507693768,2.560673475
15:12:39,2.563031673,3.507657766,2.560054302
15:12:39,2.56354928,3.509917259,2.561634302
15:12:39,2.563537359,3.51006937,2.560716867
15:12:39,2.563741922,3.510219336,2.56136775
15:12:39,2.563278913,3.510756254,2.560809612
15:12:39,2.563913822,3.510551929,2.560985088
15:12:39,2.563666105,3.510937214,2.562315464
15:12:39,2.563313961,3.510702133,2.559273958
15:12:39,2.563510656,3.512778759,2.560962439
15:12:39,2.562963009,3.5124228,2.560148954
15:12:39,2.563103199,3.512456656,2.560940504
15:12:39,2.564012289,3.513299465,2.560660124
15:12:39,2.563650131,3.513646841,2.56181097
15:12:39,2.56355238,3.513001204,2.561507463
15:12:39,2.563640833,3.513180017,2.560131788
15:12:39,2.563857794,3.512823343,2.560724258
15:12:39,2.564122677,3.513050795,2.561420679
15:12:39,2.563566685,3.512159109,2.560029745
15:12:39,2.563489676,3.510835409,2.560554266
15:12:39,2.562291861,3.509837389,2.5599401
15:12:39,2.562923431,3.509997368,2.560010672
15:12:39,2.563582897,3.508657932,2.559379101
15:12:39,2.563733339,3.508907318,2.560237646
15:12:39,2.562649965,3.510147333,2.560070753
15:12:39,2.562904835,3.509592295,2.561148882
15:12:39,2.56315279,3.508598804,2.560802221
15:12:39,2.563607931,3.508860826,2.560292482
15:12:39,2.564713955,3.508978367,2.561321974
15:12:39,2.563661337,3.508490801,2.560931921
15:12:39,2.563376665,3.506059885,2.561330795
15:12:39,2.564445019,3.506695509,2.56133914
15:12:39,2.563640118,3.50472641,2.560340166
15:12:39,2.562962294,3.506258011,2.561245918
15:12:39,2.562143087,3.504822731,2.56017065
15:12:39,2.563028097,3.504503965,2.559765816
15:12:39,2.562334061,3.505015135,2.561241388
15:12:39,2.564726591,3.506625414,2.561344624
15:12:39,2.563913822,3.507101297,2.561849833
15:12:39,2.563658714,3.506808996,2.561086655
15:12:39,2.564555407,3.507986784,2.561881781
15:12:39,2.564588308,3.508567333,2.561841965
15:12:39,2.564929962,3.50831008,2.563963413
15:12:39,2.563312531,3.507851362,2.563198328
15:12:39,2.564794302,3.508381128,2.562338114
15:12:39,2.56384182,3.508740902,2.560515165
15:12:39,2.563923836,3.509029865,2.561906815
15:12:40,2.563662767,3.509981871,2.560961723
15:12:40,2.563652277,3.509767771,2.561524391
15:12:40,2.564703226,3.511338234,2.561866283
15:12:40,2.563816071,3.511501074,2.561425209
15:12:40,2.564640522,3.512682915,2.562211514
15:12:40,2.56461072,3.513486624,2.562372684
15:12:40,2.564019442,3.51257658,2.56177187
15:12:40,2.565253735,3.513214588,2.56272316
15:12:40,2.564542055,3.513850212,2.561921835
15:12:40,2.56421113,3.513667583,2.561790466
15:12:40,2.564766169,3.513940096,2.562537432
15:12:40,2.564471483,3.514632463,2.562487364
15:12:40,2.563714266,3.514431477,2.561640024
15:12:40,2.563962698,3.515192032,2.561331272
15:12:40,2.56445694,3.514311552,2.562265158
15:12:40,2.563132048,3.513819456,2.561602592
15:12:40,2.564803839,3.514423132,2.562409878
15:12:40,2.564857721,3.513530493,2.561737537
15:12:40,2.56413126,3.512671947,2.561742783
15:12:40,2.564806938,3.51251483,2.562620401
15:12:40,2.56438756,3.511911869,2.562548161
15:12:40,2.565335512,3.512256145,2.562622786
15:12:40,2.565025806,3.511592627,2.563035488
15:12:40,2.56417799,3.511182785,2.561452389
15:12:40,2.564268589,3.510394812,2.56188488
15:12:40,2.56390214,3.508381844,2.561965704
15:12:40,2.56206584,3.506441116,2.560709715
15:12:40,2.56338191,3.506188393,2.560616493
15:12:40,2.563882113,3.505651474,2.560393572
15:12:40,2.563026428,3.505782604,2.561997414
15:12:40,2.56336832,3.505153656,2.561609745
15:12:40,2.563260555,3.505158186,2.561345339
15:12:40,2.56392765,3.50463891,2.561530352
15:12:40,2.563792706,3.505628586,2.560865641
15:12:40,2.563030958,3.505757093,2.560772419
15:12:40,2.563513994,3.505462646,2.561002016
15:12:40,2.563862324,3.506324768,2.560880423
15:12:40,2.56324625,3.505759001,2.559900045
15:12:40,2.563080549,3.507266283,2.562632322
15:12:40,2.563719034,3.507563591,2.561296701
15:12:40,2.563247204,3.5075984,2.561872482
15:12:40,2.562916756,3.508733034,2.562050104
15:12:40,2.563956261,3.509511232,2.560189724
15:12:40,2.562602997,3.508729219,2.561152697
15:12:40,2.563537359,3.509711504,2.561899424
15:12:40,2.562703371,3.509827137,2.560773849
15:12:40,2.5633986,3.510239363,2.560882092
15:12:40,2.562935352,3.509926558,2.560509682
15:12:40,2.563201666,3.509658337,2.560320139
15:12:40,2.561781168,3.511474848,2.559876442
15:12:40,2.562858105,3.51149416,2.560818911
15:12:40,2.562607527,3.512621403,2.559900045
15:12:40,2.562182665,3.512759209,2.561099768
15:12:40,2.56345439,3.513190746,2.561371803
15:12:40,2.563315868,3.512008905,2.558998108
15:12:40,2.562864542,3.512019873,2.560069561
15:12:40,2.563287973,3.51184845,2.56071806
15:12:40,2.563741922,3.511288404,2.562207699
15:12:40,2.563319206,3.511832714,2.559587955
15:12:40,2.562684298,3.511224031,2.560179949
15:12:40,2.56264472,3.510797977,2.560729504
15:12:40,2.562644005,3.509925842,2.560905457
15:12:40,2.56281209,3.509766817,2.56117177
15:12:40,2.56336689,3.507953167,2.561394215
15:12:40,2.563657045,3.509150505,2.560845375
15:12:40,2.562755585,3.509157181,2.562303543
15:12:40,2.563005447,3.507736206,2.561435223
15:12:40,2.562555313,3.50603199,2.559867859
15:12:40,2.562333345,3.505740643,2.561902761
15:12:40,2.562164068,3.506605864,2.561443567
15:12:40,2.561685801,3.504874229,2.559974194
15:12:40,2.563545704,3.505149126,2.560409307
15:12:40,2.562639236,3.505829334,2.561313629
15:12:40,2.562762022,3.505619287,2.562011242
15:12:40,2.561962128,3.504316568,2.560353279
15:12:40,2.562373161,3.504891872,2.560879946
15:12:40,2.562249422,3.505051851,2.560723543
15:12:40,2.564131975,3.507075548,2.560369015
15:12:40,2.562502384,3.505979061,2.560342789
15:12:40,2.56232357,3.505974531,2.561784983
15:12:40,2.562892437,3.506921768,2.561429262
15:12:40,2.563783646,3.507605314,2.561095953
15:12:40,2.564117908,3.508068085,2.560987473
15:12:40,2.563513041,3.507488728,2.56182456
15:12:40,2.563365459,3.507927179,2.560828686
15:12:40,2.563960791,3.508656025,2.560581446
15:12:40,2.56318903,3.509785414,2.559290409
15:12:40,2.56355834,3.509425402,2.559899569
15:12:40,2.564120054,3.510476351,2.560777903
15:12:40,2.564104795,3.510535002,2.561213493
15:12:40,2.564087629,3.511627913,2.561408043
15:12:40,2.563557625,3.511160851,2.560411453
15:12:40,2.563347816,3.510980606,2.559614658
15:12:40,2.564267874,3.51260066,2.561265707
15:12:40,2.563173771,3.511693716,2.560340643
15:12:40,2.563516617,3.51242137,2.560795784
15:12:40,2.564573765,3.513150692,2.561733246
15:12:40,2.56374073,3.512685537,2.562762022
15:12:40,2.563631058,3.513097525,2.560131788
15:12:40,2.563126087,3.512541294,2.560146809
15:12:40,2.562828302,3.511978865,2.55972743
15:12:40,2.56314683,3.51206708,2.561061382
15:12:40,2.562702179,3.510257006,2.560734987
15:12:40,2.562702179,3.510606766,2.560775995
15:12:40,2.562295198,3.510005236,2.559572935
15:12:40,2.562784672,3.509512663,2.560604572
15:12:40,2.563884258,3.510575533,2.560852528
15:12:40,2.563711405,3.510995865,2.559681416
15:12:40,2.563024521,3.5107131,2.560827494
15:12:40,2.564091206,3.51047039,2.562255144
15:12:40,2.56278801,3.509083986,2.560314894
15:12:40,2.563048363,3.510177612,2.560779095
15:12:40,2.562920809,3.508047819,2.561519861
15:12:40,2.563373327,3.507700205,2.561015368
15:12:40,2.563258171,3.507349014,2.561789751
15:12:40,2.564170122,3.506608486,2.560163498
15:12:40,2.562670231,3.506510019,2.56174469
15:12:40,2.563874722,3.506138802,2.560964823
15:12:40,2.562873602,3.506108761,2.560602903
15:12:41,2.562852859,3.505749702,2.560444593
15:12:41,2.562770128,3.50604248,2.560087919
15:12:41,2.563519478,3.505395651,2.560533762
15:12:41,2.563153982,3.506313086,2.560423851
15:12:41,2.562357187,3.505741358,2.56120491
15:12:41,2.563292742,3.506311655,2.560685873
15:12:41,2.563215494,3.50677371,2.559920549
15:12:41,2.562565088,3.506349564,2.560856581
15:12:41,2.563728333,3.505977154,2.561443567
15:12:41,2.562962294,3.506780863,2.560778379
15:12:41,2.562941313,3.507157803,2.561382771
15:12:41,2.563655376,3.508332968,2.560542345
15:12:41,2.563451767,3.509089231,2.559597492
15:12:41,2.563789845,3.509887218,2.56081605
15:12:41,2.563546419,3.511289358,2.561329365
15:12:41,2.563487053,3.511336327,2.561300993
15:12:41,2.564004421,3.51128149,2.561538458
15:12:41,2.56396389,3.511836052,2.561308146
15:12:41,2.56415391,3.513077021,2.562347889
15:12:41,2.56401515,3.51339221,2.561702967
15:12:41,2.564347267,3.511669874,2.560584784
15:12:41,2.563536644,3.5125947,2.56136775
15:12:41,2.563907146,3.511869907,2.560976744
15:12:41,2.562886238,3.511553526,2.561441183
15:12:41,2.562786579,3.512135506,2.559951782
15:12:41,2.563434601,3.51300478,2.56075263
15:12:41,2.563141584,3.512313128,2.56154108
15:12:41,2.564383507,3.511516333,2.560273886
15:12:41,2.563352108,3.51175046,2.560773849
15:12:41,2.563708544,3.510668278,2.559775352
15:12:41,2.563430309,3.510210037,2.56145978
15:12:41,2.563971996,3.510243654,2.560996771
15:12:41,2.563498974,3.508823872,2.5616467
15:12:41,2.56278944,3.508225918,2.560736179
15:12:41,2.562594891,3.508355141,2.560828686
15:12:41,2.563606262,3.508498192,2.560477734
15:12:41,2.563212872,3.507974863,2.560293674
15:12:41,2.562783957,3.508133411,2.560254574
15:12:41,2.563229322,3.50711298,2.559937954
15:12:41,2.56267643,3.506687403,2.560502529
15:12:41,2.563340902,3.506324053,2.560626268
15:12:41,2.562764168,3.507227182,2.558792591
15:12:41,2.562199354,3.50572896,2.559901476
15:12:41,2.562607527,3.505241871,2.559937954
15:12:41,2.562674522,3.505702972,2.561007261
15:12:41,2.562050581,3.505518198,2.560367584
15:12:41,2.563382626,3.506099701,2.560968161
15:12:41,2.562999964,3.506934881,2.560469627
15:12:41,2.562909603,3.50626421,2.560553551
15:12:41,2.562927961,3.506757975,2.560384989
15:12:41,2.563784361,3.507206678,2.561009884
15:12:41,2.562999964,3.506823778,2.560861349
15:12:41,2.563719749,3.506127596,2.561707735
15:12:41,2.563001156,3.507552147,2.560668707
15:12:41,2.562840939,3.507725716,2.561355352
15:12:41,2.56329155,3.508740902,2.561676741
15:12:41,2.562311649,3.509489298,2.560380936
15:12:41,2.563394547,3.508971214,2.56091094
15:12:41,2.562375069,3.509402275,2.560319424
15:12:41,2.56329155,3.509304047,2.559862375
15:12:41,2.563286304,3.511663198,2.56055212
15:12:41,2.56314683,3.511854649,2.560119152
15:12:41,2.563926697,3.511975288,2.562363148
15:12:41,2.562881947,3.51211381,2.56038022
15:12:41,2.563066244,3.511810064,2.55978632
15:12:41,2.56333828,3.513058186,2.561417341
15:12:41,2.563905954,3.512864828,2.561078548
15:12:41,2.563498974,3.513717651,2.560650826
15:12:41,2.564410686,3.515095234,2.562120914
15:12:41,2.563964844,3.513874292,2.561321974
15:12:41,2.563345671,3.512783289,2.560414076
15:12:41,2.563130856,3.512765169,2.562050104
15:12:41,2.562927961,3.512234449,2.560428619
15:12:41,2.563545704,3.512182474,2.560047626
15:12:41,2.563329697,3.510347128,2.562199593
15:12:41,2.563704252,3.510720968,2.560381651
15:12:41,2.562072992,3.510397196,2.560858488
15:12:41,2.563441753,3.509433746,2.560925961
15:12:41,2.563619137,3.50947547,2.560497284
15:12:41,2.563339472,3.509641409,2.561661482
15:12:41,2.563165903,3.509123087,2.560271978
15:12:41,2.562801123,3.507276058,2.560386181
15:12:41,2.562891006,3.506551266,2.560833931
15:12:41,2.563265085,3.506596327,2.560533047
15:12:41,2.563714981,3.505087614,2.561171293
15:12:41,2.56339097,3.505164623,2.560448885
15:12:41,2.562586546,3.50523901,2.561220407
15:12:41,2.562983036,3.505384445,2.560442448
15:12:41,2.563230038,3.505380869,2.560004473
15:12:41,2.562372446,3.505633831,2.560131788
15:12:41,2.562096357,3.50465703,2.560847282
15:12:41,2.564184427,3.505038738,2.560451746
15:12:41,2.56257987,3.505485773,2.561760187
15:12:41,2.563177109,3.505865574,2.560810089
15:12:41,2.563456535,3.506669998,2.562958956
15:12:41,2.56413126,3.508365631,2.561502457
15:12:41,2.563875198,3.509030581,2.561915874
15:12:41,2.563960075,3.509704113,2.56246686
15:12:41,2.564269781,3.510403156,2.561628103
15:12:41,2.563102484,3.508868694,2.561360359
15:12:41,2.564466715,3.510378361,2.562167168
15:12:41,2.564551353,3.512335539,2.561231613
15:12:41,2.563121557,3.510405779,2.560906887
15:12:41,2.56300354,3.511258602,2.560994148
15:12:41,2.562736511,3.510990858,2.561201811
15:12:41,2.564014196,3.511405468,2.561928988
15:12:41,2.563711405,3.511026382,2.561202288
15:12:41,2.563049555,3.511574984,2.560518026
15:12:41,2.564111471,3.512166262,2.561580896
15:12:41,2.56400013,3.512094975,2.560415506
15:12:41,2.562720537,3.512029648,2.560976744
15:12:41,2.563584805,3.512070894,2.562220335
15:12:41,2.563537359,3.512934208,2.560250759
15:12:41,2.562989473,3.511611462,2.561392307
15:12:41,2.56368804,3.512139559,2.560698986
15:12:41,2.563182354,3.511802912,2.561187267
15:12:41,2.562963963,3.511543036,2.56015563
15:12:41,2.563517332,3.510710001,2.559865952
15:12:41,2.563713789,3.509842873,2.56206274
15:12:42,2.56189394,3.509397984,2.559921265
15:12:42,2.563773632,3.509517431,2.561441183
15:12:42,2.563002825,3.508949995,2.561012506
15:12:42,2.562720537,3.509771824,2.561908722
15:12:42,2.563156605,3.50854063,2.560734987
15:12:42,2.562955856,3.507023573,2.56093359
15:12:42,2.563062668,3.507654667,2.559909105
15:12:42,2.563453197,3.507246256,2.55953598
15:12:42,2.561737061,3.505698442,2.560436487
15:12:42,2.562283278,3.505066872,2.559067011
15:12:42,2.563163042,3.506594181,2.560386181
15:12:42,2.563788414,3.505464792,2.560245275
15:12:42,2.562610865,3.506180048,2.558745384
15:12:42,2.562775612,3.505675554,2.560795069
15:12:42,2.562861443,3.504943371,2.559880972
15:12:42,2.562816381,3.504454851,2.56047821
15:12:42,2.563272476,3.504883528,2.560247421
15:12:42,2.56264925,3.504979372,2.561836481
15:12:42,2.563340187,3.504836559,2.560512543
15:12:42,2.562775612,3.504852295,2.56081295
15:12:42,2.563293457,3.505906582,2.561763763
15:12:42,2.563946486,3.506469011,2.560358524
15:12:42,2.563070774,3.506364584,2.560664177
15:12:42,2.563062668,3.506846905,2.561372995
15:12:42,2.562788725,3.5077281,2.561476946
15:12:42,2.5633986,3.508595943,2.559911251
15:12:42,2.561619759,3.508002758,2.559606552
15:12:42,2.562886953,3.50818491,2.559869528
15:12:42,2.563916445,3.51071763,2.561094522
15:12:42,2.563786268,3.510945559,2.560715675
15:12:42,2.563773632,3.511348009,2.561353922
15:12:42,2.562121868,3.511457682,2.560114622
15:12:42,2.563534021,3.512839556,2.561649561
15:12:42,2.562666893,3.513276577,2.562031746
15:12:42,2.563208818,3.514036894,2.560080767
15:12:42,2.563117027,3.513096571,2.56170702
15:12:42,2.563038349,3.514015198,2.56122756
15:12:42,2.563062668,3.515249014,2.560792208
15:12:42,2.56268549,3.513176918,2.560338497
15:12:42,2.564260721,3.514185667,2.561743259
15:12:42,2.564326048,3.514194727,2.560301542
15:12:42,2.563288689,3.51436615,2.561353207
15:12:42,2.563550472,3.51290369,2.561318636
15:12:42,2.563869476,3.512055874,2.560153961
15:12:42,2.562629223,3.511315107,2.560470819
15:12:42,2.563142061,3.511821032,2.560976744
15:12:42,2.563079596,3.510375977,2.561010599
15:12:42,2.562246323,3.509260893,2.560431242
15:12:42,2.562449932,3.509182453,2.560771942
15:12:42,2.564049482,3.509040356,2.560833931
15:12:42,2.563268185,3.507890463,2.559734821
15:12:42,2.56282711,3.506842136,2.561511278
15:12:42,2.562651157,3.506217003,2.560149431
15:12:42,2.562945366,3.505104065,2.560306072
15:12:42,2.561983347,3.505495548,2.560759783
15:12:42,2.56247735,3.504538298,2.560518026
15:12:42,2.563091755,3.504905462,2.559051037
15:12:42,2.562287092,3.50442338,2.560800314
15:12:42,2.562694311,3.504477501,2.56082201
15:12:42,2.562953949,3.504785538,2.560316086
15:12:42,2.56291151,3.505145073,2.560235023
15:12:42,2.563628912,3.504776478,2.559929371
15:12:42,2.561915874,3.504815102,2.560607195
15:12:42,2.562820435,3.505059004,2.560048819
15:12:42,2.562328815,3.505546331,2.560559511
15:12:42,2.562831879,3.505771399,2.560492039
15:12:42,2.563609123,3.505947113,2.561129808
15:12:42,2.562811136,3.505778074,2.560906172
15:12:42,2.562081575,3.506066561,2.561036825
15:12:42,2.56275034,3.506588459,2.560343266
15:12:42,2.563489676,3.507620573,2.56003499
15:12:42,2.56351161,3.50861311,2.560531139
15:12:42,2.563303232,3.509259462,2.560999393
15:12:42,2.56283474,3.509000063,2.56129384
15:12:42,2.56384635,3.51054287,2.560127497
15:12:42,2.563292742,3.511159658,2.561537743
15:12:42,2.562790155,3.510016203,2.560533762
15:12:42,2.562600374,3.511821747,2.561393499
15:12:42,2.562125206,3.512172699,2.560631752
15:12:42,2.563306808,3.512542725,2.561311483
15:12:42,2.562632799,3.511586905,2.561067581
15:12:42,2.562552929,3.512656212,2.560872793
15:12:42,2.563284159,3.513253689,2.560468435
15:12:42,2.562861443,3.513040304,2.560748577
15:12:42,2.564262629,3.513528347,2.560832024
15:12:42,2.563107729,3.513325453,2.560517311
15:12:42,2.56268239,3.513326883,2.562042952
15:12:42,2.563194275,3.511916399,2.560012579
15:12:42,2.563256979,3.51213026,2.560292959
15:12:42,2.563403606,3.512007713,2.56022501
15:12:42,2.563643694,3.511467695,2.561728954
15:12:42,2.563088655,3.50912571,2.561414003
15:12:42,2.562601805,3.508975744,2.559577703
15:12:42,2.562469006,3.509032249,2.559828758
15:12:42,2.56280303,3.508905411,2.561597824
15:12:42,2.563166618,3.506940126,2.560418844
15:12:42,2.563449383,3.507096052,2.560377598
15:12:42,2.563062191,3.506463528,2.560248137
15:12:42,2.562752962,3.506420135,2.561184406
15:12:42,2.563648701,3.505295038,2.560811281
15:12:42,2.562705278,3.504561901,2.560882092
15:12:42,2.563106298,3.504697561,2.560492754
15:12:42,2.563632965,3.503866196,2.560452461
15:12:42,2.562417507,3.50310874,2.560676336
15:12:42,2.562585592,3.503408432,2.560454369
15:12:42,2.563132048,3.504508972,2.561355829
15:12:42,2.563553095,3.503723383,2.559691191
15:12:42,2.562918663,3.504700661,2.560468435
15:12:42,2.562737226,3.503851891,2.559996128
15:12:42,2.562491179,3.505015135,2.560275078
15:12:42,2.562496424,3.505173206,2.56067729
15:12:42,2.563301325,3.506133795,2.560732365
15:12:42,2.562981367,3.507301569,2.560090542
15:12:42,2.562643528,3.507437944,2.560978889
15:12:42,2.562605143,3.508842707,2.561149597
15:12:42,2.56316781,3.508634329,2.560276985
15:12:43,2.56396389,3.511241674,2.560969591
15:12:43,2.562628031,3.510182142,2.560555696
15:12:43,2.563225269,3.512207985,2.561809063
15:12:43,2.562693596,3.512620926,2.560955763
15:12:43,2.562492609,3.512335539,2.560097694
15:12:43,2.563551188,3.51353097,2.560222387
15:12:43,2.563157797,3.513620377,2.560480833
15:12:43,2.563803434,3.513973475,2.56099081
15:12:43,2.563258171,3.512324572,2.561342001
15:12:43,2.563625813,3.512960196,2.562218189
15:12:43,2.563100576,3.514164209,2.559964418
15:12:43,2.561857224,3.513634205,2.561197758
15:12:43,2.562241793,3.512530088,2.561283112
15:12:43,2.563666821,3.513600349,2.56167984
15:12:43,2.563251734,3.512584925,2.560324669
15:12:43,2.563625813,3.514620781,2.561748743
15:12:43,2.564228058,3.514404535,2.561701059
15:12:43,2.564584494,3.512481928,2.562446356
15:12:43,2.564093351,3.51167345,2.562755346
15:12:43,2.564074278,3.511689425,2.560554266
15:12:43,2.564215183,3.510674,2.560646296
15:12:43,2.5636971,3.509445429,2.561414719
15:12:43,2.56394887,3.510174036,2.561774969
15:12:43,2.564891815,3.509744883,2.561459064
15:12:43,2.563900471,3.506721497,2.562232256
15:12:43,2.564348698,3.50724411,2.561283112
15:12:43,2.564116716,3.507932425,2.560486078
15:12:43,2.564183474,3.507422209,2.560940981
15:12:43,2.564415216,3.506195545,2.561930418
15:12:43,2.563709736,3.506705046,2.56175518
15:12:43,2.563470602,3.504972458,2.561029673
15:12:43,2.563289881,3.503783941,2.560807705
15:12:43,2.563178539,3.504342556,2.560890198
15:12:43,2.562933445,3.504493952,2.560612679
15:12:43,2.562816381,3.506028414,2.561156034
15:12:43,2.563995123,3.505592585,2.562532902
15:12:43,2.563225269,3.505060911,2.562036514
15:12:43,2.564477444,3.505849838,2.561514616
15:12:43,2.56397748,3.506025791,2.560567617
15:12:43,2.562144279,3.506019354,2.558586836
15:12:43,2.5627141,3.505150318,2.559901953
15:12:43,2.562492609,3.505409479,2.560911655
15:12:43,2.562273502,3.507152796,2.559976339
15:12:43,2.562741041,3.507938385,2.559733629
15:12:43,2.562335014,3.507791281,2.560185432
15:12:43,2.562726021,3.511019945,2.560891628
15:12:43,2.564048767,3.512295961,2.561745882
15:12:43,2.563871622,3.51162076,2.562221527
15:12:43,2.563781977,3.512120008,2.560437441
15:12:43,2.56486249,3.515409708,2.561582088
15:12:43,2.564818859,3.514894485,2.562339783
15:12:43,2.564233065,3.515519142,2.562216759
15:12:43,2.564782858,3.51530242,2.562136173
15:12:43,2.564362526,3.515123844,2.562253952
15:12:43,2.564885139,3.515449286,2.561217546
15:12:43,2.563748598,3.515260935,2.562613726
15:12:43,2.563978195,3.51530242,2.561808348
15:12:43,2.56437993,3.514697075,2.561825275
15:12:43,2.564328671,3.514930725,2.56180191
15:12:43,2.564629316,3.514019012,2.562011242
15:12:43,2.564225674,3.513126135,2.56168437
15:12:43,2.5632236,3.513375759,2.561078548
15:12:43,2.56378293,3.512398958,2.562885523
15:12:43,2.563343763,3.509981871,2.560745001
15:12:43,2.563333035,3.511231899,2.561423302
15:12:43,2.563726187,3.51054287,2.561458588
15:12:43,2.564470768,3.508706093,2.562194824
15:12:43,2.563657045,3.507731438,2.560516596
15:12:43,2.562516212,3.50609374,2.560964346
15:12:43,2.562300444,3.505153656,2.560308933
15:12:43,2.562819958,3.504938364,2.560022593
15:12:43,2.562193155,3.504052877,2.560477734
15:12:43,2.561870337,3.503595591,2.560439825
15:12:43,2.564106703,3.504932165,2.562425852
15:12:43,2.562971115,3.505302191,2.560900211
15:12:43,2.563637257,3.504998207,2.559688091
15:12:43,2.563076735,3.504688978,2.5618155
15:12:43,2.562458992,3.504339457,2.56055212
15:12:43,2.56311512,3.503732443,2.561984062
15:12:43,2.563714981,3.504789352,2.560701847
15:12:43,2.562735081,3.505401134,2.561732054
15:12:43,2.563060045,3.505568027,2.559570074
15:12:43,2.562315702,3.504941702,2.559829473
15:12:43,2.562393665,3.505316734,2.560382366
15:12:43,2.562760115,3.507306099,2.559285879
15:12:43,2.562277079,3.506758451,2.560740709
15:12:43,2.562097549,3.507767916,2.559730053
15:12:43,2.56330204,3.509143114,2.561329365
15:12:43,2.563447237,3.509883165,2.559773445
15:12:43,2.562227726,3.510221958,2.561390162
15:12:43,2.563690424,3.511152983,2.56181407
15:12:43,2.563074589,3.512485504,2.560472727
15:12:43,2.563547134,3.513148308,2.561956882
15:12:43,2.563459158,3.51342988,2.561538458
15:12:43,2.563890219,3.514352083,2.561519384
15:12:43,2.563849688,3.513878345,2.561853647
15:12:43,2.563766479,3.514389753,2.560031176
15:12:43,2.563251019,3.514444828,2.561702967
15:12:43,2.562980175,3.513584614,2.561033964
15:12:43,2.563385487,3.514473915,2.561973333
15:12:43,2.56327796,3.514329672,2.560562849
15:12:43,2.562713385,3.514404058,2.56235528
15:12:43,2.563421488,3.513843536,2.560301542
15:12:43,2.562639952,3.512647152,2.561115265
15:12:43,2.562591791,3.513608217,2.561760426
15:12:43,2.562552214,3.512106895,2.560499668
15:12:43,2.562104702,3.511409521,2.561390162
15:12:43,2.562169552,3.510187387,2.560646296
15:12:43,2.563913822,3.509126902,2.561274529
15:12:43,2.563210249,3.509301186,2.56003499
15:12:43,2.563116312,3.508993864,2.56057024
15:12:43,2.562485456,3.506993294,2.560488224
15:12:43,2.562418699,3.506125689,2.560026646
15:12:43,2.562493324,3.505026817,2.560699701
15:12:43,2.562926769,3.505589962,2.560235023
15:12:43,2.562955856,3.504330635,2.560309649
15:12:43,2.562551498,3.502676964,2.559696436
15:12:43,2.563636303,3.504416943,2.560697079
15:12:43,2.563150167,3.504240751,2.560722351
15:12:44,2.56233263,3.501578808,2.560483456
15:12:44,2.563309193,3.50287652,2.561607122
15:12:44,2.562437773,3.502453804,2.561004162
15:12:44,2.563594818,3.502476692,2.561434507
15:12:44,2.563207388,3.501758814,2.560311079
15:12:44,2.563279629,3.504218102,2.561509848
15:12:44,2.563531399,3.50440383,2.561178684
15:12:44,2.563750744,3.505733728,2.561548948
15:12:44,2.563566685,3.504435301,2.561184406
15:12:44,2.562558651,3.505218029,2.560585499
15:12:44,2.563308477,3.509277821,2.561764479
15:12:44,2.563463926,3.50797224,2.560955048
15:12:44,2.563272953,3.508254051,2.561249495
15:12:44,2.563181162,3.509355545,2.561551094
15:12:44,2.563324451,3.510599613,2.560238123
15:12:44,2.5627563,3.510957241,2.560357809
15:12:44,2.562238932,3.511074543,2.561077595
15:12:44,2.562759638,3.513009071,2.56026721
15:12:44,2.563079834,3.513675451,2.561475515
15:12:44,2.562840223,3.514398813,2.559355021
15:12:44,2.562660933,3.51436305,2.561594725
15:12:44,2.563450098,3.514597893,2.561722994
15:12:44,2.562505245,3.515383005,2.561145544
15:12:44,2.563261747,3.51598382,2.562176704
15:12:44,2.564801931,3.516312361,2.561605692
15:12:44,2.56365633,3.514952898,2.560987949
15:12:44,2.564052582,3.51571703,2.560186625
15:12:44,2.563730717,3.514975071,2.56106019
15:12:44,2.564254284,3.514489651,2.561115265
15:12:44,2.564702034,3.513711214,2.560007334
15:12:44,2.563594818,3.513332844,2.560386896
15:12:44,2.563556433,3.512053967,2.560829401
15:12:44,2.563652277,3.511904001,2.562282324
15:12:44,2.564238787,3.511826992,2.561964273
15:12:44,2.564430714,3.510506392,2.561101198
15:12:44,2.563738346,3.509110928,2.56091404
15:12:44,2.563697815,3.509032249,2.560565472
15:12:44,2.563412905,3.507535696,2.561749935
15:12:44,2.564662218,3.506604671,2.56095171
15:12:44,2.563848972,3.506414652,2.560276985
15:12:44,2.56347847,3.503859997,2.56017065
15:12:44,2.563534975,3.505563974,2.561730146
15:12:44,2.56365943,3.50327301,2.562112331
15:12:44,2.563380003,3.503822565,2.561613798
15:12:44,2.562917471,3.50289607,2.560841084
15:12:44,2.562778234,3.501652479,2.560032606
15:12:44,2.563685179,3.502140522,2.561331272
15:12:44,2.563613415,3.503612518,2.561043024
15:12:44,2.563074112,3.502993345,2.561220884
15:12:44,2.561820269,3.503040314,2.562142372
15:12:44,2.562353373,3.504114389,2.56029892
15:12:44,2.563123465,3.504375696,2.560903311
15:12:44,2.56302309,3.505895376,2.562004805
15:12:44,2.562547922,3.506155252,2.561686039
15:12:44,2.563316822,3.506960392,2.560228348
15:12:44,2.563365936,3.507876396,2.561290264
15:12:44,2.563607216,3.510487556,2.561108589
15:12:44,2.562968254,3.51082015,2.560280561
15:12:44,2.563327551,3.511117697,2.560729504
15:12:44,2.562622786,3.512617111,2.561253309
15:12:44,2.563457251,3.512491703,2.56068778
15:12:44,2.562876463,3.513850212,2.562190533
15:12:44,2.563245058,3.515037537,2.561108112
15:12:44,2.56293273,3.515189171,2.560749292
15:12:44,2.562643528,3.515415907,2.560707808
15:12:44,2.563402414,3.516616821,2.559805155
15:12:44,2.562283993,3.515997887,2.560849428
15:12:44,2.562786579,3.515474319,2.559357405
15:12:44,2.562303782,3.514968395,2.559668541
15:12:44,2.563132048,3.514694452,2.559835672
15:12:44,2.56253767,3.512331247,2.56058073
15:12:44,2.56325984,3.512831688,2.560602903
15:12:44,2.562592506,3.512748957,2.559880257
15:12:44,2.561761856,3.510852098,2.559612274
15:12:44,2.562596321,3.50986433,2.560302496
15:12:44,2.561586857,3.50914669,2.560386181
15:12:44,2.562767506,3.50984621,2.560260773
15:12:44,2.562345266,3.507058144,2.560733557
15:12:44,2.561978579,3.505242348,2.560008049
15:12:44,2.562120676,3.506407499,2.559734821
15:12:44,2.561617851,3.505273104,2.560303211
15:12:44,2.562599182,3.504276276,2.5605371
15:12:44,2.562306881,3.503472328,2.559138298
15:12:44,2.561318398,3.502343416,2.559768677
15:12:44,2.562235594,3.502390385,2.55941534
15:12:44,2.561367989,3.502254248,2.559422016
15:12:44,2.562035561,3.500875473,2.560099363
15:12:44,2.561874151,3.500634193,2.559365749
15:12:44,2.561723471,3.501852274,2.559592724
15:12:44,2.562066555,3.501425982,2.560144424
15:12:44,2.561812162,3.501729727,2.557834864
15:12:44,2.562452316,3.503149271,2.561151981
15:12:44,2.562882662,3.503474236,2.560724974
15:12:44,2.562895775,3.503545523,2.560248137
15:12:44,2.561765194,3.501993656,2.559486389
15:12:44,2.563254595,3.504001379,2.560306072
15:12:44,2.562540293,3.504324436,2.560294867
15:12:44,2.562388659,3.50451827,2.560631037
15:12:44,2.562369585,3.506448746,2.55899477
15:12:44,2.562413216,3.507144928,2.559944391
15:12:44,2.562389374,3.508210421,2.559238195
15:12:44,2.562200546,3.510732412,2.55873704
15:12:44,2.56224823,3.510336161,2.559468985
15:12:44,2.562043905,3.511933327,2.560773849
15:12:44,2.562885046,3.511593819,2.559580564
15:12:44,2.563033819,3.512620211,2.560575962
15:12:44,2.563381195,3.513259172,2.560937881
15:12:44,2.563924313,3.514498711,2.561271191
15:12:44,2.563130379,3.515082836,2.559925318
15:12:44,2.562880516,3.514991522,2.560373783
15:12:44,2.563697815,3.514718056,2.560426235
15:12:44,2.563049555,3.515241861,2.560728788
15:12:44,2.564487934,3.516004801,2.56205678
15:12:44,2.562852144,3.515187263,2.561064959
15:12:44,2.563839912,3.515974045,2.561016083
15:12:45,2.563958645,3.515330076,2.561830044
15:12:45,2.563572168,3.514228582,2.561245203
15:12:45,2.563524723,3.514092922,2.560040474
15:12:45,2.563095093,3.513495922,2.560930014
15:12:45,2.563414335,3.511393785,2.561654806
15:12:45,2.563987255,3.511127472,2.562859058
15:12:45,2.563211679,3.509842157,2.560615778
15:12:45,2.563619852,3.509319544,2.560586691
15:12:45,2.562642813,3.508952141,2.560798407
15:12:45,2.563837767,3.509107351,2.561248779
15:12:45,2.564265251,3.507498503,2.561323643
15:12:45,2.563150644,3.505331516,2.559877634
15:12:45,2.56218195,3.505053759,2.561133623
15:12:45,2.563100576,3.503780127,2.561365843
15:12:45,2.563419104,3.504039288,2.561178684
15:12:45,2.563457966,3.503758192,2.56075263
15:12:45,2.56298089,3.503707886,2.561288357
15:12:45,2.562847376,3.502834797,2.560392141
15:12:45,2.563140392,3.501576185,2.559876442
15:12:45,2.562606335,3.501908779,2.560034037
15:12:45,2.562105417,3.502737761,2.559731007
15:12:45,2.562763453,3.502550125,2.560038567
15:12:45,2.562908173,3.503582716,2.559182644
15:12:45,2.563662767,3.503369331,2.559840441
15:12:45,2.562511444,3.504078865,2.560854435
15:12:45,2.562137127,3.504228354,2.559752226
15:12:45,2.564943314,3.507151365,2.561389446
15:12:45,2.562445641,3.506947994,2.561378956
15:12:45,2.563210249,3.509232283,2.560727596
15:12:45,2.561874151,3.508732319,2.560554981
15:12:45,2.563254595,3.510737896,2.560774326
15:12:45,2.563046455,3.510734081,2.560518026
15:12:45,2.562916756,3.511342764,2.56122613
15:12:45,2.562735796,3.511927128,2.559839249
15:12:45,2.563321829,3.51282692,2.560964823
15:12:45,2.563918352,3.514831543,2.560646296
15:12:45,2.563217402,3.514715433,2.56116271
15:12:45,2.563167334,3.515275717,2.561777353
15:12:45,2.563598394,3.516297817,2.560619831
15:12:45,2.562886953,3.515510798,2.560483456
15:12:45,2.563369274,3.516181469,2.562646151
15:12:45,2.564348698,3.516121387,2.560181856
15:12:45,2.562952518,3.515049934,2.561216831
15:12:45,2.563025236,3.514695883,2.56158638
15:12:45,2.563632965,3.514960051,2.561708689
15:12:45,2.562165737,3.513786316,2.560487032
15:12:45,2.563515902,3.513615847,2.561345816
15:12:45,2.563433409,3.513715744,2.56094265
15:12:45,2.563367605,3.51244998,2.561272383
15:12:45,2.563611031,3.511013269,2.560789108
15:12:45,2.56425786,3.509360075,2.561666965
15:12:45,2.563815355,3.510296822,2.561023235
15:12:45,2.562998533,3.50985837,2.561694384
15:12:45,2.563467264,3.50767231,2.559906721
15:12:45,2.562330008,3.506283045,2.560232162
15:12:45,2.562613726,3.505249262,2.561363697
15:12:45,2.563111067,3.504632235,2.559937239
15:12:45,2.562926769,3.504196644,2.560216427
15:12:45,2.563396454,3.503162146,2.56012392
15:12:45,2.563136101,3.502978325,2.55961585
15:12:45,2.5625453,3.501976252,2.559320927
15:12:45,2.562568665,3.50214386,2.559883595
15:12:45,2.563142776,3.50204277,2.560656548
15:12:45,2.562656641,3.501260519,2.560072184
15:12:45,2.56235981,3.50228858,2.560660124
15:12:45,2.564464092,3.503328562,2.559206486
15:12:45,2.562720537,3.501956463,2.559460402
15:12:45,2.563510656,3.503611326,2.561159372
15:12:45,2.562782764,3.504178762,2.560454369
15:12:45,2.562747717,3.502794981,2.561898708
15:12:45,2.563215494,3.505210161,2.560908079
15:12:45,2.562698603,3.505632639,2.560930014
15:12:45,2.562629223,3.506792545,2.559749603
15:12:45,2.561948061,3.506136656,2.560955048
15:12:45,2.561993837,3.509399652,2.561491966
15:12:45,2.563226461,3.509539604,2.561187983
15:12:45,2.562354088,3.510668993,2.56042552
15:12:45,2.562886953,3.512649059,2.560710907
15:12:45,2.562466145,3.512960911,2.561784983
15:12:45,2.561948776,3.513331652,2.560136557
15:12:45,2.561982632,3.514490366,2.560488224
15:12:45,2.562683582,3.516409159,2.559999943
15:12:45,2.562914371,3.515687704,2.560965538
15:12:45,2.562640667,3.515502214,2.560023308
15:12:45,2.563972712,3.515104294,2.560135603
15:12:45,2.563458681,3.515443563,2.560673952
15:12:45,2.563833475,3.515016079,2.560258627
15:12:45,2.562382936,3.515104294,2.560299635
15:12:45,2.56318903,3.515615702,2.560284376
15:12:45,2.563678026,3.514954329,2.561522007
15:12:45,2.562343359,3.514066935,2.560923338
15:12:45,2.563029766,3.514011383,2.560595274
15:12:45,2.563071966,3.512111902,2.560468435
15:12:45,2.563717604,3.513133049,2.560668707
15:12:45,2.562393665,3.512609959,2.559457064
15:12:45,2.56344676,3.509263992,2.561230898
15:12:45,2.564019442,3.509765625,2.56132412
15:12:45,2.563649416,3.509054661,2.559992313
15:12:45,2.563350916,3.506607294,2.562410831
15:12:45,2.562901735,3.504606724,2.560465097
15:12:45,2.563572884,3.504617691,2.55913949
15:12:45,2.562937737,3.504395247,2.558408976
15:12:45,2.563019037,3.504377127,2.560798407
15:12:45,2.562785387,3.502537727,2.560174704
15:12:45,2.563142061,3.503010273,2.560582638
15:12:45,2.562232256,3.502296448,2.559207916
15:12:45,2.562768936,3.502797604,2.560673475
15:12:45,2.562258005,3.502197266,2.561178684
15:12:45,2.563149452,3.503423929,2.561293125
15:12:45,2.562349796,3.501725674,2.560383081
15:12:45,2.562489271,3.502222776,2.560692549
15:12:45,2.562730312,3.502865314,2.560531139
15:12:45,2.563412428,3.503594875,2.561049461
15:12:45,2.563299894,3.504173517,2.560683966
15:12:45,2.56366539,3.505022526,2.561354637
15:12:45,2.56211257,3.503130198,2.559214592
15:12:45,2.563088655,3.508563995,2.560741425
15:12:45,2.562773228,3.508272409,2.56082201
15:12:45,2.562687159,3.509482622,2.561564684
15:12:46,2.563754559,3.511286497,2.560949802
15:12:46,2.563076735,3.512813568,2.560546875
15:12:46,2.562516212,3.512153864,2.56092453
15:12:46,2.563308477,3.512558222,2.560544252
15:12:46,2.563582897,3.514420509,2.561446428
15:12:46,2.563501596,3.515784025,2.560890913
15:12:46,2.56351161,3.515311718,2.561370134
15:12:46,2.56265378,3.516214848,2.561589241
15:12:46,2.562973738,3.516959906,2.559508562
15:12:46,2.562883377,3.516447067,2.561481237
15:12:46,2.563951254,3.51705122,2.561179161
15:12:46,2.564250708,3.516773224,2.561362982
15:12:46,2.563498974,3.514727116,2.560209036
15:12:46,2.562813759,3.514150143,2.56146884
15:12:46,2.563731194,3.512252331,2.560515881
15:12:46,2.563494921,3.51268816,2.560903311
15:12:46,2.564008236,3.512120485,2.561692476
15:12:46,2.563332319,3.511179686,2.560838223
15:12:46,2.563741922,3.510742664,2.560549736
15:12:46,2.562983036,3.510005236,2.560633659
15:12:46,2.563095093,3.509999514,2.560400963
15:12:46,2.564271927,3.50839591,2.561314821
15:12:46,2.56374073,3.508119822,2.560339451
15:12:46,2.5638237,3.506947994,2.562068224
15:12:46,2.562955856,3.50616312,2.56228447
15:12:46,2.563444138,3.504717827,2.56009531
15:12:46,2.563459873,3.504354954,2.560590029
15:12:46,2.563340902,3.503257751,2.56067729
15:12:46,2.562444925,3.503217697,2.562076092
15:12:46,2.562520504,3.501694918,2.560264349
15:12:46,2.562568665,3.502645016,2.560556889
15:12:46,2.562954426,3.50317359,2.560546398
15:12:46,2.562947035,3.501115561,2.560549021
15:12:46,2.562414646,3.502926826,2.560201645
15:12:46,2.562400103,3.50230813,2.560342789
15:12:46,2.563127756,3.502126455,2.560198545
15:12:46,2.562728643,3.503441811,2.561003447
15:12:46,2.562143564,3.504011154,2.559899569
15:12:46,2.562927961,3.504201651,2.560832024
15:12:46,2.563626528,3.505838156,2.560562849
15:12:46,2.564622164,3.507086039,2.559986115
15:12:46,2.562214375,3.506949902,2.56029129
15:12:46,2.563695192,3.510837793,2.559864521
15:12:46,2.563351393,3.510366678,2.561000586
15:12:46,2.562842131,3.511040688,2.561290264
15:12:46,2.563414335,3.510999441,2.560639381
15:12:46,2.563465834,3.512373686,2.55905056
15:12:46,2.562258959,3.512516737,2.559073448
15:12:46,2.563402414,3.512241364,2.559995413
15:12:46,2.562360525,3.51422143,2.560732841
15:12:46,2.562886953,3.514700174,2.559971094
15:12:46,2.562935352,3.514795542,2.559468985
15:12:46,2.562590361,3.514428854,2.56007576
15:12:46,2.562935829,3.515627623,2.559850454
15:12:46,2.562068939,3.513658524,2.559232235
15:12:46,2.56196475,3.514020443,2.560343266
15:12:46,2.562679529,3.515216351,2.559930801
15:12:46,2.563238621,3.51457715,2.560085535
15:12:46,2.562316179,3.514023781,2.56101203
15:12:46,2.564123869,3.513722897,2.561287642
15:12:46,2.562238216,3.513048172,2.560821295
15:12:46,2.562923431,3.512138128,2.560883522
15:12:46,2.562801123,3.511789799,2.561044931
15:12:46,2.562747002,3.509471655,2.561009884
15:12:46,2.563166618,3.509700537,2.560343266
15:12:46,2.562655449,3.50883913,2.561177969
15:12:46,2.562678814,3.507477045,2.56155467
15:12:46,2.562821627,3.506006241,2.561026812
15:12:46,2.562176704,3.505341291,2.560712337
15:12:46,2.562113285,3.505348682,2.560908079
15:12:46,2.562009573,3.503517151,2.559746742
15:12:46,2.56281209,3.503797293,2.55935216
15:12:46,2.562489986,3.502120256,2.559941292
15:12:46,2.562772036,3.502458334,2.560482264
15:12:46,2.562554836,3.501696825,2.55999279
15:12:46,2.562670231,3.502199888,2.560323954
15:12:46,2.561768532,3.50241065,2.560571909
15:12:46,2.56337738,3.502547026,2.560887098
15:12:46,2.562351942,3.503003836,2.560100555
15:12:46,2.562293291,3.503512621,2.559935331
15:12:46,2.561643839,3.50263238,2.560480833
15:12:46,2.5625453,3.504303217,2.560523987
15:12:46,2.563636303,3.506361723,2.561479568
15:12:46,2.56310153,3.506817341,2.559877634
15:12:46,2.564425945,3.508021593,2.560178041
15:12:46,2.563565493,3.507900238,2.559548855
15:12:46,2.564227581,3.50856781,2.561289549
15:12:46,2.564396143,3.509754896,2.561803579
15:12:46,2.563606501,3.51053977,2.561088085
15:12:46,2.562664509,3.511662483,2.560938597
15:12:46,2.563525915,3.512734413,2.560075045
15:12:46,2.564042568,3.51311636,2.559927464
15:12:46,2.563894749,3.512889624,2.561170816
15:12:46,2.563614607,3.513230562,2.560667276
15:12:46,2.562031984,3.514725208,2.560342789
15:12:46,2.562568665,3.514086485,2.559814215
15:12:46,2.563165188,3.513001919,2.560245275
15:12:46,2.563236475,3.514689207,2.561153412
15:12:46,2.562740326,3.514937162,2.560602903
15:12:46,2.562849998,3.514421701,2.560885429
15:12:46,2.563471794,3.513539553,2.560261488
15:12:46,2.561660051,3.513266325,2.559319735
15:12:46,2.562879086,3.514567852,2.561060905
15:12:46,2.563424826,3.513810396,2.559651136
15:12:46,2.5627141,3.513615131,2.561591148
15:12:46,2.563018322,3.510536909,2.560812235
15:12:46,2.563030243,3.510505676,2.560459614
15:12:46,2.562601089,3.509716749,2.560762405
15:12:46,2.562386274,3.509901524,2.560039043
15:12:46,2.562788725,3.508633614,2.561698437
15:12:46,2.563266993,3.507301569,2.560552835
15:12:46,2.561238527,3.506218433,2.559156179
15:12:46,2.56158042,3.50311327,2.560171843
15:12:46,2.562562704,3.503502369,2.560456514
15:12:46,2.563055515,3.503510714,2.559512615
15:12:46,2.56278038,3.502751112,2.559795856
15:12:47,2.563183069,3.502714157,2.559263468
15:12:47,2.562450886,3.502851963,2.559664726
15:12:47,2.56203866,3.502321482,2.559320927
15:12:47,2.562289715,3.500979185,2.559307098
15:12:47,2.56236124,3.502770662,2.56069541
15:12:47,2.562306166,3.501499891,2.5580616
15:12:47,2.561325073,3.502444506,2.559365034
15:12:47,2.561233282,3.502449274,2.55944109
15:12:47,2.561798334,3.502705574,2.560524464
15:12:47,2.562665224,3.50336504,2.560745478
15:12:47,2.563620567,3.505781889,2.56180191
15:12:47,2.562942505,3.505778551,2.560352802
15:12:47,2.563198328,3.505727291,2.561116457
15:12:47,2.56303978,3.50709796,2.560500622
15:12:47,2.56261611,3.508944511,2.558532
15:12:47,2.56358552,3.509177923,2.560404301
15:12:47,2.563359261,3.509866238,2.559817553
15:12:47,2.563276052,3.51137495,2.559838057
15:12:47,2.562369108,3.512662649,2.560788631
15:12:47,2.563033104,3.513701439,2.56033349
15:12:47,2.56283474,3.512928724,2.560323477
15:12:47,2.563306808,3.514801502,2.561150789
15:12:47,2.564002991,3.515340328,2.561134815
15:12:47,2.563606262,3.516489983,2.56095767
15:12:47,2.563096762,3.515850067,2.560943365
15:12:47,2.563426256,3.51695323,2.560667992
15:12:47,2.562939882,3.515885115,2.560571432
15:12:47,2.562633514,3.516718626,2.560439825
15:12:47,2.562903166,3.514762163,2.559860468
15:12:47,2.563241959,3.514452457,2.559114933
15:12:47,2.562377691,3.514691114,2.560626984
15:12:47,2.563017368,3.513547897,2.561207056
15:12:47,2.562912226,3.513422966,2.55979681
15:12:47,2.56401825,3.513229132,2.561048985
15:12:47,2.563512325,3.51149869,2.561434507
15:12:47,2.563513041,3.511235714,2.560324669
15:12:47,2.562966347,3.509090662,2.561214209
15:12:47,2.562980175,3.508410454,2.561502457
15:12:47,2.56411314,3.507877111,2.561002731
15:12:47,2.564094782,3.506669998,2.560740709
15:12:47,2.564091682,3.507433891,2.560271978
15:12:47,2.56313324,3.50559926,2.561401844
15:12:47,2.564117432,3.50496316,2.561462879
15:12:47,2.564053297,3.504579306,2.561670542
15:12:47,2.563515186,3.503676653,2.562273026
15:12:47,2.564351797,3.504471302,2.561132908
15:12:47,2.563431978,3.504092216,2.561964273
15:12:47,2.564194679,3.50443387,2.560617685
15:12:47,2.563586473,3.503247976,2.55981493
15:12:47,2.563463926,3.503968716,2.561814785
15:12:47,2.562903166,3.504869938,2.560242176
15:12:47,2.563745499,3.505227327,2.562267065
15:12:47,2.564128637,3.506490469,2.562316179
15:12:47,2.563375473,3.505979061,2.560075998
15:12:47,2.563452482,3.505783319,2.560931921
15:12:47,2.56268239,3.505981684,2.560866356
15:12:47,2.56275034,3.507355928,2.56071043
15:12:47,2.562760115,3.507888079,2.560408831
15:12:47,2.562587738,3.509334564,2.561299562
15:12:47,2.56355691,3.510086775,2.560443401
15:12:47,2.563326597,3.510899782,2.561739922
15:12:47,2.562708139,3.511888742,2.559956312
15:12:47,2.563596249,3.511794329,2.559807062
15:12:47,2.563705683,3.512885809,2.560489416
15:12:47,2.562325478,3.512300014,2.561669111
15:12:47,2.563289881,3.513592482,2.559854031
15:12:47,2.563555717,3.514314651,2.561809063
15:12:47,2.563326597,3.514413834,2.561188698
15:12:47,2.564109564,3.51470232,2.561736107
15:12:47,2.564889669,3.515770435,2.561962366
15:12:47,2.563395262,3.515752077,2.561693668
15:12:47,2.564737558,3.514744043,2.561467648
15:12:47,2.56449008,3.515105486,2.562253952
15:12:47,2.563621759,3.514425516,2.56092453
15:12:47,2.564878464,3.514941692,2.562311411
15:12:47,2.56482482,3.513201475,2.562319279
15:12:47,2.563910484,3.512521029,2.561358929
15:12:47,2.563938856,3.511926651,2.563049555
15:12:47,2.564715862,3.511702776,2.560768366
15:12:47,2.563320398,3.510184526,2.561971426
15:12:47,2.564641953,3.510953188,2.561898708
15:12:47,2.564663887,3.510225058,2.561791182
15:12:47,2.564395428,3.509342432,2.561615229
15:12:47,2.563914776,3.50775218,2.562119722
15:12:47,2.564728498,3.508464098,2.562973976
15:12:47,2.56358552,3.505949736,2.561478138
15:12:47,2.563931704,3.505753279,2.563106298
15:12:47,2.563370705,3.505117655,2.563392162
15:12:47,2.563393116,3.505375385,2.560964346
15:12:47,2.56367135,3.504235029,2.561450243
15:12:47,2.56291151,3.504898548,2.561890125
15:12:47,2.562611818,3.50405097,2.560333014
15:12:47,2.563216686,3.504122734,2.560927153
15:12:47,2.563208103,3.505162001,2.56081295
15:12:47,2.56355381,3.506301165,2.561560154
15:12:47,2.563703775,3.505779982,2.561585665
15:12:47,2.564059973,3.50594902,2.561866999
15:12:47,2.563625336,3.506910563,2.560470819
15:12:47,2.563757896,3.508620262,2.561634302
15:12:47,2.563851833,3.509185791,2.562304258
15:12:47,2.565032959,3.50929141,2.562167883
15:12:47,2.564801931,3.510566473,2.56152916
15:12:47,2.563597918,3.510129452,2.561736107
15:12:47,2.564040184,3.51115489,2.562526226
15:12:47,2.563771725,3.511631012,2.562063456
15:12:47,2.564375162,3.513195753,2.560480833
15:12:47,2.564237595,3.514227152,2.561112404
15:12:47,2.56395483,3.514358282,2.561527729
15:12:47,2.564793348,3.51510787,2.563013077
15:12:47,2.56414628,3.515372515,2.561985493
15:12:47,2.563518047,3.515048742,2.562283754
15:12:47,2.564403296,3.515271902,2.561418772
15:12:47,2.564350605,3.515251637,2.561644316
15:12:47,2.563875198,3.515720606,2.561817408
15:12:47,2.563938856,3.515022755,2.562995911
15:12:47,2.5631845,3.514730453,2.561251402
15:12:47,2.563857794,3.514560699,2.561372519
15:12:47,2.564400911,3.514222622,2.562246084
15:12:47,2.563262463,3.51290369,2.560546875
15:12:48,2.563724041,3.514043331,2.562074661
15:12:48,2.564152241,3.512861013,2.560439825
15:12:48,2.563840628,3.512642384,2.560912132
15:12:48,2.563286304,3.511441946,2.561553001
15:12:48,2.562762976,3.510091305,2.56216526
15:12:48,2.563885927,3.509397984,2.56112361
15:12:48,2.563345671,3.509049416,2.559767962
15:12:48,2.563193083,3.507256031,2.561651468
15:12:48,2.564151049,3.508581877,2.562348366
15:12:48,2.563498974,3.506869316,2.561156988
15:12:48,2.563536644,3.505422354,2.562008381
15:12:48,2.5636549,3.505863428,2.562146187
15:12:48,2.563487768,3.506202698,2.560658932
15:12:48,2.564027548,3.50451827,2.561008453
15:12:48,2.564748287,3.506046057,2.56120348
15:12:48,2.564891815,3.506396532,2.561724901
15:12:48,2.564598799,3.505652189,2.561877728
15:12:48,2.564399004,3.504789352,2.559516191
15:12:48,2.563618422,3.50465703,2.560189247
15:12:48,2.56272459,3.504236937,2.559802294
15:12:48,2.562984228,3.504398823,2.56095767
15:12:48,2.563262463,3.505903959,2.561578512
15:12:48,2.563804626,3.506183863,2.561362505
15:12:48,2.56390214,3.506055832,2.560482264
15:12:48,2.563056231,3.506275177,2.560047626
15:12:48,2.562387705,3.505975723,2.560182571
15:12:48,2.563122272,3.507433176,2.560750723
15:12:48,2.562627316,3.508054495,2.560023308
15:12:48,2.562501431,3.508851051,2.561066866
15:12:48,2.56278038,3.511801481,2.561177969
15:12:48,2.563224554,3.511487722,2.561170101
15:12:48,2.563510656,3.513029337,2.561267853
15:12:48,2.56428051,3.513693571,2.562400818
15:12:48,2.564340591,3.514834166,2.56316328
15:12:48,2.56384635,3.514266491,2.560283899
15:12:48,2.564383507,3.515765667,2.562368393
15:12:48,2.563913107,3.514312744,2.56149745
15:12:48,2.564172983,3.515372992,2.561791658
15:12:48,2.563405752,3.51497817,2.560587406
15:12:48,2.563013077,3.515056133,2.560105324
15:12:48,2.563426971,3.514573812,2.561416149
15:12:48,2.563813448,3.515955687,2.561138391
15:12:48,2.563596487,3.514387846,2.561876297
15:12:48,2.563354969,3.514681816,2.561169386
15:12:48,2.564082861,3.51365447,2.561379671
15:12:48,2.563527822,3.513111591,2.559293509
15:12:48,2.564548016,3.51206851,2.560758591
15:12:48,2.56325984,3.511060953,2.562101603
15:12:48,2.56323266,3.510672092,2.56005764
15:12:48,2.563272953,3.50795269,2.561137438
15:12:48,2.563847065,3.50843215,2.562247276
15:12:48,2.564009666,3.507538319,2.560904741
15:12:48,2.563868761,3.505689859,2.561747551
15:12:48,2.563273668,3.503508806,2.560287714
15:12:48,2.5625453,3.504785538,2.560865641
15:12:48,2.563683271,3.503974438,2.560460329
15:12:48,2.563839197,3.502406836,2.559452534
15:12:48,2.563097954,3.502206326,2.560447693
15:12:48,2.562440157,3.501889467,2.56050539
15:12:48,2.561796188,3.500709772,2.560271502
15:12:48,2.563500404,3.502035618,2.561023951
15:12:48,2.563893318,3.502760887,2.559793234
15:12:48,2.561940432,3.501588583,2.558947325
15:12:48,2.561997652,3.503170729,2.561372995
15:12:48,2.562626123,3.504859447,2.56028223
15:12:48,2.562835455,3.504687309,2.561411381
15:12:48,2.561908007,3.504718304,2.560179949
15:12:48,2.562543154,3.505755186,2.560461521
15:12:48,2.563979864,3.506199598,2.560160875
15:12:48,2.563242674,3.507403374,2.561519384
15:12:48,2.56265831,3.507631063,2.560765982
15:12:48,2.562256575,3.508241653,2.561025143
15:12:48,2.563292742,3.509446859,2.560887098
15:12:48,2.563733339,3.511511803,2.559666157
15:12:48,2.56281209,3.512525797,2.56146884
15:12:48,2.562942505,3.5143466,2.562145233
15:12:48,2.563922405,3.514811277,2.560857773
15:12:48,2.562819958,3.514170408,2.561279297
15:12:48,2.562994003,3.515212536,2.562171936
15:12:48,2.562978268,3.515620232,2.560934305
15:12:48,2.563958168,3.515283585,2.561471462
15:12:48,2.563627005,3.516606331,2.561275005
15:12:48,2.563365459,3.517034292,2.561421394
15:12:48,2.563744783,3.516709805,2.560944319
15:12:48,2.564205408,3.514981747,2.5615623
15:12:48,2.564268589,3.516343117,2.560976744
15:12:48,2.563451529,3.514810562,2.560645342
15:12:48,2.563388586,3.514015198,2.561083317
15:12:48,2.562519073,3.512281179,2.561289072
15:12:48,2.563597202,3.511846542,2.560542345
15:12:48,2.562547445,3.51127553,2.560857773
15:12:48,2.563777685,3.509235859,2.560639381
15:12:48,2.563983917,3.509833097,2.560822725
15:12:48,2.563524723,3.50868988,2.559719801
15:12:48,2.563456535,3.50765276,2.560416222
15:12:48,2.563534498,3.507362843,2.560797691
15:12:48,2.564580441,3.50633049,2.56193614
15:12:48,2.563481808,3.506848097,2.559250593
15:12:48,2.562593222,3.504178047,2.560252428
15:12:48,2.562496424,3.503306627,2.560587406
15:12:48,2.562566519,3.502482414,2.559887648
15:12:48,2.562152386,3.503633261,2.560382366
15:12:48,2.56233263,3.502933979,2.55978775
15:12:48,2.562848091,3.503211975,2.561052322
15:12:48,2.563777208,3.502737045,2.560162783
15:12:48,2.561557055,3.501838684,2.558920145
15:12:48,2.561559677,3.501587391,2.558298349
15:12:48,2.561975002,3.501536846,2.559701204
15:12:48,2.561956882,3.503412962,2.559580564
15:12:48,2.561383247,3.50336194,2.558903694
15:12:48,2.561699152,3.503360748,2.559866667
15:12:48,2.561942816,3.504186869,2.560284376
15:12:48,2.561328411,3.504749775,2.559123993
15:12:48,2.562400818,3.505343437,2.559859991
15:12:48,2.562362432,3.506043673,2.561084747
15:12:49,2.561721563,3.507434607,2.558959246
15:12:49,2.56261611,3.508261919,2.56008935
15:12:49,2.562166929,3.509096384,2.558957815
15:12:49,2.561463833,3.508868694,2.558615923
15:12:49,2.56098175,3.5110147,2.560097694
15:12:49,2.561672688,3.511113167,2.559666157
15:12:49,2.562047958,3.511502743,2.56043601
15:12:49,2.562972307,3.512602568,2.560632229
15:12:49,2.562413931,3.513373852,2.558951139
15:12:49,2.561658621,3.51337266,2.560126543
15:12:49,2.563098669,3.512555122,2.558469057
15:12:49,2.562893629,3.513611317,2.560303211
15:12:49,2.562150478,3.512664795,2.558404922
15:12:49,2.562760115,3.514063597,2.560276985
15:12:49,2.562034845,3.513441801,2.560119867
15:12:49,2.5627141,3.513490677,2.560592175
15:12:49,2.561646223,3.513463974,2.559396267
15:12:49,2.562196016,3.51206851,2.559867859
15:12:49,2.562354565,3.510754347,2.56029129
15:12:49,2.562834263,3.510705471,2.558257341
15:12:49,2.562131643,3.510698795,2.560261965
15:12:49,2.562360525,3.509407759,2.562051535
15:12:49,2.562068224,3.509101152,2.560115814
15:12:49,2.562274456,3.509519339,2.561546803
15:12:49,2.563324451,3.508524895,2.561470509
15:12:49,2.56355834,3.508367777,2.559798479
15:12:49,2.563037157,3.507853985,2.561059475
15:12:49,2.563397646,3.50689435,2.560637474
15:12:49,2.563107014,3.50392127,2.559315681
15:12:49,2.56230545,3.503907442,2.559322119
15:12:49,2.562842131,3.506044149,2.559957027
15:12:49,2.562975645,3.504266262,2.559904814
15:12:49,2.562309742,3.503252268,2.560609341
15:12:49,2.562657833,3.503180981,2.561308146
15:12:49,2.562737226,3.502575874,2.560106754
15:12:49,2.563761711,3.502198935,2.561370134
15:12:49,2.563661337,3.502990007,2.560455799
15:12:49,2.563004732,3.502827644,2.560054302
15:12:49,2.56282568,3.502481937,2.560000896
15:12:49,2.563011885,3.504607439,2.559563398
15:12:49,2.562595606,3.505141258,2.560733557
15:12:49,2.562119246,3.503754616,2.559274435
15:12:49,2.561563015,3.504755497,2.557261467
15:12:49,2.561533213,3.504761457,2.559861183
15:12:49,2.561842918,3.505777359,2.559324026
15:12:49,2.563179255,3.507411718,2.560969591
15:12:49,2.561881781,3.510365486,2.561408043
15:12:49,2.5630548,3.510903835,2.560119867
15:12:49,2.563652754,3.510468721,2.560271502
15:12:49,2.563985348,3.51386404,2.561632395
15:12:49,2.56390214,3.515076876,2.560798407
15:12:49,2.563438892,3.513143539,2.561238766
15:12:49,2.564071655,3.514144897,2.559764147
15:12:49,2.56323719,3.51529336,2.562088013
15:12:49,2.563446045,3.514800787,2.560781002
15:12:49,2.563331127,3.516762733,2.56158638
15:12:49,2.562001228,3.513613939,2.559098005
15:12:49,2.562174082,3.515263319,2.560094833
15:12:49,2.562740326,3.515630007,2.561205864
15:12:49,2.562396765,3.513651133,2.559910774
15:12:49,2.562623501,3.513167858,2.559449196
15:12:49,2.562593937,3.514204502,2.561701536
15:12:49,2.562934875,3.513535738,2.56068635
15:12:49,2.562459707,3.512100935,2.56219697
15:12:49,2.563076019,3.511492014,2.561970234
15:12:49,2.563565493,3.510909557,2.560103178
15:12:49,2.562063932,3.509318829,2.560173988
15:12:49,2.561519384,3.509011507,2.561336517
15:12:49,2.562765598,3.508485556,2.559895515
15:12:49,2.562336683,3.507134676,2.560807705
15:12:49,2.561240196,3.503953695,2.558218479
15:12:49,2.561649561,3.503648281,2.55809021
15:12:49,2.561553478,3.502562761,2.560391665
15:12:49,2.561457872,3.502441406,2.55871439
15:12:49,2.562294483,3.500980377,2.558439255
15:12:49,2.561496258,3.502131224,2.559026003
15:12:49,2.561557055,3.500999928,2.559892178
15:12:49,2.564095974,3.503149271,2.561947584
15:12:49,2.562815666,3.502955437,2.56177187
15:12:49,2.56325984,3.503621578,2.560624361
15:12:49,2.563663483,3.504287958,2.561202288
15:12:49,2.564062357,3.503583908,2.561572075
15:12:49,2.5639112,3.503349781,2.560311079
15:12:49,2.562013865,3.504192352,2.560761929
15:12:49,2.562725306,3.504592657,2.560761929
15:12:49,2.563966751,3.505512714,2.560993433
15:12:49,2.563434124,3.506615639,2.559184074
15:12:49,2.56406641,3.507295132,2.561182499
15:12:49,2.562633514,3.508926153,2.560305595
15:12:49,2.563426256,3.508523464,2.559933424
15:12:49,2.562687159,3.509352207,2.559678555
15:12:49,2.56264925,3.509488583,2.559443951
15:12:49,2.561869621,3.509283066,2.559537172
15:12:49,2.563265562,3.510777712,2.561021328
15:12:49,2.562902451,3.511094332,2.560510397
15:12:49,2.562711716,3.511465549,2.560426712
15:12:49,2.562553167,3.511704683,2.560360432
15:12:49,2.563009977,3.512928724,2.559797525
15:12:49,2.563122988,3.51338172,2.561416149
15:12:49,2.563409805,3.51343894,2.559980154
15:12:49,2.562852144,3.513526678,2.560617685
15:12:49,2.561854839,3.512239933,2.560575485
15:12:49,2.562595606,3.513184071,2.562189817
15:12:49,2.563180447,3.513452291,2.561738729
15:12:49,2.563268185,3.51391077,2.560855389
15:12:49,2.563696623,3.512449503,2.560049534
15:12:49,2.562848806,3.512145996,2.560607195
15:12:49,2.561737061,3.511607885,2.560119867
15:12:49,2.563226461,3.511602879,2.560773849
15:12:49,2.562652588,3.510524511,2.55998683
15:12:49,2.562929392,3.509539604,2.561164618
15:12:49,2.563078165,3.510366678,2.560802221
15:12:49,2.562594891,3.50727725,2.559560299
15:12:49,2.564032555,3.507612705,2.559998751
15:12:49,2.563405752,3.50726819,2.560592651
15:12:49,2.562341452,3.505843163,2.559999466
15:12:49,2.562250853,3.506485939,2.561588049
15:12:49,2.562464714,3.506934166,2.56006813
15:12:49,2.562400103,3.505804062,2.560286522
15:12:50,2.561923504,3.504352331,2.559388399
15:12:50,2.562256098,3.503270149,2.559422731
15:12:50,2.562019348,3.502861023,2.559631586
15:12:50,2.561485767,3.502512455,2.559683323
15:12:50,2.561680794,3.503204107,2.559422016
15:12:50,2.561937571,3.503043652,2.56044054
15:12:50,2.562965155,3.503979921,2.56000948
15:12:50,2.562319517,3.503874063,2.558404207
15:12:50,2.561656237,3.503262758,2.558801651
15:12:50,2.561163187,3.504275322,2.558519125
15:12:50,2.562521696,3.502624035,2.55796051
15:12:50,2.562381506,3.505399227,2.55873704
15:12:50,2.562791824,3.506083965,2.559173584
15:12:50,2.562502384,3.506557465,2.559491634
15:12:50,2.561074018,3.506294727,2.558965206
15:12:50,2.56306076,3.507372379,2.560310364
15:12:50,2.562849998,3.508533955,2.560286999
15:12:50,2.561515331,3.508610487,2.559112549
15:12:50,2.561565638,3.508738279,2.559926033
15:12:50,2.561350107,3.509130478,2.558938742
15:12:50,2.562464237,3.509618282,2.558507442
15:12:50,2.561980486,3.511601686,2.559456348
15:12:50,2.562286377,3.510070562,2.558124304
15:12:50,2.56242466,3.51211381,2.559719801
15:12:50,2.563006639,3.511267662,2.559668541
15:12:50,2.563544035,3.513234138,2.559562206
15:12:50,2.563474417,3.514102697,2.560392141
15:12:50,2.563473701,3.512292862,2.560691118
15:12:50,2.563720942,3.512969971,2.561476946
15:12:50,2.563148022,3.513462782,2.560619116
15:12:50,2.562747717,3.511661768,2.560962439
15:12:50,2.563269615,3.51163435,2.561252594
15:12:50,2.563265085,3.51031971,2.56099534
15:12:50,2.563122988,3.510878801,2.560618401
15:12:50,2.562945843,3.510967731,2.560311079
15:12:50,2.562943935,3.509682894,2.560635567
15:12:50,2.563160658,3.509339571,2.560842514
15:12:50,2.562396765,3.509371042,2.560933352
15:12:50,2.562999249,3.508869886,2.560660124
15:12:50,2.562131643,3.508654594,2.560884714
15:12:50,2.562706947,3.506770134,2.561092615
15:12:50,2.562455654,3.506661654,2.561053753
15:12:50,2.563524723,3.50594902,2.558815002
15:12:50,2.562550306,3.505654097,2.559471607
15:12:50,2.562335491,3.504426241,2.560031891
15:12:50,2.562019348,3.503959656,2.561308146
15:12:50,2.562669754,3.505288124,2.561356544
15:12:50,2.562915325,3.504514217,2.56129384
15:12:50,2.563137531,3.504401445,2.560097694
15:12:50,2.563275576,3.504994392,2.561728239
15:12:50,2.562423229,3.505436182,2.561372519
15:12:50,2.562804461,3.504495859,2.560443878
15:12:50,2.563109159,3.505057812,2.559879541
15:12:50,2.561395884,3.504811525,2.559661388
15:12:50,2.562817097,3.504194498,2.559522629
15:12:50,2.561445951,3.504078865,2.55965209
15:12:50,2.561787128,3.506616354,2.559543133
15:12:50,2.562920332,3.506660223,2.560401678
15:12:50,2.561690569,3.506129503,2.55906415
15:12:50,2.561040401,3.508099556,2.559574127
15:12:50,2.562131643,3.51018858,2.560141563
15:12:50,2.561969995,3.510538578,2.559642076
15:12:50,2.562189579,3.509541273,2.559208393
15:12:50,2.562567472,3.511933327,2.560502529
15:12:50,2.56315136,3.512350321,2.561000586
15:12:50,2.563606262,3.51354146,2.562195778
15:12:50,2.563683987,3.512716055,2.56108284
15:12:50,2.56279254,3.513232231,2.560685396
15:12:50,2.562712669,3.512358665,2.560113192
15:12:50,2.562790632,3.512937307,2.560847998
15:12:50,2.562318802,3.511133432,2.558873892
15:12:50,2.562591076,3.511785746,2.559805155
15:12:50,2.562887669,3.511536598,2.561009884
15:12:50,2.563580036,3.511604548,2.560792923
15:12:50,2.563287973,3.510984659,2.560765266
15:12:50,2.564590931,3.510737181,2.56031394
15:12:50,2.563027382,3.510797977,2.559629679
15:12:50,2.563035727,3.509467602,2.561826706
15:12:50,2.56359005,3.509957075,2.561812639
15:12:50,2.563970804,3.510077715,2.561291933
15:12:50,2.5640769,3.510095358,2.560432673
15:12:50,2.565294027,3.508523464,2.562579155
15:12:50,2.564865351,3.509763956,2.562654018
15:12:50,2.564608097,3.508646965,2.562370777
15:12:50,2.564116001,3.507843018,2.561728954
15:12:50,2.5635674,3.507595062,2.562433004
15:12:50,2.563874722,3.506998062,2.560031176
15:12:50,2.563812017,3.505368948,2.561267138
15:12:50,2.562727213,3.505869389,2.561001301
15:12:50,2.562919378,3.50368309,2.560423374
15:12:50,2.562346935,3.50467205,2.559361219
15:12:50,2.562130451,3.505679607,2.561333418
15:12:50,2.562695503,3.50415206,2.560821295
15:12:50,2.562207222,3.505539894,2.56050396
15:12:50,2.562832117,3.505768061,2.561166048
15:12:50,2.562368393,3.506494522,2.560510397
15:12:50,2.562733173,3.506671906,2.56095624
15:12:50,2.563009977,3.506020784,2.560539007
15:12:50,2.563549757,3.508344173,2.56053853
15:12:50,2.56325531,3.50887394,2.560060978
15:12:50,2.562523603,3.508913517,2.560626268
15:12:50,2.562811613,3.509104252,2.560598612
15:12:50,2.564998865,3.512578011,2.561618328
15:12:50,2.562945366,3.512038946,2.560427904
15:12:50,2.562873363,3.511661768,2.560732841
15:12:50,2.563254595,3.512575865,2.561564684
15:12:50,2.563181162,3.512530088,2.561240196
15:12:50,2.563537836,3.513132334,2.560965538
15:12:50,2.563931704,3.513630152,2.560374975
15:12:50,2.563241243,3.512536287,2.560582638
15:12:50,2.562799215,3.513824701,2.561031103
15:12:50,2.563318491,3.513092756,2.561186314
15:12:50,2.563707113,3.512124538,2.560661554
15:12:50,2.563059092,3.512221098,2.559443951
15:12:50,2.56224227,3.511368752,2.560400963
15:12:50,2.563532591,3.511987686,2.561210394
15:12:51,2.563894749,3.511970997,2.560519934
15:12:51,2.564223766,3.511610746,2.561533689
15:12:51,2.563591957,3.510072231,2.560051203
15:12:51,2.562497139,3.508709431,2.561245203
15:12:51,2.563532591,3.508478165,2.559996128
15:12:51,2.562793016,3.507445097,2.560640335
15:12:51,2.562232971,3.505906582,2.560765982
15:12:51,2.56275773,3.50714612,2.560040474
15:12:51,2.562174082,3.507075548,2.559786081
15:12:51,2.563376665,3.507094383,2.559850454
15:12:51,2.562437773,3.505833387,2.559920073
15:12:51,2.562131643,3.504364729,2.560111046
15:12:51,2.562025547,3.503795385,2.560608387
15:12:51,2.562385082,3.503911972,2.560436487
15:12:51,2.56272459,3.503891945,2.560117006
15:12:51,2.562376976,3.503238916,2.559623003
15:12:51,2.563471794,3.505154371,2.559560299
15:12:51,2.562283278,3.504020214,2.559595346
15:12:51,2.563068867,3.503834963,2.560986757
15:12:51,2.562550306,3.504677296,2.561140299
15:12:51,2.562844276,3.504186869,2.559994936
15:12:51,2.563086748,3.505152225,2.559822083
15:12:51,2.562822104,3.505507708,2.559958458
15:12:51,2.5627985,3.505328655,2.560248852
15:12:51,2.563637733,3.507755041,2.561728239
15:12:51,2.563534498,3.508985519,2.561235905
15:12:51,2.563681364,3.508965254,2.561138391
15:12:51,2.563467979,3.507878304,2.560990095
15:12:51,2.563709736,3.509984493,2.56126976
15:12:51,2.562966347,3.511066198,2.560492039
15:12:51,2.563528538,3.511066198,2.561044931
15:12:51,2.563389301,3.511571646,2.559248924
15:12:51,2.562119722,3.510052681,2.55933404
15:12:51,2.562565088,3.510995865,2.560075045
15:12:51,2.561746836,3.510784388,2.561252117
15:12:51,2.562111855,3.512236118,2.560324669
15:12:51,2.563188314,3.511720657,2.559218168
15:12:51,2.563008547,3.512228966,2.560256004
15:12:51,2.562598228,3.512176037,2.559798956
15:12:51,2.562994719,3.5136199,2.55971694
15:12:51,2.563662767,3.512568951,2.560808897
15:12:51,2.563064098,3.512209415,2.559454679
15:12:51,2.564029932,3.513829231,2.561184406
15:12:51,2.56441927,3.514269114,2.560199261
15:12:51,2.563769102,3.513275385,2.562758446
15:12:51,2.564390898,3.514019728,2.561654806
15:12:51,2.563840628,3.514107943,2.562865734
15:12:51,2.564138412,3.513172865,2.561935902
15:12:51,2.564734459,3.51197052,2.562982798
15:12:51,2.564940691,3.510346413,2.56278348
15:12:51,2.564725161,3.510827303,2.560808897
15:12:51,2.563996553,3.508992672,2.559144974
15:12:51,2.563710213,3.510852098,2.56163168
15:12:51,2.564454794,3.509098291,2.561610222
15:12:51,2.56413579,3.50904417,2.561368227
15:12:51,2.564061165,3.50758934,2.559780598
15:12:51,2.562634706,3.505382061,2.560080767
15:12:51,2.561955214,3.505037546,2.560432673
15:12:51,2.56221652,3.504456758,2.560539722
15:12:51,2.561945438,3.502543926,2.560452461
15:12:51,2.562945366,3.504828215,2.56112361
15:12:51,2.563966751,3.505963087,2.56089735
15:12:51,2.564482927,3.505226851,2.56132555
15:12:51,2.563682556,3.503698111,2.561521292
15:12:51,2.563475847,3.503800392,2.561827421
15:12:51,2.563490391,3.505430937,2.561166525
15:12:51,2.563319206,3.505502939,2.56202507
15:12:51,2.56324625,3.505181551,2.560527802
15:12:51,2.563335896,3.506830454,2.561096668
15:12:51,2.563225269,3.505701542,2.561164618
15:12:51,2.56434536,3.508202553,2.561772346
15:12:51,2.563239813,3.507076979,2.560342073
15:12:51,2.563165903,3.509158373,2.561353922
15:12:51,2.563817263,3.510366678,2.561347961
15:12:51,2.562469482,3.509686947,2.561326027
15:12:51,2.562590361,3.509859562,2.560492039
15:12:51,2.562417507,3.511199236,2.5610919
15:12:51,2.562413931,3.512127876,2.559434652
15:12:51,2.562036753,3.510906219,2.559420109
15:12:51,2.562206507,3.512649059,2.560937881
15:12:51,2.563017845,3.513741255,2.560833931
15:12:51,2.562361717,3.514108896,2.561181545
15:12:51,2.56272316,3.514359951,2.561199903
15:12:51,2.563236475,3.514573097,2.560342073
15:12:51,2.56300211,3.513232946,2.559769869
15:12:51,2.562505245,3.513264894,2.559500694
15:12:51,2.562957764,3.513463259,2.560353279
15:12:51,2.562378407,3.512487411,2.560085535
15:12:51,2.561537266,3.512243032,2.55991745
15:12:51,2.562635899,3.512898207,2.559787035
15:12:51,2.562544823,3.51187706,2.560858488
15:12:51,2.56354928,3.510725498,2.560142994
15:12:51,2.562865973,3.510388613,2.560743332
15:12:51,2.561335087,3.509487152,2.559806347
15:12:51,2.562021494,3.508266449,2.558521986
15:12:51,2.562269926,3.508643389,2.559097528
15:12:51,2.561499119,3.507166862,2.559039116
15:12:51,2.562358379,3.50662303,2.560094118
15:12:51,2.563288689,3.507645369,2.561638832
15:12:51,2.563045025,3.506540775,2.561130047
15:12:51,2.563029051,3.505559444,2.560602665
15:12:51,2.562350512,3.505482674,2.561090708
15:12:51,2.563472271,3.504882813,2.561267853
15:12:51,2.563866138,3.503350973,2.56020093
15:12:51,2.562748432,3.503624201,2.560793877
15:12:51,2.562577724,3.50205183,2.560333014
15:12:51,2.562059879,3.502770662,2.559910774
15:12:51,2.562697411,3.503788233,2.560383081
15:12:51,2.562507868,3.503076315,2.559273958
15:12:51,2.562963009,3.50331378,2.560406685
15:12:51,2.562254667,3.503416777,2.559976339
15:12:51,2.561726332,3.50357008,2.560188055
15:12:51,2.562394857,3.505226851,2.560423374
15:12:51,2.562766075,3.505048037,2.559719086
15:12:51,2.562153101,3.506857395,2.560851097
15:12:51,2.562891722,3.508987427,2.560912848
15:12:51,2.562460899,3.509603262,2.560036898
15:12:51,2.562375069,3.509496927,2.560284376
15:12:51,2.562562227,3.510149479,2.560023308
15:12:52,2.563327074,3.511237144,2.559923887
15:12:52,2.562108278,3.511124134,2.560639381
15:12:52,2.562036753,3.511361599,2.560163975
15:12:52,2.562312841,3.511885166,2.559957027
15:12:52,2.561806202,3.512038946,2.559899569
15:12:52,2.562694311,3.513152599,2.560180664
15:12:52,2.562777519,3.513328791,2.560682535
15:12:52,2.563001156,3.512197733,2.561892271
15:12:52,2.562816381,3.512219191,2.560022593
15:12:52,2.563707113,3.513109207,2.560087919
15:12:52,2.563181162,3.513335943,2.561774969
15:12:52,2.563570261,3.513482809,2.560737848
15:12:52,2.563964844,3.513497114,2.560914516
15:12:52,2.563652754,3.513529778,2.560878992
15:12:52,2.563565016,3.512704372,2.559993982
15:12:52,2.563779831,3.51174283,2.561064243
15:12:52,2.562779427,3.511544943,2.561609745
15:12:52,2.564496517,3.509808064,2.560764074
15:12:52,2.562895775,3.506953001,2.55943203
15:12:52,2.562297821,3.50756979,2.559790373
15:12:52,2.562526226,3.506736994,2.559820175
15:12:52,2.562143087,3.506010294,2.559956312
15:12:52,2.562238932,3.50545764,2.559611797
15:12:52,2.561966658,3.506105423,2.559521914
15:12:52,2.563437462,3.506092548,2.560388327
15:12:52,2.563331127,3.506680965,2.561323643
15:12:52,2.563123465,3.506205559,2.560838223
15:12:52,2.562868595,3.505250216,2.56167531
15:12:52,2.564334631,3.505898714,2.561386347
15:12:52,2.562952042,3.505143881,2.560223579
15:12:52,2.561980486,3.504716635,2.560632229
15:12:52,2.562466145,3.504526615,2.560437918
15:12:52,2.562193155,3.504308701,2.561247349
15:12:52,2.562071085,3.504797459,2.560104609
15:12:52,2.562494516,3.504765987,2.559576035
15:12:52,2.562003851,3.504848242,2.558604717
15:12:52,2.561958075,3.505493402,2.559702635
15:12:52,2.562367678,3.505755186,2.560877085
15:12:52,2.562706232,3.507138968,2.560177326
15:12:52,2.563084126,3.506562471,2.560378313
15:12:52,2.562475443,3.506632328,2.561535597
15:12:52,2.562306166,3.508618832,2.561475515
15:12:52,2.562710524,3.508963346,2.560535908
15:12:52,2.5625453,3.508872509,2.56017065
15:12:52,2.562095642,3.509547949,2.561476231
15:12:52,2.56353569,3.509707689,2.560297728
15:12:52,2.561888933,3.509263992,2.559352398
15:12:52,2.562716722,3.509958267,2.560502529
15:12:52,2.562006235,3.510738611,2.560090542
15:12:52,2.562961102,3.510544777,2.561134815
15:12:52,2.562567472,3.511467695,2.561799526
15:12:52,2.563241959,3.511080503,2.561590672
15:12:52,2.562259436,3.511496305,2.561093092
15:12:52,2.562490702,3.510957241,2.560148001
15:12:52,2.563169241,3.511203527,2.560112476
15:12:52,2.563061476,3.512245178,2.561553001
15:12:52,2.56332922,3.513165236,2.559653521
15:12:52,2.562203884,3.510647774,2.5596807
15:12:52,2.562289715,3.511168718,2.56028986
15:12:52,2.562839508,3.510292292,2.557776213
15:12:52,2.561352968,3.510007858,2.560019493
15:12:52,2.563099146,3.510287762,2.560273886
15:12:52,2.56275773,3.508362293,2.55957818
15:12:52,2.563105822,3.508970022,2.560214996
15:12:52,2.562960386,3.509271383,2.561327934
15:12:52,2.563285112,3.508427143,2.560953856
15:12:52,2.562794685,3.50778389,2.561705828
15:12:52,2.56225729,3.506618261,2.56098032
15:12:52,2.562983751,3.505778551,2.560158253
15:12:52,2.562805653,3.505960703,2.560809612
15:12:52,2.561999083,3.504363537,2.560217142
15:12:52,2.561900139,3.505189419,2.561044216
15:12:52,2.562235594,3.504661083,2.560226202
15:12:52,2.563827991,3.504772425,2.559283257
15:12:52,2.562583923,3.503338337,2.560127258
15:12:52,2.562779427,3.505332947,2.560613155
15:12:52,2.562757015,3.505217075,2.561101198
15:12:52,2.562498808,3.503889322,2.560523987
15:12:52,2.562565088,3.504506826,2.560173988
15:12:52,2.562739134,3.505723953,2.560217857
15:12:52,2.561730862,3.507024288,2.562366962
15:12:52,2.56453371,3.508257389,2.562306881
15:12:52,2.5636127,3.507636786,2.561117172
15:12:52,2.562961102,3.507075548,2.560002327
15:12:52,2.563488483,3.509035826,2.562253237
15:12:52,2.564375162,3.50937438,2.56067872
15:12:52,2.563759327,3.509692669,2.560031176
15:12:52,2.563176394,3.510628223,2.559911966
15:12:52,2.56247139,3.50884819,2.558906317
15:12:52,2.562144995,3.509338379,2.559681416
15:12:52,2.561183691,3.509817362,2.55883503
15:12:52,2.562532425,3.511078119,2.560045004
15:12:52,2.562089682,3.510255575,2.558938265
15:12:52,2.561886549,3.511520863,2.55905509
15:12:52,2.561875582,3.512568951,2.560808897
15:12:52,2.56280303,3.51315999,2.56069541
15:12:52,2.562795401,3.512425423,2.560138941
15:12:52,2.563280821,3.51266861,2.560101271
15:12:52,2.562282562,3.51194644,2.560412884
15:12:52,2.562074423,3.510225773,2.560153961
15:12:52,2.562012911,3.510968208,2.559350252
15:12:52,2.56177783,3.510856628,2.558330059
15:12:52,2.561307192,3.509327888,2.557924271
15:12:52,2.56141305,3.509649038,2.558434725
15:12:52,2.561190844,3.508965254,2.558362484
15:12:52,2.56167078,3.508041382,2.559289932
15:12:52,2.562426567,3.507173061,2.559697151
15:12:52,2.561024427,3.50673604,2.559240103
15:12:52,2.561294556,3.50593853,2.559353113
15:12:52,2.561939001,3.506331921,2.560620308
15:12:52,2.561452627,3.505609035,2.560198545
15:12:52,2.561804056,3.504890919,2.559671402
15:12:52,2.562704086,3.505977154,2.561347961
15:12:52,2.561648369,3.506281137,2.56076932
15:12:52,2.562912703,3.506844044,2.560305595
15:12:53,2.562300444,3.504019737,2.56094265
15:12:53,2.562797785,3.503440142,2.560886383
15:12:53,2.561588049,3.504043818,2.558933973
15:12:53,2.56230092,3.503255844,2.560184479
15:12:53,2.563641548,3.50236845,2.560373783
15:12:53,2.562469006,3.503210545,2.55999279
15:12:53,2.56268239,3.503530264,2.558726311
15:12:53,2.562977552,3.504891872,2.560402155
15:12:53,2.562546015,3.504456758,2.559486389
15:12:53,2.562923431,3.504606724,2.558693171
15:12:53,2.562272787,3.505215645,2.558951855
15:12:53,2.56243372,3.505963087,2.559233665
15:12:53,2.56161499,3.506448269,2.560244799
15:12:53,2.56221056,3.506756067,2.56111455
15:12:53,2.562318087,3.508389711,2.55916214
15:12:53,2.561867476,3.508984804,2.560444593
15:12:53,2.562391043,3.509162426,2.560293674
15:12:53,2.561954737,3.509397268,2.560039759
15:12:53,2.562272072,3.510758638,2.559794426
15:12:53,2.562879086,3.510534286,2.559292316
15:12:53,2.562289,3.5107131,2.559752703
15:12:53,2.561808825,3.510887146,2.560351372
15:12:53,2.561582327,3.509665966,2.558907747
15:12:53,2.561612129,3.510234833,2.559801102
15:12:53,2.563145399,3.511458158,2.558936596
15:12:53,2.563383818,3.511864901,2.55905962
15:12:53,2.562057495,3.511499882,2.560203791
15:12:53,2.563175678,3.512093782,2.559357882
15:12:53,2.56375742,3.511953592,2.560563564
15:12:53,2.562306881,3.511662483,2.559565067
15:12:53,2.561874628,3.511336803,2.560420752
15:12:53,2.563150167,3.510123253,2.559049845
15:12:53,2.562915325,3.510980606,2.559353113
15:12:53,2.562291861,3.508880377,2.559289217
15:12:53,2.561708927,3.508589506,2.559593201
15:12:53,2.561259747,3.508034229,2.561275721
15:12:53,2.563059092,3.508466005,2.560006618
15:12:53,2.563283443,3.508695126,2.559473753
15:12:53,2.56330061,3.507254601,2.558815479
15:12:53,2.562891722,3.505494833,2.559154987
15:12:53,2.560960531,3.505261898,2.559399128
15:12:53,2.560965061,3.506483078,2.559576035
15:12:53,2.562260151,3.506039858,2.558680773
15:12:53,2.561972141,3.505471945,2.560672045
15:12:53,2.562184811,3.505002499,2.559720993
15:12:53,2.562566519,3.505205393,2.559967756
15:12:53,2.562009573,3.505011559,2.560067415
15:12:53,2.561641693,3.50594902,2.560484171
15:12:53,2.561969519,3.504900694,2.560592651
15:12:53,2.561957598,3.505145073,2.560373068
15:12:53,2.561304569,3.506289482,2.559989691
15:12:53,2.562978983,3.50609827,2.560556173
15:12:53,2.562632084,3.506951571,2.559611082
15:12:53,2.56119895,3.50530839,2.560197115
15:12:53,2.562022209,3.505056381,2.55892396
15:12:53,2.561939716,3.506374359,2.56003046
15:12:53,2.563425541,3.508068085,2.56158638
15:12:53,2.562989473,3.507658958,2.559151411
15:12:53,2.561965942,3.508501291,2.560470343
15:12:53,2.562702179,3.508272409,2.559112549
15:12:53,2.562357187,3.509209156,2.560504913
15:12:53,2.562316895,3.508473873,2.561026812
15:12:53,2.562459707,3.508779287,2.560228348
15:12:53,2.561845779,3.50903964,2.559343338
15:12:53,2.562561512,3.509529114,2.560637474
15:12:53,2.563521385,3.510652304,2.560252428
15:12:53,2.562611818,3.511087894,2.56149745
15:12:53,2.562503576,3.509305954,2.558177471
15:12:53,2.562333345,3.50904274,2.559201002
15:12:53,2.561149836,3.510007858,2.559598684
15:12:53,2.56261611,3.51033783,2.55851078
15:12:53,2.561910629,3.510079622,2.559717655
15:12:53,2.561661482,3.510452747,2.559187889
15:12:53,2.561940432,3.510200977,2.559791565
15:12:53,2.562805653,3.509825945,2.55936718
15:12:53,2.561896086,3.509537458,2.559466362
15:12:53,2.561315775,3.509783983,2.560271978
15:12:53,2.562149763,3.509978533,2.560447216
15:12:53,2.561713696,3.508926868,2.560266733
15:12:53,2.560931444,3.507371187,2.55994916
15:12:53,2.562020302,3.508200645,2.560315609
15:12:53,2.562612295,3.508429527,2.559943676
15:12:53,2.562565088,3.507692337,2.559766531
15:12:53,2.56162405,3.505918503,2.558976412
15:12:53,2.561031103,3.505838156,2.559650183
15:12:53,2.561745405,3.506502867,2.560389519
15:12:53,2.561473846,3.504454136,2.559882164
15:12:53,2.561874151,3.505536556,2.559979677
15:12:53,2.562894106,3.506096363,2.559209108
15:12:53,2.561578035,3.505754471,2.560163975
15:12:53,2.562429428,3.505144596,2.560553551
15:12:53,2.562772751,3.505049229,2.559740782
15:12:53,2.561843872,3.504684687,2.560175419
15:12:53,2.561128378,3.505023956,2.559521437
15:12:53,2.562034845,3.504586458,2.559566259
15:12:53,2.561454773,3.504978657,2.5595119
15:12:53,2.561632395,3.50557971,2.558502913
15:12:53,2.561928272,3.504719496,2.559762001
15:12:53,2.561726332,3.506305218,2.561201096
15:12:53,2.561898708,3.506442785,2.559617281
15:12:53,2.56171298,3.507272243,2.559029102
15:12:53,2.561770439,3.506110668,2.559964418
15:12:53,2.561808348,3.50761199,2.560099363
15:12:53,2.561861515,3.508314848,2.559983492
15:12:53,2.56170249,3.50807333,2.559015989
15:12:53,2.562583208,3.510024071,2.560629845
15:12:53,2.561139584,3.510536909,2.56024003
15:12:53,2.561136961,3.509800434,2.559879303
15:12:53,2.563452482,3.511248827,2.559701204
15:12:53,2.562644005,3.511313438,2.558249474
15:12:53,2.561269045,3.510617256,2.559928656
15:12:53,2.561744213,3.510951996,2.559806347
15:12:53,2.56257987,3.511098146,2.560746193
15:12:53,2.562623501,3.510782957,2.561260462
15:12:53,2.562564611,3.511353254,2.560733557
15:12:53,2.562983036,3.512073517,2.560698986
15:12:53,2.562044859,3.510936499,2.559552431
15:12:53,2.563185692,3.512177944,2.561337233
15:12:53,2.562418699,3.51074338,2.560865641
15:12:54,2.562081575,3.510414362,2.561043024
15:12:54,2.5625,3.509576559,2.560216427
15:12:54,2.561428308,3.50858283,2.560245991
15:12:54,2.562312841,3.508480072,2.559613943
15:12:54,2.561781168,3.507008553,2.559473038
15:12:54,2.561865568,3.507193327,2.559701204
15:12:54,2.561926365,3.506575108,2.560700417
15:12:54,2.562357187,3.506855965,2.560835361
15:12:54,2.562066555,3.506292105,2.560431957
15:12:54,2.561841011,3.505265236,2.560828686
15:12:54,2.562891722,3.505677462,2.560838223
15:12:54,2.5620718,3.504980087,2.560637474
15:12:54,2.562666416,3.504760742,2.559689999
15:12:54,2.561994553,3.504305601,2.559683323
15:12:54,2.562397718,3.504910946,2.56099081
15:12:54,2.563314438,3.505367517,2.560423851
15:12:54,2.562484503,3.505509138,2.560522318
15:12:54,2.562538147,3.505367517,2.561079979
15:12:54,2.562410831,3.505613804,2.560865641
15:12:54,2.562212944,3.505364418,2.559482336
15:12:54,2.562243938,3.506519079,2.560933352
15:12:54,2.563344955,3.507463932,2.559879303
15:12:54,2.562679529,3.506562471,2.560312986
15:12:54,2.561998367,3.50720048,2.559281111
15:12:54,2.561864853,3.506666422,2.561566114
15:12:54,2.562316179,3.508604288,2.559820652
15:12:54,2.561880827,3.507490873,2.559153795
15:12:54,2.562181473,3.508625746,2.55896306
15:12:54,2.562416792,3.509900093,2.560767889
15:12:54,2.562134027,3.510331392,2.559645653
15:12:54,2.56250906,3.510790348,2.560798407
15:12:54,2.562430382,3.510229588,2.560254097
15:12:54,2.562413216,3.509912491,2.559544325
15:12:54,2.562644005,3.510732889,2.560007334
15:12:54,2.562032938,3.511116982,2.559495449
15:12:54,2.563290596,3.512970686,2.559402943
15:12:54,2.562915325,3.513202906,2.558126688
15:12:54,2.56293273,3.512818575,2.56070447
15:12:54,2.56317997,3.514150143,2.559564114
15:12:54,2.563087225,3.512737274,2.5592103
15:12:54,2.563761711,3.511951447,2.560347795
15:12:54,2.56232667,3.511232615,2.560076714
15:12:54,2.564265251,3.511892319,2.560755253
15:12:54,2.562773228,3.510384321,2.560398817
15:12:54,2.562898874,3.510303974,2.559731007
15:12:54,2.56251502,3.511274815,2.559745312
15:12:54,2.561681271,3.508001328,2.559244871
15:12:54,2.562476158,3.508591652,2.560115814
15:12:54,2.562006235,3.508834124,2.560015917
15:12:54,2.562440157,3.508159399,2.560040474
15:12:54,2.562337875,3.508023739,2.559461117
15:12:54,2.561679125,3.50713253,2.559715509
15:12:54,2.562464237,3.506654263,2.561181545
15:12:54,2.562193871,3.505804777,2.560528517
15:12:54,2.56309247,3.505220652,2.561001301
15:12:54,2.562548876,3.505075216,2.56136775
15:12:54,2.562490702,3.504793406,2.560647011
15:12:54,2.562972307,3.505404711,2.560192585
15:12:54,2.563429832,3.504738092,2.560175419
15:12:54,2.562542439,3.504863262,2.55980444
15:12:54,2.562611818,3.504344463,2.560250759
15:12:54,2.561361551,3.505218744,2.560444593
15:12:54,2.562307596,3.505373478,2.559912682
15:12:54,2.56272459,3.505261183,2.559936047
15:12:54,2.561428308,3.505766869,2.560571432
15:12:54,2.56239295,3.505364418,2.559879303
15:12:54,2.562053204,3.505776167,2.560544252
15:12:54,2.562652588,3.507154942,2.562103271
15:12:54,2.562643528,3.506187201,2.55980587
15:12:54,2.562260151,3.507143021,2.560502529
15:12:54,2.561814785,3.50842309,2.560281754
15:12:54,2.562437773,3.507606268,2.560212851
15:12:54,2.562205791,3.507554531,2.560500622
15:12:54,2.562354565,3.509982347,2.560031176
15:12:54,2.56250906,3.50912571,2.559814215
15:12:54,2.561609268,3.510139227,2.56030035
15:12:54,2.562530518,3.510681391,2.560236216
15:12:54,2.561847687,3.511346102,2.56033659
15:12:54,2.562790155,3.511230469,2.559504271
15:12:54,2.562249422,3.512314081,2.560745001
15:12:54,2.562999249,3.511580229,2.560617208
15:12:54,2.56211257,3.510764122,2.559667349
15:12:54,2.562670946,3.509780884,2.559843302
15:12:54,2.562543154,3.510480642,2.559653521
15:12:54,2.562467098,3.510489225,2.559123993
15:12:54,2.56175971,3.510066032,2.559778452
15:12:54,2.56188345,3.509346962,2.560050488
15:12:54,2.562262058,3.509195566,2.560768366
15:12:54,2.563453197,3.50985837,2.560321093
15:12:54,2.562208652,3.509388685,2.560660839
15:12:54,2.562190771,3.509410143,2.559503555
15:12:54,2.561778545,3.507897854,2.559464455
15:12:54,2.562179565,3.506717443,2.559221029
15:12:54,2.56208086,3.50783968,2.558898211
15:12:54,2.560681581,3.507147551,2.558322191
15:12:54,2.562319517,3.506451845,2.559605837
15:12:54,2.561345339,3.506204128,2.559128523
15:12:54,2.561489105,3.505848646,2.559581995
15:12:54,2.561919928,3.506363392,2.560050488
15:12:54,2.563451767,3.506783485,2.559009314
15:12:54,2.561974764,3.505057096,2.559619188
15:12:54,2.562357664,3.506270647,2.5591681
15:12:54,2.562917471,3.506208658,2.559903622
15:12:54,2.561704397,3.505081892,2.558864117
15:12:54,2.561900139,3.505464792,2.560028553
15:12:54,2.561950445,3.504495144,2.559979677
15:12:54,2.561952829,3.505670309,2.560214281
15:12:54,2.56286788,3.505940676,2.559340715
15:12:54,2.561532497,3.504742622,2.559227705
15:12:54,2.562650681,3.504693747,2.560135603
15:12:54,2.561919212,3.505616665,2.559053421
15:12:54,2.561212063,3.505335093,2.560914516
15:12:54,2.562872648,3.507347345,2.559629679
15:12:54,2.562234402,3.506768942,2.55957818
15:12:54,2.562602282,3.507634878,2.55943799
15:12:54,2.562375784,3.508529425,2.559857368
15:12:55,2.561830044,3.50843358,2.560082197
15:12:55,2.562412024,3.508147717,2.560926437
15:12:55,2.562334061,3.508678675,2.560499907
15:12:55,2.563426256,3.508344173,2.559597492
15:12:55,2.562855244,3.508866072,2.559242725
15:12:55,2.561769009,3.508787155,2.56092453
15:12:55,2.562351942,3.508943081,2.559162855
15:12:55,2.56141758,3.510584593,2.559815645
15:12:55,2.562706232,3.511005402,2.55857873
15:12:55,2.561957598,3.511044025,2.560533047
15:12:55,2.562939405,3.511200666,2.559488773
15:12:55,2.562385082,3.511466265,2.560594559
15:12:55,2.562357187,3.510599613,2.559925318
15:12:55,2.562800169,3.510768414,2.560776711
15:12:55,2.562862635,3.510504484,2.560216427
15:12:55,2.561668158,3.509495735,2.559901953
15:12:55,2.562303782,3.509241343,2.561117172
15:12:55,2.56268239,3.509512663,2.560260773
15:12:55,2.562683582,3.508512974,2.560895443
15:12:55,2.562880516,3.50949502,2.560244083
15:12:55,2.562680006,3.508663177,2.560208321
15:12:55,2.561434031,3.508818865,2.558704615
15:12:55,2.561733484,3.506257534,2.558588743
15:12:55,2.561585426,3.507720947,2.559448004
15:12:55,2.561908722,3.506649017,2.559224367
15:12:55,2.561324596,3.506489754,2.559761524
15:12:55,2.562427759,3.506255627,2.560252428
15:12:55,2.562075615,3.505673647,2.560051203
15:12:55,2.563693047,3.506189823,2.56074214
15:12:55,2.563664198,3.506835699,2.56018734
15:12:55,2.56323123,3.507148027,2.559963465
15:12:55,2.562695503,3.505747795,2.560267925
15:12:55,2.562854052,3.506639719,2.559957027
15:12:55,2.563008547,3.507621288,2.560271978
15:12:55,2.56262207,3.50760293,2.560811281
15:12:55,2.5630548,3.507491827,2.559802294
15:12:55,2.562083721,3.506097078,2.559384823
15:12:55,2.56312418,3.506582499,2.559373617
15:12:55,2.561352491,3.505839825,2.55864954
15:12:55,2.562516212,3.505656481,2.559834003
15:12:55,2.562191963,3.506591558,2.558099985
15:12:55,2.561527252,3.505667686,2.558852196
15:12:55,2.562341452,3.508283615,2.559293032
15:12:55,2.562541485,3.508514881,2.560749292
15:12:55,2.56315732,3.5101614,2.56054759
15:12:55,2.563208103,3.51053381,2.56095624
15:12:55,2.562652588,3.508966446,2.559959888
15:12:55,2.562735081,3.509810209,2.561207056
15:12:55,2.563053608,3.509762049,2.560017824
15:12:55,2.562950373,3.509881258,2.560471535
15:12:55,2.562482595,3.51045084,2.559691191
15:12:55,2.562554836,3.51006937,2.560018539
15:12:55,2.562831879,3.5097363,2.560309649
15:12:55,2.561772346,3.509797096,2.56026721
15:12:55,2.562528133,3.509733915,2.561598301
15:12:55,2.562349319,3.511128187,2.561088324
15:12:55,2.562823534,3.510908842,2.560099363
15:12:55,2.561611414,3.511044025,2.562444925
15:12:55,2.562604189,3.510678768,2.560346603
15:12:55,2.561764479,3.50986433,2.56077528
15:12:55,2.562762022,3.509590864,2.560377598
15:12:55,2.562900305,3.508919477,2.559430838
15:12:55,2.562400818,3.508742094,2.560633659
15:12:55,2.562114716,3.508310795,2.560065031
15:12:55,2.562620878,3.508734941,2.56173563
15:12:55,2.562450886,3.508851051,2.561022043
15:12:55,2.561845064,3.508020639,2.560369968
15:12:55,2.562868595,3.507824898,2.560468912
15:12:55,2.562222958,3.507803202,2.560211658
15:12:55,2.561655521,3.507285357,2.559288025
15:12:55,2.562616587,3.507339954,2.559833288
15:12:55,2.561877489,3.506506681,2.560138226
15:12:55,2.562704563,3.506790638,2.56009841
15:12:55,2.562538862,3.506166697,2.561048269
15:12:55,2.562889099,3.5070889,2.561309338
15:12:55,2.56304884,3.507116795,2.559751511
15:12:55,2.561865568,3.506151199,2.560077429
15:12:55,2.562587023,3.506217718,2.559897661
15:12:55,2.561598778,3.506509304,2.560325384
15:12:55,2.562688828,3.506573439,2.56122756
15:12:55,2.563096046,3.506902218,2.561124325
15:12:55,2.562757015,3.506983042,2.559761524
15:12:55,2.56158042,3.507198572,2.560217142
15:12:55,2.562685013,3.506348372,2.560075998
15:12:55,2.562342644,3.506816149,2.559709787
15:12:55,2.562423944,3.507637501,2.559882164
15:12:55,2.562480211,3.50792861,2.558889151
15:12:55,2.563365936,3.508423805,2.560152769
15:12:55,2.561876297,3.508458853,2.560284376
15:12:55,2.562880516,3.509519339,2.559369802
15:12:55,2.562309742,3.508831501,2.560485363
15:12:55,2.563521385,3.509112597,2.561065674
15:12:55,2.563023806,3.510167122,2.561012506
15:12:55,2.563140392,3.510812283,2.560979605
15:12:55,2.562403202,3.509306431,2.561486006
15:12:55,2.563159466,3.510317802,2.560568333
15:12:55,2.563387394,3.511478424,2.561331272
15:12:55,2.563071489,3.511035442,2.559553146
15:12:55,2.563880205,3.510189295,2.5590868
15:12:55,2.563042879,3.510430574,2.559776068
15:12:55,2.562524319,3.510045052,2.559720278
15:12:55,2.563045025,3.509435177,2.560907364
15:12:55,2.563136816,3.509088516,2.56005311
15:12:55,2.562333345,3.509722948,2.559641123
15:12:55,2.56290102,3.509094477,2.559373617
15:12:55,2.561017752,3.508622885,2.560134411
15:12:55,2.562081575,3.509083986,2.561756611
15:12:55,2.56225729,3.509839535,2.560311079
15:12:55,2.562478065,3.507362843,2.560595274
15:12:55,2.562536955,3.508166552,2.559946537
15:12:55,2.562746286,3.507815123,2.560667276
15:12:55,2.563266277,3.508099556,2.561220407
15:12:55,2.56310153,3.507294416,2.560470819
15:12:55,2.562846184,3.507525921,2.560487032
15:12:55,2.562802553,3.506947994,2.56008482
15:12:55,2.562342644,3.507246256,2.560986757
15:12:55,2.561640978,3.507170439,2.559863091
15:12:55,2.561823845,3.506867647,2.560141563
15:12:55,2.561988592,3.507431269,2.560365677
15:12:56,2.564051151,3.508490801,2.560503244
15:12:56,2.563306808,3.509759426,2.560585499
15:12:56,2.562935352,3.508235216,2.561851978
15:12:56,2.562880516,3.508568525,2.560945034
15:12:56,2.562050581,3.508417368,2.559886456
15:12:56,2.562080145,3.508001089,2.560909986
15:12:56,2.562982082,3.507832527,2.560602665
15:12:56,2.563030243,3.507818699,2.560611963
15:12:56,2.562470675,3.507903814,2.559486389
15:12:56,2.563180447,3.50881052,2.560834646
15:12:56,2.563962698,3.509206533,2.560412884
15:12:56,2.563781977,3.509994268,2.561432362
15:12:56,2.563314438,3.509875536,2.56005621
15:12:56,2.563556433,3.509843588,2.560700893
15:12:56,2.562110662,3.508671045,2.560358524
15:12:56,2.562915325,3.509349346,2.562093258
15:12:56,2.563873529,3.509377003,2.560469627
15:12:56,2.563294888,3.509036541,2.559942484
15:12:56,2.56265831,3.509416819,2.558710575
15:12:56,2.56386447,3.509997368,2.561782837
15:12:56,2.563967943,3.509634018,2.561349869
15:12:56,2.563514709,3.510767221,2.560082912
15:12:56,2.563053608,3.509409428,2.559193134
15:12:56,2.56348896,3.508760452,2.55978775
15:12:56,2.56326437,3.509891748,2.559646368
15:12:56,2.562543392,3.509059906,2.559503555
15:12:56,2.562737226,3.508684158,2.559116602
15:12:56,2.562692165,3.509754896,2.560718775
15:12:56,2.562599182,3.508970022,2.55931139
15:12:56,2.563459158,3.507920504,2.559336662
15:12:56,2.562510729,3.510608912,2.561637402
15:12:56,2.564035416,3.51077342,2.561596394
15:12:56,2.563684464,3.509854078,2.560986042
15:12:56,2.563835859,3.509881258,2.561570168
15:12:56,2.563420773,3.509678364,2.56111908
15:12:56,2.56369853,3.509732723,2.561501503
15:12:56,2.563426971,3.508967161,2.562155247
15:12:56,2.563169241,3.507884979,2.560651541
15:12:56,2.563064098,3.507682562,2.560801029
15:12:56,2.562365055,3.507171154,2.560499907
15:12:56,2.56253767,3.507454872,2.560391665
15:12:56,2.563491583,3.508843899,2.562636137
15:12:56,2.563797474,3.508906126,2.56144309
15:12:56,2.563597202,3.509662867,2.560212374
15:12:56,2.563722134,3.508729696,2.561923265
15:12:56,2.564208508,3.508999348,2.560656071
15:12:56,2.563097954,3.50984478,2.561666012
15:12:56,2.563306093,3.510152102,2.562138796
15:12:56,2.563500404,3.509828329,2.560488224
15:12:56,2.563893318,3.510157347,2.56202507
15:12:56,2.563913107,3.509817362,2.562476635
15:12:56,2.563343763,3.509682894,2.561416864
15:12:56,2.564100742,3.508959293,2.561368227
15:12:56,2.563412905,3.510002613,2.561478138
15:12:56,2.562875986,3.510133028,2.560836792
15:12:56,2.563289881,3.51105237,2.561570168
15:12:56,2.562137842,3.510875702,2.560592175
15:12:56,2.563280821,3.511044502,2.561154604
15:12:56,2.563619852,3.509592295,2.559293509
15:12:56,2.562423229,3.507719755,2.56028986
15:12:56,2.562229156,3.509010315,2.558787107
15:12:56,2.561784983,3.509821177,2.559437275
15:12:56,2.561263561,3.508968592,2.559820175
15:12:56,2.563940287,3.510573387,2.560669899
15:12:56,2.564326048,3.510130644,2.561742783
15:12:56,2.56394887,3.50986433,2.560143709
15:12:56,2.563742638,3.510085583,2.560477018
15:12:56,2.563555717,3.509423733,2.560150146
15:12:56,2.56243372,3.507442951,2.560188055
15:12:56,2.562601089,3.508410454,2.558837414
15:12:56,2.562341452,3.507811785,2.56006813
15:12:56,2.561905146,3.507931232,2.560638189
15:12:56,2.561975002,3.506552696,2.560284376
15:12:56,2.562716007,3.505755186,2.559928179
15:12:56,2.562405586,3.505095482,2.559936523
15:12:56,2.562099457,3.505974531,2.560483456
15:12:56,2.561810493,3.505935192,2.560216427
15:12:56,2.562860727,3.50661397,2.559880972
15:12:56,2.561890841,3.505864143,2.559668064
15:12:56,2.562379599,3.505960226,2.560209036
15:12:56,2.562436581,3.50714612,2.559725523
15:12:56,2.562281132,3.506147146,2.559796333
15:12:56,2.562163353,3.50557375,2.559010744
15:12:56,2.561451912,3.50523448,2.560602665
15:12:56,2.562486649,3.506656647,2.559857845
15:12:56,2.562449932,3.505847216,2.560217142
15:12:56,2.561833858,3.507434607,2.561086655
15:12:56,2.562783241,3.507292509,2.559903622
15:12:56,2.561957598,3.506874323,2.560102701
15:12:56,2.56196475,3.506416082,2.560227633
15:12:56,2.561915874,3.506978035,2.55978775
15:12:56,2.562593937,3.508145094,2.559457779
15:12:56,2.562476158,3.508906126,2.559006214
15:12:56,2.562040091,3.509015322,2.561572075
15:12:56,2.562731743,3.509799004,2.561542988
15:12:56,2.562263489,3.510475874,2.561716318
15:12:56,2.564341068,3.510139704,2.560813665
15:12:56,2.563456059,3.509438276,2.56130147
15:12:56,2.563581705,3.510946274,2.562184334
15:12:56,2.563306093,3.510987282,2.56234169
15:12:56,2.564328194,3.512093782,2.563162088
15:12:56,2.564095974,3.512203217,2.561768532
15:12:56,2.563241243,3.512145996,2.562302113
15:12:56,2.564653873,3.51248312,2.561129093
15:12:56,2.563231945,3.511942387,2.561385632
15:12:56,2.563774347,3.5125525,2.561313629
15:12:56,2.564600468,3.51247859,2.561767817
15:12:56,2.563710213,3.511569977,2.56185317
15:12:56,2.564009666,3.511513233,2.561915398
15:12:56,2.56297493,3.512161255,2.561875582
15:12:56,2.563245058,3.511287212,2.56074214
15:12:56,2.563260555,3.509884596,2.560144424
15:12:56,2.563827991,3.510366678,2.560163975
15:12:56,2.56311965,3.509712458,2.560029745
15:12:56,2.563532591,3.509782791,2.561112881
15:12:57,2.563028097,3.50934124,2.560983419
15:12:57,2.563121557,3.508879185,2.559764147
15:12:57,2.563037872,3.509506702,2.560982704
15:12:57,2.563160181,3.50830102,2.559499979
15:12:57,2.562693596,3.508240938,2.559653997
15:12:57,2.562046051,3.507238865,2.560102701
15:12:57,2.562164068,3.507241964,2.559818268
15:12:57,2.561705351,3.506658792,2.561290264
15:12:57,2.563763142,3.506530523,2.559569359
15:12:57,2.562742233,3.507199764,2.561286926
15:12:57,2.562344551,3.506464958,2.561146975
15:12:57,2.5629704,3.506778002,2.560640335
15:12:57,2.563343048,3.506632328,2.560260057
15:12:57,2.56342268,3.506097078,2.56054306
15:12:57,2.562283993,3.505348206,2.559866667
15:12:57,2.563328266,3.506295443,2.560946941
15:12:57,2.562927961,3.506290913,2.558959723
15:12:57,2.562843323,3.50594902,2.561103106
15:12:57,2.56227994,3.506597519,2.561136961
15:12:57,2.561612606,3.506062508,2.560210943
15:12:57,2.56149435,3.506547689,2.559795856
15:12:57,2.562407494,3.507673502,2.560720444
15:12:57,2.562996864,3.508763552,2.560579538
15:12:57,2.562733889,3.508431435,2.560669899
15:12:57,2.562294483,3.508910894,2.560648203
15:12:57,2.56297493,3.5093925,2.559565067
15:12:57,2.561541557,3.508872509,2.560467958
15:12:57,2.561518908,3.50864172,2.55958128
15:12:57,2.562287092,3.509816647,2.559873104
15:12:57,2.562336206,3.510288477,2.559488058
15:12:57,2.562419891,3.510646582,2.559424639
15:12:57,2.562584877,3.511731625,2.56132555
15:12:57,2.56276679,3.511312246,2.560512066
15:12:57,2.562752247,3.510025501,2.560718775
15:12:57,2.56170702,3.510552645,2.559483528
15:12:57,2.562367678,3.511281013,2.560173988
15:12:57,2.562138557,3.510980606,2.560531139
15:12:57,2.561838627,3.510787487,2.559907436
15:12:57,2.56293273,3.510163546,2.560230255
15:12:57,2.56189537,3.510927439,2.560464382
15:12:57,2.563600779,3.511173725,2.559607983
15:12:57,2.562115431,3.509786606,2.558730364
15:12:57,2.562090158,3.508368969,2.560811281
15:12:57,2.562046766,3.508310795,2.559854746
15:12:57,2.56126833,3.508749962,2.559012651
15:12:57,2.562767506,3.508991241,2.560129404
15:12:57,2.562353373,3.507706404,2.558651447
15:12:57,2.562464237,3.507925987,2.559862375
15:12:57,2.562368393,3.506247759,2.558802605
15:12:57,2.561639547,3.506704569,2.559815645
15:12:57,2.561507463,3.506486654,2.559383154
15:12:57,2.561356068,3.505365133,2.56016922
15:12:57,2.562567472,3.506206274,2.559352398
15:12:57,2.561820269,3.505687237,2.559488058
15:12:57,2.561264515,3.505586147,2.559147596
15:12:57,2.561715603,3.506045341,2.559314251
15:12:57,2.562202215,3.505427837,2.560032606
15:12:57,2.563647032,3.506756783,2.560745001
15:12:57,2.562461615,3.505657673,2.559376478
15:12:57,2.562553883,3.506488562,2.560145617
15:12:57,2.562026739,3.506020784,2.560408831
15:12:57,2.5629704,3.50635004,2.559383154
15:12:57,2.561357975,3.505595922,2.560044527
15:12:57,2.563726187,3.506716967,2.559826136
15:12:57,2.562500715,3.50676775,2.559978247
15:12:57,2.562781334,3.507672787,2.561115742
15:12:57,2.562696934,3.506099701,2.560223579
15:12:57,2.563443422,3.507037163,2.560594559
15:12:57,2.562831879,3.50763154,2.560781002
15:12:57,2.562670231,3.507916927,2.561726093
15:12:57,2.56340456,3.50890255,2.560982227
15:12:57,2.563575506,3.50937891,2.559843302
15:12:57,2.562877178,3.509500265,2.560443401
15:12:57,2.562854052,3.509535551,2.560219049
15:12:57,2.562879801,3.509249687,2.561392784
15:12:57,2.561754465,3.509648561,2.56065464
15:12:57,2.562953949,3.509232283,2.560995817
15:12:57,2.562728882,3.510608196,2.559664011
15:12:57,2.562072515,3.51068306,2.560421467
15:12:57,2.562733173,3.510693312,2.559974909
15:12:57,2.561745405,3.509948492,2.559686422
15:12:57,2.561284781,3.510753155,2.559291601
15:12:57,2.562184095,3.50948596,2.56009841
15:12:57,2.562269926,3.510924578,2.559495449
15:12:57,2.561942339,3.511798859,2.559782505
15:12:57,2.562651157,3.510640383,2.560024261
15:12:57,2.562467575,3.510699511,2.560137272
15:12:57,2.563393116,3.512069702,2.560045004
15:12:57,2.562324286,3.512224197,2.560144901
15:12:57,2.563412428,3.510703087,2.560615778
15:12:57,2.56383872,3.511326551,2.560739517
15:12:57,2.56233263,3.510482311,2.560166121
15:12:57,2.563018322,3.508601904,2.561056852
15:12:57,2.562187433,3.509104252,2.560617685
15:12:57,2.562394142,3.508317232,2.56119132
15:12:57,2.562879086,3.508768082,2.559756041
15:12:57,2.563174486,3.508216619,2.55992198
15:12:57,2.562137842,3.50702095,2.558683157
15:12:57,2.561925888,3.507078409,2.559769869
15:12:57,2.562442541,3.506927013,2.559781313
15:12:57,2.562393665,3.505740643,2.55970192
15:12:57,2.562469482,3.507254124,2.559845209
15:12:57,2.562043905,3.505702257,2.559754133
15:12:57,2.562474728,3.506066561,2.559974194
15:12:57,2.562054634,3.504496574,2.559879541
15:12:57,2.562167645,3.505771399,2.560069561
15:12:57,2.562706232,3.506247759,2.560345888
15:12:57,2.562449217,3.505635262,2.560994148
15:12:57,2.562706947,3.506278276,2.560410738
15:12:57,2.563200235,3.506207943,2.560331345
15:12:57,2.562464237,3.506412268,2.560539007
15:12:57,2.562197924,3.507456064,2.560728073
15:12:57,2.563099146,3.507232904,2.560185432
15:12:57,2.56202817,3.50711298,2.560548544
15:12:57,2.562530994,3.506952286,2.560322285
15:12:57,2.5630126,3.50653553,2.560565948
15:12:57,2.562560081,3.507786274,2.560451031
15:12:57,2.563218832,3.50868988,2.560418844
15:12:57,2.562687635,3.51010704,2.561107397
15:12:58,2.562508583,3.508791685,2.560242653
15:12:58,2.562122583,3.509174109,2.55944705
15:12:58,2.564051628,3.510489941,2.561892271
15:12:58,2.563576221,3.509193182,2.560675859
15:12:58,2.563266993,3.511149883,2.561192989
15:12:58,2.561775923,3.509656191,2.560104609
15:12:58,2.562223673,3.508928061,2.560265303
15:12:58,2.562697411,3.508774042,2.561462164
15:12:58,2.561654091,3.509690762,2.560746908
15:12:58,2.562974215,3.508751869,2.559602499
15:12:58,2.561869144,3.507971525,2.560674667
15:12:58,2.561800718,3.50923419,2.558655739
15:12:58,2.562848806,3.509546757,2.560585499
15:12:58,2.562755585,3.5092628,2.55971694
15:12:58,2.562445641,3.508411169,2.559642076
15:12:58,2.562180758,3.509102821,2.558985472
15:12:58,2.561681986,3.508465528,2.560365677
15:12:58,2.562186718,3.509546757,2.560272455
15:12:58,2.562419891,3.509309053,2.560117722
15:12:58,2.562159777,3.508341551,2.560872793
15:12:58,2.562726736,3.508631229,2.560933352
15:12:58,2.562893152,3.507970333,2.559943676
15:12:58,2.562986851,3.50826478,2.56060195
15:12:58,2.563239098,3.508523464,2.560763359
15:12:58,2.562748432,3.507338762,2.559906721
15:12:58,2.562108278,3.507047653,2.560231447
15:12:58,2.562920332,3.50790906,2.558933973
15:12:58,2.562813044,3.507915497,2.558994293
15:12:58,2.562375069,3.507380962,2.560932636
15:12:58,2.563220739,3.508229256,2.560074091
15:12:58,2.562995672,3.50726223,2.561003447
15:12:58,2.563034534,3.506248236,2.558381081
15:12:58,2.562632084,3.506690264,2.560524464
15:12:58,2.561798334,3.505907774,2.560683489
15:12:58,2.563591242,3.508142471,2.560357332
15:12:58,2.562535763,3.507734776,2.559290409
15:12:58,2.563417196,3.506910563,2.559269428
15:12:58,2.562470675,3.505989313,2.559267282
15:12:58,2.562153101,3.506864548,2.5603652
15:12:58,2.562493324,3.507897377,2.560595274
15:12:58,2.562722445,3.508119106,2.559659481
15:12:58,2.562859297,3.508875847,2.560604572
15:12:58,2.562169552,3.507632256,2.559747934
15:12:58,2.561900139,3.507534981,2.561466932
15:12:58,2.56264782,3.50812459,2.559959173
15:12:58,2.563138247,3.508272886,2.560345411
15:12:58,2.562601089,3.508423805,2.561053753
15:12:58,2.562926769,3.508904457,2.561093807
15:12:58,2.563280344,3.509520054,2.560986757
15:12:58,2.562702656,3.509776831,2.561009884
15:12:58,2.562618971,3.509157658,2.55975461
15:12:58,2.561860323,3.508888245,2.559904099
15:12:58,2.562408686,3.509779453,2.559773445
15:12:58,2.56342268,3.508826256,2.561373711
15:12:58,2.561936855,3.507956505,2.560021877
15:12:58,2.562266111,3.508254051,2.559906721
15:12:58,2.562018633,3.509174109,2.561368227
15:12:58,2.5626266,3.508453131,2.560917377
15:12:58,2.562200546,3.508787632,2.560318232
15:12:58,2.562279224,3.508676291,2.559849262
15:12:58,2.562975645,3.507910728,2.560724258
15:12:58,2.562604189,3.507371902,2.561025858
15:12:58,2.562279224,3.507205963,2.561963558
15:12:58,2.562379599,3.507964373,2.559563398
15:12:58,2.56171298,3.506749392,2.560706854
15:12:58,2.562376499,3.507367611,2.560428619
15:12:58,2.562811613,3.507246733,2.560735464
15:12:58,2.561790228,3.506380081,2.559755564
15:12:58,2.562686205,3.506150007,2.559959888
15:12:58,2.562147141,3.506753445,2.560009956
15:12:58,2.563056231,3.506871462,2.560556889
15:12:58,2.561789513,3.507354259,2.561149597
15:12:58,2.562900305,3.507207632,2.559691191
15:12:58,2.56309247,3.507758856,2.560792208
15:12:58,2.562575817,3.508164644,2.559982777
15:12:58,2.56262207,3.507388353,2.560355663
15:12:58,2.562579155,3.506888628,2.561397552
15:12:58,2.563860416,3.50904417,2.559941769
15:12:58,2.562022209,3.508964539,2.559867382
15:12:58,2.563784361,3.508606911,2.560211658
15:12:58,2.563225269,3.508972406,2.560364008
15:12:58,2.563114166,3.510943413,2.560450554
15:12:58,2.563760519,3.51009798,2.560374498
15:12:58,2.563176394,3.51035738,2.560933352
15:12:58,2.563669443,3.510278702,2.560999393
15:12:58,2.5636549,3.509945393,2.561316729
15:12:58,2.563103914,3.510158062,2.560740709
15:12:58,2.562520504,3.509957075,2.560660124
15:12:58,2.562136412,3.508456945,2.56048274
15:12:58,2.562696218,3.508939743,2.559760571
15:12:58,2.562278032,3.508778572,2.559544325
15:12:58,2.562623501,3.510099173,2.559606552
15:12:58,2.562808514,3.509083271,2.560275078
15:12:58,2.563295364,3.509326696,2.55999732
15:12:58,2.562688112,3.508797407,2.560054302
15:12:58,2.561680794,3.509197474,2.559744358
15:12:58,2.562236786,3.508964062,2.559234858
15:12:58,2.562599182,3.50880909,2.55951786
15:12:58,2.562939882,3.508233309,2.56007576
15:12:58,2.562906742,3.508759737,2.55992341
15:12:58,2.562956333,3.508149624,2.559677362
15:12:58,2.563402414,3.508381128,2.561038256
15:12:58,2.563282251,3.508280754,2.561436415
15:12:58,2.562663078,3.507919312,2.559938431
15:12:58,2.562334061,3.507496119,2.562075377
15:12:58,2.562505245,3.507875204,2.560869217
15:12:58,2.562876463,3.508371353,2.562023878
15:12:58,2.563493013,3.508254766,2.560174704
15:12:58,2.562321424,3.507234335,2.560880423
15:12:58,2.562968254,3.507379293,2.560303211
15:12:58,2.562935829,3.5073452,2.561637402
15:12:58,2.563544989,3.507862568,2.561591148
15:12:58,2.562929392,3.508271694,2.560894728
15:12:58,2.563126087,3.507882118,2.560031176
15:12:58,2.563174963,3.507662535,2.56043458
15:12:58,2.562681675,3.507797241,2.560558796
15:12:59,2.563058376,3.508758545,2.561973333
15:12:59,2.563123465,3.50831008,2.560499907
15:12:59,2.563697815,3.509403706,2.561456203
15:12:59,2.562842607,3.508205652,2.560660839
15:12:59,2.562281132,3.507613897,2.560835838
15:12:59,2.563228846,3.508213043,2.56007576
15:12:59,2.561652184,3.507565022,2.561404228
15:12:59,2.563093901,3.50951314,2.560917377
15:12:59,2.562874317,3.509388685,2.560551167
15:12:59,2.561573505,3.50961566,2.56008482
15:12:59,2.562992811,3.510077715,2.560017824
15:12:59,2.56282711,3.509902716,2.5610466
15:12:59,2.562461615,3.509769678,2.560318708
15:12:59,2.562320709,3.509340286,2.560859919
15:12:59,2.563017368,3.509222507,2.56008935
15:12:59,2.563652754,3.51058197,2.561848402
15:12:59,2.563434601,3.510399342,2.559892893
15:12:59,2.561870337,3.509046316,2.560648918
15:12:59,2.562040091,3.508298874,2.560213566
15:12:59,2.56265378,3.508904457,2.559349537
15:12:59,2.562590361,3.509449959,2.560211658
15:12:59,2.563163042,3.510169029,2.560186625
15:12:59,2.562818289,3.510512829,2.560900211
15:12:59,2.562858105,3.509287596,2.559326172
15:12:59,2.562307596,3.508693933,2.560823202
15:12:59,2.561868191,3.508404255,2.55923748
15:12:59,2.562942505,3.509213924,2.560321569
15:12:59,2.562588453,3.50845623,2.560048342
15:12:59,2.562535763,3.50732851,2.560623169
15:12:59,2.561811209,3.506946564,2.559816122
15:12:59,2.562544823,3.506836414,2.558953762
15:12:59,2.561992407,3.506738901,2.561015368
15:12:59,2.562418699,3.508149624,2.560064316
15:12:59,2.562098265,3.507041454,2.561103821
15:12:59,2.562769651,3.506666422,2.561853647
15:12:59,2.56221056,3.50732851,2.560437918
15:12:59,2.561842918,3.506318331,2.559470892
15:12:59,2.562889814,3.506340265,2.560776711
15:12:59,2.563248396,3.508686543,2.56156826
15:12:59,2.563233852,3.508318424,2.561214209
15:12:59,2.562514305,3.50819993,2.560439825
15:12:59,2.56353569,3.507527351,2.561940432
15:12:59,2.562470198,3.507307768,2.56032753
15:12:59,2.562694311,3.506409883,2.561154127
15:12:59,2.561788559,3.506225824,2.559772491
15:12:59,2.561722755,3.507594347,2.558940411
15:12:59,2.562088251,3.506914616,2.559742928
15:12:59,2.561978579,3.507877111,2.560676336
15:12:59,2.562094688,3.50689435,2.560697794
15:12:59,2.562560081,3.507884026,2.56003499
15:12:59,2.56283021,3.507838488,2.560775995
15:12:59,2.562630892,3.507578373,2.560366392
15:12:59,2.562121868,3.50794816,2.560339451
15:12:59,2.562669039,3.508914471,2.560458899
15:12:59,2.562972307,3.508641005,2.560883522
15:12:59,2.563060045,3.508416653,2.562124968
15:12:59,2.56278944,3.509402275,2.560365677
15:12:59,2.562967539,3.509489298,2.560491323
15:12:59,2.561833858,3.510127306,2.560972452
15:12:59,2.562412024,3.509805918,2.559818268
15:12:59,2.562524319,3.509138823,2.560389519
15:12:59,2.562897682,3.509810686,2.560697794
15:12:59,2.564194679,3.510173321,2.561318636
15:12:59,2.563027382,3.510036707,2.561882973
15:12:59,2.563051462,3.511451721,2.561608315
15:12:59,2.562574625,3.510124683,2.561275721
15:12:59,2.563059092,3.509963036,2.560906887
15:12:59,2.562745094,3.509672642,2.559350252
15:12:59,2.561956882,3.510419607,2.560932636
15:12:59,2.563308477,3.511451006,2.559834003
15:12:59,2.562416792,3.509421825,2.560065985
15:12:59,2.563528538,3.50945282,2.559297085
15:12:59,2.563141584,3.509681702,2.560418844
15:12:59,2.562440157,3.509379625,2.559774637
15:12:59,2.562964439,3.50937295,2.56091404
15:12:59,2.56267643,3.509760618,2.560130358
15:12:59,2.562949181,3.50842452,2.561117172
15:12:59,2.563504696,3.508467436,2.560836792
15:12:59,2.563370705,3.508694649,2.559416056
15:12:59,2.56269145,3.50783658,2.560227633
15:12:59,2.562939405,3.508419275,2.561222792
15:12:59,2.562544823,3.508178234,2.560792923
15:12:59,2.562852859,3.507741213,2.560876369
15:12:59,2.563142061,3.507827282,2.559772491
15:12:59,2.56283021,3.507627726,2.560308933
15:12:59,2.561720848,3.506586552,2.559556961
15:12:59,2.562241077,3.508642912,2.560749292
15:12:59,2.562799215,3.507526636,2.560360432
15:12:59,2.562219143,3.507660389,2.560361862
15:12:59,2.562877893,3.507726908,2.5601964
15:12:59,2.562312841,3.507046938,2.560914516
15:12:59,2.562783957,3.508286238,2.560292959
15:12:59,2.561808825,3.507680655,2.561365366
15:12:59,2.56190443,3.507634878,2.560588121
15:12:59,2.563138723,3.508144379,2.560322285
15:12:59,2.563192368,3.507625818,2.561556816
15:12:59,2.562016249,3.508975744,2.560056925
15:12:59,2.562634706,3.509032249,2.560306787
15:12:59,2.562864542,3.509294987,2.562413216
15:12:59,2.563332319,3.509337664,2.560632944
15:12:59,2.56334424,3.509794474,2.5597229
15:12:59,2.562737226,3.509840012,2.560736895
15:12:59,2.56334877,3.510114193,2.560945749
15:12:59,2.563161373,3.509520054,2.56071353
15:12:59,2.563082457,3.509803534,2.560832739
15:12:59,2.56387949,3.510345936,2.561270475
15:12:59,2.562996864,3.510719061,2.560119867
15:12:59,2.563948154,3.510777712,2.561269283
15:12:59,2.563250542,3.509258986,2.560662746
15:12:59,2.562992096,3.509273767,2.559290409
15:12:59,2.562486649,3.509469032,2.560292959
15:12:59,2.563038826,3.510121584,2.561418772
15:12:59,2.562937737,3.509344339,2.561095953
15:12:59,2.563956738,3.509147882,2.561025143
15:12:59,2.56340456,3.509201288,2.559827566
15:12:59,2.562557936,3.509428978,2.560450554
15:12:59,2.561662197,3.507877827,2.559372902
15:12:59,2.562357187,3.509534836,2.560765982
15:12:59,2.563310623,3.508857965,2.561914206
15:13:00,2.563254595,3.509518147,2.561904192
15:13:00,2.563033819,3.508780003,2.56026721
15:13:00,2.562336206,3.508979082,2.559890985
15:13:00,2.563637733,3.508147717,2.561498642
15:13:00,2.563163757,3.509395838,2.55998683
15:13:00,2.563022614,3.507661819,2.561013222
15:13:00,2.563285112,3.508339643,2.561005354
15:13:00,2.562882662,3.507442951,2.560634851
15:13:00,2.563148022,3.509110928,2.561154127
15:13:00,2.562692165,3.507880688,2.560469627
15:13:00,2.562358379,3.50901413,2.561387539
15:13:00,2.563233376,3.507849455,2.560135603
15:13:00,2.56325531,3.508834839,2.561099052
15:13:00,2.563586473,3.508659363,2.561064959
15:13:00,2.563236475,3.506484747,2.559937954
15:13:00,2.56327033,3.507491827,2.560276508
15:13:00,2.56203413,3.507045746,2.560561657
15:13:00,2.562959671,3.507078409,2.560607195
15:13:00,2.562525034,3.507669926,2.561016083
15:13:00,2.563201666,3.507118225,2.559534073
15:13:00,2.562276363,3.508595943,2.560771227
15:13:00,2.562719822,3.508560181,2.560400009
15:13:00,2.56323719,3.508563995,2.559857368
15:13:00,2.562186718,3.508041859,2.559887648
15:13:00,2.562097073,3.50821805,2.559765816
15:13:00,2.561419487,3.507485628,2.558694601
15:13:00,2.561597347,3.506752014,2.559738159
15:13:00,2.562274456,3.508203983,2.559741497
15:13:00,2.561874151,3.507140875,2.560611963
15:13:00,2.562126875,3.508188725,2.559920549
15:13:00,2.562565088,3.509181738,2.560571909
15:13:00,2.561705351,3.508473158,2.559779882
15:13:00,2.562253952,3.508915901,2.559881687
15:13:00,2.562418222,3.5090487,2.5600214
15:13:00,2.562212944,3.508319139,2.559625626
15:13:00,2.561946154,3.510364294,2.56068182
15:13:00,2.562206507,3.509163618,2.560720444
15:13:00,2.56302309,3.50955224,2.559929371
15:13:00,2.56175971,3.508723974,2.558742762
15:13:00,2.562251568,3.509700537,2.561120987
15:13:00,2.562371016,3.509840727,2.560058355
15:13:00,2.562767506,3.509906054,2.560759306
15:13:00,2.562126875,3.510016203,2.560329437
15:13:00,2.562831879,3.508640289,2.560174704
15:13:00,2.562834263,3.508798838,2.560530424
15:13:00,2.562914848,3.508953571,2.56067729
15:13:00,2.563813448,3.507740498,2.559473038
15:13:00,2.562680006,3.508364201,2.559956312
15:13:00,2.562982082,3.508176327,2.559607506
15:13:00,2.562587738,3.509032249,2.560452461
15:13:00,2.562550783,3.508687973,2.560614824
15:13:00,2.562880993,3.507065296,2.560124636
15:13:00,2.562456369,3.506666422,2.561091185
15:13:00,2.562336683,3.506666422,2.559676647
15:13:00,2.562665701,3.507015705,2.559646368
15:13:00,2.562745094,3.506477594,2.560334682
15:13:00,2.562229156,3.506673813,2.561086655
15:13:00,2.562366724,3.50686717,2.559918165
15:13:00,2.561764479,3.506024599,2.56108737
15:13:00,2.561818838,3.507221937,2.56119442
15:13:00,2.562690735,3.508148909,2.560133696
15:13:00,2.562636614,3.506794453,2.559886932
15:13:00,2.562490702,3.507193804,2.559855938
15:13:00,2.562405586,3.507448196,2.560402155
15:13:00,2.562497139,3.508355141,2.560476303
15:13:00,2.562776804,3.508892059,2.561079979
15:13:00,2.563050747,3.507946014,2.560871601
15:13:00,2.563306093,3.509168148,2.560595274
15:13:00,2.562432528,3.509382725,2.559872389
15:13:00,2.563251734,3.509814262,2.560886383
15:13:00,2.562175512,3.510351896,2.560458899
15:13:00,2.562142372,3.509966135,2.559732437
15:13:00,2.563023806,3.510551929,2.560488224
15:13:00,2.562138557,3.509860516,2.560868502
15:13:00,2.563240767,3.51030159,2.559507847
15:13:00,2.562394857,3.510004044,2.559908152
15:13:00,2.562308073,3.509202957,2.559303045
15:13:00,2.56221199,3.50946641,2.560620308
15:13:00,2.562462091,3.510386229,2.561096668
15:13:00,2.561934948,3.509037733,2.561274052
15:13:00,2.562630892,3.509209871,2.558420897
15:13:00,2.563107729,3.509747982,2.561639547
15:13:00,2.563414812,3.510107756,2.560931921
15:13:00,2.562758923,3.510264397,2.561266422
15:13:00,2.563487053,3.509264708,2.561395407
15:13:00,2.563009262,3.509272575,2.561035156
15:13:00,2.562330723,3.509050131,2.561511993
15:13:00,2.562655926,3.507978916,2.561062098
15:13:00,2.562935829,3.508543253,2.560625553
15:13:00,2.562826395,3.508118391,2.560469627
15:13:00,2.562929392,3.507848978,2.560623646
15:13:00,2.564054489,3.507812977,2.560498953
15:13:00,2.561553478,3.507354259,2.559816122
15:13:00,2.562764168,3.507620573,2.561329365
15:13:00,2.562526941,3.509041309,2.56256628
15:13:00,2.56291151,3.508571386,2.560808897
15:13:00,2.56296587,3.508228779,2.56035924
15:13:00,2.561925888,3.507628441,2.560496092
15:13:00,2.562274456,3.507366896,2.560577393
15:13:00,2.561674833,3.507745028,2.562243938
15:13:00,2.562529802,3.507722378,2.559988976
15:13:00,2.563815355,3.509592295,2.560067415
15:13:00,2.562839508,3.508875132,2.560534954
15:13:00,2.562677145,3.509650469,2.560779095
15:13:00,2.563352108,3.50935483,2.56070447
15:13:00,2.562873602,3.508823156,2.56099534
15:13:00,2.563354969,3.508673906,2.560809612
15:13:00,2.562308788,3.508951664,2.559899092
15:13:00,2.562626123,3.50847578,2.561582088
15:13:00,2.562399387,3.509117126,2.561650753
15:13:00,2.562999964,3.508796453,2.561059475
15:13:00,2.563631773,3.508720636,2.560982704
15:13:00,2.562762976,3.508406162,2.560075998
15:13:00,2.563019037,3.508754492,2.560872316
15:13:00,2.561531305,3.509361982,2.560477018
15:13:01,2.563362837,3.509194851,2.560626984
15:13:01,2.563152075,3.508927584,2.559626579
15:13:01,2.562630892,3.510762215,2.56136775
15:13:01,2.563733339,3.50939393,2.560274363
15:13:01,2.563106298,3.508428335,2.561435223
15:13:01,2.563793421,3.508739471,2.560874939
15:13:01,2.56355834,3.508361101,2.560675859
15:13:01,2.562300444,3.50947094,2.561004877
15:13:01,2.563164473,3.509126902,2.560903311
15:13:01,2.563194275,3.508113623,2.560272455
15:13:01,2.564079046,3.509369135,2.562203169
15:13:01,2.564120054,3.509207249,2.561759472
15:13:01,2.564174652,3.509117126,2.560908794
15:13:01,2.563169241,3.509341717,2.561191797
15:13:01,2.563465834,3.510090113,2.56143713
15:13:01,2.562983751,3.510240078,2.561183214
15:13:01,2.56327033,3.510394096,2.561459064
15:13:01,2.563551903,3.511070728,2.56062746
15:13:01,2.563097239,3.509565592,2.561503887
15:13:01,2.56345439,3.509774923,2.560772419
15:13:01,2.562137842,3.508629322,2.560244083
15:13:01,2.561972618,3.509384155,2.560584784
15:13:01,2.562480211,3.508937359,2.560597897
15:13:01,2.562895775,3.509083986,2.561088085
15:13:01,2.562165737,3.509912014,2.560621023
15:13:01,2.563243389,3.509437084,2.561686039
15:13:01,2.563075304,3.509246349,2.5615623
15:13:01,2.563015461,3.509397268,2.560645342
15:13:01,2.562941313,3.508967876,2.560562134
15:13:01,2.562966824,3.509518623,2.559835672
15:13:01,2.562095642,3.508168459,2.558876991
15:13:01,2.563493013,3.508046627,2.560717583
15:13:01,2.563206673,3.508518457,2.559201956
15:13:01,2.563280344,3.509338379,2.560270548
15:13:01,2.563340902,3.507125854,2.55950141
15:13:01,2.563741922,3.509900093,2.560751438
15:13:01,2.563981771,3.508915901,2.561179161
15:13:01,2.562628508,3.508723259,2.56098938
15:13:01,2.561810017,3.508665085,2.561336517
15:13:01,2.564038754,3.509324312,2.560692549
15:13:01,2.563258886,3.509968042,2.561255932
15:13:01,2.56428194,3.509339571,2.561859846
15:13:01,2.564754248,3.511206388,2.561121702
15:13:01,2.563854933,3.511435509,2.561286926
15:13:01,2.564295053,3.510499239,2.561701059
15:13:01,2.563967466,3.511224031,2.562278986
15:13:01,2.563640118,3.509348631,2.561220407
15:13:01,2.563021183,3.509786606,2.560540438
15:13:01,2.563038826,3.510836363,2.559903622
15:13:01,2.563728809,3.511255264,2.560455799
15:13:01,2.56349802,3.51036787,2.562287569
15:13:01,2.56304574,3.509791851,2.561763763
15:13:01,2.5634799,3.510823488,2.561387062
15:13:01,2.563130856,3.509542465,2.560484171
15:13:01,2.563917637,3.510332823,2.562151432
15:13:01,2.563596487,3.510598421,2.561289549
15:13:01,2.563761711,3.510019064,2.561126471
15:13:01,2.563676834,3.510011196,2.561932564
15:13:01,2.563600779,3.510723591,2.560570955
15:13:01,2.563009262,3.510152578,2.560115814
15:13:01,2.563383818,3.508157492,2.561136246
15:13:01,2.56318903,3.507560015,2.559649467
15:13:01,2.56268549,3.508315563,2.561127186
15:13:01,2.563194275,3.508865356,2.560398102
15:13:01,2.562586546,3.508047342,2.561550379
15:13:01,2.563395262,3.5074687,2.560023308
15:13:01,2.561732292,3.507087469,2.560791016
15:13:01,2.56210947,3.507282734,2.55944109
15:13:01,2.563067436,3.507647991,2.561286926
15:13:01,2.5630548,3.50702095,2.559001923
15:13:01,2.562494516,3.505774736,2.559641123
15:13:01,2.561892033,3.505310774,2.558883905
15:13:01,2.562179565,3.505201817,2.560186148
15:13:01,2.562711716,3.506506205,2.55999732
15:13:01,2.562772036,3.507561922,2.561444283
15:13:01,2.563304186,3.508468151,2.56091404
15:13:01,2.563572168,3.508234501,2.558744192
15:13:01,2.56184721,3.508441448,2.561240673
15:13:01,2.562627316,3.509315014,2.559418678
15:13:01,2.563025236,3.508528709,2.559429407
15:13:01,2.562336683,3.508388519,2.56101203
15:13:01,2.562577248,3.508612394,2.559536457
15:13:01,2.563163757,3.509268045,2.560409307
15:13:01,2.562503576,3.50928092,2.559468985
15:13:01,2.562917948,3.509603262,2.560099363
15:13:01,2.562283278,3.509534121,2.55965209
15:13:01,2.562804937,3.510315895,2.559608698
15:13:01,2.562804461,3.510847569,2.561225414
15:13:01,2.561986923,3.511604548,2.561327219
15:13:01,2.562200069,3.511213303,2.560656548
15:13:01,2.562875986,3.510489941,2.5600667
15:13:01,2.563645124,3.510585308,2.560048819
15:13:01,2.563455343,3.510340452,2.562049627
15:13:01,2.56369853,3.510052204,2.560626984
15:13:01,2.562711716,3.509501457,2.560527086
15:13:01,2.562961817,3.509807587,2.560214281
15:13:01,2.562871933,3.509958267,2.560342073
15:13:01,2.562134504,3.509580612,2.560359955
15:13:01,2.56253171,3.509431601,2.560061455
15:13:01,2.562945843,3.509193182,2.56045723
15:13:01,2.562202215,3.508027077,2.561168909
15:13:01,2.562794685,3.507528543,2.560747623
15:13:01,2.563038349,3.508565903,2.559772491
15:13:01,2.562036753,3.508881807,2.561014652
15:13:01,2.563490868,3.508678198,2.560480833
15:13:01,2.562591791,3.507496119,2.561067581
15:13:01,2.563050032,3.50701952,2.559835672
15:13:01,2.563243866,3.507826805,2.56020236
15:13:01,2.562149048,3.508303881,2.560001612
15:13:01,2.562238216,3.507556438,2.559728146
15:13:01,2.562552214,3.506244659,2.560442448
15:13:01,2.562806606,3.506821156,2.560612679
15:13:01,2.561385393,3.507256746,2.560899496
15:13:01,2.562941313,3.507333994,2.560944319
15:13:01,2.562465429,3.507190704,2.559820652
15:13:01,2.563028097,3.507223845,2.561434031
15:13:01,2.562056541,3.507471085,2.560090065
15:13:01,2.563090086,3.508671522,2.560731411
15:13:01,2.56272459,3.508391619,2.559964418
15:13:02,2.562571287,3.506792545,2.562071085
15:13:02,2.56264925,3.507111549,2.561556339
15:13:02,2.562462091,3.506592989,2.561802864
15:13:02,2.562209368,3.507706404,2.561501503
15:13:02,2.562732458,3.508137226,2.56046319
15:13:02,2.563354969,3.509939194,2.561479568
15:13:02,2.563456535,3.510513544,2.562091827
15:13:02,2.56196475,3.507947445,2.561822653
15:13:02,2.562337875,3.507833958,2.560632944
15:13:02,2.562115431,3.508656025,2.561127186
15:13:02,2.562645435,3.50893116,2.560022593
15:13:02,2.562983751,3.509227991,2.559800386
15:13:02,2.56256938,3.509320021,2.559593201
15:13:02,2.562758446,3.509455204,2.559895515
15:13:02,2.562014341,3.509598732,2.560115814
15:13:02,2.562663078,3.509530306,2.559927464
15:13:02,2.562819958,3.51008296,2.560329437
15:13:02,2.562582016,3.509451151,2.560860395
15:13:02,2.56428194,3.509885788,2.560975313
15:13:02,2.563334227,3.510225773,2.560835838
15:13:02,2.564460754,3.50965476,2.561048985
15:13:02,2.563845158,3.510608196,2.561208248
15:13:02,2.563650131,3.509572744,2.56129384
15:13:02,2.563150167,3.509579897,2.56218648
15:13:02,2.563822031,3.510748386,2.562259912
15:13:02,2.562563896,3.508398294,2.560517311
15:13:02,2.562450171,3.509396791,2.56020236
15:13:02,2.56230092,3.508852959,2.560667276
15:13:02,2.56351161,3.508875132,2.560479403
15:13:02,2.561839342,3.508648872,2.560553551
15:13:02,2.562698603,3.509183407,2.560863733
15:13:02,2.562817097,3.507895231,2.55953598
15:13:02,2.56280303,3.506844044,2.560349941
15:13:02,2.561278343,3.507527828,2.560908794
15:13:02,2.562452793,3.507056713,2.559470892
15:13:02,2.56278944,3.50769949,2.560715675
15:13:02,2.561986923,3.507632971,2.559966326
15:13:02,2.561992407,3.508415222,2.559882164
15:13:02,2.562350512,3.507019043,2.559672117
15:13:02,2.562851667,3.507405281,2.560244799
15:13:02,2.561965942,3.50757885,2.559845924
15:13:02,2.561518908,3.505890846,2.560039043
15:13:02,2.561665297,3.505411386,2.559335232
15:13:02,2.562480211,3.505885601,2.56035471
15:13:02,2.561145544,3.506654263,2.559501886
15:13:02,2.561995745,3.506414652,2.559763432
15:13:02,2.56345439,3.507343292,2.561372519
15:13:02,2.561609268,3.508109331,2.559808731
15:13:02,2.562057972,3.506236076,2.559673309
15:13:02,2.563822746,3.507024288,2.561278343
15:13:02,2.562363863,3.507837057,2.561220884
15:13:02,2.562423229,3.507856131,2.560012579
15:13:02,2.562230349,3.507626534,2.560292959
15:13:02,2.562511921,3.50845623,2.559941292
15:13:02,2.563134193,3.507824183,2.560616493
15:13:02,2.561855555,3.508497,2.560142994
15:13:02,2.563086033,3.508160114,2.562334538
15:13:02,2.563035727,3.508592129,2.560258627
15:13:02,2.562110662,3.509284258,2.56041193
15:13:02,2.563648701,3.509215117,2.561409235
15:13:02,2.562854052,3.510692358,2.561094522
15:13:02,2.563035727,3.510309219,2.560086489
15:13:02,2.563219309,3.510617971,2.560847998
15:13:02,2.56302309,3.510570765,2.560810804
15:13:02,2.562639236,3.509585619,2.561225414
15:13:02,2.561948776,3.510158062,2.560388327
15:13:02,2.562420368,3.510535717,2.559547901
15:13:02,2.563172102,3.509776831,2.558903694
15:13:02,2.562587023,3.509575367,2.559249401
15:13:02,2.562702656,3.509031057,2.560781002
15:13:02,2.562624216,3.509288788,2.560599327
15:13:02,2.562335014,3.509086609,2.56068635
15:13:02,2.562999249,3.509347439,2.559756756
15:13:02,2.56253624,3.508332491,2.55932045
15:13:02,2.562241077,3.509279013,2.559286356
15:13:02,2.56272459,3.509030581,2.560369968
15:13:02,2.561495543,3.508675575,2.558944702
15:13:02,2.561697721,3.507162571,2.559725046
15:13:02,2.561991215,3.506928205,2.56071806
15:13:02,2.561950445,3.507500648,2.559824228
15:13:02,2.562180758,3.507212877,2.561511993
15:13:02,2.56285882,3.506844044,2.559756041
15:13:02,2.562544823,3.506594658,2.560410023
15:13:02,2.56280303,3.50642705,2.559901476
15:13:02,2.56230092,3.506109953,2.560051203
15:13:02,2.562175512,3.505898714,2.560323954
15:13:02,2.562262058,3.506757259,2.560094833
15:13:02,2.562249422,3.506426573,2.559959888
15:13:02,2.561871052,3.507405996,2.560042381
15:13:02,2.562144279,3.506097794,2.55950141
15:13:02,2.562213659,3.506269693,2.561025143
15:13:02,2.561963558,3.506475449,2.560281277
15:13:02,2.562886953,3.506451845,2.560028553
15:13:02,2.561999559,3.507101297,2.55977416
15:13:02,2.561864853,3.50724721,2.559391022
15:13:02,2.562082291,3.507124662,2.560841084
15:13:02,2.561803341,3.506957054,2.560323
15:13:02,2.562746286,3.507153511,2.561506748
15:13:02,2.562744379,3.508257866,2.561275721
15:13:02,2.561765194,3.508531332,2.559861898
15:13:02,2.5616467,3.50863719,2.559982538
15:13:02,2.561028481,3.509209156,2.559098005
15:13:02,2.561116457,3.508992672,2.561493158
15:13:02,2.562166929,3.50961709,2.560134888
15:13:02,2.561420202,3.509390593,2.559664726
15:13:02,2.562271118,3.50915432,2.561235189
15:13:02,2.563392639,3.508800745,2.55971837
15:13:02,2.56201148,3.509898901,2.561342001
15:13:02,2.562947035,3.508151531,2.560178757
15:13:02,2.562892437,3.509480715,2.559978962
15:13:02,2.562416792,3.508370876,2.559014559
15:13:02,2.562314272,3.508984804,2.560015917
15:13:02,2.562548876,3.508885622,2.560516596
15:13:02,2.562236309,3.509269953,2.561868906
15:13:02,2.563275099,3.50769186,2.560207129
15:13:02,2.562091589,3.507740498,2.55936718
15:13:03,2.562917471,3.508558035,2.559548855
15:13:03,2.561834574,3.507338285,2.559252739
15:13:03,2.561857224,3.506838322,2.55954504
15:13:03,2.562445641,3.506741047,2.559536457
15:13:03,2.562544107,3.507087469,2.559652805
15:13:03,2.562221289,3.506859779,2.560472727
15:13:03,2.562385798,3.506587744,2.559966326
15:13:03,2.562633991,3.507374763,2.55995059
15:13:03,2.562467098,3.506407022,2.560148001
15:13:03,2.56236124,3.506540775,2.559642076
15:13:03,2.56166482,3.50745225,2.560568333
15:13:03,2.562560558,3.509022474,2.559889555
15:13:03,2.562587738,3.507570505,2.560219049
15:13:03,2.562431812,3.508033037,2.559798479
15:13:03,2.561830282,3.508045197,2.559510708
15:13:03,2.561084747,3.506568909,2.560325384
15:13:03,2.562030077,3.507852077,2.558896542
15:13:03,2.562243462,3.508495331,2.55923295
15:13:03,2.562725306,3.507750988,2.559152126
15:13:03,2.561560631,3.50804472,2.559656858
15:13:03,2.561630487,3.508294582,2.560648918
15:13:03,2.562846184,3.507740021,2.559780598
15:13:03,2.562497139,3.509224892,2.559336662
15:13:03,2.562418699,3.509104252,2.559537172
15:13:03,2.562599182,3.508928061,2.559463024
15:13:03,2.562870741,3.508768082,2.560380936
15:13:03,2.562283993,3.508279562,2.559373617
15:13:03,2.563487768,3.508240461,2.559211016
15:13:03,2.562333345,3.508114338,2.558714867
15:13:03,2.563315868,3.508744717,2.559116602
15:13:03,2.562307596,3.507463932,2.560198545
15:13:03,2.561468601,3.50833559,2.560248852
15:13:03,2.561824799,3.507543564,2.559384823
15:13:03,2.562538862,3.50842309,2.560783863
15:13:03,2.561417103,3.50798583,2.560190439
15:13:03,2.561183214,3.507682562,2.559738874
15:13:03,2.562520981,3.506917953,2.559598684
15:13:03,2.561379433,3.50726819,2.56068778
15:13:03,2.561742783,3.508203983,2.5592978
15:13:03,2.561738729,3.508123636,2.559390306
15:13:03,2.562287807,3.509626627,2.559713125
15:13:03,2.561974049,3.508065462,2.560649395
15:13:03,2.561847687,3.507711172,2.559314251
15:13:03,2.562990189,3.509221077,2.560354948
15:13:03,2.561491013,3.509007215,2.560220718
15:13:03,2.561882257,3.507645845,2.559355974
15:13:03,2.562585592,3.507727623,2.558885813
15:13:03,2.562433004,3.50689888,2.559114456
15:13:03,2.562357664,3.507628441,2.560406685
15:13:03,2.560874701,3.508064747,2.560800314
15:13:03,2.562159061,3.50941205,2.560398102
15:13:03,2.562372446,3.508877993,2.561140776
15:13:03,2.562767506,3.507624149,2.560915232
15:13:03,2.562999964,3.507106543,2.560011864
15:13:03,2.561545134,3.50609374,2.559376478
15:13:03,2.561977148,3.506988287,2.558629513
15:13:03,2.562922716,3.506721973,2.559136868
15:13:03,2.562383652,3.506373167,2.560109138
15:13:03,2.561928272,3.506278992,2.559945822
15:13:03,2.562311649,3.505684614,2.559104681
15:13:03,2.562285185,3.506028414,2.559386969
15:13:03,2.561769724,3.50678277,2.559702635
15:13:03,2.562524319,3.506848097,2.56020093
15:13:03,2.562104225,3.506483078,2.560792923
15:13:03,2.562708616,3.507217407,2.560165405
15:13:03,2.561986923,3.506507397,2.559914827
15:13:03,2.561940908,3.505905867,2.559055805
15:13:03,2.561961412,3.508017302,2.559497356
15:13:03,2.561649084,3.507592678,2.560314894
15:13:03,2.561409712,3.507154942,2.559009314
15:13:03,2.562017441,3.507428646,2.559343338
15:13:03,2.560949087,3.50706315,2.559909582
15:13:03,2.561564922,3.506456614,2.559594631
15:13:03,2.561639547,3.507518053,2.558404922
15:13:03,2.561103106,3.508470535,2.559287071
15:13:03,2.561301231,3.509085178,2.559166193
15:13:03,2.561874628,3.510026693,2.55850482
15:13:03,2.563107014,3.508117199,2.56081748
15:13:03,2.561370611,3.508816957,2.559710979
15:13:03,2.561727285,3.508627415,2.558913708
15:13:03,2.562832117,3.509677649,2.560427904
15:13:03,2.561708212,3.508926153,2.56047225
15:13:03,2.562366009,3.509031057,2.559602499
15:13:03,2.561982155,3.509070873,2.558652163
15:13:03,2.562883377,3.509114504,2.560542345
15:13:03,2.561866999,3.507323027,2.560284376
15:13:03,2.561852932,3.508069277,2.560685396
15:13:03,2.562387705,3.508583546,2.559535265
15:13:03,2.56141758,3.507713795,2.559244156
15:13:03,2.56239295,3.507980824,2.560558796
15:13:03,2.561963558,3.508284807,2.560398102
15:13:03,2.562378883,3.507965088,2.560954332
15:13:03,2.561693192,3.507673502,2.559966326
15:13:03,2.562162876,3.507125854,2.559902906
15:13:03,2.561911821,3.505616188,2.559644938
15:13:03,2.562444448,3.506550074,2.560527802
15:13:03,2.561565638,3.50628376,2.559786081
15:13:03,2.561632395,3.507378578,2.560270548
15:13:03,2.561581612,3.506277084,2.559408903
15:13:03,2.562336206,3.506481409,2.560447693
15:13:03,2.562435865,3.505627871,2.559324026
15:13:03,2.562303782,3.507128477,2.559102058
15:13:03,2.562510729,3.506264925,2.558688164
15:13:03,2.56235671,3.506442785,2.560636282
15:13:03,2.562293291,3.507108927,2.559240818
15:13:03,2.563639641,3.506738901,2.560189724
15:13:03,2.563062191,3.507221937,2.559152126
15:13:03,2.561930895,3.507760048,2.55962491
15:13:03,2.562366724,3.507640839,2.559550285
15:13:03,2.562150955,3.507640839,2.558813572
15:13:03,2.561337709,3.507989883,2.55941534
15:13:03,2.561568975,3.506990433,2.559911251
15:13:03,2.563269615,3.508716583,2.560252428
15:13:03,2.563449383,3.507871628,2.559148312
15:13:03,2.562259436,3.508658648,2.559935331
15:13:03,2.562090874,3.508795738,2.559180021
15:13:03,2.56246829,3.509186506,2.560318232
15:13:03,2.562727213,3.508990526,2.559046268
15:13:03,2.562548876,3.508773327,2.559678555
15:13:04,2.561405897,3.508823156,2.558468342
15:13:04,2.562404871,3.509346247,2.560705185
15:13:04,2.562198639,3.509343863,2.559265375
15:13:04,2.562975645,3.508635759,2.559716225
15:13:04,2.56195426,3.509293318,2.560193777
15:13:04,2.562768936,3.508929968,2.55892396
15:13:04,2.561464548,3.507391453,2.559434652
15:13:04,2.562321424,3.508622885,2.560107231
15:13:04,2.562312365,3.508075953,2.559548616
15:13:04,2.562779427,3.506721973,2.561158895
15:13:04,2.561790228,3.50774312,2.558596134
15:13:04,2.56149435,3.50844717,2.559202671
15:13:04,2.561566114,3.508339643,2.559412956
15:13:04,2.561951637,3.507910728,2.559453011
15:13:04,2.562031984,3.506569624,2.560148001
15:13:04,2.562524319,3.506383419,2.559657574
15:13:04,2.562371016,3.50842905,2.560075998
15:13:04,2.56195879,3.506661654,2.55905509
15:13:04,2.561650276,3.50690484,2.56059742
15:13:04,2.562083721,3.506400585,2.559536457
15:13:04,2.561844587,3.506366014,2.559208393
15:13:04,2.562040091,3.508350611,2.559289932
15:13:04,2.562174797,3.507274866,2.558983564
15:13:04,2.562083721,3.507379293,2.559821367
15:13:04,2.562017441,3.506983519,2.561042309
15:13:04,2.562593937,3.506697893,2.559838057
15:13:04,2.56202817,3.507543564,2.55971384
15:13:04,2.563212156,3.507902145,2.560915947
15:13:04,2.561134338,3.507540941,2.558763266
15:13:04,2.562123299,3.507011175,2.560043097
15:13:04,2.56210351,3.507861137,2.558908701
15:13:04,2.562275171,3.506884575,2.559396267
15:13:04,2.561395168,3.506055832,2.559972286
15:13:04,2.561765909,3.506710291,2.559396744
15:13:04,2.561583281,3.507480383,2.560485363
15:13:04,2.562906027,3.507741928,2.559949875
15:13:04,2.563059092,3.509423733,2.561676741
15:13:04,2.561972618,3.507433176,2.560119867
15:13:04,2.561541796,3.50725174,2.559340715
15:13:04,2.561905146,3.507868528,2.559621811
15:13:04,2.561581612,3.507651806,2.559359789
15:13:04,2.561918259,3.508356571,2.560316086
15:13:04,2.562677622,3.50701046,2.559055805
15:13:04,2.561694622,3.506531,2.559546471
15:13:04,2.562034845,3.507375956,2.559278727
15:13:04,2.561800718,3.506707191,2.558329105
15:13:04,2.561506271,3.506740332,2.558949232
15:13:04,2.561143398,3.506665945,2.55989027
15:13:04,2.561885357,3.507498503,2.559356689
15:13:04,2.562094212,3.509181261,2.561524868
15:13:04,2.56308341,3.508494139,2.559883595
15:13:04,2.562447786,3.508279562,2.559379101
15:13:04,2.562619448,3.507852077,2.559586763
15:13:04,2.561538696,3.507887602,2.560669184
15:13:04,2.562094688,3.507110357,2.560396671
15:13:04,2.562327147,3.50792861,2.560261488
15:13:04,2.562885761,3.507781029,2.559674501
15:13:04,2.561395168,3.507663727,2.559131145
15:13:04,2.561211348,3.506680965,2.558853388
15:13:04,2.56167078,3.507073641,2.559371948
15:13:04,2.56167841,3.507309914,2.559126377
15:13:04,2.561304092,3.507008553,2.559588671
15:13:04,2.561317205,3.506959677,2.559086084
15:13:04,2.561545849,3.506599426,2.558941126
15:13:04,2.561146259,3.507170439,2.559740782
15:13:04,2.561455488,3.506853819,2.558835983
15:13:04,2.560806036,3.506034851,2.559640408
15:13:04,2.56134057,3.50548172,2.558796406
15:13:04,2.560997486,3.507570505,2.559143066
15:13:04,2.561094761,3.506761074,2.559360504
15:13:04,2.563971996,3.507091522,2.560075998
15:13:04,2.561876774,3.506148577,2.559678078
15:13:04,2.562197447,3.506758451,2.559468985
15:13:04,2.56221509,3.50709343,2.5598948
15:13:04,2.562139988,3.507657051,2.559175968
15:13:04,2.562143087,3.506883383,2.56003046
15:13:04,2.56088376,3.505459547,2.559492826
15:13:04,2.562465429,3.505935669,2.559670925
15:13:04,2.562117338,3.507203579,2.561425924
15:13:04,2.562642813,3.50826478,2.560086012
15:13:04,2.56276083,3.507312059,2.560874939
15:13:04,2.562253952,3.50746727,2.561084747
15:13:04,2.562795401,3.507157803,2.561026812
15:13:04,2.561948061,3.50781703,2.559899092
15:13:04,2.561868191,3.507162571,2.560009956
15:13:04,2.561768055,3.508394241,2.559164047
15:13:04,2.562357664,3.50763154,2.559648991
15:13:04,2.562875986,3.50903964,2.560454369
15:13:04,2.562630177,3.509442091,2.560134411
15:13:04,2.563089132,3.50881958,2.560788631
15:13:04,2.561768055,3.508512259,2.55906415
15:13:04,2.562146425,3.508836031,2.560012579
15:13:04,2.561181068,3.508599997,2.559545994
15:13:04,2.562604189,3.509060621,2.559568167
15:13:04,2.561056137,3.50869894,2.559973478
15:13:04,2.562239408,3.508745432,2.559211016
15:13:04,2.561527967,3.5093503,2.559690714
15:13:04,2.562029362,3.508979082,2.559728146
15:13:04,2.562349319,3.507980824,2.559269905
15:13:04,2.56264782,3.508570433,2.560383081
15:13:04,2.56230545,3.507071972,2.559993982
15:13:04,2.562830925,3.508807898,2.561288357
15:13:04,2.56293869,3.508853674,2.560312271
15:13:04,2.561428785,3.509426594,2.561110258
15:13:04,2.562876463,3.507055998,2.559852362
15:13:04,2.562604189,3.507330179,2.559386969
15:13:04,2.562394142,3.50812459,2.559438467
15:13:04,2.561451912,3.506707668,2.55988574
15:13:04,2.562488794,3.506846905,2.560875654
15:13:04,2.562174082,3.506381273,2.560119867
15:13:04,2.561719656,3.505228519,2.55981493
15:13:04,2.561356068,3.505571842,2.558801651
15:13:04,2.562209368,3.505692482,2.560017109
15:13:04,2.561527967,3.505916357,2.559992313
15:13:04,2.562291861,3.506541491,2.56102252
15:13:05,2.56090045,3.505839348,2.559290409
15:13:05,2.561941624,3.507000685,2.558845997
15:13:05,2.561018467,3.505635262,2.560050488
15:13:05,2.561647415,3.505944252,2.559672117
15:13:05,2.562557936,3.506317139,2.560127258
15:13:05,2.561432123,3.506225109,2.559568167
15:13:05,2.561979771,3.506536007,2.560032606
15:13:05,2.563096762,3.508864164,2.560649395
15:13:05,2.563261747,3.507943392,2.55923152
15:13:05,2.560807943,3.507282019,2.559788942
15:13:05,2.561978579,3.508086205,2.559693813
15:13:05,2.562431097,3.509145975,2.56053853
15:13:05,2.562402725,3.509251118,2.559957027
15:13:05,2.561428308,3.508995771,2.560226202
15:13:05,2.562398672,3.50863266,2.560014486
15:13:05,2.561477661,3.508877277,2.559295893
15:13:05,2.56224227,3.508965254,2.559446335
15:13:05,2.56276083,3.510239363,2.560749769
15:13:05,2.562666416,3.509213924,2.559391737
15:13:05,2.563096046,3.508504391,2.55978775
15:13:05,2.56207037,3.507276058,2.559782505
15:13:05,2.562392235,3.508357048,2.560470343
15:13:05,2.560983658,3.508692026,2.559291601
15:13:05,2.562882662,3.50925374,2.560777187
15:13:05,2.562464237,3.50856781,2.558902264
15:13:05,2.561538696,3.508027792,2.561058283
15:13:05,2.562689543,3.507425547,2.560245275
15:13:05,2.561206818,3.50833869,2.560716391
15:13:05,2.561918259,3.50744009,2.559003353
15:13:05,2.562478781,3.507256985,2.560369968
15:13:05,2.562391043,3.507925272,2.559732914
15:13:05,2.562084436,3.50792408,2.560487032
15:13:05,2.563042402,3.506738901,2.559743643
15:13:05,2.562453508,3.506436348,2.559701204
15:13:05,2.562517881,3.506962776,2.560904741
15:13:05,2.562079668,3.506736755,2.558890343
15:13:05,2.562318802,3.507897377,2.559535265
15:13:05,2.561905861,3.507929087,2.559763432
15:13:05,2.562006712,3.507308483,2.559839964
15:13:05,2.561900139,3.506132364,2.560918808
15:13:05,2.562310457,3.507776976,2.559262514
15:13:05,2.562732458,3.506311655,2.559801102
15:13:05,2.561989784,3.50673461,2.559869528
15:13:05,2.562016249,3.506616354,2.560135603
15:13:05,2.562440157,3.506966829,2.559726238
15:13:05,2.561270237,3.50709343,2.559051752
15:13:05,2.561740637,3.507193804,2.559947968
15:13:05,2.562165737,3.506489277,2.559114933
15:13:05,2.56236434,3.506730556,2.559882879
15:13:05,2.561959505,3.506448269,2.558531046
15:13:05,2.562083006,3.507990599,2.559556246
15:13:05,2.561885357,3.508887053,2.559341431
15:13:05,2.561579704,3.507062197,2.559700012
15:13:05,2.561572313,3.506771803,2.560456514
15:13:05,2.56167841,3.50693965,2.559057713
15:13:05,2.56177783,3.507254124,2.558922052
15:13:05,2.56262207,3.506971836,2.559156179
15:13:05,2.56120038,3.506177187,2.558773518
15:13:05,2.561538696,3.506673813,2.560255289
15:13:05,2.561644316,3.506825209,2.560267925
15:13:05,2.561615705,3.507910013,2.560387373
15:13:05,2.561903715,3.508873224,2.560865164
15:13:05,2.561997652,3.507658243,2.559318066
15:13:05,2.56289959,3.508702993,2.559688568
15:13:05,2.561692715,3.508492708,2.559541225
15:13:05,2.561986446,3.508466005,2.559201002
15:13:05,2.561511517,3.5085392,2.559697151
15:13:05,2.560636044,3.508045197,2.559010029
15:13:05,2.561274767,3.507936239,2.558784485
15:13:05,2.561978579,3.508676291,2.560792208
15:13:05,2.562299728,3.507760048,2.56002593
15:13:05,2.56253767,3.507843018,2.55954504
15:13:05,2.561549187,3.508444548,2.558747053
15:13:05,2.56217885,3.507803202,2.557742834
15:13:05,2.561066151,3.507641315,2.558315516
15:13:05,2.561626911,3.508034229,2.560189724
15:13:05,2.561856508,3.508355141,2.559252024
15:13:05,2.562099457,3.506985664,2.55843544
15:13:05,2.56184721,3.507879496,2.559457779
15:13:05,2.562726736,3.508406162,2.560094833
15:13:05,2.562469006,3.507934332,2.559321404
15:13:05,2.562320709,3.507046938,2.559543133
15:13:05,2.561537266,3.506675243,2.559805155
15:13:05,2.562462807,3.50818944,2.55967021
15:13:05,2.561946869,3.506976128,2.558549643
15:13:05,2.562240362,3.507129908,2.56022501
15:13:05,2.561563492,3.507059574,2.560340643
15:13:05,2.561877489,3.507086992,2.559708357
15:13:05,2.562428474,3.506611109,2.559503555
15:13:05,2.562429428,3.506749392,2.559973478
15:13:05,2.561115026,3.506993294,2.55932045
15:13:05,2.562618256,3.506246567,2.559880972
15:13:05,2.562385082,3.506998777,2.559853315
15:13:05,2.56262207,3.508281946,2.560435295
15:13:05,2.562110662,3.5070889,2.558664799
15:13:05,2.562254667,3.50712347,2.560968161
15:13:05,2.562375069,3.507740021,2.560664892
15:13:05,2.562145948,3.507037163,2.56108284
15:13:05,2.563112974,3.508402824,2.55965209
15:13:05,2.562725306,3.508147717,2.560240984
15:13:05,2.562692165,3.508332491,2.559852362
15:13:05,2.562700748,3.507822752,2.559581995
15:13:05,2.56300807,3.508411169,2.560716391
15:13:05,2.563982487,3.508752584,2.560318708
15:13:05,2.563109875,3.50941205,2.560509443
15:13:05,2.562214375,3.508749962,2.560727596
15:13:05,2.561367273,3.507456064,2.559021711
15:13:05,2.56227994,3.508194923,2.559875727
15:13:05,2.562261343,3.50818944,2.560446501
15:13:05,2.563457251,3.508836746,2.559853315
15:13:05,2.561939001,3.508423805,2.559315681
15:13:05,2.5618577,3.50929141,2.55978632
15:13:05,2.562599659,3.509123087,2.559889555
15:13:05,2.562303066,3.50913763,2.560227633
15:13:05,2.562441826,3.509193897,2.560487032
15:13:05,2.561737061,3.509002447,2.559445381
15:13:05,2.562844753,3.508419275,2.56076479
15:13:05,2.561622381,3.508460283,2.559398174
15:13:05,2.562127352,3.508010864,2.561387062
15:13:06,2.562202454,3.5084517,2.560821295
15:13:06,2.563369274,3.508374691,2.560632229
15:13:06,2.56304574,3.508737326,2.560634375
15:13:06,2.562304497,3.508718491,2.560754061
15:13:06,2.56265974,3.508599997,2.560501337
15:13:06,2.562620163,3.508485079,2.56001997
15:13:06,2.562599182,3.5081985,2.561217546
15:13:06,2.562557459,3.508316755,2.558949947
15:13:06,2.562950373,3.508964062,2.5605371
15:13:06,2.563694,3.509366512,2.561056852
15:13:06,2.563019753,3.508328915,2.560938597
15:13:06,2.56293416,3.507220507,2.560452461
15:13:06,2.562773228,3.507091999,2.560041189
15:13:06,2.562603712,3.507629633,2.559610605
15:13:06,2.563103199,3.50709796,2.560895443
15:13:06,2.562965155,3.507357121,2.559669495
15:13:06,2.562068224,3.507709265,2.560724258
15:13:06,2.562857389,3.507922649,2.560690641
15:13:06,2.561983347,3.508192301,2.559236288
15:13:06,2.561622381,3.508126259,2.559700012
15:13:06,2.561950445,3.508213758,2.559957027
15:13:06,2.562440157,3.509058475,2.561363697
15:13:06,2.563023806,3.508454323,2.559308529
15:13:06,2.562752247,3.509456635,2.559852362
15:13:06,2.562547445,3.509132862,2.560140133
15:13:06,2.563345671,3.509587765,2.561001301
15:13:06,2.562949181,3.509651184,2.560345411
15:13:06,2.562571287,3.509123564,2.560999393
15:13:06,2.562538147,3.510142326,2.559973478
15:13:06,2.562946558,3.509903431,2.560970306
15:13:06,2.562173367,3.50945282,2.560210466
15:13:06,2.562430382,3.510123968,2.559211731
15:13:06,2.562945843,3.509835005,2.561941147
15:13:06,2.56286788,3.509406567,2.561402798
15:13:06,2.562861443,3.508926868,2.561484098
15:13:06,2.562806606,3.508757114,2.560171843
15:13:06,2.56303525,3.50878191,2.560865164
15:13:06,2.563168526,3.509055376,2.562420607
15:13:06,2.563657522,3.508398771,2.560803652
15:13:06,2.562094212,3.507921934,2.559839964
15:13:06,2.562174082,3.50795269,2.560324669
15:13:06,2.562770128,3.508999348,2.560534239
15:13:06,2.56319356,3.508430004,2.561151981
15:13:06,2.563744783,3.507580757,2.561183214
15:13:06,2.562960386,3.507569075,2.560731411
15:13:06,2.562996387,3.508128881,2.561185837
15:13:06,2.562014341,3.506876945,2.560462475
15:13:06,2.56300211,3.508503914,2.561789036
15:13:06,2.562617302,3.507996559,2.561449051
15:13:06,2.563940287,3.508281469,2.560947895
15:13:06,2.563123465,3.508737326,2.560972452
15:13:06,2.562961102,3.507545471,2.560703278
15:13:06,2.563218832,3.508130074,2.560807705
15:13:06,2.564242363,3.507880211,2.560257196
15:13:06,2.562381506,3.508351326,2.560693741
15:13:06,2.562746286,3.507743835,2.561130047
15:13:06,2.562158585,3.507215977,2.560239553
15:13:06,2.562784672,3.507068634,2.560263872
15:13:06,2.563020706,3.507719755,2.560738802
15:13:06,2.56278944,3.507283926,2.559728861
15:13:06,2.563384533,3.507935762,2.559303522
15:13:06,2.561365128,3.507634401,2.559258938
15:13:06,2.561836481,3.508651495,2.560124636
15:13:06,2.562744379,3.509538889,2.559966326
15:13:06,2.562994719,3.509193182,2.560691833
15:13:06,2.563408375,3.508586645,2.560031891
15:13:06,2.562396049,3.5084126,2.559933901
15:13:06,2.56294322,3.507270098,2.560771227
15:13:06,2.561981201,3.508364916,2.561599255
15:13:06,2.562315702,3.508381844,2.560392141
15:13:06,2.563368797,3.508995771,2.559838533
15:13:06,2.562779427,3.509196758,2.560571909
15:13:06,2.56250453,3.508971691,2.560854435
15:13:06,2.56196475,3.508480072,2.560628414
15:13:06,2.562949657,3.509218931,2.560525894
15:13:06,2.562817574,3.509024382,2.56044054
15:13:06,2.563052893,3.5097363,2.560692549
15:13:06,2.563516617,3.509170771,2.560761929
15:13:06,2.563345671,3.509327173,2.560683966
15:13:06,2.563952208,3.509286165,2.560917377
15:13:06,2.562779427,3.509715557,2.559992313
15:13:06,2.562679529,3.509192467,2.559548855
15:13:06,2.562465429,3.508843899,2.559003353
15:13:06,2.562814951,3.509294987,2.559595346
15:13:06,2.561907291,3.508706093,2.560809612
15:13:06,2.562256098,3.508698225,2.559801579
15:13:06,2.562490702,3.50818944,2.559501886
15:13:06,2.562017441,3.5073452,2.560239553
15:13:06,2.563117027,3.508635044,2.559045792
15:13:06,2.561533689,3.50780654,2.560009956
15:13:06,2.562016249,3.507997036,2.560173988
15:13:06,2.562153578,3.507577419,2.56005764
15:13:06,2.562182665,3.507815599,2.559494257
15:13:06,2.561378717,3.507668734,2.560060978
15:13:06,2.56264472,3.50822711,2.559811592
15:13:06,2.563837767,3.508964539,2.560239553
15:13:06,2.563013792,3.508287907,2.560339451
15:13:06,2.563103199,3.507773399,2.560004473
15:13:06,2.561712503,3.50900054,2.559500694
15:13:06,2.562067986,3.50829339,2.558838606
15:13:06,2.562509775,3.506857395,2.560487032
15:13:06,2.562243462,3.507784367,2.559519053
15:13:06,2.561580896,3.504430771,2.560047626
15:13:06,2.562253952,3.505833387,2.560921907
15:13:06,2.562040091,3.506299973,2.560820103
15:13:06,2.561736107,3.506667137,2.559255362
15:13:06,2.561914444,3.506854534,2.560260773
15:13:06,2.562920332,3.507797241,2.560308933
15:13:06,2.562602282,3.507505655,2.560329437
15:13:06,2.563172102,3.508290529,2.559272528
15:13:06,2.561890841,3.507171869,2.560502529
15:13:06,2.561304092,3.507415056,2.560648918
15:13:06,2.561420202,3.505647898,2.559448004
15:13:06,2.562229633,3.505493164,2.559538364
15:13:06,2.561891556,3.506195545,2.55975008
15:13:06,2.561911821,3.506896973,2.560987473
15:13:07,2.562137127,3.508263826,2.55936265
15:13:07,2.562413216,3.508441925,2.560615778
15:13:07,2.562042713,3.508694649,2.55951786
15:13:07,2.5627985,3.509102345,2.560614347
15:13:07,2.562178135,3.507767916,2.559159517
15:13:07,2.562660456,3.508875132,2.559827566
15:13:07,2.562376499,3.509361267,2.559824228
15:13:07,2.562697887,3.50914669,2.558624506
15:13:07,2.563181162,3.509747982,2.559345245
15:13:07,2.561890841,3.509730816,2.559453011
15:13:07,2.562399387,3.509653091,2.559894323
15:13:07,2.561821222,3.509729862,2.55992341
15:13:07,2.56264472,3.509460211,2.559573412
15:13:07,2.562142372,3.509711504,2.55971384
15:13:07,2.561512709,3.507514954,2.559401512
15:13:07,2.562227726,3.507631063,2.559201956
15:13:07,2.561700344,3.507525206,2.559150934
15:13:07,2.562009096,3.507372379,2.559313536
15:13:07,2.562638044,3.507368803,2.558939934
15:13:07,2.562320709,3.50844264,2.559506893
15:13:07,2.562385798,3.506957769,2.55864501
15:13:07,2.561977863,3.506150007,2.560189724
15:13:07,2.562736511,3.507256746,2.559832096
15:13:07,2.562099457,3.50628233,2.559498072
15:13:07,2.561687231,3.505506516,2.559750795
15:13:07,2.561747789,3.505676985,2.559582949
15:13:07,2.56134963,3.505431652,2.559929371
15:13:07,2.561265707,3.505383968,2.560228348
15:13:07,2.56211257,3.507214069,2.559611082
15:13:07,2.561777115,3.506487846,2.559049129
15:13:07,2.561448336,3.506945848,2.560515881
15:13:07,2.561618567,3.50570035,2.559154272
15:13:07,2.562024117,3.50727129,2.558467627
15:13:07,2.561194181,3.505835533,2.559360504
15:13:07,2.561431408,3.506006956,2.55922246
15:13:07,2.561832666,3.506766558,2.55875206
15:13:07,2.56289053,3.507886887,2.559044361
15:13:07,2.562785864,3.507619381,2.559907436
15:13:07,2.562174082,3.507877827,2.559790373
15:13:07,2.561850071,3.508438826,2.559753418
15:13:07,2.561954737,3.509061098,2.559653521
15:13:07,2.562498093,3.50820756,2.559639215
15:13:07,2.561204195,3.50850606,2.560383797
15:13:07,2.562227726,3.507405281,2.559365749
15:13:07,2.562470198,3.50736928,2.558529139
15:13:07,2.561892033,3.510259867,2.56016922
15:13:07,2.563468695,3.509707689,2.558543682
15:13:07,2.562413931,3.509482622,2.560776711
15:13:07,2.56265378,3.509151936,2.559859037
15:13:07,2.561442137,3.507514954,2.559394836
15:13:07,2.561514139,3.508585453,2.560303211
15:13:07,2.56170702,3.507317781,2.559484959
15:13:07,2.562291861,3.508430719,2.559053421
15:13:07,2.561489105,3.508117199,2.559273243
15:13:07,2.561971426,3.5081563,2.559881687
15:13:07,2.561890841,3.508535385,2.560185432
15:13:07,2.561508179,3.508243561,2.5591681
15:13:07,2.562314987,3.508545637,2.558564425
15:13:07,2.562443018,3.507474184,2.560156345
15:13:07,2.561763287,3.506742954,2.559653997
15:13:07,2.562165737,3.507722378,2.560880423
15:13:07,2.561869144,3.506447554,2.55905509
15:13:07,2.561627626,3.507130623,2.559721708
15:13:07,2.56230545,3.507493258,2.560352087
15:13:07,2.561855555,3.507041454,2.558954477
15:13:07,2.562388659,3.507022381,2.559100628
15:13:07,2.562108278,3.50746727,2.560311556
15:13:07,2.562052011,3.508367777,2.559930801
15:13:07,2.562296152,3.507157326,2.560549021
15:13:07,2.562482595,3.507252455,2.560125113
15:13:07,2.561508894,3.507660866,2.559784412
15:13:07,2.561984777,3.507453442,2.559752703
15:13:07,2.562797785,3.509526491,2.559921265
15:13:07,2.563150167,3.508913517,2.5607903
15:13:07,2.561716318,3.508377552,2.559658289
15:13:07,2.562059879,3.508378744,2.560223579
15:13:07,2.562842607,3.508681297,2.559553146
15:13:07,2.561784983,3.506686687,2.558364391
15:13:07,2.561975002,3.507485628,2.559114933
15:13:07,2.562022924,3.507745981,2.559131861
15:13:07,2.561862946,3.508923531,2.559852362
15:13:07,2.56265378,3.508626699,2.559424162
15:13:07,2.562055826,3.507411003,2.559403896
15:13:07,2.562466145,3.506775141,2.559851885
15:13:07,2.561529398,3.506830931,2.558067083
15:13:07,2.561668634,3.507520199,2.558582306
15:13:07,2.561179876,3.506531715,2.55816865
15:13:07,2.561524153,3.508259296,2.55926466
15:13:07,2.561714411,3.507535696,2.55995512
15:13:07,2.561411619,3.507149935,2.559788465
15:13:07,2.561630487,3.507291794,2.559999943
15:13:07,2.560718536,3.505850315,2.558803797
15:13:07,2.561830282,3.506248236,2.559746742
15:13:07,2.561790228,3.506309748,2.559126854
15:13:07,2.561603308,3.506821871,2.559704304
15:13:07,2.561740637,3.50792408,2.559523344
15:13:07,2.561625004,3.506620884,2.558868408
15:13:07,2.560673952,3.50696826,2.559277296
15:13:07,2.562414646,3.507350445,2.561523676
15:13:07,2.562450886,3.506756783,2.558517933
15:13:07,2.562033653,3.507655621,2.559478045
15:13:07,2.561935425,3.507526636,2.558917999
15:13:07,2.561417103,3.507419586,2.559968233
15:13:07,2.561684608,3.507781506,2.55842948
15:13:07,2.561725616,3.507508993,2.559480906
15:13:07,2.561868191,3.50711751,2.559488773
15:13:07,2.561920643,3.50682807,2.558295965
15:13:07,2.561689854,3.507548809,2.559662819
15:13:07,2.56189394,3.507828474,2.559578896
15:13:07,2.561850548,3.506668568,2.558591366
15:13:07,2.561392546,3.507278442,2.559746027
15:13:07,2.561218739,3.506507397,2.559631586
15:13:07,2.561918259,3.507773399,2.558954477
15:13:07,2.562166214,3.508063555,2.558831453
15:13:07,2.561066151,3.506878138,2.559799671
15:13:07,2.56221652,3.506820679,2.559067011
15:13:07,2.562140465,3.50664258,2.558387041
15:13:07,2.561718225,3.505696535,2.559475183
15:13:07,2.560987711,3.50662756,2.559792519
15:13:08,2.561174393,3.507353544,2.559247017
15:13:08,2.561753988,3.506670713,2.558784485
15:13:08,2.561134338,3.506044626,2.558685541
15:13:08,2.561894655,3.506421328,2.558850527
15:13:08,2.562491179,3.507211447,2.559172153
15:13:08,2.561355591,3.506320715,2.559978247
15:13:08,2.561804771,3.506165028,2.559361219
15:13:08,2.561434984,3.505763054,2.558477163
15:13:08,2.560430527,3.507169008,2.55991888
15:13:08,2.560994864,3.507022858,2.55845499
15:13:08,2.562035561,3.506153822,2.558632374
15:13:08,2.560602188,3.506506681,2.559480906
15:13:08,2.561274052,3.505780697,2.558454514
15:13:08,2.561322689,3.506348372,2.558371067
15:13:08,2.561505556,3.508526325,2.558570862
15:13:08,2.56181407,3.507819653,2.559067011
15:13:08,2.5620718,3.506937265,2.559621096
15:13:08,2.561693192,3.507715702,2.558511496
15:13:08,2.561775923,3.506122589,2.559084654
15:13:08,2.561216831,3.507274151,2.55919838
15:13:08,2.561219454,3.507048368,2.559084654
15:13:08,2.562861919,3.508775711,2.560347319
15:13:08,2.562990189,3.50873661,2.559216499
15:13:08,2.56230545,3.509619713,2.560904026
15:13:08,2.563842535,3.509411573,2.559641123
15:13:08,2.563149452,3.509524345,2.559347868
15:13:08,2.562663794,3.508152246,2.560328722
15:13:08,2.562396049,3.507811785,2.559483528
15:13:08,2.562592506,3.506727934,2.559778452
15:13:08,2.561336279,3.50683713,2.559611797
15:13:08,2.560883045,3.506348372,2.558529854
15:13:08,2.561877489,3.506016731,2.559174776
15:13:08,2.561290979,3.507510424,2.558655024
15:13:08,2.562207699,3.507793665,2.559309721
15:13:08,2.562360525,3.5072577,2.560318232
15:13:08,2.56192255,3.507285833,2.558970928
15:13:08,2.56171298,3.506586552,2.559723616
15:13:08,2.562046051,3.506679058,2.559885025
15:13:08,2.562648296,3.506098986,2.560421467
15:13:08,2.562470198,3.506681681,2.560286999
15:13:08,2.561544418,3.50625515,2.559192657
15:13:08,2.561666489,3.506221056,2.559855938
15:13:08,2.562057972,3.506711721,2.559838057
15:13:08,2.562013865,3.506668568,2.559430838
15:13:08,2.562213659,3.506262302,2.558529854
15:13:08,2.56250596,3.507265091,2.560141563
15:13:08,2.561465979,3.507071257,2.560963631
15:13:08,2.562840939,3.507561445,2.559417486
15:13:08,2.56196785,3.507241488,2.559636831
15:13:08,2.563323259,3.508463383,2.559029102
15:13:08,2.562491179,3.508147001,2.560618401
15:13:08,2.562324286,3.507664919,2.560636282
15:13:08,2.562335491,3.507512569,2.56030035
15:13:08,2.561988592,3.506867647,2.55905509
15:13:08,2.562547445,3.509767771,2.559925318
15:13:08,2.563126802,3.508701086,2.558983564
15:13:08,2.5616467,3.508581877,2.560125828
15:13:08,2.561738014,3.507953167,2.559700727
15:13:08,2.562361717,3.507539511,2.560576677
15:13:08,2.562387705,3.508034229,2.560612679
15:13:08,2.562405586,3.50865078,2.559285879
15:13:08,2.562351227,3.508524895,2.560511351
15:13:08,2.562339783,3.509414673,2.560629129
15:13:08,2.562874317,3.509510279,2.559603214
15:13:08,2.561968565,3.508779287,2.559437275
15:13:08,2.562034845,3.508275032,2.559392452
15:13:08,2.561919212,3.507829905,2.559663534
15:13:08,2.5616467,3.508997202,2.559919357
15:13:08,2.563333035,3.508133888,2.559187889
15:13:08,2.562675714,3.508256197,2.559083462
15:13:08,2.561822653,3.507792234,2.560031176
15:13:08,2.563065529,3.508090496,2.560312271
15:13:08,2.562706947,3.506692171,2.560815573
15:13:08,2.562450171,3.507368803,2.560369968
15:13:08,2.56267643,3.50833869,2.559552431
15:13:08,2.562273502,3.507054806,2.560964346
15:13:08,2.562586546,3.506880522,2.559385538
15:13:08,2.56269145,3.507249832,2.559859991
15:13:08,2.562585592,3.50783205,2.560064316
15:13:08,2.562153101,3.50682807,2.559752226
15:13:08,2.56203866,3.508087635,2.559319019
15:13:08,2.562509775,3.506960392,2.559762716
15:13:08,2.561905146,3.508383751,2.56081748
15:13:08,2.562764168,3.508769512,2.559672594
15:13:08,2.561965227,3.507314682,2.559829473
15:13:08,2.562641144,3.506873608,2.559752703
15:13:08,2.563189507,3.507856846,2.559965134
15:13:08,2.562762976,3.50737381,2.558995485
15:13:08,2.562378883,3.507986784,2.560077429
15:13:08,2.562817574,3.50699687,2.559401512
15:13:08,2.56174469,3.507647276,2.559561491
15:13:08,2.561688423,3.506506681,2.559533119
15:13:08,2.562513113,3.507812977,2.560231447
15:13:08,2.562127352,3.507002354,2.560522318
15:13:08,2.56209898,3.508922815,2.558632374
15:13:08,2.562209368,3.508900642,2.560319424
15:13:08,2.561958075,3.508588791,2.561187267
15:13:08,2.562264442,3.508644581,2.560230732
15:13:08,2.560975075,3.506982327,2.558228254
15:13:08,2.561374664,3.507297993,2.558512688
15:13:08,2.561941624,3.506577969,2.558665514
15:13:08,2.561547995,3.507519484,2.559119225
15:13:08,2.561837435,3.507045746,2.559910297
15:13:08,2.561188459,3.507893085,2.56067872
15:13:08,2.561955214,3.50826478,2.55872035
15:13:08,2.561856508,3.507408619,2.558422804
15:13:08,2.561982632,3.507746458,2.558492184
15:13:08,2.561979771,3.507019043,2.559188366
15:13:08,2.561971426,3.508268356,2.558889151
15:13:08,2.561923504,3.508250713,2.558362484
15:13:08,2.561842918,3.507919788,2.558602095
15:13:08,2.560563803,3.508226395,2.559832811
15:13:08,2.561726332,3.507770538,2.559209108
15:13:08,2.561266899,3.507776976,2.559581995
15:13:08,2.562214375,3.508325815,2.560482264
15:13:09,2.562623501,3.508489847,2.560117006
15:13:09,2.562304497,3.508867979,2.560743332
15:13:09,2.561989784,3.508219004,2.560198545
15:13:09,2.562425375,3.508648157,2.561264038
15:13:09,2.562222004,3.509575367,2.559807539
15:13:09,2.562357187,3.509309053,2.559565783
15:13:09,2.564017534,3.508523464,2.559278011
15:13:09,2.562723875,3.50974679,2.560294151
15:13:09,2.563584089,3.509121418,2.558964491
15:13:09,2.563239098,3.509217024,2.560141563
15:13:09,2.562935829,3.50904274,2.560692549
15:13:09,2.563571692,3.509405851,2.559995413
15:13:09,2.562606812,3.509569407,2.560334682
15:13:09,2.562748909,3.507980824,2.559911251
15:13:09,2.562929869,3.50738287,2.561246634
15:13:09,2.562601089,3.507055998,2.561525822
15:13:09,2.563104391,3.506592274,2.559959173
15:13:09,2.562879801,3.507177353,2.559840441
15:13:09,2.562411308,3.507323742,2.56058073
15:13:09,2.562876463,3.506805658,2.560263872
15:13:09,2.562137127,3.506305218,2.560106754
15:13:09,2.562322378,3.506703138,2.558643103
15:13:09,2.562610865,3.506568193,2.559553146
15:13:09,2.562128782,3.506134272,2.559882164
15:13:09,2.561740637,3.506291389,2.559510708
15:13:09,2.561683893,3.506509304,2.560237646
15:13:09,2.563213587,3.507060289,2.560869217
15:13:09,2.562927961,3.508651495,2.560347795
15:13:09,2.561932564,3.509071827,2.560657263
15:13:09,2.562947035,3.50865221,2.560001612
15:13:09,2.562567949,3.509730816,2.559559584
15:13:09,2.561643839,3.509448767,2.560700417
15:13:09,2.562398434,3.509007692,2.559170008
15:13:09,2.562642813,3.507899284,2.56098032
15:13:09,2.561683893,3.508569241,2.559232235
15:13:09,2.56233263,3.509793282,2.559829473
15:13:09,2.563508749,3.510273457,2.561115742
15:13:09,2.562952518,3.509643555,2.55940032
15:13:09,2.562045574,3.510064602,2.560011387
15:13:09,2.563921213,3.510042906,2.559943199
15:13:09,2.563192368,3.509932756,2.560097694
15:13:09,2.562669754,3.510553122,2.560762405
15:13:09,2.562862635,3.509815693,2.561038256
15:13:09,2.562813759,3.509602547,2.560601234
15:13:09,2.562155724,3.509210587,2.56084013
15:13:09,2.5621562,3.508780479,2.56024003
15:13:09,2.562610865,3.508396387,2.561816216
15:13:09,2.562861443,3.508832932,2.559982538
15:13:09,2.563152075,3.50843811,2.560330153
15:13:09,2.562810421,3.507332802,2.561170101
15:13:09,2.562519073,3.50715065,2.560003996
15:13:09,2.563427448,3.509105444,2.560519457
15:13:09,2.56210351,3.507751703,2.560297728
15:13:09,2.562594891,3.507148743,2.560148954
15:13:09,2.562768221,3.506727219,2.560546875
15:13:09,2.563000679,3.506517887,2.560112
15:13:09,2.562342167,3.505971909,2.559747934
15:13:09,2.56131649,3.506302595,2.559556961
15:13:09,2.561504364,3.50579834,2.558763981
15:13:09,2.561120272,3.505320549,2.559253454
15:13:09,2.562940598,3.507938385,2.561098576
15:13:09,2.562618256,3.50774312,2.560414791
15:13:09,2.562342644,3.508088589,2.55981493
15:13:09,2.562775612,3.508260489,2.559427977
15:13:09,2.562602282,3.508853674,2.560583115
15:13:09,2.562590361,3.507960081,2.561111689
15:13:09,2.562800646,3.508630514,2.56048274
15:13:09,2.563419819,3.509007692,2.560772419
15:13:09,2.562745094,3.509834528,2.559148312
15:13:09,2.562398672,3.509187698,2.560078621
15:13:09,2.561799765,3.511057138,2.560308933
15:13:09,2.562701464,3.51006937,2.560726404
15:13:09,2.563318491,3.510390282,2.559293509
15:13:09,2.56257987,3.510735273,2.559610605
15:13:09,2.561774492,3.509486437,2.559172153
15:13:09,2.562072992,3.50913167,2.558873892
15:13:09,2.561810017,3.508324623,2.560049534
15:13:09,2.56253624,3.508471251,2.560081482
15:13:09,2.561652899,3.508075953,2.560484886
15:13:09,2.561873436,3.509063721,2.55973959
15:13:09,2.562249422,3.508635044,2.55932498
15:13:09,2.562475443,3.509092093,2.560017824
15:13:09,2.561310768,3.508231878,2.558545351
15:13:09,2.562550783,3.508036852,2.559901953
15:13:09,2.562946558,3.508095503,2.560992241
15:13:09,2.563266277,3.509061575,2.560429811
15:13:09,2.562758923,3.508169889,2.560457945
15:13:09,2.56365943,3.509266615,2.560379744
15:13:09,2.562053919,3.508033037,2.560326815
15:13:09,2.562026501,3.508098841,2.560263157
15:13:09,2.562550783,3.508623838,2.560993433
15:13:09,2.56195426,3.508367062,2.560162783
15:13:09,2.561810493,3.507621765,2.559793234
15:13:09,2.561498404,3.506957769,2.559835672
15:13:09,2.561252117,3.506774426,2.559184074
15:13:09,2.561538696,3.506683111,2.559310913
15:13:09,2.561915874,3.507182121,2.559729576
15:13:09,2.562989473,3.507462025,2.561736822
15:13:09,2.562229633,3.50772953,2.558594227
15:13:09,2.560622692,3.507303476,2.559334755
15:13:09,2.562075138,3.507864475,2.55967021
15:13:09,2.562491894,3.507180214,2.559985399
15:13:09,2.561804056,3.507232189,2.558789968
15:13:09,2.562643528,3.507685661,2.559786081
15:13:09,2.562342167,3.506984234,2.558876991
15:13:09,2.561880827,3.50723815,2.560176134
15:13:09,2.563103914,3.508065462,2.559674501
15:13:09,2.561304092,3.507742643,2.560509682
15:13:09,2.562286377,3.50733757,2.560152769
15:13:09,2.562404156,3.508086205,2.559865952
15:13:09,2.561829329,3.506777048,2.558821678
15:13:09,2.56213522,3.508177042,2.559975386
15:13:09,2.562672853,3.508297682,2.55875349
15:13:09,2.562193871,3.508031607,2.560272455
15:13:09,2.562173367,3.508017302,2.559962749
15:13:09,2.562482595,3.507808924,2.560359955
15:13:09,2.5629704,3.507962465,2.561563015
15:13:09,2.562848091,3.508137226,2.559955597
15:13:09,2.562715292,3.507969856,2.559920073
15:13:10,2.562816381,3.507212162,2.560931444
15:13:10,2.56199193,3.507741928,2.558843374
15:13:10,2.56257391,3.507350445,2.560277939
15:13:10,2.563097239,3.508605003,2.560451031
15:13:10,2.562675238,3.508906603,2.560616493
15:13:10,2.562965155,3.508984089,2.559971809
15:13:10,2.562285662,3.508577585,2.560860395
15:13:10,2.563043594,3.508979082,2.559215784
15:13:10,2.563262463,3.509781599,2.560022593
15:13:10,2.562700033,3.507900238,2.560379028
15:13:10,2.562418222,3.50750351,2.560506105
15:13:10,2.562611818,3.507882833,2.559708357
15:13:10,2.562508583,3.507757425,2.560338497
15:13:10,2.563048363,3.508455038,2.561233282
15:13:10,2.56315732,3.507850885,2.560320139
15:13:10,2.561689138,3.507638693,2.559526443
15:13:10,2.562022924,3.508435488,2.559383631
15:13:10,2.562806606,3.509660721,2.56065011
15:13:10,2.561971426,3.508332491,2.559051752
15:13:10,2.562528849,3.508315563,2.560153961
15:13:10,2.562538862,3.508706808,2.558523417
15:13:10,2.561483622,3.507593155,2.560167551
15:13:10,2.561556339,3.508252859,2.560763359
15:13:10,2.561808348,3.508077145,2.559973478
15:13:10,2.562482595,3.507499218,2.560150146
15:13:10,2.563014746,3.50892067,2.560981512
15:13:10,2.562952042,3.509028673,2.560551167
15:13:10,2.563578129,3.508469582,2.559124947
15:13:10,2.561394453,3.507651091,2.561132431
15:13:10,2.561462641,3.5069592,2.561305046
15:13:10,2.562012911,3.506176472,2.559525967
15:13:10,2.563060045,3.506950617,2.56015873
15:13:10,2.561639547,3.506656647,2.559882164
15:13:10,2.562008381,3.507357836,2.559611797
15:13:10,2.562192678,3.507079124,2.559890985
15:13:10,2.562887669,3.507557154,2.560114622
15:13:10,2.56340003,3.50851655,2.55995369
15:13:10,2.561846495,3.508163691,2.559135675
15:13:10,2.562125921,3.507820129,2.560048819
15:13:10,2.562334061,3.50687933,2.561100245
15:13:10,2.562231779,3.507737875,2.559701204
15:13:10,2.561867476,3.507052898,2.559988022
15:13:10,2.56293273,3.508067369,2.560055017
15:13:10,2.562781334,3.508840084,2.560043097
15:13:10,2.561990499,3.508051395,2.559152126
15:13:10,2.561677933,3.506957054,2.559248209
15:13:10,2.563261747,3.50877285,2.560953856
15:13:10,2.562408686,3.50915432,2.560611963
15:13:10,2.563295364,3.508962631,2.559734344
15:13:10,2.562058449,3.508961439,2.560709715
15:13:10,2.562735796,3.508288622,2.560582638
15:13:10,2.560943842,3.508204699,2.560062408
15:13:10,2.561974049,3.508671522,2.559817553
15:13:10,2.562299728,3.508284807,2.558430195
15:13:10,2.562560558,3.50880909,2.559925318
15:13:10,2.563426971,3.508075953,2.559269905
15:13:10,2.562131643,3.508063555,2.560525179
15:13:10,2.562776089,3.508373499,2.560111046
15:13:10,2.56396389,3.508553028,2.560312271
15:13:10,2.562369585,3.507521868,2.559769154
15:13:10,2.561915874,3.507162094,2.559262514
15:13:10,2.562875032,3.508826256,2.559559107
15:13:10,2.56319356,3.507931232,2.55970788
15:13:10,2.561626911,3.508650064,2.559604645
15:13:10,2.562376976,3.507260323,2.558512688
15:13:10,2.561574221,3.506144047,2.55961585
15:13:10,2.561566114,3.507490158,2.560321093
15:13:10,2.56203413,3.505879879,2.559195995
15:13:10,2.562325478,3.506126404,2.558400393
15:13:10,2.561008692,3.506758451,2.558940411
15:13:10,2.562042713,3.506225824,2.559088707
15:13:10,2.562169552,3.506376266,2.560533047
15:13:10,2.561971426,3.506629467,2.560117006
15:13:10,2.561946154,3.506570101,2.560140848
15:13:10,2.561509371,3.506103754,2.559119701
15:13:10,2.56195879,3.505895376,2.558991909
15:13:10,2.562362432,3.506726265,2.558204651
15:13:10,2.562131643,3.506826401,2.560340643
15:13:10,2.561817884,3.507082939,2.56077528
15:13:10,2.561849117,3.507474184,2.559350729
15:13:10,2.561677217,3.506974459,2.558979988
15:13:10,2.561504364,3.508261204,2.560048342
15:13:10,2.562376499,3.509308338,2.55993247
15:13:10,2.562842607,3.507279158,2.559552431
15:13:10,2.561674833,3.50756073,2.558949947
15:13:10,2.562406063,3.508021116,2.559402943
15:13:10,2.56210947,3.50799489,2.559141159
15:13:10,2.562774658,3.508462906,2.560499668
15:13:10,2.562514305,3.507741213,2.559689283
15:13:10,2.562460899,3.50770092,2.559848547
15:13:10,2.561185122,3.507741213,2.559947252
15:13:10,2.562234879,3.508202553,2.559425831
15:13:10,2.561921835,3.507520676,2.559517384
15:13:10,2.561817884,3.507522345,2.558897018
15:13:10,2.561618567,3.506825209,2.558077812
15:13:10,2.561789036,3.507527351,2.559978962
15:13:10,2.562556744,3.50713253,2.559611082
15:13:10,2.562153101,3.507171154,2.560232639
15:13:10,2.562449932,3.507677317,2.559574127
15:13:10,2.562259436,3.507879496,2.56016922
15:13:10,2.562542439,3.50780654,2.559420109
15:13:10,2.561770439,3.506471634,2.559158087
15:13:10,2.561526537,3.505892277,2.558810472
15:13:10,2.561933279,3.506733179,2.561236858
15:13:10,2.561505556,3.507482052,2.560509682
15:13:10,2.561378717,3.505650282,2.558823109
15:13:10,2.561670065,3.506887913,2.558588743
15:13:10,2.562126875,3.506981134,2.559546471
15:13:10,2.561959505,3.508147001,2.558998108
15:13:10,2.561405182,3.508305788,2.558700562
15:13:10,2.560893059,3.50713563,2.559459925
15:13:10,2.561057568,3.506361723,2.558513641
15:13:10,2.562929392,3.508441448,2.560316801
15:13:10,2.562205076,3.507658243,2.559916258
15:13:10,2.562226295,3.508101463,2.558878422
15:13:10,2.562669039,3.507914305,2.559857845
15:13:11,2.561703682,3.50783658,2.559731007
15:13:11,2.562773943,3.507940292,2.559357882
15:13:11,2.562815666,3.508680105,2.559916258
15:13:11,2.562367678,3.508507252,2.558461905
15:13:11,2.562522888,3.508172035,2.560354948
15:13:11,2.562090158,3.508666515,2.560011387
15:13:11,2.563189507,3.508820295,2.559756756
15:13:11,2.562155724,3.507442474,2.558938265
15:13:11,2.561485052,3.509026766,2.560052395
15:13:11,2.562791109,3.508512259,2.559607983
15:13:11,2.563767672,3.508306265,2.559915543
15:13:11,2.562980175,3.50936389,2.560841084
15:13:11,2.563269615,3.509239912,2.560266733
15:13:11,2.562546015,3.509101152,2.561337233
15:13:11,2.562809229,3.50924921,2.561858416
15:13:11,2.56269145,3.509201288,2.559861898
15:13:11,2.562363863,3.508206844,2.562059402
15:13:11,2.561885357,3.507462025,2.559803009
15:13:11,2.561923504,3.507943392,2.561062098
15:13:11,2.561696291,3.508899212,2.559446335
15:13:11,2.562581301,3.50830245,2.559703588
15:13:11,2.5627985,3.50936079,2.558763266
15:13:11,2.561886549,3.509251118,2.559896469
15:13:11,2.561359644,3.510085583,2.560801506
15:13:11,2.562305212,3.508350611,2.560400963
15:13:11,2.562932014,3.509395838,2.561458588
15:13:11,2.563141584,3.50936079,2.55967927
15:13:11,2.562692642,3.508879662,2.56015563
15:13:11,2.562636614,3.506862879,2.560078144
15:13:11,2.562713385,3.508757114,2.560119867
15:13:11,2.562487364,3.50798583,2.560629845
15:13:11,2.562298298,3.50831604,2.559292316
15:13:11,2.562247515,3.508281469,2.56009531
15:13:11,2.562404156,3.507297516,2.559658289
15:13:11,2.562269211,3.508011341,2.559933424
15:13:11,2.561661482,3.507956505,2.559833288
15:13:11,2.562926054,3.507858753,2.559473753
15:13:11,2.561701775,3.508090496,2.560130358
15:13:11,2.561595917,3.506293535,2.558924675
15:13:11,2.561986923,3.506459236,2.559062481
15:13:11,2.561356783,3.506326914,2.559136391
15:13:11,2.56175065,3.506555557,2.559443951
15:13:11,2.562327147,3.507221937,2.560570955
15:13:11,2.56278944,3.507312536,2.559437275
15:13:11,2.562421799,3.506516457,2.560009956
15:13:11,2.563021898,3.506929874,2.559939384
15:13:11,2.562804937,3.505470753,2.561160803
15:13:11,2.562765598,3.505691767,2.559358597
15:13:11,2.563237906,3.506747007,2.559490919
15:13:11,2.564100742,3.508497477,2.560950994
15:13:11,2.564152241,3.508550882,2.559425831
15:13:11,2.562233686,3.50874877,2.560138941
15:13:11,2.563745975,3.509872198,2.561602592
15:13:11,2.563446045,3.511220694,2.561759472
15:13:11,2.563600779,3.510327578,2.560728073
15:13:11,2.563464403,3.509411573,2.560901642
15:13:11,2.563160181,3.509795904,2.560819626
15:13:11,2.563765287,3.510967016,2.561976194
15:13:11,2.563256264,3.508929253,2.560528517
15:13:11,2.564876318,3.5123384,2.561935902
15:13:11,2.56435442,3.512051344,2.560920715
15:13:11,2.563895941,3.512758017,2.561218977
15:13:11,2.564051151,3.511811972,2.560601234
15:13:11,2.563934326,3.511633873,2.562996626
15:13:11,2.564123869,3.511156797,2.560752153
15:13:11,2.563389778,3.51243639,2.561389446
15:13:11,2.563895464,3.512416601,2.559920073
15:13:11,2.563214064,3.512517214,2.560878277
15:13:11,2.564269781,3.512442112,2.562203884
15:13:11,2.563563108,3.510884285,2.561276436
15:13:11,2.564060688,3.510874987,2.562189102
15:13:11,2.563683271,3.510136366,2.561330795
15:13:11,2.562259436,3.510335684,2.561188698
15:13:11,2.564358473,3.510906935,2.561606407
15:13:11,2.56362319,3.510111094,2.560745478
15:13:11,2.563491583,3.510448933,2.560940981
15:13:11,2.56300211,3.510662794,2.561574697
15:13:11,2.563966751,3.509167433,2.562707663
15:13:11,2.56300807,3.508350611,2.560744047
15:13:11,2.563559055,3.508912325,2.561712265
15:13:11,2.563192368,3.508984804,2.561701059
15:13:11,2.563581705,3.508926153,2.561416149
15:13:11,2.563689709,3.509102345,2.561534882
15:13:11,2.56343627,3.509952307,2.562601805
15:13:11,2.563539267,3.508446455,2.561377764
15:13:11,2.563485622,3.507790089,2.560611248
15:13:11,2.564481497,3.509170771,2.561311483
15:13:11,2.562996387,3.507442951,2.561041117
15:13:11,2.5627141,3.507730246,2.561721325
15:13:11,2.563331604,3.509075403,2.560997963
15:13:11,2.56293416,3.508265972,2.560379028
15:13:11,2.563087225,3.507506371,2.561338425
15:13:11,2.563628197,3.509988308,2.561218977
15:13:11,2.564109564,3.509384871,2.561342001
15:13:11,2.563381195,3.50945735,2.560775995
15:13:11,2.564050436,3.509899616,2.561050177
15:13:11,2.562912703,3.51075387,2.562742233
15:13:11,2.56342268,3.51138711,2.562442541
15:13:11,2.565119028,3.510972738,2.562234879
15:13:11,2.563850403,3.511571169,2.562117815
15:13:11,2.56363368,3.510678053,2.559731722
15:13:11,2.563154697,3.511108637,2.560117722
15:13:11,2.563128471,3.510263681,2.560504913
15:13:11,2.564003706,3.509377003,2.560759306
15:13:11,2.564023495,3.509644985,2.56095767
15:13:11,2.563349485,3.510225773,2.560921431
15:13:11,2.563719034,3.510260582,2.561247349
15:13:11,2.563652754,3.509976625,2.55953455
15:13:11,2.563287973,3.510455608,2.561509848
15:13:11,2.563946962,3.509511948,2.561874866
15:13:11,2.563858271,3.511217594,2.561621666
15:13:11,2.563393831,3.511121273,2.561534405
15:13:11,2.564073801,3.509931564,2.561425924
15:13:11,2.563868761,3.509443521,2.562039137
15:13:11,2.563874722,3.509804249,2.560485363
15:13:11,2.563383818,3.510308743,2.562732697
15:13:11,2.564250708,3.509431601,2.56071043
15:13:11,2.563490868,3.509465694,2.561044931
15:13:11,2.562224865,3.50769043,2.560904741
15:13:12,2.563461542,3.510631084,2.560477018
15:13:12,2.562934875,3.51043725,2.561859131
15:13:12,2.56304884,3.509472132,2.560301065
15:13:12,2.562953949,3.507794857,2.559633017
15:13:12,2.563074589,3.508210421,2.561237574
15:13:12,2.563327551,3.508148432,2.560463667
15:13:12,2.563287973,3.508435488,2.560791492
15:13:12,2.562875986,3.509041071,2.559156656
15:13:12,2.562713385,3.509758711,2.560146809
15:13:12,2.562645435,3.508777857,2.560058832
15:13:12,2.563963413,3.510866404,2.561244011
15:13:12,2.564022779,3.508348703,2.561737537
15:13:12,2.564318895,3.50940299,2.561610937
15:13:12,2.563625336,3.509167433,2.561839342
15:13:12,2.562581301,3.509489298,2.560955048
15:13:12,2.564513206,3.509520054,2.562086582
15:13:12,2.563784838,3.510274172,2.561290264
15:13:12,2.563799381,3.508968592,2.561412573
15:13:12,2.563839912,3.509672642,2.561232328
15:13:12,2.563245058,3.509170771,2.561206341
15:13:12,2.563099861,3.510061979,2.56016922
15:13:12,2.562953234,3.50854373,2.561610937
15:13:12,2.563424349,3.508168459,2.561244726
15:13:12,2.564087629,3.509237289,2.55995059
15:13:12,2.563818693,3.508846521,2.560500622
15:13:12,2.564057112,3.508367777,2.560837507
15:13:12,2.563622475,3.507760763,2.561704397
15:13:12,2.563548326,3.50760746,2.559659481
15:13:12,2.563243866,3.506818295,2.560417175
15:13:12,2.562653303,3.508204699,2.561526537
15:13:12,2.563155174,3.508514881,2.561333418
15:13:12,2.564064264,3.509509563,2.561383486
15:13:12,2.563953638,3.510216713,2.562031031
15:13:12,2.563785553,3.509988308,2.560605764
15:13:12,2.562726736,3.510133743,2.561314821
15:13:12,2.563496828,3.50916028,2.560219765
15:13:12,2.562860727,3.508480072,2.560144901
15:13:12,2.563112974,3.510082006,2.560998678
15:13:12,2.56518364,3.511836052,2.561983347
15:13:12,2.564546585,3.511434078,2.56185317
15:13:12,2.564489365,3.511293411,2.561233997
15:13:12,2.565132141,3.511291981,2.561002731
15:13:12,2.564625502,3.510894537,2.56323266
15:13:12,2.563860416,3.510855675,2.563095093
15:13:12,2.563792706,3.511225939,2.562328577
15:13:12,2.563537836,3.511167765,2.562167883
15:13:12,2.562917948,3.510948658,2.561108112
15:13:12,2.564497709,3.508733034,2.559487343
15:13:12,2.563206673,3.508886576,2.558855295
15:13:12,2.56236124,3.508609772,2.560023308
15:13:12,2.562434435,3.508644581,2.560769796
15:13:12,2.562635899,3.508057117,2.56071043
15:13:12,2.563348532,3.508018494,2.560513258
15:13:12,2.563085318,3.508480072,2.559399128
15:13:12,2.561212778,3.507379293,2.558788538
15:13:12,2.562695026,3.50851059,2.559243441
15:13:12,2.563064814,3.508964062,2.561769724
15:13:12,2.563457251,3.510666609,2.560528517
15:13:12,2.564058542,3.509498596,2.562748671
15:13:12,2.563733339,3.509697914,2.561257839
15:13:12,2.562983036,3.508195877,2.561067581
15:13:12,2.563079834,3.509289503,2.561782837
15:13:12,2.563929558,3.509562016,2.562693119
15:13:12,2.563866138,3.510191917,2.560794353
15:13:12,2.563905239,3.509780884,2.56140995
15:13:12,2.564120531,3.509974003,2.561039686
15:13:12,2.563350201,3.508172035,2.561688423
15:13:12,2.563619137,3.508465528,2.560982227
15:13:12,2.56418395,3.508732319,2.561151505
15:13:12,2.564657211,3.509945393,2.561848402
15:13:12,2.562978983,3.506743908,2.559386492
15:13:12,2.562669039,3.507935047,2.560521841
15:13:12,2.562554836,3.506616354,2.559653521
15:13:12,2.563865662,3.509068251,2.562163353
15:13:12,2.563502312,3.510448456,2.560962439
15:13:12,2.563076735,3.50948,2.560539007
15:13:12,2.563485622,3.509405851,2.560117006
15:13:12,2.563684464,3.508774996,2.561017752
15:13:12,2.563019037,3.508586168,2.560982227
15:13:12,2.563068867,3.509517431,2.560413599
15:13:12,2.563406467,3.510804653,2.560823917
15:13:12,2.562986374,3.510287762,2.561029196
15:13:12,2.564342737,3.511385918,2.561449766
15:13:12,2.564679623,3.510987282,2.561791182
15:13:12,2.565062761,3.510814905,2.562412024
15:13:12,2.56400156,3.510353804,2.56065464
15:13:12,2.564023495,3.510474443,2.561748028
15:13:12,2.56211257,3.50948143,2.561145544
15:13:12,2.562601089,3.509464502,2.560427189
15:13:12,2.562597513,3.509038448,2.561196327
15:13:12,2.563315868,3.50778389,2.560345411
15:13:12,2.563897848,3.508145094,2.560176611
15:13:12,2.562927485,3.508323193,2.560578108
15:13:12,2.563453913,3.508634329,2.561120987
15:13:12,2.562291145,3.507325649,2.561544895
15:13:12,2.562532902,3.507125378,2.559390306
15:13:12,2.562879801,3.508072615,2.559998751
15:13:12,2.563050747,3.508219481,2.560151577
15:13:12,2.563290596,3.510392904,2.562032223
15:13:12,2.564256907,3.509518147,2.5603652
15:13:12,2.564057112,3.508826256,2.561061382
15:13:12,2.563231945,3.506837845,2.560328722
15:13:12,2.563226461,3.507978916,2.560437441
15:13:12,2.562858105,3.508400202,2.561181784
15:13:12,2.563675404,3.508353949,2.561709642
15:13:12,2.562226772,3.510336161,2.56060195
15:13:12,2.562917471,3.509762526,2.560195684
15:13:12,2.563261032,3.509922981,2.560088634
15:13:12,2.563252449,3.510171175,2.560083389
15:13:12,2.563808918,3.509939909,2.561222315
15:13:12,2.56330204,3.509870291,2.561025143
15:13:12,2.563184977,3.509549856,2.560592175
15:13:12,2.563798189,3.510938883,2.560423374
15:13:12,2.563417196,3.51068902,2.560980797
15:13:12,2.563150167,3.510345221,2.559597969
15:13:13,2.564068556,3.510267973,2.561610937
15:13:13,2.56386447,3.509070396,2.560673952
15:13:13,2.56333518,3.510126591,2.559887648
15:13:13,2.563266993,3.51056242,2.559732914
15:13:13,2.56342268,3.510472536,2.560715199
15:13:13,2.563203812,3.510619164,2.560236931
15:13:13,2.563686609,3.510390997,2.559901953
15:13:13,2.563256979,3.509547234,2.560321569
15:13:13,2.563769102,3.508989573,2.560304165
15:13:13,2.563538551,3.508813381,2.560379744
15:13:13,2.563240767,3.509644985,2.560529947
15:13:13,2.563477039,3.509467125,2.559570074
15:13:13,2.562308788,3.508123636,2.560737371
15:13:13,2.564098358,3.509749651,2.560021877
15:13:13,2.562262058,3.508316755,2.559621811
15:13:13,2.562909603,3.507935047,2.560184479
15:13:13,2.562717199,3.507592678,2.560189724
15:13:13,2.562351942,3.507437229,2.560732365
15:13:13,2.564195871,3.508317232,2.561356544
15:13:13,2.563921928,3.507856131,2.560563564
15:13:13,2.563627005,3.507008553,2.560142279
15:13:13,2.564455748,3.509910583,2.561404705
15:13:13,2.563904762,3.510152578,2.560433865
15:13:13,2.56384182,3.510292292,2.560168743
15:13:13,2.563717604,3.50992775,2.560958147
15:13:13,2.563174963,3.509564877,2.562168598
15:13:13,2.56279397,3.507941008,2.56081748
15:13:13,2.562529802,3.50854969,2.559957981
15:13:13,2.56358552,3.509130478,2.560767889
15:13:13,2.563040257,3.509463787,2.56116128
15:13:13,2.562669754,3.508591652,2.560856581
15:13:13,2.563563824,3.50786972,2.561560154
15:13:13,2.562342644,3.5081985,2.560245991
15:13:13,2.562906027,3.509345055,2.559294462
15:13:13,2.562077761,3.50826478,2.559685707
15:13:13,2.56120038,3.507471561,2.559380531
15:13:13,2.561545849,3.507552624,2.559553146
15:13:13,2.561761856,3.508648157,2.558499336
15:13:13,2.561955214,3.508319139,2.559817553
15:13:13,2.562096357,3.507431269,2.558871269
15:13:13,2.562228441,3.507081032,2.558123112
15:13:13,2.56113553,3.507359505,2.559039116
15:13:13,2.561550617,3.506880522,2.558862448
15:13:13,2.561389685,3.507095098,2.559313059
15:13:13,2.562254667,3.507922649,2.561160803
15:13:13,2.562687159,3.508457661,2.559752703
15:13:13,2.561938286,3.509955168,2.560899019
15:13:13,2.562060356,3.508781195,2.560487032
15:13:13,2.562119246,3.508497,2.559955597
15:13:13,2.562456369,3.507424116,2.558519125
15:13:13,2.561304092,3.507571697,2.559080839
15:13:13,2.562069654,3.508210421,2.559541702
15:13:13,2.561833858,3.50837636,2.560607672
15:13:13,2.561342478,3.507161379,2.559043169
15:13:13,2.560930014,3.507661819,2.559300661
15:13:13,2.561582327,3.506035566,2.558631182
15:13:13,2.562487364,3.507055521,2.559998035
15:13:13,2.563272476,3.507289648,2.559310913
15:13:13,2.563367605,3.50865531,2.55992198
15:13:13,2.562467098,3.509189606,2.561443567
15:13:13,2.561228752,3.507001877,2.559120417
15:13:13,2.562012196,3.507199049,2.559189081
15:13:13,2.562939882,3.506759167,2.559408903
15:13:13,2.562193871,3.504948139,2.559649467
15:13:13,2.562381506,3.506657362,2.560738802
15:13:13,2.562905312,3.507803917,2.559395552
15:13:13,2.562860727,3.50795269,2.560448885
15:13:13,2.562645435,3.50747776,2.559553146
15:13:13,2.562846661,3.507558584,2.560779572
15:13:13,2.562679529,3.507321835,2.560176134
15:13:13,2.563038349,3.507849455,2.560878277
15:13:13,2.562342644,3.507755756,2.559759855
15:13:13,2.561893225,3.507673502,2.560351372
15:13:13,2.561845779,3.507635593,2.559450626
15:13:13,2.561367989,3.50633049,2.559217215
15:13:13,2.561670065,3.506979227,2.559976339
15:13:13,2.562336206,3.507247925,2.558975697
15:13:13,2.562554836,3.5087533,2.559408903
15:13:13,2.561828613,3.50983882,2.559344769
15:13:13,2.562640667,3.508597851,2.56046319
15:13:13,2.56222558,3.508590937,2.559411049
15:13:13,2.562585592,3.50607872,2.558982134
15:13:13,2.562751055,3.506345749,2.560034275
15:13:13,2.562159777,3.506839037,2.559134483
15:13:13,2.562966347,3.508806705,2.560269356
15:13:13,2.56289053,3.509549856,2.560451031
15:13:13,2.562162876,3.510254622,2.560222387
15:13:13,2.562711716,3.510041714,2.559227705
15:13:13,2.562102079,3.508666992,2.559473038
15:13:13,2.563047647,3.508876562,2.561291933
15:13:13,2.562896967,3.508900642,2.561481237
15:13:13,2.563116312,3.510331392,2.560464382
15:13:13,2.562475443,3.510661125,2.560846567
15:13:13,2.562892437,3.510294437,2.559657574
15:13:13,2.563365936,3.510988951,2.559658289
15:13:13,2.561655521,3.50844717,2.560036421
15:13:13,2.562254667,3.508067369,2.560609341
15:13:13,2.561852932,3.508400679,2.559041023
15:13:13,2.561983347,3.50878644,2.558646917
15:13:13,2.561697006,3.50829339,2.558306456
15:13:13,2.561639071,3.507683992,2.560096025
15:13:13,2.561986446,3.507832527,2.558965683
15:13:13,2.562167645,3.507785797,2.559015989
15:13:13,2.562639952,3.50734663,2.560443401
15:13:13,2.562762976,3.507549286,2.560107708
15:13:13,2.562435389,3.507013798,2.559178591
15:13:13,2.562087059,3.506891012,2.559672594
15:13:13,2.562312841,3.506596804,2.560636997
15:13:13,2.563023806,3.505717993,2.559224367
15:13:13,2.561563492,3.506106853,2.559974909
15:13:13,2.56141305,3.506523132,2.559279919
15:13:13,2.562454462,3.50774312,2.559692621
15:13:13,2.561909199,3.507582188,2.559884548
15:13:13,2.561674833,3.507080317,2.558066368
15:13:13,2.561436176,3.50770998,2.56030488
15:13:13,2.563183069,3.506782293,2.560321569
15:13:13,2.563730717,3.509157658,2.561654329
15:13:13,2.564135075,3.509109497,2.561646223
15:13:13,2.56452179,3.508903265,2.559891701
15:13:14,2.563046455,3.509762049,2.562015772
15:13:14,2.563675404,3.509034157,2.559988976
15:13:14,2.563554525,3.509106159,2.56031394
15:13:14,2.562381506,3.50941205,2.559789658
15:13:14,2.562942028,3.50887394,2.560417891
15:13:14,2.562347174,3.507914305,2.559524059
15:13:14,2.56203866,3.507508278,2.560377598
15:13:14,2.562830925,3.50971818,2.560976744
15:13:14,2.562752962,3.509813309,2.56133914
15:13:14,2.562280655,3.509072304,2.561359882
15:13:14,2.563436985,3.508430004,2.561811447
15:13:14,2.563319683,3.509207964,2.560863018
15:13:14,2.56381464,3.510578156,2.56071043
15:13:14,2.562266111,3.510875702,2.559748888
15:13:14,2.561903715,3.507101774,2.559460402
15:13:14,2.562134504,3.507482052,2.559411526
15:13:14,2.561140776,3.507030725,2.559639692
15:13:14,2.561426878,3.507512093,2.560293674
15:13:14,2.562180758,3.508205652,2.55980444
15:13:14,2.561818838,3.508111238,2.559331656
15:13:14,2.562209368,3.508795738,2.558117151
15:13:14,2.562421083,3.507624149,2.559175968
15:13:14,2.561172485,3.507305384,2.558933973
15:13:14,2.561612129,3.506139278,2.558991432
15:13:14,2.561662912,3.50631237,2.559705496
15:13:14,2.561181545,3.507008553,2.560097694
15:13:14,2.561818838,3.508308649,2.561337948
15:13:14,2.56269002,3.506960392,2.5601964
15:13:14,2.562589169,3.506415367,2.559667349
15:13:14,2.562606335,3.506263494,2.559728146
15:13:14,2.562188625,3.506147861,2.558589935
15:13:14,2.561029673,3.506316185,2.558914185
15:13:14,2.560796738,3.506659269,2.558976412
15:13:14,2.560650587,3.505993366,2.559933901
15:13:14,2.561593294,3.506762743,2.559678078
15:13:14,2.562864542,3.509769678,2.560417175
15:13:14,2.563335896,3.509823322,2.560350418
15:13:14,2.563532591,3.509346962,2.559015274
15:13:14,2.562525034,3.508495331,2.56009841
15:13:14,2.562193155,3.508052111,2.560506821
15:13:14,2.563121557,3.508361816,2.561155319
15:13:14,2.563200235,3.508730412,2.560353279
15:13:14,2.563651562,3.50842762,2.560417175
15:13:14,2.563760042,3.507687569,2.561461449
15:13:14,2.563405275,3.50936985,2.562109232
15:13:14,2.562711716,3.508760929,2.558544636
15:13:14,2.562128782,3.509074926,2.558785915
15:13:14,2.562128782,3.509728432,2.560266733
15:13:14,2.56251359,3.508639812,2.559659481
15:13:14,2.562471867,3.506834984,2.560005188
15:13:14,2.561940908,3.506818295,2.559648275
15:13:14,2.561260462,3.507036448,2.559942484
15:13:14,2.562487364,3.507111073,2.56015873
15:13:14,2.561405897,3.506250858,2.559033155
15:13:14,2.561243773,3.507498503,2.559366465
15:13:14,2.562058449,3.507169008,2.559182644
15:13:14,2.561983347,3.508174658,2.558459997
15:13:14,2.562467575,3.506611824,2.560270548
15:13:14,2.562039375,3.506769657,2.558928251
15:13:14,2.561675549,3.507960558,2.559752703
15:13:14,2.562651873,3.509511232,2.560533047
15:13:14,2.563170433,3.510351896,2.559983492
15:13:14,2.562258005,3.50854969,2.560737371
15:13:14,2.563220024,3.50865531,2.559209824
15:13:14,2.562061787,3.507615089,2.55978322
15:13:14,2.561362743,3.507429361,2.559135199
15:13:14,2.562159777,3.508402824,2.560309649
15:13:14,2.563981771,3.510233879,2.561070919
15:13:14,2.563480616,3.511363268,2.561061382
15:13:14,2.563419819,3.510070562,2.561961651
15:13:14,2.562444925,3.507797241,2.558671236
15:13:14,2.562651873,3.508683681,2.560518026
15:13:14,2.562435865,3.508956194,2.559986115
15:13:14,2.56209898,3.508571386,2.55878067
15:13:14,2.562668324,3.507851362,2.559413671
15:13:14,2.562191486,3.5093925,2.561257362
15:13:14,2.564202547,3.509887695,2.561116457
15:13:14,2.563824415,3.509888411,2.56118989
15:13:14,2.56440258,3.510920048,2.561610222
15:13:14,2.564744234,3.512188435,2.560171127
15:13:14,2.564015627,3.511679649,2.560688496
15:13:14,2.562086344,3.507046938,2.559347391
15:13:14,2.5617342,3.506017447,2.560212851
15:13:14,2.561818838,3.506500959,2.561739922
15:13:14,2.563187599,3.508206367,2.559941769
15:13:14,2.562390089,3.506862879,2.559776545
15:13:14,2.562878609,3.507953167,2.559612989
15:13:14,2.56278944,3.50699091,2.559745312
15:13:14,2.562875986,3.509157181,2.560762405
15:13:14,2.561794996,3.509521723,2.560763359
15:13:14,2.561710119,3.50851059,2.558318853
15:13:14,2.56303525,3.508989573,2.559402227
15:13:14,2.562031984,3.506533146,2.559682131
15:13:14,2.561894655,3.507601738,2.559172869
15:13:14,2.561880827,3.507755041,2.559622288
15:13:14,2.561751366,3.508738279,2.559654713
15:13:14,2.562811613,3.508783102,2.558906317
15:13:14,2.562436581,3.507839203,2.559905529
15:13:14,2.561469078,3.505274296,2.558879137
15:13:14,2.561376095,3.50697732,2.5583179
15:13:14,2.562099934,3.508497477,2.558979034
15:13:14,2.562275171,3.508553505,2.559349537
15:13:14,2.562636614,3.508009434,2.56129384
15:13:14,2.561335087,3.507563591,2.560675859
15:13:14,2.562435389,3.506343603,2.559274435
15:13:14,2.562744379,3.507514238,2.560290575
15:13:14,2.562949181,3.50830698,2.560556889
15:13:14,2.563032389,3.508506775,2.559899092
15:13:14,2.562704086,3.508378267,2.559306383
15:13:14,2.562452793,3.509548664,2.55913949
15:13:14,2.562418699,3.508648872,2.560076714
15:13:14,2.562555313,3.507790089,2.56035471
15:13:14,2.563391924,3.50744915,2.560578108
15:13:14,2.562421799,3.506516457,2.560509682
15:13:14,2.56384182,3.507960081,2.559867382
15:13:14,2.56147027,3.506824493,2.558934689
15:13:15,2.561972141,3.506785393,2.559111357
15:13:15,2.56098175,3.50738287,2.559037209
15:13:15,2.561066628,3.508100271,2.559715509
15:13:15,2.562896967,3.508866072,2.56030488
15:13:15,2.56294775,3.509166956,2.56028223
15:13:15,2.56180954,3.509187698,2.560918808
15:13:15,2.562207222,3.509215593,2.55929637
15:13:15,2.562236786,3.50921464,2.558797836
15:13:15,2.56250453,3.509851456,2.559930086
15:13:15,2.561430931,3.508419275,2.559417486
15:13:15,2.562629223,3.507476568,2.55967021
15:13:15,2.562776804,3.507597208,2.559984207
15:13:15,2.562270641,3.506976604,2.559655428
15:13:15,2.562093496,3.507430553,2.558923483
15:13:15,2.56105113,3.506364107,2.559742928
15:13:15,2.561665297,3.506122589,2.558793306
15:13:15,2.5607059,3.505531549,2.559389114
15:13:15,2.562201262,3.508405447,2.559252024
15:13:15,2.561271191,3.508507252,2.55978322
15:13:15,2.562207699,3.508622169,2.559859037
15:13:15,2.562281847,3.508977652,2.55988574
15:13:15,2.562470675,3.507396221,2.559947968
15:13:15,2.562800646,3.508237123,2.560832739
15:13:15,2.562297821,3.508717775,2.559643507
15:13:15,2.56286788,3.509701252,2.560094833
15:13:15,2.563626528,3.508038759,2.558908224
15:13:15,2.562922716,3.509410858,2.560791016
15:13:15,2.562958479,3.508832932,2.559776068
15:13:15,2.563645601,3.509977818,2.560027122
15:13:15,2.56333828,3.50842452,2.55937767
15:13:15,2.563150167,3.508483648,2.56135726
15:13:15,2.56107688,3.507991076,2.559862375
15:13:15,2.562077761,3.507621288,2.559449196
15:13:15,2.56250596,3.507686853,2.559185505
15:13:15,2.561716795,3.509136915,2.560065985
15:13:15,2.563105106,3.508315563,2.559571505
15:13:15,2.562024117,3.508573771,2.559830666
15:13:15,2.562404871,3.507942915,2.558809757
15:13:15,2.562584877,3.507456779,2.558762074
15:13:15,2.562695026,3.508270264,2.560655355
15:13:15,2.563287973,3.50613308,2.559978962
15:13:15,2.562782764,3.507666826,2.559251547
15:13:15,2.563148022,3.506815434,2.560295582
15:13:15,2.563112259,3.508929253,2.559639215
15:13:15,2.562198639,3.507458925,2.559043646
15:13:15,2.562697411,3.507785797,2.55946517
15:13:15,2.562154293,3.507853985,2.560294867
15:13:15,2.562627316,3.508183718,2.560100079
15:13:15,2.561787844,3.507413626,2.559425831
15:13:15,2.562019348,3.507756948,2.558992863
15:13:15,2.561933756,3.506679773,2.559473038
15:13:15,2.562009573,3.506748199,2.558878422
15:13:15,2.562427282,3.508067369,2.559604645
15:13:15,2.562733173,3.50700736,2.5591681
15:13:15,2.56214118,3.506722689,2.559575558
15:13:15,2.561701775,3.509259462,2.561160088
15:13:15,2.564421415,3.510962963,2.562314034
15:13:15,2.564979076,3.510169744,2.562544823
15:13:15,2.563571692,3.511203051,2.560706854
15:13:15,2.563635588,3.511327267,2.561208963
15:13:15,2.563629627,3.512027979,2.561200619
15:13:15,2.565069437,3.51256609,2.562307596
15:13:15,2.564624071,3.512206554,2.561651468
15:13:15,2.56387043,3.511044502,2.561308622
15:13:15,2.564258575,3.510323048,2.562795401
15:13:15,2.563856125,3.509568214,2.562796831
15:13:15,2.564170122,3.509963512,2.561419249
15:13:15,2.56378293,3.511638403,2.561940432
15:13:15,2.563483,3.511469841,2.56198287
15:13:15,2.563685179,3.511363745,2.560047626
15:13:15,2.563514709,3.510898352,2.56194973
15:13:15,2.562758446,3.51006937,2.561026335
15:13:15,2.563447237,3.509129047,2.561721325
15:13:15,2.563839912,3.507484674,2.560412884
15:13:15,2.562450171,3.507366896,2.561536312
15:13:15,2.563269615,3.508472681,2.561948299
15:13:15,2.563621759,3.507221937,2.561225414
15:13:15,2.562861919,3.507934332,2.560623646
15:13:15,2.561995268,3.507674217,2.560417891
15:13:15,2.562836885,3.508909702,2.561005831
15:13:15,2.562797308,3.50881052,2.559629679
15:13:15,2.56209898,3.509304047,2.559936523
15:13:15,2.562609434,3.509278536,2.560102701
15:13:15,2.562796593,3.508509874,2.559913874
15:13:15,2.563758612,3.509454012,2.561318159
15:13:15,2.563664913,3.509038448,2.560946226
15:13:15,2.562996387,3.509604692,2.562129021
15:13:15,2.563707113,3.510941505,2.560261488
15:13:15,2.563308477,3.511072636,2.560455799
15:13:15,2.563010693,3.510239363,2.559949875
15:13:15,2.561594725,3.509215117,2.560376406
15:13:15,2.563275576,3.508720636,2.559414148
15:13:15,2.562600374,3.507144451,2.560833216
15:13:15,2.563718319,3.507550955,2.561490297
15:13:15,2.563483477,3.507674217,2.561778545
15:13:15,2.564339399,3.508490801,2.560607195
15:13:15,2.564126492,3.508628607,2.561605453
15:13:15,2.563529253,3.509007215,2.560679913
15:13:15,2.564340591,3.509761333,2.560213566
15:13:15,2.563396454,3.509036541,2.561102629
15:13:15,2.563024521,3.509008408,2.561748028
15:13:15,2.563643694,3.509851456,2.561803579
15:13:15,2.564180136,3.509448767,2.561888933
15:13:15,2.56428051,3.51117444,2.562458754
15:13:15,2.563767195,3.509677649,2.561729431
15:13:15,2.563262463,3.50954318,2.560269833
15:13:15,2.563365936,3.509571314,2.559735298
15:13:15,2.56420064,3.509723663,2.559732437
15:13:15,2.562799215,3.508768797,2.559256077
15:13:15,2.562018633,3.508985996,2.558232307
15:13:15,2.561453342,3.507546663,2.55995512
15:13:15,2.562782049,3.50809288,2.560916662
15:13:15,2.562446356,3.507372379,2.560783148
15:13:15,2.561511517,3.507691145,2.557951212
15:13:15,2.561255693,3.507561922,2.560080051
15:13:15,2.561429501,3.509808779,2.55943346
15:13:15,2.561633825,3.507632971,2.558905602
15:13:15,2.561965227,3.50756073,2.559494257
15:13:15,2.562455654,3.5085392,2.560563564
15:13:16,2.561879396,3.507901669,2.560811281
15:13:16,2.561361551,3.507640839,2.560244083
15:13:16,2.56069088,3.506798267,2.560932636
15:13:16,2.562011003,3.509666681,2.559839964
15:13:16,2.56296587,3.510775089,2.559943676
15:13:16,2.563619852,3.511049271,2.561855078
15:13:16,2.563181877,3.511205912,2.561351061
15:13:16,2.563700438,3.509725332,2.561154127
15:13:16,2.563814163,3.509614468,2.5602355
15:13:16,2.563806772,3.509046316,2.562890768
15:13:16,2.562140465,3.50736022,2.560670853
15:13:16,2.562498093,3.505998611,2.559937239
15:13:16,2.56202364,3.507182121,2.55956769
15:13:16,2.562856436,3.508400679,2.560585976
15:13:16,2.562168837,3.506697416,2.557652235
15:13:16,2.562412739,3.507204294,2.559326887
15:13:16,2.563203812,3.506364107,2.559926033
15:13:16,2.562571287,3.506859303,2.560106039
15:13:16,2.562249422,3.505975723,2.55936265
15:13:16,2.561396837,3.50687623,2.560621977
15:13:16,2.563049555,3.507194519,2.558882475
15:13:16,2.561308622,3.507379293,2.560334682
15:13:16,2.562019348,3.506284237,2.560210943
15:13:16,2.562357187,3.505694389,2.560194492
15:13:16,2.562484503,3.508650064,2.559416533
15:13:16,2.562128782,3.507567644,2.560833216
15:13:16,2.561717272,3.507146835,2.559252024
15:13:16,2.561742067,3.506804228,2.558627844
15:13:16,2.563281536,3.508961916,2.560427904
15:13:16,2.563676834,3.510122538,2.561333895
15:13:16,2.563129663,3.510019064,2.561187983
15:13:16,2.56408143,3.509799004,2.56216383
15:13:16,2.564262629,3.509919643,2.560880423
15:13:16,2.562647104,3.510387421,2.561040401
15:13:16,2.563866854,3.510212183,2.560207844
15:13:16,2.562371016,3.507938862,2.561608315
15:13:16,2.562832117,3.507387161,2.56095314
15:13:16,2.563799381,3.508434296,2.560512543
15:13:16,2.563200951,3.510527134,2.560571432
15:13:16,2.563606262,3.509316444,2.561044216
15:13:16,2.56402421,3.509298563,2.561738014
15:13:16,2.563741922,3.509346962,2.560949087
15:13:16,2.563595533,3.509465694,2.559829473
15:13:16,2.563127756,3.510316372,2.560198545
15:13:16,2.563019753,3.510409117,2.560220242
15:13:16,2.562712669,3.508793831,2.560221434
15:13:16,2.563153267,3.508864164,2.561817408
15:13:16,2.563310623,3.509697914,2.56060648
15:13:16,2.564659357,3.510649443,2.561220884
15:13:16,2.56248188,3.509147406,2.559126377
15:13:16,2.561944962,3.51036787,2.559709787
15:13:16,2.561491013,3.50954318,2.558815479
15:13:16,2.562850952,3.508468151,2.560577393
15:13:16,2.562528849,3.507649183,2.560915232
15:13:16,2.562075138,3.507954597,2.561894655
15:13:16,2.56327033,3.506981611,2.561275005
15:13:16,2.56202817,3.508192778,2.559525967
15:13:16,2.562435865,3.508258581,2.558701754
15:13:16,2.561820507,3.509395838,2.55973959
15:13:16,2.561844587,3.508212328,2.559830189
15:13:16,2.561624527,3.508223534,2.559666634
15:13:16,2.561638355,3.507755756,2.559089422
15:13:16,2.562927961,3.508490324,2.560689926
15:13:16,2.56224227,3.507358789,2.561435938
15:13:16,2.562267303,3.506743908,2.559664011
15:13:16,2.561908722,3.507876396,2.559576035
15:13:16,2.562687159,3.507864475,2.559886456
15:13:16,2.562636614,3.509219646,2.560100079
15:13:16,2.562369108,3.508883715,2.560090542
15:13:16,2.562245369,3.507461309,2.560216427
15:13:16,2.562632084,3.509896278,2.560558319
15:13:16,2.563196898,3.510876894,2.560292959
15:13:16,2.562772751,3.511157513,2.560392857
15:13:16,2.563371181,3.508778572,2.562040806
15:13:16,2.562998533,3.508482456,2.561051369
15:13:16,2.563334227,3.508441448,2.562124252
15:13:16,2.56325531,3.508984089,2.561904192
15:13:16,2.562129259,3.508072615,2.55967021
15:13:16,2.562667608,3.508277416,2.561127186
15:13:16,2.562730312,3.508657217,2.559306383
15:13:16,2.56182313,3.507529736,2.558681965
15:13:16,2.562428474,3.506974459,2.559182644
15:13:16,2.561858416,3.506503582,2.560901642
15:13:16,2.561808348,3.508157492,2.559281826
15:13:16,2.562844753,3.507906437,2.559249878
15:13:16,2.561917067,3.50703907,2.558966398
15:13:16,2.561530113,3.506025791,2.560567617
15:13:16,2.562037945,3.507295132,2.558053732
15:13:16,2.562015772,3.507033825,2.559938431
15:13:16,2.561389208,3.506775141,2.559960604
15:13:16,2.562147856,3.507303476,2.559841394
15:13:16,2.562358379,3.507894754,2.558221102
15:13:16,2.562321424,3.508259296,2.559543133
15:13:16,2.562316895,3.509660721,2.558529139
15:13:16,2.561861515,3.507171869,2.559307098
15:13:16,2.561424255,3.509193182,2.559812307
15:13:16,2.561946154,3.508634329,2.559365749
15:13:16,2.562544823,3.508450508,2.560240984
15:13:16,2.562613726,3.508740187,2.55999279
15:13:16,2.562607527,3.50915432,2.561293125
15:13:16,2.564051628,3.509697199,2.562204361
15:13:16,2.564528227,3.511084318,2.56024003
15:13:16,2.563972712,3.510828733,2.560543776
15:13:16,2.563923836,3.511165142,2.562133312
15:13:16,2.563415527,3.510573387,2.559888363
15:13:16,2.563174963,3.509803534,2.56016922
15:13:16,2.563913822,3.509677172,2.560367584
15:13:16,2.563695192,3.508956909,2.560446501
15:13:16,2.561835766,3.506173372,2.559724331
15:13:16,2.561974764,3.506349087,2.559696436
15:13:16,2.5625453,3.507063866,2.560633659
15:13:16,2.562090158,3.507162571,2.559354544
15:13:16,2.563239098,3.508127451,2.559588671
15:13:16,2.562373161,3.507428646,2.560476303
15:13:16,2.562584877,3.507169485,2.560349226
15:13:17,2.563191175,3.506971359,2.558206558
15:13:17,2.561282873,3.507948637,2.561582804
15:13:17,2.562904835,3.508415222,2.560739517
15:13:17,2.563159466,3.508114338,2.561426401
15:13:17,2.563738346,3.509226799,2.56067276
15:13:17,2.563942909,3.509774446,2.559662819
15:13:17,2.563128471,3.509186983,2.561302185
15:13:17,2.56291604,3.509808064,2.560176611
15:13:17,2.563732147,3.510252714,2.561079264
15:13:17,2.563636303,3.51032877,2.561318636
15:13:17,2.564283848,3.510739803,2.561208248
15:13:17,2.564333916,3.510730028,2.562072754
15:13:17,2.564590454,3.509811401,2.561831236
15:13:17,2.563704967,3.510749102,2.562512636
15:13:17,2.563337803,3.509346962,2.561002731
15:13:17,2.56355381,3.509052515,2.560454369
15:13:17,2.563331604,3.510686398,2.562207699
15:13:17,2.562965155,3.511409521,2.559798479
15:13:17,2.56402421,3.512070894,2.561849117
15:13:17,2.563939571,3.51021862,2.561029673
15:13:17,2.563731194,3.510019064,2.560229778
15:13:17,2.564325571,3.510610104,2.561207056
15:13:17,2.564069748,3.510283232,2.560748577
15:13:17,2.563544035,3.509039164,2.562280178
15:13:17,2.563399315,3.510003328,2.56193614
15:13:17,2.563263655,3.507728815,2.560365677
15:13:17,2.562652588,3.508757114,2.560976028
15:13:17,2.563304186,3.508263111,2.560639381
15:13:17,2.56307888,3.508532524,2.559914827
15:13:17,2.563414335,3.509217739,2.560288906
15:13:17,2.562786579,3.508806705,2.559194565
15:13:17,2.562797785,3.509288073,2.560331345
15:13:17,2.563029766,3.50805831,2.561031818
15:13:17,2.56315732,3.509488583,2.561324835
15:13:17,2.563555717,3.507931232,2.560275793
15:13:17,2.562860727,3.507761478,2.559514523
15:13:17,2.563115835,3.508100748,2.560527086
15:13:17,2.563298702,3.508529425,2.559859991
15:13:17,2.563880682,3.508021593,2.559808254
15:13:17,2.562462091,3.507743835,2.559626579
15:13:17,2.561917782,3.506502867,2.559298992
15:13:17,2.562415838,3.506390095,2.55984807
15:13:17,2.562281847,3.508409977,2.559792519
15:13:17,2.56210947,3.507999182,2.558249474
15:13:17,2.561928272,3.508991957,2.558881044
15:13:17,2.561280966,3.508804321,2.559938431
15:13:17,2.562354565,3.509397268,2.562210321
15:13:17,2.563997269,3.509964943,2.562303543
15:13:17,2.563701153,3.510435343,2.561365843
15:13:17,2.563360929,3.509001017,2.56135726
15:13:17,2.562388182,3.510196447,2.559381247
15:13:17,2.562698603,3.510334969,2.560200453
15:13:17,2.562398434,3.509056568,2.559244156
15:13:17,2.562299728,3.508043289,2.559666157
15:13:17,2.562259436,3.507625103,2.560192585
15:13:17,2.562495232,3.50868845,2.561124325
15:13:17,2.562806606,3.508665085,2.56125474
15:13:17,2.562842131,3.510215998,2.561021328
15:13:17,2.563707113,3.50996995,2.559772491
15:13:17,2.562520504,3.510688543,2.561166048
15:13:17,2.564356565,3.510105133,2.561621666
15:13:17,2.564378262,3.50997591,2.562204361
15:13:17,2.56453228,3.510304689,2.562514782
15:13:17,2.563970804,3.510233879,2.561068058
15:13:17,2.564349413,3.509207249,2.560740709
15:13:17,2.564404488,3.508856297,2.561197042
15:13:17,2.563185692,3.508435488,2.561504602
15:13:17,2.562447786,3.508520365,2.561036825
15:13:17,2.562562227,3.508825779,2.560741425
15:13:17,2.562328815,3.508390427,2.558663607
15:13:17,2.563979149,3.509070873,2.560387373
15:13:17,2.562526941,3.508272409,2.559413671
15:13:17,2.562822104,3.508649588,2.560469627
15:13:17,2.563503981,3.508194208,2.560561657
15:13:17,2.562717199,3.508025646,2.560729504
15:13:17,2.561827898,3.507252455,2.560395002
15:13:17,2.562736511,3.508768082,2.55944705
15:13:17,2.564715862,3.508240461,2.560285807
15:13:17,2.562507868,3.507902145,2.560409307
15:13:17,2.562869072,3.507540941,2.558277369
15:13:17,2.561821938,3.507420063,2.559504271
15:13:17,2.563229322,3.508915901,2.560093403
15:13:17,2.562670946,3.50808692,2.560429096
15:13:17,2.562075615,3.509445429,2.560490608
15:13:17,2.563687086,3.50893116,2.560578823
15:13:17,2.562679529,3.507837057,2.561734915
15:13:17,2.561880827,3.507423401,2.561296225
15:13:17,2.562908173,3.508231878,2.560308933
15:13:17,2.5632689,3.51008749,2.559972286
15:13:17,2.5620718,3.510506392,2.559742212
15:13:17,2.562381029,3.510022879,2.56007576
15:13:17,2.56294322,3.510264397,2.560901642
15:13:17,2.562787533,3.510081291,2.560384989
15:13:17,2.562644005,3.509261608,2.560375452
15:13:17,2.561943531,3.508346081,2.560345411
15:13:17,2.562543392,3.507846832,2.560082912
15:13:17,2.562994719,3.507441759,2.56143713
15:13:17,2.563136816,3.508623838,2.559304237
15:13:17,2.5633986,3.508144379,2.559375048
15:13:17,2.563760042,3.509456635,2.559556246
15:13:17,2.563566685,3.508970499,2.56059742
15:13:17,2.562906027,3.508886576,2.560389042
15:13:17,2.562344551,3.508847713,2.56030035
15:13:17,2.562786579,3.509080648,2.561500072
15:13:17,2.562012196,3.508712292,2.561318636
15:13:17,2.562643528,3.509031057,2.561062098
15:13:17,2.562860012,3.509289503,2.560673475
15:13:17,2.56325984,3.509469032,2.561682463
15:13:17,2.563714266,3.510007858,2.561709642
15:13:17,2.563631058,3.509903431,2.561048985
15:13:17,2.563403606,3.509188414,2.560467005
15:13:17,2.563426256,3.510167837,2.559212446
15:13:17,2.562662601,3.509205818,2.562057495
15:13:17,2.562625647,3.508776665,2.559434652
15:13:17,2.56295681,3.508973837,2.559566975
15:13:17,2.562503576,3.508850336,2.559076071
15:13:17,2.563651562,3.509469032,2.560403585
15:13:17,2.563566208,3.508912325,2.56081748
15:13:17,2.563302517,3.509880066,2.561001301
15:13:18,2.56311059,3.508753777,2.561222315
15:13:18,2.563389301,3.509215593,2.562077284
15:13:18,2.562839508,3.509684801,2.559827566
15:13:18,2.563494921,3.507868528,2.560185432
15:13:18,2.56307888,3.508883715,2.560268641
15:13:18,2.563349485,3.508294106,2.561478853
15:13:18,2.562869072,3.507983208,2.560488224
15:13:18,2.562634706,3.508474588,2.559999943
15:13:18,2.563763142,3.508633137,2.561326027
15:13:18,2.562162161,3.506906033,2.561098099
15:13:18,2.562947035,3.507221937,2.559798479
15:13:18,2.564295769,3.509534836,2.561120272
15:13:18,2.563885212,3.509966135,2.560979605
15:13:18,2.56345439,3.509934902,2.5620718
15:13:18,2.562765598,3.510753155,2.561769247
15:13:18,2.563373327,3.510429382,2.560983419
15:13:18,2.563274384,3.511719227,2.560782433
15:13:18,2.562752247,3.511355877,2.560690641
15:13:18,2.563859701,3.509577274,2.560345888
15:13:18,2.562620878,3.509108067,2.560383797
15:13:18,2.562966347,3.509140253,2.560706139
15:13:18,2.564629316,3.511692286,2.5629251
15:13:18,2.564408064,3.511199236,2.56173563
15:13:18,2.565094471,3.512502193,2.561392784
15:13:18,2.564809799,3.512815237,2.562390089
15:13:18,2.563591242,3.511134624,2.562073946
15:13:18,2.56362772,3.510466099,2.561686516
15:13:18,2.563497543,3.510411739,2.561865568
15:13:18,2.563423634,3.510399342,2.562251329
15:13:18,2.563749313,3.507671595,2.559873104
15:13:18,2.562373161,3.508260489,2.560524464
15:13:18,2.5627563,3.5085392,2.560625553
15:13:18,2.562943935,3.508579016,2.560294151
15:13:18,2.563292742,3.508790255,2.562532187
15:13:18,2.564900875,3.511176348,2.562812805
15:13:18,2.564409971,3.510203838,2.561424494
15:13:18,2.564259291,3.510005236,2.561120272
15:13:18,2.563816547,3.508657217,2.558790684
15:13:18,2.564054489,3.508081913,2.561088324
15:13:18,2.563866854,3.509418249,2.561613083
15:13:18,2.564409971,3.508995771,2.560827494
15:13:18,2.564747572,3.508618355,2.562935114
15:13:18,2.564047337,3.510140419,2.561012506
15:13:18,2.564378977,3.510079622,2.561074018
15:13:18,2.563841105,3.511147738,2.560457945
15:13:18,2.564092875,3.510414362,2.561521292
15:13:18,2.564451218,3.508987427,2.560386896
15:13:18,2.564209938,3.50914073,2.561240673
15:13:18,2.563309908,3.508717299,2.560785055
15:13:18,2.562896967,3.509176731,2.560277939
15:13:18,2.563312531,3.509016275,2.55995369
15:13:18,2.562425852,3.508622169,2.562109232
15:13:18,2.563944817,3.508766174,2.560052395
15:13:18,2.564629316,3.511177063,2.561067581
15:13:18,2.565503597,3.511469841,2.563130379
15:13:18,2.564723015,3.510030746,2.561970234
15:13:18,2.564450502,3.510610104,2.562819958
15:13:18,2.564231634,3.510432005,2.562581062
15:13:18,2.564578295,3.510483027,2.561255932
15:13:18,2.563955545,3.510914087,2.560557604
15:13:18,2.562822819,3.510052681,2.561533689
15:13:18,2.564406872,3.510920763,2.560652018
15:13:18,2.563345671,3.508554935,2.560837507
15:13:18,2.56442976,3.509790659,2.562312126
15:13:18,2.56538868,3.510461092,2.561733246
15:13:18,2.563613415,3.510484934,2.561500072
15:13:18,2.563494921,3.50877738,2.560697079
15:13:18,2.562313557,3.50855875,2.559012651
15:13:18,2.561934233,3.508816719,2.559341431
15:13:18,2.562071085,3.508995771,2.559345961
15:13:18,2.56196785,3.508953571,2.56074214
15:13:18,2.562593222,3.509298563,2.560642242
15:13:18,2.562522888,3.508689165,2.560397387
15:13:18,2.563180447,3.508949041,2.560777903
15:13:18,2.563397646,3.509585142,2.560917377
15:13:18,2.562770128,3.509178638,2.559824228
15:13:18,2.56368804,3.508926153,2.559429407
15:13:18,2.563233376,3.508507967,2.561583519
15:13:18,2.562569857,3.508308649,2.560619116
15:13:18,2.563284159,3.509480715,2.560723543
15:13:18,2.564269781,3.509430408,2.560703278
15:13:18,2.56536603,3.510763645,2.561552286
15:13:18,2.564759016,3.511070251,2.562106371
15:13:18,2.564764738,3.510287046,2.563402176
15:13:18,2.564197063,3.509495735,2.5625422
15:13:18,2.564217806,3.510491371,2.56246233
15:13:18,2.564463139,3.509701252,2.562309265
15:13:18,2.563469172,3.509887695,2.563110352
15:13:18,2.564212561,3.511296988,2.561851263
15:13:18,2.564205408,3.509979725,2.561355829
15:13:18,2.563139439,3.509661436,2.560636997
15:13:18,2.563140392,3.508452415,2.56144166
15:13:18,2.563113451,3.509851933,2.561008453
15:13:18,2.563410282,3.508646965,2.560566902
15:13:18,2.56385684,3.50946641,2.56177187
15:13:18,2.562790155,3.508909702,2.561092615
15:13:18,2.562523603,3.508512974,2.560587406
15:13:18,2.562966824,3.509701252,2.561698914
15:13:18,2.562967539,3.509435177,2.559807062
15:13:18,2.563732147,3.509795427,2.561778545
15:13:18,2.564154863,3.508705378,2.560539007
15:13:18,2.563273668,3.508713484,2.560263157
15:13:18,2.562985659,3.509660244,2.559936523
15:13:18,2.56313324,3.509886503,2.56156373
15:13:18,2.563635111,3.509858847,2.561053038
15:13:18,2.563424349,3.509843588,2.561242819
15:13:18,2.563220024,3.509913206,2.560755253
15:13:18,2.563202143,3.510615349,2.559957981
15:13:18,2.5627141,3.509549379,2.560271502
15:13:18,2.563947439,3.509797096,2.561880827
15:13:18,2.563601971,3.510245323,2.561420679
15:13:18,2.563559055,3.509678364,2.561404228
15:13:18,2.563240767,3.510501146,2.561896801
15:13:18,2.562804461,3.509819269,2.559958458
15:13:18,2.563393116,3.509552956,2.560959816
15:13:18,2.562440157,3.50915432,2.560727596
15:13:19,2.563820839,3.509619236,2.560334682
15:13:19,2.562552214,3.509905338,2.560492754
15:13:19,2.563528538,3.509614468,2.56071043
15:13:19,2.56333828,3.5085392,2.561563969
15:13:19,2.563327551,3.509730816,2.560779095
15:13:19,2.56333828,3.509073019,2.560247421
15:13:19,2.56257391,3.508952141,2.561378241
15:13:19,2.56311965,3.508738995,2.561851978
15:13:19,2.563289404,3.508686543,2.561636925
15:13:19,2.563534975,3.509096384,2.561480761
15:13:19,2.563472986,3.508789778,2.560343266
15:13:19,2.563482523,3.508785248,2.56198144
15:13:19,2.563465834,3.509063244,2.562353134
15:13:19,2.564355373,3.50960207,2.561720133
15:13:19,2.563503027,3.510165691,2.562204838
15:13:19,2.564005613,3.510779142,2.561579227
15:13:19,2.562892437,3.509797096,2.561138391
15:13:19,2.564331293,3.510747671,2.562323809
15:13:19,2.565176964,3.510907412,2.561972141
15:13:19,2.563973904,3.510138512,2.562363625
15:13:19,2.564489365,3.509887695,2.562031746
15:13:19,2.563891411,3.51034832,2.561789036
15:13:19,2.563874245,3.510646582,2.56165266
15:13:19,2.56408143,3.510351896,2.561597109
15:13:19,2.563476324,3.509732008,2.562677145
15:13:19,2.563642263,3.509774446,2.560884714
15:13:19,2.563312531,3.510332823,2.56119895
15:13:19,2.564470768,3.510612726,2.560754776
15:13:19,2.56326437,3.509856939,2.560798407
15:13:19,2.562888384,3.510013103,2.560738802
15:13:19,2.562952042,3.510131359,2.561459064
15:13:19,2.563482523,3.509912014,2.561818838
15:13:19,2.563577414,3.509778976,2.561619043
15:13:19,2.56352663,3.509780169,2.562208891
15:13:19,2.563889503,3.509699345,2.562238693
15:13:19,2.563771248,3.509810686,2.561106443
15:13:19,2.563319683,3.509716272,2.561475515
15:13:19,2.563475132,3.509016275,2.560379028
15:13:19,2.562775612,3.508538485,2.561865091
15:13:19,2.562748909,3.509793282,2.559246302
15:13:19,2.562871218,3.508723259,2.55988574
15:13:19,2.563802242,3.508455753,2.559648991
15:13:19,2.562946558,3.509744883,2.560636282
15:13:19,2.563666821,3.511179209,2.56103301
15:13:19,2.563068867,3.51054287,2.561262608
15:13:19,2.562765598,3.510298967,2.5607903
15:13:19,2.563738823,3.509687424,2.560542345
15:13:19,2.56344533,3.509833813,2.561387539
15:13:19,2.564981461,3.511060953,2.562482119
15:13:19,2.56354332,3.509714842,2.561669827
15:13:19,2.563625813,3.510558605,2.560691833
15:13:19,2.563994408,3.510086775,2.561719418
15:13:19,2.562673569,3.509641886,2.560575485
15:13:19,2.563116312,3.509524345,2.561124325
15:13:19,2.562449217,3.509376287,2.560524464
15:13:19,2.562627316,3.509669304,2.559326887
15:13:19,2.562695026,3.509342432,2.559796333
15:13:19,2.563301325,3.508897543,2.560476303
15:13:19,2.563177109,3.509334564,2.55958128
15:13:19,2.562946558,3.509159803,2.560968161
15:13:19,2.562003851,3.50799489,2.559673309
15:13:19,2.562167645,3.508200645,2.559833288
15:13:19,2.563041687,3.508843184,2.560551405
15:13:19,2.563272476,3.508098841,2.561819315
15:13:19,2.563042402,3.508966446,2.560839415
15:13:19,2.564759731,3.508358002,2.560636282
15:13:19,2.563362837,3.509530783,2.561590672
15:13:19,2.562904358,3.509986401,2.560334206
15:13:19,2.56334877,3.509168148,2.56017065
15:13:19,2.562529802,3.508251429,2.56094265
15:13:19,2.562791824,3.508298874,2.561177254
15:13:19,2.562879086,3.509083986,2.561085463
15:13:19,2.563209534,3.509301901,2.562030315
15:13:19,2.562846661,3.508805513,2.559815645
15:13:19,2.562713385,3.509093761,2.56035924
15:13:19,2.563365459,3.510108948,2.56031394
15:13:19,2.5623281,3.510024786,2.560142994
15:13:19,2.5636549,3.507888079,2.56035471
15:13:19,2.563196182,3.508270264,2.559936047
15:13:19,2.563437462,3.508811235,2.560004473
15:13:19,2.56254673,3.508667707,2.559808254
15:13:19,2.563391924,3.509364605,2.559921265
15:13:19,2.562427282,3.509697914,2.559328794
15:13:19,2.563432693,3.509959459,2.561295509
15:13:19,2.563105106,3.510053396,2.561608315
15:13:19,2.56374383,3.51037693,2.560773849
15:13:19,2.56315732,3.508731127,2.561764479
15:13:19,2.563848972,3.508968592,2.56167841
15:13:19,2.563773632,3.510016203,2.560559511
15:13:19,2.563226461,3.508817673,2.561564684
15:13:19,2.562071085,3.509292126,2.561674595
15:13:19,2.563261747,3.507338285,2.561322927
15:13:19,2.564632177,3.509887695,2.560960531
15:13:19,2.563841105,3.50806284,2.559879303
15:13:19,2.563440084,3.507276058,2.560992718
15:13:19,2.56298852,3.508664131,2.560458183
15:13:19,2.562376976,3.507823467,2.560132265
15:13:19,2.562507868,3.508808613,2.560710907
15:13:19,2.56333828,3.508620739,2.562034369
15:13:19,2.564042568,3.509707689,2.562103271
15:13:19,2.563774824,3.509658337,2.560987473
15:13:19,2.562968254,3.508915901,2.561790466
15:13:19,2.562846661,3.509643078,2.561671734
15:13:19,2.562904835,3.508438826,2.560579538
15:13:19,2.563026428,3.508606911,2.56116724
15:13:19,2.563108683,3.509732008,2.56113553
15:13:19,2.562604189,3.509975195,2.559731007
15:13:19,2.562977552,3.509721518,2.560347319
15:13:19,2.564119339,3.508528233,2.559648991
15:13:19,2.563547611,3.508388996,2.56132412
15:13:19,2.562953234,3.509379625,2.56003499
15:13:19,2.56428051,3.510003328,2.562242031
15:13:19,2.563559532,3.510590553,2.562102318
15:13:19,2.564164639,3.509724617,2.561879635
15:13:19,2.563091278,3.509026051,2.561240196
15:13:19,2.563254595,3.508478165,2.559872389
15:13:19,2.563139439,3.508832216,2.560168743
15:13:19,2.563853264,3.509780884,2.560827494
15:13:19,2.563136101,3.510015726,2.559981585
15:13:20,2.563952208,3.511487722,2.561150789
15:13:20,2.56339097,3.511538506,2.560075998
15:13:20,2.563102484,3.510383129,2.561443567
15:13:20,2.563074112,3.508976936,2.560530424
15:13:20,2.562431097,3.508874655,2.560898304
15:13:20,2.563122988,3.508167267,2.560334682
15:13:20,2.562360525,3.508821011,2.561866283
15:13:20,2.562939882,3.510504484,2.56025672
15:13:20,2.562106133,3.509512663,2.56020093
15:13:20,2.562736511,3.509290218,2.560758591
15:13:20,2.563322544,3.51010704,2.560539007
15:13:20,2.562939405,3.509793758,2.560130358
15:13:20,2.561575413,3.509215117,2.559795141
15:13:20,2.562591791,3.5085392,2.560393572
15:13:20,2.563359261,3.508770227,2.561478138
15:13:20,2.563084126,3.50861764,2.560435295
15:13:20,2.562741518,3.508435488,2.561909437
15:13:20,2.564193487,3.50831008,2.560749292
15:13:20,2.563960075,3.50911212,2.561875582
15:13:20,2.563053608,3.508772135,2.56118989
15:13:20,2.563307047,3.509929419,2.561453581
15:13:20,2.563352108,3.509101152,2.560708284
15:13:20,2.562984943,3.509327173,2.560764074
15:13:20,2.563765287,3.5099473,2.559941292
15:13:20,2.564014196,3.50910902,2.561178684
15:13:20,2.563402414,3.509171486,2.560741425
15:13:20,2.563456059,3.509828329,2.560747623
15:13:20,2.563097954,3.509922981,2.562122822
15:13:20,2.56306076,3.508973837,2.561642408
15:13:20,2.562842131,3.508166552,2.561871052
15:13:20,2.562871218,3.508117676,2.560086489
15:13:20,2.56420064,3.509275198,2.56030488
15:13:20,2.563448906,3.509195566,2.560475588
15:13:20,2.563043594,3.509395123,2.560427189
15:13:20,2.562268734,3.509215593,2.560744047
15:13:20,2.562532425,3.509588242,2.560648203
15:13:20,2.562193155,3.507510424,2.559850454
15:13:20,2.561806917,3.509026051,2.561748743
15:13:20,2.562907696,3.507725954,2.560497284
15:13:20,2.563938141,3.508506775,2.561177969
15:13:20,2.563338995,3.509329081,2.561592817
15:13:20,2.563257694,3.508414745,2.55997777
15:13:20,2.563239813,3.510626316,2.559566975
15:13:20,2.563611746,3.51106143,2.558722973
15:13:20,2.563440084,3.511929512,2.560426712
15:13:20,2.563319683,3.511565208,2.56198287
15:13:20,2.563185692,3.510019779,2.559662819
15:13:20,2.564315557,3.50934124,2.560885429
15:13:20,2.563324451,3.509517431,2.560918093
15:13:20,2.564117908,3.510636091,2.560867071
15:13:20,2.563533306,3.511090755,2.560523987
15:13:20,2.562207222,3.508977652,2.560956955
15:13:20,2.563918352,3.509165525,2.561597824
15:13:20,2.563025713,3.509155273,2.560451746
15:13:20,2.563179255,3.50876689,2.559633017
15:13:20,2.564357281,3.509051323,2.560323477
15:13:20,2.563859701,3.50839591,2.561270475
15:13:20,2.56349349,3.509527683,2.559787035
15:13:20,2.562705278,3.508639812,2.560400009
15:13:20,2.561758041,3.508675575,2.560518026
15:13:20,2.562196732,3.508553028,2.560303211
15:13:20,2.562987328,3.5086658,2.560749292
15:13:20,2.562800646,3.507660866,2.560321093
15:13:20,2.563521385,3.509454727,2.559923887
15:13:20,2.562362432,3.508719921,2.56091094
15:13:20,2.562972307,3.508533955,2.560617685
15:13:20,2.562233686,3.508942366,2.559755564
15:13:20,2.563269615,3.509958267,2.559504271
15:13:20,2.562087536,3.508239031,2.560484886
15:13:20,2.563447237,3.508219481,2.561149597
15:13:20,2.562919378,3.509642601,2.561243534
15:13:20,2.562373877,3.510419607,2.560760498
15:13:20,2.563005447,3.508971691,2.56069541
15:13:20,2.562446356,3.506819963,2.56064415
15:13:20,2.562870741,3.507427454,2.561654329
15:13:20,2.563050747,3.507989407,2.561164618
15:13:20,2.56333828,3.508319855,2.561281919
15:13:20,2.56373024,3.509622335,2.560961723
15:13:20,2.563765764,3.509242535,2.562274456
15:13:20,2.563581705,3.509930134,2.561361074
15:13:20,2.563527346,3.509318113,2.560750723
15:13:20,2.562397718,3.509936333,2.56081748
15:13:20,2.562514305,3.509968042,2.56193614
15:13:20,2.563798904,3.50913763,2.56227231
15:13:20,2.56369853,3.508439302,2.560848475
15:13:20,2.562375069,3.508541584,2.560708284
15:13:20,2.562802553,3.509384871,2.560496092
15:13:20,2.563497543,3.5104177,2.55839777
15:13:20,2.561662912,3.509014845,2.559113979
15:13:20,2.562509775,3.508883715,2.559124947
15:13:20,2.562635899,3.508315563,2.559873104
15:13:20,2.561896086,3.508013725,2.559146881
15:13:20,2.560616255,3.507542849,2.559423685
15:13:20,2.561168671,3.506177187,2.559056282
15:13:20,2.563269615,3.509284258,2.560668707
15:13:20,2.563063383,3.509695292,2.561255217
15:13:20,2.563065529,3.507508993,2.558257341
15:13:20,2.562072992,3.508436918,2.56095171
15:13:20,2.56295681,3.50865984,2.560260773
15:13:20,2.563308477,3.509274483,2.558837891
15:13:20,2.563524723,3.508710146,2.56130743
15:13:20,2.563263655,3.509297848,2.560832739
15:13:20,2.562733889,3.509279013,2.560946941
15:13:20,2.562704086,3.509538174,2.559142351
15:13:20,2.563374043,3.50806284,2.55896163
15:13:20,2.562040091,3.508776188,2.55984211
15:13:20,2.562491179,3.508860826,2.560747623
15:13:20,2.562739134,3.509121418,2.56089735
15:13:20,2.56434536,3.508570433,2.559964418
15:13:20,2.562327147,3.510153294,2.559725046
15:13:20,2.562610865,3.510376692,2.560657263
15:13:20,2.56214118,3.509346247,2.559455395
15:13:20,2.562635899,3.51004982,2.559591293
15:13:20,2.562514305,3.509231567,2.560109138
15:13:20,2.562708616,3.509031057,2.559785128
15:13:21,2.562623501,3.508847237,2.56016922
15:13:21,2.562421799,3.507305384,2.560348511
15:13:21,2.56279254,3.507070065,2.560487032
15:13:21,2.561691761,3.506056547,2.559621811
15:13:21,2.562855959,3.507509708,2.559907436
15:13:21,2.562854528,3.508956909,2.558856487
15:13:21,2.562441826,3.507490873,2.560585976
15:13:21,2.562124491,3.508303165,2.561738729
15:13:21,2.562493324,3.5077672,2.559848547
15:13:21,2.562190771,3.507962942,2.55908227
15:13:21,2.561870337,3.508371353,2.560036898
15:13:21,2.562711239,3.508081913,2.559659481
15:13:21,2.562121868,3.508013248,2.55960393
15:13:21,2.562748909,3.508155584,2.559841394
15:13:21,2.562467098,3.509634018,2.561510563
15:13:21,2.563270807,3.511090279,2.561085463
15:13:21,2.562543154,3.508622169,2.560869932
15:13:21,2.562668324,3.509601593,2.561485291
15:13:21,2.562480927,3.509159803,2.559863806
15:13:21,2.562714577,3.50800395,2.56092
15:13:21,2.562795877,3.508518457,2.560274363
15:13:21,2.562078238,3.508553028,2.559131145
15:13:21,2.562719345,3.507640839,2.55971694
15:13:21,2.562040091,3.508074522,2.560607195
15:13:21,2.563460588,3.508603573,2.560626268
15:13:21,2.562692642,3.508646965,2.560259581
15:13:21,2.562593222,3.508393049,2.561075926
15:13:21,2.562197924,3.507997751,2.559442043
15:13:21,2.562253714,3.508038044,2.559554338
15:13:21,2.564027548,3.509376287,2.560286999
15:13:21,2.561869144,3.507413626,2.559425354
15:13:21,2.562246799,3.50797534,2.560369015
15:13:21,2.561930418,3.508725166,2.560600042
15:13:21,2.562427759,3.509085178,2.559651852
15:13:21,2.562842607,3.508983374,2.560016632
15:13:21,2.562232256,3.508105755,2.560117006
15:13:21,2.56272459,3.508386135,2.5605371
15:13:21,2.562005758,3.508191586,2.560408115
15:13:21,2.562700033,3.507795572,2.559869051
15:13:21,2.562334061,3.507498026,2.559748888
15:13:21,2.56262207,3.508675575,2.561119795
15:13:21,2.562433004,3.508221626,2.558404922
15:13:21,2.562553883,3.507933855,2.559955597
15:13:21,2.561519384,3.506931543,2.559453964
15:13:21,2.562304497,3.506145477,2.55889225
15:13:21,2.561170578,3.506669283,2.559611797
15:13:21,2.562006712,3.506917238,2.559245586
15:13:21,2.562667608,3.505979061,2.559383631
15:13:21,2.562061787,3.506859779,2.560299635
15:13:21,2.562657118,3.508941889,2.560361862
15:13:21,2.562149048,3.508864164,2.559156656
15:13:21,2.562102795,3.509595394,2.560185432
15:13:21,2.562530994,3.508829355,2.559098721
15:13:21,2.562904358,3.509237289,2.55877924
15:13:21,2.563323259,3.508843184,2.560117722
15:13:21,2.562754154,3.508169174,2.560688972
15:13:21,2.562870026,3.507501125,2.560595751
15:13:21,2.562299728,3.508225441,2.56145072
15:13:21,2.562692165,3.50922966,2.56035471
15:13:21,2.562892437,3.50937891,2.561151981
15:13:21,2.562821627,3.508453131,2.559795141
15:13:21,2.562385082,3.508242369,2.560767889
15:13:21,2.562574625,3.509482622,2.559899569
15:13:21,2.562191963,3.50914216,2.559339523
15:13:21,2.562697887,3.508113623,2.560112476
15:13:21,2.56306076,3.508984804,2.561156034
15:13:21,2.563099861,3.50926733,2.560963154
15:13:21,2.562748909,3.508972406,2.560663462
15:13:21,2.562910795,3.508982182,2.559999943
15:13:21,2.562741041,3.508076429,2.559602022
15:13:21,2.562909603,3.508093357,2.560292959
15:13:21,2.562927961,3.509603262,2.558707714
15:13:21,2.562651157,3.510290384,2.560361862
15:13:21,2.562742233,3.508500814,2.557870626
15:13:21,2.562511444,3.508750677,2.560063601
15:13:21,2.562914371,3.508476496,2.561056852
15:13:21,2.562800169,3.509010315,2.560135603
15:13:21,2.562041283,3.508712292,2.559888363
15:13:21,2.562464237,3.507944822,2.560176134
15:13:21,2.562523603,3.50873661,2.559564114
15:13:21,2.563572168,3.508197784,2.560550451
15:13:21,2.563122988,3.50855422,2.560958147
15:13:21,2.562943935,3.509984493,2.560312986
15:13:21,2.56264782,3.509416819,2.559061766
15:13:21,2.562677622,3.509249687,2.559839964
15:13:21,2.563335896,3.508705378,2.560767889
15:13:21,2.563569069,3.509411573,2.5618155
15:13:21,2.56384182,3.508714914,2.560521841
15:13:21,2.563530207,3.508547068,2.560623646
15:13:21,2.564281225,3.508715868,2.560607195
15:13:21,2.563496828,3.508695602,2.561345816
15:13:21,2.563344955,3.508792877,2.561477661
15:13:21,2.563373327,3.509380817,2.562480688
15:13:21,2.563332319,3.509906054,2.56116271
15:13:21,2.564184427,3.508086205,2.560855865
15:13:21,2.563304186,3.51065135,2.561758757
15:13:21,2.56337738,3.509660244,2.561345816
15:13:21,2.564063072,3.510505676,2.559910297
15:13:21,2.563148737,3.509959459,2.561314106
15:13:21,2.564577103,3.510552645,2.561468124
15:13:21,2.563673973,3.509658337,2.561425209
15:13:21,2.563437462,3.508554935,2.561127663
15:13:21,2.563311338,3.50922966,2.562714815
15:13:21,2.563754559,3.509050131,2.560611963
15:13:21,2.56359005,3.509944677,2.561196327
15:13:21,2.563502312,3.509638786,2.559470892
15:13:21,2.562932014,3.508411169,2.560545683
15:13:21,2.562706947,3.508693933,2.561130047
15:13:21,2.563284159,3.509879351,2.560531616
15:13:21,2.562192678,3.508960724,2.559719801
15:13:21,2.562942028,3.50903964,2.560209036
15:13:21,2.562775612,3.509119987,2.561972857
15:13:21,2.56393218,3.509925842,2.561445951
15:13:21,2.563892126,3.509376287,2.56126976
15:13:21,2.563272953,3.507967472,2.560231447
15:13:21,2.563884974,3.507834673,2.561774969
15:13:21,2.563346863,3.509532213,2.560204506
15:13:21,2.563204765,3.510054111,2.559322119
15:13:21,2.563289404,3.508898258,2.559652805
15:13:22,2.563650131,3.509907007,2.5621984
15:13:22,2.563827991,3.509842157,2.560966969
15:13:22,2.563301325,3.509330511,2.559930086
15:13:22,2.563265085,3.510051489,2.561109781
15:13:22,2.562740326,3.509227991,2.56165719
15:13:22,2.563062191,3.508918285,2.560795784
15:13:22,2.563763857,3.508886576,2.560056925
15:13:22,2.563457251,3.510424137,2.561264515
15:13:22,2.5627985,3.51003933,2.560667276
15:13:22,2.562988043,3.510172844,2.560593843
15:13:22,2.563411713,3.509200811,2.560053587
15:13:22,2.563313961,3.509888411,2.559538841
15:13:22,2.561573029,3.508992672,2.560012579
15:13:22,2.562832832,3.508963346,2.560108423
15:13:22,2.563101053,3.508051395,2.55892992
15:13:22,2.562294483,3.507046223,2.559974909
15:13:22,2.562555313,3.505817413,2.559462547
15:13:22,2.562289,3.507241964,2.560338497
15:13:22,2.561593294,3.509230852,2.559536457
15:13:22,2.561668634,3.508283615,2.559627771
15:13:22,2.562556028,3.508076429,2.559993267
15:13:22,2.563438892,3.507709265,2.559719801
15:13:22,2.563048363,3.5077672,2.559902906
15:13:22,2.562705278,3.507461309,2.559391022
15:13:22,2.562780142,3.50774765,2.559813499
15:13:22,2.562263489,3.508211851,2.559862375
15:13:22,2.562995672,3.509200811,2.560158253
15:13:22,2.56359005,3.509203672,2.560134411
15:13:22,2.562776804,3.507939577,2.559740782
15:13:22,2.562279224,3.507533789,2.561872482
15:13:22,2.562910318,3.508708715,2.560826063
15:13:22,2.562998056,3.507512093,2.56153965
15:13:22,2.563117743,3.508476496,2.56042552
15:13:22,2.562754869,3.508979082,2.559736013
15:13:22,2.561867476,3.509157658,2.559771299
15:13:22,2.563186407,3.510103226,2.559942484
15:13:22,2.562889099,3.509279013,2.561190605
15:13:22,2.563609123,3.509478092,2.559582949
15:13:22,2.562379599,3.508495331,2.561013937
15:13:22,2.561995268,3.508605003,2.561009407
15:13:22,2.562044859,3.508682966,2.560319424
15:13:22,2.562591791,3.50868535,2.561353922
15:13:22,2.562293291,3.508956909,2.560695887
15:13:22,2.562443733,3.507822275,2.559976339
15:13:22,2.562837362,3.50798583,2.56030488
15:13:22,2.562099457,3.508420229,2.558618546
15:13:22,2.563219309,3.507922649,2.560731411
15:13:22,2.562394857,3.507102489,2.559470892
15:13:22,2.562243462,3.508278847,2.559803486
15:13:22,2.56282568,3.508529425,2.559915543
15:13:22,2.562497139,3.507907152,2.559840441
15:13:22,2.562438488,3.508719921,2.559475183
15:13:22,2.563669443,3.509498596,2.559685707
15:13:22,2.562690735,3.506916523,2.560354948
15:13:22,2.561942816,3.507421494,2.561533689
15:13:22,2.562312841,3.507396221,2.56115818
15:13:22,2.56271863,3.507422924,2.560757875
15:13:22,2.562685013,3.507597685,2.560413599
15:13:22,2.562125206,3.50811553,2.559176445
15:13:22,2.562711716,3.507447481,2.559817076
15:13:22,2.562649965,3.508833647,2.560634851
15:13:22,2.562649965,3.509068966,2.560127497
15:13:22,2.562369108,3.508980989,2.560423374
15:13:22,2.562325478,3.507432699,2.55957222
15:13:22,2.561898708,3.50746727,2.559990883
15:13:22,2.562133312,3.507478476,2.560539007
15:13:22,2.562190294,3.507995844,2.560215473
15:13:22,2.563256979,3.508184433,2.560106754
15:13:22,2.563076019,3.508841276,2.560545683
15:13:22,2.562342644,3.509077549,2.560126543
15:13:22,2.562544107,3.508279562,2.559606552
15:13:22,2.562488079,3.507921934,2.560826778
15:13:22,2.561802149,3.507423401,2.559670925
15:13:22,2.562406778,3.507535696,2.559328079
15:13:22,2.562508583,3.507733345,2.561136246
15:13:22,2.562346935,3.507918119,2.559838533
15:13:22,2.562609434,3.50758791,2.560390234
15:13:22,2.563414812,3.508943081,2.559778452
15:13:22,2.562909603,3.507811785,2.560432673
15:13:22,2.562210083,3.506594181,2.559072256
15:13:22,2.561948061,3.507476568,2.5596385
15:13:22,2.562880516,3.507388353,2.559114456
15:13:22,2.562175989,3.507425547,2.559805155
15:13:22,2.5629251,3.508619547,2.560246944
15:13:22,2.561506987,3.508346081,2.560080767
15:13:22,2.56350565,3.509305954,2.55983758
15:13:22,2.563487053,3.510653734,2.560110331
15:13:22,2.56248188,3.509808779,2.559354544
15:13:22,2.562582016,3.50921464,2.559833288
15:13:22,2.561949492,3.507872343,2.559098721
15:13:22,2.562035561,3.508325338,2.559892178
15:13:22,2.563014746,3.507569075,2.561045885
15:13:22,2.56207037,3.50840497,2.561385632
15:13:22,2.562375069,3.506827354,2.560246944
15:13:22,2.562541485,3.507266283,2.56116724
15:13:22,2.561683893,3.5072577,2.560443401
15:13:22,2.563025713,3.508027077,2.560282946
15:13:22,2.562870741,3.507584572,2.559868574
15:13:22,2.562735081,3.509376287,2.560921431
15:13:22,2.563218117,3.508196592,2.560969591
15:13:22,2.563217402,3.508955479,2.561111689
15:13:22,2.562491179,3.50786972,2.560781717
15:13:22,2.562470675,3.508269072,2.561424017
15:13:22,2.563623667,3.507445097,2.561536312
15:13:22,2.563308477,3.50769949,2.561146975
15:13:22,2.563325882,3.508523464,2.560827494
15:13:22,2.563422203,3.509241343,2.55946517
15:13:22,2.562292576,3.508294106,2.560277939
15:13:22,2.562022209,3.508898258,2.559839964
15:13:22,2.563019753,3.508310795,2.561337233
15:13:22,2.563312054,3.509469986,2.559719801
15:13:22,2.562117338,3.5085392,2.559249401
15:13:22,2.562560081,3.507193804,2.560534954
15:13:22,2.562336206,3.507228374,2.561668634
15:13:22,2.563027382,3.507092714,2.560707808
15:13:22,2.562115431,3.508257389,2.560659409
15:13:23,2.562638521,3.509577274,2.559720993
15:13:23,2.563109875,3.509150505,2.56084466
15:13:23,2.56373477,3.50973773,2.56028986
15:13:23,2.563062668,3.50960207,2.560982704
15:13:23,2.562735081,3.509184361,2.560669184
15:13:23,2.562110662,3.509377003,2.559936047
15:13:23,2.563015938,3.508574963,2.560795069
15:13:23,2.562358379,3.507433891,2.560132265
15:13:23,2.562195063,3.507065296,2.560792923
15:13:23,2.562355995,3.50786376,2.55943346
15:13:23,2.562664509,3.507299423,2.55943799
15:13:23,2.562739611,3.507668734,2.559541225
15:13:23,2.561806202,3.506953716,2.558941841
15:13:23,2.562111855,3.508378744,2.559584141
15:13:23,2.562143087,3.508908033,2.560166121
15:13:23,2.561186314,3.508107901,2.559178114
15:13:23,2.561994553,3.509046793,2.558277369
15:13:23,2.562678099,3.509340286,2.559608698
15:13:23,2.562305212,3.507407188,2.55991745
15:13:23,2.56297946,3.507901669,2.560195684
15:13:23,2.562617302,3.506436825,2.559523344
15:13:23,2.56272316,3.506771803,2.559924603
15:13:23,2.562651157,3.507107019,2.559470177
15:13:23,2.562059879,3.507393599,2.558887482
15:13:23,2.563030243,3.50652957,2.560439825
15:13:23,2.562920332,3.50760746,2.559670925
15:13:23,2.561965227,3.507625103,2.559166193
15:13:23,2.562382936,3.507402658,2.560399294
15:13:23,2.562608242,3.508217335,2.557840109
15:13:23,2.561814785,3.508019924,2.559838057
15:13:23,2.561920643,3.508300304,2.560559511
15:13:23,2.562061071,3.50631547,2.559845209
15:13:23,2.561718941,3.505778074,2.56002903
15:13:23,2.561471701,3.505699635,2.558965683
15:13:23,2.562094212,3.50703454,2.560779095
15:13:23,2.562057495,3.508120298,2.558801651
15:13:23,2.562255383,3.509416819,2.5601933
15:13:23,2.562487364,3.508505106,2.55891943
15:13:23,2.56188345,3.507735491,2.55971694
15:13:23,2.561954737,3.507174253,2.559849262
15:13:23,2.562343359,3.507240057,2.559392452
15:13:23,2.56216836,3.507891178,2.559862375
15:13:23,2.562422752,3.506982327,2.560080767
15:13:23,2.562235594,3.508018494,2.560607672
15:13:23,2.562655926,3.508182526,2.560803652
15:13:23,2.562435865,3.508348703,2.56043911
15:13:23,2.562534094,3.509948015,2.560436487
15:13:23,2.562539577,3.508225918,2.560177326
15:13:23,2.56271863,3.508787155,2.560056925
15:13:23,2.563057423,3.509460926,2.559862375
15:13:23,2.562581301,3.509535551,2.559543133
15:13:23,2.563285589,3.508111954,2.560177326
15:13:23,2.562427759,3.508535385,2.560521841
15:13:23,2.562328815,3.50839591,2.561768532
15:13:23,2.562610149,3.509055376,2.559730053
15:13:23,2.562819242,3.508189917,2.560107231
15:13:23,2.562967539,3.508363008,2.560166836
15:13:23,2.562407494,3.508818388,2.560681105
15:13:23,2.562550783,3.50828433,2.56048274
15:13:23,2.562013865,3.508821011,2.560775995
15:13:23,2.563017368,3.509150505,2.560034037
15:13:23,2.562637329,3.509277105,2.560100079
15:13:23,2.562342644,3.510024786,2.559309006
15:13:23,2.562897682,3.508478642,2.559852362
15:13:23,2.563203096,3.509077549,2.561360359
15:13:23,2.563295364,3.509088516,2.560185432
15:13:23,2.56254077,3.507149458,2.560966253
15:13:23,2.562371492,3.507701635,2.559872389
15:13:23,2.561120987,3.507434607,2.559715509
15:13:23,2.56202817,3.507420063,2.559521914
15:13:23,2.561575413,3.506978035,2.559319735
15:13:23,2.56105566,3.506057978,2.558886528
15:13:23,2.561359644,3.505629063,2.559455633
15:13:23,2.562403202,3.507824898,2.559327602
15:13:23,2.562349319,3.508066654,2.560321569
15:13:23,2.561840534,3.508211136,2.559218884
15:13:23,2.562748909,3.509375572,2.560392857
15:13:23,2.563050747,3.507426739,2.560119867
15:13:23,2.56204915,3.508085012,2.560803652
15:13:23,2.562626123,3.508095503,2.560169935
15:13:23,2.562801123,3.508003473,2.55910778
15:13:23,2.562166214,3.507339954,2.559090137
15:13:23,2.562203169,3.508421659,2.56029892
15:13:23,2.561652899,3.507184029,2.559333324
15:13:23,2.562906027,3.507735491,2.560502529
15:13:23,2.562952518,3.509850502,2.560162067
15:13:23,2.562285185,3.50940299,2.56005168
15:13:23,2.562293291,3.508750677,2.559931755
15:13:23,2.562419176,3.508202076,2.559980869
15:13:23,2.562633514,3.507389069,2.559519053
15:13:23,2.562934875,3.508958101,2.558588743
15:13:23,2.562530994,3.507276058,2.560330629
15:13:23,2.562952518,3.507670641,2.56003499
15:13:23,2.562828302,3.508531809,2.560353994
15:13:23,2.562746286,3.509746075,2.560107708
15:13:23,2.562450171,3.509353638,2.559189081
15:13:23,2.56306076,3.508627415,2.560690641
15:13:23,2.56309247,3.509029388,2.559597969
15:13:23,2.562889099,3.507740021,2.560313463
15:13:23,2.56304574,3.507941008,2.560273886
15:13:23,2.562842131,3.509089231,2.559883595
15:13:23,2.562538147,3.510034561,2.55989027
15:13:23,2.562703371,3.508742809,2.558634996
15:13:23,2.561697721,3.509388685,2.559173584
15:13:23,2.561732292,3.507829428,2.559087515
15:13:23,2.561474562,3.507113695,2.560513973
15:13:23,2.562141657,3.506115198,2.560037851
15:13:23,2.561539888,3.505944252,2.558543682
15:13:23,2.562201262,3.507196903,2.55843854
15:13:23,2.561387777,3.50833869,2.559008837
15:13:23,2.56217289,3.507286549,2.558490276
15:13:23,2.561251163,3.50688982,2.557986975
15:13:23,2.56218791,3.505627871,2.560386181
15:13:23,2.56147933,3.50701046,2.560365677
15:13:23,2.562058449,3.507776976,2.559182644
15:13:23,2.563162088,3.507756948,2.559525967
15:13:23,2.561934233,3.507414341,2.559347868
15:13:23,2.561903715,3.506592989,2.558518648
15:13:23,2.561788559,3.508400202,2.558713675
15:13:24,2.561655045,3.506563425,2.55919838
15:13:24,2.562397718,3.505781174,2.560377121
15:13:24,2.562260866,3.505620003,2.560631752
15:13:24,2.561819553,3.505629778,2.559961796
15:13:24,2.561407089,3.505997896,2.559187174
15:13:24,2.562929392,3.506459236,2.560400963
15:13:24,2.561828613,3.507721663,2.559717655
15:13:24,2.562287807,3.507489443,2.559228182
15:13:24,2.561777115,3.508173943,2.557703972
15:13:24,2.561948061,3.507333994,2.558768749
15:13:24,2.561695814,3.50737524,2.559759378
15:13:24,2.560455799,3.507676601,2.559087992
15:13:24,2.56235981,3.508490324,2.559908152
15:13:24,2.562290668,3.507518768,2.56031394
15:13:24,2.56222558,3.507014513,2.560248137
15:13:24,2.562153578,3.507272243,2.558939934
15:13:24,2.561874628,3.50726819,2.559641123
15:13:24,2.562520981,3.51019311,2.560387373
15:13:24,2.562519073,3.510296822,2.559480906
15:13:24,2.562273979,3.510118008,2.560305595
15:13:24,2.563170433,3.507730722,2.559347868
15:13:24,2.562733173,3.507628441,2.560240984
15:13:24,2.562148571,3.507514954,2.561095953
15:13:24,2.561961412,3.50753212,2.558665991
15:13:24,2.562595606,3.506626844,2.559168577
15:13:24,2.561293602,3.506197453,2.55928874
15:13:24,2.561306,3.505988836,2.558516502
15:13:24,2.561292171,3.505102158,2.560107231
15:13:24,2.563530684,3.508444548,2.56119132
15:13:24,2.563034534,3.508935213,2.559497118
15:13:24,2.561999083,3.507914305,2.559936047
15:13:24,2.562788725,3.507987261,2.559668541
15:13:24,2.56333828,3.508009434,2.560419321
15:13:24,2.563105106,3.507308483,2.559615135
15:13:24,2.562727213,3.508289099,2.559634924
15:13:24,2.563507557,3.508594513,2.561462164
15:13:24,2.563122988,3.50947547,2.560577393
15:13:24,2.563937426,3.507415056,2.56095314
15:13:24,2.563292742,3.509800911,2.560464382
15:13:24,2.563496828,3.510125875,2.559506893
15:13:24,2.562205791,3.508983374,2.561049461
15:13:24,2.563276768,3.510121584,2.561168909
15:13:24,2.563103199,3.510127306,2.559028625
15:13:24,2.56315732,3.50950408,2.5601933
15:13:24,2.563938141,3.509326696,2.561702967
15:13:24,2.563380718,3.510054111,2.560140133
15:13:24,2.562884331,3.508725166,2.561137438
15:13:24,2.561683893,3.50755167,2.560533762
15:13:24,2.561727047,3.507184744,2.560726881
15:13:24,2.561699867,3.506714344,2.559630394
15:13:24,2.561953545,3.507364035,2.559967041
15:13:24,2.562552214,3.509735584,2.560058355
15:13:24,2.563704252,3.510323524,2.561028481
15:13:24,2.562952518,3.510082006,2.560537815
15:13:24,2.562894106,3.509601593,2.560352087
15:13:24,2.563298702,3.508367062,2.560603857
15:13:24,2.562647104,3.50957799,2.560700417
15:13:24,2.564012289,3.509624243,2.560232639
15:13:24,2.564256907,3.510949373,2.561218262
15:13:24,2.563783646,3.509002924,2.562325478
15:13:24,2.564369917,3.50930047,2.561823368
15:13:24,2.5633986,3.5085392,2.561733246
15:13:24,2.563610554,3.507703543,2.560533762
15:13:24,2.56304574,3.509764671,2.561730623
15:13:24,2.563820839,3.509847879,2.560896873
15:13:24,2.563794851,3.510469675,2.561683178
15:13:24,2.562917948,3.508246183,2.560312271
15:13:24,2.562927961,3.509043455,2.561613083
15:13:24,2.562217712,3.507116795,2.561424494
15:13:24,2.563635111,3.508012533,2.560130358
15:13:24,2.563042402,3.509203672,2.560937881
15:13:24,2.56275034,3.509227991,2.561140299
15:13:24,2.563975334,3.509861708,2.560814142
15:13:24,2.563484907,3.509285927,2.561551094
15:13:24,2.563162088,3.509288073,2.560199261
15:13:24,2.562450886,3.509110212,2.561484814
15:13:24,2.563751221,3.510516882,2.560855389
15:13:24,2.563833475,3.510260582,2.560435295
15:13:24,2.563650131,3.510149002,2.560900927
15:13:24,2.563299894,3.509355545,2.560782433
15:13:24,2.563369274,3.509478807,2.559359312
15:13:24,2.562641859,3.508419275,2.561397552
15:13:24,2.563383102,3.509170055,2.561183691
15:13:24,2.562543154,3.508158684,2.561097383
15:13:24,2.56261301,3.508523464,2.55962491
15:13:24,2.562470198,3.508478165,2.560613632
15:13:24,2.563619852,3.508639097,2.561445951
15:13:24,2.563389301,3.509854555,2.55999732
15:13:24,2.56359911,3.508763075,2.561345339
15:13:24,2.563028336,3.508586645,2.560161591
15:13:24,2.563578129,3.508194923,2.559053421
15:13:24,2.563395739,3.508355141,2.559996128
15:13:24,2.562725306,3.509428978,2.561036587
15:13:24,2.562665701,3.507556438,2.562133312
15:13:24,2.563065529,3.506926298,2.560754061
15:13:24,2.563280821,3.507107735,2.560467005
15:13:24,2.562893629,3.50613308,2.559839964
15:13:24,2.563905239,3.50701952,2.560821295
15:13:24,2.563078165,3.510683537,2.560900211
15:13:24,2.563530684,3.510172844,2.560125113
15:13:24,2.561807632,3.508707523,2.56068635
15:13:24,2.562978268,3.509082556,2.560325384
15:13:24,2.561962128,3.506595612,2.559254169
15:13:24,2.56174469,3.507154942,2.560222864
15:13:24,2.562516212,3.507621288,2.559783936
15:13:24,2.56269002,3.507349014,2.559672594
15:13:24,2.561351538,3.505793095,2.560309649
15:13:24,2.562287807,3.505854368,2.560556889
15:13:24,2.561948061,3.506226301,2.560303688
15:13:24,2.561505556,3.506144047,2.559041977
15:13:24,2.562196016,3.507096767,2.558600664
15:13:24,2.561604738,3.508094072,2.558674097
15:13:24,2.561681271,3.507263899,2.559808254
15:13:24,2.561780214,3.507382154,2.559391737
15:13:24,2.562160969,3.506528854,2.559036493
15:13:25,2.562319517,3.507744551,2.559984922
15:13:25,2.562589645,3.507495403,2.561183214
15:13:25,2.561769724,3.507953882,2.559913874
15:13:25,2.562322378,3.50744915,2.55973959
15:13:25,2.562097549,3.507475615,2.560729504
15:13:25,2.562238932,3.50826478,2.559562922
15:13:25,2.561920643,3.509066343,2.558955908
15:13:25,2.562407494,3.509275198,2.558805704
15:13:25,2.562418699,3.50880909,2.559699059
15:13:25,2.563518047,3.508199215,2.560997486
15:13:25,2.562559366,3.508597851,2.559849262
15:13:25,2.562026739,3.508386135,2.558886528
15:13:25,2.562822104,3.507439375,2.559699059
15:13:25,2.561608553,3.507024288,2.561225414
15:13:25,2.562557459,3.508630514,2.560476303
15:13:25,2.564161777,3.508481026,2.559790373
15:13:25,2.562341452,3.508678675,2.559952974
15:13:25,2.562052011,3.507691145,2.559983492
15:13:25,2.561450481,3.507456064,2.559588671
15:13:25,2.561821938,3.508455038,2.559591293
15:13:25,2.562445641,3.50769186,2.560309649
15:13:25,2.561648369,3.507563114,2.55995369
15:13:25,2.562195063,3.507704735,2.55978179
15:13:25,2.562803745,3.508332491,2.559260607
15:13:25,2.561638355,3.50706768,2.559669495
15:13:25,2.562167645,3.507154942,2.55907321
15:13:25,2.562814951,3.506608009,2.559154272
15:13:25,2.562097073,3.506366491,2.559856653
15:13:25,2.561181545,3.50716567,2.55903244
15:13:25,2.561624527,3.507339954,2.559058189
15:13:25,2.561332941,3.506781578,2.558727503
15:13:25,2.561356783,3.507869005,2.559459925
15:13:25,2.562016726,3.507249117,2.559673786
15:13:25,2.56283021,3.506966352,2.559795141
15:13:25,2.562108994,3.508224726,2.559835672
15:13:25,2.562830925,3.50736928,2.55936718
15:13:25,2.561620474,3.507033825,2.559262514
15:13:25,2.56218195,3.507268667,2.559681416
15:13:25,2.562140465,3.507634878,2.558868408
15:13:25,2.561778784,3.507460117,2.560455084
15:13:25,2.562666893,3.508009434,2.560565472
15:13:25,2.561599493,3.507949591,2.561023951
15:13:25,2.562587023,3.507536411,2.55920577
15:13:25,2.561992407,3.508191586,2.558697224
15:13:25,2.562408209,3.508341551,2.5602355
15:13:25,2.562354088,3.508903265,2.560226917
15:13:25,2.561879396,3.506951094,2.559947252
15:13:25,2.562711716,3.507191181,2.56044054
15:13:25,2.561872721,3.506056547,2.559885025
15:13:25,2.561518908,3.507837057,2.56030035
15:13:25,2.562438488,3.509041309,2.560046911
15:13:25,2.562312841,3.508300304,2.561224937
15:13:25,2.562231064,3.508943796,2.559872389
15:13:25,2.562749386,3.507558584,2.561023235
15:13:25,2.563055515,3.50785923,2.560444593
15:13:25,2.562116861,3.507443666,2.558729887
15:13:25,2.562861919,3.508214474,2.559708357
15:13:25,2.562147856,3.507653236,2.560536623
15:13:25,2.562258959,3.508287907,2.559203863
15:13:25,2.561578035,3.507867336,2.560051203
15:13:25,2.562289,3.507663727,2.559996843
15:13:25,2.562217712,3.50724411,2.559734344
15:13:25,2.561222792,3.508547783,2.559124708
15:13:25,2.56137228,3.508248806,2.558826923
15:13:25,2.561122894,3.508173943,2.560027838
15:13:25,2.562797785,3.507778406,2.560241461
15:13:25,2.562645435,3.507544756,2.559556961
15:13:25,2.563481331,3.507175446,2.561084032
15:13:25,2.563021898,3.507416964,2.560131788
15:13:25,2.562742233,3.508759737,2.558763981
15:13:25,2.562695026,3.50839591,2.559524536
15:13:25,2.562143087,3.507697344,2.560659409
15:13:25,2.562836885,3.507758141,2.560039043
15:13:25,2.561821938,3.50744009,2.559431314
15:13:25,2.562134027,3.507736683,2.560226917
15:13:25,2.562003851,3.50706315,2.559815645
15:13:25,2.562278032,3.507929087,2.560774326
15:13:25,2.561274052,3.50784421,2.559922695
15:13:25,2.562184811,3.507398844,2.560827494
15:13:25,2.561826706,3.508035421,2.559782505
15:13:25,2.562098265,3.507128,2.558670044
15:13:25,2.562407494,3.507501602,2.559279919
15:13:25,2.561754465,3.507624149,2.559892893
15:13:25,2.562418222,3.507504463,2.559256077
15:13:25,2.561804056,3.50868535,2.560363054
15:13:25,2.562021494,3.508276463,2.559114456
15:13:25,2.561851263,3.507456779,2.55901885
15:13:25,2.561378002,3.50675559,2.560841084
15:13:25,2.562654495,3.506942034,2.559330225
15:13:25,2.562295198,3.507864475,2.561141491
15:13:25,2.562092781,3.50722003,2.559096575
15:13:25,2.562591076,3.508301497,2.559040546
15:13:25,2.562045574,3.508221626,2.559273958
15:13:25,2.562672853,3.50854516,2.558158875
15:13:25,2.561984777,3.509083271,2.558604002
15:13:25,2.562234879,3.508803606,2.558555126
15:13:25,2.562405586,3.507950306,2.559500694
15:13:25,2.562322855,3.508767605,2.55978632
15:13:25,2.562587023,3.507493258,2.560516596
15:13:25,2.562455654,3.508261204,2.559726954
15:13:25,2.562730312,3.507889986,2.559262514
15:13:25,2.563030958,3.507533789,2.560438395
15:13:25,2.563285589,3.508091688,2.560362577
15:13:25,2.563274384,3.509117126,2.558999538
15:13:25,2.562325001,3.508296967,2.559347391
15:13:25,2.563037157,3.507565737,2.560114622
15:13:25,2.563021898,3.508265972,2.559912682
15:13:25,2.561925888,3.5076437,2.558861256
15:13:25,2.561565638,3.507378578,2.557838917
15:13:25,2.562012196,3.508055687,2.558087349
15:13:25,2.561654091,3.507272243,2.559760571
15:13:25,2.561397791,3.506276608,2.559387684
15:13:25,2.561464548,3.504747152,2.559427977
15:13:25,2.561917067,3.504791975,2.55991888
15:13:25,2.561850071,3.506207228,2.559309721
15:13:25,2.562688828,3.507987261,2.559794426
15:13:25,2.562423944,3.510144234,2.560236216
15:13:25,2.562946558,3.509827137,2.55988574
15:13:25,2.56304574,3.508394241,2.55980587
15:13:26,2.563064814,3.506196976,2.5601964
15:13:26,2.56230545,3.506934166,2.560113907
15:13:26,2.562121391,3.508108616,2.560424566
15:13:26,2.562836885,3.509101868,2.560502052
15:13:26,2.562221289,3.509258986,2.559851885
15:13:26,2.562963963,3.509001017,2.559609413
15:13:26,2.561406612,3.509492397,2.559085369
15:13:26,2.562645912,3.507266998,2.560508728
15:13:26,2.563136816,3.505783796,2.559465647
15:13:26,2.56141758,3.505885124,2.559651136
15:13:26,2.561850071,3.506737709,2.559101343
15:13:26,2.561177969,3.506041765,2.559539557
15:13:26,2.561571598,3.507205009,2.558324337
15:13:26,2.56203413,3.508059502,2.559323311
15:13:26,2.561486483,3.505990744,2.558158398
15:13:26,2.561919928,3.506382227,2.559243441
15:13:26,2.562442541,3.50635004,2.559494257
15:13:26,2.561649561,3.507153511,2.55944562
15:13:26,2.561758995,3.505819321,2.558700562
15:13:26,2.562165737,3.50630641,2.559676647
15:13:26,2.561602592,3.506687403,2.560343266
15:13:26,2.562177658,3.508628607,2.559488058
15:13:26,2.561099768,3.507164001,2.558611155
15:13:26,2.560827017,3.508134365,2.558855295
15:13:26,2.561990499,3.509003639,2.559412956
15:13:26,2.56202817,3.507316589,2.558592558
15:13:26,2.561771154,3.505659342,2.558777094
15:13:26,2.561649084,3.505061626,2.558658838
15:13:26,2.562072515,3.507286549,2.559723616
15:13:26,2.56163764,3.507056713,2.559063435
15:13:26,2.560959816,3.507665396,2.558366776
15:13:26,2.562344551,3.508010149,2.55853796
15:13:26,2.562838316,3.507287264,2.560632229
15:13:26,2.561490059,3.506198168,2.561193705
15:13:26,2.56333518,3.507396221,2.55992651
15:13:26,2.562502384,3.508017302,2.557648897
15:13:26,2.56163764,3.508985519,2.559049129
15:13:26,2.562020302,3.508838415,2.559350729
15:13:26,2.562036753,3.508090973,2.560222864
15:13:26,2.561842203,3.507173061,2.561196327
15:13:26,2.562369585,3.506793976,2.560482264
15:13:26,2.561583281,3.506937265,2.559887648
15:13:26,2.56154871,3.507745981,2.559350729
15:13:26,2.561453342,3.508165359,2.559010744
15:13:26,2.562828302,3.507976055,2.559030056
15:13:26,2.562075615,3.508033514,2.559407473
15:13:26,2.562074423,3.506920576,2.559087992
15:13:26,2.561902761,3.507645369,2.55799365
15:13:26,2.562557459,3.507205725,2.559562206
15:13:26,2.562766075,3.507183552,2.559499502
15:13:26,2.561942339,3.508128166,2.559593201
15:13:26,2.561297417,3.508091688,2.560447216
15:13:26,2.562212467,3.507345915,2.560058832
15:13:26,2.561463833,3.507931709,2.559743643
15:13:26,2.561784267,3.508038044,2.559915543
15:13:26,2.561565638,3.508566618,2.559915543
15:13:26,2.562252998,3.509070396,2.558592081
15:13:26,2.56256938,3.508387327,2.559602022
15:13:26,2.562773228,3.508643389,2.559736013
15:13:26,2.562598228,3.507764339,2.560021877
15:13:26,2.562213659,3.508918285,2.560591459
15:13:26,2.562195063,3.507807732,2.559741497
15:13:26,2.562269211,3.50831008,2.560091972
15:13:26,2.562385798,3.506901503,2.560554981
15:13:26,2.562593222,3.506940126,2.56056118
15:13:26,2.562682867,3.506819963,2.559206486
15:13:26,2.562430382,3.506692886,2.559178591
15:13:26,2.561870337,3.508205175,2.559785128
15:13:26,2.56267643,3.50957799,2.557850122
15:13:26,2.562484503,3.508517742,2.558494329
15:13:26,2.561993122,3.506908655,2.55943203
15:13:26,2.561854839,3.507393599,2.559688091
15:13:26,2.562706232,3.507811069,2.560551167
15:13:26,2.56285882,3.506487846,2.560303688
15:13:26,2.563004732,3.50737977,2.560222387
15:13:26,2.563074589,3.508188009,2.559903622
15:13:26,2.562429905,3.508460999,2.558746099
15:13:26,2.562084913,3.509018898,2.558523893
15:13:26,2.562034845,3.507764816,2.560765982
15:13:26,2.562971592,3.508760929,2.560943842
15:13:26,2.563225269,3.50915122,2.561163425
15:13:26,2.563161373,3.510055065,2.558986187
15:13:26,2.562517166,3.50982523,2.559761524
15:13:26,2.562591076,3.510171175,2.560134888
15:13:26,2.562173367,3.509203672,2.560074091
15:13:26,2.562876463,3.509232759,2.560831308
15:13:26,2.562309742,3.509388685,2.559566259
15:13:26,2.563090086,3.50913167,2.560986042
15:13:26,2.561923504,3.509104252,2.560528517
15:13:26,2.56264925,3.509119987,2.560889006
15:13:26,2.563059092,3.509872198,2.560679913
15:13:26,2.563263655,3.508975029,2.559824228
15:13:26,2.562875986,3.508653402,2.561313629
15:13:26,2.562231064,3.50834012,2.560135603
15:13:26,2.562547922,3.508010864,2.559669495
15:13:26,2.562904835,3.506435633,2.561705112
15:13:26,2.562077284,3.506682396,2.560314894
15:13:26,2.561975956,3.507338285,2.560180664
15:13:26,2.562208652,3.507000685,2.559004545
15:13:26,2.561871052,3.507306099,2.559161425
15:13:26,2.561555147,3.50699687,2.559227705
15:13:26,2.562301636,3.506393909,2.560306072
15:13:26,2.562615395,3.50703907,2.559759855
15:13:26,2.561676502,3.506098986,2.559826136
15:13:26,2.561913252,3.50714612,2.558526516
15:13:26,2.562205791,3.505605221,2.560126543
15:13:26,2.56268549,3.507203579,2.560324669
15:13:26,2.562152386,3.507773399,2.559838533
15:13:26,2.562575817,3.50692296,2.56081295
15:13:26,2.562941313,3.5086658,2.560554981
15:13:26,2.56282711,3.50857234,2.560034037
15:13:26,2.562910795,3.509217739,2.55971837
15:13:26,2.562767506,3.509068251,2.559255362
15:13:26,2.562701464,3.508235216,2.559961081
15:13:26,2.56204915,3.507789373,2.559267282
15:13:26,2.561917782,3.508441925,2.560031891
15:13:27,2.561862946,3.508898258,2.560297012
15:13:27,2.561934948,3.508860826,2.559663534
15:13:27,2.56293416,3.509018898,2.560292482
15:13:27,2.561875582,3.509080648,2.560388327
15:13:27,2.561728001,3.507929802,2.560034275
15:13:27,2.561837435,3.507879019,2.560497999
15:13:27,2.56327796,3.508406162,2.560498953
15:13:27,2.562688828,3.507014513,2.561261415
15:13:27,2.562963009,3.507036448,2.560364723
15:13:27,2.562285185,3.507476568,2.558784485
15:13:27,2.5632236,3.507934332,2.560966969
15:13:27,2.561805725,3.507715225,2.560220242
15:13:27,2.562363863,3.507766247,2.560549021
15:13:27,2.562375069,3.50823617,2.560994864
15:13:27,2.562130451,3.507505178,2.560189724
15:13:27,2.562498808,3.506552696,2.55881691
15:13:27,2.56294775,3.507927179,2.559949875
15:13:27,2.562133312,3.507571697,2.558664799
15:13:27,2.561733484,3.507462025,2.558974981
15:13:27,2.562464714,3.506547689,2.559868574
15:13:27,2.561894655,3.507634401,2.562049627
15:13:27,2.561876774,3.508017302,2.559406757
15:13:27,2.562695503,3.509294987,2.559494257
15:13:27,2.562437773,3.508409977,2.559764624
15:13:27,2.563130379,3.509315014,2.561230898
15:13:27,2.562860012,3.508972406,2.559875727
15:13:27,2.563023806,3.508021593,2.561553955
15:13:27,2.562596798,3.508139849,2.560405493
15:13:27,2.562534809,3.507899284,2.559521437
15:13:27,2.561570883,3.508565903,2.559803486
15:13:27,2.562583923,3.509235859,2.560597897
15:13:27,2.562415838,3.507583141,2.560789585
15:13:27,2.562274456,3.507339239,2.558822393
15:13:27,2.562462807,3.508024454,2.560097694
15:13:27,2.561918259,3.507929802,2.560607672
15:13:27,2.562739611,3.50831604,2.56002593
15:13:27,2.563097954,3.507544279,2.561235905
15:13:27,2.56261611,3.506673813,2.5600667
15:13:27,2.5623703,3.507151365,2.559967041
15:13:27,2.561597347,3.50595212,2.55970645
15:13:27,2.561771154,3.508328915,2.560426712
15:13:27,2.562367678,3.508449078,2.559875011
15:13:27,2.562790155,3.505760431,2.559479713
15:13:27,2.562290668,3.506408215,2.558280706
15:13:27,2.562470198,3.506548405,2.558809042
15:13:27,2.561220407,3.504974127,2.560171843
15:13:27,2.56152606,3.506420135,2.559171438
15:13:27,2.562336206,3.50594902,2.560441017
15:13:27,2.562033653,3.506493807,2.559010029
15:13:27,2.562319994,3.508770704,2.560899496
15:13:27,2.562683582,3.509916782,2.560520411
15:13:27,2.562525034,3.50946188,2.56028986
15:13:27,2.563494205,3.508272409,2.560757875
15:13:27,2.562586546,3.508379936,2.561026812
15:13:27,2.562184811,3.508494139,2.560245275
15:13:27,2.562244654,3.508277416,2.560207844
15:13:27,2.562762022,3.50845623,2.560354948
15:13:27,2.562124491,3.508938551,2.558401108
15:13:27,2.562665701,3.508518457,2.560017824
15:13:27,2.562933445,3.508847237,2.560808897
15:13:27,2.562854052,3.508197784,2.560117722
15:13:27,2.562474251,3.508793831,2.558524609
15:13:27,2.562385798,3.5080688,2.559019327
15:13:27,2.561971426,3.507139683,2.558191299
15:13:27,2.561778545,3.506850481,2.559691191
15:13:27,2.561753988,3.507081747,2.558624029
15:13:27,2.563061476,3.508713484,2.560469627
15:13:27,2.563236475,3.508676291,2.559643984
15:13:27,2.563168526,3.508594036,2.559884548
15:13:27,2.562872648,3.50769949,2.56064105
15:13:27,2.562914848,3.507292986,2.559841394
15:13:27,2.563047647,3.506469727,2.55978179
15:13:27,2.562810421,3.50568676,2.560045719
15:13:27,2.561563492,3.508623838,2.560112
15:13:27,2.563572168,3.508709431,2.560605764
15:13:27,2.563220024,3.509493113,2.560540438
15:13:27,2.56330061,3.50868988,2.559742212
15:13:27,2.56264782,3.507930279,2.560432673
15:13:27,2.56217885,3.508072615,2.560990095
15:13:27,2.562489271,3.507999182,2.559178591
15:13:27,2.56364274,3.507256031,2.559552431
15:13:27,2.562830925,3.506809473,2.559895515
15:13:27,2.562875986,3.508008242,2.559728861
15:13:27,2.563085318,3.508384466,2.559410095
15:13:27,2.562069654,3.507616043,2.559084654
15:13:27,2.562264442,3.508352518,2.55905509
15:13:27,2.563049555,3.508484364,2.558862448
15:13:27,2.562427282,3.508203983,2.560585499
15:13:27,2.562735081,3.508579493,2.560101986
15:13:27,2.561967373,3.509000063,2.559611082
15:13:27,2.562590361,3.508272886,2.560381651
15:13:27,2.562000275,3.507675171,2.558548927
15:13:27,2.561951637,3.508155584,2.560585976
15:13:27,2.562413931,3.507252455,2.55975008
15:13:27,2.562013865,3.5067873,2.560702562
15:13:27,2.562346935,3.506798267,2.559832811
15:13:27,2.562379599,3.50861764,2.559888363
15:13:27,2.562695026,3.509728432,2.560298443
15:13:27,2.56278944,3.509530783,2.559078932
15:13:27,2.562525034,3.508054972,2.559695721
15:13:27,2.56182313,3.507312536,2.561588049
15:13:27,2.562672377,3.507642031,2.560708284
15:13:27,2.562672377,3.50723362,2.561306238
15:13:27,2.562479496,3.507070065,2.559617758
15:13:27,2.563019037,3.507273436,2.560722351
15:13:27,2.562628508,3.506392717,2.559852362
15:13:27,2.56218195,3.506594658,2.559845209
15:13:27,2.562069654,3.507647991,2.558717728
15:13:27,2.562452316,3.50878644,2.560600042
15:13:27,2.562406778,3.509522915,2.559094667
15:13:27,2.562415361,3.508517742,2.559406281
15:13:27,2.562090158,3.508483648,2.560082912
15:13:27,2.562842607,3.508676767,2.560323954
15:13:27,2.561576843,3.508522034,2.560352087
15:13:27,2.561545134,3.50851965,2.559861183
15:13:27,2.562099934,3.508209705,2.559580088
15:13:27,2.561934948,3.508573055,2.559263468
15:13:27,2.561756134,3.50758791,2.560786963
15:13:27,2.562240362,3.507413626,2.559097528
15:13:28,2.561547041,3.508565187,2.559030056
15:13:28,2.562665224,3.508272886,2.559372902
15:13:28,2.562392235,3.509348631,2.55913949
15:13:28,2.562563419,3.509328604,2.559969664
15:13:28,2.562536955,3.508708715,2.559974909
15:13:28,2.56213522,3.508463383,2.560254574
15:13:28,2.561509371,3.50738287,2.558287382
15:13:28,2.563281536,3.507552624,2.560402155
15:13:28,2.561974049,3.507407188,2.559428453
15:13:28,2.562501669,3.508760929,2.559965134
15:13:28,2.562155724,3.50751543,2.558755398
15:13:28,2.562894106,3.508713484,2.559725046
15:13:28,2.562797308,3.508893967,2.559781313
15:13:28,2.56291604,3.508943081,2.560218334
15:13:28,2.562009096,3.506989717,2.559515476
15:13:28,2.562081575,3.508817673,2.560075998
15:13:28,2.561869621,3.507848978,2.561023235
15:13:28,2.563750029,3.507935047,2.560579538
15:13:28,2.563386679,3.508177757,2.561463356
15:13:28,2.562719822,3.508312941,2.559827566
15:13:28,2.562929392,3.508547068,2.560312986
15:13:28,2.563349485,3.508944988,2.560800314
15:13:28,2.563037872,3.508141756,2.560163975
15:13:28,2.562234402,3.508612394,2.560759306
15:13:28,2.562702179,3.50858283,2.560506105
15:13:28,2.562886238,3.508259296,2.56042552
15:13:28,2.562822819,3.508590221,2.55975461
15:13:28,2.563751936,3.508547068,2.559207201
15:13:28,2.563884974,3.509053946,2.560318232
15:13:28,2.562986374,3.508167267,2.560508728
15:13:28,2.56265974,3.507994175,2.560393572
15:13:28,2.563038826,3.508240938,2.560094118
15:13:28,2.562652588,3.508436918,2.559584856
15:13:28,2.563337803,3.508649588,2.558595419
15:13:28,2.562552214,3.508845806,2.5596807
15:13:28,2.563169241,3.509278536,2.561106443
15:13:28,2.562275171,3.508324623,2.560742617
15:13:28,2.562886953,3.509871006,2.560715199
15:13:28,2.563111067,3.509188414,2.560325384
15:13:28,2.563233376,3.508648872,2.560585499
15:13:28,2.56222558,3.508731127,2.561483383
15:13:28,2.563361406,3.50816083,2.560193777
15:13:28,2.562647104,3.507759571,2.56020236
15:13:28,2.56276083,3.507903814,2.559076071
15:13:28,2.563174486,3.509299994,2.561608315
15:13:28,2.56319952,3.507980824,2.559778452
15:13:28,2.562107325,3.508653402,2.561121702
15:13:28,2.563188314,3.509124279,2.558741093
15:13:28,2.563134193,3.509210587,2.560664892
15:13:28,2.563534975,3.5078547,2.559757948
15:13:28,2.563870907,3.507786989,2.559450626
15:13:28,2.56340909,3.508645535,2.559494257
15:13:28,2.563379288,3.508511066,2.560515881
15:13:28,2.562384129,3.508345366,2.560967684
15:13:28,2.562788725,3.50804925,2.56002903
15:13:28,2.562529802,3.508023024,2.560015202
15:13:28,2.563570976,3.50894928,2.560086012
15:13:28,2.562835455,3.509386778,2.560597897
15:13:28,2.562666893,3.508992672,2.559826136
15:13:28,2.563281536,3.508406162,2.559177399
15:13:28,2.563480616,3.510105133,2.561170816
15:13:28,2.562664509,3.509032249,2.559016466
15:13:28,2.563477755,3.509316921,2.559539557
15:13:28,2.563056231,3.509835005,2.561018467
15:13:28,2.562893152,3.508760929,2.560217142
15:13:28,2.562742949,3.509375572,2.560477734
15:13:28,2.5630126,3.508852482,2.560226917
15:13:28,2.563580036,3.508309364,2.560222387
15:13:28,2.563005447,3.50865221,2.560462475
15:13:28,2.562873602,3.508397818,2.559514046
15:13:28,2.562748432,3.507844925,2.560915947
15:13:28,2.562758923,3.5093894,2.560291767
15:13:28,2.563181877,3.509227991,2.561452389
15:13:28,2.563117027,3.509444952,2.559507847
15:13:28,2.562272787,3.508956194,2.559317589
15:13:28,2.562505245,3.507520676,2.558770657
15:13:28,2.562646389,3.508600712,2.559978247
15:13:28,2.563033819,3.509085178,2.560417175
15:13:28,2.563497543,3.50875783,2.559218884
15:13:28,2.562863827,3.507113934,2.560337782
15:13:28,2.562819242,3.507461309,2.560600519
15:13:28,2.562116146,3.508494139,2.560219765
15:13:28,2.562971592,3.508382559,2.560075045
15:13:28,2.563118935,3.508386612,2.559831381
15:13:28,2.562172174,3.508663177,2.558717728
15:13:28,2.562635899,3.508862734,2.558915615
15:13:28,2.562774658,3.508225918,2.55941534
15:13:28,2.56333828,3.508947134,2.559051752
15:13:28,2.562924862,3.508895636,2.559967041
15:13:28,2.563271523,3.508263826,2.560142994
15:13:28,2.562657118,3.508584261,2.559861898
15:13:28,2.561590195,3.50773859,2.558932781
15:13:28,2.561879396,3.507351637,2.558825016
15:13:28,2.562010288,3.507512093,2.558957338
15:13:28,2.562992096,3.511199236,2.560017109
15:13:28,2.562488079,3.509696007,2.559880257
15:13:28,2.561946154,3.508492231,2.560499907
15:13:28,2.562821627,3.509431601,2.560073376
15:13:28,2.562190294,3.50839591,2.559004545
15:13:28,2.561204195,3.508398771,2.559560299
15:13:28,2.561432123,3.507514954,2.558493614
15:13:28,2.561558962,3.506299973,2.55896759
15:13:28,2.562190294,3.506902218,2.559152126
15:13:28,2.561766624,3.506586552,2.559016466
15:13:28,2.562265396,3.505950451,2.5590868
15:13:28,2.561004162,3.505367041,2.558076143
15:13:28,2.561942339,3.5067873,2.559597492
15:13:28,2.563230038,3.507688999,2.56052947
15:13:28,2.562655926,3.507825375,2.559372902
15:13:28,2.561102629,3.50816083,2.559197903
15:13:28,2.562162876,3.509643078,2.559201956
15:13:28,2.561742067,3.509102345,2.560212374
15:13:28,2.562267303,3.507745981,2.559783936
15:13:28,2.563689709,3.508081913,2.560019493
15:13:28,2.562306166,3.508352518,2.560100079
15:13:29,2.563275099,3.509230852,2.55920577
15:13:29,2.562224388,3.509187698,2.55899024
15:13:29,2.562400103,3.508639812,2.558647633
15:13:29,2.561735392,3.508929968,2.56018734
15:13:29,2.563224077,3.509520054,2.561206341
15:13:29,2.562410116,3.508804798,2.560607195
15:13:29,2.564052582,3.509204626,2.561001301
15:13:29,2.562913656,3.508518457,2.560109854
15:13:29,2.563122272,3.508975029,2.560689926
15:13:29,2.563247919,3.507460117,2.560776711
15:13:29,2.563710928,3.507861853,2.559863806
15:13:29,2.563392639,3.508737326,2.559705496
15:13:29,2.563111067,3.508639097,2.560063124
15:13:29,2.563155174,3.508406162,2.559967041
15:13:29,2.562953234,3.508681297,2.560444593
15:13:29,2.562896967,3.508998632,2.56136775
15:13:29,2.563175678,3.509444237,2.561335564
15:13:29,2.563196182,3.508804798,2.55981493
15:13:29,2.562915325,3.508816719,2.558955908
15:13:29,2.562532425,3.509248495,2.559227705
15:13:29,2.562903643,3.508545637,2.560298443
15:13:29,2.562167645,3.508191586,2.560190916
15:13:29,2.562312841,3.50778389,2.559756756
15:13:29,2.561401606,3.50950408,2.560115814
15:13:29,2.563628912,3.509693623,2.559830189
15:13:29,2.563022614,3.509199381,2.561146975
15:13:29,2.562885046,3.50942111,2.560558319
15:13:29,2.562955141,3.509009838,2.561517239
15:13:29,2.562864542,3.507462502,2.559396267
15:13:29,2.561793089,3.506442785,2.558362007
15:13:29,2.561903715,3.506866455,2.559094667
15:13:29,2.56104517,3.507052898,2.559218884
15:13:29,2.561491013,3.50723958,2.55875206
15:13:29,2.561967373,3.507848978,2.559361219
15:13:29,2.561758041,3.506180048,2.55943346
15:13:29,2.561742783,3.506082058,2.558841467
15:13:29,2.562374353,3.506511688,2.559617758
15:13:29,2.562547922,3.505423546,2.560177326
15:13:29,2.560712099,3.506378889,2.558721066
15:13:29,2.560846806,3.506148577,2.559642792
15:13:29,2.561676502,3.506310463,2.560031176
15:13:29,2.561491728,3.508406878,2.55962491
15:13:29,2.562191963,3.506665468,2.559067726
15:13:29,2.561870337,3.50686574,2.558140516
15:13:29,2.562768221,3.506766558,2.558737516
15:13:29,2.561376095,3.505965948,2.560755968
15:13:29,2.562672853,3.50627327,2.561100245
15:13:29,2.562118769,3.506153822,2.560286999
15:13:29,2.562800646,3.507011175,2.559463739
15:13:29,2.563998938,3.507089615,2.560661554
15:13:29,2.562944889,3.509043455,2.559606552
15:13:29,2.562731266,3.508145094,2.559996128
15:13:29,2.562378883,3.508584738,2.560063124
15:13:29,2.563695192,3.510410547,2.559373617
15:13:29,2.563103199,3.511425018,2.560938597
15:13:29,2.563016653,3.509682894,2.559555769
15:13:29,2.56218195,3.509068966,2.561089993
15:13:29,2.563788414,3.509612322,2.560578108
15:13:29,2.562344551,3.508447886,2.559907436
15:13:29,2.563380718,3.508828163,2.560934305
15:13:29,2.562386274,3.508556843,2.560283899
15:13:29,2.562234402,3.50895977,2.560453653
15:13:29,2.562926769,3.507978201,2.560764074
15:13:29,2.562515736,3.509191513,2.560455799
15:13:29,2.562557459,3.509426594,2.560008764
15:13:29,2.562281132,3.509334564,2.560815573
15:13:29,2.563822031,3.508402824,2.559865952
15:13:29,2.561910629,3.507684708,2.560503244
15:13:29,2.562807322,3.506678581,2.560830116
15:13:29,2.562418699,3.507329464,2.560820103
15:13:29,2.562663078,3.506705761,2.56038022
15:13:29,2.562563896,3.506499529,2.560561657
15:13:29,2.562566519,3.507024765,2.560383081
15:13:29,2.562989473,3.507473707,2.560899019
15:13:29,2.56251502,3.507582903,2.560596466
15:13:29,2.562820435,3.508639812,2.55951333
15:13:29,2.562581301,3.507407904,2.559791565
15:13:29,2.563231945,3.508045912,2.559429407
15:13:29,2.562233686,3.507897377,2.560423374
15:13:29,2.562398434,3.508111954,2.560152769
15:13:29,2.56282711,3.508856297,2.559956312
15:13:29,2.562692642,3.509169579,2.560781002
15:13:29,2.563494205,3.509674311,2.559344769
15:13:29,2.562685013,3.508200645,2.559615135
15:13:29,2.562074423,3.507634401,2.559627056
15:13:29,2.563571692,3.50809741,2.559593916
15:13:29,2.561588049,3.508081913,2.558787823
15:13:29,2.562182665,3.50847578,2.559324026
15:13:29,2.563017845,3.508954287,2.559519768
15:13:29,2.563165188,3.509939194,2.5604074
15:13:29,2.562631369,3.507732868,2.561267138
15:13:29,2.562714577,3.508095503,2.560642958
15:13:29,2.563173056,3.508239031,2.560426712
15:13:29,2.563150167,3.507632971,2.559508562
15:13:29,2.561464548,3.508726358,2.557570934
15:13:29,2.562648296,3.508837938,2.55978322
15:13:29,2.562840223,3.50758934,2.560105324
15:13:29,2.562475443,3.506424427,2.560097694
15:13:29,2.562165022,3.507628918,2.560803652
15:13:29,2.562320709,3.507173777,2.560979605
15:13:29,2.562742233,3.508226395,2.558823109
15:13:29,2.562310934,3.507368803,2.559178114
15:13:29,2.562505245,3.508671522,2.560542345
15:13:29,2.562538862,3.508213758,2.56012392
15:13:29,2.563009262,3.507249117,2.560035706
15:13:29,2.562250137,3.506533384,2.558523893
15:13:29,2.562560558,3.506366014,2.559272528
15:13:29,2.562421083,3.506566763,2.55984807
15:13:29,2.56264782,3.507407188,2.560002804
15:13:29,2.562301636,3.50890255,2.561118364
15:13:29,2.563015938,3.509426117,2.559891701
15:13:29,2.563011885,3.509321451,2.558312416
15:13:29,2.562550783,3.510280609,2.558656931
15:13:29,2.56311512,3.509067059,2.559076071
15:13:29,2.562125921,3.509196281,2.560318708
15:13:29,2.561874628,3.508145809,2.560467958
15:13:29,2.562515736,3.507929802,2.5592978
15:13:29,2.561576128,3.507180929,2.55915308
15:13:29,2.562336206,3.507915497,2.55935216
15:13:30,2.56187892,3.508381128,2.559156179
15:13:30,2.562673569,3.508131981,2.559339523
15:13:30,2.562084913,3.508419752,2.559906244
15:13:30,2.562848806,3.508162975,2.559678078
15:13:30,2.561861992,3.507370472,2.560739517
15:13:30,2.562555313,3.507208824,2.55995512
15:13:30,2.562516212,3.506420851,2.558847427
15:13:30,2.562781334,3.507162571,2.560867071
15:13:30,2.562162876,3.507373095,2.558629513
15:13:30,2.562450886,3.508117676,2.559419394
15:13:30,2.562211275,3.507276058,2.560377598
15:13:30,2.561466694,3.506955624,2.560563564
15:13:30,2.56243968,3.507436514,2.560830116
15:13:30,2.562939882,3.506866455,2.559248924
15:13:30,2.56250906,3.507506371,2.56071353
15:13:30,2.563147545,3.508901119,2.558802605
15:13:30,2.562540293,3.508711576,2.560746193
15:13:30,2.562206507,3.508142471,2.561321974
15:13:30,2.561758041,3.508606911,2.560877085
15:13:30,2.561233997,3.50819087,2.559790373
15:13:30,2.562079668,3.508644581,2.55995059
15:13:30,2.562833548,3.508497477,2.56023407
15:13:30,2.562474251,3.508767605,2.559764147
15:13:30,2.561845779,3.508756399,2.559631109
15:13:30,2.562587738,3.50831604,2.561333418
15:13:30,2.563134909,3.509948492,2.56043601
15:13:30,2.562672377,3.51065135,2.560614347
15:13:30,2.563636303,3.509967566,2.560390949
15:13:30,2.562536955,3.509538174,2.56117177
15:13:30,2.563196182,3.509932041,2.561612606
15:13:30,2.56355238,3.509217024,2.56146884
15:13:30,2.56279397,3.509639263,2.559694529
15:13:30,2.562102079,3.508406162,2.558397055
15:13:30,2.56218791,3.507461309,2.560055017
15:13:30,2.562277079,3.509024382,2.559192657
15:13:30,2.563323975,3.510254622,2.560282946
15:13:30,2.56268549,3.509711027,2.560340166
15:13:30,2.563118458,3.509940624,2.560934305
15:13:30,2.562804937,3.509472132,2.560127258
15:13:30,2.56236434,3.50680685,2.559185982
15:13:30,2.560605526,3.506485224,2.559896469
15:13:30,2.562813044,3.506619692,2.560259581
15:13:30,2.562719345,3.508674383,2.560582638
15:13:30,2.562552214,3.507637501,2.559655428
15:13:30,2.562616587,3.507788181,2.560990095
15:13:30,2.563340902,3.5075109,2.55951786
15:13:30,2.562488794,3.50852561,2.561364412
15:13:30,2.561588764,3.507788181,2.559488058
15:13:30,2.562464714,3.508065462,2.560311556
15:13:30,2.563253403,3.50722599,2.560885429
15:13:30,2.563015938,3.507857561,2.560985327
15:13:30,2.562286377,3.50715065,2.561170816
15:13:30,2.562704563,3.508630514,2.561065674
15:13:30,2.563733339,3.509630919,2.560955048
15:13:30,2.563534498,3.510643244,2.561866999
15:13:30,2.563496113,3.510425329,2.560752153
15:13:30,2.564528227,3.510300159,2.561524391
15:13:30,2.563310623,3.508545637,2.559557676
15:13:30,2.563451529,3.508618832,2.560350418
15:13:30,2.563506842,3.508197308,2.560678005
15:13:30,2.564109564,3.508509398,2.562215567
15:13:30,2.563537836,3.508406878,2.559710979
15:13:30,2.562752247,3.508700371,2.559765816
15:13:30,2.563913822,3.509695292,2.559090614
15:13:30,2.563484907,3.50902319,2.558741093
15:13:30,2.562620163,3.509513855,2.560785055
15:13:30,2.563507557,3.509209156,2.560876369
15:13:30,2.562011003,3.508292675,2.561491489
15:13:30,2.563203812,3.508169889,2.560195684
15:13:30,2.562406778,3.507368803,2.559578896
15:13:30,2.562624216,3.507889271,2.561876297
15:13:30,2.561999559,3.507861137,2.561073542
15:13:30,2.563021898,3.509641886,2.559535265
15:13:30,2.56163311,3.508769512,2.56026721
15:13:30,2.562396765,3.509380102,2.561173201
15:13:30,2.563332319,3.509338379,2.562131643
15:13:30,2.562844753,3.509007692,2.56163168
15:13:30,2.563187599,3.509565592,2.560219049
15:13:30,2.563041687,3.50890255,2.560423851
15:13:30,2.562322378,3.508816957,2.559489965
15:13:30,2.562963009,3.508415937,2.560017824
15:13:30,2.564663172,3.510445833,2.56180191
15:13:30,2.564029694,3.510484934,2.561120987
15:13:30,2.564048052,3.510646582,2.562155247
15:13:30,2.563364744,3.510919333,2.561987877
15:13:30,2.564928532,3.511738777,2.560410738
15:13:30,2.564248085,3.511394978,2.562408686
15:13:30,2.564561129,3.511208534,2.562285662
15:13:30,2.563894033,3.51142168,2.56105876
15:13:30,2.563839197,3.509547234,2.560716867
15:13:30,2.563727617,3.509584427,2.561043739
15:13:30,2.563865662,3.50955224,2.561888218
15:13:30,2.563066244,3.507504463,2.560082197
15:13:30,2.562035561,3.508903742,2.559551001
15:13:30,2.562861919,3.508380651,2.559426546
15:13:30,2.561701059,3.508023739,2.559994936
15:13:30,2.562927485,3.508731842,2.559666157
15:13:30,2.562775612,3.508345366,2.560079336
15:13:30,2.56272316,3.508156776,2.560121775
15:13:30,2.563941002,3.509239912,2.561802149
15:13:30,2.56334424,3.509334087,2.562122822
15:13:30,2.564161062,3.509176731,2.561633587
15:13:30,2.564244986,3.509978533,2.560533762
15:13:30,2.563219309,3.509509563,2.561775684
15:13:30,2.563797474,3.510586023,2.561430454
15:13:30,2.563813448,3.510061264,2.561052322
15:13:30,2.563807487,3.509024382,2.560525894
15:13:30,2.563510656,3.509600163,2.560697079
15:13:30,2.563577414,3.509605169,2.559799671
15:13:30,2.563360929,3.509318829,2.56177187
15:13:30,2.562563419,3.508429527,2.559926033
15:13:30,2.562991381,3.50928688,2.55971384
15:13:30,2.564010859,3.508772135,2.560132265
15:13:30,2.562602282,3.508759022,2.559756041
15:13:30,2.561513424,3.509629488,2.560153484
15:13:30,2.563019753,3.509298563,2.559982777
15:13:31,2.563104391,3.508119106,2.559051037
15:13:31,2.563330412,3.507526636,2.560356379
15:13:31,2.562869072,3.510285616,2.561570168
15:13:31,2.562977552,3.507999182,2.560825586
15:13:31,2.563683987,3.508529425,2.5610919
15:13:31,2.563029051,3.50945282,2.561101198
15:13:31,2.563830614,3.510336161,2.562421799
15:13:31,2.562917948,3.510397196,2.559862375
15:13:31,2.562664509,3.50948143,2.560174704
15:13:31,2.563142776,3.509893656,2.559673786
15:13:31,2.564192772,3.510373354,2.560207844
15:13:31,2.563536644,3.510360718,2.561345816
15:13:31,2.563352823,3.510412931,2.560859203
15:13:31,2.564004421,3.511332273,2.561743259
15:13:31,2.563863039,3.510643244,2.56184721
15:13:31,2.564991474,3.511024475,2.561919928
15:13:31,2.564265251,3.511633873,2.561705828
15:13:31,2.564304352,3.511285305,2.56158638
15:13:31,2.56396842,3.510341167,2.561466217
15:13:31,2.563872337,3.511223078,2.561336517
15:13:31,2.56403327,3.510604143,2.561323643
15:13:31,2.563530207,3.511100054,2.561439276
15:13:31,2.564214468,3.510178804,2.560386181
15:13:31,2.563580036,3.509273767,2.561514616
15:13:31,2.564086914,3.510528088,2.562148094
15:13:31,2.563658714,3.509887218,2.561618328
15:13:31,2.563305378,3.509691477,2.561802149
15:13:31,2.563565493,3.507849455,2.559914827
15:13:31,2.561719656,3.507411003,2.559159517
15:13:31,2.562319994,3.507103205,2.559427261
15:13:31,2.563513041,3.507456779,2.559952974
15:13:31,2.562308073,3.509284258,2.560199738
15:13:31,2.562083006,3.508610964,2.558469057
15:13:31,2.561959982,3.508064747,2.559025288
15:13:31,2.562485456,3.508032084,2.558835983
15:13:31,2.562349319,3.507476568,2.559835672
15:13:31,2.562707424,3.507958651,2.559340715
15:13:31,2.562861443,3.506881237,2.560824871
15:13:31,2.562006235,3.506888628,2.558480978
15:13:31,2.562321424,3.50745225,2.560880423
15:13:31,2.561650991,3.508113146,2.558866024
15:13:31,2.562553883,3.507409096,2.559497356
15:13:31,2.56184721,3.508702517,2.559584856
15:13:31,2.563089132,3.509774446,2.559665442
15:13:31,2.563167334,3.510352612,2.561422586
15:13:31,2.563143253,3.510257006,2.560717583
15:13:31,2.564109564,3.50950098,2.560104609
15:13:31,2.563564539,3.509138346,2.560224295
15:13:31,2.562878609,3.509269238,2.560384512
15:13:31,2.562945843,3.507732868,2.560918808
15:13:31,2.56283617,3.50936079,2.560263157
15:13:31,2.56282711,3.51135397,2.560413599
15:13:31,2.563054323,3.508666515,2.559849977
15:13:31,2.562594652,3.510067225,2.561595678
15:13:31,2.562904358,3.510201693,2.559332848
15:13:31,2.562565088,3.509871006,2.559281111
15:13:31,2.562993526,3.509275198,2.560358524
15:13:31,2.562409163,3.508692741,2.560818911
15:13:31,2.562950373,3.508715868,2.560376406
15:13:31,2.563565016,3.506955624,2.561074018
15:13:31,2.562721729,3.507944107,2.560746193
15:13:31,2.563324451,3.508233786,2.561350584
15:13:31,2.561768532,3.507501602,2.559879303
15:13:31,2.563975811,3.509819984,2.56222415
15:13:31,2.56430769,3.508196592,2.561408043
15:13:31,2.56445694,3.509386778,2.560837507
15:13:31,2.563436985,3.509922266,2.560533762
15:13:31,2.56373477,3.510609388,2.561337948
15:13:31,2.56351161,3.510427952,2.560742617
15:13:31,2.563744783,3.510561705,2.561151981
15:13:31,2.563387394,3.509568214,2.560726404
15:13:31,2.563053608,3.510589361,2.55981946
15:13:31,2.563014746,3.509739876,2.561026812
15:13:31,2.563312531,3.508610964,2.561236858
15:13:31,2.562976599,3.509375572,2.55999732
15:13:31,2.562143564,3.510084867,2.559414148
15:13:31,2.561959982,3.508551598,2.559904814
15:13:31,2.562489986,3.509107351,2.559741497
15:13:31,2.562347174,3.509222984,2.561112404
15:13:31,2.562875986,3.509511948,2.559184074
15:13:31,2.564158201,3.509981871,2.561371803
15:13:31,2.562525749,3.509299994,2.56033206
15:13:31,2.56297946,3.508948326,2.560029745
15:13:31,2.563200951,3.509299278,2.559697866
15:13:31,2.564117908,3.50825572,2.559448004
15:13:31,2.563611031,3.507275581,2.560189247
15:13:31,2.563521385,3.507852077,2.561099052
15:13:31,2.562774658,3.507601738,2.56052947
15:13:31,2.563011169,3.5079844,2.560186625
15:13:31,2.562636614,3.508219004,2.559664726
15:13:31,2.563274384,3.507726908,2.560904026
15:13:31,2.563484907,3.508163691,2.55973959
15:13:31,2.562719822,3.507249117,2.560555696
15:13:31,2.562616587,3.507442474,2.560987473
15:13:31,2.562923431,3.508478165,2.559530497
15:13:31,2.563247919,3.50912261,2.55964756
15:13:31,2.562957764,3.508299589,2.561279774
15:13:31,2.562870026,3.5079422,2.561906815
15:13:31,2.562199354,3.507850885,2.561392784
15:13:31,2.563354254,3.50937438,2.560739517
15:13:31,2.563106298,3.507824898,2.560212851
15:13:31,2.562385798,3.509133339,2.559818745
15:13:31,2.563572168,3.508068085,2.55967617
15:13:31,2.562026739,3.509378195,2.559993267
15:13:31,2.562635899,3.508394241,2.559909582
15:13:31,2.563212156,3.508910894,2.561242819
15:13:31,2.562293291,3.509786129,2.56093359
15:13:31,2.563441277,3.510259867,2.559592009
15:13:31,2.563187599,3.509274483,2.558914185
15:13:31,2.563758612,3.508615494,2.560707808
15:13:31,2.563463926,3.50895071,2.559903622
15:13:31,2.56409955,3.509581566,2.56103754
15:13:31,2.563322544,3.507414341,2.560653687
15:13:31,2.562138557,3.507392883,2.561424494
15:13:31,2.56323719,3.508400679,2.561228752
15:13:31,2.563344955,3.50772047,2.559648275
15:13:31,2.563315153,3.509065628,2.558754206
15:13:31,2.562385082,3.50797081,2.560711622
15:13:31,2.561852217,3.508818865,2.561006546
15:13:32,2.562349796,3.506394625,2.56111908
15:13:32,2.562939405,3.507500648,2.560121775
15:13:32,2.561834574,3.508074522,2.561017036
15:13:32,2.563302517,3.50785923,2.55978775
15:13:32,2.561695337,3.507005215,2.560660839
15:13:32,2.563081264,3.507885456,2.559463024
15:13:32,2.562186003,3.50734973,2.559234858
15:13:32,2.562260151,3.507319212,2.560621023
15:13:32,2.562308788,3.507587194,2.55954361
15:13:32,2.562491894,3.507498503,2.560148001
15:13:32,2.563795567,3.507918119,2.5601933
15:13:32,2.562647104,3.508406162,2.560058355
15:13:32,2.562569857,3.50785923,2.561136246
15:13:32,2.561800718,3.507813692,2.559316874
15:13:32,2.56247735,3.508132696,2.560943365
15:13:32,2.562593222,3.508205175,2.560388327
15:13:32,2.562264442,3.50948596,2.562082529
15:13:32,2.562437296,3.507781506,2.55956769
15:13:32,2.562041283,3.508691072,2.560235023
15:13:32,2.562407494,3.508591652,2.559242725
15:13:32,2.561716318,3.508989573,2.560136557
15:13:32,2.563007355,3.510277987,2.56068778
15:13:32,2.562981367,3.509763956,2.55928874
15:13:32,2.561808825,3.508627415,2.560303688
15:13:32,2.562665701,3.509027958,2.560926437
15:13:32,2.562966824,3.509095669,2.561103821
15:13:32,2.562626123,3.507463932,2.560499907
15:13:32,2.562819242,3.508113623,2.560868502
15:13:32,2.562567472,3.509463787,2.559478998
15:13:32,2.56269002,3.509385347,2.559925318
15:13:32,2.562074423,3.508893967,2.559977055
15:13:32,2.562770128,3.508570433,2.560207844
15:13:32,2.562482595,3.508123636,2.561726093
15:13:32,2.562958479,3.5077672,2.559555769
15:13:32,2.562447786,3.508098364,2.560546398
15:13:32,2.562239408,3.509040356,2.56017065
15:13:32,2.563477039,3.507760763,2.560774326
15:13:32,2.563638926,3.508699656,2.560757399
15:13:32,2.56267643,3.509546041,2.56042552
15:13:32,2.562648296,3.509325504,2.561266422
15:13:32,2.563160658,3.507491827,2.559172153
15:13:32,2.564229727,3.507947445,2.561072111
15:13:32,2.562759638,3.50703001,2.561225414
15:13:32,2.562206507,3.50724268,2.561237574
15:13:32,2.56278801,3.507499218,2.560911655
15:13:32,2.563099861,3.509311676,2.561025143
15:13:32,2.562703371,3.508903265,2.560619831
15:13:32,2.562051296,3.507886887,2.559743643
15:13:32,2.563196898,3.509133339,2.559872389
15:13:32,2.563251734,3.509119987,2.559600115
15:13:32,2.563174486,3.50792408,2.560457945
15:13:32,2.562965155,3.508308649,2.56119442
15:13:32,2.562450171,3.507108927,2.559131861
15:13:32,2.562369585,3.508648872,2.559542418
15:13:32,2.562478065,3.508974314,2.560222864
15:13:32,2.563248396,3.509716749,2.560911655
15:13:32,2.562634706,3.509494305,2.560465574
15:13:32,2.562139273,3.508034229,2.559043646
15:13:32,2.562185287,3.508289099,2.559757948
15:13:32,2.562940598,3.507827759,2.560578823
15:13:32,2.562256575,3.509294033,2.560017109
15:13:32,2.561900854,3.508588076,2.558703899
15:13:32,2.562871933,3.508626699,2.560637474
15:13:32,2.563809395,3.509714842,2.560497284
15:13:32,2.563434124,3.510728121,2.561304331
15:13:32,2.562351227,3.509268761,2.561120987
15:13:32,2.561988592,3.509585142,2.560519934
15:13:32,2.563017368,3.509428024,2.560728073
15:13:32,2.563318491,3.510782957,2.559740782
15:13:32,2.563330412,3.511609793,2.561534405
15:13:32,2.563447237,3.507658958,2.559758663
15:13:32,2.561433315,3.506917238,2.558932781
15:13:32,2.561510801,3.50797677,2.558894157
15:13:32,2.562299013,3.508128881,2.559487343
15:13:32,2.562097073,3.507980108,2.559968948
15:13:32,2.562460899,3.507910728,2.559267998
15:13:32,2.562688112,3.507018328,2.560808897
15:13:32,2.563669443,3.508272886,2.561522961
15:13:32,2.563152075,3.507454872,2.560977459
15:13:32,2.563307047,3.507584572,2.561390162
15:13:32,2.563937426,3.508488417,2.562066317
15:13:32,2.564063787,3.508828163,2.560894728
15:13:32,2.56337595,3.508565903,2.560757399
15:13:32,2.563657522,3.507675171,2.560389042
15:13:32,2.563885212,3.509371042,2.559909582
15:13:32,2.563893318,3.510500431,2.56195426
15:13:32,2.562964439,3.509218216,2.561371803
15:13:32,2.563242674,3.511049271,2.561575413
15:13:32,2.563339472,3.509321451,2.562038422
15:13:32,2.563520193,3.511538506,2.561043024
15:13:32,2.564261436,3.513143539,2.561722279
15:13:32,2.564230442,3.511712551,2.559880257
15:13:32,2.563790321,3.510477066,2.561240673
15:13:32,2.564050436,3.510557413,2.562323332
15:13:32,2.56325531,3.511377811,2.56147337
15:13:32,2.564286709,3.512487888,2.560640335
15:13:32,2.563839912,3.512176514,2.561599255
15:13:32,2.562721729,3.51186347,2.560593843
15:13:32,2.563935757,3.50751543,2.56132555
15:13:32,2.562593937,3.504581451,2.559777021
15:13:32,2.562126875,3.504997492,2.560582638
15:13:32,2.565318108,3.510164976,2.561582088
15:13:32,2.563893318,3.510735273,2.561032295
15:13:32,2.563313246,3.510309935,2.560468912
15:13:32,2.56359911,3.510596514,2.561316252
15:13:32,2.56236434,3.507099867,2.559914827
15:13:32,2.563302517,3.507195711,2.560874939
15:13:32,2.562905312,3.505284786,2.561295033
15:13:32,2.561643124,3.506558418,2.559014559
15:13:32,2.56196475,3.509389877,2.560259581
15:13:32,2.56230545,3.50995636,2.559989691
15:13:32,2.562488079,3.510285139,2.559976339
15:13:32,2.563297033,3.508990288,2.561012506
15:13:32,2.563132048,3.509348631,2.560672045
15:13:32,2.5630126,3.510285616,2.560762405
15:13:33,2.563563824,3.509788752,2.560034037
15:13:33,2.562489986,3.510946274,2.559144974
15:13:33,2.561933279,3.509200811,2.559881687
15:13:33,2.562843323,3.508500814,2.55905509
15:13:33,2.563639641,3.508979082,2.561791182
15:13:33,2.56296587,3.50983572,2.560420036
15:13:33,2.563005924,3.509704113,2.56058383
15:13:33,2.562525034,3.508687258,2.559702635
15:13:33,2.562820435,3.508231163,2.559371948
15:13:33,2.563034534,3.507799864,2.560185432
15:13:33,2.563336611,3.508857012,2.561128378
15:13:33,2.562886953,3.509671926,2.561163425
15:13:33,2.563544512,3.508364201,2.560871124
15:13:33,2.562815666,3.508990288,2.558560848
15:13:33,2.562394142,3.506804228,2.560513258
15:13:33,2.56312418,3.507013083,2.560908079
15:13:33,2.562986374,3.508049726,2.560446024
15:13:33,2.562963963,3.506943226,2.559548855
15:13:33,2.562767506,3.508039474,2.560207129
15:13:33,2.562965155,3.507733345,2.560600519
15:13:33,2.562877893,3.507510424,2.559466362
15:13:33,2.562622786,3.508406878,2.560338497
15:13:33,2.563769102,3.50841856,2.559310913
15:13:33,2.562423944,3.50817275,2.559999943
15:13:33,2.562419891,3.50763154,2.560567617
15:13:33,2.562470198,3.505360365,2.559793949
15:13:33,2.561873436,3.505571127,2.559887648
15:13:33,2.562816381,3.505493402,2.559835672
15:13:33,2.562567949,3.508854389,2.560638189
15:13:33,2.563163042,3.509159088,2.560011387
15:13:33,2.561808348,3.507718563,2.55926466
15:13:33,2.562584877,3.507516146,2.560315609
15:13:33,2.5625453,3.508206844,2.560954332
15:13:33,2.562457085,3.508845329,2.560982227
15:13:33,2.56210947,3.508966446,2.559379101
15:13:33,2.562470198,3.508407593,2.560024023
15:13:33,2.562090158,3.509029388,2.559892178
15:13:33,2.562287807,3.508417845,2.560890913
15:13:33,2.563066244,3.507822275,2.560814142
15:13:33,2.562310934,3.508774996,2.561380863
15:13:33,2.562402725,3.509073019,2.559949875
15:13:33,2.563058376,3.510033846,2.560042381
15:13:33,2.563578844,3.509316921,2.559298515
15:13:33,2.563001156,3.507999659,2.559043646
15:13:33,2.56265831,3.509010315,2.56106925
15:13:33,2.562766075,3.508944988,2.562699795
15:13:33,2.56233263,3.507618666,2.5596838
15:13:33,2.563112259,3.508760452,2.559896469
15:13:33,2.562092304,3.507377386,2.560221434
15:13:33,2.563343763,3.508876562,2.560410023
15:13:33,2.563041687,3.509320021,2.561136246
15:13:33,2.56316781,3.508749247,2.560117722
15:13:33,2.562590361,3.508797407,2.560869217
15:13:33,2.562114239,3.508648157,2.558843374
15:13:33,2.562203169,3.508466721,2.560060263
15:13:33,2.562882662,3.509237766,2.561100245
15:13:33,2.562692642,3.50796628,2.560142279
15:13:33,2.562856436,3.508425713,2.559534073
15:13:33,2.562322855,3.508483648,2.560529947
15:13:33,2.561988592,3.509499788,2.559998751
15:13:33,2.561742067,3.508036137,2.560880423
15:13:33,2.561982155,3.508175135,2.560527086
15:13:33,2.561840057,3.507815599,2.561385632
15:13:33,2.562493324,3.507421494,2.559285879
15:13:33,2.561930418,3.506628752,2.56009841
15:13:33,2.561542511,3.507544756,2.560734272
15:13:33,2.561127663,3.507387161,2.560028553
15:13:33,2.562036037,3.508089066,2.560490608
15:13:33,2.561518908,3.508503914,2.560245275
15:13:33,2.562226295,3.507550955,2.558392286
15:13:33,2.563371181,3.507174253,2.561288357
15:13:33,2.56290102,3.506981134,2.56101203
15:13:33,2.562129974,3.507514954,2.560711622
15:13:33,2.56424284,3.510558605,2.562246084
15:13:33,2.56294775,3.511071205,2.561726809
15:13:33,2.563547134,3.511434078,2.56235528
15:13:33,2.563459873,3.51105237,2.562104464
15:13:33,2.564383507,3.510165691,2.562186956
15:13:33,2.564744949,3.509605885,2.56198287
15:13:33,2.564866066,3.509978533,2.561724901
15:13:33,2.564622641,3.510645151,2.561576128
15:13:33,2.562089682,3.508606911,2.561247826
15:13:33,2.562276363,3.509260893,2.56009841
15:13:33,2.562775612,3.5086689,2.56055212
15:13:33,2.562584877,3.508464098,2.560248852
15:13:33,2.563112259,3.508938551,2.561007738
15:13:33,2.563776493,3.508907318,2.561567307
15:13:33,2.564924717,3.511689425,2.562375069
15:13:33,2.563883543,3.511145592,2.560780287
15:13:33,2.563203812,3.510592222,2.561945915
15:13:33,2.563262463,3.509895086,2.561151505
15:13:33,2.564156294,3.50973773,2.562787533
15:13:33,2.563798189,3.510070562,2.561629772
15:13:33,2.563913822,3.509087324,2.560218334
15:13:33,2.564272404,3.509454727,2.561763048
15:13:33,2.564169407,3.509595394,2.560930014
15:13:33,2.561808825,3.506664753,2.559823036
15:13:33,2.562039375,3.507177353,2.559642076
15:13:33,2.56350565,3.50821805,2.5613029
15:13:33,2.564583778,3.509730816,2.561104536
15:13:33,2.564320803,3.510271549,2.560958147
15:13:33,2.563214064,3.508842707,2.56181407
15:13:33,2.563716173,3.51014185,2.562020302
15:13:33,2.563891411,3.510210037,2.560706854
15:13:33,2.56402421,3.511066198,2.56080699
15:13:33,2.56058836,3.506920576,2.559619904
15:13:33,2.562460899,3.507529259,2.559777737
15:13:33,2.561294556,3.506273985,2.559800386
15:13:33,2.56221652,3.507373095,2.559042454
15:13:33,2.562589645,3.508163691,2.561115265
15:13:33,2.562878609,3.507676601,2.559662104
15:13:33,2.562128782,3.508235216,2.560904026
15:13:33,2.561680794,3.509095669,2.55883956
15:13:33,2.562316895,3.510518074,2.558791876
15:13:33,2.562596798,3.510363579,2.560634375
15:13:33,2.563929558,3.510259151,2.560742617
15:13:33,2.564464808,3.509460211,2.560701847
15:13:33,2.563038349,3.508698225,2.562641382
15:13:33,2.563441277,3.509443045,2.561883688
15:13:34,2.562746286,3.508485556,2.560045719
15:13:34,2.563581705,3.508963346,2.560521841
15:13:34,2.562478781,3.507404089,2.559933424
15:13:34,2.563062191,3.507443666,2.559331656
15:13:34,2.563046455,3.507128477,2.55978775
15:13:34,2.563412428,3.508430719,2.559530497
15:13:34,2.563616991,3.506687403,2.558541775
15:13:34,2.562273979,3.507407188,2.55944705
15:13:34,2.562237501,3.506258726,2.560544252
15:13:34,2.561845064,3.507430553,2.560416222
15:13:34,2.562250137,3.506266832,2.5604074
15:13:34,2.562480211,3.506513834,2.559457064
15:13:34,2.562582016,3.50693965,2.559506893
15:13:34,2.561965227,3.506467104,2.560633659
15:13:34,2.562782764,3.509157658,2.5600214
15:13:34,2.562626123,3.508922815,2.558941841
15:13:34,2.562708616,3.509030581,2.561160088
15:13:34,2.562217712,3.509185076,2.560132265
15:13:34,2.562726021,3.508033037,2.560161591
15:13:34,2.56236434,3.509500265,2.55994916
15:13:34,2.562971115,3.510018587,2.561606407
15:13:34,2.562009096,3.50900507,2.56059742
15:13:34,2.562116146,3.508558035,2.56065011
15:13:34,2.563408375,3.509184122,2.561612606
15:13:34,2.564002514,3.51009655,2.560437918
15:13:34,2.563529253,3.50894022,2.560438395
15:13:34,2.563952923,3.508882284,2.561444998
15:13:34,2.563681364,3.509576559,2.561336517
15:13:34,2.563585997,3.509695292,2.560834646
15:13:34,2.563966274,3.508194208,2.560943842
15:13:34,2.562615395,3.508070946,2.560345888
15:13:34,2.562277079,3.506951571,2.559439182
15:13:34,2.562998056,3.507566214,2.558322191
15:13:34,2.562644005,3.50798583,2.560892344
15:13:34,2.562482595,3.507930279,2.560056925
15:13:34,2.561870337,3.507899761,2.558648586
15:13:34,2.562380314,3.506929159,2.559859037
15:13:34,2.562391043,3.506753445,2.559248209
15:13:34,2.561938286,3.507858276,2.560829401
15:13:34,2.562138557,3.507205009,2.560206413
15:13:34,2.561569691,3.506816626,2.559995413
15:13:34,2.56298089,3.507289648,2.559615135
15:13:34,2.562880516,3.508767605,2.560893536
15:13:34,2.563950777,3.507969141,2.561072111
15:13:34,2.563277483,3.508279562,2.561274052
15:13:34,2.563225269,3.509316444,2.561306715
15:13:34,2.563081264,3.51023674,2.559475183
15:13:34,2.563150167,3.509086609,2.56038022
15:13:34,2.563361406,3.510156393,2.560499907
15:13:34,2.56210947,3.508520365,2.559078932
15:13:34,2.561417103,3.508141756,2.560279369
15:13:34,2.563238621,3.509377003,2.559829473
15:13:34,2.561814785,3.508485556,2.559906721
15:13:34,2.562940598,3.508514881,2.559105158
15:13:34,2.562838316,3.508184433,2.559629202
15:13:34,2.562952518,3.508203983,2.560732841
15:13:34,2.5629251,3.509317398,2.560080051
15:13:34,2.562851667,3.508750677,2.55954051
15:13:34,2.561495543,3.50853467,2.559957027
15:13:34,2.562565088,3.507810354,2.559633732
15:13:34,2.561590672,3.50692296,2.560334682
15:13:34,2.562217712,3.508042574,2.559586048
15:13:34,2.561518908,3.50770998,2.558557749
15:13:34,2.561808348,3.508550406,2.559771299
15:13:34,2.563112974,3.508717299,2.560912132
15:13:34,2.562435865,3.507888794,2.560703278
15:13:34,2.562677622,3.507777691,2.560100079
15:13:34,2.561617136,3.507399797,2.560046196
15:13:34,2.5627141,3.508052349,2.559545994
15:13:34,2.561943531,3.507927179,2.561072826
15:13:34,2.562205076,3.509530783,2.56135726
15:13:34,2.563339472,3.509581089,2.559515476
15:13:34,2.562682867,3.508958101,2.56053853
15:13:34,2.562878609,3.5094769,2.559880257
15:13:34,2.562836885,3.509123564,2.559755564
15:13:34,2.563318491,3.509243965,2.560082912
15:13:34,2.563266277,3.507951975,2.560152769
15:13:34,2.562596321,3.507658243,2.561136961
15:13:34,2.563354254,3.507967472,2.561370134
15:13:34,2.563202143,3.507818699,2.561501503
15:13:34,2.561333895,3.506318808,2.560749292
15:13:34,2.562430382,3.509080648,2.560179234
15:13:34,2.563629627,3.509078026,2.559258223
15:13:34,2.562788725,3.508653879,2.560358524
15:13:34,2.563591957,3.50834012,2.560134411
15:13:34,2.563794136,3.508840799,2.559980154
15:13:34,2.562575817,3.508767605,2.560097694
15:13:34,2.562752962,3.508149624,2.558369398
15:13:34,2.562671661,3.509199381,2.560778379
15:13:34,2.563272953,3.506852388,2.559999466
15:13:34,2.562190294,3.508353949,2.561337948
15:13:34,2.561778784,3.507732153,2.560316801
15:13:34,2.562433004,3.507852077,2.55978322
15:13:34,2.561501503,3.507736683,2.55898428
15:13:34,2.561841726,3.508066177,2.558888435
15:13:34,2.562143087,3.50829339,2.559807062
15:13:34,2.562775612,3.507673502,2.56030488
15:13:34,2.562248945,3.508808613,2.560281754
15:13:34,2.562740326,3.508886576,2.561871767
15:13:34,2.564316988,3.508495331,2.560695887
15:13:34,2.562319994,3.508100271,2.559982538
15:13:34,2.563691139,3.508524895,2.560965538
15:13:34,2.562937737,3.509416819,2.561589241
15:13:34,2.563046455,3.509226799,2.560723066
15:13:34,2.563513994,3.50767231,2.560339451
15:13:34,2.562755585,3.50864625,2.560035706
15:13:34,2.562190771,3.508098364,2.56191659
15:13:34,2.562232256,3.508597851,2.559659481
15:13:34,2.562716007,3.509675741,2.559537172
15:13:34,2.563050747,3.509429693,2.560564756
15:13:34,2.563817263,3.508765936,2.559965611
15:13:34,2.562491894,3.508531332,2.560857296
15:13:34,2.563134193,3.507969856,2.560241461
15:13:34,2.563655376,3.508024454,2.561702251
15:13:34,2.563430309,3.509817362,2.560637474
15:13:34,2.562204599,3.509772301,2.5600214
15:13:35,2.562402725,3.508647442,2.561002016
15:13:35,2.563475847,3.509598732,2.560694456
15:13:35,2.564163685,3.509208441,2.560067415
15:13:35,2.563034534,3.508352041,2.560109138
15:13:35,2.562107325,3.508652687,2.560026646
15:13:35,2.562892437,3.509263992,2.562330723
15:13:35,2.562702656,3.508434772,2.561411381
15:13:35,2.56152463,3.508142471,2.560753345
15:13:35,2.563136101,3.509254932,2.560853004
15:13:35,2.562330008,3.510204315,2.561964273
15:13:35,2.564415216,3.511672258,2.561559439
15:13:35,2.563180447,3.511281013,2.561579227
15:13:35,2.564231634,3.509782791,2.561482191
15:13:35,2.562563896,3.511078119,2.561151981
15:13:35,2.563513517,3.509805918,2.560832024
15:13:35,2.564007044,3.5092206,2.560789108
15:13:35,2.563650846,3.509876728,2.560286999
15:13:35,2.563365459,3.508063555,2.562104464
15:13:35,2.563388586,3.509061098,2.561378956
15:13:35,2.56438756,3.508997202,2.560978889
15:13:35,2.562896967,3.509677172,2.561231613
15:13:35,2.563580036,3.508914471,2.561105251
15:13:35,2.562134027,3.508147717,2.560530424
15:13:35,2.562853336,3.508675575,2.561318159
15:13:35,2.562638044,3.508692741,2.562120914
15:13:35,2.563973904,3.509432316,2.561121702
15:13:35,2.563678741,3.508829355,2.560943365
15:13:35,2.562844753,3.508599997,2.560743332
15:13:35,2.563871622,3.50888896,2.56223011
15:13:35,2.563672066,3.508332968,2.56121254
15:13:35,2.563930273,3.508851051,2.559648991
15:13:35,2.562068224,3.50839591,2.560214996
15:13:35,2.5632236,3.509630203,2.560519457
15:13:35,2.563177109,3.508635759,2.560757399
15:13:35,2.562643528,3.509988308,2.561053038
15:13:35,2.561474562,3.508740187,2.559451103
15:13:35,2.561710119,3.507352352,2.559547186
15:13:35,2.561409712,3.507875204,2.559826851
15:13:35,2.562399387,3.50869894,2.559355974
15:13:35,2.563434124,3.508120298,2.560389042
15:13:35,2.562636614,3.507228374,2.559386969
15:13:35,2.562606335,3.507944107,2.559291601
15:13:35,2.563014746,3.509091377,2.559828758
15:13:35,2.562470675,3.508337021,2.560621977
15:13:35,2.562219143,3.508126974,2.560595274
15:13:35,2.562134504,3.508882284,2.561480284
15:13:35,2.562816381,3.508618355,2.560506821
15:13:35,2.561940908,3.508710146,2.55991888
15:13:35,2.562281132,3.508353949,2.560939074
15:13:35,2.562321424,3.508330345,2.56020093
15:13:35,2.562427282,3.506945848,2.560188532
15:13:35,2.562377691,3.507894039,2.559757948
15:13:35,2.56282115,3.508093357,2.560854435
15:13:35,2.563817263,3.508497,2.559970379
15:13:35,2.563187599,3.508395195,2.560544968
15:13:35,2.563434124,3.508071661,2.560373068
15:13:35,2.563212156,3.507442474,2.560320139
15:13:35,2.563024521,3.507534981,2.560500622
15:13:35,2.562597513,3.508057117,2.560328722
15:13:35,2.563606262,3.508145809,2.560625553
15:13:35,2.562950373,3.509147406,2.560291767
15:13:35,2.562660456,3.508718491,2.560235023
15:13:35,2.562708139,3.506803751,2.559799671
15:13:35,2.563313246,3.508429527,2.560219765
15:13:35,2.563028336,3.508726835,2.559498072
15:13:35,2.562652588,3.508295298,2.559538364
15:13:35,2.562330008,3.50946188,2.559939384
15:13:35,2.563042402,3.50904417,2.561394215
15:13:35,2.562871218,3.508082628,2.559412956
15:13:35,2.562875986,3.507647276,2.561262608
15:13:35,2.563420296,3.51089406,2.560664177
15:13:35,2.56340456,3.510746479,2.561387062
15:13:35,2.56254077,3.510300159,2.559933901
15:13:35,2.561977863,3.509129763,2.559649467
15:13:35,2.56308794,3.508143187,2.559471607
15:13:35,2.562175989,3.508542299,2.560146332
15:13:35,2.562450171,3.508794546,2.560173988
15:13:35,2.562335491,3.509124279,2.55932045
15:13:35,2.56317997,3.508623123,2.559620619
15:13:35,2.562561512,3.508892775,2.55954051
15:13:35,2.561503649,3.507292986,2.561190605
15:13:35,2.562639952,3.507471561,2.559777737
15:13:35,2.562487364,3.508242369,2.560117722
15:13:35,2.562785387,3.509176731,2.560836792
15:13:35,2.562599182,3.507872343,2.559978247
15:13:35,2.561934233,3.507930279,2.559793949
15:13:35,2.563362837,3.507807255,2.560532331
15:13:35,2.562638044,3.508823872,2.560065985
15:13:35,2.562894106,3.509266615,2.560172558
15:13:35,2.562618256,3.508093357,2.560634375
15:13:35,2.563043594,3.507759571,2.55944109
15:13:35,2.562247515,3.507194519,2.560400963
15:13:35,2.562253952,3.507861853,2.561508656
15:13:35,2.56279254,3.507950544,2.560354948
15:13:35,2.56307888,3.508269072,2.561528444
15:13:35,2.563407183,3.507367611,2.560792923
15:13:35,2.56330204,3.505368948,2.560156345
15:13:35,2.561765194,3.506241798,2.560410023
15:13:35,2.562259436,3.507561445,2.560179949
15:13:35,2.562060356,3.507138252,2.559238195
15:13:35,2.561407566,3.508411169,2.559375763
15:13:35,2.562076569,3.505857706,2.559226513
15:13:35,2.561198473,3.50709939,2.56027317
15:13:35,2.561982155,3.506867647,2.559724331
15:13:35,2.563034534,3.508088589,2.560190916
15:13:35,2.562116861,3.508899927,2.560276985
15:13:35,2.561310768,3.508472681,2.558819532
15:13:35,2.561460018,3.508353949,2.559285164
15:13:35,2.561559677,3.507764816,2.560253382
15:13:35,2.561745405,3.507313967,2.560523272
15:13:35,2.562003851,3.50771451,2.56103754
15:13:35,2.562772751,3.508751869,2.559791088
15:13:35,2.562339783,3.50902009,2.560084105
15:13:35,2.562256098,3.509029865,2.560738802
15:13:35,2.562533379,3.508917809,2.558938742
15:13:35,2.561278343,3.508121729,2.559049129
15:13:35,2.561683416,3.507775307,2.560551405
15:13:35,2.562433004,3.507867336,2.560682535
15:13:35,2.562186003,3.507145405,2.560571909
15:13:36,2.562961102,3.508015394,2.560124636
15:13:36,2.562205076,3.507428646,2.559473753
15:13:36,2.562024832,3.506829739,2.559787035
15:13:36,2.562396049,3.508440495,2.559128523
15:13:36,2.561924219,3.50851655,2.559164047
15:13:36,2.561694622,3.508304358,2.559808254
15:13:36,2.562456369,3.508555412,2.560373783
15:13:36,2.562137842,3.507389545,2.560809612
15:13:36,2.562394142,3.506775618,2.558595419
15:13:36,2.561564922,3.507455349,2.559234381
15:13:36,2.561597347,3.508206367,2.560391665
15:13:36,2.561521292,3.508361816,2.558922052
15:13:36,2.561887503,3.508094788,2.559178114
15:13:36,2.561591387,3.50818944,2.560476303
15:13:36,2.561317921,3.508021116,2.558330059
15:13:36,2.562610865,3.50877738,2.560103893
15:13:36,2.562297106,3.508862257,2.558196545
15:13:36,2.56163764,3.50687623,2.559073448
15:13:36,2.56179142,3.506317139,2.559514523
15:13:36,2.561997652,3.506982327,2.559476137
15:13:36,2.561841011,3.505983591,2.559797525
15:13:36,2.561581612,3.506020784,2.559458256
15:13:36,2.562483311,3.50644207,2.558721781
15:13:36,2.56247282,3.505991459,2.559924603
15:13:36,2.561741352,3.505772114,2.558334827
15:13:36,2.561567783,3.506635904,2.559457779
15:13:36,2.56148982,3.506782293,2.559916735
15:13:36,2.56043458,3.506549358,2.559370518
15:13:36,2.562276363,3.506839514,2.55991745
15:13:36,2.561629057,3.507316589,2.558828831
15:13:36,2.562697887,3.506983042,2.55978632
15:13:36,2.561254501,3.508065462,2.56068778
15:13:36,2.562367678,3.508016586,2.560260773
15:13:36,2.561876297,3.507676601,2.560171127
15:13:36,2.562111855,3.507077694,2.559076786
15:13:36,2.561973333,3.507094383,2.560319424
15:13:36,2.561865568,3.505913734,2.558877707
15:13:36,2.562193155,3.505123138,2.560132265
15:13:36,2.562249422,3.506196499,2.559394836
15:13:36,2.562369108,3.507696152,2.558643103
15:13:36,2.5617764,3.506046772,2.559124708
15:13:36,2.561540604,3.507004738,2.559010029
15:13:36,2.562289,3.506482363,2.55881691
15:13:36,2.562092304,3.507006645,2.55829525
15:13:36,2.560906887,3.506967545,2.557741642
15:13:36,2.561661482,3.508102894,2.560856581
15:13:36,2.562163353,3.508888245,2.559961081
15:13:36,2.560869455,3.508438826,2.559719086
15:13:36,2.561947584,3.508775711,2.55971694
15:13:36,2.561860323,3.508594036,2.559904814
15:13:36,2.561796904,3.50895977,2.559397459
15:13:36,2.561902046,3.508067369,2.559346676
15:13:36,2.561892509,3.507608175,2.560230255
15:13:36,2.562408686,3.507320404,2.559474468
15:13:36,2.562444448,3.507544279,2.560688972
15:13:36,2.561761856,3.507953882,2.559521437
15:13:36,2.563184977,3.507887602,2.559775352
15:13:36,2.562535763,3.507279158,2.55923748
15:13:36,2.561758041,3.507388353,2.559805155
15:13:36,2.562865973,3.507447004,2.561218977
15:13:36,2.56274581,3.50830245,2.559705496
15:13:36,2.56189394,3.507784367,2.559086084
15:13:36,2.562229633,3.50736618,2.56008935
15:13:36,2.562363148,3.507519484,2.559221745
15:13:36,2.563330412,3.507143021,2.56044817
15:13:36,2.563395739,3.507630348,2.559862375
15:13:36,2.562462807,3.508842707,2.558821678
15:13:36,2.562252998,3.508189917,2.560542345
15:13:36,2.562282562,3.509202957,2.560000896
15:13:36,2.562336206,3.508675575,2.558738232
15:13:36,2.56204915,3.508361816,2.558727503
15:13:36,2.562095642,3.507919312,2.560629845
15:13:36,2.562449217,3.50750351,2.560664892
15:13:36,2.562275887,3.508136749,2.561034441
15:13:36,2.563177109,3.509209871,2.55973959
15:13:36,2.5632236,3.508850336,2.559453011
15:13:36,2.56247735,3.509493113,2.560974836
15:13:36,2.562678099,3.507249832,2.56002593
15:13:36,2.563514709,3.507796049,2.559211731
15:13:36,2.562152386,3.506167412,2.560274363
15:13:36,2.563217402,3.506601334,2.55984664
15:13:36,2.562167645,3.507035971,2.560078621
15:13:36,2.562016726,3.506978035,2.560266733
15:13:36,2.562845469,3.508366346,2.559611797
15:13:36,2.562675238,3.507565737,2.560222387
15:13:36,2.562201262,3.506615639,2.559389591
15:13:36,2.5623703,3.50720048,2.559790373
15:13:36,2.562476873,3.507285833,2.560107231
15:13:36,2.562235594,3.5092659,2.55977416
15:13:36,2.562601089,3.507891178,2.559552431
15:13:36,2.562376976,3.508888245,2.55931139
15:13:36,2.562170982,3.508634329,2.560475111
15:13:36,2.56285882,3.508411884,2.559340239
15:13:36,2.562241793,3.508061171,2.559725523
15:13:36,2.562025547,3.508394241,2.558949232
15:13:36,2.56174612,3.508867979,2.560217142
15:13:36,2.562711239,3.508855104,2.559595346
15:13:36,2.562314987,3.50784111,2.560731411
15:13:36,2.562157631,3.50817275,2.560937166
15:13:36,2.562614918,3.509072304,2.56042552
15:13:36,2.563072681,3.509290695,2.561313629
15:13:36,2.563494921,3.508760452,2.560042381
15:13:36,2.562271118,3.509232759,2.559049845
15:13:36,2.561634302,3.509174585,2.559114933
15:13:36,2.561930418,3.508965969,2.560320139
15:13:36,2.561959505,3.506920099,2.559688091
15:13:36,2.562180281,3.507689714,2.561038971
15:13:36,2.563854933,3.50799489,2.560673475
15:13:36,2.563129663,3.507990599,2.561444998
15:13:36,2.563611031,3.508417368,2.561019182
15:13:36,2.563143253,3.509890556,2.560421467
15:13:36,2.563344955,3.50903368,2.560510397
15:13:36,2.56289506,3.507297039,2.561218262
15:13:36,2.562749386,3.507186413,2.560659409
15:13:36,2.562421799,3.506393194,2.560044527
15:13:37,2.563315153,3.507642031,2.561471462
15:13:37,2.563138723,3.507220507,2.55978775
15:13:37,2.562996387,3.507794142,2.560070753
15:13:37,2.563706636,3.509747982,2.560244799
15:13:37,2.562024117,3.509127855,2.56070447
15:13:37,2.562363148,3.51005888,2.560094833
15:13:37,2.562546015,3.50933671,2.560093403
15:13:37,2.56310153,3.508388042,2.560592651
15:13:37,2.562492609,3.508399487,2.559798956
15:13:37,2.562397718,3.509261608,2.561811924
15:13:37,2.562681675,3.510298252,2.55980444
15:13:37,2.562917948,3.510075092,2.560607672
15:13:37,2.562264442,3.509089708,2.560059547
15:13:37,2.562141657,3.509013414,2.560128212
15:13:37,2.561939716,3.510560989,2.56076479
15:13:37,2.562801838,3.50895977,2.560135603
15:13:37,2.562764883,3.508738995,2.560709
15:13:37,2.562170267,3.507220507,2.561065674
15:13:37,2.562692642,3.507811069,2.560531139
15:13:37,2.563056946,3.50833559,2.560389042
15:13:37,2.562059879,3.510636091,2.560595274
15:13:37,2.562278032,3.508836031,2.559181929
15:13:37,2.562501669,3.508943796,2.560954332
15:13:37,2.562910795,3.507319212,2.56112361
15:13:37,2.562837362,3.506135464,2.560367107
15:13:37,2.562768936,3.507503033,2.560227633
15:13:37,2.563489676,3.508130074,2.560724258
15:13:37,2.563107014,3.509348154,2.559838533
15:13:37,2.563026428,3.510606289,2.560931444
15:13:37,2.562860012,3.510627031,2.560244083
15:13:37,2.562883615,3.510511637,2.560943365
15:13:37,2.561969519,3.510373354,2.559574127
15:13:37,2.563462496,3.507936954,2.561723471
15:13:37,2.562262058,3.508087635,2.560199261
15:13:37,2.562638521,3.506363392,2.561677217
15:13:37,2.563176394,3.508341551,2.559982777
15:13:37,2.562873602,3.508905411,2.56099534
15:13:37,2.563837767,3.510185957,2.560305595
15:13:37,2.562973022,3.509799004,2.55936718
15:13:37,2.561463833,3.508821726,2.559743643
15:13:37,2.561576128,3.507899284,2.561064959
15:13:37,2.563103914,3.50937891,2.561494827
15:13:37,2.562921524,3.508089781,2.560342073
15:13:37,2.562949181,3.507137775,2.56132412
15:13:37,2.563560963,3.507107735,2.560153961
15:13:37,2.562276363,3.506628036,2.560374498
15:13:37,2.563317776,3.507480383,2.560113192
15:13:37,2.56340456,3.509410858,2.561066866
15:13:37,2.563249111,3.508818388,2.560103178
15:13:37,2.563037157,3.509633303,2.560024261
15:13:37,2.563138723,3.509552956,2.561017036
15:13:37,2.562814474,3.508281469,2.560436487
15:13:37,2.562275887,3.507303476,2.559468269
15:13:37,2.563192368,3.507840395,2.559757948
15:13:37,2.561884165,3.507309437,2.5597229
15:13:37,2.561714411,3.507665396,2.56015563
15:13:37,2.562436581,3.507266998,2.558911324
15:13:37,2.563017845,3.507962465,2.560669184
15:13:37,2.562396049,3.50643301,2.559576035
15:13:37,2.563351393,3.508465528,2.560500622
15:13:37,2.563005924,3.509485245,2.559146166
15:13:37,2.562452793,3.509525061,2.559372902
15:13:37,2.562806606,3.509680986,2.560848475
15:13:37,2.562672853,3.507965565,2.56062746
15:13:37,2.562108994,3.508377552,2.560515881
15:13:37,2.562846661,3.508647442,2.560528517
15:13:37,2.562763453,3.51006937,2.561514616
15:13:37,2.563021183,3.510024786,2.559378386
15:13:37,2.562857389,3.508840799,2.559954405
15:13:37,2.562709808,3.508798838,2.560672045
15:13:37,2.562340736,3.510570765,2.560246944
15:13:37,2.562729597,3.50886941,2.55902791
15:13:37,2.563388586,3.508862257,2.55992198
15:13:37,2.562604189,3.509032965,2.559636354
15:13:37,2.56256938,3.507144451,2.559951067
15:13:37,2.562562704,3.506358147,2.560364008
15:13:37,2.561958075,3.506907463,2.560024977
15:13:37,2.562567949,3.505954027,2.559584856
15:13:37,2.563040972,3.50751543,2.560617685
15:13:37,2.562055826,3.507451534,2.560593843
15:13:37,2.562934875,3.505991459,2.559730053
15:13:37,2.561634779,3.506432295,2.559345961
15:13:37,2.562005043,3.507404566,2.559036493
15:13:37,2.562072515,3.507478476,2.559546471
15:13:37,2.562486172,3.506953001,2.561354637
15:13:37,2.562767506,3.506990433,2.560146332
15:13:37,2.562761307,3.504617214,2.560632944
15:13:37,2.56251359,3.506072283,2.561201096
15:13:37,2.562207222,3.508258581,2.560641766
15:13:37,2.561366796,3.507987976,2.560923815
15:13:37,2.562986851,3.508567333,2.559581995
15:13:37,2.562525749,3.507879019,2.559962273
15:13:37,2.562149763,3.508378267,2.560765266
15:13:37,2.562824726,3.509135962,2.560321093
15:13:37,2.56195426,3.508976936,2.559925318
15:13:37,2.563035727,3.509534121,2.560816765
15:13:37,2.563476324,3.508267641,2.559685707
15:13:37,2.56235528,3.507950544,2.560572863
15:13:37,2.562833548,3.507737875,2.560578108
15:13:37,2.562464237,3.50797677,2.560065031
15:13:37,2.562128782,3.508538485,2.560139418
15:13:37,2.563174963,3.509159803,2.559299707
15:13:37,2.562462091,3.509567499,2.560860395
15:13:37,2.563354969,3.508905411,2.559732437
15:13:37,2.562291861,3.508864164,2.560142994
15:13:37,2.562005043,3.5070889,2.559287071
15:13:37,2.562573195,3.506801128,2.559548616
15:13:37,2.562942505,3.50795269,2.559764624
15:13:37,2.562376499,3.508625269,2.560076714
15:13:37,2.562989473,3.509265423,2.559479713
15:13:37,2.562417507,3.508427143,2.56000948
15:13:37,2.56340766,3.508469582,2.561048985
15:13:37,2.562450171,3.507524729,2.561550379
15:13:37,2.562456369,3.508322716,2.559761524
15:13:37,2.562583208,3.50903511,2.560386181
15:13:37,2.563089132,3.509561062,2.560657263
15:13:37,2.563419819,3.508272409,2.560070276
15:13:37,2.563178539,3.508684158,2.560436487
15:13:37,2.563356161,3.509013414,2.560112476
15:13:38,2.563096046,3.508376837,2.56044817
15:13:38,2.562561512,3.507657051,2.561352491
15:13:38,2.563033819,3.508382559,2.559547901
15:13:38,2.562252045,3.507506371,2.560662746
15:13:38,2.562728882,3.50662756,2.560424566
15:13:38,2.562443018,3.506536007,2.560056925
15:13:38,2.561912775,3.507547379,2.559251547
15:13:38,2.562669039,3.509718657,2.559798956
15:13:38,2.562611818,3.509613037,2.560558796
15:13:38,2.562178135,3.50950551,2.56071806
15:13:38,2.562852144,3.508829355,2.559905529
15:13:38,2.562312365,3.506626129,2.560410023
15:13:38,2.562369108,3.506956339,2.560198545
15:13:38,2.562647104,3.506506205,2.561223269
15:13:38,2.562476158,3.507592678,2.560352802
15:13:38,2.562012911,3.507516861,2.559857845
15:13:38,2.562886953,3.508046627,2.559877634
15:13:38,2.562832117,3.507689714,2.56005621
15:13:38,2.562548876,3.508975744,2.559182644
15:13:38,2.56206727,3.508112669,2.559732437
15:13:38,2.562998056,3.508094788,2.558842182
15:13:38,2.563137531,3.508013248,2.558959723
15:13:38,2.561645508,3.507661819,2.55909586
15:13:38,2.562585592,3.50819087,2.560258627
15:13:38,2.563179255,3.508402824,2.561032295
15:13:38,2.562429428,3.507527351,2.561213493
15:13:38,2.56321454,3.508074522,2.56031394
15:13:38,2.562841654,3.508011341,2.560846567
15:13:38,2.562587023,3.508352518,2.560301542
15:13:38,2.562871218,3.508361816,2.560636997
15:13:38,2.563400984,3.508661747,2.559071541
15:13:38,2.562375069,3.508269787,2.560431957
15:13:38,2.560842991,3.508452415,2.559486866
15:13:38,2.561842918,3.50783062,2.560342073
15:13:38,2.561984777,3.508134365,2.560235023
15:13:38,2.563351393,3.508306265,2.559281111
15:13:38,2.562730312,3.507663012,2.559548855
15:13:38,2.562640667,3.508370876,2.560881138
15:13:38,2.562976837,3.509534836,2.560999393
15:13:38,2.562678814,3.507125378,2.559906244
15:13:38,2.562318087,3.507668018,2.559522629
15:13:38,2.562804937,3.508944988,2.56053853
15:13:38,2.563121557,3.508195162,2.560383081
15:13:38,2.561882257,3.508535385,2.559648275
15:13:38,2.562511921,3.508461475,2.559635639
15:13:38,2.56294322,3.507905722,2.559325457
15:13:38,2.563380718,3.507523298,2.561490297
15:13:38,2.563779831,3.50756073,2.559646845
15:13:38,2.562209368,3.507617235,2.561069965
15:13:38,2.56333828,3.507995844,2.560626268
15:13:38,2.563070774,3.507272959,2.559531689
15:13:38,2.562502384,3.507138252,2.55926609
15:13:38,2.56240201,3.507256031,2.560076714
15:13:38,2.563255548,3.50793314,2.560848475
15:13:38,2.562047958,3.508946419,2.560392141
15:13:38,2.56359911,3.507655621,2.559470177
15:13:38,2.562310934,3.507731438,2.560035706
15:13:38,2.563062191,3.508633137,2.560270548
15:13:38,2.562896967,3.507679224,2.560642958
15:13:38,2.561457396,3.507540941,2.558520794
15:13:38,2.562046051,3.508130074,2.561460495
15:13:38,2.562291861,3.507769108,2.560392857
15:13:38,2.562491179,3.506267786,2.561047554
15:13:38,2.56297946,3.509148598,2.560641766
15:13:38,2.562382221,3.507783175,2.558702946
15:13:38,2.561317205,3.506936789,2.559505463
15:13:38,2.562417507,3.507435322,2.560243368
15:13:38,2.563375473,3.507737875,2.559662104
15:13:38,2.561370611,3.507348061,2.559600115
15:13:38,2.561632395,3.506826401,2.559069633
15:13:38,2.562039375,3.50851965,2.559508562
15:13:38,2.56188345,3.506371021,2.560197115
15:13:38,2.562146425,3.50785017,2.561948776
15:13:38,2.56286788,3.507919312,2.559530497
15:13:38,2.562947035,3.508521318,2.561296701
15:13:38,2.562067986,3.5090487,2.559799671
15:13:38,2.562640667,3.5089221,2.560269833
15:13:38,2.563293457,3.508557558,2.559715509
15:13:38,2.562588453,3.508411169,2.560111046
15:13:38,2.563771248,3.50865078,2.559954405
15:13:38,2.562294483,3.509009123,2.560413599
15:13:38,2.562352419,3.509036541,2.559473038
15:13:38,2.562582016,3.509279728,2.559990883
15:13:38,2.562764883,3.508750677,2.558914185
15:13:38,2.561859131,3.508345366,2.559672117
15:13:38,2.561959505,3.507897854,2.56064105
15:13:38,2.56199646,3.508243084,2.561954975
15:13:38,2.563019753,3.508788347,2.561669111
15:13:38,2.56262207,3.509031057,2.560593843
15:13:38,2.562116861,3.510300875,2.560443878
15:13:38,2.56393218,3.508912325,2.56099081
15:13:38,2.562706232,3.509041071,2.559811592
15:13:38,2.562194586,3.507969141,2.560055494
15:13:38,2.563365936,3.508946419,2.559574842
15:13:38,2.56275773,3.508364916,2.560985327
15:13:38,2.5635252,3.508531809,2.560142279
15:13:38,2.562226295,3.510079145,2.560458183
15:13:38,2.562665224,3.507049799,2.559745312
15:13:38,2.563212872,3.507624149,2.560795069
15:13:38,2.562302351,3.509290695,2.55946517
15:13:38,2.563271523,3.50794673,2.560746908
15:13:38,2.562226772,3.507397413,2.560713053
15:13:38,2.562542439,3.506803751,2.559519768
15:13:38,2.562886953,3.507113695,2.56094265
15:13:38,2.562495232,3.507226467,2.559893608
15:13:38,2.562553167,3.506457329,2.559437275
15:13:38,2.562565088,3.50795722,2.560304165
15:13:38,2.562484026,3.50769186,2.559737444
15:13:38,2.562683582,3.508092403,2.55999279
15:13:38,2.562139273,3.508453846,2.559678555
15:13:38,2.562185287,3.5079844,2.559550285
15:13:38,2.562339783,3.508391619,2.56081748
15:13:38,2.561351538,3.506968737,2.559945107
15:13:38,2.56293273,3.508028984,2.559777737
15:13:38,2.561751842,3.50796175,2.559221745
15:13:38,2.562615395,3.507407904,2.560437918
15:13:39,2.562454939,3.507184029,2.560267925
15:13:39,2.562449932,3.507770538,2.56050396
15:13:39,2.56264472,3.507725716,2.559646368
15:13:39,2.562525034,3.508488417,2.559743643
15:13:39,2.563001156,3.508584738,2.559304953
15:13:39,2.561690569,3.508008242,2.559051037
15:13:39,2.561909199,3.508562088,2.5598104
15:13:39,2.562765598,3.508220196,2.558774471
15:13:39,2.561599493,3.508127451,2.559629679
15:13:39,2.562601089,3.507087469,2.561187983
15:13:39,2.563086033,3.507330894,2.55850172
15:13:39,2.562122583,3.508158684,2.55916214
15:13:39,2.562486172,3.508196592,2.558895111
15:13:39,2.561978579,3.508798838,2.559089422
15:13:39,2.562383652,3.50928688,2.560463667
15:13:39,2.5629704,3.508599997,2.559980869
15:13:39,2.562252998,3.507076979,2.559801579
15:13:39,2.563170433,3.507695436,2.560104609
15:13:39,2.562660933,3.508740902,2.560720444
15:13:39,2.562319994,3.509003639,2.5597229
15:13:39,2.562435865,3.507605314,2.561267138
15:13:39,2.563085318,3.508229971,2.560616493
15:13:39,2.561493635,3.507058144,2.559998751
15:13:39,2.562068224,3.508142471,2.5601964
15:13:39,2.562470198,3.507638216,2.559330225
15:13:39,2.562681675,3.508461475,2.560698986
15:13:39,2.562861443,3.508917093,2.559998035
15:13:39,2.562956333,3.508984089,2.560801029
15:13:39,2.562739134,3.507154942,2.559357405
15:13:39,2.561887503,3.507929802,2.559597492
15:13:39,2.561923504,3.507145405,2.560896158
15:13:39,2.562547922,3.507632971,2.561281204
15:13:39,2.562421799,3.507369995,2.560670853
15:13:39,2.562813044,3.507138968,2.560581446
15:13:39,2.562797308,3.508105278,2.560148001
15:13:39,2.563120365,3.509114504,2.559613943
15:13:39,2.563316822,3.508987427,2.560828209
15:13:39,2.562623501,3.51039362,2.560994148
15:13:39,2.562830925,3.510718346,2.55979681
15:13:39,2.562782764,3.509644985,2.559067011
15:13:39,2.562795877,3.509849787,2.560093403
15:13:39,2.562817097,3.509444237,2.560014486
15:13:39,2.562992096,3.509268045,2.561791182
15:13:39,2.56250453,3.508148432,2.560470343
15:13:39,2.563348532,3.50854969,2.560034275
15:13:39,2.563200951,3.508939266,2.561053753
15:13:39,2.562929392,3.509271383,2.559538364
15:13:39,2.563319206,3.508742094,2.559862375
15:13:39,2.5627985,3.509588957,2.559399605
15:13:39,2.562736511,3.507485628,2.558924675
15:13:39,2.561553001,3.507065773,2.559999943
15:13:39,2.562546015,3.507121325,2.559931755
15:13:39,2.56325388,3.508724689,2.560761213
15:13:39,2.562221289,3.508663177,2.560451746
15:13:39,2.562022924,3.508475304,2.559114933
15:13:39,2.562489986,3.508252144,2.559678555
15:13:39,2.561378002,3.507322311,2.560270548
15:13:39,2.561873436,3.507919312,2.55882597
15:13:39,2.562290668,3.507739305,2.558543682
15:13:39,2.562442541,3.507527828,2.559602499
15:13:39,2.56300807,3.508120298,2.559033155
15:13:39,2.562351227,3.507978201,2.559129715
15:13:39,2.562492609,3.508087635,2.559335232
15:13:39,2.562593222,3.509132385,2.560125113
15:13:39,2.562946558,3.509484053,2.561629772
15:13:39,2.562441826,3.508453131,2.559823036
15:13:39,2.562136412,3.509057999,2.560125828
15:13:39,2.562729597,3.50878644,2.559413671
15:13:39,2.562500715,3.508025169,2.560652971
15:13:39,2.561153412,3.509405851,2.559003353
15:13:39,2.562346935,3.507949591,2.560699701
15:13:39,2.562246799,3.507710695,2.55896306
15:13:39,2.562992811,3.507800579,2.559012651
15:13:39,2.562524319,3.50891304,2.560318232
15:13:39,2.562696934,3.508152962,2.5603652
15:13:39,2.563276768,3.508504391,2.560073376
15:13:39,2.562952518,3.507900238,2.561010599
15:13:39,2.562403202,3.506145477,2.560988665
15:13:39,2.562815666,3.507024288,2.560557604
15:13:39,2.563266277,3.508310795,2.560229778
15:13:39,2.562944889,3.508000374,2.559713125
15:13:39,2.562222958,3.509109497,2.560876369
15:13:39,2.563451767,3.508021116,2.559887648
15:13:39,2.562118053,3.507234812,2.559552431
15:13:39,2.562047958,3.50769186,2.559151411
15:13:39,2.563064098,3.50795722,2.559287071
15:13:39,2.562688828,3.508270264,2.559493542
15:13:39,2.563206196,3.509294987,2.561487913
15:13:39,2.562336683,3.507169008,2.558994293
15:13:39,2.562500715,3.506793976,2.560218334
15:13:39,2.562651157,3.507846355,2.5597229
15:13:39,2.561357975,3.507982016,2.559064865
15:13:39,2.562250853,3.508147717,2.559726238
15:13:39,2.56138134,3.507916927,2.560450554
15:13:39,2.562978268,3.506969452,2.561207771
15:13:39,2.56337595,3.509520054,2.559982538
15:13:39,2.564587116,3.509737015,2.559798479
15:13:39,2.563965559,3.511178493,2.5598104
15:13:39,2.562375784,3.508088589,2.560216427
15:13:39,2.561426878,3.507632971,2.560490608
15:13:39,2.562838316,3.508498192,2.559526443
15:13:39,2.563282728,3.508305788,2.559295177
15:13:39,2.562904835,3.508312225,2.56064105
15:13:39,2.562556744,3.508100271,2.559843302
15:13:39,2.562733889,3.506994963,2.560489416
15:13:39,2.562412024,3.507858276,2.561052322
15:13:39,2.563748121,3.508743525,2.560917377
15:13:39,2.563541174,3.508567333,2.560232162
15:13:39,2.562041998,3.506940842,2.559662104
15:13:39,2.562064648,3.505374193,2.560597897
15:13:39,2.562559366,3.504899979,2.561023235
15:13:39,2.563789129,3.504615307,2.559554338
15:13:39,2.562351942,3.507591248,2.560826778
15:13:39,2.561282158,3.508945704,2.560542345
15:13:39,2.56199646,3.508328915,2.559332132
15:13:39,2.56192708,3.507017612,2.559855938
15:13:39,2.562101603,3.507383823,2.559839964
15:13:39,2.563221455,3.507817984,2.559984922
15:13:39,2.562875986,3.507334709,2.559661388
15:13:40,2.562190294,3.509637117,2.560096502
15:13:40,2.562441826,3.50944066,2.559689999
15:13:40,2.56303525,3.509946585,2.559793234
15:13:40,2.562030077,3.508400679,2.55941534
15:13:40,2.561380625,3.507954597,2.560852528
15:13:40,2.562648296,3.510121584,2.56156826
15:13:40,2.562093496,3.508814096,2.560754776
15:13:40,2.563093901,3.510243654,2.561702967
15:13:40,2.56297493,3.509316921,2.559600115
15:13:40,2.562205791,3.509780884,2.55805254
15:13:40,2.562949657,3.508943081,2.559871912
15:13:40,2.562149048,3.507881403,2.559222937
15:13:40,2.562009573,3.50833559,2.560252428
15:13:40,2.563263178,3.508622885,2.561033964
15:13:40,2.562228441,3.507582188,2.561137438
15:13:40,2.562332153,3.508279562,2.560586691
15:13:40,2.561555862,3.508104563,2.560033321
15:13:40,2.562357664,3.50947547,2.560020685
15:13:40,2.562698603,3.508792877,2.559890985
15:13:40,2.562621355,3.508494854,2.560620308
15:13:40,2.563285112,3.509002447,2.559766531
15:13:40,2.562513113,3.507469416,2.560812235
15:13:40,2.563631058,3.507129192,2.561601162
15:13:40,2.563802242,3.507591248,2.5586133
15:13:40,2.56242466,3.50738287,2.560528517
15:13:40,2.562341452,3.507348061,2.560658932
15:13:40,2.562851667,3.507425547,2.559486389
15:13:40,2.563410997,3.507321835,2.560362577
15:13:40,2.56221652,3.50590086,2.559694529
15:13:40,2.56269145,3.507395506,2.560343981
15:13:40,2.56199646,3.50772953,2.561865568
15:13:40,2.563389301,3.508205175,2.559668541
15:13:40,2.562723875,3.509232283,2.560417175
15:13:40,2.563707829,3.507548094,2.55972743
15:13:40,2.562610149,3.507901669,2.559025288
15:13:40,2.563025713,3.507534504,2.559411049
15:13:40,2.5625844,3.508013248,2.561264992
15:13:40,2.562282562,3.506672621,2.559626579
15:13:40,2.563021898,3.508441925,2.559919357
15:13:40,2.562816381,3.507779598,2.560053587
15:13:40,2.562363148,3.508527517,2.560525894
15:13:40,2.562742233,3.509196758,2.560251951
15:13:40,2.562494516,3.507591248,2.560567617
15:13:40,2.563076735,3.508189917,2.559483528
15:13:40,2.562019348,3.507886171,2.559042454
15:13:40,2.562569857,3.509151936,2.561376333
15:13:40,2.562420368,3.507302284,2.56038022
15:13:40,2.562123299,3.508240938,2.55920577
15:13:40,2.562777519,3.508243561,2.559666634
15:13:40,2.563002825,3.50866127,2.559830189
15:13:40,2.562493324,3.508436203,2.560804844
15:13:40,2.562602282,3.508392334,2.559715509
15:13:40,2.562880993,3.509588957,2.559420824
15:13:40,2.561454773,3.508749247,2.560968161
15:13:40,2.561653614,3.508070946,2.560656071
15:13:40,2.561806202,3.508096695,2.560885429
15:13:40,2.562810421,3.508035421,2.560388327
15:13:40,2.562758446,3.508660555,2.559584141
15:13:40,2.562420368,3.508314848,2.559380531
15:13:40,2.563162088,3.508514166,2.561253786
15:13:40,2.562832117,3.508933306,2.561570883
15:13:40,2.561121702,3.508969069,2.560887098
15:13:40,2.561772346,3.5092237,2.558951855
15:13:40,2.563200951,3.509721518,2.55970788
15:13:40,2.562822104,3.51004982,2.559800386
15:13:40,2.562546015,3.509836435,2.560181856
15:13:40,2.562894106,3.50831604,2.559775352
15:13:40,2.562434435,3.508449793,2.560441732
15:13:40,2.561563492,3.507991076,2.560522318
15:13:40,2.562753677,3.507759571,2.560841084
15:13:40,2.562222481,3.507595062,2.560313463
15:13:40,2.561467409,3.506476164,2.559977055
15:13:40,2.562401295,3.507063866,2.559241533
15:13:40,2.562684298,3.507433891,2.558963776
15:13:40,2.563134193,3.507820129,2.559900761
15:13:40,2.562783241,3.50736928,2.559559584
15:13:40,2.561933279,3.506523609,2.5605371
15:13:40,2.562700748,3.507196188,2.559244156
15:13:40,2.562809229,3.506561756,2.558929205
15:13:40,2.562743902,3.507057428,2.560582161
15:13:40,2.562668324,3.507360697,2.559701204
15:13:40,2.562742233,3.508062363,2.559176445
15:13:40,2.562618971,3.508128881,2.559807539
15:13:40,2.563306093,3.508237123,2.558380604
15:13:40,2.563081264,3.508161306,2.560489416
15:13:40,2.562564611,3.508419752,2.560159206
15:13:40,2.562450886,3.509000063,2.56091094
15:13:40,2.561982155,3.508518457,2.560166836
15:13:40,2.562134504,3.509164095,2.55916667
15:13:40,2.562438488,3.507716179,2.560077429
15:13:40,2.562907696,3.506684303,2.560615778
15:13:40,2.563406467,3.507278442,2.560821295
15:13:40,2.562634706,3.506956339,2.560073376
15:13:40,2.562300444,3.507402658,2.559489965
15:13:40,2.562786579,3.508825064,2.560349941
15:13:40,2.561666012,3.508577108,2.55984807
15:13:40,2.562350512,3.507516861,2.560337305
15:13:40,2.562659025,3.50928092,2.560923815
15:13:40,2.56275034,3.509258986,2.560046911
15:13:40,2.561595917,3.508955479,2.559693575
15:13:40,2.561641693,3.507921934,2.55978775
15:13:40,2.562380314,3.507249117,2.559664726
15:13:40,2.561830044,3.507807732,2.560592175
15:13:40,2.56286788,3.508305788,2.559532404
15:13:40,2.56296587,3.50805831,2.559443951
15:13:40,2.561913729,3.508411884,2.559530497
15:13:40,2.5623281,3.507669926,2.559465647
15:13:40,2.562828302,3.508565903,2.560946941
15:13:40,2.562308788,3.50912571,2.561131477
15:13:40,2.563651562,3.509009838,2.560010672
15:13:40,2.56148982,3.509329081,2.558124304
15:13:40,2.562539577,3.508868694,2.560529947
15:13:40,2.563312054,3.511617422,2.560997963
15:13:40,2.563276052,3.510804653,2.560775995
15:13:40,2.562626123,3.510976315,2.560354948
15:13:41,2.562395573,3.50786972,2.560497999
15:13:41,2.562394857,3.507912874,2.560064316
15:13:41,2.562396049,3.50753212,2.559312105
15:13:41,2.561838627,3.508325338,2.561134815
15:13:41,2.562832117,3.508358479,2.559453011
15:13:41,2.562611818,3.508729696,2.560205221
15:13:41,2.56200242,3.508780003,2.558588743
15:13:41,2.561800241,3.50736618,2.559633017
15:13:41,2.56203723,3.506349564,2.559180021
15:13:41,2.562393665,3.507705927,2.560717583
15:13:41,2.562626123,3.507440567,2.559552431
15:13:41,2.56311059,3.509057283,2.560771227
15:13:41,2.563213587,3.508115053,2.560081482
15:13:41,2.563379288,3.507017612,2.560608387
15:13:41,2.561772346,3.506859779,2.559626579
15:13:41,2.562131166,3.507305384,2.560546398
15:13:41,2.562505245,3.507381678,2.558979034
15:13:41,2.562230349,3.507205009,2.5596416
15:13:41,2.56319046,3.507090092,2.559156656
15:13:41,2.56362772,3.507273436,2.56000948
15:13:41,2.56262207,3.507197618,2.560745001
15:13:41,2.562896252,3.5087533,2.56186986
15:13:41,2.562359095,3.508200645,2.560777903
15:13:41,2.563032389,3.508965969,2.561214924
15:13:41,2.563292742,3.508405447,2.560167551
15:13:41,2.562652588,3.509324312,2.560028553
15:13:41,2.562934875,3.509419918,2.561690331
15:13:41,2.56300211,3.509217024,2.559201002
15:13:41,2.562755585,3.508706093,2.560354948
15:13:41,2.562886238,3.50809741,2.559634447
15:13:41,2.563856125,3.50916028,2.560833216
15:13:41,2.56339097,3.510634899,2.560339451
15:13:41,2.563120365,3.510015011,2.560640335
15:13:41,2.562766075,3.509555817,2.560471535
15:13:41,2.562560081,3.507739305,2.560604572
15:13:41,2.56170249,3.507605314,2.559176445
15:13:41,2.561781168,3.508657217,2.560801029
15:13:41,2.562587023,3.508862257,2.559251547
15:13:41,2.561345339,3.508281469,2.558976412
15:13:41,2.562082291,3.507416964,2.56080699
15:13:41,2.561899185,3.506895065,2.559271812
15:13:41,2.561725616,3.507164001,2.560114622
15:13:41,2.561515331,3.508041859,2.56017065
15:13:41,2.562076569,3.509034157,2.561418056
15:13:41,2.562556744,3.50927186,2.560791016
15:13:41,2.562106133,3.509204626,2.560788631
15:13:41,2.561890125,3.508713484,2.560983419
15:13:41,2.562726736,3.508713484,2.560047626
15:13:41,2.562306166,3.508460999,2.561154604
15:13:41,2.563441277,3.509207964,2.559990168
15:13:41,2.562926054,3.508620739,2.56002903
15:13:41,2.562196732,3.508327246,2.559880257
15:13:41,2.562824726,3.508627892,2.561612606
15:13:41,2.563346386,3.50868988,2.561904669
15:13:41,2.562880516,3.508919001,2.561413288
15:13:41,2.563460588,3.509491682,2.560654402
15:13:41,2.564122677,3.509659529,2.561066866
15:13:41,2.564193964,3.509850502,2.561222792
15:13:41,2.562869072,3.508906603,2.56207943
15:13:41,2.563824415,3.509417534,2.561599255
15:13:41,2.563554764,3.510141134,2.561656237
15:13:41,2.563632965,3.509943247,2.56001997
15:13:41,2.563175678,3.509213924,2.560619831
15:13:41,2.562851667,3.509066343,2.55978179
15:13:41,2.563468695,3.508346796,2.560415506
15:13:41,2.562742233,3.509629011,2.560212851
15:13:41,2.562561512,3.510589838,2.560740709
15:13:41,2.563719749,3.508806229,2.56132412
15:13:41,2.562903166,3.508898735,2.561644316
15:13:41,2.563727617,3.509057999,2.561299562
15:13:41,2.563863039,3.510539055,2.561592817
15:13:41,2.562455654,3.510205507,2.561089277
15:13:41,2.563897371,3.510076523,2.560710907
15:13:41,2.564742327,3.510875702,2.561451674
15:13:41,2.563122988,3.509593487,2.562052011
15:13:41,2.564035416,3.510090828,2.562243223
15:13:41,2.563162088,3.50950551,2.561443567
15:13:41,2.564082146,3.510437965,2.559866667
15:13:41,2.564128637,3.509596825,2.560843945
15:13:41,2.563198328,3.509094954,2.56119895
15:13:41,2.562559366,3.5081563,2.560341358
15:13:41,2.563352108,3.508199215,2.560571909
15:13:41,2.56303978,3.507968426,2.56113553
15:13:41,2.562651157,3.509680986,2.561738014
15:13:41,2.563694477,3.510550261,2.560909986
15:13:41,2.562727928,3.510123968,2.560608387
15:13:41,2.563067436,3.509704351,2.561093092
15:13:41,2.56283021,3.509337664,2.561496019
15:13:41,2.564287186,3.510196447,2.560111046
15:13:41,2.563302517,3.509184361,2.561908722
15:13:41,2.563257694,3.509348154,2.56050539
15:13:41,2.562633514,3.508979082,2.561413288
15:13:41,2.562591791,3.508434296,2.55985117
15:13:41,2.563253403,3.509245157,2.560256004
15:13:41,2.563411713,3.508892775,2.560017109
15:13:41,2.56247139,3.509023905,2.560410738
15:13:41,2.562783241,3.509630203,2.561208963
15:13:41,2.562862635,3.508887768,2.56043458
15:13:41,2.563873053,3.508780479,2.560929298
15:13:41,2.56277132,3.508883715,2.560821295
15:13:41,2.563349485,3.508355856,2.560552835
15:13:41,2.562392235,3.508361816,2.561466932
15:13:41,2.562110662,3.507492542,2.561305761
15:13:41,2.562748909,3.509366512,2.560693264
15:13:41,2.562874317,3.508526325,2.56180191
15:13:41,2.564678431,3.509878397,2.561656237
15:13:41,2.564182043,3.509455204,2.560950994
15:13:41,2.564092159,3.509574652,2.560727596
15:13:41,2.563307047,3.508590937,2.561370134
15:13:41,2.563199043,3.509327888,2.561156034
15:13:41,2.563683271,3.509477377,2.560238123
15:13:41,2.563122272,3.510374546,2.560706854
15:13:41,2.563304186,3.509729147,2.562124252
15:13:41,2.564806223,3.510091305,2.562140226
15:13:41,2.563757896,3.508566618,2.561025143
15:13:41,2.563596487,3.508588791,2.561580896
15:13:41,2.563980579,3.510507584,2.561669111
15:13:41,2.56413269,3.510079622,2.561827421
15:13:41,2.562919378,3.510816813,2.561160088
15:13:42,2.562677622,3.508220911,2.56068635
15:13:42,2.563502312,3.507680655,2.559450626
15:13:42,2.5630548,3.508013248,2.560671568
15:13:42,2.563134193,3.50818944,2.560617685
15:13:42,2.562829018,3.508993149,2.560884237
15:13:42,2.563140869,3.508990526,2.560871601
15:13:42,2.562895775,3.508022308,2.561164141
15:13:42,2.563475847,3.508723974,2.560966969
15:13:42,2.562615395,3.508486986,2.559913397
15:13:42,2.562637329,3.508462906,2.561885357
15:13:42,2.562634706,3.508764267,2.560404778
15:13:42,2.562692165,3.507707119,2.56192255
15:13:42,2.562340736,3.508215427,2.560570955
15:13:42,2.563299417,3.508429527,2.560379744
15:13:42,2.562639952,3.507531166,2.561031818
15:13:42,2.562200546,3.508144379,2.560894728
15:13:42,2.562714577,3.508560181,2.560654402
15:13:42,2.562525034,3.50777173,2.560210466
15:13:42,2.562893152,3.507735491,2.56068635
15:13:42,2.562575817,3.508434296,2.562073946
15:13:42,2.562978983,3.508725643,2.561305046
15:13:42,2.562543154,3.509197474,2.560009956
15:13:42,2.562838316,3.507994175,2.559341908
15:13:42,2.561892509,3.507245541,2.560626984
15:13:42,2.563064814,3.508154869,2.560802221
15:13:42,2.561468601,3.507159233,2.560934305
15:13:42,2.562512398,3.508350611,2.560036421
15:13:42,2.562378407,3.509677649,2.559562206
15:13:42,2.561351538,3.507479668,2.559660912
15:13:42,2.562435865,3.508074522,2.560152769
15:13:42,2.561811209,3.508712769,2.560941935
15:13:42,2.562867165,3.508606911,2.560732841
15:13:42,2.562319517,3.508571386,2.560269356
15:13:42,2.563426256,3.509753466,2.561150312
15:13:42,2.564678431,3.508896351,2.561419249
15:13:42,2.563440084,3.509788752,2.561107397
15:13:42,2.562759638,3.50859642,2.560237646
15:13:42,2.562727213,3.508799553,2.55999279
15:13:42,2.563153982,3.508827448,2.560160875
15:13:42,2.56358099,3.508247614,2.560036898
15:13:42,2.561638355,3.507669449,2.56067872
15:13:42,2.56300354,3.507004738,2.560855865
15:13:42,2.562645912,3.508449793,2.560880423
15:13:42,2.562293768,3.508392334,2.559829473
15:13:42,2.562717915,3.509029388,2.561582088
15:13:42,2.562457561,3.508733034,2.559305668
15:13:42,2.563781023,3.510993242,2.561467648
15:13:42,2.563229322,3.51071763,2.56111455
15:13:42,2.562664509,3.509157658,2.561556339
15:13:42,2.562885761,3.508068085,2.560594559
15:13:42,2.562102795,3.50782609,2.560578108
15:13:42,2.562768221,3.507597685,2.560291767
15:13:42,2.563066244,3.508135319,2.559424639
15:13:42,2.562585592,3.508864164,2.560498953
15:13:42,2.563178539,3.509123564,2.56050396
15:13:42,2.563204288,3.509787321,2.559909582
15:13:42,2.562410116,3.508085728,2.560672045
15:13:42,2.56150198,3.507856846,2.560709715
15:13:42,2.563093185,3.508571386,2.561321974
15:13:42,2.563132763,3.508479357,2.56111908
15:13:42,2.563233376,3.508111954,2.559619904
15:13:42,2.563059568,3.508947611,2.56078434
15:13:42,2.562208652,3.507419586,2.561110258
15:13:42,2.564352989,3.508712292,2.559072256
15:13:42,2.563144684,3.508313656,2.560721636
15:13:42,2.563187599,3.508201361,2.561370134
15:13:42,2.562371016,3.507905722,2.561279774
15:13:42,2.562745094,3.50753212,2.561210394
15:13:42,2.562776804,3.507292509,2.560102701
15:13:42,2.563181877,3.506779432,2.560891628
15:13:42,2.56271863,3.509632587,2.561321259
15:13:42,2.563206673,3.508904457,2.560239553
15:13:42,2.562137127,3.508452415,2.560549021
15:13:42,2.563513517,3.5084517,2.560920715
15:13:42,2.563229322,3.507921934,2.560203075
15:13:42,2.562155724,3.507130623,2.561289072
15:13:42,2.562633514,3.507764816,2.560004473
15:13:42,2.562935352,3.508398771,2.560943365
15:13:42,2.563775778,3.509966135,2.56125927
15:13:42,2.563074112,3.509230852,2.56077528
15:13:42,2.564061165,3.510469675,2.559760571
15:13:42,2.562727213,3.511489391,2.561306238
15:13:42,2.562730312,3.510754824,2.561022043
15:13:42,2.562636614,3.509876728,2.560474396
15:13:42,2.562272072,3.509648561,2.561075449
15:13:42,2.563068151,3.509549856,2.560787916
15:13:42,2.563272476,3.509845495,2.561178684
15:13:42,2.562151432,3.508654594,2.559335947
15:13:42,2.563836336,3.509503365,2.560134888
15:13:42,2.562944889,3.510081291,2.560867786
15:13:42,2.563597918,3.510426998,2.560800314
15:13:42,2.562366009,3.50934577,2.561028481
15:13:42,2.562264442,3.50800395,2.560906172
15:13:42,2.562572002,3.508269072,2.560758591
15:13:42,2.563165903,3.509336948,2.560734272
15:13:42,2.563757896,3.508748055,2.559371233
15:13:42,2.562932014,3.509251118,2.561730623
15:13:42,2.563076735,3.509221077,2.561050177
15:13:42,2.562986374,3.50963521,2.561019659
15:13:42,2.562489986,3.510017872,2.559834957
15:13:42,2.563025713,3.509758711,2.560907364
15:13:42,2.562776089,3.508419752,2.560186148
15:13:42,2.563900471,3.507827282,2.560846567
15:13:42,2.563247919,3.507655621,2.561189175
15:13:42,2.563446045,3.50880909,2.560453653
15:13:42,2.56321454,3.510207415,2.560333014
15:13:42,2.56341362,3.510461092,2.561117172
15:13:42,2.562441826,3.510003328,2.559866667
15:13:42,2.563427448,3.508973837,2.561019182
15:13:42,2.563457251,3.509444952,2.56091404
15:13:42,2.563597202,3.508023739,2.561384916
15:13:42,2.562635899,3.507359505,2.561186314
15:13:42,2.562984943,3.508434772,2.560610533
15:13:42,2.563352108,3.508083105,2.561583519
15:13:42,2.562648296,3.509179354,2.56071043
15:13:42,2.563059568,3.508090973,2.560535908
15:13:43,2.563076019,3.508606195,2.561269283
15:13:43,2.563280821,3.508361816,2.561381578
15:13:43,2.56282115,3.508691072,2.560451746
15:13:43,2.56221056,3.508287191,2.560840368
15:13:43,2.561734676,3.506076097,2.561546326
15:13:43,2.561969995,3.506861687,2.56031394
15:13:43,2.562888384,3.50715518,2.56121254
15:13:43,2.562355995,3.508090973,2.560163498
15:13:43,2.562064648,3.507404566,2.56057477
15:13:43,2.563043594,3.507499933,2.560181856
15:13:43,2.562656641,3.509283066,2.560124636
15:13:43,2.561924219,3.507658958,2.559780598
15:13:43,2.561885357,3.508011341,2.561002016
15:13:43,2.562580585,3.508260012,2.560503244
15:13:43,2.562511921,3.508784771,2.560241461
15:13:43,2.562075138,3.508518457,2.560909986
15:13:43,2.562166214,3.509002924,2.560969591
15:13:43,2.562786579,3.509531498,2.559865952
15:13:43,2.562623501,3.510291815,2.560789585
15:13:43,2.562425852,3.509823322,2.560877085
15:13:43,2.562741041,3.510610819,2.560317516
15:13:43,2.563565493,3.508824348,2.56092
15:13:43,2.563896656,3.50903511,2.56107688
15:13:43,2.563309193,3.509608507,2.560565472
15:13:43,2.562165737,3.510056973,2.560749292
15:13:43,2.562612295,3.510421515,2.560145617
15:13:43,2.562809944,3.510482311,2.561723471
15:13:43,2.563240767,3.509577274,2.560700893
15:13:43,2.562567472,3.508991241,2.560279369
15:13:43,2.563242674,3.507877111,2.560357332
15:13:43,2.562687635,3.508100748,2.562219381
15:13:43,2.563643694,3.507145405,2.561610937
15:13:43,2.563604593,3.507139683,2.559860468
15:13:43,2.562864542,3.507140398,2.560184479
15:13:43,2.562780142,3.507752895,2.559851885
15:13:43,2.562945843,3.507762671,2.560251474
15:13:43,2.562762022,3.509484529,2.560152769
15:13:43,2.563772917,3.508565903,2.560133696
15:13:43,2.562517881,3.508425713,2.559562922
15:13:43,2.562285185,3.507140875,2.560157537
15:13:43,2.562741041,3.507261038,2.560622692
15:13:43,2.562815666,3.508083105,2.561478853
15:13:43,2.563930273,3.509565592,2.561879635
15:13:43,2.563842535,3.510233879,2.560544968
15:13:43,2.564110279,3.511521578,2.5612216
15:13:43,2.56330204,3.509948015,2.560592175
15:13:43,2.564012289,3.509617567,2.560323954
15:13:43,2.56393671,3.509290695,2.560855865
15:13:43,2.563664198,3.510318995,2.561481237
15:13:43,2.563915253,3.508612394,2.56154418
15:13:43,2.562053204,3.508478642,2.559767962
15:13:43,2.563248396,3.509555101,2.560724258
15:13:43,2.563882113,3.508640289,2.561656952
15:13:43,2.563465118,3.50887394,2.560779095
15:13:43,2.563326597,3.508826256,2.561311483
15:13:43,2.562601089,3.508726835,2.560222864
15:13:43,2.562495947,3.50937295,2.560065031
15:13:43,2.563126087,3.509161711,2.561121702
15:13:43,2.562604189,3.508344173,2.561331987
15:13:43,2.562280655,3.508019924,2.560558796
15:13:43,2.562363148,3.509662867,2.560414791
15:13:43,2.562610149,3.508489132,2.560588598
15:13:43,2.562561512,3.50734663,2.558823109
15:13:43,2.562312841,3.508699656,2.560875654
15:13:43,2.562666416,3.5086689,2.560364008
15:13:43,2.562246799,3.509410143,2.562329054
15:13:43,2.563181877,3.508953571,2.560685396
15:13:43,2.564032078,3.508852482,2.559769154
15:13:43,2.562752962,3.508623838,2.560168743
15:13:43,2.562039375,3.508710146,2.560990095
15:13:43,2.562920332,3.508949041,2.560729504
15:13:43,2.562524319,3.509677172,2.560689926
15:13:43,2.563925743,3.510945559,2.56075263
15:13:43,2.563145399,3.509890556,2.561563969
15:13:43,2.563752651,3.510298967,2.561375618
15:13:43,2.5635674,3.510112286,2.561036587
15:13:43,2.563084602,3.509290695,2.560674667
15:13:43,2.563546419,3.510151625,2.55954957
15:13:43,2.562986374,3.509000063,2.56077528
15:13:43,2.563637733,3.510635376,2.560894728
15:13:43,2.56264472,3.510028362,2.561277628
15:13:43,2.562940598,3.510084867,2.560216427
15:13:43,2.562600374,3.50858283,2.560842514
15:13:43,2.562918663,3.508942366,2.559992313
15:13:43,2.562846661,3.508785963,2.559345245
15:13:43,2.562457561,3.508297682,2.559880972
15:13:43,2.562704563,3.50865221,2.560207844
15:13:43,2.562532425,3.506921053,2.560819626
15:13:43,2.563532591,3.50703001,2.560271502
15:13:43,2.563017845,3.507249832,2.559625626
15:13:43,2.562142372,3.506601334,2.559344769
15:13:43,2.562474728,3.508275032,2.56095624
15:13:43,2.562971592,3.507671595,2.560830832
15:13:43,2.563322544,3.506593704,2.559162855
15:13:43,2.562363863,3.506142855,2.559340239
15:13:43,2.56141758,3.507626534,2.561980247
15:13:43,2.562368393,3.507549286,2.5615623
15:13:43,2.562042713,3.50770092,2.56056881
15:13:43,2.563143253,3.508847237,2.559196711
15:13:43,2.563469887,3.508512974,2.559440613
15:13:43,2.561796904,3.508422136,2.559366465
15:13:43,2.561325073,3.508007526,2.560785055
15:13:43,2.562516212,3.508303881,2.560521841
15:13:43,2.562567472,3.508067369,2.560629129
15:13:43,2.562359095,3.509175301,2.559096575
15:13:43,2.56238699,3.50975585,2.559509516
15:13:43,2.562243462,3.50965333,2.559799671
15:13:43,2.561867476,3.508539915,2.559653521
15:13:43,2.561931849,3.507377863,2.56057024
15:13:43,2.56278038,3.507094383,2.559801102
15:13:43,2.561773777,3.508044004,2.560680628
15:13:43,2.562022924,3.50724721,2.560872316
15:13:43,2.562285185,3.508579016,2.559326172
15:13:43,2.562608242,3.508620262,2.560373068
15:13:43,2.562952042,3.510887861,2.561122417
15:13:44,2.56286335,3.509261608,2.561391592
15:13:44,2.562703371,3.509245157,2.560255289
15:13:44,2.562895775,3.509636402,2.560279369
15:13:44,2.562595606,3.50894022,2.561201811
15:13:44,2.562820435,3.506669998,2.561068058
15:13:44,2.562975645,3.507304907,2.561474085
15:13:44,2.562442541,3.507737875,2.560752153
15:13:44,2.562903166,3.508686543,2.559510708
15:13:44,2.562726736,3.509556532,2.560940981
15:13:44,2.562681675,3.50939393,2.560461521
15:13:44,2.562996864,3.509400368,2.560886383
15:13:44,2.562007666,3.508057594,2.560340643
15:13:44,2.562656641,3.508441448,2.560489893
15:13:44,2.563869476,3.507887602,2.56070447
15:13:44,2.563954115,3.510588646,2.561365843
15:13:44,2.563506842,3.509356022,2.559593201
15:13:44,2.562868595,3.509583712,2.561085939
15:13:44,2.563480616,3.509433746,2.560570955
15:13:44,2.562749386,3.510033846,2.559880257
15:13:44,2.563059568,3.509710312,2.561144829
15:13:44,2.563530207,3.509096384,2.561424017
15:13:44,2.56203723,3.507554531,2.559521914
15:13:44,2.563336611,3.508924246,2.561263323
15:13:44,2.562748432,3.50821805,2.560509443
15:13:44,2.563380003,3.509936333,2.56052947
15:13:44,2.563884258,3.507496119,2.56130743
15:13:44,2.56348896,3.507212162,2.560696363
15:13:44,2.562942028,3.508052349,2.56098938
15:13:44,2.563365459,3.50934577,2.560964823
15:13:44,2.56265378,3.509869576,2.560037851
15:13:44,2.563383818,3.510077,2.560907364
15:13:44,2.563040972,3.509434462,2.560050488
15:13:44,2.563265562,3.509509563,2.562830687
15:13:44,2.563964844,3.508969069,2.561286449
15:13:44,2.562450171,3.50868535,2.56078434
15:13:44,2.562694311,3.507889986,2.559666157
15:13:44,2.562753677,3.50913763,2.560666084
15:13:44,2.562389374,3.50851655,2.559595346
15:13:44,2.56286335,3.508473158,2.560674667
15:13:44,2.562755585,3.507848263,2.56198144
15:13:44,2.562656641,3.507886171,2.560747623
15:13:44,2.562656641,3.507287741,2.560271502
15:13:44,2.563005924,3.50820756,2.560411453
15:13:44,2.562720537,3.508430004,2.561101913
15:13:44,2.562857389,3.50916028,2.56015873
15:13:44,2.563247919,3.509856701,2.560194492
15:13:44,2.563596249,3.508303165,2.562011242
15:13:44,2.563551188,3.509480715,2.561181545
15:13:44,2.563745975,3.510267973,2.561710835
15:13:44,2.562501669,3.509178638,2.560226917
15:13:44,2.562503576,3.508969069,2.560186625
15:13:44,2.563416243,3.508745432,2.561917067
15:13:44,2.56385088,3.507657051,2.561099052
15:13:44,2.562908173,3.508984089,2.560046911
15:13:44,2.563091755,3.507658243,2.559299707
15:13:44,2.562373877,3.507781029,2.56095624
15:13:44,2.562722445,3.508340836,2.560975313
15:13:44,2.56339097,3.510365486,2.560757399
15:13:44,2.563216209,3.508595943,2.56175518
15:13:44,2.563409805,3.508722067,2.561145544
15:13:44,2.562505245,3.508034229,2.561683178
15:13:44,2.562886238,3.508746386,2.561146975
15:13:44,2.563748121,3.509880781,2.560675144
15:13:44,2.563866854,3.509574652,2.561059475
15:13:44,2.563070774,3.508213758,2.560517311
15:13:44,2.562581301,3.508524895,2.560818911
15:13:44,2.562451601,3.508303165,2.560930729
15:13:44,2.562512398,3.508831024,2.560140848
15:13:44,2.563185692,3.508580446,2.561934471
15:13:44,2.563141584,3.508803606,2.560544968
15:13:44,2.562824249,3.508803606,2.560786963
15:13:44,2.564339876,3.510330677,2.561316252
15:13:44,2.564229727,3.510050297,2.560079336
15:13:44,2.563709021,3.509397268,2.560988665
15:13:44,2.562758923,3.509306431,2.559516907
15:13:44,2.562594652,3.509547234,2.559732437
15:13:44,2.562287092,3.508804798,2.560560465
15:13:44,2.563643694,3.508613348,2.56152916
15:13:44,2.563280821,3.509662867,2.560990095
15:13:44,2.561993122,3.50822711,2.561353207
15:13:44,2.562046766,3.509055376,2.560623646
15:13:44,2.562834263,3.50761795,2.559880257
15:13:44,2.561970711,3.50911212,2.56030488
15:13:44,2.563352108,3.509386063,2.55992198
15:13:44,2.563144684,3.507899284,2.560398817
15:13:44,2.563607931,3.50879097,2.561606407
15:13:44,2.562242985,3.508804321,2.559568882
15:13:44,2.562727928,3.507228374,2.560406685
15:13:44,2.562021494,3.507301569,2.558774471
15:13:44,2.56268239,3.507362843,2.559740067
15:13:44,2.562055826,3.5085361,2.560629129
15:13:44,2.562006712,3.508045912,2.559536457
15:13:44,2.562421083,3.50789237,2.560460806
15:13:44,2.562552929,3.50804019,2.560763359
15:13:44,2.561902761,3.507572412,2.55842948
15:13:44,2.562111855,3.50936079,2.559207201
15:13:44,2.562406063,3.508201361,2.560308933
15:13:44,2.562268019,3.508601427,2.56018734
15:13:44,2.561721563,3.508754492,2.561088085
15:13:44,2.562373877,3.50771904,2.559976339
15:13:44,2.56221962,3.50892067,2.56033349
15:13:44,2.562373877,3.508080006,2.560197115
15:13:44,2.563028336,3.509043455,2.56003499
15:13:44,2.561613321,3.508641005,2.55919838
15:13:44,2.563217402,3.509198189,2.559049845
15:13:44,2.562927961,3.508138657,2.559618473
15:13:44,2.562625647,3.508687258,2.560354948
15:13:44,2.561967373,3.50861764,2.559248924
15:13:44,2.562702179,3.507676601,2.559904814
15:13:44,2.562589645,3.509126186,2.559845209
15:13:44,2.562618971,3.509355545,2.55984664
15:13:44,2.562352419,3.508117199,2.560685396
15:13:44,2.563260555,3.508453846,2.561104536
15:13:44,2.564142466,3.508615971,2.559810877
15:13:44,2.562700748,3.508467436,2.559300661
15:13:44,2.562069654,3.508375406,2.560410023
15:13:44,2.560874701,3.507932425,2.560402155
15:13:44,2.562712669,3.51010561,2.560399294
15:13:44,2.563332319,3.510273457,2.560198545
15:13:45,2.564048052,3.509944677,2.561078548
15:13:45,2.563138723,3.509576082,2.561107397
15:13:45,2.563442707,3.509382725,2.560588121
15:13:45,2.563062191,3.510084867,2.560777187
15:13:45,2.563539743,3.510329485,2.559925318
15:13:45,2.562767506,3.509027243,2.560759306
15:13:45,2.563086033,3.509174109,2.561773062
15:13:45,2.563310623,3.50924921,2.560086489
15:13:45,2.562562227,3.509141445,2.559980869
15:13:45,2.563101053,3.509883165,2.559642076
15:13:45,2.562460899,3.510142326,2.559041977
15:13:45,2.562669039,3.509891033,2.560710907
15:13:45,2.561855555,3.50928688,2.559670925
15:13:45,2.561675787,3.508411169,2.559507847
15:13:45,2.563365459,3.50842452,2.560731411
15:13:45,2.562963963,3.508421659,2.560294867
15:13:45,2.563276052,3.508363724,2.55943656
15:13:45,2.563034534,3.508886576,2.560531616
15:13:45,2.562088966,3.508192778,2.560776711
15:13:45,2.562295198,3.508296728,2.560286522
15:13:45,2.561964273,3.507816315,2.561203003
15:13:45,2.562635899,3.506501675,2.560564756
15:13:45,2.563064098,3.507571697,2.559931755
15:13:45,2.563632488,3.508328199,2.559747934
15:13:45,2.563164473,3.509012222,2.5621171
15:13:45,2.562921524,3.507682085,2.560294867
15:13:45,2.562579155,3.508445978,2.560346603
15:13:45,2.563134193,3.508665085,2.56140542
15:13:45,2.562961102,3.507974863,2.561156034
15:13:45,2.562602282,3.507645845,2.561272383
15:13:45,2.561414242,3.508192301,2.559241533
15:13:45,2.563358545,3.508824348,2.560305595
15:13:45,2.561840057,3.50867939,2.559203863
15:13:45,2.561841011,3.508780003,2.559440613
15:13:45,2.562046051,3.508906603,2.559307814
15:13:45,2.563033104,3.508925438,2.560865164
15:13:45,2.562814474,3.509061098,2.560432673
15:13:45,2.562401295,3.5084126,2.559906244
15:13:45,2.561775208,3.50807786,2.560244799
15:13:45,2.562886953,3.508764982,2.560125828
15:13:45,2.562280655,3.508494854,2.560592175
15:13:45,2.561393976,3.508653402,2.559725046
15:13:45,2.562172174,3.508588791,2.559105158
15:13:45,2.561657429,3.50828433,2.559731722
15:13:45,2.563331604,3.509030581,2.559337616
15:13:45,2.562916756,3.509307146,2.558904171
15:13:45,2.562645912,3.507645369,2.560072899
15:13:45,2.562711716,3.508400679,2.559778452
15:13:45,2.562475443,3.508235216,2.559516907
15:13:45,2.562650681,3.50858283,2.560574055
15:13:45,2.562622786,3.509268761,2.560786486
15:13:45,2.562553167,3.509656191,2.560517311
15:13:45,2.561704397,3.509058475,2.559640408
15:13:45,2.562495232,3.508618355,2.560331345
15:13:45,2.562090158,3.50779295,2.559743643
15:13:45,2.562068939,3.507939577,2.56064415
15:13:45,2.561876297,3.508075953,2.559555769
15:13:45,2.562440872,3.507617235,2.559725523
15:13:45,2.562064648,3.507246256,2.559332132
15:13:45,2.563364029,3.507701635,2.56019187
15:13:45,2.561049461,3.507629633,2.560218334
15:13:45,2.562046051,3.508025169,2.560477734
15:13:45,2.562647104,3.507954597,2.559767246
15:13:45,2.56230092,3.507324219,2.56009531
15:13:45,2.562457561,3.507326841,2.560416698
15:13:45,2.562659025,3.507968426,2.561791182
15:13:45,2.562907696,3.508785963,2.56092
15:13:45,2.563027382,3.50985837,2.559259415
15:13:45,2.562332153,3.508195162,2.559688091
15:13:45,2.562552929,3.508020639,2.5604949
15:13:45,2.563107014,3.507381678,2.560656548
15:13:45,2.561903715,3.507759571,2.560043097
15:13:45,2.562846661,3.50760293,2.56111908
15:13:45,2.561603785,3.506617069,2.559943199
15:13:45,2.563191175,3.507789373,2.560624361
15:13:45,2.56247735,3.507378578,2.560978889
15:13:45,2.563456059,3.507835865,2.560676336
15:13:45,2.563280821,3.508998632,2.560091972
15:13:45,2.56282711,3.508147001,2.560766697
15:13:45,2.562212467,3.508574963,2.560195208
15:13:45,2.562517881,3.507401705,2.560871601
15:13:45,2.562565088,3.508287907,2.559243441
15:13:45,2.562087059,3.508653402,2.559278011
15:13:45,2.562951326,3.510225058,2.560429096
15:13:45,2.563429832,3.509699821,2.560904741
15:13:45,2.563273668,3.509512663,2.558955193
15:13:45,2.562565088,3.509437084,2.560697794
15:13:45,2.562621355,3.509280443,2.559870958
15:13:45,2.562106848,3.507553339,2.560052395
15:13:45,2.563407183,3.508374691,2.560480833
15:13:45,2.563081264,3.50999999,2.560595274
15:13:45,2.562495947,3.509027243,2.559463024
15:13:45,2.562885046,3.508394241,2.559330225
15:13:45,2.562232971,3.508267641,2.559654713
15:13:45,2.563071966,3.508675575,2.560874939
15:13:45,2.562346935,3.508597851,2.560212851
15:13:45,2.562654495,3.509774923,2.559857845
15:13:45,2.562252045,3.509729147,2.559710979
15:13:45,2.563046455,3.509438753,2.561331987
15:13:45,2.563380718,3.508763075,2.561050892
15:13:45,2.562704563,3.509065151,2.559382439
15:13:45,2.563025236,3.509065628,2.559851885
15:13:45,2.563166618,3.509203672,2.560070753
15:13:45,2.562371492,3.508392334,2.560061455
15:13:45,2.563170433,3.510055542,2.561306715
15:13:45,2.563284159,3.509094954,2.559600353
15:13:45,2.563138723,3.509245634,2.559659481
15:13:45,2.562958479,3.509594917,2.559585333
15:13:45,2.56358552,3.509395838,2.559604645
15:13:45,2.563261747,3.509945393,2.560527086
15:13:45,2.56290102,3.508970022,2.560909986
15:13:45,2.563249111,3.508462906,2.560955763
15:13:45,2.562633514,3.508221626,2.558792591
15:13:45,2.562946558,3.506910563,2.559480906
15:13:45,2.562252045,3.50842905,2.559769154
15:13:45,2.561814785,3.507812977,2.560508728
15:13:45,2.562165022,3.508723974,2.560935259
15:13:45,2.56236434,3.508706808,2.561345339
15:13:45,2.563485622,3.508729696,2.560788631
15:13:46,2.563037157,3.508398771,2.560737848
15:13:46,2.562263966,3.50796175,2.560113192
15:13:46,2.562779427,3.506951571,2.559476137
15:13:46,2.56160593,3.506451845,2.559943199
15:13:46,2.562573195,3.507451534,2.560203075
15:13:46,2.561003447,3.507118702,2.559863806
15:13:46,2.562633514,3.508029699,2.561113834
15:13:46,2.561926365,3.506878853,2.560638905
15:13:46,2.562567472,3.508168459,2.559849977
15:13:46,2.56311059,3.507762671,2.559885025
15:13:46,2.562256575,3.507679224,2.560423851
15:13:46,2.563561916,3.509008408,2.560433388
15:13:46,2.562818289,3.50923419,2.560936451
15:13:46,2.562669754,3.50867486,2.559807062
15:13:46,2.562366724,3.507994175,2.561890125
15:13:46,2.56203723,3.508194208,2.559851885
15:13:46,2.562040806,3.507700205,2.559531212
15:13:46,2.563032389,3.509094477,2.559653997
15:13:46,2.56218195,3.509123087,2.560231447
15:13:46,2.563198328,3.509797096,2.560566902
15:13:46,2.562651873,3.508569717,2.559631586
15:13:46,2.561983347,3.507413626,2.559908152
15:13:46,2.561961412,3.50838542,2.559243441
15:13:46,2.56293869,3.508749962,2.560226917
15:13:46,2.562071085,3.509549379,2.559545994
15:13:46,2.563053608,3.50841856,2.559750795
15:13:46,2.562877893,3.51014185,2.559978247
15:13:46,2.5627563,3.509298563,2.56153965
15:13:46,2.562341452,3.509021997,2.560636997
15:13:46,2.561842918,3.508394241,2.559357405
15:13:46,2.561740637,3.507563114,2.559330225
15:13:46,2.562849283,3.508816719,2.559787035
15:13:46,2.562634706,3.508559465,2.559999466
15:13:46,2.561946869,3.507931709,2.559985399
15:13:46,2.563128471,3.507710695,2.559506893
15:13:46,2.563471317,3.508468866,2.560518742
15:13:46,2.563056946,3.509027243,2.55975008
15:13:46,2.563784838,3.508310795,2.559512615
15:13:46,2.562620878,3.508959293,2.560162783
15:13:46,2.563844204,3.508761644,2.562122345
15:13:46,2.563212872,3.508896828,2.561714888
15:13:46,2.563740253,3.508980989,2.561582088
15:13:46,2.563502312,3.50782156,2.561148882
15:13:46,2.564448833,3.509463787,2.560556889
15:13:46,2.562837362,3.508618355,2.560610056
15:13:46,2.563209534,3.50888896,2.560398102
15:13:46,2.562250853,3.508154869,2.560026646
15:13:46,2.562723875,3.508415222,2.559795856
15:13:46,2.562404871,3.507786274,2.56065464
15:13:46,2.562741041,3.508556843,2.560900211
15:13:46,2.562731743,3.507536411,2.56198144
15:13:46,2.562810421,3.508732319,2.561044931
15:13:46,2.562403202,3.50993681,2.561641455
15:13:46,2.562787533,3.508422136,2.560724258
15:13:46,2.562908888,3.509213448,2.560534239
15:13:46,2.563024521,3.507803917,2.559372902
15:13:46,2.562421083,3.50696826,2.561710358
15:13:46,2.562999964,3.506818771,2.56071043
15:13:46,2.562968254,3.508393526,2.560145617
15:13:46,2.563302517,3.508486986,2.56071043
15:13:46,2.563239813,3.508565187,2.561862946
15:13:46,2.562804937,3.508984089,2.561276436
15:13:46,2.562669754,3.508444548,2.561048985
15:13:46,2.564485073,3.5092659,2.56178093
15:13:46,2.563658714,3.50987792,2.562005997
15:13:46,2.563305378,3.509131193,2.561141968
15:13:46,2.563753843,3.509104729,2.559243441
15:13:46,2.564168215,3.50963521,2.56119442
15:13:46,2.563629627,3.50928092,2.561593533
15:13:46,2.563529253,3.509560347,2.560222387
15:13:46,2.562651157,3.508843899,2.561317444
15:13:46,2.563122272,3.509358406,2.559930801
15:13:46,2.562962294,3.50823617,2.559838533
15:13:46,2.562498093,3.510681391,2.5620296
15:13:46,2.56322813,3.509711027,2.560088634
15:13:46,2.562662601,3.508489847,2.560708284
15:13:46,2.562335491,3.508001328,2.559212923
15:13:46,2.562461615,3.509380102,2.559113264
15:13:46,2.563472986,3.509102821,2.562378168
15:13:46,2.563224077,3.509371758,2.561219692
15:13:46,2.562573195,3.509104729,2.5600214
15:13:46,2.562378407,3.507895231,2.560416698
15:13:46,2.562630177,3.507457256,2.560260057
15:13:46,2.562688112,3.507587194,2.560599327
15:13:46,2.563068151,3.508657932,2.561033964
15:13:46,2.562991381,3.509449244,2.55903244
15:13:46,2.563059092,3.50890255,2.56043911
15:13:46,2.563566685,3.509542465,2.560433388
15:13:46,2.562669754,3.508323908,2.560962439
15:13:46,2.562929392,3.508999348,2.560314894
15:13:46,2.562628031,3.508291245,2.560335398
15:13:46,2.56413126,3.508130074,2.562325478
15:13:46,2.563330412,3.509231567,2.562338114
15:13:46,2.562633991,3.508564711,2.559656858
15:13:46,2.562449932,3.508256197,2.560339451
15:13:46,2.562582493,3.50903368,2.561003447
15:13:46,2.5631845,3.50950098,2.559287071
15:13:46,2.563161373,3.508348703,2.560865164
15:13:46,2.562242985,3.508986712,2.559644938
15:13:46,2.563148737,3.50795126,2.560229778
15:13:46,2.563573599,3.509634018,2.559777737
15:13:46,2.56377244,3.508423805,2.560768366
15:13:46,2.563951254,3.509809494,2.561275005
15:13:46,2.563784838,3.509407759,2.561279774
15:13:46,2.564005613,3.509853363,2.561610937
15:13:46,2.563409805,3.509296179,2.559425354
15:13:46,2.563811541,3.509873629,2.560885429
15:13:46,2.562256575,3.510145426,2.561318159
15:13:46,2.562913656,3.508984804,2.560807705
15:13:46,2.563126087,3.509991646,2.561601162
15:13:46,2.562366009,3.509503365,2.562349319
15:13:46,2.563204765,3.509325504,2.559527159
15:13:46,2.56304574,3.509042025,2.56053853
15:13:46,2.56261611,3.509264708,2.560412884
15:13:46,2.562828302,3.509218931,2.562463522
15:13:46,2.563362837,3.509103537,2.561021328
15:13:47,2.564158916,3.508160114,2.558836699
15:13:47,2.562928677,3.509106159,2.560029745
15:13:47,2.563248396,3.509506702,2.560797691
15:13:47,2.563002825,3.509269953,2.559731007
15:13:47,2.563419104,3.510264397,2.561048269
15:13:47,2.562881947,3.510200262,2.560297012
15:13:47,2.563746691,3.509969234,2.56041193
15:13:47,2.562571287,3.509429693,2.561345816
15:13:47,2.563100576,3.5092237,2.560521841
15:13:47,2.5625,3.509474277,2.561753273
15:13:47,2.562839508,3.509455204,2.560352087
15:13:47,2.56253171,3.508214951,2.559401512
15:13:47,2.562758446,3.50865078,2.560015917
15:13:47,2.562920332,3.508899927,2.560900927
15:13:47,2.562666416,3.509331465,2.561192274
15:13:47,2.563898563,3.509640694,2.559815645
15:13:47,2.563810825,3.510091782,2.561232328
15:13:47,2.562990904,3.508868694,2.561660767
15:13:47,2.563769102,3.509126186,2.561081886
15:13:47,2.562498093,3.509509563,2.561576128
15:13:47,2.562993526,3.508187532,2.560733557
15:13:47,2.562678099,3.507691145,2.561028481
15:13:47,2.562947035,3.508507252,2.561233997
15:13:47,2.56282115,3.50924921,2.559847593
15:13:47,2.562681675,3.508113146,2.55992651
15:13:47,2.562934875,3.508663177,2.562180519
15:13:47,2.562977552,3.509474754,2.561669827
15:13:47,2.563728333,3.508962631,2.561520576
15:13:47,2.564229012,3.510160685,2.561625242
15:13:47,2.563591957,3.50953269,2.560703754
15:13:47,2.564310074,3.511023045,2.560184479
15:13:47,2.56293869,3.508807898,2.560872316
15:13:47,2.563046455,3.508665085,2.561414719
15:13:47,2.563573599,3.509232759,2.560018539
15:13:47,2.563534498,3.509677649,2.560377121
15:13:47,2.563546419,3.509301901,2.560585499
15:13:47,2.563850403,3.509106636,2.560716867
15:13:47,2.563630342,3.510432005,2.560814857
15:13:47,2.563564539,3.50936985,2.561526537
15:13:47,2.563067436,3.510481358,2.560618401
15:13:47,2.563681841,3.50936389,2.561945915
15:13:47,2.56384635,3.510409832,2.561329365
15:13:47,2.56282115,3.509704351,2.560564756
15:13:47,2.563630342,3.509713888,2.561496735
15:13:47,2.563554764,3.510204792,2.560884714
15:13:47,2.563642263,3.509868145,2.562764406
15:13:47,2.564049959,3.509329081,2.56173563
15:13:47,2.5633986,3.509133339,2.561343193
15:13:47,2.56344533,3.508840084,2.561427355
15:13:47,2.563152075,3.509766817,2.561851263
15:13:47,2.563236475,3.509307146,2.561190605
15:13:47,2.563869476,3.51079154,2.561251402
15:13:47,2.563853264,3.509913921,2.560930014
15:13:47,2.563286304,3.509037733,2.561391592
15:13:47,2.563376665,3.508237839,2.562080622
15:13:47,2.563028336,3.508459806,2.561625719
15:13:47,2.563610554,3.510093927,2.562065363
15:13:47,2.563493013,3.509568214,2.561806202
15:13:47,2.56400919,3.509259462,2.561026335
15:13:47,2.564002514,3.508466721,2.561285734
15:13:47,2.563576221,3.509034157,2.560353279
15:13:47,2.56289053,3.50950551,2.56177783
15:13:47,2.563941479,3.510803938,2.560214281
15:13:47,2.56355691,3.509538174,2.56060195
15:13:47,2.563274384,3.509009838,2.561002016
15:13:47,2.563200951,3.509643078,2.562017918
15:13:47,2.563449383,3.509215117,2.559657574
15:13:47,2.563424349,3.509987116,2.561331272
15:13:47,2.563544512,3.509773731,2.560857773
15:13:47,2.564057827,3.509620428,2.559972763
15:13:47,2.563084602,3.510326862,2.560307503
15:13:47,2.563811541,3.510099173,2.560417175
15:13:47,2.563251734,3.509263992,2.560096502
15:13:47,2.562932014,3.508405447,2.559807062
15:13:47,2.56370163,3.509031057,2.559498787
15:13:47,2.56370163,3.51009655,2.560502052
15:13:47,2.563601255,3.510532379,2.561626196
15:13:47,2.563941479,3.511375666,2.56123805
15:13:47,2.563442707,3.50933671,2.560311079
15:13:47,2.562576532,3.508309364,2.560940504
15:13:47,2.563676834,3.510349751,2.559827566
15:13:47,2.563369274,3.508961439,2.561169386
15:13:47,2.562945843,3.509492397,2.559516191
15:13:47,2.563591957,3.509845495,2.56119132
15:13:47,2.565000534,3.510465384,2.56112361
15:13:47,2.564536572,3.510754824,2.560820103
15:13:47,2.563544989,3.509675264,2.560886383
15:13:47,2.562606335,3.50834775,2.560875654
15:13:47,2.563880682,3.510320425,2.56056881
15:13:47,2.56351018,3.50893116,2.560657978
15:13:47,2.563102484,3.508180857,2.560904741
15:13:47,2.562814474,3.508214951,2.560356379
15:13:47,2.563131332,3.509024382,2.561168909
15:13:47,2.563341618,3.509277105,2.561224937
15:13:47,2.563349485,3.508287907,2.561017752
15:13:47,2.563532114,3.50852108,2.560908079
15:13:47,2.563293457,3.50840497,2.561068535
15:13:47,2.563831806,3.50844264,2.561151981
15:13:47,2.562250137,3.508828163,2.56107831
15:13:47,2.563431978,3.509039164,2.561691284
15:13:47,2.56378293,3.508564711,2.561832666
15:13:47,2.56230092,3.508584261,2.560744047
15:13:47,2.563124895,3.508885622,2.560667992
15:13:47,2.563493013,3.509289503,2.561252117
15:13:47,2.563476324,3.509172678,2.560825586
15:13:47,2.562616587,3.509225368,2.560018539
15:13:47,2.563730717,3.508320808,2.560152769
15:13:47,2.563873053,3.508358479,2.560546398
15:13:47,2.562914371,3.507602453,2.559633017
15:13:47,2.561634302,3.507875919,2.560491323
15:13:47,2.563053608,3.508175135,2.559689999
15:13:47,2.563258171,3.508906126,2.56058073
15:13:47,2.56262207,3.509170055,2.560482264
15:13:47,2.562782764,3.509227991,2.561219692
15:13:47,2.563827991,3.509248495,2.561281204
15:13:48,2.563203812,3.509853363,2.560908079
15:13:48,2.564507723,3.510914803,2.560097694
15:13:48,2.563123465,3.510024071,2.561636925
15:13:48,2.564378262,3.509716272,2.561619759
15:13:48,2.563512325,3.509914637,2.561639547
15:13:48,2.564154387,3.510475874,2.560887575
15:13:48,2.564103365,3.509866953,2.562243938
15:13:48,2.564019918,3.510308027,2.56108737
15:13:48,2.56453228,3.511273146,2.560642242
15:13:48,2.563884258,3.510386229,2.561940432
15:13:48,2.565321684,3.511479139,2.561299562
15:13:48,2.563672543,3.510189295,2.56050396
15:13:48,2.563530207,3.509607315,2.561710835
15:13:48,2.563375473,3.508511066,2.560280561
15:13:48,2.56485486,3.50928688,2.561012506
15:13:48,2.563985348,3.509670496,2.561857939
15:13:48,2.56452179,3.509222984,2.561898708
15:13:48,2.563323259,3.509067774,2.561873674
15:13:48,2.563609838,3.509491205,2.562011242
15:13:48,2.56400156,3.509728432,2.562460423
15:13:48,2.564331293,3.508988857,2.561047554
15:13:48,2.564241648,3.509779453,2.56125474
15:13:48,2.564521074,3.510133743,2.561795712
15:13:48,2.564693928,3.510292292,2.5603652
15:13:48,2.563880205,3.509871483,2.561463356
15:13:48,2.564064264,3.50959754,2.561305761
15:13:48,2.563243389,3.509766817,2.560968161
15:13:48,2.56333375,3.510326147,2.560414791
15:13:48,2.563138723,3.508803606,2.560921907
15:13:48,2.562964439,3.509917974,2.559968948
15:13:48,2.562854528,3.50913167,2.561185122
15:13:48,2.562593222,3.509428024,2.560470343
15:13:48,2.562727928,3.509609222,2.561213493
15:13:48,2.562926769,3.508214474,2.560867786
15:13:48,2.56325531,3.508597136,2.560832024
15:13:48,2.563288689,3.508955479,2.561038256
15:13:48,2.563710213,3.509002924,2.560826778
15:13:48,2.563714266,3.508669615,2.560458183
15:13:48,2.563317776,3.50819087,2.559565783
15:13:48,2.563354254,3.508458376,2.560479403
15:13:48,2.563652277,3.508376837,2.559966326
15:13:48,2.562764883,3.508689165,2.560559511
15:13:48,2.562778711,3.50725174,2.560979605
15:13:48,2.562618971,3.507210255,2.558991909
15:13:48,2.561599493,3.506478786,2.559904099
15:13:48,2.561804771,3.50746727,2.560174704
15:13:48,2.562863827,3.50783968,2.559860468
15:13:48,2.563266277,3.507780313,2.559973478
15:13:48,2.562496424,3.508713484,2.560365677
15:13:48,2.563275099,3.508472681,2.560400963
15:13:48,2.561911106,3.508196592,2.560573339
15:13:48,2.563527346,3.50913167,2.561300278
15:13:48,2.563286304,3.508774996,2.560855865
15:13:48,2.563247919,3.508630037,2.560082912
15:13:48,2.563123465,3.508846521,2.56116128
15:13:48,2.563298702,3.509111643,2.560687065
15:13:48,2.562269211,3.509172678,2.560400009
15:13:48,2.562236786,3.509889841,2.561104536
15:13:48,2.56291604,3.509705782,2.561479568
15:13:48,2.562310934,3.509663105,2.560492039
15:13:48,2.5627563,3.508736134,2.560195208
15:13:48,2.563213587,3.508466005,2.560238838
15:13:48,2.563065529,3.508491516,2.560748577
15:13:48,2.564192772,3.50865221,2.561923981
15:13:48,2.562680006,3.508579493,2.56081295
15:13:48,2.564057112,3.509416342,2.560417175
15:13:48,2.563981771,3.509194136,2.560392857
15:13:48,2.563723564,3.508980274,2.561169386
15:13:48,2.562909603,3.509096384,2.560729504
15:13:48,2.563743114,3.509455204,2.560938597
15:13:48,2.562309742,3.508569717,2.561635494
15:13:48,2.562685013,3.507545471,2.561358929
15:13:48,2.563128948,3.507402658,2.562057495
15:13:48,2.563501596,3.506412268,2.560525179
15:13:48,2.563466311,3.508941889,2.559879541
15:13:48,2.563060045,3.509181261,2.559769869
15:13:48,2.563134909,3.510046482,2.560056925
15:13:48,2.563037157,3.509255409,2.560194492
15:13:48,2.561553478,3.50795269,2.560962439
15:13:48,2.562239408,3.507437944,2.559578896
15:13:48,2.561701775,3.508192301,2.560912848
15:13:48,2.562657833,3.507776976,2.560087442
15:13:48,2.563731194,3.508393049,2.561823368
15:13:48,2.5636971,3.50925374,2.560041189
15:13:48,2.563973427,3.510599613,2.560867786
15:13:48,2.563361406,3.51043725,2.561595678
15:13:48,2.562790155,3.510316372,2.559772491
15:13:48,2.563345671,3.510298252,2.560097694
15:13:48,2.56187892,3.509570837,2.561214924
15:13:48,2.562278509,3.508447886,2.561908007
15:13:48,2.563030958,3.508751154,2.561156988
15:13:48,2.563285112,3.509281635,2.561614513
15:13:48,2.564060688,3.509036541,2.559721708
15:13:48,2.562886953,3.509612322,2.560217142
15:13:48,2.563500404,3.50935483,2.560846567
15:13:48,2.562278509,3.509346962,2.560623169
15:13:48,2.562622786,3.509467125,2.561553717
15:13:48,2.562395573,3.509136915,2.559931755
15:13:48,2.563245058,3.509450436,2.561609745
15:13:48,2.563229322,3.50883007,2.559399128
15:13:48,2.564035416,3.509152651,2.560728073
15:13:48,2.564192057,3.508223534,2.560179234
15:13:48,2.56373024,3.508486271,2.56001997
15:13:48,2.563845158,3.509686947,2.560357809
15:13:48,2.563416243,3.509538889,2.561216831
15:13:48,2.563480616,3.509753466,2.560429811
15:13:48,2.563061476,3.509213448,2.561380148
15:13:48,2.563318491,3.508530855,2.560602903
15:13:48,2.563529253,3.507630348,2.560141563
15:13:48,2.562366009,3.508675575,2.560230732
15:13:48,2.563922405,3.508708715,2.560657263
15:13:48,2.56369853,3.510008812,2.560169935
15:13:48,2.563123465,3.509278536,2.560688496
15:13:48,2.562955856,3.509630203,2.562158823
15:13:48,2.562406063,3.509895086,2.560288429
15:13:48,2.56330061,3.509992123,2.560377598
15:13:48,2.562710524,3.509406567,2.560458183
15:13:48,2.562429428,3.508515835,2.560312986
15:13:48,2.562926054,3.508849859,2.56153965
15:13:49,2.56261611,3.508354664,2.559986115
15:13:49,2.56372571,3.508798122,2.561316729
15:13:49,2.56380105,3.508325338,2.560383797
15:13:49,2.562630892,3.509382725,2.560108423
15:13:49,2.562994003,3.5081563,2.559885025
15:13:49,2.562279224,3.508948326,2.560764074
15:13:49,2.562732458,3.507925987,2.560722351
15:13:49,2.562535763,3.507409096,2.560238123
15:13:49,2.56323266,3.508499622,2.560370445
15:13:49,2.562452793,3.508361101,2.560282946
15:13:49,2.562211275,3.508553028,2.559666634
15:13:49,2.561996937,3.507766724,2.561421394
15:13:49,2.563673258,3.509170771,2.559738874
15:13:49,2.5629251,3.508818388,2.559859037
15:13:49,2.563138247,3.507653952,2.560134411
15:13:49,2.562131166,3.508001089,2.560048342
15:13:49,2.562566519,3.50724411,2.559183359
15:13:49,2.562451601,3.507287741,2.561283112
15:13:49,2.561901331,3.507739305,2.560458183
15:13:49,2.562824249,3.51003933,2.560341358
15:13:49,2.562675238,3.509204149,2.559408903
15:13:49,2.563685894,3.509500265,2.560055494
15:13:49,2.562421083,3.508837223,2.561398268
15:13:49,2.563113451,3.507449865,2.559694529
15:13:49,2.563035727,3.507563114,2.56029129
15:13:49,2.561945438,3.507788181,2.560802937
15:13:49,2.562275887,3.509060621,2.561222792
15:13:49,2.562615395,3.508195162,2.560176134
15:13:49,2.562052011,3.508957386,2.560705185
15:13:49,2.561835051,3.508427143,2.560210943
15:13:49,2.562878609,3.508857012,2.559039831
15:13:49,2.562986374,3.508970499,2.560176134
15:13:49,2.562616587,3.508614063,2.559926033
15:13:49,2.562168837,3.509505987,2.559403658
15:13:49,2.56282115,3.50842309,2.561284781
15:13:49,2.562385082,3.509419918,2.560293674
15:13:49,2.563148737,3.509293318,2.560443878
15:13:49,2.563084126,3.510075808,2.559894323
15:13:49,2.563513994,3.509799719,2.560225487
15:13:49,2.562520504,3.507986784,2.56078577
15:13:49,2.562252998,3.50714159,2.559391737
15:13:49,2.561520576,3.507101297,2.560653687
15:13:49,2.56297493,3.50914216,2.560647488
15:13:49,2.563087225,3.509228706,2.559845924
15:13:49,2.563009977,3.509511232,2.560750723
15:13:49,2.562778711,3.508804321,2.559589624
15:13:49,2.563507557,3.508750677,2.55965209
15:13:49,2.56265974,3.508768797,2.56146574
15:13:49,2.563138247,3.508923531,2.56060195
15:13:49,2.562476158,3.507731438,2.55951333
15:13:49,2.563061476,3.5081563,2.560159206
15:13:49,2.562525034,3.507707834,2.560353279
15:13:49,2.561864376,3.507953882,2.560773849
15:13:49,2.562482595,3.507147551,2.560149431
15:13:49,2.562168837,3.507674932,2.55948019
15:13:49,2.561871767,3.507581472,2.559690714
15:13:49,2.562917948,3.5087533,2.560929298
15:13:49,2.56257987,3.507969141,2.559963465
15:13:49,2.562581301,3.50762701,2.560987473
15:13:49,2.562260151,3.507814407,2.560650826
15:13:49,2.562849283,3.508119822,2.56091094
15:13:49,2.563066959,3.508957386,2.560694456
15:13:49,2.562062502,3.508244276,2.559757233
15:13:49,2.56400156,3.509367704,2.560764074
15:13:49,2.56386447,3.509581089,2.56103301
15:13:49,2.56380105,3.510048389,2.561686039
15:13:49,2.563795567,3.509287596,2.561274529
15:13:49,2.563593626,3.509190321,2.561119795
15:13:49,2.561505556,3.5096066,2.560150862
15:13:49,2.563626528,3.509966135,2.559754133
15:13:49,2.561829329,3.508992672,2.560033321
15:13:49,2.562576532,3.508194208,2.560099363
15:13:49,2.562565088,3.508879662,2.560379028
15:13:49,2.562283278,3.508796453,2.559331656
15:13:49,2.562508583,3.508725166,2.560399294
15:13:49,2.562897682,3.508367777,2.56068778
15:13:49,2.562920809,3.509959459,2.559008837
15:13:49,2.563894033,3.510298252,2.56015873
15:13:49,2.562715292,3.50863266,2.559777737
15:13:49,2.562952518,3.508795023,2.559491634
15:13:49,2.562451601,3.507992983,2.56116724
15:13:49,2.562680006,3.508763552,2.560476303
15:13:49,2.56311512,3.509270668,2.560417175
15:13:49,2.562498808,3.50858283,2.561085463
15:13:49,2.562413931,3.508482933,2.559788465
15:13:49,2.562597513,3.508013725,2.559562922
15:13:49,2.562738657,3.508397102,2.559744835
15:13:49,2.563342333,3.508276939,2.5599401
15:13:49,2.562279224,3.50864625,2.560303688
15:13:49,2.562683582,3.507944822,2.559544325
15:13:49,2.56306076,3.508569717,2.56064105
15:13:49,2.563494921,3.508885622,2.559592724
15:13:49,2.562266588,3.50807333,2.560931921
15:13:49,2.563560963,3.508745432,2.561994791
15:13:49,2.562347174,3.507379293,2.561129808
15:13:49,2.561938286,3.508191586,2.560480833
15:13:49,2.562601089,3.508261919,2.560271502
15:13:49,2.562398672,3.507991076,2.561165333
15:13:49,2.562630892,3.508318424,2.560162783
15:13:49,2.56275034,3.507573366,2.560176611
15:13:49,2.562886953,3.506559134,2.559181929
15:13:49,2.562917471,3.508322716,2.560230732
15:13:49,2.562486172,3.508130074,2.560755968
15:13:49,2.563306808,3.50783062,2.55999732
15:13:49,2.562886953,3.508834839,2.559374571
15:13:49,2.563256979,3.509346247,2.560754776
15:13:49,2.563699484,3.509992123,2.560623169
15:13:49,2.562705278,3.509174585,2.560564756
15:13:49,2.561794996,3.508206844,2.559624434
15:13:49,2.563490868,3.509576559,2.561357737
15:13:49,2.563402891,3.509052515,2.559291124
15:13:49,2.563070774,3.508860111,2.560564041
15:13:49,2.562837362,3.509245157,2.560936451
15:13:49,2.562751055,3.508573771,2.561651945
15:13:49,2.562457561,3.508470535,2.560232162
15:13:49,2.562827587,3.508535385,2.559878588
15:13:50,2.562084436,3.506838322,2.560496092
15:13:50,2.56235981,3.506830454,2.558520079
15:13:50,2.561830044,3.507505178,2.559919357
15:13:50,2.562058449,3.507811069,2.561080694
15:13:50,2.561497688,3.507321119,2.560971498
15:13:50,2.562447786,3.507227659,2.560269833
15:13:50,2.562599182,3.506795883,2.559966326
15:13:50,2.562729597,3.508222818,2.559416056
15:13:50,2.562287092,3.507805347,2.560051203
15:13:50,2.563280821,3.507912874,2.560820818
15:13:50,2.562709808,3.508329868,2.561003447
15:13:50,2.563580036,3.507740498,2.560492754
15:13:50,2.562427759,3.507887602,2.560787916
15:13:50,2.562554836,3.508061171,2.560454369
15:13:50,2.563614607,3.508500814,2.559313059
15:13:50,2.562898874,3.508434772,2.560446501
15:13:50,2.56218195,3.507348537,2.559712648
15:13:50,2.562185287,3.50828433,2.561378956
15:13:50,2.562998533,3.508430004,2.558566809
15:13:50,2.562557459,3.508586645,2.561069965
15:13:50,2.561636925,3.508811235,2.560420752
15:13:50,2.563224554,3.509186506,2.560385704
15:13:50,2.563217402,3.509321451,2.561215639
15:13:50,2.563135624,3.509877205,2.561419725
15:13:50,2.563911915,3.50843811,2.560058832
15:13:50,2.563361406,3.509533405,2.561185837
15:13:50,2.563529253,3.508517027,2.559373617
15:13:50,2.561437607,3.508221626,2.559808731
15:13:50,2.564106703,3.50965476,2.561414003
15:13:50,2.564095974,3.509006262,2.560792208
15:13:50,2.563794851,3.509486437,2.560964346
15:13:50,2.562782049,3.509387493,2.560432673
15:13:50,2.562862635,3.509114027,2.561134815
15:13:50,2.563144684,3.509013414,2.560619116
15:13:50,2.563520193,3.509887695,2.562491417
15:13:50,2.562360525,3.508271694,2.561513901
15:13:50,2.563041687,3.508614063,2.561126471
15:13:50,2.563282251,3.508910894,2.560449839
15:13:50,2.563829899,3.508997202,2.561053753
15:13:50,2.563256264,3.509004354,2.560189247
15:13:50,2.563639641,3.509687424,2.560452461
15:13:50,2.562656641,3.51018858,2.561640739
15:13:50,2.561988592,3.509478092,2.560987949
15:13:50,2.56289506,3.508553505,2.560132265
15:13:50,2.562953234,3.508233309,2.560082912
15:13:50,2.562250853,3.507852793,2.560460329
15:13:50,2.562624216,3.509375572,2.560950518
15:13:50,2.562508583,3.508100271,2.560124636
15:13:50,2.562557459,3.508930445,2.560086489
15:13:50,2.563637257,3.508242369,2.559021473
15:13:50,2.562660933,3.507726908,2.559721708
15:13:50,2.562942505,3.508278847,2.559889078
15:13:50,2.562440872,3.50825572,2.560667992
15:13:50,2.562018633,3.508220196,2.560302496
15:13:50,2.562281132,3.509101152,2.560767889
15:13:50,2.563233376,3.509301186,2.560754061
15:13:50,2.56247139,3.508947611,2.561265707
15:13:50,2.562850952,3.508669615,2.561386347
15:13:50,2.563197613,3.509087324,2.560673475
15:13:50,2.56349349,3.509406567,2.560739517
15:13:50,2.563719034,3.508695602,2.55999279
15:13:50,2.5625453,3.508393526,2.560567617
15:13:50,2.563769102,3.509379625,2.560732841
15:13:50,2.562893152,3.509747505,2.561150312
15:13:50,2.56286788,3.50833106,2.55981946
15:13:50,2.563762426,3.508826971,2.561531305
15:13:50,2.562868595,3.50856328,2.56046629
15:13:50,2.563127756,3.508201361,2.560755253
15:13:50,2.563253403,3.50880146,2.560611248
15:13:50,2.56278944,3.50996232,2.560493469
15:13:50,2.563112259,3.509001017,2.560186625
15:13:50,2.562638044,3.508908033,2.56125927
15:13:50,2.562444448,3.508056402,2.560585976
15:13:50,2.56277132,3.50774765,2.560923815
15:13:50,2.562024117,3.508081913,2.558865309
15:13:50,2.561705351,3.507741928,2.560214996
15:13:50,2.562240362,3.508444071,2.560035706
15:13:50,2.563484907,3.508588791,2.559612989
15:13:50,2.560593128,3.506449461,2.559687376
15:13:50,2.561731577,3.50793314,2.559493542
15:13:50,2.563167334,3.50844717,2.559646368
15:13:50,2.562610149,3.509753466,2.560205221
15:13:50,2.563286781,3.509930849,2.560497284
15:13:50,2.563233376,3.509019613,2.559529066
15:13:50,2.562269926,3.508843184,2.56092453
15:13:50,2.562279224,3.508840799,2.560987473
15:13:50,2.562012196,3.507659674,2.560539722
15:13:50,2.563708544,3.510300875,2.561642408
15:13:50,2.562203884,3.508512974,2.560369015
15:13:50,2.562606335,3.509075403,2.559882879
15:13:50,2.561908007,3.507882833,2.560027122
15:13:50,2.56214118,3.50810647,2.560818911
15:13:50,2.563050747,3.508889437,2.559774637
15:13:50,2.562026501,3.509312391,2.560475588
15:13:50,2.562840223,3.508061171,2.559978247
15:13:50,2.563569069,3.508353949,2.561659336
15:13:50,2.562619448,3.508890867,2.560540438
15:13:50,2.562250137,3.508001089,2.560128212
15:13:50,2.563710213,3.509032249,2.559880972
15:13:50,2.562696934,3.507659674,2.56071043
15:13:50,2.562801838,3.508340836,2.56038022
15:13:50,2.562387705,3.508016586,2.560055017
15:13:50,2.563062668,3.509943247,2.561537743
15:13:50,2.562322378,3.509351492,2.560939074
15:13:50,2.563194752,3.508208275,2.560997486
15:13:50,2.563206673,3.509032249,2.560909986
15:13:50,2.5635674,3.509690046,2.560144424
15:13:50,2.56285882,3.508781195,2.561745167
15:13:50,2.56329608,3.508949995,2.560959816
15:13:50,2.563606262,3.508486986,2.56125021
15:13:50,2.563645601,3.508725643,2.561066151
15:13:50,2.563100576,3.509021997,2.561509848
15:13:50,2.563458681,3.507940292,2.560584784
15:13:50,2.562717915,3.50843215,2.560820818
15:13:50,2.563195467,3.50914669,2.559899569
15:13:50,2.563136816,3.509357214,2.56081295
15:13:50,2.56303978,3.509783983,2.560679197
15:13:50,2.56298852,3.508322716,2.560378313
15:13:50,2.563042879,3.508538008,2.561841249
15:13:51,2.563807487,3.508853674,2.560906172
15:13:51,2.562976837,3.508898735,2.560613632
15:13:51,2.563560963,3.509594202,2.561487436
15:13:51,2.564433098,3.50986433,2.561074734
15:13:51,2.563105822,3.509202242,2.561314821
15:13:51,2.563452482,3.509240627,2.5616436
15:13:51,2.563737392,3.509239912,2.560891628
15:13:51,2.562613726,3.50875783,2.561020374
15:13:51,2.563173771,3.509723663,2.559229612
15:13:51,2.563565493,3.509123087,2.560458183
15:13:51,2.562802553,3.509536266,2.559820175
15:13:51,2.562247515,3.508047342,2.55950737
15:13:51,2.562990904,3.508194923,2.560086489
15:13:51,2.562677622,3.508647442,2.559326887
15:13:51,2.56248188,3.508252144,2.560019493
15:13:51,2.561635733,3.508982897,2.561047554
15:13:51,2.562672853,3.510389566,2.560996771
15:13:51,2.563158512,3.508995771,2.560361862
15:13:51,2.564190626,3.509123087,2.56120491
15:13:51,2.563051462,3.509426117,2.561029196
15:13:51,2.56300807,3.508485079,2.559637547
15:13:51,2.562708616,3.507822752,2.559238195
15:13:51,2.561769724,3.507718563,2.561029196
15:13:51,2.563062191,3.508165359,2.560409307
15:13:51,2.562533379,3.508183002,2.55944705
15:13:51,2.562646389,3.508977652,2.56140995
15:13:51,2.564029694,3.508646965,2.559754133
15:13:51,2.563586473,3.50831008,2.561467648
15:13:51,2.564149141,3.509061098,2.560400963
15:13:51,2.561770439,3.508989573,2.560357332
15:13:51,2.563381195,3.509044886,2.559538364
15:13:51,2.56268239,3.508100748,2.55991745
15:13:51,2.562743902,3.50831604,2.560260773
15:13:51,2.563064814,3.507490158,2.560078621
15:13:51,2.561897993,3.507460117,2.559597969
15:13:51,2.562061787,3.50725317,2.560437441
15:13:51,2.562618971,3.508714914,2.559843302
15:13:51,2.562273979,3.508214951,2.561026812
15:13:51,2.562347889,3.507776737,2.560585976
15:13:51,2.562310934,3.508234501,2.559244871
15:13:51,2.562669754,3.507877827,2.559993982
15:13:51,2.56250906,3.508172035,2.560467005
15:13:51,2.561935425,3.508825064,2.559927464
15:13:51,2.562234402,3.508209705,2.559107304
15:13:51,2.562726736,3.508258581,2.560633659
15:13:51,2.562351942,3.507948637,2.560160875
15:13:51,2.562924147,3.509143829,2.560146809
15:13:51,2.562507153,3.507950306,2.559568882
15:13:51,2.563194752,3.508814096,2.560308456
15:13:51,2.562452793,3.508263111,2.561716318
15:13:51,2.563660622,3.50799489,2.560613155
15:13:51,2.562480211,3.50831008,2.560214996
15:13:51,2.563905954,3.509102821,2.561288357
15:13:51,2.562444448,3.509037018,2.561267853
15:13:51,2.563709736,3.508983374,2.560595751
15:13:51,2.563093901,3.509091377,2.560982704
15:13:51,2.562994719,3.508998156,2.560815573
15:13:51,2.563782215,3.508721352,2.561088324
15:13:51,2.562166214,3.508273602,2.560167551
15:13:51,2.563094378,3.508806705,2.560161591
15:13:51,2.562463522,3.50837636,2.560383797
15:13:51,2.561864853,3.507640123,2.560755968
15:13:51,2.561754465,3.50879097,2.559360504
15:13:51,2.562217236,3.508648157,2.559760571
15:13:51,2.562432528,3.509570837,2.559350252
15:13:51,2.56251359,3.508406162,2.560209036
15:13:51,2.561422348,3.508375406,2.560041666
15:13:51,2.563276768,3.508162022,2.560792923
15:13:51,2.562518597,3.50822711,2.560263157
15:13:51,2.561921835,3.50855422,2.560383081
15:13:51,2.563097239,3.509510279,2.56027317
15:13:51,2.563504696,3.508577585,2.561692476
15:13:51,2.562530518,3.508579016,2.559677362
15:13:51,2.563172102,3.508961916,2.559482336
15:13:51,2.563178539,3.508542299,2.560679913
15:13:51,2.563710928,3.50930047,2.560090065
15:13:51,2.56380415,3.509512663,2.560405493
15:13:51,2.564111471,3.508822441,2.560840368
15:13:51,2.563722134,3.509410143,2.560477734
15:13:51,2.562878609,3.509418726,2.5592978
15:13:51,2.562368393,3.508910894,2.560884714
15:13:51,2.562814951,3.508952141,2.560634375
15:13:51,2.562371492,3.508437395,2.560360432
15:13:51,2.5623281,3.507685184,2.560238123
15:13:51,2.562694311,3.508170605,2.560261965
15:13:51,2.563208818,3.507632256,2.560318708
15:13:51,2.562738657,3.508754492,2.560622692
15:13:51,2.561917782,3.507781506,2.559012651
15:13:51,2.562551498,3.508425713,2.560092688
15:13:51,2.560974121,3.508211136,2.559959173
15:13:51,2.561683893,3.507827759,2.560004473
15:13:51,2.56170702,3.507797956,2.560008049
15:13:51,2.562249422,3.50854969,2.560251951
15:13:51,2.562203884,3.508458376,2.560340166
15:13:51,2.561979771,3.508102894,2.560010672
15:13:51,2.561404467,3.508598804,2.558843374
15:13:51,2.561612606,3.50798583,2.559895515
15:13:51,2.561770439,3.507991552,2.559035063
15:13:51,2.560742617,3.506502867,2.559729576
15:13:51,2.561896086,3.50705409,2.559095144
15:13:51,2.562861443,3.509001017,2.561748028
15:13:51,2.563139439,3.508851767,2.559861898
15:13:51,2.563212156,3.50823617,2.560139418
15:13:51,2.562807322,3.508882284,2.5595994
15:13:51,2.561999083,3.507514238,2.560322285
15:13:51,2.562413216,3.508075237,2.560569525
15:13:51,2.562961817,3.508042574,2.560933352
15:13:51,2.562994003,3.508129597,2.561476231
15:13:51,2.562001705,3.507061481,2.559673786
15:13:51,2.561796904,3.507456064,2.560470819
15:13:51,2.56254077,3.506851196,2.559777737
15:13:51,2.56134963,3.507450342,2.559965611
15:13:51,2.562935352,3.508272886,2.560850143
15:13:51,2.562261343,3.506937265,2.559538841
15:13:51,2.562751055,3.507336617,2.560982704
15:13:52,2.562900305,3.507788181,2.559170008
15:13:52,2.561896563,3.50757885,2.559556961
15:13:52,2.562930584,3.507778883,2.560504913
15:13:52,2.562217712,3.508764267,2.56157732
15:13:52,2.562967539,3.508561611,2.5607903
15:13:52,2.562590361,3.508417368,2.560286999
15:13:52,2.563042879,3.508359671,2.560468435
15:13:52,2.562313557,3.508553028,2.560065508
15:13:52,2.561871052,3.508726835,2.560242176
15:13:52,2.562423229,3.508545637,2.559824944
15:13:52,2.562365055,3.508089066,2.560250759
15:13:52,2.562822819,3.508523464,2.55932045
15:13:52,2.562532425,3.508215427,2.559854031
15:13:52,2.56249404,3.509101152,2.560783148
15:13:52,2.562859297,3.508998156,2.559928179
15:13:52,2.563590765,3.509441376,2.562015057
15:13:52,2.562794685,3.509221077,2.560485363
15:13:52,2.563277483,3.508327246,2.559962273
15:13:52,2.562932014,3.508586645,2.559738159
15:13:52,2.562828302,3.508847237,2.56067872
15:13:52,2.562915325,3.508906126,2.559564114
15:13:52,2.562670946,3.50821805,2.559826136
15:13:52,2.56253624,3.508835554,2.560294151
15:13:52,2.562583208,3.50722456,2.560157537
15:13:52,2.561828613,3.508658648,2.559379578
15:13:52,2.562175512,3.507148027,2.559648991
15:13:52,2.562421083,3.508378267,2.559940815
15:13:52,2.562511444,3.507330179,2.559552431
15:13:52,2.562162161,3.507293701,2.560653687
15:13:52,2.562757015,3.50638938,2.560014486
15:13:52,2.562485456,3.50758028,2.559430838
15:13:52,2.561753988,3.507997036,2.558028698
15:13:52,2.562880516,3.509135962,2.560975313
15:13:52,2.563073397,3.508723974,2.559631586
15:13:52,2.562019348,3.508471251,2.559444666
15:13:52,2.563475847,3.508531809,2.560263872
15:13:52,2.562542439,3.507285833,2.560391665
15:13:52,2.562278509,3.507601023,2.559269905
15:13:52,2.563287973,3.506673813,2.561048269
15:13:52,2.562647104,3.508029699,2.560564756
15:13:52,2.562783241,3.507683992,2.559870243
15:13:52,2.562553167,3.507649183,2.560433388
15:13:52,2.563451767,3.507718563,2.560073376
15:13:52,2.56204319,3.506920099,2.559645653
15:13:52,2.562385082,3.507546663,2.559914827
15:13:52,2.561535358,3.507895231,2.560390234
15:13:52,2.562246323,3.507758856,2.560558796
15:13:52,2.562044859,3.507938862,2.55951786
15:13:52,2.562752962,3.507488251,2.56004405
15:13:52,2.563592672,3.50942111,2.559430838
15:13:52,2.563812017,3.508944511,2.561490297
15:13:52,2.563892603,3.508644581,2.559735298
15:13:52,2.563201666,3.508557558,2.560400963
15:13:52,2.562864542,3.50868535,2.559730053
15:13:52,2.562747002,3.509591818,2.55926466
15:13:52,2.56315732,3.508975744,2.559452534
15:13:52,2.563162565,3.510052204,2.561397076
15:13:52,2.562268734,3.508954763,2.560946941
15:13:52,2.563419104,3.509575367,2.560353994
15:13:52,2.562791109,3.509931564,2.560779095
15:13:52,2.562955856,3.508753777,2.559978247
15:13:52,2.562294483,3.508231163,2.559528589
15:13:52,2.562196016,3.507910013,2.560347319
15:13:52,2.562011003,3.50760293,2.560219765
15:13:52,2.562866449,3.508279562,2.559742212
15:13:52,2.562270641,3.508560181,2.559312105
15:13:52,2.562491894,3.509380102,2.559824944
15:13:52,2.56337595,3.508581877,2.559019327
15:13:52,2.561698198,3.507707119,2.559107304
15:13:52,2.562597513,3.507861137,2.559608698
15:13:52,2.561569691,3.507120132,2.559158802
15:13:52,2.561685324,3.507032633,2.559365034
15:13:52,2.562043905,3.50786376,2.558700562
15:13:52,2.56175065,3.507560015,2.561203003
15:13:52,2.562776089,3.508430719,2.559845209
15:13:52,2.5636127,3.508834124,2.560674667
15:13:52,2.562256098,3.50810647,2.559746027
15:13:52,2.563122988,3.507805347,2.559570789
15:13:52,2.561736107,3.507826805,2.560194492
15:13:52,2.561584711,3.507713318,2.559102535
15:13:52,2.56187892,3.507343292,2.559088707
15:13:52,2.561950445,3.507288933,2.559283257
15:13:52,2.561838627,3.506958485,2.559612989
15:13:52,2.562147141,3.506965399,2.559388399
15:13:52,2.562132359,3.508080721,2.560014486
15:13:52,2.563004732,3.507953167,2.560441732
15:13:52,2.561209679,3.50795722,2.560610533
15:13:52,2.561689854,3.507927895,2.559723616
15:13:52,2.561728001,3.508028269,2.559279203
15:13:52,2.561959982,3.507548094,2.56022501
15:13:52,2.562069654,3.506467819,2.559200287
15:13:52,2.562605619,3.507957935,2.559491634
15:13:52,2.562807798,3.508764267,2.560024977
15:13:52,2.562803745,3.508882284,2.560206413
15:13:52,2.562406063,3.507921219,2.559745312
15:13:52,2.561739922,3.506465673,2.559528589
15:13:52,2.563438177,3.508420229,2.56097436
15:13:52,2.563354969,3.508368969,2.559703112
15:13:52,2.56268096,3.50788331,2.559283257
15:13:52,2.562607527,3.507797241,2.56057024
15:13:52,2.56250453,3.50806427,2.559672594
15:13:52,2.563699007,3.507876396,2.560051203
15:13:52,2.56276679,3.507701635,2.56091404
15:13:52,2.563287497,3.508393526,2.560275078
15:13:52,2.56257987,3.508630514,2.560621023
15:13:52,2.56339097,3.507843018,2.560723543
15:13:52,2.563412428,3.508502007,2.560551167
15:13:52,2.563400269,3.509494305,2.560400963
15:13:52,2.562846661,3.507950306,2.559749603
15:13:52,2.563177109,3.509437084,2.560515165
15:13:52,2.562313557,3.508530855,2.559755564
15:13:52,2.562597513,3.506797791,2.559217215
15:13:52,2.562544107,3.508896828,2.560263157
15:13:52,2.562517166,3.509524345,2.559212923
15:13:52,2.562585592,3.50914073,2.561365366
15:13:52,2.562588453,3.508984804,2.560763359
15:13:52,2.563280821,3.50797677,2.560150862
15:13:52,2.561185122,3.50845623,2.559267282
15:13:52,2.561339617,3.506750822,2.560447216
15:13:53,2.562036037,3.507247925,2.559280396
15:13:53,2.561570883,3.507627726,2.559476137
15:13:53,2.563249111,3.5067873,2.559074163
15:13:53,2.561423779,3.508375406,2.560263872
15:13:53,2.56345439,3.509483337,2.561017036
15:13:53,2.562433004,3.50948,2.560502052
15:13:53,2.562219143,3.508656025,2.560377598
15:13:53,2.563059568,3.508840799,2.560803652
15:13:53,2.562904358,3.507938862,2.5604074
15:13:53,2.563084126,3.50886941,2.55975008
15:13:53,2.562620163,3.508542299,2.560342789
15:13:53,2.562316895,3.508521318,2.560138226
15:13:53,2.562871218,3.509070396,2.560682535
15:13:53,2.562678099,3.509388685,2.560937881
15:13:53,2.563030243,3.509328604,2.559900761
15:13:53,2.562740326,3.508406162,2.560488939
15:13:53,2.5630126,3.50852561,2.561009407
15:13:53,2.564096928,3.508923531,2.560642958
15:13:53,2.561997652,3.507545471,2.560835361
15:13:53,2.563084602,3.508460283,2.559883595
15:13:53,2.562992096,3.50851655,2.560119867
15:13:53,2.562663794,3.508952856,2.559748888
15:13:53,2.562441826,3.509037733,2.560216427
15:13:53,2.563438177,3.509446144,2.5612216
15:13:53,2.563854218,3.507963657,2.560592651
15:13:53,2.563534975,3.508409977,2.56076479
15:13:53,2.563743114,3.509176731,2.560575485
15:13:53,2.562879086,3.509706974,2.560404778
15:13:53,2.563481808,3.509032249,2.560745001
15:13:53,2.562603712,3.508183718,2.560906887
15:13:53,2.563272476,3.508036137,2.560759783
15:13:53,2.562263489,3.507748365,2.561831236
15:13:53,2.563037872,3.509263515,2.559764147
15:13:53,2.562466145,3.509318829,2.559776545
15:13:53,2.563431025,3.509605169,2.561185122
15:13:53,2.56243372,3.509012699,2.559690714
15:13:53,2.563163757,3.509147406,2.560522318
15:13:53,2.56286335,3.509338856,2.559955597
15:13:53,2.563096046,3.508238554,2.56137085
15:13:53,2.562596321,3.509315729,2.560788631
15:13:53,2.563212872,3.508631229,2.561394215
15:13:53,2.562725306,3.509472132,2.560654402
15:13:53,2.5623281,3.50939393,2.561129808
15:13:53,2.56200242,3.509779453,2.561165333
15:13:53,2.56302309,3.508825064,2.561888218
15:13:53,2.563515186,3.508352518,2.560396194
15:13:53,2.56286335,3.510133028,2.560644627
15:13:53,2.562809944,3.508741617,2.560337782
15:13:53,2.563121557,3.510059595,2.559861183
15:13:53,2.563111067,3.509221077,2.56216526
15:13:53,2.562487364,3.508652687,2.56031394
15:13:53,2.563007355,3.507737875,2.560280561
15:13:53,2.562785387,3.508237839,2.560207844
15:13:53,2.562532902,3.508364916,2.560591459
15:13:53,2.562524319,3.508555412,2.560216427
15:13:53,2.562141657,3.508224726,2.56059742
15:13:53,2.562572479,3.507941008,2.561831236
15:13:53,2.562796593,3.508102894,2.560177326
15:13:53,2.562572002,3.507301569,2.560287714
15:13:53,2.56313324,3.508047819,2.560930729
15:13:53,2.562469006,3.50852108,2.560150862
15:13:53,2.563023806,3.508816004,2.560408115
15:13:53,2.562351942,3.508798122,2.560195684
15:13:53,2.562278032,3.508237839,2.560406208
15:13:53,2.563082457,3.50758028,2.559269428
15:13:53,2.562562227,3.508138657,2.560417175
15:13:53,2.562293291,3.50790453,2.55978632
15:13:53,2.564316988,3.509290218,2.560788631
15:13:53,2.562587023,3.508648157,2.559641123
15:13:53,2.562434435,3.508139849,2.5604074
15:13:53,2.563065529,3.508280754,2.55960393
15:13:53,2.562968254,3.50781703,2.56043601
15:13:53,2.562328815,3.507991552,2.559719801
15:13:53,2.561847687,3.507833958,2.560133696
15:13:53,2.562585592,3.508389711,2.560008049
15:13:53,2.561685801,3.507933855,2.559432745
15:13:53,2.561874628,3.508203983,2.560000896
15:13:53,2.562752962,3.507410288,2.55999732
15:13:53,2.561833143,3.50790453,2.560218334
15:13:53,2.562471867,3.507764339,2.560451746
15:13:53,2.562653303,3.507513523,2.56144166
15:13:53,2.563068867,3.508059502,2.559879303
15:13:53,2.561699152,3.507797241,2.561696291
15:13:53,2.5625453,3.50842452,2.559218168
15:13:53,2.562974215,3.509639978,2.562314749
15:13:53,2.563710928,3.509482622,2.560847282
15:13:53,2.564048052,3.50936985,2.561125755
15:13:53,2.56337595,3.509401083,2.560178041
15:13:53,2.56392765,3.509530783,2.560361862
15:13:53,2.562827587,3.509690046,2.561802864
15:13:53,2.563320398,3.50913167,2.560909271
15:13:53,2.563616514,3.509226799,2.559899092
15:13:53,2.562809944,3.509184361,2.560765266
15:13:53,2.563917637,3.509281635,2.56046629
15:13:53,2.563344955,3.508933306,2.560745478
15:13:53,2.563873053,3.508734465,2.560421467
15:13:53,2.56268549,3.509472847,2.561296225
15:13:53,2.564269781,3.509253025,2.561252117
15:13:53,2.562687635,3.508736134,2.561132908
15:13:53,2.562610865,3.508988857,2.55980587
15:13:53,2.562919378,3.508314848,2.560230255
15:13:53,2.562781334,3.509038448,2.559993267
15:13:53,2.56233716,3.508453131,2.560120344
15:13:53,2.5621562,3.508261204,2.559993982
15:13:53,2.562778234,3.508625746,2.561189175
15:13:53,2.561980486,3.507223129,2.561067581
15:13:53,2.562626123,3.508984804,2.559912682
15:13:53,2.563579321,3.508849859,2.559705019
15:13:53,2.562419176,3.508447886,2.560163975
15:13:53,2.563221455,3.509352207,2.561670542
15:13:53,2.563073397,3.508676767,2.560319424
15:13:53,2.563203812,3.510242224,2.56043601
15:13:53,2.562562227,3.507663727,2.560464382
15:13:53,2.562901735,3.50855422,2.560698986
15:13:53,2.562482595,3.508651495,2.55929637
15:13:53,2.562145948,3.508359194,2.560103178
15:13:53,2.562544107,3.507601738,2.560153484
15:13:53,2.563586473,3.508075237,2.561343908
15:13:53,2.562610149,3.507687569,2.56088829
15:13:54,2.562388182,3.506951571,2.560605764
15:13:54,2.562131166,3.507379293,2.55953598
15:13:54,2.561453342,3.507802725,2.560092688
15:13:54,2.563245773,3.508016586,2.559673309
15:13:54,2.563137531,3.509219646,2.560252428
15:13:54,2.562484026,3.509393215,2.55957818
15:13:54,2.563658714,3.508367777,2.560599327
15:13:54,2.562291861,3.507755756,2.560079336
15:13:54,2.562418222,3.507765532,2.559485674
15:13:54,2.562321424,3.507439375,2.560883522
15:13:54,2.562278509,3.507186413,2.55970645
15:13:54,2.562654495,3.507321835,2.560214281
15:13:54,2.562423229,3.507824183,2.560730219
15:13:54,2.563111544,3.508359194,2.560052395
15:13:54,2.562876463,3.509261608,2.559952497
15:13:54,2.56203723,3.508659363,2.560713053
15:13:54,2.562576532,3.508517742,2.560058832
15:13:54,2.56336689,3.507827282,2.560456514
15:13:54,2.562412739,3.507482052,2.561511278
15:13:54,2.562948465,3.507664919,2.560811281
15:13:54,2.562278032,3.507792234,2.560403585
15:13:54,2.56318903,3.508740902,2.559844732
15:13:54,2.561890125,3.509078026,2.560375452
15:13:54,2.562971592,3.508849144,2.560302496
15:13:54,2.562517881,3.50840807,2.560851097
15:13:54,2.562617302,3.508700371,2.561505795
15:13:54,2.562910318,3.508606195,2.560657263
15:13:54,2.56311512,3.509320736,2.561774969
15:13:54,2.562769651,3.508300304,2.561029196
15:13:54,2.562226772,3.508280754,2.560385704
15:13:54,2.56214118,3.508967161,2.559467077
15:13:54,2.561997652,3.508024454,2.559276581
15:13:54,2.561995745,3.507330179,2.559111357
15:13:54,2.563132048,3.50806427,2.559425831
15:13:54,2.562766075,3.507663012,2.56005764
15:13:54,2.562773943,3.508443356,2.559651852
15:13:54,2.562914848,3.507608891,2.560281754
15:13:54,2.563227177,3.50843811,2.559646368
15:13:54,2.563080549,3.508368492,2.560801506
15:13:54,2.561915874,3.507827282,2.560511351
15:13:54,2.561476469,3.507686853,2.560498953
15:13:54,2.561928272,3.507360697,2.560278654
15:13:54,2.562214375,3.508695126,2.559707165
15:13:54,2.562140465,3.507203102,2.559639215
15:13:54,2.561765194,3.508503914,2.559314251
15:13:54,2.561806917,3.508301497,2.559924603
15:13:54,2.562536955,3.508276939,2.559628487
15:13:54,2.562589169,3.508509398,2.559555054
15:13:54,2.562966824,3.508144379,2.561203003
15:13:54,2.562306881,3.508872509,2.560034275
15:13:54,2.561749458,3.507900238,2.558697939
15:13:54,2.561352491,3.507469416,2.560481548
15:13:54,2.561371565,3.507964373,2.559316158
15:13:54,2.562883377,3.50771451,2.559829473
15:13:54,2.562362432,3.507988691,2.56005621
15:13:54,2.561857224,3.507431269,2.558831453
15:13:54,2.562182665,3.508130074,2.560050488
15:13:54,2.562668324,3.508325815,2.560148001
15:13:54,2.562469482,3.50709343,2.560930014
15:13:54,2.562149763,3.508600712,2.56033659
15:13:54,2.562069654,3.50720048,2.56044817
15:13:54,2.562525749,3.50831008,2.558479071
15:13:54,2.561698198,3.508164167,2.55819726
15:13:54,2.562293291,3.508018494,2.560772419
15:13:54,2.56231761,3.508522749,2.56059742
15:13:54,2.562529802,3.507409811,2.559888363
15:13:54,2.562797785,3.506645203,2.560701847
15:13:54,2.562207222,3.508609056,2.560126543
15:13:54,2.562181473,3.50780654,2.56181407
15:13:54,2.562499285,3.508325815,2.560465097
15:13:54,2.562910318,3.508244276,2.559205294
15:13:54,2.562203169,3.507018328,2.559283733
15:13:54,2.562929869,3.507894039,2.559529781
15:13:54,2.561209679,3.506364584,2.558872461
15:13:54,2.561580896,3.507148027,2.558874369
15:13:54,2.562571287,3.506694078,2.560310364
15:13:54,2.561413765,3.507446289,2.56033206
15:13:54,2.561901331,3.507433891,2.560334206
15:13:54,2.562560558,3.507588625,2.559280396
15:13:54,2.561761141,3.507424116,2.560034037
15:13:54,2.562396765,3.50768137,2.560750723
15:13:54,2.562006712,3.508184433,2.559746027
15:13:54,2.562711239,3.506687403,2.559209824
15:13:54,2.562168837,3.508419275,2.558582306
15:13:54,2.561790943,3.508205175,2.559515476
15:13:54,2.562148571,3.507390022,2.559717655
15:13:54,2.561666489,3.50844264,2.559322834
15:13:54,2.561933279,3.507704735,2.560003519
15:13:54,2.562099457,3.50786376,2.559992313
15:13:54,2.561811209,3.507241964,2.559821367
15:13:54,2.562587738,3.507354975,2.559570789
15:13:54,2.561874151,3.506711006,2.559863091
15:13:54,2.56233263,3.50746727,2.558543682
15:13:54,2.561455965,3.506336689,2.559120417
15:13:54,2.562309742,3.506825209,2.559353828
15:13:54,2.562009096,3.507644653,2.561253309
15:13:54,2.562021494,3.507771254,2.560275793
15:13:54,2.562599182,3.508879662,2.561482191
15:13:54,2.562690735,3.506572008,2.559344053
15:13:54,2.563326597,3.507601738,2.560222387
15:13:54,2.563343763,3.507329464,2.560404778
15:13:54,2.562335491,3.506308079,2.55992651
15:13:54,2.561480999,3.508062363,2.559051037
15:13:54,2.561618567,3.508043289,2.559688091
15:13:54,2.562376499,3.508011341,2.56005168
15:13:54,2.562770605,3.508042574,2.56000948
15:13:54,2.562205076,3.508124113,2.560452461
15:13:54,2.561509371,3.507655621,2.559504271
15:13:54,2.561582327,3.507825375,2.559289932
15:13:54,2.561955929,3.507934332,2.558957815
15:13:54,2.561865568,3.50778389,2.559607983
15:13:54,2.561369419,3.507100582,2.559491634
15:13:54,2.562460899,3.508113623,2.559174776
15:13:54,2.561773062,3.508852959,2.560865641
15:13:54,2.562217236,3.508283615,2.559985399
15:13:54,2.561826706,3.507182837,2.55993247
15:13:55,2.562329531,3.508384466,2.559956312
15:13:55,2.562479496,3.508692026,2.559403896
15:13:55,2.562354088,3.507260323,2.559877157
15:13:55,2.561602592,3.50818491,2.559087992
15:13:55,2.561767101,3.508211851,2.559686422
15:13:55,2.561821222,3.5078547,2.560390949
15:13:55,2.56233263,3.508325815,2.560096025
15:13:55,2.562137842,3.508471251,2.560671568
15:13:55,2.563101053,3.508674383,2.560179949
15:13:55,2.562726736,3.508327723,2.561051369
15:13:55,2.563637257,3.507922649,2.560638905
15:13:55,2.562010288,3.508173943,2.560038567
15:13:55,2.562550306,3.508522749,2.559769869
15:13:55,2.563508034,3.50867939,2.559683323
15:13:55,2.562399387,3.508479357,2.560296297
15:13:55,2.562125921,3.508445263,2.559382439
15:13:55,2.563026428,3.509149313,2.561004162
15:13:55,2.562777519,3.508914471,2.558533907
15:13:55,2.561841726,3.508044004,2.560861349
15:13:55,2.562228441,3.508653879,2.559115887
15:13:55,2.562941313,3.50975585,2.560174704
15:13:55,2.562269211,3.509401083,2.56032753
15:13:55,2.562084913,3.508944511,2.559357882
15:13:55,2.562290668,3.508618355,2.560147524
15:13:55,2.562282562,3.508690596,2.560892344
15:13:55,2.562488794,3.510062456,2.560367107
15:13:55,2.562422752,3.508643389,2.560351372
15:13:55,2.563339472,3.509341717,2.559290409
15:13:55,2.56238699,3.508900642,2.560031176
15:13:55,2.562440157,3.508881092,2.560263872
15:13:55,2.563313961,3.509001732,2.560607195
15:13:55,2.562665224,3.509413958,2.560024261
15:13:55,2.563277483,3.50856328,2.559767962
15:13:55,2.562664509,3.50881958,2.560014009
15:13:55,2.562478065,3.508682251,2.561317444
15:13:55,2.561617136,3.507737398,2.559996128
15:13:55,2.56278801,3.508081436,2.560337782
15:13:55,2.56235981,3.50895977,2.561064959
15:13:55,2.563169241,3.508840084,2.560103893
15:13:55,2.562871933,3.508713484,2.560741425
15:13:55,2.563109159,3.509007692,2.560741425
15:13:55,2.562373877,3.507654667,2.559272528
15:13:55,2.56189537,3.507223845,2.561043739
15:13:55,2.563174963,3.506931543,2.56009531
15:13:55,2.561281681,3.506817341,2.559150219
15:13:55,2.562132359,3.506668568,2.558960199
15:13:55,2.562474728,3.507191896,2.560337782
15:13:55,2.56227994,3.506943941,2.560119152
15:13:55,2.562968969,3.508294106,2.559691906
15:13:55,2.561167955,3.508192301,2.559587479
15:13:55,2.562040091,3.506935358,2.560301542
15:13:55,2.562110662,3.507832527,2.560017109
15:13:55,2.562511444,3.506944418,2.560342073
15:13:55,2.5615623,3.50673604,2.558208466
15:13:55,2.562551498,3.506545305,2.559011459
15:13:55,2.561628342,3.507219315,2.55895257
15:13:55,2.561269522,3.507190704,2.559062481
15:13:55,2.562058449,3.50804925,2.559259892
15:13:55,2.56161499,3.507389069,2.558951855
15:13:55,2.56232357,3.507712603,2.560427904
15:13:55,2.562408209,3.507893085,2.560113907
15:13:55,2.562128782,3.507795572,2.560157537
15:13:55,2.561998367,3.507482052,2.558454514
15:13:55,2.562053204,3.506945848,2.560287714
15:13:55,2.562360525,3.507693768,2.55891943
15:13:55,2.56239152,3.508195162,2.558781862
15:13:55,2.562124491,3.508729219,2.560128212
15:13:55,2.56311059,3.508755684,2.559442043
15:13:55,2.561972618,3.507903814,2.560020685
15:13:55,2.5625,3.508545637,2.559699059
15:13:55,2.562482595,3.507482052,2.559582949
15:13:55,2.56300354,3.508465528,2.560103893
15:13:55,2.562164068,3.508327723,2.559363842
15:13:55,2.562826395,3.508464813,2.559644938
15:13:55,2.562357187,3.507554531,2.559379578
15:13:55,2.562772751,3.508130074,2.560152054
15:13:55,2.562046766,3.508241653,2.560854435
15:13:55,2.562287092,3.507818699,2.560644627
15:13:55,2.562884331,3.507205009,2.560317516
15:13:55,2.562199354,3.508318424,2.560527086
15:13:55,2.563267708,3.509435177,2.560544968
15:13:55,2.562751055,3.508254051,2.561588049
15:13:55,2.562583923,3.50898838,2.561432362
15:13:55,2.563142061,3.508440495,2.562329054
15:13:55,2.563247919,3.508590221,2.560421467
15:13:55,2.563108683,3.509147882,2.560190439
15:13:55,2.563225269,3.508766174,2.560470343
15:13:55,2.562891722,3.509217739,2.559726954
15:13:55,2.562619448,3.5087924,2.560656071
15:13:55,2.563180447,3.508649588,2.561140776
15:13:55,2.56261301,3.507767916,2.56129837
15:13:55,2.562127352,3.508119822,2.5607059
15:13:55,2.562614918,3.506945133,2.560602903
15:13:55,2.561972618,3.507368088,2.559332848
15:13:55,2.562952042,3.508413315,2.560946941
15:13:55,2.564148426,3.507623911,2.559157372
15:13:55,2.562207699,3.507882833,2.559197903
15:13:55,2.563755751,3.508410454,2.560215473
15:13:55,2.562400103,3.509661436,2.560080051
15:13:55,2.562391043,3.508370876,2.560736179
15:13:55,2.562764883,3.509862423,2.560643673
15:13:55,2.561335087,3.508370876,2.55902648
15:13:55,2.561561823,3.508047819,2.559799671
15:13:55,2.562358379,3.508906126,2.559798956
15:13:55,2.562415838,3.508862257,2.560589314
15:13:55,2.562695026,3.508052349,2.560658932
15:13:55,2.562797308,3.50748682,2.560571432
15:13:55,2.562391043,3.509164095,2.560923338
15:13:55,2.562977552,3.507080317,2.560159922
15:13:55,2.56243372,3.508199215,2.559889078
15:13:55,2.562634706,3.508538008,2.559993267
15:13:55,2.562401295,3.508023024,2.560506105
15:13:55,2.562884331,3.5090518,2.561864376
15:13:55,2.562420368,3.508361101,2.560815573
15:13:55,2.562953234,3.509088516,2.560121775
15:13:56,2.562741041,3.509256124,2.560662746
15:13:56,2.562602997,3.509304762,2.560008049
15:13:56,2.562677145,3.51037693,2.560602903
15:13:56,2.562423229,3.509641409,2.560436487
15:13:56,2.563207388,3.50933671,2.560492039
15:13:56,2.561573505,3.509765148,2.560728073
15:13:56,2.56278944,3.508328199,2.559528589
15:13:56,2.562585592,3.508489847,2.56091404
15:13:56,2.562375784,3.509056091,2.559910297
15:13:56,2.562229156,3.509851933,2.560405493
15:13:56,2.563205481,3.508721352,2.560827494
15:13:56,2.563874245,3.509829044,2.560618401
15:13:56,2.56330204,3.509865046,2.561532974
15:13:56,2.562623501,3.510691643,2.561591148
15:13:56,2.563681364,3.508829355,2.559922695
15:13:56,2.56365633,3.509426594,2.560509443
15:13:56,2.56363821,3.509164095,2.561107397
15:13:56,2.56383276,3.508495331,2.561218262
15:13:56,2.563196182,3.509561062,2.560882807
15:13:56,2.563122988,3.509100437,2.560716867
15:13:56,2.563550472,3.509459734,2.561312199
15:13:56,2.563707113,3.509369135,2.56074214
15:13:56,2.562708616,3.509419918,2.560142994
15:13:56,2.561821222,3.508167982,2.559870958
15:13:56,2.562794685,3.50887394,2.561585665
15:13:56,2.561962128,3.509168863,2.560186148
15:13:56,2.562897682,3.507895947,2.56116724
15:13:56,2.563606262,3.509053469,2.560524464
15:13:56,2.563244581,3.508504391,2.561958313
15:13:56,2.564194679,3.510742664,2.562007427
15:13:56,2.564845324,3.509909868,2.561901569
15:13:56,2.563565493,3.510514259,2.561296701
15:13:56,2.563878775,3.510025501,2.562008381
15:13:56,2.564224482,3.510662317,2.561959505
15:13:56,2.563652277,3.510103703,2.562129021
15:13:56,2.564059973,3.510061979,2.56103754
15:13:56,2.563490868,3.508991241,2.560765982
15:13:56,2.563684464,3.509227991,2.561339855
15:13:56,2.564444304,3.510366678,2.561998606
15:13:56,2.564441204,3.510389566,2.561478853
15:13:56,2.564043999,3.510365486,2.561903477
15:13:56,2.563219309,3.509665489,2.561215639
15:13:56,2.56319356,3.509100437,2.560410738
15:13:56,2.56370163,3.510146618,2.559291601
15:13:56,2.563466311,3.509780884,2.560927868
15:13:56,2.563830614,3.51018548,2.559014082
15:13:56,2.56408143,3.509176731,2.561897278
15:13:56,2.563700438,3.50949502,2.560873747
15:13:56,2.563766479,3.509524345,2.563127995
15:13:56,2.563714981,3.510233164,2.560887098
15:13:56,2.563607931,3.510239363,2.561008453
15:13:56,2.563960791,3.509995461,2.56070447
15:13:56,2.562184095,3.50998497,2.56139946
15:13:56,2.563826084,3.508586168,2.561470509
15:13:56,2.562226772,3.507919312,2.560017109
15:13:56,2.562924147,3.509884596,2.56059742
15:13:56,2.563672543,3.50921464,2.560251951
15:13:56,2.564156294,3.509799719,2.561190605
15:13:56,2.563158512,3.50879097,2.560860395
15:13:56,2.563549757,3.509283543,2.560477734
15:13:56,2.562900305,3.507950544,2.56095624
15:13:56,2.563374043,3.508067369,2.561240196
15:13:56,2.56375742,3.509297848,2.560818434
15:13:56,2.563522816,3.509457827,2.560683489
15:13:56,2.563702345,3.509625435,2.560842514
15:13:56,2.563512325,3.510159254,2.561226845
15:13:56,2.564602852,3.510084867,2.560322285
15:13:56,2.56340003,3.510756731,2.561093807
15:13:56,2.563150167,3.509932756,2.562019825
15:13:56,2.564019918,3.509679794,2.560823917
15:13:56,2.563409805,3.510622501,2.561299086
15:13:56,2.562213659,3.506682396,2.559083939
15:13:56,2.561284065,3.507480383,2.559880257
15:13:56,2.562460423,3.50865221,2.561240196
15:13:56,2.563706636,3.510678053,2.560958147
15:13:56,2.563381195,3.508953571,2.561118364
15:13:56,2.563448906,3.509348154,2.559794426
15:13:56,2.563210964,3.509588242,2.561737537
15:13:56,2.563676834,3.509710312,2.561772346
15:13:56,2.563905239,3.510385752,2.561676025
15:13:56,2.563717604,3.511003017,2.560582161
15:13:56,2.564073086,3.509691477,2.561546803
15:13:56,2.563753843,3.509980202,2.560571909
15:13:56,2.563463211,3.508248806,2.559356689
15:13:56,2.562119722,3.507322311,2.559936523
15:13:56,2.562808514,3.508908987,2.560774326
15:13:56,2.562533379,3.508472681,2.560536623
15:13:56,2.561628342,3.508150339,2.559980869
15:13:56,2.563606501,3.508976221,2.561467648
15:13:56,2.564057112,3.509882689,2.562007904
15:13:56,2.563309908,3.509449959,2.561834574
15:13:56,2.563768387,3.509384871,2.561404228
15:13:56,2.563163042,3.508770227,2.560997963
15:13:56,2.563475847,3.509273291,2.558988333
15:13:56,2.56200242,3.507409811,2.558495522
15:13:56,2.560784101,3.508843184,2.561305046
15:13:56,2.564378262,3.510189295,2.561332703
15:13:56,2.564095497,3.511004925,2.562509298
15:13:56,2.56224823,3.507510424,2.560715675
15:13:56,2.562319517,3.50696826,2.560012579
15:13:56,2.561773777,3.508006334,2.559524059
15:13:56,2.562282562,3.508167267,2.560346603
15:13:56,2.562641859,3.509209156,2.559892893
15:13:56,2.563424349,3.508990526,2.56065011
15:13:56,2.56279254,3.508471251,2.559873819
15:13:56,2.562563896,3.508504391,2.559609413
15:13:56,2.562574625,3.508130789,2.559584856
15:13:56,2.562842607,3.50858283,2.559791088
15:13:56,2.562241793,3.508224726,2.56035471
15:13:56,2.56289506,3.509259462,2.560181856
15:13:56,2.562836885,3.508222103,2.560526609
15:13:56,2.563212156,3.510293007,2.560851812
15:13:56,2.563657045,3.50995779,2.560642958
15:13:56,2.563880205,3.510028362,2.560824871
15:13:56,2.563544035,3.509779453,2.560072899
15:13:56,2.563692331,3.51006937,2.560945034
15:13:56,2.562637329,3.510060072,2.561309338
15:13:56,2.563137531,3.508880377,2.561274052
15:13:56,2.562754154,3.509317398,2.559691906
15:13:57,2.563854933,3.509855986,2.561688423
15:13:57,2.563002825,3.509533405,2.560863733
15:13:57,2.563074589,3.5086658,2.559214592
15:13:57,2.562941313,3.508283615,2.56009531
15:13:57,2.563278913,3.509107351,2.559254646
15:13:57,2.562420368,3.507887602,2.559382439
15:13:57,2.562006235,3.508959293,2.559426546
15:13:57,2.562697411,3.507756948,2.559927464
15:13:57,2.562131166,3.50864172,2.560318232
15:13:57,2.56289959,3.50890255,2.562724829
15:13:57,2.562555313,3.509299994,2.561841965
15:13:57,2.563878775,3.509205341,2.561029196
15:13:57,2.563576221,3.510630608,2.560970783
15:13:57,2.56365943,3.509522915,2.560758591
15:13:57,2.563472271,3.509622812,2.561953068
15:13:57,2.564074278,3.51033926,2.562222958
15:13:57,2.564854145,3.510082006,2.561944485
15:13:57,2.563800097,3.508827448,2.560534954
15:13:57,2.563091755,3.508683681,2.561103821
15:13:57,2.563461542,3.509598732,2.561988592
15:13:57,2.563709736,3.509880066,2.562089205
15:13:57,2.56366539,3.50929141,2.562343836
15:13:57,2.564331293,3.510112286,2.561375141
15:13:57,2.561539173,3.508109331,2.560310364
15:13:57,2.562500715,3.508528709,2.560477734
15:13:57,2.562896967,3.510159254,2.560321569
15:13:57,2.563249111,3.509536982,2.560509443
15:13:57,2.563952208,3.509735107,2.560280561
15:13:57,2.562368393,3.508975744,2.561271191
15:13:57,2.563606262,3.509894371,2.560298443
15:13:57,2.5634799,3.509319544,2.561661959
15:13:57,2.563517332,3.509117842,2.559030056
15:13:57,2.562173367,3.508251429,2.560077429
15:13:57,2.562500715,3.508986712,2.559628487
15:13:57,2.562956333,3.509498596,2.56070447
15:13:57,2.563915253,3.509172201,2.560905457
15:13:57,2.562952518,3.50888896,2.560172558
15:13:57,2.562844753,3.509546041,2.562175035
15:13:57,2.562632084,3.50873661,2.560749292
15:13:57,2.56322813,3.510171175,2.560837507
15:13:57,2.562489986,3.509625435,2.560432673
15:13:57,2.562877893,3.509103537,2.561543703
15:13:57,2.563269615,3.509279728,2.560679913
15:13:57,2.563062191,3.510619879,2.560499668
15:13:57,2.562848806,3.50886488,2.561211824
15:13:57,2.562769651,3.508731842,2.559809446
15:13:57,2.56321454,3.508922815,2.559926033
15:13:57,2.562330723,3.509266615,2.560573339
15:13:57,2.562344074,3.509141445,2.560138941
15:13:57,2.562762022,3.5093894,2.560106754
15:13:57,2.562376976,3.509121418,2.559596777
15:13:57,2.562058449,3.50888896,2.560002327
15:13:57,2.562727213,3.508566618,2.560276985
15:13:57,2.562314987,3.508749962,2.560533762
15:13:57,2.563199043,3.509512663,2.560238123
15:13:57,2.562797785,3.509599447,2.562321424
15:13:57,2.563309193,3.509444952,2.561932564
15:13:57,2.563082457,3.509439468,2.560614824
15:13:57,2.563513041,3.508111954,2.560767889
15:13:57,2.562246799,3.508305788,2.558856487
15:13:57,2.562071085,3.508354664,2.558916807
15:13:57,2.561694622,3.508451223,2.559859991
15:13:57,2.562730312,3.508164167,2.559325457
15:13:57,2.562675238,3.508152962,2.560086012
15:13:57,2.562741041,3.508022308,2.559658289
15:13:57,2.562530518,3.508706093,2.559910297
15:13:57,2.563429832,3.508453846,2.560424566
15:13:57,2.562437296,3.507780313,2.559855223
15:13:57,2.562561512,3.508205175,2.561179161
15:13:57,2.56304574,3.507927895,2.559768677
15:13:57,2.562641144,3.508439779,2.560144424
15:13:57,2.562024117,3.508098364,2.56022501
15:13:57,2.563397646,3.507706404,2.560342073
15:13:57,2.563241959,3.507823467,2.561059475
15:13:57,2.562018156,3.507594347,2.559514046
15:13:57,2.562655926,3.50736022,2.560578108
15:13:57,2.562575817,3.508620262,2.560039759
15:13:57,2.563024521,3.508737326,2.560851812
15:13:57,2.562501669,3.508615494,2.560519457
15:13:57,2.563332319,3.509114027,2.559227705
15:13:57,2.563490868,3.507954597,2.560334682
15:13:57,2.562842131,3.50825572,2.561375618
15:13:57,2.56317997,3.508208275,2.561091185
15:13:57,2.563206196,3.508001328,2.561197758
15:13:57,2.56374383,3.510957241,2.562105179
15:13:57,2.562754869,3.510374069,2.560490608
15:13:57,2.562990189,3.50973773,2.560342789
15:13:57,2.563539743,3.508552313,2.561120272
15:13:57,2.563096762,3.508863449,2.560350418
15:13:57,2.562976599,3.508429527,2.56030488
15:13:57,2.562542439,3.509487867,2.560641766
15:13:57,2.563732147,3.510081291,2.560172558
15:13:57,2.563216686,3.509873629,2.560683489
15:13:57,2.563722134,3.509368181,2.559767962
15:13:57,2.563086748,3.509012222,2.55995369
15:13:57,2.563162088,3.509016991,2.560589314
15:13:57,2.563215494,3.508592606,2.559011459
15:13:57,2.563316822,3.508938551,2.560767174
15:13:57,2.563090563,3.50858736,2.56089282
15:13:57,2.562702656,3.509675264,2.559586048
15:13:57,2.563741922,3.50932622,2.559899092
15:13:57,2.562753677,3.507575512,2.560242176
15:13:57,2.563076019,3.50852561,2.559384823
15:13:57,2.563172579,3.508044004,2.560042381
15:13:57,2.562453508,3.508019209,2.560163498
15:13:57,2.563130379,3.508671522,2.559721708
15:13:57,2.562565804,3.507314682,2.560012579
15:13:57,2.562607527,3.508337021,2.560373783
15:13:57,2.562421799,3.507808924,2.561041117
15:13:57,2.563263178,3.508615971,2.559821367
15:13:57,2.561994553,3.508399487,2.561139107
15:13:57,2.563294888,3.509254932,2.560024261
15:13:57,2.562895775,3.509021997,2.559346676
15:13:57,2.562583208,3.509789228,2.56028986
15:13:57,2.563153267,3.509169579,2.560058832
15:13:57,2.563076019,3.509054661,2.560562134
15:13:57,2.564174652,3.509433031,2.560435295
15:13:57,2.563185692,3.510111809,2.560647488
15:13:57,2.563528538,3.510018587,2.56044054
15:13:58,2.564324856,3.511161566,2.560396671
15:13:58,2.563944101,3.509630919,2.560558796
15:13:58,2.562889814,3.509670496,2.559899092
15:13:58,2.563361406,3.509232283,2.561047554
15:13:58,2.563272953,3.509840727,2.561543703
15:13:58,2.562891722,3.509746075,2.560224295
15:13:58,2.563763857,3.509866238,2.561942339
15:13:58,2.563664913,3.509701729,2.560566902
15:13:58,2.562843323,3.509277105,2.561116457
15:13:58,2.562666893,3.509446859,2.559642792
15:13:58,2.56275034,3.508427143,2.561270475
15:13:58,2.563111544,3.509177923,2.560080767
15:13:58,2.563272953,3.510152102,2.560540438
15:13:58,2.563704252,3.510117531,2.561421871
15:13:58,2.563198328,3.507612705,2.561723471
15:13:58,2.562723875,3.508687973,2.560222864
15:13:58,2.563199043,3.508657217,2.561500072
15:13:58,2.562757015,3.509313107,2.560302496
15:13:58,2.563074589,3.507995844,2.561347961
15:13:58,2.563453197,3.508486271,2.561741352
15:13:58,2.563307762,3.508975029,2.560144901
15:13:58,2.563798904,3.509135485,2.561299562
15:13:58,2.563417673,3.509059191,2.561238766
15:13:58,2.563878059,3.509031057,2.56026721
15:13:58,2.56370163,3.509948969,2.561014652
15:13:58,2.563811541,3.509824038,2.561358929
15:13:58,2.56370163,3.509235144,2.560782433
15:13:58,2.563828707,3.50928092,2.561168909
15:13:58,2.563391924,3.510287046,2.561170816
15:13:58,2.563540459,3.508888245,2.561836481
15:13:58,2.563719034,3.509543896,2.560488939
15:13:58,2.56372571,3.50939393,2.560705185
15:13:58,2.564063787,3.509129763,2.560494184
15:13:58,2.563770533,3.509396791,2.561416149
15:13:58,2.563634396,3.509174109,2.560308456
15:13:58,2.562933445,3.507393599,2.561649561
15:13:58,2.563739538,3.508753777,2.560825586
15:13:58,2.562900305,3.507861137,2.560657978
15:13:58,2.56325388,3.508620262,2.561339855
15:13:58,2.56268239,3.508735418,2.560807705
15:13:58,2.563441753,3.508117199,2.560472727
15:13:58,2.563122272,3.509520054,2.560306787
15:13:58,2.563515902,3.508179665,2.559653997
15:13:58,2.562912226,3.508638382,2.560864449
15:13:58,2.562889814,3.507451534,2.560024023
15:13:58,2.562193155,3.507659674,2.561399937
15:13:58,2.563070774,3.508413315,2.561097383
15:13:58,2.562935352,3.507907629,2.559719086
15:13:58,2.562637329,3.508640289,2.560072184
15:13:58,2.562805653,3.508615971,2.560641766
15:13:58,2.563206673,3.508542299,2.560513258
15:13:58,2.562738657,3.508245707,2.560904741
15:13:58,2.563231945,3.508639812,2.560381651
15:13:58,2.5632689,3.508522034,2.559815645
15:13:58,2.562489986,3.50834775,2.560688496
15:13:58,2.562897682,3.508493423,2.559961796
15:13:58,2.563498974,3.509478092,2.561504602
15:13:58,2.56359005,3.509426117,2.561475515
15:13:58,2.563643694,3.509121418,2.560131073
15:13:58,2.562593222,3.509068251,2.560254097
15:13:58,2.563676834,3.50918889,2.559551477
15:13:58,2.563912392,3.509342432,2.561404228
15:13:58,2.562978983,3.508774996,2.560757399
15:13:58,2.562852859,3.509498596,2.562104464
15:13:58,2.562400818,3.508358002,2.561681271
15:13:58,2.563252449,3.508602619,2.559452534
15:13:58,2.562133312,3.507861137,2.559978247
15:13:58,2.563122988,3.50904274,2.560512543
15:13:58,2.562617302,3.508826256,2.559849977
15:13:58,2.563282728,3.509404898,2.560446024
15:13:58,2.562515736,3.508182526,2.560342789
15:13:58,2.561807632,3.508496046,2.560477734
15:13:58,2.563679218,3.50964427,2.560896873
15:13:58,2.563111544,3.509135485,2.561529636
15:13:58,2.563159466,3.509262085,2.56180954
15:13:58,2.563874722,3.509331942,2.560052395
15:13:58,2.563437462,3.509384871,2.560607672
15:13:58,2.562814951,3.50984931,2.561848402
15:13:58,2.563695908,3.509695292,2.561714888
15:13:58,2.563912392,3.508735418,2.559815645
15:13:58,2.562916756,3.509304047,2.562000513
15:13:58,2.562847376,3.508585453,2.559592009
15:13:58,2.562855959,3.509048223,2.560366392
15:13:58,2.563798904,3.508875132,2.561319351
15:13:58,2.563988447,3.510171175,2.561899424
15:13:58,2.563224077,3.508951664,2.561129093
15:13:58,2.563569546,3.509701729,2.560468435
15:13:58,2.563014746,3.509624243,2.561310291
15:13:58,2.563568354,3.509608507,2.561636925
15:13:58,2.56289959,3.509708881,2.561038971
15:13:58,2.563289404,3.50891161,2.560588598
15:13:58,2.563490391,3.508436918,2.560617208
15:13:58,2.56382513,3.50958252,2.560827494
15:13:58,2.56340766,3.509672642,2.56002593
15:13:58,2.563276052,3.511525393,2.561205864
15:13:58,2.563884258,3.509982347,2.560122252
15:13:58,2.563177824,3.509051323,2.561277628
15:13:58,2.56372571,3.510289192,2.561185122
15:13:58,2.563230038,3.510098457,2.561915398
15:13:58,2.563122988,3.509713173,2.56071949
15:13:58,2.563519478,3.509362698,2.559757948
15:13:58,2.562952518,3.509776115,2.561605692
15:13:58,2.563570976,3.509218216,2.559901953
15:13:58,2.562959194,3.509516478,2.559519768
15:13:58,2.562389374,3.508367062,2.559033632
15:13:58,2.562749386,3.508706093,2.561522484
15:13:58,2.56381464,3.509184122,2.560782433
15:13:58,2.563128948,3.50975275,2.562267542
15:13:58,2.56326437,3.509585142,2.560936451
15:13:58,2.562778234,3.509326696,2.560835361
15:13:58,2.563503265,3.508739471,2.560562134
15:13:58,2.563952923,3.509720087,2.560958147
15:13:58,2.562883377,3.509686947,2.561142683
15:13:58,2.564715385,3.510360003,2.560114622
15:13:58,2.564411879,3.509630919,2.561085939
15:13:58,2.563033104,3.5090487,2.560486078
15:13:59,2.564629316,3.510542154,2.561852694
15:13:59,2.564772844,3.510076523,2.562273741
15:13:59,2.564683676,3.509313822,2.561637402
15:13:59,2.564620733,3.509711504,2.561400652
15:13:59,2.564202547,3.510224342,2.561333418
15:13:59,2.563828707,3.509548664,2.561104536
15:13:59,2.563774824,3.509177923,2.561378241
15:13:59,2.563045025,3.509881973,2.561375618
15:13:59,2.563069344,3.509172678,2.561621666
15:13:59,2.563538551,3.509558439,2.562253952
15:13:59,2.562839508,3.509194851,2.561823845
15:13:59,2.563213587,3.509301901,2.560384989
15:13:59,2.56388855,3.508429527,2.560865641
15:13:59,2.563996553,3.509982347,2.561790466
15:13:59,2.563514709,3.509243965,2.560894728
15:13:59,2.563929081,3.509559155,2.560620308
15:13:59,2.563451767,3.509479284,2.56047821
15:13:59,2.563178539,3.509939909,2.56015563
15:13:59,2.563925028,3.510263681,2.561423302
15:13:59,2.563249826,3.510158062,2.560134888
15:13:59,2.563023806,3.51008749,2.561008453
15:13:59,2.563320398,3.507744551,2.56082201
15:13:59,2.563194752,3.507947445,2.560181856
15:13:59,2.5636971,3.507818699,2.561181545
15:13:59,2.562824726,3.509538889,2.560994148
15:13:59,2.56275773,3.50922966,2.561230898
15:13:59,2.56358552,3.508904457,2.560357332
15:13:59,2.563806772,3.508419275,2.560020685
15:13:59,2.563032389,3.508634329,2.560445309
15:13:59,2.562629223,3.509302616,2.560497284
15:13:59,2.563910484,3.508209705,2.559822083
15:13:59,2.56337285,3.510009289,2.55989027
15:13:59,2.56337595,3.509704351,2.561654806
15:13:59,2.563979149,3.508291245,2.560353994
15:13:59,2.563516617,3.508686543,2.560904026
15:13:59,2.563980579,3.508503914,2.561368227
15:13:59,2.563105106,3.509080648,2.560685873
15:13:59,2.563798189,3.509478807,2.56059742
15:13:59,2.564076185,3.510433912,2.562228203
15:13:59,2.564723015,3.510939598,2.561701536
15:13:59,2.564308643,3.511068344,2.561075926
15:13:59,2.564552069,3.510514736,2.559683323
15:13:59,2.563710213,3.510659695,2.562107086
15:13:59,2.56421566,3.510045052,2.562045574
15:13:59,2.564056635,3.509971142,2.561015368
15:13:59,2.56323123,3.510173321,2.560761929
15:13:59,2.563975811,3.510323048,2.561041117
15:13:59,2.563708544,3.510007858,2.562250614
15:13:59,2.563523293,3.51102972,2.561111689
15:13:59,2.563740253,3.510653019,2.561168909
15:13:59,2.564143181,3.509602547,2.561383486
15:13:59,2.563299894,3.509182453,2.560647011
15:13:59,2.562941313,3.50963521,2.562073946
15:13:59,2.564395428,3.5092628,2.561151981
15:13:59,2.564070463,3.509677172,2.561142683
15:13:59,2.562589645,3.509622812,2.561099052
15:13:59,2.56315589,3.509686947,2.561760426
15:13:59,2.563326597,3.509351492,2.561570883
15:13:59,2.563814163,3.509101152,2.559528589
15:13:59,2.564321995,3.509698629,2.560925961
15:13:59,2.564064264,3.510007143,2.561677217
15:13:59,2.563061476,3.510070562,2.559800386
15:13:59,2.563276052,3.509561062,2.561575413
15:13:59,2.563437462,3.509639978,2.560172558
15:13:59,2.562410116,3.509677172,2.560755253
15:13:59,2.563660622,3.509581089,2.560840368
15:13:59,2.563463926,3.509922266,2.561435938
15:13:59,2.562852144,3.509079456,2.561963558
15:13:59,2.563204765,3.509292126,2.561534405
15:13:59,2.562655449,3.508969069,2.560977459
15:13:59,2.562727213,3.508971691,2.560964823
15:13:59,2.562725306,3.508572102,2.560925245
15:13:59,2.563143969,3.509338379,2.560647488
15:13:59,2.563823223,3.509510756,2.560630322
15:13:59,2.563405275,3.510671616,2.561287642
15:13:59,2.562997341,3.509729147,2.561262131
15:13:59,2.563640833,3.509758711,2.560020685
15:13:59,2.563424826,3.509031057,2.559794426
15:13:59,2.563287497,3.509742498,2.559539557
15:13:59,2.563731194,3.509744883,2.561017036
15:13:59,2.563236475,3.509767771,2.562156677
15:13:59,2.563317299,3.509139538,2.561421394
15:13:59,2.564320087,3.509196281,2.560566902
15:13:59,2.564395428,3.509094477,2.561219692
15:13:59,2.563518763,3.508275747,2.56140542
15:13:59,2.562998533,3.509257555,2.561424494
15:13:59,2.564336061,3.510025501,2.56115818
15:13:59,2.563719034,3.510519505,2.560396194
15:13:59,2.563319683,3.508879185,2.561166048
15:13:59,2.563513517,3.509998083,2.562618017
15:13:59,2.563906431,3.509784698,2.561677217
15:13:59,2.564595222,3.509427309,2.562642574
15:13:59,2.56392765,3.510444164,2.559971094
15:13:59,2.56410861,3.509752274,2.561574697
15:13:59,2.563332319,3.510528088,2.562074661
15:13:59,2.5636549,3.510221243,2.560884237
15:13:59,2.564906359,3.509609222,2.562135458
15:13:59,2.563796997,3.509468317,2.562240601
15:13:59,2.563613892,3.509771824,2.561100245
15:13:59,2.563309193,3.510163069,2.56054306
15:13:59,2.563359261,3.509734631,2.562230587
15:13:59,2.563469887,3.509737015,2.560409307
15:13:59,2.563710213,3.510176182,2.560011864
15:13:59,2.563716173,3.509753466,2.561560154
15:13:59,2.562811136,3.508051395,2.560209036
15:13:59,2.562824726,3.508996487,2.560106039
15:13:59,2.562601089,3.507142544,2.560214281
15:13:59,2.563187122,3.509119987,2.560739517
15:13:59,2.564088345,3.509599447,2.561036825
15:13:59,2.563255548,3.509512663,2.561535597
15:13:59,2.562967539,3.509694576,2.561956882
15:13:59,2.563268185,3.510242939,2.561268568
15:13:59,2.56303525,3.509208441,2.561253309
15:13:59,2.561924219,3.508719444,2.560923338
15:13:59,2.56302309,3.509198666,2.56115818
15:13:59,2.563084126,3.508789778,2.561830044
15:13:59,2.563215494,3.50993824,2.561198473
15:13:59,2.56414032,3.50960207,2.559709787
15:13:59,2.563194752,3.508748055,2.561025858
15:14:00,2.562318802,3.508590937,2.559982777
15:14:00,2.562998056,3.508520365,2.560593843
15:14:00,2.562655449,3.51003027,2.560867786
15:14:00,2.563607216,3.508625746,2.560994148
15:14:00,2.56282115,3.508104563,2.560242176
15:14:00,2.562687159,3.50795269,2.560097694
15:14:00,2.56225729,3.508367062,2.560688972
15:14:00,2.56322217,3.507584572,2.560073376
15:14:00,2.562009096,3.507848263,2.559910774
15:14:00,2.561765909,3.507916927,2.559228182
15:14:00,2.562971592,3.508451223,2.560227633
15:14:00,2.56282711,3.508891582,2.560345888
15:14:00,2.562579155,3.508065462,2.55991745
15:14:00,2.563520193,3.508669615,2.560926437
15:14:00,2.562928677,3.507870913,2.560664177
15:14:00,2.563525915,3.508627892,2.56065011
15:14:00,2.563307762,3.508791685,2.560658932
15:14:00,2.563494205,3.508595228,2.561156034
15:14:00,2.562108994,3.508557558,2.560819626
15:14:00,2.562956333,3.508895636,2.560958862
15:14:00,2.563169241,3.50841856,2.560657263
15:14:00,2.563584805,3.510289669,2.561190605
15:14:00,2.5630126,3.508182526,2.561722279
15:14:00,2.563220024,3.508355141,2.560976028
15:14:00,2.563365936,3.509168148,2.561074018
15:14:00,2.563118458,3.508908033,2.559191942
15:14:00,2.563033819,3.509217024,2.561470509
15:14:00,2.563017845,3.508671522,2.560578108
15:14:00,2.562649965,3.509463787,2.560486078
15:14:00,2.563086748,3.509656191,2.560345888
15:14:00,2.563313246,3.509382725,2.559985399
15:14:00,2.563354254,3.509427309,2.56071806
15:14:00,2.563394547,3.508651495,2.561052322
15:14:00,2.562982082,3.50902009,2.561647177
15:14:00,2.56365943,3.508612394,2.56125021
15:14:00,2.563420773,3.508986712,2.56046629
15:14:00,2.563634396,3.509613752,2.560311079
15:14:00,2.563101053,3.510117531,2.560739994
15:14:00,2.562380314,3.509084702,2.559920549
15:14:00,2.562355995,3.507907629,2.560005903
15:14:00,2.563210249,3.509265423,2.560122967
15:14:00,2.562795877,3.508517027,2.558917999
15:14:00,2.563079596,3.508131981,2.560110331
15:14:00,2.562998056,3.507935047,2.559782505
15:14:00,2.563127756,3.508822441,2.560386181
15:14:00,2.563136101,3.50924325,2.559971094
15:14:00,2.563058376,3.508970022,2.560665369
15:14:00,2.562785864,3.508327723,2.560338497
15:14:00,2.563216209,3.509378195,2.56043911
15:14:00,2.56209898,3.509129763,2.559738874
15:14:00,2.563239098,3.508662462,2.560075998
15:14:00,2.5632236,3.508462906,2.559763432
15:14:00,2.562761307,3.508550406,2.560682535
15:14:00,2.56175065,3.509320021,2.561226845
15:14:00,2.563997984,3.508544445,2.562548161
15:14:00,2.563179255,3.509181261,2.560923815
15:14:00,2.562557459,3.508432865,2.561075926
15:14:00,2.563387394,3.50866437,2.561863899
15:14:00,2.562577724,3.508372068,2.561065674
15:14:00,2.563353539,3.509303093,2.560681105
15:14:00,2.56362462,3.509004354,2.560510397
15:14:00,2.564011574,3.50892067,2.56009841
15:14:00,2.563804626,3.509327173,2.560139418
15:14:00,2.563766479,3.509037018,2.560534954
15:14:00,2.5625844,3.509197474,2.560807705
15:14:00,2.56290102,3.508500814,2.561086655
15:14:00,2.563094378,3.510108232,2.561066866
15:14:00,2.56312561,3.509246349,2.561068535
15:14:00,2.563287973,3.508882284,2.560247421
15:14:00,2.562873602,3.509324312,2.55995512
15:14:00,2.563254595,3.509132862,2.560783148
15:14:00,2.564000845,3.509128571,2.561064243
15:14:00,2.563662767,3.510452747,2.561380148
15:14:00,2.562814474,3.508565903,2.560554981
15:14:00,2.562959194,3.50782156,2.559943199
15:14:00,2.56283617,3.509542465,2.559294462
15:14:00,2.563886642,3.50843358,2.559716225
15:14:00,2.562538862,3.509671211,2.560833931
15:14:00,2.563418388,3.508834839,2.56057477
15:14:00,2.563209534,3.507839203,2.560330629
15:14:00,2.562883615,3.50882864,2.561140299
15:14:00,2.56253624,3.50982976,2.560258627
15:14:00,2.563013077,3.508777857,2.560680628
15:14:00,2.56300354,3.508968592,2.560578823
15:14:00,2.56293869,3.508209705,2.561973333
15:14:00,2.563081264,3.509310961,2.56041193
15:14:00,2.563483477,3.509296656,2.561416864
15:14:00,2.563177824,3.509411573,2.561050177
15:14:00,2.564072371,3.509455919,2.559895515
15:14:00,2.563710928,3.509408951,2.56168437
15:14:00,2.562940598,3.509357214,2.560308456
15:14:00,2.563524008,3.510026693,2.559201002
15:14:00,2.56438756,3.510066748,2.561491966
15:14:00,2.563474417,3.508881092,2.561928511
15:14:00,2.562922716,3.509855986,2.55999732
15:14:00,2.563191175,3.509180546,2.561972857
15:14:00,2.563417673,3.508317947,2.561271191
15:14:00,2.563682556,3.509690762,2.560267925
15:14:00,2.563324451,3.509517431,2.560118437
15:14:00,2.563550472,3.508991241,2.56094861
15:14:00,2.562922716,3.508573055,2.561255932
15:14:00,2.563298702,3.508779287,2.560610056
15:14:00,2.562678099,3.508768082,2.561066866
15:14:00,2.5630548,3.508780479,2.56105423
15:14:00,2.563494921,3.509585619,2.560431957
15:14:00,2.562229633,3.507831335,2.559292316
15:14:00,2.562788725,3.508903742,2.560679913
15:14:00,2.562558651,3.509120703,2.561249495
15:14:00,2.562587738,3.508919477,2.559356689
15:14:00,2.56275773,3.509168863,2.560113907
15:14:00,2.562635422,3.509046316,2.560921431
15:14:00,2.562556744,3.508764267,2.561088085
15:14:00,2.562714577,3.50961566,2.559930086
15:14:00,2.562363863,3.509493828,2.561033964
15:14:00,2.562762022,3.509296179,2.561137438
15:14:01,2.562898874,3.509463787,2.56136775
15:14:01,2.562506437,3.509407759,2.560454369
15:14:01,2.562939882,3.509077549,2.560619116
15:14:01,2.562883377,3.50842309,2.560456514
15:14:01,2.563244581,3.509041071,2.562360287
15:14:01,2.562982082,3.508785248,2.559895515
15:14:01,2.562860727,3.508641005,2.559756041
15:14:01,2.562835455,3.509883165,2.56145072
15:14:01,2.563492537,3.508906603,2.560899019
15:14:01,2.562637329,3.509579897,2.560531616
15:14:01,2.562287807,3.509249687,2.559592009
15:14:01,2.562351227,3.508518457,2.560277939
15:14:01,2.562501431,3.508172035,2.559886456
15:14:01,2.562113285,3.508622885,2.55975008
15:14:01,2.562388182,3.50879693,2.560266733
15:14:01,2.563684464,3.509203672,2.561326027
15:14:01,2.56264472,3.508459806,2.560337782
15:14:01,2.562633991,3.50785017,2.560963154
15:14:01,2.563605309,3.509380102,2.561540365
15:14:01,2.563148022,3.508281469,2.559279203
15:14:01,2.562416792,3.508071661,2.561000586
15:14:01,2.563129663,3.509577274,2.560997486
15:14:01,2.563118935,3.509402275,2.560127258
15:14:01,2.563230038,3.509176731,2.560270548
15:14:01,2.563076735,3.509997368,2.560846567
15:14:01,2.563121557,3.50866437,2.560900927
15:14:01,2.563601971,3.50868845,2.561259747
15:14:01,2.562629223,3.507955313,2.561900854
15:14:01,2.563678026,3.509019613,2.561053753
15:14:01,2.563334227,3.508195877,2.560448885
15:14:01,2.56293273,3.50786972,2.560863018
15:14:01,2.562814474,3.509016991,2.56059742
15:14:01,2.561839342,3.507052422,2.559267998
15:14:01,2.561874628,3.507405281,2.559376478
15:14:01,2.562055826,3.50807929,2.559281826
15:14:01,2.562819242,3.507113695,2.559880972
15:14:01,2.562437296,3.507954597,2.559568167
15:14:01,2.562416792,3.50763154,2.560257196
15:14:01,2.561429501,3.50786376,2.561013222
15:14:01,2.563175678,3.508036852,2.560133696
15:14:01,2.562428474,3.508102179,2.559631586
15:14:01,2.562392235,3.508856297,2.560449839
15:14:01,2.562421083,3.508538485,2.559901953
15:14:01,2.562840939,3.508559465,2.561110973
15:14:01,2.562256098,3.507970333,2.559657574
15:14:01,2.56256938,3.509139538,2.559123278
15:14:01,2.562959194,3.508947134,2.560713053
15:14:01,2.562690735,3.508388042,2.560773849
15:14:01,2.5627563,3.50939393,2.560745001
15:14:01,2.562942505,3.508522749,2.55954361
15:14:01,2.562831879,3.508257389,2.560458899
15:14:01,2.562582493,3.508203983,2.559525251
15:14:01,2.562408686,3.508635044,2.559756041
15:14:01,2.562855244,3.508478642,2.561057568
15:14:01,2.562656641,3.509227991,2.559836149
15:14:01,2.562229633,3.508178234,2.559943199
15:14:01,2.562572479,3.508505106,2.561192274
15:14:01,2.562434435,3.507822752,2.559322834
15:14:01,2.56148839,3.507469416,2.561216116
15:14:01,2.562230349,3.508287191,2.560793877
15:14:01,2.562155008,3.507332802,2.560794353
15:14:01,2.562614918,3.5078125,2.559870958
15:14:01,2.5616467,3.507326841,2.559316158
15:14:01,2.562098265,3.507193327,2.559571505
15:14:01,2.561902046,3.507029295,2.561072826
15:14:01,2.562084436,3.507308483,2.560679913
15:14:01,2.562862635,3.508685827,2.560479403
15:14:01,2.562327147,3.50858736,2.559660196
15:14:01,2.56243372,3.507831335,2.559986115
15:14:01,2.562632084,3.508296728,2.558909416
15:14:01,2.562700033,3.508398771,2.559870958
15:14:01,2.56272459,3.508234501,2.560068846
15:14:01,2.56201148,3.507385731,2.559642792
15:14:01,2.561656237,3.508186817,2.559087992
15:14:01,2.562523603,3.508562088,2.559665442
15:14:01,2.562602997,3.508036137,2.559366465
15:14:01,2.562281132,3.508002043,2.559440613
15:14:01,2.56306076,3.509126902,2.560963631
15:14:01,2.56352663,3.509508848,2.559732437
15:14:01,2.562594652,3.509316921,2.560086489
15:14:01,2.563013792,3.508996487,2.560889721
15:14:01,2.56306076,3.50918889,2.560937881
15:14:01,2.563585997,3.509165525,2.56071043
15:14:01,2.562441826,3.509408474,2.560832739
15:14:01,2.563169241,3.509649754,2.559446335
15:14:01,2.564233065,3.50921464,2.560220242
15:14:01,2.562997341,3.509226799,2.562191725
15:14:01,2.562914848,3.508081436,2.560248137
15:14:01,2.563175678,3.50937295,2.561286449
15:14:01,2.562761307,3.509072304,2.561669827
15:14:01,2.563140392,3.509026766,2.560877085
15:14:01,2.563475847,3.508556843,2.56050539
15:14:01,2.562677145,3.508677483,2.560795069
15:14:01,2.562686205,3.507921219,2.559731007
15:14:01,2.562093496,3.508770227,2.560648203
15:14:01,2.56351161,3.509629488,2.561242104
15:14:01,2.56257844,3.509837389,2.561904192
15:14:01,2.563757896,3.509279728,2.560073376
15:14:01,2.56276679,3.508697033,2.560301542
15:14:01,2.562027454,3.508206367,2.55991745
15:14:01,2.562401295,3.509171486,2.560280561
15:14:01,2.56203723,3.509194851,2.559646845
15:14:01,2.563013792,3.508841991,2.561296225
15:14:01,2.563221455,3.508162022,2.560993433
15:14:01,2.562842131,3.50883007,2.561973333
15:14:01,2.563015461,3.510405302,2.560874462
15:14:01,2.564069748,3.509472132,2.561321259
15:14:01,2.562733889,3.508836031,2.56071353
15:14:01,2.562500715,3.50805378,2.56008935
15:14:01,2.561969519,3.508078575,2.559832811
15:14:01,2.562512398,3.509046316,2.560983419
15:14:01,2.563130856,3.509983778,2.560699701
15:14:01,2.563261747,3.509074926,2.561366558
15:14:01,2.563359976,3.509312391,2.560660839
15:14:01,2.563321829,3.508869886,2.561972141
15:14:01,2.562986374,3.509770393,2.561782122
15:14:01,2.563058376,3.508464098,2.561404228
15:14:01,2.563150644,3.508173943,2.560223579
15:14:01,2.562052011,3.507724285,2.559244156
15:14:02,2.563004732,3.509836435,2.562193155
15:14:02,2.564085722,3.509412766,2.561209679
15:14:02,2.564433813,3.51091671,2.561024427
15:14:02,2.563757896,3.510893345,2.561439991
15:14:02,2.563919544,3.510335684,2.561733246
15:14:02,2.563071966,3.509815693,2.561148882
15:14:02,2.563373327,3.509404182,2.561304331
15:14:02,2.562978983,3.508507967,2.560482264
15:14:02,2.562553167,3.508455038,2.56177187
15:14:02,2.56306076,3.509926558,2.56047225
15:14:02,2.563798904,3.510084867,2.560779095
15:14:02,2.563056231,3.509725332,2.560904026
15:14:02,2.564480782,3.509467602,2.561239481
15:14:02,2.563507557,3.510462523,2.560909271
15:14:02,2.564312935,3.509868145,2.560816765
15:14:02,2.564185381,3.509659529,2.561884403
15:14:02,2.563648701,3.510167122,2.561007261
15:14:02,2.564403296,3.510318518,2.561467648
15:14:02,2.564055204,3.510178804,2.562265158
15:14:02,2.563864946,3.509406567,2.560772419
15:14:02,2.564995289,3.510278702,2.561151981
15:14:02,2.564136505,3.510760307,2.56216383
15:14:02,2.563981056,3.51056242,2.560973644
15:14:02,2.563480616,3.509966135,2.561351776
15:14:02,2.564406157,3.511085749,2.561467648
15:14:02,2.564040661,3.51030159,2.560997963
15:14:02,2.564723015,3.509682894,2.561677217
15:14:02,2.563919067,3.509587049,2.561139822
15:14:02,2.564015627,3.510360003,2.561626911
15:14:02,2.564007044,3.510118723,2.561421871
15:14:02,2.563796282,3.509462357,2.56167531
15:14:02,2.563471317,3.509419203,2.561354637
15:14:02,2.563894749,3.5108006,2.560379744
15:14:02,2.563360929,3.508697748,2.561729431
15:14:02,2.563467979,3.509418726,2.561748743
15:14:02,2.563798904,3.510925293,2.560635567
15:14:02,2.563414335,3.509800911,2.561216116
15:14:02,2.563174486,3.509994745,2.561624527
15:14:02,2.562952518,3.508682966,2.561990499
15:14:02,2.564502001,3.509489298,2.561314106
15:14:02,2.563381195,3.509678364,2.561534405
15:14:02,2.564559937,3.509472132,2.561468124
15:14:02,2.564121246,3.509796381,2.56173563
15:14:02,2.56323123,3.508768082,2.560645342
15:14:02,2.562801838,3.509987116,2.560779572
15:14:02,2.563860416,3.508817673,2.561192274
15:14:02,2.56385684,3.508509874,2.561020374
15:14:02,2.564006329,3.509135962,2.560544252
15:14:02,2.563294888,3.508494854,2.561133623
15:14:02,2.563210249,3.510212898,2.561378241
15:14:02,2.563371181,3.50944066,2.562241316
15:14:02,2.563169956,3.509640694,2.561371803
15:14:02,2.56372571,3.509658337,2.561275005
15:14:02,2.562525034,3.509325504,2.559514046
15:14:02,2.562976837,3.50891304,2.561074018
15:14:02,2.562688828,3.50923419,2.561601877
15:14:02,2.56400156,3.510375261,2.561244726
15:14:02,2.563250542,3.509278536,2.560219765
15:14:02,2.563922405,3.511012077,2.560697079
15:14:02,2.562829018,3.508952856,2.56005621
15:14:02,2.563799381,3.509342432,2.56182456
15:14:02,2.563607931,3.510264397,2.561151505
15:14:02,2.563848972,3.509500265,2.561762333
15:14:02,2.563958645,3.509602547,2.560880423
15:14:02,2.562880516,3.50950551,2.561649561
15:14:02,2.564473867,3.510476351,2.561550379
15:14:02,2.563129663,3.508998632,2.560831308
15:14:02,2.563722849,3.510788202,2.560561657
15:14:02,2.563481808,3.510007858,2.561552286
15:14:02,2.563338995,3.508964539,2.56178689
15:14:02,2.563944101,3.509059191,2.560687065
15:14:02,2.563716173,3.509682417,2.560946941
15:14:02,2.563289404,3.50915432,2.560343266
15:14:02,2.562481403,3.509051323,2.56270051
15:14:02,2.564106703,3.509689569,2.560944319
15:14:02,2.563504696,3.509196281,2.560441017
15:14:02,2.562963009,3.50860858,2.561242104
15:14:02,2.563407183,3.509085894,2.561582088
15:14:02,2.563263178,3.509187698,2.560599327
15:14:02,2.563048363,3.5097754,2.560489893
15:14:02,2.564150333,3.509508371,2.561485291
15:14:02,2.563025236,3.509866238,2.561367273
15:14:02,2.563231945,3.509456635,2.560362577
15:14:02,2.56434989,3.508314133,2.560820818
15:14:02,2.56413722,3.509636402,2.560369968
15:14:02,2.563027382,3.509182453,2.560944319
15:14:02,2.5635674,3.509528399,2.560367584
15:14:02,2.564154863,3.509737015,2.561471462
15:14:02,2.563924313,3.509757757,2.562276602
15:14:02,2.563282251,3.509812832,2.56202507
15:14:02,2.563245773,3.509502172,2.56071949
15:14:02,2.563326597,3.509590864,2.561601877
15:14:02,2.563637257,3.509515762,2.56173563
15:14:02,2.562399387,3.509467125,2.561779261
15:14:02,2.564473391,3.509866953,2.560786963
15:14:02,2.563122272,3.509278536,2.560746908
15:14:02,2.5636971,3.508953571,2.560534954
15:14:02,2.564035416,3.509842873,2.560749769
15:14:02,2.564137697,3.50873661,2.560992718
15:14:02,2.563144684,3.508505106,2.559904814
15:14:02,2.563930988,3.509750366,2.561382294
15:14:02,2.563974619,3.508770704,2.560797691
15:14:02,2.563131332,3.510222673,2.561400652
15:14:02,2.564011574,3.510377645,2.562277555
15:14:02,2.56449008,3.510367155,2.561650038
15:14:02,2.563362122,3.510226965,2.560946941
15:14:02,2.563081264,3.510629654,2.560801506
15:14:02,2.563894033,3.511147738,2.562421322
15:14:02,2.563554764,3.510289669,2.561880112
15:14:02,2.563853264,3.511216879,2.560716391
15:14:02,2.56329155,3.511095047,2.561500072
15:14:02,2.563178539,3.510318995,2.561209679
15:14:02,2.563933849,3.510896683,2.561377764
15:14:02,2.563013792,3.51104188,2.560904741
15:14:02,2.563721418,3.510510921,2.559928656
15:14:02,2.563767672,3.510881662,2.561781645
15:14:03,2.562978983,3.509551048,2.561265707
15:14:03,2.56365633,3.509205818,2.560728073
15:14:03,2.56359911,3.50945282,2.56172061
15:14:03,2.563926935,3.510125875,2.560337305
15:14:03,2.563172102,3.509505987,2.56071806
15:14:03,2.563726902,3.510210752,2.560765982
15:14:03,2.563195467,3.509134769,2.559733629
15:14:03,2.563468695,3.509485245,2.561283827
15:14:03,2.563647985,3.509056091,2.561273336
15:14:03,2.562721729,3.509314537,2.561411858
15:14:03,2.563719749,3.509114504,2.560702562
15:14:03,2.563169956,3.509406567,2.560551167
15:14:03,2.562981367,3.508291245,2.56008935
15:14:03,2.563066959,3.507879496,2.560335398
15:14:03,2.562902451,3.508102894,2.559972763
15:14:03,2.563183069,3.508599281,2.560986042
15:14:03,2.562837362,3.508491516,2.560842514
15:14:03,2.56425333,3.509063244,2.56085062
15:14:03,2.562967539,3.50945735,2.561615705
15:14:03,2.563438892,3.50861764,2.561745882
15:14:03,2.563206196,3.508825779,2.560515881
15:14:03,2.562932014,3.508701801,2.561346531
15:14:03,2.562719345,3.50761795,2.560219765
15:14:03,2.562976599,3.508888245,2.560833931
15:14:03,2.563575029,3.510737181,2.561575413
15:14:03,2.563684464,3.509134769,2.559988976
15:14:03,2.563650131,3.509674311,2.560876369
15:14:03,2.563664913,3.509738922,2.560917377
15:14:03,2.56393671,3.50996232,2.560683489
15:14:03,2.562820435,3.509920359,2.561192274
15:14:03,2.563373327,3.509430885,2.56089735
15:14:03,2.563528538,3.509328604,2.561072111
15:14:03,2.562880993,3.508866787,2.560529947
15:14:03,2.563628912,3.508857965,2.560427904
15:14:03,2.563577414,3.509515762,2.560930014
15:14:03,2.562983036,3.50894022,2.560117006
15:14:03,2.563302517,3.508735418,2.560833216
15:14:03,2.563438177,3.509565592,2.561139822
15:14:03,2.56257391,3.509750366,2.562066793
15:14:03,2.563874245,3.510677338,2.561478853
15:14:03,2.563884258,3.510050297,2.561524391
15:14:03,2.563707113,3.509297848,2.562040806
15:14:03,2.562409163,3.50937891,2.560347795
15:14:03,2.563709021,3.509248495,2.561696291
15:14:03,2.563527822,3.509292126,2.560497999
15:14:03,2.563315153,3.508094072,2.561822653
15:14:03,2.562629223,3.508606195,2.561284304
15:14:03,2.563333035,3.510315418,2.562587023
15:14:03,2.56369853,3.510425329,2.560802937
15:14:03,2.564404488,3.510595083,2.561157465
15:14:03,2.563285589,3.509486437,2.560142994
15:14:03,2.563576698,3.510139227,2.560757875
15:14:03,2.562860012,3.509385347,2.560492039
15:14:03,2.562519789,3.509050846,2.561316729
15:14:03,2.563462496,3.510433912,2.560869932
15:14:03,2.564372778,3.510232449,2.561476946
15:14:03,2.562834263,3.508529425,2.560242653
15:14:03,2.562935352,3.509432316,2.560264349
15:14:03,2.562959671,3.509016991,2.560339451
15:14:03,2.563944101,3.5092659,2.56059742
15:14:03,2.563699484,3.509420633,2.56180191
15:14:03,2.562973738,3.509468317,2.561400652
15:14:03,2.563189507,3.509083271,2.561134815
15:14:03,2.562510729,3.508109331,2.560843229
15:14:03,2.562785864,3.509003639,2.560950518
15:14:03,2.562829018,3.508673906,2.561300993
15:14:03,2.563402414,3.509712458,2.56101203
15:14:03,2.563618422,3.508260489,2.559365749
15:14:03,2.562763453,3.507878304,2.560111046
15:14:03,2.562678099,3.509623528,2.561147451
15:14:03,2.56398797,3.50996542,2.56120491
15:14:03,2.563462496,3.509758711,2.561214209
15:14:03,2.563117027,3.509588957,2.561838388
15:14:03,2.56362319,3.509277821,2.560573339
15:14:03,2.563256264,3.509849787,2.560545683
15:14:03,2.563738823,3.510025501,2.560802221
15:14:03,2.563808203,3.510970116,2.561400652
15:14:03,2.563706636,3.510398626,2.561779737
15:14:03,2.563880205,3.510541439,2.560580254
15:14:03,2.563981056,3.510297537,2.562534571
15:14:03,2.562668324,3.510616541,2.56093359
15:14:03,2.563403606,3.509684324,2.560345888
15:14:03,2.563716888,3.509227514,2.560363054
15:14:03,2.563187599,3.509640694,2.560591459
15:14:03,2.563738823,3.509858847,2.560385704
15:14:03,2.563145399,3.509610653,2.560619831
15:14:03,2.562873602,3.509822607,2.561312199
15:14:03,2.56306982,3.509652376,2.561323643
15:14:03,2.563160658,3.508693457,2.559989691
15:14:03,2.563066959,3.507153511,2.560437918
15:14:03,2.56322813,3.509776831,2.56064105
15:14:03,2.563809395,3.509418249,2.560470343
15:14:03,2.56271863,3.509769678,2.561244011
15:14:03,2.562885761,3.508154869,2.560131073
15:14:03,2.562924147,3.509143829,2.561466932
15:14:03,2.562924147,3.508523464,2.560298443
15:14:03,2.562488794,3.50934124,2.561342001
15:14:03,2.563564539,3.509782076,2.560081482
15:14:03,2.562800169,3.508681297,2.561191797
15:14:03,2.56319356,3.509413958,2.56075263
15:14:03,2.562860727,3.508558035,2.560691833
15:14:03,2.563389301,3.510366678,2.561796427
15:14:03,2.563005447,3.509881258,2.560760498
15:14:03,2.563093901,3.509069681,2.560371161
15:14:03,2.562425852,3.508016586,2.559470177
15:14:03,2.563450813,3.509757757,2.560394526
15:14:03,2.562210083,3.507850885,2.560700893
15:14:03,2.561850548,3.508697033,2.561181784
15:14:03,2.562838316,3.509386063,2.560814857
15:14:03,2.562850952,3.508015394,2.560497999
15:14:03,2.562413216,3.50789237,2.560739517
15:14:03,2.562639952,3.507570982,2.5596807
15:14:03,2.562128067,3.509302616,2.560522318
15:14:03,2.562651157,3.508930445,2.559178114
15:14:03,2.562036753,3.509426594,2.560821295
15:14:04,2.563722134,3.509343863,2.55978322
15:14:04,2.564059973,3.509795427,2.560998678
15:14:04,2.563578844,3.507945538,2.561326027
15:14:04,2.563104391,3.508880377,2.560886383
15:14:04,2.56345439,3.509574652,2.561035156
15:14:04,2.562904358,3.508799553,2.5602355
15:14:04,2.563161373,3.509720087,2.560406685
15:14:04,2.562870026,3.508376837,2.560277939
15:14:04,2.562915325,3.509496212,2.561170101
15:14:04,2.563426256,3.508772135,2.56030488
15:14:04,2.56250596,3.508690596,2.560210943
15:14:04,2.563212156,3.509304047,2.560469627
15:14:04,2.563721418,3.509726524,2.560593843
15:14:04,2.564094067,3.509101868,2.562689781
15:14:04,2.563582182,3.510130167,2.560318708
15:14:04,2.563513041,3.510473728,2.560294151
15:14:04,2.56340003,3.510318518,2.561005354
15:14:04,2.56373477,3.509226084,2.561592817
15:14:04,2.563356876,3.509197474,2.560901642
15:14:04,2.562982082,3.509065151,2.56173563
15:14:04,2.563466311,3.508784771,2.56043458
15:14:04,2.563423634,3.509263992,2.561068058
15:14:04,2.563167334,3.509135485,2.560515881
15:14:04,2.562990189,3.508363724,2.560916662
15:14:04,2.563074589,3.5090487,2.561588049
15:14:04,2.563441753,3.508284807,2.560239553
15:14:04,2.562124491,3.509186983,2.561022043
15:14:04,2.56303978,3.508765936,2.561022043
15:14:04,2.56315589,3.508984089,2.559534073
15:14:04,2.563895941,3.509888411,2.561673403
15:14:04,2.563020706,3.509380102,2.561481237
15:14:04,2.563886642,3.50974679,2.560874462
15:14:04,2.563143253,3.508793831,2.560508013
15:14:04,2.563862324,3.508462906,2.559258938
15:14:04,2.563971996,3.509242535,2.56223774
15:14:04,2.563605309,3.50861311,2.560338497
15:14:04,2.563615799,3.508404255,2.559811592
15:14:04,2.563086033,3.508480549,2.560940504
15:14:04,2.563335896,3.509515762,2.561594725
15:14:04,2.563494205,3.509871483,2.560874462
15:14:04,2.563137531,3.508582354,2.559799671
15:14:04,2.563441277,3.509168863,2.562366247
15:14:04,2.562975645,3.509999514,2.560613155
15:14:04,2.563352823,3.509525537,2.560269356
15:14:04,2.564141273,3.50959754,2.560541391
15:14:04,2.564168215,3.510222673,2.560664892
15:14:04,2.56279397,3.508573055,2.560445309
15:14:04,2.562602282,3.508644581,2.560712337
15:14:04,2.563108683,3.508410454,2.560007334
15:14:04,2.562994719,3.509031057,2.560691833
15:14:04,2.562945366,3.508750677,2.560355663
15:14:04,2.563798189,3.510181427,2.559974194
15:14:04,2.563037157,3.509129763,2.560755968
15:14:04,2.562912226,3.509378195,2.560774326
15:14:04,2.563247204,3.509573936,2.561183214
15:14:04,2.563507557,3.509092331,2.561341286
15:14:04,2.563420773,3.50924468,2.561310291
15:14:04,2.562471867,3.508873224,2.560273886
15:14:04,2.562394857,3.509027243,2.559663534
15:14:04,2.562449217,3.508890867,2.560402155
15:14:04,2.563601971,3.509611368,2.560696363
15:14:04,2.563976526,3.509754896,2.561253309
15:14:04,2.563761711,3.510412455,2.560931444
15:14:04,2.56312561,3.509886503,2.560963631
15:14:04,2.563307762,3.508958817,2.560648918
15:14:04,2.563132048,3.508899212,2.560561657
15:14:04,2.564032555,3.50912571,2.560590506
15:14:04,2.563317299,3.509982347,2.56030488
15:14:04,2.563525915,3.509469509,2.561053753
15:14:04,2.563802719,3.509431601,2.559327602
15:14:04,2.563530207,3.51043725,2.56091404
15:14:04,2.562950373,3.508690596,2.560959816
15:14:04,2.562575102,3.508858919,2.560497284
15:14:04,2.562919378,3.50924921,2.561402798
15:14:04,2.564044476,3.510181427,2.56103754
15:14:04,2.56401515,3.510448456,2.560923338
15:14:04,2.564193964,3.509458542,2.559728861
15:14:04,2.563107729,3.510141134,2.56157732
15:14:04,2.563581705,3.509313107,2.562230587
15:14:04,2.563164473,3.509093046,2.561198473
15:14:04,2.563298702,3.509745359,2.560585499
15:14:04,2.563081741,3.509785414,2.561149597
15:14:04,2.562880516,3.50854516,2.560271978
15:14:04,2.563473701,3.509702682,2.561845779
15:14:04,2.563311338,3.509891033,2.561355829
15:14:04,2.562904835,3.508905411,2.561521292
15:14:04,2.563761711,3.509080172,2.561351776
15:14:04,2.564388275,3.509886503,2.560776711
15:14:04,2.562482595,3.50932622,2.56057477
15:14:04,2.563745975,3.508985519,2.56040287
15:14:04,2.563504696,3.509981155,2.560880423
15:14:04,2.563394547,3.508994579,2.560855389
15:14:04,2.564027548,3.509692669,2.559702635
15:14:04,2.563262463,3.509607315,2.561295033
15:14:04,2.563367605,3.510121584,2.561522484
15:14:04,2.563426971,3.510552645,2.560927153
15:14:04,2.5636127,3.510253429,2.562475443
15:14:04,2.564115524,3.510415077,2.56136775
15:14:04,2.56334877,3.509701252,2.560302496
15:14:04,2.563266277,3.509283543,2.559920549
15:14:04,2.562915325,3.509481907,2.561787605
15:14:04,2.563395262,3.510196447,2.559814215
15:14:04,2.563837767,3.511331081,2.562154531
15:14:04,2.563890696,3.51089263,2.562204838
15:14:04,2.564425945,3.511278629,2.562529087
15:14:04,2.564468145,3.51081109,2.561278343
15:14:04,2.563956261,3.510928392,2.560740709
15:14:04,2.564213276,3.510210752,2.561007261
15:14:04,2.564276695,3.511107206,2.561485291
15:14:04,2.563587427,3.509159803,2.56191349
15:14:04,2.564350605,3.509282351,2.56270957
15:14:04,2.564141989,3.510519981,2.561570168
15:14:04,2.563836336,3.509292841,2.561886787
15:14:04,2.563582897,3.509701252,2.561632395
15:14:04,2.563753128,3.509626627,2.56132865
15:14:04,2.563049555,3.510033131,2.559573412
15:14:04,2.562608242,3.509236574,2.560624838
15:14:04,2.562918663,3.508488417,2.56095314
15:14:04,2.563145399,3.508952141,2.561101198
15:14:05,2.562553167,3.509386778,2.560643673
15:14:05,2.563709021,3.50928092,2.560800314
15:14:05,2.563998461,3.509778261,2.560188055
15:14:05,2.563555717,3.509705067,2.559972286
15:14:05,2.563033819,3.509338379,2.560540438
15:14:05,2.563419819,3.508482456,2.560660124
15:14:05,2.563154697,3.508636475,2.561214209
15:14:05,2.563466311,3.509422541,2.561093807
15:14:05,2.562645912,3.509818554,2.560685873
15:14:05,2.562415361,3.510074377,2.561170101
15:14:05,2.56311965,3.509636402,2.560531616
15:14:05,2.563738346,3.509812832,2.561264038
15:14:05,2.564271927,3.510055065,2.562592506
15:14:05,2.563487053,3.510271549,2.561923981
15:14:05,2.564300299,3.510204792,2.562199593
15:14:05,2.562731266,3.510164261,2.561393499
15:14:05,2.562956333,3.509721041,2.560978174
15:14:05,2.563592672,3.509898901,2.561036587
15:14:05,2.563911915,3.509602547,2.561664581
15:14:05,2.564271927,3.509296656,2.562082529
15:14:05,2.563247919,3.510784388,2.561300278
15:14:05,2.564309359,3.509667397,2.560833931
15:14:05,2.563494921,3.510406494,2.56108284
15:14:05,2.563352823,3.510418177,2.561837196
15:14:05,2.563408375,3.510730028,2.561923265
15:14:05,2.563068867,3.509922266,2.56158638
15:14:05,2.563173056,3.509850502,2.560669184
15:14:05,2.563696623,3.509437799,2.561091185
15:14:05,2.56375742,3.509660244,2.561462164
15:14:05,2.563313246,3.509986401,2.56274128
15:14:05,2.563896656,3.510091305,2.560743332
15:14:05,2.56371212,3.508450508,2.561042309
15:14:05,2.563703775,3.508680105,2.560998678
15:14:05,2.563112259,3.509156466,2.560953856
15:14:05,2.563222885,3.510009289,2.562370777
15:14:05,2.564477444,3.510471582,2.560026646
15:14:05,2.564963579,3.512429953,2.561793566
15:14:05,2.563863039,3.511258602,2.561127186
15:14:05,2.563616991,3.509948492,2.561333895
15:14:05,2.56342268,3.508643389,2.560644627
15:14:05,2.563287973,3.509245157,2.56070447
15:14:05,2.5636971,3.51012516,2.560290575
15:14:05,2.563683987,3.509829044,2.561387062
15:14:05,2.564610004,3.509445429,2.561261415
15:14:05,2.563728809,3.508511066,2.561314821
15:14:05,2.563118458,3.508752584,2.561008453
15:14:05,2.56315732,3.509426594,2.561654806
15:14:05,2.563956738,3.509766817,2.561411381
15:14:05,2.563322544,3.509941101,2.559627056
15:14:05,2.563317776,3.510097265,2.562519789
15:14:05,2.563939571,3.510358095,2.561462879
15:14:05,2.564631224,3.510721684,2.560746908
15:14:05,2.562786579,3.509521723,2.561701059
15:14:05,2.56283474,3.509539604,2.560162067
15:14:05,2.563829184,3.511108637,2.561723471
15:14:05,2.564015627,3.510646582,2.56172061
15:14:05,2.563499689,3.509254932,2.561874151
15:14:05,2.563831329,3.509240627,2.561588049
15:14:05,2.563815355,3.51018858,2.560456514
15:14:05,2.563429832,3.509259462,2.560962439
15:14:05,2.564092875,3.509909391,2.561146259
15:14:05,2.564017534,3.510560989,2.56219244
15:14:05,2.56355381,3.510514259,2.56118989
15:14:05,2.563478947,3.510288477,2.561994076
15:14:05,2.563162565,3.508434772,2.560995817
15:14:05,2.563689709,3.510589361,2.561115265
15:14:05,2.563883543,3.510867119,2.561603069
15:14:05,2.562772036,3.508498192,2.56095171
15:14:05,2.563764572,3.509731293,2.562184095
15:14:05,2.56378293,3.510258198,2.561978102
15:14:05,2.563258886,3.510527134,2.560577393
15:14:05,2.563908577,3.508947611,2.561127663
15:14:05,2.564117908,3.508993864,2.560648918
15:14:05,2.56368804,3.509064436,2.561144352
15:14:05,2.562494516,3.508556128,2.561471462
15:14:05,2.563862324,3.508448601,2.560624838
15:14:05,2.562094212,3.508511066,2.561223269
15:14:05,2.564600468,3.510613918,2.561567307
15:14:05,2.563858271,3.509773731,2.561062098
15:14:05,2.563472271,3.510251284,2.561113834
15:14:05,2.563173056,3.510654449,2.561209679
15:14:05,2.563719749,3.50961566,2.561781645
15:14:05,2.564960957,3.510625124,2.562706947
15:14:05,2.564724445,3.510694742,2.560983419
15:14:05,2.564051151,3.509201288,2.561202288
15:14:05,2.564037323,3.510411024,2.562443018
15:14:05,2.564949751,3.510171175,2.561665297
15:14:05,2.564795256,3.511054993,2.562254667
15:14:05,2.56445694,3.511701107,2.561334848
15:14:05,2.563544035,3.512058735,2.56118989
15:14:05,2.564493418,3.51186204,2.562603712
15:14:05,2.564246178,3.509179831,2.561988592
15:14:05,2.562916756,3.50890255,2.562634945
15:14:05,2.564382315,3.509679079,2.561507463
15:14:05,2.564195871,3.510542154,2.561821461
15:14:05,2.563513994,3.510189295,2.561878204
15:14:05,2.564328671,3.510094643,2.561224937
15:14:05,2.563542366,3.51058197,2.562150717
15:14:05,2.563984632,3.509641409,2.562063932
15:14:05,2.564160347,3.508509874,2.56099534
15:14:05,2.563491583,3.510011673,2.561164141
15:14:05,2.563412428,3.510557413,2.561390877
15:14:05,2.564840317,3.510334969,2.561419725
15:14:05,2.564126492,3.510164261,2.560710907
15:14:05,2.564021587,3.510558128,2.562525511
15:14:05,2.56377244,3.510120392,2.562247753
15:14:05,2.564377069,3.509945393,2.562132597
15:14:05,2.56413722,3.509977818,2.562790871
15:14:05,2.564149141,3.509277105,2.561958313
15:14:05,2.563726902,3.510336637,2.561010599
15:14:05,2.563802719,3.510662317,2.560442448
15:14:05,2.564816952,3.510822058,2.560409307
15:14:05,2.563363552,3.51152873,2.562256336
15:14:05,2.563165903,3.509647846,2.561724186
15:14:05,2.563008547,3.508944511,2.560875654
15:14:05,2.563588142,3.509335279,2.561471462
15:14:05,2.564237595,3.508755207,2.56158638
15:14:05,2.562874317,3.508128881,2.560685873
15:14:05,2.563909292,3.509902716,2.560441732
15:14:06,2.56384635,3.508825779,2.560260773
15:14:06,2.563002825,3.508841276,2.561450243
15:14:06,2.563145399,3.510212898,2.560759306
15:14:06,2.563478947,3.509020805,2.561480284
15:14:06,2.563603401,3.508971214,2.560564756
15:14:06,2.563777208,3.509320736,2.56111908
15:14:06,2.56349802,3.509923697,2.560761213
15:14:06,2.562849283,3.509939909,2.561332703
15:14:06,2.563822746,3.510163069,2.560761213
15:14:06,2.56337738,3.510031223,2.561113834
15:14:06,2.563726902,3.510436773,2.560728073
15:14:06,2.563713074,3.510454893,2.562086105
15:14:06,2.564534903,3.509665489,2.561098576
15:14:06,2.563893318,3.509472132,2.56167984
15:14:06,2.563644409,3.508742809,2.561061382
15:14:06,2.562728882,3.509299994,2.559772491
15:14:06,2.562894106,3.508122444,2.562107086
15:14:06,2.563695908,3.507811069,2.560417175
15:14:06,2.564025402,3.510394812,2.561204195
15:14:06,2.563109875,3.509007215,2.560458183
15:14:06,2.563789845,3.510191202,2.561186314
15:14:06,2.563415527,3.510147333,2.561683893
15:14:06,2.56304884,3.508535385,2.561002731
15:14:06,2.564772844,3.511791706,2.562345982
15:14:06,2.564380407,3.509567499,2.560488224
15:14:06,2.562663078,3.509170055,2.55993247
15:14:06,2.562474251,3.509011507,2.561060905
15:14:06,2.562633991,3.508370876,2.560449839
15:14:06,2.56336832,3.50854826,2.561250687
15:14:06,2.563340902,3.510253429,2.561300278
15:14:06,2.562628508,3.509361982,2.559403658
15:14:06,2.563122272,3.510048389,2.560821295
15:14:06,2.563844204,3.509892464,2.56121254
15:14:06,2.562905312,3.509386778,2.562124252
15:14:06,2.562557936,3.509308338,2.561345339
15:14:06,2.563942194,3.509608507,2.560060263
15:14:06,2.562556028,3.509865761,2.561409235
15:14:06,2.563625336,3.509571791,2.560153484
15:14:06,2.562139988,3.5090487,2.560800314
15:14:06,2.561897993,3.508836746,2.560993433
15:14:06,2.56285882,3.508567333,2.560386896
15:14:06,2.562163353,3.508522749,2.560927153
15:14:06,2.56332922,3.509113312,2.560591459
15:14:06,2.563162565,3.509647131,2.561306238
15:14:06,2.563210249,3.508751869,2.561406851
15:14:06,2.563162088,3.50945735,2.560626984
15:14:06,2.563228846,3.510059595,2.561911345
15:14:06,2.562983751,3.509959459,2.561722994
15:14:06,2.563658237,3.511025667,2.561166048
15:14:06,2.563541174,3.509504795,2.561568737
15:14:06,2.56315279,3.509784698,2.561430454
15:14:06,2.56333375,3.509797812,2.561308146
15:14:06,2.563188314,3.50972414,2.561329365
15:14:06,2.563226461,3.508861542,2.561071396
15:14:06,2.562832832,3.509438753,2.562011242
15:14:06,2.562809944,3.510180235,2.559970379
15:14:06,2.563603878,3.509643555,2.561130762
15:14:06,2.564198017,3.508595943,2.559323311
15:14:06,2.562801123,3.508413315,2.560690641
15:14:06,2.563076735,3.508436203,2.560551405
15:14:06,2.563099146,3.509327888,2.561090708
15:14:06,2.563568354,3.509559155,2.560743332
15:14:06,2.562366009,3.508639097,2.561208248
15:14:06,2.563533306,3.510401964,2.56106019
15:14:06,2.562602997,3.509358406,2.560470343
15:14:06,2.562836885,3.509930849,2.559658289
15:14:06,2.562114716,3.50936079,2.560420752
15:14:06,2.564125776,3.510137558,2.561130047
15:14:06,2.563279629,3.50965333,2.561020374
15:14:06,2.563433409,3.509335279,2.560669899
15:14:06,2.563090563,3.509353638,2.561036825
15:14:06,2.563214064,3.508046627,2.560977459
15:14:06,2.562404156,3.508725643,2.560754776
15:14:06,2.563498974,3.50975728,2.560195208
15:14:06,2.564208984,3.509835005,2.560657263
15:14:06,2.56251502,3.509218216,2.560752153
15:14:06,2.56435585,3.509661436,2.561306238
15:14:06,2.562723875,3.507815123,2.559429407
15:14:06,2.56218195,3.507073641,2.560399294
15:14:06,2.561847687,3.506547689,2.559285164
15:14:06,2.561749458,3.507632971,2.560232639
15:14:06,2.561830044,3.508080006,2.560250759
15:14:06,2.561913252,3.50756979,2.559439182
15:14:06,2.562316179,3.508642435,2.560795784
15:14:06,2.562678814,3.507732153,2.559353113
15:14:06,2.562474251,3.508095503,2.560395002
15:14:06,2.56230545,3.508487701,2.559973478
15:14:06,2.562115431,3.508930445,2.560276508
15:14:06,2.563472271,3.509317398,2.561321259
15:14:06,2.562163353,3.509313822,2.560397387
15:14:06,2.562848806,3.509199381,2.561246634
15:14:06,2.563869476,3.510272264,2.560585976
15:14:06,2.564020634,3.510366678,2.560647011
15:14:06,2.56378293,3.509587765,2.56071043
15:14:06,2.562560081,3.50950551,2.561043739
15:14:06,2.564069033,3.50935483,2.560679913
15:14:06,2.563326597,3.509783506,2.561466217
15:14:06,2.562918663,3.510119438,2.561015368
15:14:06,2.562299013,3.509270668,2.562069416
15:14:06,2.563428164,3.508882284,2.560175419
15:14:06,2.562168837,3.508456945,2.559652805
15:14:06,2.562847376,3.508493423,2.559820652
15:14:06,2.56297946,3.509297848,2.561404228
15:14:06,2.563893318,3.510079622,2.560609341
15:14:06,2.562818289,3.509049416,2.561136961
15:14:06,2.563279629,3.509731293,2.561505795
15:14:06,2.56400013,3.511225939,2.56062746
15:14:06,2.562816381,3.509419918,2.560279369
15:14:06,2.562464237,3.508765936,2.560558796
15:14:06,2.56318903,3.508370876,2.560560465
15:14:06,2.562052727,3.508413315,2.560154915
15:14:06,2.563095093,3.509908676,2.560575962
15:14:07,2.562207222,3.50861764,2.560005188
15:14:07,2.562774658,3.507974863,2.561293125
15:14:07,2.562860727,3.509351492,2.560866356
15:14:07,2.562835455,3.507460833,2.561481237
15:14:07,2.563168526,3.508898735,2.560602903
15:14:07,2.562248945,3.507427454,2.560158253
15:14:07,2.562283993,3.5084517,2.561066866
15:14:07,2.563239098,3.508188009,2.561379671
15:14:07,2.56283474,3.508943081,2.560207844
15:14:07,2.56250596,3.508055687,2.559920549
15:14:07,2.562966347,3.508212328,2.560492039
15:14:07,2.563367605,3.508577585,2.561536312
15:14:07,2.563030243,3.50903511,2.559646845
15:14:07,2.562193155,3.508230686,2.560142279
15:14:07,2.563081264,3.509570122,2.561589241
15:14:07,2.563196182,3.50855422,2.560487032
15:14:07,2.563006639,3.507992268,2.559637547
15:14:07,2.562282562,3.507616758,2.560525179
15:14:07,2.563286781,3.508173943,2.560993433
15:14:07,2.563694,3.509353638,2.560612679
15:14:07,2.562716722,3.509205341,2.56095314
15:14:07,2.562993526,3.508148909,2.560909271
15:14:07,2.56355381,3.509056568,2.561546803
15:14:07,2.563204765,3.507038593,2.559769869
15:14:07,2.563159466,3.508662462,2.561561346
15:14:07,2.561977148,3.507796764,2.560141563
15:14:07,2.562106133,3.508660555,2.56064415
15:14:07,2.562919378,3.50932622,2.561236858
15:14:07,2.562622786,3.50774312,2.560692549
15:14:07,2.562371492,3.508952141,2.561163425
15:14:07,2.563371181,3.508010149,2.561040401
15:14:07,2.562339783,3.507875919,2.561232328
15:14:07,2.562019348,3.508666515,2.560510397
15:14:07,2.562935352,3.509354115,2.559880257
15:14:07,2.563079834,3.509543896,2.559996128
15:14:07,2.563673973,3.509459734,2.560446024
15:14:07,2.563419819,3.509134769,2.560476303
15:14:07,2.562717915,3.509038448,2.561215639
15:14:07,2.563735962,3.509097576,2.560824871
15:14:07,2.562738657,3.509241343,2.560508013
15:14:07,2.562744379,3.508723974,2.56046629
15:14:07,2.562158585,3.509317398,2.560855389
15:14:07,2.562167645,3.508342266,2.560546875
15:14:07,2.562748909,3.50828433,2.559376478
15:14:07,2.562005758,3.50817275,2.560022593
15:14:07,2.562754869,3.510086298,2.561509848
15:14:07,2.563369274,3.508410454,2.560168743
15:14:07,2.563868046,3.509251118,2.560798407
15:14:07,2.562606335,3.509622335,2.561014652
15:14:07,2.562332153,3.508526325,2.559692621
15:14:07,2.562805653,3.509794474,2.559656143
15:14:07,2.564006329,3.509747505,2.561259747
15:14:07,2.562354565,3.508595228,2.55992198
15:14:07,2.563628912,3.509416342,2.560855389
15:14:07,2.563192368,3.509129047,2.561355352
15:14:07,2.562515736,3.509551048,2.560517311
15:14:07,2.562543154,3.508064747,2.560783148
15:14:07,2.562272787,3.507514238,2.56070447
15:14:07,2.562838316,3.508760929,2.561244726
15:14:07,2.563659906,3.508926868,2.56001997
15:14:07,2.564309359,3.509874105,2.561889648
15:14:07,2.563796997,3.509581566,2.561975718
15:14:07,2.563728809,3.509164095,2.561608315
15:14:07,2.563420773,3.508907318,2.560664892
15:14:07,2.563015461,3.509382725,2.560804844
15:14:07,2.562302351,3.508174658,2.560305595
15:14:07,2.563101053,3.509002924,2.560814142
15:14:07,2.563203096,3.508755684,2.559773445
15:14:07,2.563494921,3.50821805,2.561073542
15:14:07,2.563168526,3.508792877,2.560578823
15:14:07,2.562201262,3.509527683,2.560015202
15:14:07,2.562588453,3.508008242,2.559349537
15:14:07,2.561620474,3.507667542,2.559160233
15:14:07,2.561917067,3.506933451,2.559509993
15:14:07,2.56319046,3.508365631,2.561461449
15:14:07,2.562560081,3.50829339,2.560802221
15:14:07,2.562694311,3.50804472,2.559005499
15:14:07,2.562898159,3.508550406,2.561039686
15:14:07,2.562061787,3.50832653,2.558999062
15:14:07,2.5608778,3.507779598,2.560608387
15:14:07,2.562201262,3.508883715,2.558688164
15:14:07,2.562402725,3.508520365,2.559355974
15:14:07,2.562439203,3.508332491,2.559878588
15:14:07,2.563252449,3.508059502,2.560077429
15:14:07,2.562711716,3.508424997,2.559655428
15:14:07,2.561770439,3.508083105,2.559777737
15:14:07,2.561909914,3.507866621,2.559961081
15:14:07,2.563294888,3.50915575,2.560471535
15:14:07,2.562656641,3.50830245,2.560301065
15:14:07,2.561636925,3.508214951,2.560338497
15:14:07,2.563058376,3.508312941,2.560250759
15:14:07,2.562263489,3.50797534,2.559854746
15:14:07,2.563090563,3.509176016,2.559699059
15:14:07,2.562529802,3.509081602,2.55919528
15:14:07,2.56264472,3.509102821,2.560132265
15:14:07,2.562296152,3.509162903,2.560632944
15:14:07,2.564152956,3.50808692,2.560422659
15:14:07,2.562715292,3.508146524,2.560313463
15:14:07,2.562711239,3.507632971,2.561068058
15:14:07,2.561852217,3.507516146,2.560171127
15:14:07,2.56246829,3.507227659,2.559940815
15:14:07,2.562269211,3.507544756,2.558706522
15:14:07,2.562639236,3.50895071,2.560896158
15:14:07,2.561967373,3.508837223,2.561679125
15:14:07,2.562898159,3.507944822,2.55968523
15:14:07,2.561666012,3.508307457,2.560063601
15:14:07,2.561558247,3.508361101,2.560820103
15:14:07,2.561640978,3.507852793,2.560082197
15:14:07,2.561924219,3.507645845,2.560020685
15:14:07,2.562075138,3.507663727,2.558850527
15:14:07,2.562643528,3.507426023,2.559856653
15:14:07,2.5627985,3.508814096,2.559954405
15:14:07,2.56272459,3.508700371,2.560732841
15:14:07,2.563362837,3.50904417,2.561316729
15:14:07,2.563802242,3.508386612,2.560337782
15:14:07,2.561894655,3.507885456,2.559740067
15:14:07,2.562099934,3.508776665,2.560429096
15:14:07,2.562912226,3.509460211,2.560990095
15:14:07,2.562737226,3.509930134,2.561134815
15:14:08,2.562601805,3.508559465,2.560994864
15:14:08,2.563429832,3.506954193,2.560798407
15:14:08,2.562719822,3.507693768,2.560774326
15:14:08,2.562797785,3.50830698,2.559238195
15:14:08,2.562522888,3.5080688,2.559993267
15:14:08,2.562132359,3.50844264,2.559889078
15:14:08,2.561683416,3.507514238,2.56058073
15:14:08,2.5627985,3.509812832,2.56216073
15:14:08,2.562959671,3.508721352,2.560447216
15:14:08,2.56274581,3.508851767,2.560227633
15:14:08,2.562725306,3.508012533,2.560303211
15:14:08,2.562834263,3.508158684,2.561094522
15:14:08,2.562460423,3.508336306,2.559913397
15:14:08,2.561771154,3.506629467,2.558465004
15:14:08,2.561987638,3.508926868,2.559509993
15:14:08,2.562852859,3.508765936,2.560561657
15:14:08,2.562262058,3.507710695,2.560128927
15:14:08,2.562839508,3.507965565,2.560093403
15:14:08,2.563519478,3.507166862,2.560610056
15:14:08,2.562525749,3.507769108,2.561148167
15:14:08,2.562465429,3.507918835,2.558949232
15:14:08,2.561961412,3.507992983,2.560037851
15:14:08,2.562576532,3.508559465,2.559915543
15:14:08,2.562256098,3.508174658,2.55995369
15:14:08,2.562462807,3.507435799,2.559413671
15:14:08,2.562854052,3.508957386,2.560961008
15:14:08,2.562849283,3.507050991,2.559174776
15:14:08,2.561341047,3.506979227,2.558615923
15:14:08,2.562349319,3.508378267,2.560621977
15:14:08,2.563217402,3.508553505,2.560197115
15:14:08,2.562623501,3.507594347,2.561353207
15:14:08,2.56267643,3.508851767,2.561228752
15:14:08,2.56300211,3.508822441,2.56050396
15:14:08,2.563014746,3.508493423,2.560431242
15:14:08,2.562732458,3.509084702,2.560317516
15:14:08,2.563216686,3.50876236,2.561050177
15:14:08,2.562404156,3.50842905,2.56057024
15:14:08,2.562421083,3.508557558,2.560520411
15:14:08,2.562953949,3.507725954,2.559730053
15:14:08,2.563515902,3.509150028,2.559637547
15:14:08,2.562641859,3.5090487,2.560476303
15:14:08,2.562742233,3.509431601,2.560871601
15:14:08,2.563062191,3.50879693,2.561118364
15:14:08,2.562955141,3.509307146,2.56099987
15:14:08,2.564055204,3.508910418,2.560518026
15:14:08,2.563848495,3.508500099,2.561447859
15:14:08,2.563029051,3.509437799,2.559149027
15:14:08,2.562922716,3.507740021,2.559827805
15:14:08,2.562116861,3.507858276,2.560801029
15:14:08,2.562627316,3.508945704,2.560656548
15:14:08,2.562797308,3.508130789,2.560361147
15:14:08,2.563157797,3.507938862,2.560323
15:14:08,2.563200951,3.508446455,2.561007738
15:14:08,2.56239152,3.509402275,2.560186625
15:14:08,2.562862635,3.508383751,2.560480833
15:14:08,2.562563419,3.508240461,2.559344769
15:14:08,2.562449217,3.507776737,2.560803652
15:14:08,2.563767195,3.508610487,2.56050539
15:14:08,2.562864542,3.508278847,2.561680555
15:14:08,2.561995745,3.507512569,2.55980587
15:14:08,2.561999083,3.509168148,2.560408831
15:14:08,2.562808514,3.508080006,2.559460402
15:14:08,2.563038826,3.50938344,2.561327219
15:14:08,2.563015461,3.508933306,2.561075926
15:14:08,2.562861919,3.507779598,2.560414076
15:14:08,2.562622786,3.507530451,2.560113907
15:14:08,2.562376499,3.507871628,2.560163975
15:14:08,2.564048052,3.509643555,2.562283039
15:14:08,2.563762426,3.509852648,2.560169935
15:14:08,2.563463926,3.509106636,2.560508728
15:14:08,2.562932014,3.508641005,2.560545683
15:14:08,2.562591791,3.50804472,2.559948444
15:14:08,2.563194275,3.508247614,2.560909986
15:14:08,2.563088655,3.507582903,2.560874939
15:14:08,2.563868761,3.508000374,2.560433388
15:14:08,2.562579155,3.508426428,2.559478998
15:14:08,2.561675549,3.508052111,2.559721708
15:14:08,2.563203096,3.50878191,2.561866999
15:14:08,2.562681675,3.509656191,2.561492682
15:14:08,2.562906742,3.508710861,2.56047225
15:14:08,2.562534094,3.508501291,2.559345961
15:14:08,2.563055515,3.509735584,2.560246944
15:14:08,2.563194275,3.509326696,2.560611963
15:14:08,2.5630548,3.509592295,2.559504271
15:14:08,2.563482523,3.5087533,2.561792135
15:14:08,2.563470602,3.509029865,2.560938597
15:14:08,2.562469482,3.508899927,2.562307596
15:14:08,2.563071966,3.508012533,2.562648058
15:14:08,2.563666821,3.509531498,2.56062746
15:14:08,2.563934326,3.509721518,2.561529636
15:14:08,2.563205481,3.509960651,2.560891628
15:14:08,2.563208818,3.509593487,2.560898304
15:14:08,2.563751936,3.510462523,2.560519934
15:14:08,2.563943624,3.510282516,2.560724974
15:14:08,2.563285589,3.510601044,2.561607122
15:14:08,2.563121319,3.509106636,2.560723543
15:14:08,2.56277132,3.508481026,2.560158253
15:14:08,2.562599659,3.50865984,2.560527086
15:14:08,2.563461542,3.509795427,2.561138391
15:14:08,2.562697411,3.508783102,2.56031394
15:14:08,2.56349802,3.510056973,2.560828209
15:14:08,2.562930584,3.510447741,2.561166525
15:14:08,2.563249826,3.509132385,2.562053442
15:14:08,2.563601971,3.508697748,2.560533047
15:14:08,2.563837767,3.50971818,2.560235023
15:14:08,2.563745975,3.509625435,2.560233355
15:14:08,2.564165354,3.50816083,2.560611248
15:14:08,2.56282711,3.508836746,2.56098032
15:14:08,2.564045906,3.509960175,2.561663389
15:14:08,2.563597918,3.509303093,2.560893536
15:14:08,2.56306982,3.508167982,2.561592817
15:14:08,2.563024521,3.507939577,2.561565399
15:14:08,2.563601255,3.508791685,2.560847998
15:14:08,2.56254077,3.508353233,2.560955763
15:14:08,2.563051462,3.508448601,2.560935259
15:14:08,2.563444138,3.508497,2.56068635
15:14:08,2.562930584,3.50804019,2.559677362
15:14:08,2.562861919,3.506756783,2.55888176
15:14:08,2.562068939,3.50784111,2.55872035
15:14:09,2.562542439,3.508144379,2.560890913
15:14:09,2.563005447,3.508978367,2.562132597
15:14:09,2.563257694,3.509067774,2.561285734
15:14:09,2.562980175,3.509261608,2.560306787
15:14:09,2.562984228,3.508404255,2.559954405
15:14:09,2.563527822,3.50903964,2.560275078
15:14:09,2.562393665,3.507889271,2.559555054
15:14:09,2.562901735,3.508715153,2.559373617
15:14:09,2.56275773,3.508719921,2.561483383
15:14:09,2.563794136,3.5090487,2.561576128
15:14:09,2.562867165,3.508497,2.560014009
15:14:09,2.563407183,3.508638382,2.560890198
15:14:09,2.563302517,3.508518457,2.560084105
15:14:09,2.563005447,3.509289503,2.560741425
15:14:09,2.563070774,3.509121895,2.560832739
15:14:09,2.562503576,3.508528233,2.560617208
15:14:09,2.562024117,3.508712769,2.559291124
15:14:09,2.563160181,3.50924325,2.560142279
15:14:09,2.562339783,3.510759354,2.561100245
15:14:09,2.563872337,3.509626627,2.562411547
15:14:09,2.563919544,3.50895071,2.56165719
15:14:09,2.564267397,3.509629488,2.561601877
15:14:09,2.56355691,3.510510206,2.561898708
15:14:09,2.564880371,3.511975288,2.561825991
15:14:09,2.56434989,3.510071039,2.561274529
15:14:09,2.563443422,3.51094985,2.561957598
15:14:09,2.564619541,3.510053396,2.561339855
15:14:09,2.563994408,3.509855986,2.560987949
15:14:09,2.563802242,3.509749651,2.561430454
15:14:09,2.564909458,3.509981155,2.560578823
15:14:09,2.563911915,3.510187387,2.562245607
15:14:09,2.563384533,3.510356426,2.562041759
15:14:09,2.564277172,3.510903835,2.561818123
15:14:09,2.564022779,3.511786461,2.561616182
15:14:09,2.564561844,3.510823965,2.562398195
15:14:09,2.564112186,3.511256695,2.561871767
15:14:09,2.564787865,3.511462212,2.56167984
15:14:09,2.563953638,3.511237621,2.562073469
15:14:09,2.564144373,3.510758162,2.561256647
15:14:09,2.563862324,3.510512829,2.561443567
15:14:09,2.563687086,3.509450436,2.561395407
15:14:09,2.563969851,3.509657621,2.562065363
15:14:09,2.563998461,3.509027958,2.562016487
15:14:09,2.564027548,3.509069681,2.562463522
15:14:09,2.563770533,3.508644581,2.561635017
15:14:09,2.564064264,3.510216713,2.561970711
15:14:09,2.563597202,3.510254622,2.561530352
15:14:09,2.564828157,3.510002613,2.562296867
15:14:09,2.564541578,3.511073112,2.56252718
15:14:09,2.564067841,3.510313749,2.561095953
15:14:09,2.563431501,3.511446714,2.56315136
15:14:09,2.56410861,3.511068821,2.561779737
15:14:09,2.563962698,3.511100054,2.562870264
15:14:09,2.564597607,3.510344744,2.56353569
15:14:09,2.564628601,3.510134459,2.562427044
15:14:09,2.564974308,3.511175632,2.562309265
15:14:09,2.564713955,3.512070179,2.562671185
15:14:09,2.564789295,3.510668993,2.562443733
15:14:09,2.564304352,3.511728525,2.562152863
15:14:09,2.564669847,3.511293411,2.561630964
15:14:09,2.564413309,3.510846138,2.562196255
15:14:09,2.564204693,3.510891438,2.56298542
15:14:09,2.565232515,3.511859417,2.562496662
15:14:09,2.564514637,3.511314869,2.562203884
15:14:09,2.564465523,3.511181116,2.56243968
15:14:09,2.564043999,3.511526823,2.563587904
15:14:09,2.56479001,3.511915684,2.561650753
15:14:09,2.564875126,3.511813402,2.562290192
15:14:09,2.563678741,3.510765314,2.562440395
15:14:09,2.564528942,3.511465549,2.562902689
15:14:09,2.56482172,3.511056185,2.561892271
15:14:09,2.564518452,3.510332108,2.561943293
15:14:09,2.56411314,3.511001587,2.561952353
15:14:09,2.564737558,3.511176348,2.561548233
15:14:09,2.564395428,3.511100769,2.563005209
15:14:09,2.565109968,3.510792255,2.562923193
15:14:09,2.564811707,3.510052681,2.5621171
15:14:09,2.563726902,3.510607481,2.561878204
15:14:09,2.564223289,3.509218216,2.561201811
15:14:09,2.563784361,3.511013985,2.562375546
15:14:09,2.563469172,3.510507107,2.560219765
15:14:09,2.563689709,3.509811401,2.561790466
15:14:09,2.563154697,3.509540081,2.560051203
15:14:09,2.56409955,3.510537863,2.562369108
15:14:09,2.564415932,3.509921789,2.560452461
15:14:09,2.563722849,3.510828733,2.563696861
15:14:09,2.564152956,3.510193586,2.562738657
15:14:09,2.564944506,3.511288404,2.562819958
15:14:09,2.564439774,3.510895967,2.563483477
15:14:09,2.564094782,3.510397911,2.562484741
15:14:09,2.56494379,3.511199951,2.562121868
15:14:09,2.564480782,3.510463953,2.561290264
15:14:09,2.563507557,3.510873079,2.562076092
15:14:09,2.564418077,3.510853529,2.562544823
15:14:09,2.564473867,3.510065317,2.561372995
15:14:09,2.563994408,3.509188414,2.562362432
15:14:09,2.563958168,3.510240078,2.562469482
15:14:09,2.564433098,3.510790825,2.562189817
15:14:09,2.564065218,3.510279894,2.561886072
15:14:09,2.564635992,3.510178328,2.561085939
15:14:09,2.564017534,3.509715557,2.560762405
15:14:09,2.563590765,3.509998798,2.560414076
15:14:09,2.562402725,3.508457661,2.560035706
15:14:09,2.563200951,3.508861542,2.560912848
15:14:09,2.564177275,3.509177923,2.560768366
15:14:09,2.563473701,3.509812117,2.561132908
15:14:09,2.563890696,3.510038614,2.560993433
15:14:09,2.563834429,3.509007692,2.561384916
15:14:09,2.563309908,3.50904274,2.560636997
15:14:09,2.563177824,3.510152578,2.561831236
15:14:09,2.563791037,3.510624409,2.561454296
15:14:09,2.563495636,3.510336161,2.561774492
15:14:09,2.564115524,3.510565281,2.561635494
15:14:09,2.563323259,3.510390997,2.562999964
15:14:09,2.563609838,3.510293007,2.560928583
15:14:09,2.563713789,3.510503054,2.562483311
15:14:09,2.563714981,3.509873629,2.56140995
15:14:09,2.5636127,3.509589672,2.562256336
15:14:09,2.563464403,3.510601282,2.561576128
15:14:10,2.563710213,3.509667873,2.561440468
15:14:10,2.563761711,3.509607315,2.561955929
15:14:10,2.564257383,3.511132002,2.561277628
15:14:10,2.564846039,3.510803223,2.562086582
15:14:10,2.564458847,3.5103302,2.562346458
15:14:10,2.563912392,3.51043129,2.561266422
15:14:10,2.563985825,3.50915122,2.562309265
15:14:10,2.563513994,3.510036707,2.560724974
15:14:10,2.563355684,3.508652687,2.561198473
15:14:10,2.563616991,3.509685516,2.561671257
15:14:10,2.563875914,3.509842873,2.561595678
15:14:10,2.564418793,3.510948658,2.561865091
15:14:10,2.564010143,3.510625124,2.561607122
15:14:10,2.563770056,3.509933472,2.561686039
15:14:10,2.564110756,3.51010251,2.561214209
15:14:10,2.564048767,3.510277987,2.561512232
15:14:10,2.56319046,3.510320425,2.560982227
15:14:10,2.56351161,3.510364294,2.562784672
15:14:10,2.563509464,3.510293007,2.561064243
15:14:10,2.562880993,3.509985685,2.561532497
15:14:10,2.563128948,3.50924468,2.561642408
15:14:10,2.564269781,3.510392189,2.562134266
15:14:10,2.564043283,3.510201693,2.561048269
15:14:10,2.563579321,3.508723974,2.559901953
15:14:10,2.563284159,3.509462357,2.561831236
15:14:10,2.564312935,3.511716127,2.562406063
15:14:10,2.56502986,3.511099577,2.561667919
15:14:10,2.56414628,3.509968042,2.56047821
15:14:10,2.56396389,3.510928392,2.561585188
15:14:10,2.563098669,3.509604692,2.560847998
15:14:10,2.563248396,3.511322021,2.560797691
15:14:10,2.56381464,3.50934124,2.561264992
15:14:10,2.563230753,3.510019064,2.560292959
15:14:10,2.563251734,3.510653019,2.560015202
15:14:10,2.563551903,3.510109663,2.559531212
15:14:10,2.563233852,3.509694099,2.561054945
15:14:10,2.562962294,3.509619236,2.560765266
15:14:10,2.563592672,3.508502483,2.559889555
15:14:10,2.563827276,3.508935213,2.561976194
15:14:10,2.563651562,3.509651661,2.561556339
15:14:10,2.56374073,3.509455919,2.56095624
15:14:10,2.562842131,3.509086609,2.560679197
15:14:10,2.564760208,3.510309219,2.561115265
15:14:10,2.563288689,3.510234833,2.56225729
15:14:10,2.56449461,3.509658337,2.561732769
15:14:10,2.563916445,3.510504961,2.562417269
15:14:10,2.56343627,3.509988308,2.561783791
15:14:10,2.563524008,3.510359526,2.560716391
15:14:10,2.564185381,3.510977507,2.562162161
15:14:10,2.56457448,3.508997202,2.561377764
15:14:10,2.562999249,3.510149002,2.560612679
15:14:10,2.562927485,3.509874821,2.560794353
15:14:10,2.563992977,3.511339426,2.562543631
15:14:10,2.563196898,3.509106159,2.561081886
15:14:10,2.563257694,3.51056242,2.56184268
15:14:10,2.562967539,3.509031057,2.562119007
15:14:10,2.564194679,3.510608196,2.561505079
15:14:10,2.56339097,3.509024382,2.561071396
15:14:10,2.564384222,3.51020813,2.561875582
15:14:10,2.564816236,3.511889458,2.561809063
15:14:10,2.564178944,3.510427475,2.562541008
15:14:10,2.563724756,3.511499166,2.562258482
15:14:10,2.564713001,3.509697914,2.561211824
15:14:10,2.564661503,3.510604858,2.562011957
15:14:10,2.56367445,3.509675741,2.561864376
15:14:10,2.563180447,3.509835005,2.562785625
15:14:10,2.56334424,3.511000156,2.561394215
15:14:10,2.563784361,3.510322332,2.560696363
15:14:10,2.56471014,3.509747505,2.561145544
15:14:10,2.564805031,3.51115346,2.56202507
15:14:10,2.565407753,3.509885311,2.561458588
15:14:10,2.56330061,3.509399176,2.562460423
15:14:10,2.563587427,3.508943796,2.561493874
15:14:10,2.564255476,3.510437965,2.561493158
15:14:10,2.563559532,3.509922981,2.560832024
15:14:10,2.563634396,3.510374546,2.562517166
15:14:10,2.563746691,3.510395527,2.562866926
15:14:10,2.563395739,3.509031773,2.561453104
15:14:10,2.56393218,3.510798693,2.560303211
15:14:10,2.562837362,3.510759354,2.5620718
15:14:10,2.564411879,3.510731459,2.561769247
15:14:10,2.564164639,3.511679649,2.561324835
15:14:10,2.563580036,3.510180235,2.562343359
15:14:10,2.563631773,3.509489298,2.561978102
15:14:10,2.563346386,3.51000452,2.561044216
15:14:10,2.564172983,3.509724617,2.560915232
15:14:10,2.563682556,3.510288477,2.56135726
15:14:10,2.564297676,3.509529829,2.561809063
15:14:10,2.563524008,3.510072231,2.5604949
15:14:10,2.563789845,3.50984621,2.561508656
15:14:10,2.562884331,3.510608196,2.561462879
15:14:10,2.564404488,3.510821581,2.562339783
15:14:10,2.564564705,3.510401964,2.561802149
15:14:10,2.563516617,3.511366129,2.561435223
15:14:10,2.564111471,3.510507584,2.561375618
15:14:10,2.563064814,3.508681297,2.560567617
15:14:10,2.563209534,3.510416269,2.560323
15:14:10,2.563929558,3.508434296,2.55947566
15:14:10,2.5639956,3.509571791,2.560745001
15:14:10,2.56368804,3.5097363,2.560197115
15:14:10,2.563258886,3.508895636,2.55970645
15:14:10,2.564152956,3.508961916,2.560559511
15:14:10,2.564578295,3.5102458,2.560914516
15:14:10,2.564320803,3.51057744,2.560837507
15:14:10,2.56388855,3.509174585,2.562697649
15:14:10,2.564730406,3.509413958,2.560710907
15:14:10,2.56380415,3.508999348,2.560908794
15:14:10,2.563663483,3.511584044,2.562587023
15:14:10,2.563678741,3.510645151,2.561513901
15:14:10,2.563875198,3.510169029,2.560668707
15:14:10,2.563490868,3.508690596,2.562216759
15:14:10,2.563628197,3.508768797,2.561289549
15:14:10,2.563049555,3.509468317,2.561589956
15:14:10,2.56336689,3.509485245,2.559398174
15:14:10,2.56352067,3.509704351,2.561476231
15:14:10,2.562959671,3.508831024,2.560975313
15:14:11,2.562807322,3.508971214,2.561242104
15:14:11,2.563786268,3.509823322,2.561339855
15:14:11,2.563226461,3.509080648,2.562137365
15:14:11,2.563938141,3.508674383,2.560867071
15:14:11,2.563997269,3.509531498,2.562016487
15:14:11,2.563109875,3.508937836,2.561337948
15:14:11,2.563282728,3.509367704,2.560161591
15:14:11,2.563160181,3.509235144,2.559716225
15:14:11,2.563813448,3.509329081,2.561108112
15:14:11,2.564106703,3.510323524,2.561279297
15:14:11,2.562294483,3.508697748,2.560303688
15:14:11,2.56303978,3.508658648,2.561989307
15:14:11,2.56371212,3.509643555,2.560787916
15:14:11,2.56325984,3.509658813,2.561875582
15:14:11,2.563019753,3.508518457,2.560629129
15:14:11,2.563132763,3.509390593,2.561591148
15:14:11,2.563570976,3.509757757,2.56129384
15:14:11,2.563015461,3.508903265,2.561613083
15:14:11,2.562325001,3.508715868,2.55943346
15:14:11,2.562381506,3.508947611,2.559704304
15:14:11,2.562086344,3.509076118,2.56184721
15:14:11,2.562752247,3.50797534,2.56157279
15:14:11,2.564051628,3.508895636,2.561591864
15:14:11,2.563910484,3.508507252,2.560477018
15:14:11,2.563308477,3.509800434,2.561184406
15:14:11,2.562863827,3.508742809,2.560467958
15:14:11,2.5631845,3.50825572,2.560459614
15:14:11,2.563490391,3.509042025,2.56154108
15:14:11,2.56482172,3.509746075,2.562025785
15:14:11,2.563602686,3.509810209,2.561691761
15:14:11,2.56413722,3.510784864,2.561231613
15:14:11,2.564127684,3.510961056,2.561915398
15:14:11,2.564166784,3.509868622,2.56177783
15:14:11,2.564882278,3.509205818,2.56204915
15:14:11,2.564801931,3.510587215,2.563171864
15:14:11,2.564744234,3.511576414,2.563329935
15:14:11,2.564198017,3.509891748,2.56103754
15:14:11,2.564894199,3.51025629,2.561674118
15:14:11,2.564310074,3.510261059,2.560595274
15:14:11,2.564203978,3.509844303,2.56274724
15:14:11,2.564132929,3.509447575,2.561345816
15:14:11,2.563376665,3.510185957,2.560777903
15:14:11,2.561869621,3.50937891,2.561269283
15:14:11,2.562517881,3.509345055,2.560696363
15:14:11,2.564223766,3.510435343,2.561556816
15:14:11,2.563783646,3.511428356,2.56068635
15:14:11,2.564318419,3.509943962,2.562776327
15:14:11,2.564177275,3.508879662,2.561015368
15:14:11,2.563499689,3.508759022,2.560972452
15:14:11,2.563672543,3.509649038,2.561707735
15:14:11,2.563531399,3.510237455,2.562108278
15:14:11,2.565373898,3.510634899,2.561299086
15:14:11,2.563971281,3.510172844,2.560870409
15:14:11,2.56334877,3.509233475,2.562072754
15:14:11,2.562708616,3.509051323,2.562226057
15:14:11,2.564770937,3.508958817,2.560694456
15:14:11,2.562838316,3.509271383,2.560851097
15:14:11,2.56307745,3.51043129,2.562498569
15:14:11,2.563629627,3.5092628,2.561681747
15:14:11,2.563547611,3.509446144,2.561099768
15:14:11,2.563380718,3.509327173,2.561467648
15:14:11,2.563503265,3.510224104,2.561500072
15:14:11,2.56384325,3.509636402,2.561351061
15:14:11,2.563570976,3.509869576,2.562664032
15:14:11,2.562804461,3.509365797,2.562209606
15:14:11,2.5646348,3.510174036,2.561782837
15:14:11,2.564653873,3.510514259,2.562667847
15:14:11,2.563988924,3.5096457,2.561951637
15:14:11,2.563518763,3.509557009,2.561310291
15:14:11,2.56319952,3.508287907,2.561853647
15:14:11,2.563243389,3.509255409,2.562175035
15:14:11,2.563009977,3.509751558,2.561146975
15:14:11,2.563688755,3.510070562,2.560383081
15:14:11,2.563528538,3.509313107,2.560871601
15:14:11,2.563101053,3.509408951,2.560633659
15:14:11,2.562790632,3.509716272,2.561349154
15:14:11,2.564311504,3.50993681,2.562375069
15:14:11,2.563056231,3.509337664,2.561134815
15:14:11,2.563475847,3.508887053,2.56076932
15:14:11,2.56359005,3.509293318,2.56092
15:14:11,2.563774824,3.5087533,2.560597897
15:14:11,2.563955545,3.50947094,2.562056303
15:14:11,2.563820124,3.510182858,2.560662746
15:14:11,2.563079834,3.50946641,2.560572863
15:14:11,2.562875032,3.509070873,2.559978247
15:14:11,2.563251019,3.510006428,2.560482264
15:14:11,2.564054012,3.509404898,2.560142279
15:14:11,2.564484119,3.509399176,2.56132865
15:14:11,2.564220428,3.509974718,2.560753345
15:14:11,2.563960791,3.508495331,2.560987949
15:14:11,2.562850952,3.509224415,2.561722994
15:14:11,2.562959671,3.508845329,2.56143856
15:14:11,2.562795401,3.509277105,2.560938597
15:14:11,2.563466311,3.50868082,2.561826706
15:14:11,2.564059258,3.509852648,2.561852694
15:14:11,2.564030647,3.51148653,2.561373711
15:14:11,2.564073801,3.509167433,2.560941935
15:14:11,2.563581705,3.509884596,2.56150794
15:14:11,2.563892126,3.50948,2.560563564
15:14:11,2.56381464,3.509221077,2.559904099
15:14:11,2.562966824,3.509871483,2.561324835
15:14:11,2.564282417,3.509814262,2.560869217
15:14:11,2.564063072,3.509168863,2.561267853
15:14:11,2.564423084,3.509570122,2.562632799
15:14:11,2.56460619,3.510823965,2.562904119
15:14:11,2.564032078,3.511218309,2.562768459
15:14:11,2.564334631,3.512176514,2.562442541
15:14:11,2.564017057,3.510589838,2.562985897
15:14:11,2.563784361,3.511054993,2.562003136
15:14:11,2.563426256,3.510144711,2.561836481
15:14:11,2.563299417,3.510250807,2.560834646
15:14:11,2.563437462,3.509948492,2.561657906
15:14:11,2.562968254,3.509198189,2.561752319
15:14:11,2.563978434,3.509106159,2.561557531
15:14:11,2.564344645,3.510119438,2.562627792
15:14:11,2.564480066,3.510985374,2.561625242
15:14:11,2.564541578,3.510655642,2.561818838
15:14:11,2.564339399,3.510143518,2.561321974
15:14:11,2.563393831,3.510493994,2.560906172
15:14:12,2.564117908,3.508862734,2.561382294
15:14:12,2.563073397,3.508761644,2.560675144
15:14:12,2.563142776,3.507644653,2.560097218
15:14:12,2.563164473,3.508939743,2.560998678
15:14:12,2.563668013,3.508888245,2.561101198
15:14:12,2.563312531,3.510187864,2.562005281
15:14:12,2.564678431,3.509622335,2.560396671
15:14:12,2.563085318,3.508658648,2.560583115
15:14:12,2.562627316,3.50856328,2.560632229
15:14:12,2.563569069,3.508730412,2.561419249
15:14:12,2.563650846,3.510235548,2.561143398
15:14:12,2.564170122,3.509459734,2.560352802
15:14:12,2.563307047,3.510711908,2.561486006
15:14:12,2.563444138,3.509224415,2.561917067
15:14:12,2.563681841,3.510455608,2.561896801
15:14:12,2.564345837,3.509538174,2.562209606
15:14:12,2.563875914,3.509673595,2.561080694
15:14:12,2.563901186,3.509472847,2.561160803
15:14:12,2.563853264,3.510679245,2.560639381
15:14:12,2.564220428,3.510964394,2.562164545
15:14:12,2.564105988,3.511012077,2.560872793
15:14:12,2.56339097,3.510478735,2.562568665
15:14:12,2.563312531,3.509753466,2.561313629
15:14:12,2.563686609,3.510065317,2.561155319
15:14:12,2.563525915,3.509917974,2.56150198
15:14:12,2.563066959,3.510596991,2.561294317
15:14:12,2.564430714,3.509776115,2.561072111
15:14:12,2.563213587,3.510510206,2.561946392
15:14:12,2.563732862,3.5101161,2.56018734
15:14:12,2.564550161,3.510017872,2.560373068
15:14:12,2.56371212,3.510869026,2.561970711
15:14:12,2.563854218,3.510632277,2.559921265
15:14:12,2.56363821,3.509754896,2.562271118
15:14:12,2.563790321,3.511505365,2.561190605
15:14:12,2.564580917,3.510709286,2.561106443
15:14:12,2.563740253,3.50888896,2.561144352
15:14:12,2.56294775,3.508504391,2.561053038
15:14:12,2.563022614,3.509333372,2.561646223
15:14:12,2.563536644,3.509913206,2.561832666
15:14:12,2.563400984,3.510374069,2.561499357
15:14:12,2.563611031,3.511070728,2.561453581
15:14:12,2.563534498,3.509610653,2.56123805
15:14:12,2.563579321,3.510110378,2.561517239
15:14:12,2.564523697,3.509390593,2.562088013
15:14:12,2.563065529,3.509138346,2.56243062
15:14:12,2.563827276,3.511286497,2.56274128
15:14:12,2.564803839,3.510374546,2.562291622
15:14:12,2.564515114,3.51115799,2.562417269
15:14:12,2.564363718,3.510605574,2.561783791
15:14:12,2.563708544,3.509788036,2.561871052
15:14:12,2.564579725,3.510111809,2.561060905
15:14:12,2.563685894,3.509170055,2.561674118
15:14:12,2.564079046,3.50996542,2.561164618
15:14:12,2.564176083,3.509121418,2.560887098
15:14:12,2.563672066,3.509259462,2.561137438
15:14:12,2.564301014,3.509648561,2.561508656
15:14:12,2.564760208,3.510730743,2.562645435
15:14:12,2.564657927,3.511279583,2.562943697
15:14:12,2.564487457,3.510446548,2.562220335
15:14:12,2.563738346,3.510206223,2.563663006
15:14:12,2.564872026,3.510918617,2.56220603
15:14:12,2.563655376,3.510814428,2.562267065
15:14:12,2.5647192,3.509456635,2.562218189
15:14:12,2.56424427,3.510311365,2.562031746
15:14:12,2.563827276,3.509782791,2.560963154
15:14:12,2.564618111,3.511219501,2.561626911
15:14:12,2.56468749,3.509668589,2.562045574
15:14:12,2.563880205,3.510524511,2.563591719
15:14:12,2.564217091,3.510741472,2.562630177
15:14:12,2.564576149,3.510133028,2.562137365
15:14:12,2.564346552,3.510806561,2.561491966
15:14:12,2.564722538,3.511784315,2.562017441
15:14:12,2.564658642,3.512037754,2.562763691
15:14:12,2.565387964,3.510915518,2.562968731
15:14:12,2.564829588,3.511309624,2.56195116
15:14:12,2.564768076,3.510872602,2.563814163
15:14:12,2.564022779,3.510642529,2.561947584
15:14:12,2.566295147,3.511935949,2.562598944
15:14:12,2.565225363,3.512054682,2.563667297
15:14:12,2.564742804,3.51218915,2.563695669
15:14:12,2.565926313,3.512528419,2.563652515
15:14:12,2.565635681,3.511346579,2.562491417
15:14:12,2.564979076,3.511996746,2.562132597
15:14:12,2.564979076,3.511327267,2.5624125
15:14:12,2.565504313,3.51149416,2.5629251
15:14:12,2.565423965,3.511550903,2.563098431
15:14:12,2.564717293,3.512500048,2.563546896
15:14:12,2.5651896,3.510700226,2.563609123
15:14:12,2.564598799,3.512149334,2.56174469
15:14:12,2.564556599,3.511186123,2.562146902
15:14:12,2.565459251,3.511203527,2.563494682
15:14:12,2.563808203,3.511512518,2.562978745
15:14:12,2.564317703,3.512042284,2.561828613
15:14:12,2.564608097,3.51167345,2.562293768
15:14:12,2.564552784,3.510867119,2.560395718
15:14:12,2.565128088,3.51177001,2.562105656
15:14:12,2.564918041,3.510648727,2.561025858
15:14:12,2.564500093,3.510993719,2.56142807
15:14:12,2.564754725,3.511654615,2.563409328
15:14:12,2.565681219,3.511368752,2.563584566
15:14:12,2.564474821,3.511072636,2.562639475
15:14:12,2.564929247,3.511268377,2.561641455
15:14:12,2.564951658,3.510959148,2.561589956
15:14:12,2.564418077,3.510212183,2.561705112
15:14:12,2.564152241,3.509827137,2.5617342
15:14:12,2.565052748,3.511107206,2.562083721
15:14:12,2.565176249,3.51197958,2.561594009
15:14:12,2.56479001,3.510371923,2.562049627
15:14:12,2.564753532,3.510850668,2.562070131
15:14:12,2.564451694,3.510658503,2.562728167
15:14:12,2.565527916,3.5111413,2.563315392
15:14:12,2.563878775,3.511335135,2.561865091
15:14:12,2.564956427,3.511287212,2.561549425
15:14:12,2.565015078,3.511187077,2.56281662
15:14:12,2.564387083,3.510838509,2.563000679
15:14:13,2.565754414,3.512304306,2.562398195
15:14:13,2.564408064,3.511392593,2.562346458
15:14:13,2.565362215,3.511734247,2.563013077
15:14:13,2.565046072,3.512642384,2.56194973
15:14:13,2.564795256,3.511168718,2.561172485
15:14:13,2.563241243,3.510326862,2.561509848
15:14:13,2.56478405,3.511035442,2.56147337
15:14:13,2.564012766,3.509780884,2.561311483
15:14:13,2.563703775,3.510228395,2.56244421
15:14:13,2.564523697,3.511781931,2.562027216
15:14:13,2.563362122,3.510390997,2.561310291
15:14:13,2.563820124,3.510030746,2.562544346
15:14:13,2.56413579,3.510645151,2.561060905
15:14:13,2.563743114,3.510951281,2.562640667
15:14:13,2.564080477,3.512126446,2.562226772
15:14:13,2.563839197,3.511346579,2.562276602
15:14:13,2.563837767,3.510299444,2.560621977
15:14:13,2.563835859,3.50959301,2.561159372
15:14:13,2.563323259,3.510134459,2.562277555
15:14:13,2.563700438,3.511101246,2.562702179
15:14:13,2.564092159,3.50933671,2.562661171
15:14:13,2.563842535,3.511023045,2.561509848
15:14:13,2.564332724,3.509914637,2.561844349
15:14:13,2.5639925,3.509324312,2.561235905
15:14:13,2.564311028,3.510720253,2.561276913
15:14:13,2.564177275,3.510417223,2.561380148
15:14:13,2.56354332,3.509081602,2.561761141
15:14:13,2.563388109,3.509889126,2.560551167
15:14:13,2.563857794,3.509299278,2.558981657
15:14:13,2.563925743,3.509688139,2.56129837
15:14:13,2.5637784,3.508853674,2.561732769
15:14:13,2.563720226,3.509771109,2.561890125
15:14:13,2.563987255,3.510463953,2.562379837
15:14:13,2.564866543,3.509004354,2.561779737
15:14:13,2.564549208,3.510329485,2.562417984
15:14:13,2.564215183,3.511617422,2.562674284
15:14:13,2.564562798,3.510530472,2.562534571
15:14:13,2.564680815,3.511301041,2.561773062
15:14:13,2.565187693,3.512226343,2.562267065
15:14:13,2.564301491,3.51080966,2.562551737
15:14:13,2.564618587,3.510050297,2.56171155
15:14:13,2.564608097,3.510990381,2.561408997
15:14:13,2.565246582,3.511377811,2.562448502
15:14:13,2.565248489,3.511999607,2.561698437
15:14:13,2.565169096,3.511549234,2.562859774
15:14:13,2.564257383,3.510144711,2.561056376
15:14:13,2.564374447,3.510461807,2.562274456
15:14:13,2.563837767,3.510920763,2.562496662
15:14:13,2.563964844,3.511429548,2.561645508
15:14:13,2.564845324,3.511949539,2.561809063
15:14:13,2.563658714,3.510045052,2.560477734
15:14:13,2.563547611,3.509883881,2.562436581
15:14:13,2.563538551,3.510447025,2.560633659
15:14:13,2.564324141,3.508411169,2.561849117
15:14:13,2.563761711,3.509671926,2.561875582
15:14:13,2.564447641,3.509340286,2.562897921
15:14:13,2.564775944,3.510642052,2.561943293
