Time,X,Y,Z
15:09:52,2.561933279,3.507415056,2.559389114
15:09:52,2.562249422,3.507496119,2.559239626
15:09:52,2.562193871,3.508152962,2.559665442
15:09:52,2.562784672,3.508123636,2.560238123
15:09:52,2.562480927,3.507750273,2.559069633
15:09:52,2.562243462,3.507453442,2.55892086
15:09:53,2.56192112,3.506577253,2.558416843
15:09:53,2.561972618,3.507297993,2.559524059
15:09:53,2.56253767,3.5078125,2.559458256
15:09:53,2.562035561,3.507338762,2.559749603
15:09:53,2.561676502,3.507842302,2.560186148
15:09:53,2.562813759,3.508285522,2.559375763
15:09:53,2.561866999,3.506968737,2.559484243
15:09:53,2.5620718,3.506270647,2.560168266
15:09:53,2.561787844,3.507502317,2.559703588
15:09:53,2.561874151,3.507313967,2.560936451
15:09:53,2.562287807,3.508901834,2.559399128
15:09:53,2.561595201,3.507478476,2.558832169
15:09:53,2.561869144,3.506979227,2.559519768
15:09:53,2.560742617,3.507574797,2.560835838
15:09:53,2.561727285,3.507716179,2.560304165
15:09:53,2.562185287,3.508287191,2.560521126
15:09:53,2.56235528,3.509389877,2.558940411
15:09:53,2.562446356,3.507409811,2.560084105
15:09:53,2.561448336,3.508987427,2.560174704
15:09:53,2.562098265,3.507269382,2.560802221
15:09:53,2.563067436,3.508584738,2.560178041
15:09:53,2.561938286,3.508413315,2.560463667
15:09:53,2.562277079,3.508393526,2.559623003
15:09:53,2.562449217,3.507790804,2.559213638
15:09:53,2.562727928,3.508202076,2.559990168
15:09:53,2.561789513,3.508269072,2.55953598
15:09:53,2.562682867,3.507583857,2.559683323
15:09:53,2.561290264,3.507633686,2.558969975
15:09:53,2.56340766,3.509327173,2.560073376
15:09:53,2.563068151,3.509449244,2.560930014
15:09:53,2.563021183,3.509346962,2.560244799
15:09:53,2.562725306,3.508515835,2.559174061
15:09:53,2.562281132,3.508292675,2.559406281
15:09:53,2.562226295,3.507530451,2.55984664
15:09:53,2.561823845,3.507231712,2.558206558
15:09:53,2.562683582,3.507661819,2.559256077
15:09:53,2.562414646,3.507655621,2.56005168
15:09:53,2.562083721,3.50736022,2.559962749
15:09:53,2.561774492,3.508274555,2.560292482
15:09:53,2.561850548,3.507082462,2.560499907
15:09:53,2.563111544,3.506646395,2.560634375
15:09:53,2.561796904,3.50666213,2.559390306
15:09:53,2.561424255,3.506789207,2.559241533
15:09:53,2.561931849,3.506990433,2.560041666
15:09:53,2.562622786,3.507256031,2.561167955
15:09:53,2.561855555,3.507456779,2.560401678
15:09:53,2.56213522,3.508757114,2.560860395
15:09:53,2.56155777,3.508712769,2.559839964
15:09:53,2.5616467,3.507712603,2.559740782
15:09:53,2.561365604,3.506661654,2.559627771
15:09:53,2.561201572,3.506841421,2.559353828
15:09:53,2.562260151,3.506639242,2.561226845
15:09:53,2.561486483,3.50793767,2.56040287
15:09:53,2.561323404,3.506881714,2.559461832
15:09:53,2.561994553,3.505467415,2.559448004
15:09:53,2.560702801,3.506328821,2.559840441
15:09:53,2.561738014,3.507777691,2.560004473
15:09:53,2.560825109,3.506792545,2.558193207
15:09:53,2.562087536,3.508053064,2.55903244
15:09:53,2.562249422,3.506443501,2.559521914
15:09:53,2.561117649,3.505401134,2.558535814
15:09:53,2.561007261,3.506257534,2.560148001
15:09:53,2.561549187,3.50781703,2.560399294
15:09:53,2.561969995,3.506560326,2.55985117
15:09:53,2.562528133,3.508444548,2.559219599
15:09:53,2.562122583,3.508523464,2.5603652
15:09:53,2.561273575,3.506609917,2.559438467
15:09:53,2.561563492,3.50663352,2.559566975
15:09:53,2.563111544,3.507755041,2.559174061
15:09:53,2.561693907,3.50725174,2.560285807
15:09:53,2.561926365,3.507076263,2.560018539
15:09:53,2.561549187,3.507166862,2.559458971
15:09:53,2.561430931,3.507144451,2.560624361
15:09:53,2.560938835,3.505420685,2.559924603
15:09:53,2.561258554,3.50654459,2.559104681
15:09:53,2.560894966,3.508033514,2.558974504
15:09:53,2.562284708,3.506750822,2.560527802
15:09:53,2.562687635,3.508010864,2.561487913
15:09:53,2.562107325,3.5070014,2.560551167
15:09:53,2.561827421,3.507992983,2.559726954
15:09:53,2.562950373,3.507792234,2.559685707
15:09:53,2.562822104,3.506752968,2.558662176
15:09:53,2.561671972,3.506438494,2.56003046
15:09:53,2.562097549,3.506472111,2.560955048
15:09:53,2.562116146,3.507418394,2.558837891
15:09:53,2.562474728,3.508349895,2.560093403
15:09:53,2.562808514,3.507079124,2.560075045
15:09:53,2.562643528,3.507748365,2.560071468
15:09:53,2.562192678,3.507941484,2.560034037
15:09:53,2.5618155,3.507450342,2.560884237
15:09:53,2.562386274,3.507308483,2.560772419
15:09:53,2.562219143,3.509059191,2.559124947
15:09:53,2.561018467,3.507891178,2.559073448
15:09:53,2.561322689,3.507673502,2.560014486
15:09:53,2.561589479,3.507523298,2.560156822
15:09:53,2.563153982,3.507283211,2.560181141
15:09:53,2.561944962,3.508346796,2.560548544
15:09:53,2.562020302,3.508435488,2.559583426
15:09:53,2.562859297,3.508556843,2.559705019
15:09:53,2.561868191,3.507801294,2.560297012
15:09:53,2.562624216,3.508296728,2.56023407
15:09:53,2.561745405,3.507059574,2.559187889
15:09:53,2.562100649,3.507212877,2.559150219
15:09:53,2.560676813,3.506439686,2.560171843
15:09:53,2.56202364,3.507072687,2.560978174
15:09:53,2.561732292,3.50790453,2.559813023
15:09:53,2.561454058,3.507445097,2.558643103
15:09:53,2.562137842,3.508671522,2.560255289
15:09:53,2.561941624,3.507520199,2.559801579
15:09:53,2.561418295,3.507991076,2.560146809
15:09:53,2.561837912,3.507480383,2.559859037
15:09:53,2.562670946,3.507037163,2.559620619
15:09:53,2.56309247,3.507725716,2.561433315
15:09:53,2.56272316,3.509180546,2.560890198
15:09:53,2.563325882,3.508704901,2.562193871
15:09:53,2.562821627,3.507024288,2.560599327
15:09:53,2.562429428,3.507593632,2.560556173
15:09:53,2.562490702,3.508059025,2.560325861
15:09:53,2.562222004,3.50841403,2.559934616
15:09:54,2.563378096,3.50865674,2.561548948
15:09:54,2.562821627,3.507338762,2.55964756
15:09:54,2.562490702,3.507272959,2.56068635
15:09:54,2.562127352,3.508988857,2.560339451
15:09:54,2.562375784,3.507158518,2.559509993
15:09:54,2.561852217,3.508967876,2.560206413
15:09:54,2.562738657,3.50811553,2.560211658
15:09:54,2.562099934,3.5077672,2.560765982
15:09:54,2.562874317,3.507697344,2.559838057
15:09:54,2.562450886,3.507506371,2.56020236
15:09:54,2.563327551,3.508023024,2.560179949
15:09:54,2.562427282,3.509119987,2.560157537
15:09:54,2.563362122,3.509210587,2.561012506
15:09:54,2.562926769,3.509331942,2.561071396
15:09:54,2.562675238,3.50915122,2.561477661
15:09:54,2.562898874,3.508832932,2.560122967
15:09:54,2.563033819,3.508248091,2.560883522
15:09:54,2.563276768,3.50875783,2.560501337
15:09:54,2.562443018,3.507844925,2.560629129
15:09:54,2.563226461,3.507727623,2.561165333
15:09:54,2.563368797,3.508323908,2.560878277
15:09:54,2.563549757,3.508110523,2.560489416
15:09:54,2.562318802,3.508401394,2.56044054
15:09:54,2.5621562,3.508350611,2.55950737
15:09:54,2.562421799,3.506596327,2.559307814
15:09:54,2.561462641,3.506256342,2.558103323
15:09:54,2.562320709,3.507249117,2.55984664
15:09:54,2.562508583,3.506575823,2.559511423
15:09:54,2.56278038,3.508485079,2.560870409
15:09:54,2.562711716,3.507644653,2.560117006
15:09:54,2.562761307,3.508504391,2.559862375
15:09:54,2.562774658,3.50925231,2.56167841
15:09:54,2.56318903,3.509618282,2.561429739
15:09:54,2.563508749,3.509745359,2.558918476
15:09:54,2.562429905,3.507921219,2.560086012
15:09:54,2.561561108,3.507737875,2.560412884
15:09:54,2.562462807,3.507561445,2.559813023
15:09:54,2.562176704,3.507946014,2.560324669
15:09:54,2.561240673,3.506717443,2.559107304
15:09:54,2.562760115,3.507348061,2.560734987
15:09:54,2.562903643,3.507534504,2.562057495
15:09:54,2.562107325,3.507993698,2.561129093
15:09:54,2.563194275,3.508260012,2.559468269
15:09:54,2.562222481,3.507033825,2.560474396
15:09:54,2.562182665,3.507432699,2.56071043
15:09:54,2.562572002,3.508294106,2.558874369
15:09:54,2.562628031,3.508622885,2.56068778
15:09:54,2.561648369,3.50808692,2.560091972
15:09:54,2.561866283,3.506966829,2.559553146
15:09:54,2.561797619,3.506817341,2.560646296
15:09:54,2.562279224,3.507561445,2.559862375
15:09:54,2.562124491,3.507192612,2.55902648
15:09:54,2.561977148,3.506800413,2.558804512
15:09:54,2.561491013,3.506363392,2.55892396
15:09:54,2.561772346,3.506705046,2.559361219
15:09:54,2.561820507,3.507251263,2.559514523
15:09:54,2.561597347,3.506911993,2.560075045
15:09:54,2.560893059,3.506668568,2.560163498
15:09:54,2.562195063,3.508151054,2.561244726
15:09:54,2.562245369,3.509057999,2.56119132
15:09:54,2.562624216,3.507154226,2.559719086
15:09:54,2.562236309,3.508088589,2.5597229
15:09:54,2.562495947,3.507624149,2.560767174
15:09:54,2.561276674,3.507569075,2.55826807
15:09:54,2.561828613,3.507377386,2.560348511
15:09:54,2.561871052,3.507895231,2.559528112
15:09:54,2.560921669,3.506122112,2.559031963
15:09:54,2.560957909,3.507208824,2.559945822
15:09:54,2.560743809,3.506450891,2.558525324
15:09:54,2.561346292,3.506425858,2.55888176
15:09:54,2.561546326,3.507834673,2.560032606
15:09:54,2.561778784,3.507197618,2.559289932
15:09:54,2.560293674,3.505615473,2.559144258
15:09:54,2.560902834,3.506355524,2.560475588
15:09:54,2.561288834,3.50744915,2.559521914
15:09:54,2.561560631,3.507456779,2.55960989
15:09:54,2.561499119,3.507243395,2.559454679
15:09:54,2.561241388,3.506095648,2.558356047
15:09:54,2.560704947,3.506134272,2.558461189
15:09:54,2.560601711,3.506263494,2.558704615
15:09:54,2.560674906,3.506342888,2.559442043
15:09:54,2.56072998,3.506523132,2.559607983
15:09:54,2.561178684,3.505856276,2.558250904
15:09:54,2.561296701,3.506162405,2.559459925
15:09:54,2.560443878,3.505452156,2.559326172
15:09:54,2.561812878,3.506514549,2.55809617
15:09:54,2.560956478,3.5062778,2.55916357
15:09:54,2.560956001,3.506610632,2.559328794
15:09:54,2.561935425,3.506915808,2.559212446
15:09:54,2.561956882,3.507338285,2.560144424
15:09:54,2.561449289,3.506298304,2.558869123
15:09:54,2.561586857,3.506768942,2.559209108
15:09:54,2.562287092,3.507476568,2.559085369
15:09:54,2.560611725,3.506374359,2.561113834
15:09:54,2.561926365,3.506935358,2.559457064
15:09:54,2.561647415,3.507550001,2.559777021
15:09:54,2.562108278,3.506281137,2.559460402
15:09:54,2.561858416,3.507648468,2.559987307
15:09:54,2.561564207,3.508459806,2.559084654
15:09:54,2.562474251,3.507791281,2.560249567
15:09:54,2.562706232,3.508246899,2.560534239
15:09:54,2.561918259,3.507747173,2.559761524
15:09:54,2.56162405,3.508126974,2.559693813
15:09:54,2.562276363,3.507567644,2.558540583
15:09:54,2.561959505,3.507709265,2.55950737
15:09:54,2.561857224,3.507084608,2.560117722
15:09:54,2.56162405,3.50842309,2.55909276
15:09:54,2.561653614,3.507103205,2.559391022
15:09:54,2.56298089,3.507907152,2.560973167
15:09:54,2.561312675,3.506678581,2.560284376
15:09:54,2.56133461,3.507634878,2.560200453
15:09:54,2.561541557,3.508575678,2.559859037
15:09:54,2.561992407,3.507613897,2.559723616
15:09:54,2.561557055,3.508222818,2.560623646
15:09:54,2.562106133,3.507462502,2.559967756
15:09:55,2.561913729,3.507158518,2.559663534
15:09:55,2.561649084,3.50878191,2.559458256
15:09:55,2.561794996,3.508029699,2.560376406
15:09:55,2.561794996,3.508472681,2.560169935
15:09:55,2.561124802,3.506076097,2.559590101
15:09:55,2.561333895,3.505400419,2.558732748
15:09:55,2.561276674,3.506562471,2.55874896
15:09:55,2.561521769,3.507184744,2.559058189
15:09:55,2.561770439,3.507425547,2.560080051
15:09:55,2.56203723,3.506653786,2.558787823
15:09:55,2.562061071,3.5070436,2.558970928
15:09:55,2.562589169,3.506349087,2.559490919
15:09:55,2.561124325,3.505987406,2.55991888
15:09:55,2.561756134,3.506778717,2.559826851
15:09:55,2.560355663,3.506031275,2.558430195
15:09:55,2.560861111,3.506467819,2.558147669
15:09:55,2.561163187,3.505551577,2.558131695
15:09:55,2.560632706,3.505539417,2.559087515
15:09:55,2.561602592,3.505943537,2.559131861
15:09:55,2.56170702,3.506941319,2.561300993
15:09:55,2.561137438,3.506333113,2.559578896
15:09:55,2.56084013,3.507796049,2.55947566
15:09:55,2.561292887,3.506336689,2.558484793
15:09:55,2.561411142,3.507070065,2.55943346
15:09:55,2.561307192,3.508016109,2.559224367
15:09:55,2.56163764,3.507116318,2.558646441
15:09:55,2.560911417,3.507518053,2.560337305
15:09:55,2.560763597,3.509001017,2.559798479
15:09:55,2.561064959,3.506999493,2.559227228
15:09:55,2.56120038,3.506379604,2.559353828
15:09:55,2.560875177,3.506424427,2.559370518
15:09:55,2.560888529,3.507048368,2.55926609
15:09:55,2.561565638,3.507575512,2.560499668
15:09:55,2.561284065,3.507941484,2.559416056
15:09:55,2.561888218,3.506765842,2.559125662
15:09:55,2.561341763,3.507545471,2.559012651
15:09:55,2.560671806,3.506975412,2.558722973
15:09:55,2.560832262,3.507640839,2.560076714
15:09:55,2.56134367,3.507081032,2.559576035
15:09:55,2.561432838,3.507073641,2.559132338
15:09:55,2.561208963,3.506457329,2.560433865
15:09:55,2.562956333,3.507674217,2.561668634
15:09:55,2.561993837,3.507421017,2.560986757
15:09:55,2.561545849,3.507164001,2.559719086
15:09:55,2.562222958,3.507017136,2.559730053
15:09:55,2.561943531,3.507447004,2.560148954
15:09:55,2.562088251,3.507990599,2.560146332
15:09:55,2.561607838,3.508145809,2.559437275
15:09:55,2.561216116,3.507164717,2.559920073
15:09:55,2.562534809,3.508121014,2.56033349
15:09:55,2.561955214,3.508636475,2.55913043
15:09:55,2.561995745,3.507586479,2.560166836
15:09:55,2.561486483,3.506533384,2.560046196
15:09:55,2.561411619,3.507479668,2.559664011
15:09:55,2.561570406,3.507554531,2.558602095
15:09:55,2.561533213,3.508129597,2.559823036
15:09:55,2.562146425,3.508653402,2.5596838
15:09:55,2.562202215,3.50868082,2.560183764
15:09:55,2.562821627,3.508265257,2.560765982
15:09:55,2.562839508,3.508487701,2.560529947
15:09:55,2.562709808,3.50819993,2.560458899
15:09:55,2.56308794,3.508802891,2.560490608
15:09:55,2.562275171,3.50843811,2.55992341
15:09:55,2.562555313,3.507008553,2.559943199
15:09:55,2.56214118,3.507693052,2.560377121
15:09:55,2.561602116,3.50628686,2.560128212
15:09:55,2.561806917,3.507437944,2.561462879
15:09:55,2.562427759,3.506673336,2.560219765
15:09:55,2.562277079,3.507096767,2.560061455
15:09:55,2.562173367,3.507570982,2.561079979
15:09:55,2.56295681,3.507632256,2.560872793
15:09:55,2.561751842,3.507249117,2.560519457
15:09:55,2.56246829,3.508126259,2.560381651
15:09:55,2.561553478,3.507602453,2.559732914
15:09:55,2.561724424,3.508431435,2.560944319
15:09:55,2.56221199,3.508822441,2.561313629
15:09:55,2.561688423,3.508734941,2.560748577
15:09:55,2.562486649,3.508783102,2.559861183
15:09:55,2.561921835,3.50755167,2.561036587
15:09:55,2.562709808,3.507758856,2.56071806
15:09:55,2.561866999,3.508066177,2.560150862
15:09:55,2.561661005,3.508466721,2.560227633
15:09:55,2.561636448,3.507919312,2.560175419
15:09:55,2.561994553,3.507823467,2.55916357
15:09:55,2.561751842,3.507624149,2.560101986
15:09:55,2.561567783,3.508287191,2.560911655
15:09:55,2.562224388,3.508811235,2.560475588
15:09:55,2.562273979,3.507762671,2.560037851
15:09:55,2.561310768,3.507208824,2.559523344
15:09:55,2.561752558,3.506433725,2.560513973
15:09:55,2.561402321,3.507858276,2.560154915
15:09:55,2.561510801,3.507415771,2.559526443
15:09:55,2.561315775,3.508373499,2.560393572
15:09:55,2.561656713,3.507969856,2.559623003
15:09:55,2.562696218,3.508274555,2.560040474
15:09:55,2.563137531,3.508633137,2.559963465
15:09:55,2.562490702,3.508406162,2.560982704
15:09:55,2.562776804,3.508711576,2.560029745
15:09:55,2.561502695,3.506519794,2.559894323
15:09:55,2.562004328,3.508841276,2.560334682
15:09:55,2.562886953,3.507868052,2.560421944
15:09:55,2.562054634,3.507950544,2.560395002
15:09:55,2.562041998,3.507203102,2.559489965
15:09:55,2.561555862,3.506886005,2.55978179
15:09:55,2.561836481,3.507364035,2.559305668
15:09:55,2.562355995,3.506309032,2.559451103
15:09:55,2.561470985,3.50755167,2.561177254
15:09:55,2.560834885,3.507837772,2.55995369
15:09:55,2.562796593,3.5079844,2.5594697
15:09:55,2.562949657,3.508355141,2.560562134
15:09:55,2.562467575,3.507980824,2.56112361
15:09:55,2.562105417,3.507022858,2.558719873
15:09:55,2.56147933,3.507907152,2.559886932
15:09:55,2.561547995,3.506971836,2.558920145
15:09:55,2.561472654,3.505466223,2.558475494
15:09:55,2.56108284,3.506620884,2.558939219
15:09:55,2.562012911,3.508156776,2.560780287
15:09:55,2.562293291,3.509432316,2.559799671
15:09:55,2.561976671,3.507674217,2.559703588
15:09:56,2.561798334,3.506970167,2.559720993
15:09:56,2.561531782,3.507554531,2.559818268
15:09:56,2.563249111,3.509260893,2.561512232
15:09:56,2.564038038,3.509478807,2.561476231
15:09:56,2.562635422,3.510052681,2.562255859
15:09:56,2.564015627,3.509981155,2.561657906
15:09:56,2.56400919,3.510173321,2.561475515
15:09:56,2.562834263,3.508701801,2.561979294
15:09:56,2.563685894,3.509217739,2.560499907
15:09:56,2.563112974,3.508319139,2.560890198
15:09:56,2.563047171,3.508101463,2.560264349
15:09:56,2.563276052,3.509115219,2.561522961
15:09:56,2.562726021,3.510861158,2.562030315
15:09:56,2.563402891,3.508533239,2.561035156
15:09:56,2.563676119,3.507490158,2.560119867
15:09:56,2.56152463,3.506801128,2.559345245
15:09:56,2.562449932,3.508383274,2.559710979
15:09:56,2.561542511,3.506679058,2.559836149
15:09:56,2.562264442,3.506980658,2.559719086
15:09:56,2.561031103,3.508151054,2.560582161
15:09:56,2.561472654,3.508489847,2.560603857
15:09:56,2.562580585,3.50831604,2.559762716
15:09:56,2.562176704,3.5078125,2.560810089
15:09:56,2.562122583,3.507436514,2.559607983
15:09:56,2.561256409,3.507033348,2.559347391
15:09:56,2.56166482,3.506738424,2.559811592
15:09:56,2.561323881,3.507460833,2.560510397
15:09:56,2.562040091,3.506915331,2.559519053
15:09:56,2.561874628,3.506646872,2.559574842
15:09:56,2.563196182,3.508028269,2.560142994
15:09:56,2.562467098,3.507482767,2.560357809
15:09:56,2.561600685,3.507319689,2.559669495
15:09:56,2.562774658,3.508273602,2.561191797
15:09:56,2.562319517,3.509067059,2.559876442
15:09:56,2.561923265,3.508411169,2.560477018
15:09:56,2.562552929,3.508252859,2.559910774
15:09:56,2.562380314,3.507994175,2.559656143
15:09:56,2.561156034,3.507323027,2.559096575
15:09:56,2.561221361,3.506511688,2.56017065
15:09:56,2.561015129,3.507154226,2.560669899
15:09:56,2.560978174,3.507450819,2.560524464
15:09:56,2.561599493,3.507332802,2.559689283
15:09:56,2.562008381,3.507691145,2.560109138
15:09:56,2.562934875,3.508728266,2.560045719
15:09:56,2.562848091,3.50833869,2.55944705
15:09:56,2.560711384,3.50676465,2.559067726
15:09:56,2.561865568,3.506478786,2.559014082
15:09:56,2.561280966,3.507379293,2.559832096
15:09:56,2.561920643,3.506240606,2.559773445
15:09:56,2.56090641,3.507547379,2.559761524
15:09:56,2.562229633,3.507474184,2.559625626
15:09:56,2.560779333,3.507136345,2.558910847
15:09:56,2.561546326,3.506108046,2.559186697
15:09:56,2.56160593,3.506448746,2.560127497
15:09:56,2.562506437,3.506714821,2.559389114
15:09:56,2.560922623,3.508211136,2.559969664
15:09:56,2.562432528,3.507041454,2.559488773
15:09:56,2.562124014,3.507664919,2.560014486
15:09:56,2.562924147,3.508167267,2.559756756
15:09:56,2.56254673,3.507905006,2.561228037
15:09:56,2.561363459,3.506858587,2.560193777
15:09:56,2.56232667,3.507399321,2.560125828
15:09:56,2.562005758,3.507922649,2.560301542
15:09:56,2.562089682,3.507785082,2.560614347
15:09:56,2.562553167,3.507759571,2.55995059
15:09:56,2.562310457,3.508605003,2.55964756
15:09:56,2.562117338,3.507965565,2.560895443
15:09:56,2.562126875,3.508100748,2.560809612
15:09:56,2.561321974,3.507653952,2.559578896
15:09:56,2.56158042,3.507610798,2.559723616
15:09:56,2.561025858,3.506690264,2.561375618
15:09:56,2.56190443,3.507373095,2.560843229
15:09:56,2.56216836,3.5085392,2.560131788
15:09:56,2.562126875,3.507334709,2.560379744
15:09:56,2.561567783,3.507702827,2.559490919
15:09:56,2.561463118,3.507860661,2.558699369
15:09:56,2.562048435,3.506598711,2.55965209
15:09:56,2.560759544,3.506750107,2.559504747
15:09:56,2.561651468,3.506908178,2.5592103
15:09:56,2.560965061,3.507272959,2.559267282
15:09:56,2.561843872,3.507048845,2.559476137
15:09:56,2.560391665,3.507078409,2.56030488
15:09:56,2.561242104,3.506317854,2.559713125
15:09:56,2.561802864,3.506839514,2.559961796
15:09:56,2.561774492,3.507477045,2.560599327
15:09:56,2.561189175,3.507716179,2.560599327
15:09:56,2.562322855,3.509401798,2.5603652
15:09:56,2.562404156,3.508165359,2.559944391
15:09:56,2.562155008,3.507203102,2.559979677
15:09:56,2.561472654,3.506318331,2.559881687
15:09:56,2.56195426,3.507552147,2.560267925
15:09:56,2.562714577,3.508910894,2.55897975
15:09:56,2.561765194,3.506841421,2.559014082
15:09:56,2.561248541,3.506902218,2.55954504
15:09:56,2.56166935,3.507128477,2.560041666
15:09:56,2.560585976,3.506002665,2.558784008
15:09:56,2.561667442,3.507703543,2.559731007
15:09:56,2.561159849,3.507906437,2.559367895
15:09:56,2.560772181,3.50762701,2.559720278
15:09:56,2.560817003,3.507168293,2.558503628
15:09:56,2.560796022,3.506415367,2.558021069
15:09:56,2.560883045,3.506581783,2.55977416
15:09:56,2.561664104,3.506055832,2.558552504
15:09:56,2.561154127,3.506598711,2.558465719
15:09:56,2.562193155,3.50592041,2.55866003
15:09:56,2.562236309,3.506574392,2.560190916
15:09:56,2.561905146,3.507203579,2.56075263
15:09:56,2.561677933,3.505772114,2.559621811
15:09:56,2.560878515,3.506846905,2.559636831
15:09:56,2.562336206,3.506523132,2.559563398
15:09:56,2.561323404,3.506299973,2.559298992
15:09:56,2.561882734,3.506292105,2.558361292
15:09:56,2.562051296,3.507462025,2.560361147
15:09:56,2.561869144,3.50756979,2.55933404
15:09:56,2.562114239,3.50739193,2.558876991
15:09:56,2.562297106,3.50687623,2.55940485
15:09:57,2.560774326,3.506722689,2.560637474
15:09:57,2.561064959,3.506012917,2.559172153
15:09:57,2.562169552,3.506691456,2.560424566
15:09:57,2.561514616,3.507062197,2.559501886
15:09:57,2.561607361,3.507707119,2.559972763
15:09:57,2.562343359,3.507971525,2.560795784
15:09:57,2.562147141,3.506698608,2.558889151
15:09:57,2.561866283,3.507143021,2.559707165
15:09:57,2.561012745,3.50560832,2.560014486
15:09:57,2.561912775,3.507029295,2.560017824
15:09:57,2.561944246,3.50783968,2.559879541
15:09:57,2.561130047,3.506688833,2.559517384
15:09:57,2.561025858,3.506834269,2.559431314
15:09:57,2.561946154,3.506786823,2.560525894
15:09:57,2.561143398,3.507052422,2.560754776
15:09:57,2.561269522,3.506757975,2.560148001
15:09:57,2.561853647,3.507283211,2.559279919
15:09:57,2.560966253,3.505989313,2.55880332
15:09:57,2.561313868,3.506040335,2.558322906
15:09:57,2.561200619,3.506881714,2.558543682
15:09:57,2.561465979,3.507256985,2.55877161
15:09:57,2.561063051,3.505689144,2.558662891
15:09:57,2.560992718,3.50594306,2.558799028
15:09:57,2.561594009,3.505804777,2.560148001
15:09:57,2.559985161,3.505796909,2.559141636
15:09:57,2.561174393,3.507396221,2.559714317
15:09:57,2.561420202,3.506615162,2.558962584
15:09:57,2.561743498,3.507205009,2.559369802
15:09:57,2.561036825,3.506355524,2.558273315
15:09:57,2.560606241,3.506280422,2.559123278
15:09:57,2.560260296,3.505607605,2.558033228
15:09:57,2.561573505,3.507163286,2.558816195
15:09:57,2.560858011,3.506900072,2.558153629
15:09:57,2.561010599,3.506956339,2.558500051
15:09:57,2.561598063,3.508744717,2.559408903
15:09:57,2.561705351,3.506237984,2.558934689
15:09:57,2.561330557,3.506712914,2.559813499
15:09:57,2.561188459,3.507383823,2.558827639
15:09:57,2.561846495,3.506874323,2.559570074
15:09:57,2.561505556,3.506225109,2.558643818
15:09:57,2.561640978,3.506664753,2.558899403
15:09:57,2.559841633,3.504472017,2.556699753
15:09:57,2.561169147,3.505093098,2.559140444
15:09:57,2.560507298,3.505367041,2.558587551
15:09:57,2.561094761,3.50722909,2.558411121
15:09:57,2.561586857,3.505888939,2.558761597
15:09:57,2.561717272,3.506953001,2.559217215
15:09:57,2.561045885,3.506485939,2.558395624
15:09:57,2.561502695,3.508008242,2.559700012
15:09:57,2.560056686,3.506100893,2.559448004
15:09:57,2.560748339,3.505562782,2.558674812
15:09:57,2.56161499,3.506309748,2.558090925
15:09:57,2.56170249,3.506613016,2.55953598
15:09:57,2.56192112,3.508282661,2.559476137
15:09:57,2.561654091,3.507394791,2.560639381
15:09:57,2.561391354,3.507368803,2.560014009
15:09:57,2.562412739,3.509138346,2.560804129
15:09:57,2.561835051,3.507996559,2.560423374
15:09:57,2.561982155,3.508434772,2.560292482
15:09:57,2.561183214,3.507783175,2.558950424
15:09:57,2.561634302,3.50861311,2.560084105
15:09:57,2.561516285,3.508445978,2.559713125
15:09:57,2.562254667,3.508008718,2.559556961
15:09:57,2.561824799,3.507999659,2.559309721
15:09:57,2.561861038,3.506955624,2.56000948
15:09:57,2.561979771,3.507550955,2.560549736
15:09:57,2.562488079,3.50843215,2.559570789
15:09:57,2.561843872,3.507825375,2.559959173
15:09:57,2.563187122,3.508808613,2.561513186
15:09:57,2.562822104,3.509522915,2.561279774
15:09:57,2.562957764,3.508146524,2.560166121
15:09:57,2.561960697,3.509217024,2.560232639
15:09:57,2.562529802,3.508151054,2.559785128
15:09:57,2.56221056,3.507293701,2.558962584
15:09:57,2.561917782,3.507249832,2.559666157
15:09:57,2.562051296,3.507443666,2.560556889
15:09:57,2.562387705,3.506871462,2.56079936
15:09:57,2.562618971,3.507897377,2.558966398
15:09:57,2.562484026,3.508245707,2.560221434
15:09:57,2.56196475,3.508023739,2.56067729
15:09:57,2.562040806,3.507713795,2.560855865
15:09:57,2.56267643,3.507037163,2.560037851
15:09:57,2.562637329,3.507700205,2.559899569
15:09:57,2.562859297,3.507050991,2.559619904
15:09:57,2.561511517,3.506898403,2.560038567
15:09:57,2.561872005,3.506664038,2.559217691
15:09:57,2.562189579,3.50819087,2.560458899
15:09:57,2.562287092,3.507634401,2.560649395
15:09:57,2.562097073,3.507320404,2.559802294
15:09:57,2.561905146,3.507927179,2.560751438
15:09:57,2.561902761,3.507521868,2.559604645
15:09:57,2.561763287,3.508475304,2.560364008
15:09:57,2.561986446,3.507802725,2.560565948
15:09:57,2.562026739,3.509117842,2.559847593
15:09:57,2.562969446,3.50797081,2.559498787
15:09:57,2.563346863,3.507953882,2.56153965
15:09:57,2.563500881,3.509629011,2.560551405
15:09:57,2.56325531,3.508370161,2.561131477
15:09:57,2.563430309,3.509235859,2.560531616
15:09:57,2.562036753,3.507953167,2.558986187
15:09:57,2.562258005,3.507500648,2.559896946
15:09:57,2.562503099,3.507592678,2.560048819
15:09:57,2.561983347,3.50794673,2.560732841
15:09:57,2.561848402,3.507562637,2.560069561
15:09:57,2.562632084,3.506583929,2.560297728
15:09:57,2.562193155,3.508630514,2.559732914
15:09:57,2.562628508,3.508119106,2.559776068
15:09:57,2.562049866,3.507341146,2.559556246
15:09:57,2.560890913,3.506543875,2.560614347
15:09:57,2.562492609,3.507619381,2.559966326
15:09:57,2.561829329,3.507837057,2.560038567
15:09:57,2.562442541,3.507377386,2.560114622
15:09:57,2.561091185,3.507403374,2.559889078
15:09:57,2.561423779,3.507196903,2.560144901
15:09:57,2.561754465,3.507595062,2.558565617
15:09:58,2.562333345,3.507235765,2.559725523
15:09:58,2.561002254,3.507441044,2.559318066
15:09:58,2.562268734,3.507167578,2.558936596
15:09:58,2.56115675,3.507914782,2.560061455
15:09:58,2.563097239,3.508934736,2.560519934
15:09:58,2.56137991,3.507261515,2.559175491
15:09:58,2.562153578,3.507590532,2.559900045
15:09:58,2.562433004,3.508584261,2.561382294
15:09:58,2.563051462,3.507929802,2.5598948
15:09:58,2.561533213,3.507195234,2.560574055
15:09:58,2.563931704,3.50838542,2.559547186
15:09:58,2.561498404,3.507890463,2.559604645
15:09:58,2.561023951,3.507969141,2.560058832
15:09:58,2.561420918,3.507102489,2.558223009
15:09:58,2.56192112,3.506905556,2.559914827
15:09:58,2.561350822,3.506984234,2.560231447
15:09:58,2.560723305,3.507535696,2.56054759
15:09:58,2.56239152,3.506745815,2.560409307
15:09:58,2.561617136,3.507182121,2.56025672
15:09:58,2.562644005,3.507851362,2.560558319
15:09:58,2.562887669,3.508474588,2.558848619
15:09:58,2.561825991,3.507698059,2.559893608
15:09:58,2.562806606,3.508260012,2.558859825
15:09:58,2.562519073,3.507843018,2.559553146
15:09:58,2.563512325,3.507944107,2.559794426
15:09:58,2.562408209,3.507404089,2.559295893
15:09:58,2.562547922,3.507285357,2.560859203
15:09:58,2.562443018,3.50702095,2.559538841
15:09:58,2.562430382,3.507377863,2.559673786
15:09:58,2.561903238,3.507711887,2.56085062
15:09:58,2.56175971,3.507786989,2.559580088
15:09:58,2.562106848,3.506733894,2.559564114
15:09:58,2.562086344,3.506876945,2.558970928
15:09:58,2.561216116,3.507371902,2.559634924
15:09:58,2.561835766,3.507281065,2.559351444
15:09:58,2.561508894,3.506810188,2.558609247
15:09:58,2.561876774,3.506851912,2.559062481
15:09:58,2.561410427,3.506844759,2.560281754
15:09:58,2.561799765,3.507237434,2.558394194
15:09:58,2.560933828,3.507014513,2.559327602
15:09:58,2.560465097,3.506034851,2.560308456
15:09:58,2.560992718,3.506708384,2.558395624
15:09:58,2.560668468,3.506577969,2.558815002
15:09:58,2.561703682,3.506207228,2.55885148
15:09:58,2.561944962,3.505723238,2.56024003
15:09:58,2.561335087,3.506307125,2.56067872
15:09:58,2.561428308,3.506714821,2.558879614
15:09:58,2.561531782,3.507516861,2.559322119
15:09:58,2.561826706,3.507973433,2.560887098
15:09:58,2.56214118,3.507462025,2.561188698
15:09:58,2.562708139,3.508203983,2.560149431
15:09:58,2.561479807,3.507843733,2.559866667
15:09:58,2.562318087,3.506837845,2.559901953
15:09:58,2.56180954,3.506020784,2.559972763
15:09:58,2.561865568,3.506661654,2.559605837
15:09:58,2.56200242,3.506685734,2.558821678
15:09:58,2.562726736,3.506402969,2.55971694
15:09:58,2.561650276,3.506954193,2.559738159
15:09:58,2.562389374,3.507070541,2.56009531
15:09:58,2.561992407,3.507788658,2.561248779
15:09:58,2.562735796,3.507480383,2.561115265
15:09:58,2.562170267,3.506314993,2.560420752
15:09:58,2.562304497,3.507195711,2.560257196
15:09:58,2.562486649,3.508038759,2.56053853
15:09:58,2.562431812,3.508088589,2.560178041
15:09:58,2.561956882,3.506976604,2.560020685
15:09:58,2.560880661,3.506699324,2.560212851
15:09:58,2.562226295,3.507330894,2.559335947
15:09:58,2.56218791,3.507610083,2.56099987
15:09:58,2.561252356,3.507483959,2.559341908
15:09:58,2.561514616,3.507418394,2.558988333
15:09:58,2.561614513,3.507626534,2.558845997
15:09:58,2.56105876,3.507112265,2.559815645
15:09:58,2.56137538,3.506689548,2.559006214
15:09:58,2.561260462,3.507608175,2.560592175
15:09:58,2.561005116,3.507148027,2.559801579
15:09:58,2.560970545,3.506657362,2.558742285
15:09:58,2.560409546,3.506414175,2.559808254
15:09:58,2.561128855,3.507457256,2.558957338
15:09:58,2.561590195,3.508441448,2.560696363
15:09:58,2.561253786,3.508449793,2.559455395
15:09:58,2.561590195,3.507088184,2.559369326
15:09:58,2.560034037,3.506958485,2.559411049
15:09:58,2.560235739,3.506964684,2.558063507
15:09:58,2.561818838,3.506612539,2.560397387
15:09:58,2.562512398,3.50738287,2.560256004
15:09:58,2.561128855,3.507964373,2.560055494
15:09:58,2.560694218,3.508625746,2.560292959
15:09:58,2.562134027,3.506989002,2.55992651
15:09:58,2.561106443,3.506470442,2.559756756
15:09:58,2.56231761,3.506183147,2.559812307
15:09:58,2.561411142,3.507905722,2.559403658
15:09:58,2.561530113,3.507071257,2.560121775
15:09:58,2.562009573,3.508163691,2.559470892
15:09:58,2.562374353,3.507974863,2.561306238
15:09:58,2.562055826,3.508502483,2.56015563
15:09:58,2.561986446,3.50830102,2.55950141
15:09:58,2.561481714,3.50891161,2.560776711
15:09:58,2.563107729,3.507679701,2.559740067
15:09:58,2.56246829,3.508892775,2.559749603
15:09:58,2.561989307,3.50783205,2.559521914
15:09:58,2.56132555,3.506721973,2.559485674
15:09:58,2.561738014,3.508630514,2.560964346
15:09:58,2.562467575,3.508875847,2.561313629
15:09:58,2.562275887,3.509657621,2.561312914
15:09:58,2.56111455,3.506518602,2.55954361
15:09:58,2.561492205,3.507394314,2.559464455
15:09:58,2.560871124,3.508252859,2.559506178
15:09:58,2.561262846,3.506708384,2.559662819
15:09:58,2.561727285,3.506761789,2.559811592
15:09:58,2.561218739,3.50707984,2.559126854
15:09:58,2.561369896,3.506756067,2.559068203
15:09:58,2.560945988,3.506753445,2.558832169
15:09:58,2.560667753,3.506937265,2.559683323
15:09:58,2.56073904,3.505451202,2.559668064
15:09:58,2.561001539,3.505844116,2.558065653
15:09:58,2.561751366,3.506588459,2.558837414
15:09:58,2.561183214,3.506106853,2.559203148
15:09:58,2.561176538,3.506580591,2.55944562
15:09:59,2.560593128,3.506132364,2.55850172
15:09:59,2.561151981,3.506626129,2.560912132
15:09:59,2.56137538,3.507725716,2.558978319
15:09:59,2.5617342,3.506446838,2.558493614
15:09:59,2.561444759,3.506797791,2.559350252
15:09:59,2.56152606,3.506803751,2.559070349
15:09:59,2.561145544,3.505979061,2.558479071
15:09:59,2.561421394,3.506749392,2.559389114
15:09:59,2.561440945,3.507157326,2.560847998
15:09:59,2.56179142,3.506963968,2.559234858
15:09:59,2.560365677,3.505663157,2.558943033
15:09:59,2.562227726,3.506735325,2.558490276
15:09:59,2.56108284,3.507048368,2.558154106
15:09:59,2.561521769,3.506914616,2.560292959
15:09:59,2.561342478,3.507208824,2.560205698
15:09:59,2.561790943,3.50715661,2.559186697
15:09:59,2.560463428,3.506739616,2.558781862
15:09:59,2.560767174,3.506493092,2.5593009
15:09:59,2.560636759,3.505699635,2.558564425
15:09:59,2.560572624,3.507111549,2.558969259
15:09:59,2.561748505,3.506608009,2.558016777
15:09:59,2.561826706,3.50629878,2.558630466
15:09:59,2.560863972,3.506663561,2.558392286
15:09:59,2.560571671,3.506402493,2.558742285
15:09:59,2.56106019,3.507169485,2.559659481
15:09:59,2.561746836,3.507137775,2.560598612
15:09:59,2.561888933,3.50770402,2.560604572
15:09:59,2.560686827,3.507319689,2.560029745
15:09:59,2.562022924,3.507841825,2.560099363
15:09:59,2.562003136,3.507619381,2.560161591
15:09:59,2.562802553,3.50783515,2.559926033
15:09:59,2.562688828,3.507465839,2.559793234
15:09:59,2.560878515,3.506625414,2.559461832
15:09:59,2.562366009,3.507516861,2.559374571
15:09:59,2.561008692,3.508291721,2.558283329
15:09:59,2.562190771,3.507084608,2.559916258
15:09:59,2.561194181,3.507446289,2.55919981
15:09:59,2.562135935,3.50702548,2.559166193
15:09:59,2.561257124,3.507173777,2.559888363
15:09:59,2.561956882,3.507185936,2.559893608
15:09:59,2.561378002,3.506470919,2.56020999
15:09:59,2.561756849,3.508215427,2.5596385
15:09:59,2.562631369,3.508636475,2.559847593
15:09:59,2.560887337,3.507118702,2.5584445
15:09:59,2.560480595,3.506532431,2.559570074
15:09:59,2.560789824,3.506801844,2.558635712
15:09:59,2.561490059,3.507082462,2.560266018
15:09:59,2.561020613,3.506812811,2.559448481
15:09:59,2.561077356,3.507851362,2.559671402
15:09:59,2.561082125,3.506637335,2.559977055
15:09:59,2.561971426,3.507140875,2.558885098
15:09:59,2.561512709,3.507389069,2.559457779
15:09:59,2.561828613,3.506859779,2.560493469
15:09:59,2.562116146,3.506869316,2.560461521
15:09:59,2.562145948,3.507674217,2.559249401
15:09:59,2.563235998,3.50851965,2.560217857
15:09:59,2.561254501,3.506695509,2.559364557
15:09:59,2.561503649,3.506426573,2.559722424
15:09:59,2.561721563,3.507225037,2.560063124
15:09:59,2.562435389,3.507062912,2.560592175
15:09:59,2.562229633,3.507369995,2.558737516
15:09:59,2.561714411,3.506981611,2.560317516
15:09:59,2.562281847,3.507404566,2.560981512
15:09:59,2.562657833,3.508141279,2.560892344
15:09:59,2.563322544,3.508814096,2.560618401
15:09:59,2.562030792,3.507429361,2.560144424
15:09:59,2.561926365,3.507799149,2.559859991
15:09:59,2.561974764,3.507544279,2.560269833
15:09:59,2.562178135,3.507533073,2.559494734
15:09:59,2.562090874,3.509163618,2.561146975
15:09:59,2.5617764,3.508042574,2.560024261
15:09:59,2.562182665,3.50774765,2.560949802
15:09:59,2.562149048,3.50830698,2.559831381
15:09:59,2.561503649,3.507540226,2.559261799
15:09:59,2.561134338,3.506814718,2.559569359
15:09:59,2.561176538,3.507561445,2.559649467
15:09:59,2.560688734,3.506016731,2.559131861
15:09:59,2.562043905,3.507138968,2.560005903
15:09:59,2.561280966,3.507287264,2.559583426
15:09:59,2.561223984,3.506710291,2.558987617
15:09:59,2.561471701,3.505944252,2.559345961
15:09:59,2.562675714,3.505954742,2.559923887
15:09:59,2.561599493,3.50753212,2.560186148
15:09:59,2.561411619,3.508627892,2.559043169
15:09:59,2.56221056,3.507877827,2.56095624
15:09:59,2.560576439,3.507287741,2.55778718
15:09:59,2.561338902,3.506649017,2.559007406
15:09:59,2.560912848,3.50733614,2.558825254
15:09:59,2.560472965,3.507616758,2.560134888
15:09:59,2.561692715,3.507559061,2.559832096
15:09:59,2.561676502,3.508119106,2.559215784
15:09:59,2.562036037,3.507626534,2.559747934
15:09:59,2.562170982,3.508285522,2.558799028
15:09:59,2.56166935,3.5081985,2.559439182
15:09:59,2.562252045,3.507488728,2.55991745
15:09:59,2.561498404,3.507663727,2.559179306
15:09:59,2.56196785,3.507416248,2.5600214
15:09:59,2.562093496,3.50619173,2.560043097
15:09:59,2.560822964,3.505931854,2.559379101
15:09:59,2.561602116,3.505722523,2.559413671
15:09:59,2.561708212,3.505242348,2.560566902
15:09:59,2.56161499,3.506754875,2.558668375
15:09:59,2.561557055,3.506313086,2.559309721
15:09:59,2.561896086,3.507111549,2.558970213
15:09:59,2.561145544,3.507676601,2.559431314
15:09:59,2.562347889,3.508165836,2.560433865
15:09:59,2.56174469,3.50739193,2.559553146
15:09:59,2.561725616,3.507608175,2.559560299
15:09:59,2.562386274,3.507266283,2.56064105
15:09:59,2.56283021,3.506354332,2.559675455
15:09:59,2.562572479,3.50706315,2.559316874
15:09:59,2.5618577,3.506837845,2.55873704
15:09:59,2.561107397,3.506124735,2.558447361
15:09:59,2.561663628,3.506591558,2.559154272
15:09:59,2.561262846,3.50630641,2.559955597
15:09:59,2.562678814,3.507297516,2.5595994
15:09:59,2.562486649,3.507302761,2.559184074
15:09:59,2.562231064,3.506333113,2.559248924
15:09:59,2.561675549,3.506165981,2.559335947
15:10:00,2.562028646,3.506921053,2.560012579
15:10:00,2.562447071,3.507143021,2.559823036
15:10:00,2.56146121,3.50772047,2.559226513
15:10:00,2.561855555,3.50817275,2.560215473
15:10:00,2.56236434,3.506738424,2.560833216
15:10:00,2.562542439,3.507317781,2.559957027
15:10:00,2.561825514,3.508252144,2.561564684
15:10:00,2.561487198,3.507964373,2.559728861
15:10:00,2.561621904,3.507837772,2.559473038
15:10:00,2.562229156,3.507669449,2.56076479
15:10:00,2.562585592,3.508026361,2.559770584
15:10:00,2.561655521,3.506471634,2.560219765
15:10:00,2.562898874,3.507666111,2.559934616
15:10:00,2.562217712,3.506305933,2.559670925
15:10:00,2.562427759,3.508158207,2.560342073
15:10:00,2.562344551,3.508392334,2.559712648
15:10:00,2.562487364,3.509302616,2.560977459
15:10:00,2.562236786,3.507460833,2.559629679
15:10:00,2.561313391,3.508171082,2.560754776
15:10:00,2.56250596,3.508553505,2.561010599
15:10:00,2.562751055,3.507866144,2.560721636
15:10:00,2.562362432,3.508334398,2.560561657
15:10:00,2.562136412,3.508468151,2.560662746
15:10:00,2.562917948,3.507877111,2.559880972
15:10:00,2.562721252,3.508409977,2.559136391
15:10:00,2.561920643,3.507987976,2.559652805
15:10:00,2.562205076,3.507853985,2.559944391
15:10:00,2.562036753,3.508012533,2.559461832
15:10:00,2.562344551,3.508536577,2.560333014
15:10:00,2.563121557,3.50842762,2.561019182
15:10:00,2.562590361,3.508476496,2.559961796
15:10:00,2.562726736,3.509180546,2.560358524
15:10:00,2.562544823,3.50842762,2.560325861
15:10:00,2.562811613,3.508569241,2.561051369
15:10:00,2.562281132,3.508607626,2.560285091
15:10:00,2.562175989,3.508424997,2.560052395
15:10:00,2.562748432,3.507882833,2.559422016
15:10:00,2.56302309,3.508148909,2.561433315
15:10:00,2.562039375,3.508901834,2.560343981
15:10:00,2.562748432,3.508551598,2.560131788
15:10:00,2.562994719,3.508297682,2.561346531
15:10:00,2.562998056,3.508130074,2.559258938
15:10:00,2.562464714,3.508715868,2.561408043
15:10:00,2.56323123,3.508714914,2.560347795
15:10:00,2.562700033,3.508539915,2.559941292
15:10:00,2.563064098,3.508727551,2.561117172
15:10:00,2.56369853,3.508115053,2.559497356
15:10:00,2.562196016,3.50769043,2.56032753
15:10:00,2.562232256,3.506851196,2.561031103
15:10:00,2.562511444,3.508845329,2.560236931
15:10:00,2.563088655,3.508804798,2.5607903
15:10:00,2.562937737,3.508969069,2.561015368
15:10:00,2.562300444,3.508836031,2.561142683
15:10:00,2.562810421,3.508625746,2.560468435
15:10:00,2.562830925,3.508006811,2.559920549
15:10:00,2.562547922,3.509748936,2.560386896
15:10:00,2.562238216,3.507863283,2.559971094
15:10:00,2.561871767,3.50831151,2.560546398
15:10:00,2.562827587,3.507166862,2.559697151
15:10:00,2.562116861,3.506777763,2.560430527
15:10:00,2.562588453,3.507577419,2.560846567
15:10:00,2.56293416,3.507986784,2.560644627
15:10:00,2.562986851,3.508802891,2.560134411
15:10:00,2.562739134,3.509583235,2.562137365
15:10:00,2.562748909,3.509370565,2.561160088
15:10:00,2.563604593,3.509040356,2.560565948
15:10:00,2.563033104,3.509013414,2.561849117
15:10:00,2.563306808,3.507686377,2.5604074
15:10:00,2.562761307,3.509047508,2.561120987
15:10:00,2.563523293,3.509180546,2.561658621
15:10:00,2.562375784,3.508322716,2.560679913
15:10:00,2.562184095,3.508179665,2.559945822
15:10:00,2.562727213,3.509222984,2.560814857
15:10:00,2.563550472,3.508777857,2.560340166
15:10:00,2.563267708,3.509189606,2.561970711
15:10:00,2.56375742,3.510596991,2.560531616
15:10:00,2.563228846,3.509555817,2.56057477
15:10:00,2.563201666,3.50922966,2.560502529
15:10:00,2.562396765,3.50856781,2.56117177
15:10:00,2.562269211,3.507563591,2.55978322
15:10:00,2.562294483,3.508675575,2.561224937
15:10:00,2.561808348,3.508939743,2.561126471
15:10:00,2.563327551,3.50916481,2.560565472
15:10:00,2.562567472,3.50941205,2.561535597
15:10:00,2.563618422,3.51028204,2.562366962
15:10:00,2.563186407,3.509126902,2.560822725
15:10:00,2.562165737,3.509624243,2.561185837
15:10:00,2.562809229,3.508958101,2.560210466
15:10:00,2.562275171,3.509117126,2.560385704
15:10:00,2.563459873,3.50975585,2.561674118
15:10:00,2.563278913,3.509239912,2.562152863
15:10:00,2.564055204,3.51003027,2.561656237
15:10:00,2.563257694,3.508294582,2.561937809
15:10:00,2.563394547,3.509065151,2.561110258
15:10:00,2.562854052,3.509748936,2.561595201
15:10:00,2.561683893,3.509401083,2.560445309
15:10:00,2.563660622,3.508845806,2.561166048
15:10:00,2.563347816,3.509379625,2.561280489
15:10:00,2.563601255,3.509776115,2.562127829
15:10:00,2.563235998,3.510186672,2.56002903
15:10:00,2.563784361,3.509773016,2.562319994
15:10:00,2.563389778,3.509900093,2.561028481
15:10:00,2.563524723,3.509889841,2.562071085
15:10:00,2.563976526,3.510074377,2.561507463
15:10:00,2.563383102,3.511134624,2.561342001
15:10:00,2.563962698,3.509681702,2.56078434
15:10:00,2.563220739,3.510259151,2.561145544
15:10:00,2.56280303,3.511158943,2.56125021
15:10:00,2.562814951,3.509386778,2.5604949
15:10:00,2.562269211,3.507653236,2.560765266
15:10:00,2.562396049,3.5096457,2.560392141
15:10:00,2.561800241,3.508480072,2.560955763
15:10:00,2.563503265,3.508645535,2.560481548
15:10:00,2.563588142,3.509564877,2.560242653
15:10:00,2.563177824,3.509690762,2.560664892
15:10:00,2.563918352,3.509924173,2.56136775
15:10:01,2.563892603,3.509455204,2.561150312
15:10:01,2.563867569,3.510595083,2.561908007
15:10:01,2.563628197,3.510787487,2.56103301
15:10:01,2.563704252,3.508955479,2.561442375
15:10:01,2.562968254,3.508896828,2.560576677
15:10:01,2.562961102,3.509134769,2.560791492
15:10:01,2.563938141,3.50924921,2.561717033
15:10:01,2.563522816,3.51044035,2.561368942
15:10:01,2.563689232,3.509395838,2.561386347
15:10:01,2.564136505,3.509548664,2.561113834
15:10:01,2.56293726,3.509872198,2.56115818
15:10:01,2.561899185,3.508893967,2.561818838
15:10:01,2.563584089,3.509530306,2.561145544
15:10:01,2.563359976,3.50996232,2.562376976
15:10:01,2.562889814,3.510001421,2.561399937
15:10:01,2.562383652,3.509329796,2.562831402
15:10:01,2.564878464,3.50948143,2.560877085
15:10:01,2.564347267,3.509896994,2.561336517
15:10:01,2.563170433,3.509799004,2.560672045
15:10:01,2.563252449,3.509868622,2.561789751
15:10:01,2.56325531,3.510007858,2.562298059
15:10:01,2.56381464,3.509166241,2.560939074
15:10:01,2.563691616,3.509600878,2.561257362
15:10:01,2.563978434,3.510238171,2.56208539
15:10:01,2.56352663,3.50864172,2.560426712
15:10:01,2.56316781,3.509096384,2.561619759
15:10:01,2.563482523,3.509538174,2.561625242
15:10:01,2.562460899,3.508722067,2.561483383
15:10:01,2.562261343,3.509241343,2.560839415
15:10:01,2.563126802,3.509268761,2.561005831
15:10:01,2.563436985,3.509082556,2.560777187
15:10:01,2.563214064,3.508859634,2.560532331
15:10:01,2.563721418,3.508846521,2.560914516
15:10:01,2.562604189,3.507822275,2.560623169
15:10:01,2.562954426,3.508033037,2.56038022
15:10:01,2.56262207,3.507841825,2.560253382
15:10:01,2.5615623,3.508611679,2.561286926
15:10:01,2.561917067,3.508841991,2.561016083
15:10:01,2.563085318,3.509863853,2.562310696
15:10:01,2.563636303,3.509044886,2.560862541
15:10:01,2.563080549,3.50839591,2.559592009
15:10:01,2.562962294,3.50786376,2.560870409
15:10:01,2.561680079,3.508075237,2.560386896
15:10:01,2.562615395,3.508894682,2.560966253
15:10:01,2.563251019,3.509462357,2.56119132
15:10:01,2.561221361,3.507135153,2.560599327
15:10:01,2.561954737,3.508204699,2.559217691
15:10:01,2.562378407,3.507771254,2.560198069
15:10:01,2.561639547,3.507685184,2.559677362
15:10:01,2.562046766,3.509219646,2.561145544
15:10:01,2.562260151,3.508851051,2.560158253
15:10:01,2.562587023,3.507885456,2.5610466
15:10:01,2.562855244,3.509903431,2.561048269
15:10:01,2.563221455,3.50877142,2.560809612
15:10:01,2.563786983,3.509064436,2.559732437
15:10:01,2.563428879,3.509026051,2.561503172
15:10:01,2.563544512,3.509111643,2.561109304
15:10:01,2.562744379,3.508300304,2.560782433
15:10:01,2.562775612,3.508976221,2.560358524
15:10:01,2.562892437,3.507512093,2.560551405
15:10:01,2.562535763,3.508449793,2.55973959
15:10:01,2.562586546,3.50854516,2.560467958
15:10:01,2.563319683,3.508631229,2.560302496
15:10:01,2.562397718,3.50795269,2.560747623
15:10:01,2.56265378,3.508687258,2.56008482
15:10:01,2.563466311,3.50932622,2.562137365
15:10:01,2.563621759,3.508980274,2.561313629
15:10:01,2.563524723,3.508653402,2.561784506
15:10:01,2.56354928,3.509840727,2.561670542
15:10:01,2.562074423,3.509329081,2.561557531
15:10:01,2.563138247,3.509769201,2.560379744
15:10:01,2.562408686,3.509535551,2.561005354
15:10:01,2.564186096,3.509907007,2.560373783
15:10:01,2.563409805,3.509596825,2.561534882
15:10:01,2.562503099,3.509316444,2.56019187
15:10:01,2.562256098,3.509318829,2.561849117
15:10:01,2.563668013,3.509549856,2.561168909
15:10:01,2.563288689,3.510664225,2.560980797
15:10:01,2.562982082,3.509565592,2.561023951
15:10:01,2.563420296,3.51009655,2.560885429
15:10:01,2.563257694,3.509909868,2.561667919
15:10:01,2.564049959,3.509378195,2.562140226
15:10:01,2.563251734,3.50950551,2.560734987
15:10:01,2.563161373,3.50914526,2.559931755
15:10:01,2.562559366,3.509844303,2.561108589
15:10:01,2.561588049,3.507881403,2.559806347
15:10:01,2.562044859,3.508317232,2.560801029
15:10:01,2.561829329,3.507721663,2.56067872
15:10:01,2.562141657,3.507785797,2.560658932
15:10:01,2.562476158,3.507799149,2.560883522
15:10:01,2.562496424,3.50783205,2.559965611
15:10:01,2.56278801,3.507189989,2.559539557
15:10:01,2.562190771,3.506865025,2.559307098
15:10:01,2.562604189,3.508231163,2.559976339
15:10:01,2.562707424,3.507543564,2.559622288
15:10:01,2.562377691,3.506881714,2.559058189
15:10:01,2.56213522,3.507566214,2.560108423
15:10:01,2.561167955,3.507399797,2.558629513
15:10:01,2.562269926,3.507492542,2.559724331
15:10:01,2.562511444,3.507676601,2.560398817
15:10:01,2.562616587,3.50814414,2.560539722
15:10:01,2.563801765,3.508900642,2.561582088
15:10:01,2.562299013,3.508478165,2.560595751
15:10:01,2.562573195,3.507478476,2.559798956
15:10:01,2.562787533,3.50819087,2.559689283
15:10:01,2.562268734,3.508342743,2.56062746
15:10:01,2.562620878,3.508589506,2.560078621
15:10:01,2.561796904,3.507510424,2.559389114
15:10:01,2.56137991,3.506140947,2.559925318
15:10:01,2.562008381,3.506699324,2.559607506
15:10:01,2.562605619,3.509324789,2.562890768
15:10:01,2.564220428,3.510625601,2.561826706
15:10:01,2.564067841,3.509979248,2.562968254
15:10:01,2.564065218,3.510068655,2.560232639
15:10:01,2.56349802,3.50995326,2.561638117
15:10:01,2.563724756,3.50945735,2.561203003
15:10:01,2.563667297,3.509165525,2.561968327
15:10:01,2.563191175,3.509814978,2.560337782
15:10:01,2.563383102,3.510032654,2.560386181
15:10:02,2.563622475,3.509116411,2.561556816
15:10:02,2.563138723,3.509089231,2.561576605
15:10:02,2.564458847,3.509173393,2.562242746
15:10:02,2.564087629,3.509735584,2.562372208
15:10:02,2.563415527,3.510180712,2.56185627
15:10:02,2.563808918,3.510545969,2.562935829
15:10:02,2.564213276,3.509283066,2.562343836
15:10:02,2.56371212,3.509319544,2.560496092
15:10:02,2.56207037,3.508469582,2.560855389
15:10:02,2.562782049,3.509967566,2.560040474
15:10:02,2.563487768,3.50918889,2.560163975
15:10:02,2.563115835,3.508595943,2.561122894
15:10:02,2.562829018,3.508010149,2.56247139
15:10:02,2.56390214,3.510420799,2.562132359
15:10:02,2.563697815,3.510673285,2.561445951
15:10:02,2.564421415,3.509862423,2.56125474
15:10:02,2.563643694,3.510540962,2.562083244
15:10:02,2.563538551,3.509225368,2.562105179
15:10:02,2.562898874,3.510247946,2.562280178
15:10:02,2.563387394,3.509771824,2.562819958
15:10:02,2.564149141,3.510689735,2.562008381
15:10:02,2.563606262,3.510539055,2.561330795
15:10:02,2.564172268,3.510701418,2.563609838
15:10:02,2.564413309,3.510280609,2.562124252
15:10:02,2.563248396,3.508341551,2.561601877
15:10:02,2.562601089,3.508888245,2.561223269
15:10:02,2.5636971,3.508968592,2.561098576
15:10:02,2.563714981,3.509966135,2.561615705
15:10:02,2.563494921,3.509870291,2.561413288
15:10:02,2.56286335,3.508945704,2.560692549
15:10:02,2.562795877,3.509198666,2.561245203
15:10:02,2.562949181,3.508584738,2.560936451
15:10:02,2.563807487,3.509430885,2.561843157
15:10:02,2.564433098,3.509922266,2.561116457
15:10:02,2.562642813,3.507556438,2.560471535
15:10:02,2.562189579,3.507254601,2.559504271
15:10:02,2.562393665,3.507593155,2.559719086
15:10:02,2.561866999,3.507647276,2.559011459
15:10:02,2.562458277,3.508193493,2.560450554
15:10:02,2.562280655,3.508347273,2.559617281
15:10:02,2.562753677,3.507936239,2.559751511
15:10:02,2.561995268,3.507377863,2.559970379
15:10:02,2.56166482,3.507442474,2.560697079
15:10:02,2.562344551,3.507516146,2.560772419
15:10:02,2.562735796,3.507903814,2.559720993
15:10:02,2.562387705,3.508177042,2.559565067
15:10:02,2.56254673,3.508447886,2.56218338
15:10:02,2.5623281,3.507908344,2.56044054
15:10:02,2.562601805,3.507033348,2.559434652
15:10:02,2.561948776,3.507192612,2.560646296
15:10:02,2.56207037,3.508478165,2.561149597
15:10:02,2.562381506,3.508333683,2.559823513
15:10:02,2.562400103,3.507465124,2.561066151
15:10:02,2.561745405,3.507856131,2.559045076
15:10:02,2.561224699,3.507455349,2.560558796
15:10:02,2.562201262,3.508685827,2.559077501
15:10:02,2.562961102,3.50784564,2.560955763
15:10:02,2.562026501,3.507513523,2.56064105
15:10:02,2.561560631,3.507471085,2.560219765
15:10:02,2.5615623,3.507057428,2.559873104
15:10:02,2.561144829,3.506733179,2.55910778
15:10:02,2.560795307,3.506029367,2.560077429
15:10:02,2.561221361,3.507212877,2.558816195
15:10:02,2.560919523,3.507086039,2.560198069
15:10:02,2.561879396,3.507557154,2.560347319
15:10:02,2.561720133,3.506573439,2.558796406
15:10:02,2.56217289,3.506640434,2.559143782
15:10:02,2.561464548,3.506902933,2.559764624
15:10:02,2.562312841,3.507398844,2.560111046
15:10:02,2.560869455,3.507031679,2.559076071
15:10:02,2.561915159,3.507490158,2.559903622
15:10:02,2.56221509,3.507578373,2.560610533
15:10:02,2.561785698,3.50633502,2.559187889
15:10:02,2.561450005,3.506316185,2.558899403
15:10:02,2.561789513,3.507111549,2.560205698
15:10:02,2.562081575,3.508192778,2.561164141
15:10:02,2.56262207,3.507922649,2.560314894
15:10:02,2.562600374,3.508411884,2.560976744
15:10:02,2.56251359,3.508006811,2.560519457
15:10:02,2.561950922,3.508496046,2.560974836
15:10:02,2.562226295,3.507191181,2.559046984
15:10:02,2.561147451,3.506649017,2.559218884
15:10:02,2.561602592,3.506661654,2.560011387
15:10:02,2.561317205,3.506528854,2.560203075
15:10:02,2.562288284,3.508613348,2.560121059
15:10:02,2.56208086,3.509279013,2.559490919
15:10:02,2.560531616,3.507029295,2.560571909
15:10:02,2.561252117,3.506429434,2.557713747
15:10:02,2.561370611,3.507186413,2.558599472
15:10:02,2.561352491,3.506343603,2.558756113
15:10:02,2.56137538,3.508282661,2.559849262
15:10:02,2.561230183,3.50698638,2.559942484
15:10:02,2.561861992,3.507304192,2.559304237
15:10:02,2.561413765,3.506632805,2.559209824
15:10:02,2.560716391,3.507063866,2.559728146
15:10:02,2.561913729,3.506916523,2.55991888
15:10:02,2.561944246,3.507415771,2.55948019
15:10:02,2.562265396,3.506756067,2.559700727
15:10:02,2.561374187,3.506378412,2.559765339
15:10:02,2.560889721,3.507297516,2.5591681
15:10:02,2.56131649,3.506384134,2.559978247
15:10:02,2.561871767,3.507064581,2.559086084
15:10:02,2.561787128,3.506289005,2.560138941
15:10:02,2.561354399,3.507504463,2.559705496
15:10:02,2.561124802,3.506692886,2.557694674
15:10:02,2.561579704,3.507702112,2.559671402
15:10:02,2.562360525,3.507471085,2.557508945
15:10:02,2.561159372,3.506230116,2.560127258
15:10:02,2.56090641,3.507884026,2.559321404
15:10:02,2.562480927,3.507848978,2.559978247
15:10:02,2.561160564,3.507249117,2.560168266
15:10:02,2.562556744,3.507485628,2.559204578
15:10:02,2.562826395,3.507969856,2.560184479
15:10:02,2.561932564,3.50805378,2.56082201
15:10:02,2.561105251,3.507960558,2.559568167
15:10:03,2.561924219,3.506907463,2.558700562
15:10:03,2.561632395,3.507786989,2.559672117
15:10:03,2.562061787,3.507875919,2.560242653
15:10:03,2.561625719,3.508072615,2.560624838
15:10:03,2.562565088,3.507786274,2.558701277
15:10:03,2.562241793,3.50725317,2.559782505
15:10:03,2.56116724,3.507309914,2.559952497
15:10:03,2.561805725,3.507616043,2.558377743
15:10:03,2.561537266,3.507469416,2.560109138
15:10:03,2.561902046,3.506914616,2.558766127
15:10:03,2.561353683,3.506114244,2.557772636
15:10:03,2.561058283,3.506200075,2.55867672
15:10:03,2.562210083,3.50747776,2.559314251
15:10:03,2.562715292,3.507472277,2.560385704
15:10:03,2.561825991,3.508213043,2.560699701
15:10:03,2.562046051,3.507877827,2.558560371
15:10:03,2.561896563,3.507431269,2.560473442
15:10:03,2.562574625,3.508312225,2.559748888
15:10:03,2.561815977,3.507341862,2.559978247
15:10:03,2.562435389,3.507683277,2.55970645
15:10:03,2.562498808,3.508362293,2.559893608
15:10:03,2.561817884,3.507683992,2.559955597
15:10:03,2.561672688,3.507857561,2.56005311
15:10:03,2.562321424,3.50807333,2.560900927
15:10:03,2.561704397,3.508952856,2.560683966
15:10:03,2.561398506,3.507389545,2.5596416
15:10:03,2.561831951,3.506943226,2.559180021
15:10:03,2.560777187,3.507680655,2.558762074
15:10:03,2.562928677,3.508067369,2.55870533
15:10:03,2.561422348,3.507758141,2.559596062
15:10:03,2.562619448,3.508455038,2.560267925
15:10:03,2.562540293,3.508840084,2.559387684
15:10:03,2.562953949,3.508355141,2.559897661
15:10:03,2.562476873,3.508300304,2.559611082
15:10:03,2.562314272,3.508294582,2.560849428
15:10:03,2.562381506,3.507508993,2.56098032
15:10:03,2.562019348,3.507387161,2.560451031
15:10:03,2.561299324,3.507469416,2.56008482
15:10:03,2.562367678,3.506677628,2.560017109
15:10:03,2.562297821,3.508389711,2.559721708
15:10:03,2.561975956,3.507173777,2.561015368
15:10:03,2.563554764,3.508471966,2.559764624
15:10:03,2.560965061,3.50768137,2.559509993
15:10:03,2.56253767,3.507306099,2.55995059
15:10:03,2.561323881,3.507093906,2.559324026
15:10:03,2.561575413,3.507511616,2.560297012
15:10:03,2.560660601,3.506222248,2.559206486
15:10:03,2.561631918,3.50680685,2.558751583
15:10:03,2.561190844,3.505693913,2.560219765
15:10:03,2.563147545,3.507944107,2.560261965
15:10:03,2.562563896,3.507178068,2.560094118
15:10:03,2.561590195,3.507139683,2.559593201
15:10:03,2.562007666,3.508087635,2.560253382
15:10:03,2.562961102,3.50769043,2.559885025
15:10:03,2.561649084,3.507675886,2.560099363
15:10:03,2.561982632,3.507725716,2.559372425
15:10:03,2.562329531,3.508158684,2.560417891
15:10:03,2.561758518,3.507035971,2.561038971
15:10:03,2.562530518,3.508372784,2.560802221
15:10:03,2.562022924,3.507797956,2.559321404
15:10:03,2.562655926,3.508226395,2.559983492
15:10:03,2.562406063,3.507697344,2.559790373
15:10:03,2.562804461,3.508131504,2.559730053
15:10:03,2.562052011,3.507700205,2.560513973
15:10:03,2.562340736,3.507525921,2.560820103
15:10:03,2.561705351,3.507516861,2.561191797
15:10:03,2.562334061,3.507995844,2.560152054
15:10:03,2.561443329,3.507259607,2.559315681
15:10:03,2.562104225,3.507006645,2.560716867
15:10:03,2.562349319,3.506582499,2.559962749
15:10:03,2.562829018,3.508099556,2.560714483
15:10:03,2.56275034,3.508611679,2.559787035
15:10:03,2.56283474,3.507978201,2.560916662
15:10:03,2.562415838,3.508806705,2.560211658
15:10:03,2.562945366,3.507452726,2.56180191
15:10:03,2.562861919,3.507967472,2.559104204
15:10:03,2.562838316,3.508271694,2.560612679
15:10:03,2.562458277,3.506988287,2.559479713
15:10:03,2.562093496,3.506712198,2.560135603
15:10:03,2.562000275,3.507184744,2.559996128
15:10:03,2.562631369,3.507563591,2.559127569
15:10:03,2.562208652,3.507799149,2.559473753
15:10:03,2.561401129,3.507920504,2.56003499
15:10:03,2.56282568,3.509111643,2.560031176
15:10:03,2.561618567,3.506545782,2.558931351
15:10:03,2.561602116,3.506919146,2.560041666
15:10:03,2.560834885,3.506644726,2.560794353
15:10:03,2.56179142,3.50703001,2.559265375
15:10:03,2.562617302,3.508001328,2.559298992
15:10:03,2.562135935,3.507313251,2.559978962
15:10:03,2.561374664,3.506748676,2.560384989
15:10:03,2.562066555,3.507453442,2.560966253
15:10:03,2.561726332,3.506508827,2.559314251
15:10:03,2.562417507,3.507462025,2.560080767
15:10:03,2.562917948,3.506679773,2.558805704
15:10:03,2.563277483,3.507960558,2.560408115
15:10:03,2.561500072,3.507734776,2.559900761
15:10:03,2.561631918,3.506994963,2.558339357
15:10:03,2.562402725,3.508601427,2.559106588
15:10:03,2.562672377,3.508582354,2.560727596
15:10:03,2.562944889,3.507747173,2.560208321
15:10:03,2.563005924,3.508002758,2.559216499
15:10:03,2.562385082,3.508462191,2.560994864
15:10:03,2.562334061,3.50939846,2.560621023
15:10:03,2.562988043,3.508136034,2.561485291
15:10:03,2.562766075,3.508875847,2.560116529
15:10:03,2.562282562,3.508096695,2.559986115
15:10:03,2.562075138,3.508090973,2.560703754
15:10:03,2.562369585,3.507113934,2.559940815
15:10:03,2.562005043,3.507509708,2.559802294
15:10:03,2.561545849,3.507110357,2.560352087
15:10:03,2.562094212,3.507421494,2.560266733
15:10:03,2.562111855,3.507650614,2.561274529
15:10:03,2.561762571,3.508598804,2.560411453
15:10:03,2.562575102,3.508593321,2.559933901
15:10:03,2.562877893,3.507996559,2.560863018
15:10:03,2.561880112,3.508440495,2.56078434
15:10:03,2.563058376,3.508115053,2.560003519
15:10:03,2.562557459,3.50761795,2.559765339
15:10:04,2.562086344,3.506711721,2.561160803
15:10:04,2.562327147,3.507282019,2.560528517
15:10:04,2.562717199,3.508143187,2.560985327
15:10:04,2.563313246,3.507498026,2.560783148
15:10:04,2.562191486,3.507757425,2.560341358
15:10:04,2.56251359,3.508263826,2.560648918
15:10:04,2.561872721,3.506228685,2.558910847
15:10:04,2.562162876,3.506794453,2.560804129
15:10:04,2.562760115,3.507866621,2.561924696
15:10:04,2.562104225,3.507187843,2.559682131
15:10:04,2.562286377,3.506999493,2.56002903
15:10:04,2.561881781,3.50775218,2.560435295
15:10:04,2.562281132,3.507912874,2.560282946
15:10:04,2.561744213,3.508085012,2.560798883
15:10:04,2.563038349,3.508397102,2.560698986
15:10:04,2.562788725,3.508537292,2.560599327
15:10:04,2.562804937,3.508317947,2.560301542
15:10:04,2.562110662,3.507173777,2.560286522
15:10:04,2.561737537,3.50833559,2.559978247
15:10:04,2.562306166,3.507762671,2.560570955
15:10:04,2.562592506,3.507688284,2.559955597
15:10:04,2.561884165,3.507950544,2.561337233
15:10:04,2.561273575,3.50738287,2.560086489
15:10:04,2.561693907,3.506492138,2.561151981
15:10:04,2.562034845,3.507721663,2.559644938
15:10:04,2.562464714,3.507182837,2.560642958
15:10:04,2.561979771,3.508231163,2.560250759
15:10:04,2.561975956,3.509139538,2.559690714
15:10:04,2.563070774,3.509536982,2.561297417
15:10:04,2.563462019,3.508807898,2.560524464
15:10:04,2.562519789,3.508843184,2.560280561
15:10:04,2.562111378,3.50833106,2.560746908
15:10:04,2.562567949,3.508161306,2.559241533
15:10:04,2.562749386,3.507628441,2.561533689
15:10:04,2.56281209,3.508458853,2.560872793
15:10:04,2.561531305,3.507925987,2.56093359
15:10:04,2.562355995,3.508077145,2.560027122
15:10:04,2.562031984,3.509203672,2.560812235
15:10:04,2.563294888,3.508253336,2.561219692
15:10:04,2.562643528,3.509416819,2.561276436
15:10:04,2.563031673,3.509889126,2.562043667
15:10:04,2.562896967,3.508708715,2.560965538
15:10:04,2.562814474,3.507933855,2.560558796
15:10:04,2.562581301,3.507497311,2.560357332
15:10:04,2.56256938,3.508091688,2.560551405
15:10:04,2.562311649,3.507916212,2.560444593
15:10:04,2.563338995,3.508982182,2.560623169
15:10:04,2.56327796,3.50847578,2.560994148
15:10:04,2.562049866,3.508018017,2.560132265
15:10:04,2.561980486,3.508828163,2.560973644
15:10:04,2.563086748,3.507498026,2.560463667
15:10:04,2.562253714,3.507895231,2.561626911
15:10:04,2.563181877,3.508552313,2.561038256
15:10:04,2.563770533,3.509483337,2.560571432
15:10:04,2.563076019,3.50819087,2.561390877
15:10:04,2.563100576,3.50883913,2.561009884
15:10:04,2.563292742,3.508954763,2.560936451
15:10:04,2.562764883,3.508521318,2.560188055
15:10:04,2.563266993,3.508783102,2.561052322
15:10:04,2.561861515,3.508718491,2.561917782
15:10:04,2.563263178,3.50935936,2.560311556
15:10:04,2.562920332,3.509788752,2.561582804
15:10:04,2.563292742,3.50966382,2.561469555
15:10:04,2.56314683,3.508974314,2.562280178
15:10:04,2.562507153,3.509525061,2.560609341
15:10:04,2.563751936,3.509384871,2.561367273
15:10:04,2.563183069,3.508901834,2.560596466
15:10:04,2.563585997,3.50982523,2.561956406
15:10:04,2.563703775,3.509203672,2.56089735
15:10:04,2.562419891,3.508788347,2.560997963
15:10:04,2.56309247,3.509495735,2.561089993
15:10:04,2.562344551,3.50960207,2.562129736
15:10:04,2.563514709,3.510510921,2.561986923
15:10:04,2.563858271,3.5096066,2.561456919
15:10:04,2.562535763,3.509380817,2.562114954
15:10:04,2.561987638,3.509182453,2.56102252
15:10:04,2.562949657,3.5086689,2.561290264
15:10:04,2.563854933,3.510145426,2.561154604
15:10:04,2.562520981,3.508817673,2.560783148
15:10:04,2.562411308,3.509567499,2.561462879
15:10:04,2.563457251,3.510107756,2.56121254
15:10:04,2.563465834,3.509533405,2.561616182
15:10:04,2.563381195,3.510038137,2.561105728
15:10:04,2.563574314,3.510430574,2.562275887
15:10:04,2.564355373,3.510171652,2.562330723
15:10:04,2.563983917,3.510344028,2.562037706
15:10:04,2.562802553,3.509787321,2.56192708
15:10:04,2.563685179,3.509487867,2.562187672
15:10:04,2.563822031,3.509573936,2.561437845
15:10:04,2.563106298,3.508816719,2.560874939
15:10:04,2.562369585,3.509898186,2.562170744
15:10:04,2.56362462,3.510501146,2.560242653
15:10:04,2.563473701,3.510509014,2.56176734
15:10:04,2.56336689,3.510253906,2.561789751
15:10:04,2.562528133,3.509940624,2.562765598
15:10:04,2.564608097,3.50946188,2.561551571
15:10:04,2.562968254,3.510337353,2.561731339
15:10:04,2.563347816,3.509328604,2.561365366
15:10:04,2.563572168,3.50995326,2.561843157
15:10:04,2.564214468,3.511068821,2.561580896
15:10:04,2.562927485,3.509452105,2.561866999
15:10:04,2.564267397,3.509070873,2.560596466
15:10:04,2.564076185,3.5096066,2.560851812
15:10:04,2.564276695,3.509810686,2.561317444
15:10:04,2.563443422,3.50962615,2.561045885
15:10:04,2.563432693,3.509571791,2.561509371
15:10:04,2.563960791,3.5084126,2.561522961
15:10:04,2.563414335,3.509127855,2.559682846
15:10:04,2.563514709,3.50933671,2.56156826
15:10:04,2.563487768,3.509543896,2.560578823
15:10:04,2.563662052,3.507846832,2.559768677
15:10:04,2.562615395,3.508323193,2.560063124
15:10:04,2.563144684,3.508584261,2.56106019
15:10:04,2.562410831,3.508220196,2.560794353
15:10:04,2.562245369,3.509631634,2.561610222
15:10:04,2.563192368,3.509275198,2.560364723
15:10:05,2.563382626,3.509471655,2.560912132
15:10:05,2.563138723,3.509202242,2.56070447
15:10:05,2.563369989,3.509155273,2.561818123
15:10:05,2.562293291,3.50912571,2.560935259
15:10:05,2.562823534,3.508936644,2.561264992
15:10:05,2.563323975,3.508737326,2.561353922
15:10:05,2.562695503,3.509794474,2.561286449
15:10:05,2.563150644,3.5093925,2.5618155
15:10:05,2.563615799,3.509979248,2.560590506
15:10:05,2.562855959,3.509155273,2.560919285
15:10:05,2.562843323,3.50903368,2.561275721
15:10:05,2.562986374,3.508010149,2.560362577
15:10:05,2.561661482,3.507758141,2.560410023
15:10:05,2.563105822,3.508441448,2.560859919
15:10:05,2.562303066,3.508885622,2.561896801
15:10:05,2.562996387,3.509191513,2.561470509
15:10:05,2.562432528,3.508466005,2.560229778
15:10:05,2.562377691,3.509281635,2.560161591
15:10:05,2.562113285,3.508754492,2.561466932
15:10:05,2.562279224,3.509094954,2.561314106
15:10:05,2.562593222,3.507921934,2.558945417
15:10:05,2.562003851,3.507867336,2.559512615
15:10:05,2.562219143,3.507849455,2.559873104
15:10:05,2.562657833,3.5079422,2.56004405
15:10:05,2.561445951,3.508884907,2.560850143
15:10:05,2.561933756,3.508654594,2.560939789
15:10:05,2.562849998,3.507997036,2.560221434
15:10:05,2.561800718,3.508742809,2.56047225
15:10:05,2.561972618,3.50804019,2.558498144
15:10:05,2.56231761,3.507406473,2.559648991
15:10:05,2.562054634,3.508322001,2.560263872
15:10:05,2.561768055,3.507035971,2.559642792
15:10:05,2.562080145,3.508584738,2.560092688
15:10:05,2.562451601,3.508755684,2.560335398
15:10:05,2.562226772,3.508952141,2.56071353
15:10:05,2.563276768,3.509422541,2.560512066
15:10:05,2.562443018,3.508089781,2.560461521
15:10:05,2.56207037,3.508314133,2.559427977
15:10:05,2.562342644,3.509135962,2.56029892
15:10:05,2.562286377,3.508776665,2.561399937
15:10:05,2.562855244,3.509205341,2.560408115
15:10:05,2.563031673,3.508654594,2.561570883
15:10:05,2.562956333,3.509262085,2.560921907
15:10:05,2.562062502,3.509105444,2.561079979
15:10:05,2.563492537,3.509279728,2.561020374
15:10:05,2.564028978,3.509653091,2.560758591
15:10:05,2.562721729,3.509534836,2.559930801
15:10:05,2.563200951,3.508287191,2.560702562
15:10:05,2.562846661,3.508292675,2.560389042
15:10:05,2.562651873,3.508057117,2.560629129
15:10:05,2.563580036,3.507619381,2.561048985
15:10:05,2.562921524,3.508495331,2.560737848
15:10:05,2.562942028,3.508300304,2.560304165
15:10:05,2.563338995,3.508162975,2.560504913
15:10:05,2.561830044,3.508322716,2.560195684
15:10:05,2.561634779,3.507799149,2.560334206
15:10:05,2.563696623,3.509141445,2.561585665
15:10:05,2.563359976,3.508390427,2.561397076
15:10:05,2.56319952,3.509071827,2.560605764
15:10:05,2.562640667,3.509974718,2.561279297
15:10:05,2.562021017,3.507889271,2.559941769
15:10:05,2.563556433,3.508291721,2.560734272
15:10:05,2.563150167,3.509492397,2.560650826
15:10:05,2.56336832,3.50855422,2.560034275
15:10:05,2.562819242,3.508555412,2.561305761
15:10:05,2.562509775,3.508555412,2.560884237
15:10:05,2.563549757,3.50877738,2.561629772
15:10:05,2.562470675,3.507381678,2.559785128
15:10:05,2.56192112,3.508234501,2.560918808
15:10:05,2.562119246,3.507841825,2.560683966
15:10:05,2.562572479,3.50807929,2.5590868
15:10:05,2.562880516,3.50778389,2.561294317
15:10:05,2.562601089,3.506942034,2.559091568
15:10:05,2.562944889,3.508286715,2.560765266
15:10:05,2.562244654,3.507383823,2.561519861
15:10:05,2.563036442,3.508272409,2.560987473
15:10:05,2.562560558,3.509496212,2.561384439
15:10:05,2.563590765,3.508201361,2.559347868
15:10:05,2.562347889,3.507143021,2.560931444
15:10:05,2.562999249,3.50715971,2.560416222
15:10:05,2.562920332,3.508671522,2.561848402
15:10:05,2.562616587,3.508178234,2.561084747
15:10:05,2.563639641,3.50914526,2.56084013
15:10:05,2.563263178,3.508465528,2.561260462
15:10:05,2.563346386,3.508647442,2.561409235
15:10:05,2.562488794,3.507465839,2.560731411
15:10:05,2.562221289,3.50857234,2.560906172
15:10:05,2.563155174,3.508832216,2.560715199
15:10:05,2.562807322,3.510599136,2.561331987
15:10:05,2.563282251,3.510042906,2.561990023
15:10:05,2.563245058,3.509377003,2.561563969
15:10:05,2.563570976,3.50842452,2.561066866
15:10:05,2.563118458,3.508959293,2.561024427
15:10:05,2.562310934,3.507924557,2.55984807
15:10:05,2.562687635,3.50928688,2.560997486
15:10:05,2.562372446,3.50840807,2.559965611
15:10:05,2.561728716,3.507599831,2.559656143
15:10:05,2.562005758,3.507537127,2.560621977
15:10:05,2.562717915,3.508249521,2.560249567
15:10:05,2.561751842,3.508478642,2.561672688
15:10:05,2.562557936,3.507555246,2.561756611
15:10:05,2.562093496,3.506907463,2.560447216
15:10:05,2.562748909,3.508373499,2.560244799
15:10:05,2.562321424,3.507616043,2.560666561
15:10:05,2.561980486,3.508280039,2.561032295
15:10:05,2.562150478,3.507919788,2.560629129
15:10:05,2.561439276,3.506786108,2.560073376
15:10:05,2.562319517,3.507484674,2.559314251
15:10:05,2.562996864,3.507145405,2.560467958
15:10:05,2.56175065,3.507179499,2.560993433
15:10:05,2.561461926,3.507011175,2.56071806
15:10:05,2.561259747,3.508142471,2.561658621
15:10:05,2.562627316,3.507223129,2.561553955
15:10:05,2.562908173,3.508111238,2.562039375
15:10:05,2.56264472,3.50819087,2.561850548
15:10:05,2.563106298,3.509310246,2.56129384
15:10:05,2.563509464,3.508501291,2.560672045
15:10:05,2.563051462,3.508612394,2.560308456
15:10:05,2.563444614,3.508828163,2.562158823
15:10:06,2.562763453,3.509694576,2.56058383
15:10:06,2.563235283,3.508795023,2.561410666
15:10:06,2.562927485,3.508403301,2.561428785
15:10:06,2.562732458,3.509478807,2.561319351
15:10:06,2.562791109,3.508595943,2.560252428
15:10:06,2.562742233,3.508453131,2.560934305
15:10:06,2.562942028,3.508017302,2.560638189
15:10:06,2.562987328,3.508821726,2.560444593
15:10:06,2.562155724,3.50804925,2.560003519
15:10:06,2.562224865,3.50753212,2.560159922
15:10:06,2.562749386,3.508581161,2.559834957
15:10:06,2.562839031,3.508471966,2.560862541
15:10:06,2.563792706,3.508899212,2.560450554
15:10:06,2.562265396,3.508610487,2.560551167
15:10:06,2.562102079,3.508659363,2.560506821
15:10:06,2.562400103,3.507832527,2.560006618
15:10:06,2.562340736,3.507938385,2.55995369
15:10:06,2.562719345,3.507398844,2.560569525
15:10:06,2.562128782,3.507460833,2.559562922
15:10:06,2.56290102,3.507106543,2.559689283
15:10:06,2.562501431,3.508430004,2.559338808
15:10:06,2.563462019,3.509221077,2.560520411
15:10:06,2.563374043,3.508206844,2.560033321
15:10:06,2.562557459,3.508271694,2.56040287
15:10:06,2.561967373,3.507575512,2.561056852
15:10:06,2.562344551,3.507887602,2.560216427
15:10:06,2.562770605,3.507701635,2.560866356
15:10:06,2.5627563,3.507416248,2.560427189
15:10:06,2.561451197,3.50736618,2.559452534
15:10:06,2.562665701,3.507529736,2.561978579
15:10:06,2.563449383,3.507889271,2.560648918
15:10:06,2.562826395,3.509166956,2.561080694
15:10:06,2.562538147,3.509444237,2.562398195
15:10:06,2.563210964,3.508686543,2.560690641
15:10:06,2.563160181,3.508690596,2.56025672
15:10:06,2.562096357,3.5079422,2.561130047
15:10:06,2.562060356,3.507568359,2.560488939
15:10:06,2.562880516,3.507647991,2.559968233
15:10:06,2.562219143,3.507693768,2.561085939
15:10:06,2.562586546,3.508535385,2.559902906
15:10:06,2.562344074,3.508409977,2.560792923
15:10:06,2.562839031,3.50725317,2.559555769
15:10:06,2.561954737,3.509153605,2.559504747
15:10:06,2.562901735,3.508673906,2.560140133
15:10:06,2.562247515,3.508400202,2.560854435
15:10:06,2.562116146,3.508461475,2.560863018
15:10:06,2.562492609,3.508704424,2.56005311
15:10:06,2.562327147,3.50853014,2.561327934
15:10:06,2.563235283,3.508500814,2.561664581
15:10:06,2.563254595,3.509050131,2.560192585
15:10:06,2.562325478,3.507409096,2.561348438
15:10:06,2.562805653,3.507991076,2.559878588
15:10:06,2.561818838,3.507855415,2.560937166
15:10:06,2.563581705,3.508290529,2.560331345
15:10:06,2.563298702,3.508252859,2.560750723
15:10:06,2.562712669,3.508561611,2.560610056
15:10:06,2.563038826,3.508186102,2.56078434
15:10:06,2.562928677,3.507321119,2.56153965
15:10:06,2.562428474,3.5076437,2.560920715
15:10:06,2.562404156,3.508001089,2.560598612
15:10:06,2.562733173,3.508697033,2.560761929
15:10:06,2.562238932,3.508465528,2.560281277
15:10:06,2.562768936,3.509699345,2.561255932
15:10:06,2.562423944,3.508986712,2.560011864
15:10:06,2.562800646,3.508122921,2.56125927
15:10:06,2.562773228,3.508872032,2.561379671
15:10:06,2.562566519,3.5092659,2.560801506
15:10:06,2.562548876,3.507867336,2.560242653
15:10:06,2.562369585,3.509231567,2.559494257
15:10:06,2.56221056,3.508860826,2.560114622
15:10:06,2.562781334,3.509913921,2.56099534
15:10:06,2.562137842,3.509090662,2.560134411
15:10:06,2.562608242,3.508209705,2.560354948
15:10:06,2.562000275,3.508584261,2.561683893
15:10:06,2.563227177,3.508908033,2.559793949
15:10:06,2.563140392,3.509239912,2.560777187
15:10:06,2.56304431,3.509037733,2.560596466
15:10:06,2.562168837,3.50818944,2.559982777
15:10:06,2.563042879,3.508965969,2.560855865
15:10:06,2.563739538,3.508668423,2.560667992
15:10:06,2.562860727,3.508201361,2.559519768
15:10:06,2.561445951,3.5071311,2.5589149
15:10:06,2.561427593,3.507155895,2.56123805
15:10:06,2.562454939,3.507332802,2.559962273
15:10:06,2.56246829,3.508131504,2.560992241
15:10:06,2.563523293,3.507562637,2.560767889
15:10:06,2.562132359,3.507452726,2.559278011
15:10:06,2.56303525,3.50820756,2.560658932
15:10:06,2.563238621,3.508526802,2.561490297
15:10:06,2.562429905,3.508901834,2.560292482
15:10:06,2.562006235,3.508467436,2.560659409
15:10:06,2.563168526,3.50927186,2.561129808
15:10:06,2.562800646,3.508452415,2.560311556
15:10:06,2.562452793,3.507778406,2.559999466
15:10:06,2.562520504,3.5086658,2.560786963
15:10:06,2.562469006,3.508042574,2.560002327
15:10:06,2.562719345,3.509147406,2.560675859
15:10:06,2.563410997,3.508133888,2.559980869
15:10:06,2.562021017,3.509056568,2.559924603
15:10:06,2.562355995,3.508363008,2.560765982
15:10:06,2.563253403,3.507867336,2.560554266
15:10:06,2.56221056,3.508811235,2.559888363
15:10:06,2.56178236,3.50828433,2.560934305
15:10:06,2.56179142,3.508080006,2.560786963
15:10:06,2.5629251,3.50937891,2.561970234
15:10:06,2.561693907,3.507717848,2.559838057
15:10:06,2.562453508,3.508103848,2.560246944
15:10:06,2.562800646,3.508100271,2.561086655
15:10:06,2.56221509,3.509329796,2.560395002
15:10:06,2.562842607,3.508453846,2.560964823
15:10:06,2.562994719,3.509296179,2.560904026
15:10:06,2.562308788,3.509134769,2.561513186
15:10:06,2.562861919,3.508896351,2.560115099
15:10:06,2.562708139,3.508854389,2.560840368
15:10:06,2.562246799,3.508976936,2.560107231
15:10:07,2.561761856,3.507024288,2.560205698
15:10:07,2.562062979,3.506468296,2.558944702
15:10:07,2.562266111,3.507040739,2.55955863
15:10:07,2.562261343,3.506925106,2.559757233
15:10:07,2.56167078,3.50724864,2.559498787
15:10:07,2.561591387,3.507925272,2.560115814
15:10:07,2.561444044,3.507731438,2.560258627
15:10:07,2.562772751,3.509883165,2.559791088
15:10:07,2.562403202,3.50876236,2.560815573
15:10:07,2.562313557,3.50807023,2.559386969
15:10:07,2.561861038,3.508388042,2.560421467
15:10:07,2.562196016,3.507617235,2.560162783
15:10:07,2.562018156,3.507745028,2.560292482
15:10:07,2.561965227,3.507310629,2.560367107
15:10:07,2.562309742,3.508296013,2.559657574
15:10:07,2.562966824,3.508021116,2.560417891
15:10:07,2.562787533,3.507498503,2.559884548
15:10:07,2.561629772,3.507638693,2.561056376
15:10:07,2.562575817,3.509174109,2.561235905
15:10:07,2.563105822,3.509306431,2.559771776
15:10:07,2.562908888,3.508060217,2.560694456
15:10:07,2.562489271,3.508004665,2.55940032
15:10:07,2.561118126,3.507279158,2.559001446
15:10:07,2.561952353,3.507737398,2.560186625
15:10:07,2.561972141,3.507992268,2.559859037
15:10:07,2.56149292,3.507307291,2.559621096
15:10:07,2.561356068,3.509063721,2.559525251
15:10:07,2.562256575,3.507595062,2.560214996
15:10:07,2.562601089,3.508265257,2.55975461
15:10:07,2.562437773,3.506816626,2.559933424
15:10:07,2.560813904,3.506684303,2.558639288
15:10:07,2.561517477,3.507413149,2.559258938
15:10:07,2.56192255,3.507823467,2.560527086
15:10:07,2.561397076,3.507879496,2.56012392
15:10:07,2.562065363,3.507525921,2.559856653
15:10:07,2.561736107,3.506846905,2.559566975
15:10:07,2.561785698,3.507281065,2.560046911
15:10:07,2.561810493,3.507605314,2.559325457
15:10:07,2.562490702,3.50762248,2.560499668
15:10:07,2.561714411,3.507818699,2.559673786
15:10:07,2.562078238,3.507389545,2.561311483
15:10:07,2.562683582,3.507405996,2.559863806
15:10:07,2.561480999,3.506790638,2.559759855
15:10:07,2.562157631,3.50774312,2.560167551
15:10:07,2.561973333,3.50662446,2.560451746
15:10:07,2.561164618,3.506587029,2.559810877
15:10:07,2.562087059,3.50701189,2.559345245
15:10:07,2.56091547,3.506258011,2.558191299
15:10:07,2.561376572,3.506713629,2.55957818
15:10:07,2.560914278,3.507833242,2.560364723
15:10:07,2.561179161,3.507190704,2.559983492
15:10:07,2.561356068,3.506408215,2.558044434
15:10:07,2.56126833,3.506373167,2.55892086
15:10:07,2.562203884,3.507149935,2.55928874
15:10:07,2.562252045,3.507005215,2.560038567
15:10:07,2.562260151,3.507964373,2.559715033
15:10:07,2.561808348,3.506883383,2.560940981
15:10:07,2.56170249,3.507760763,2.559648275
15:10:07,2.561057568,3.507649183,2.559621096
15:10:07,2.562259436,3.5075984,2.559568882
15:10:07,2.562476873,3.507972717,2.560307503
15:10:07,2.562011003,3.507140875,2.55910778
15:10:07,2.561478615,3.50737524,2.559596062
15:10:07,2.562310934,3.508370876,2.560087919
15:10:07,2.562862635,3.508480072,2.560651541
15:10:07,2.562248945,3.507593155,2.559651136
15:10:07,2.562166214,3.507366896,2.560043097
15:10:07,2.562852144,3.50833869,2.56020236
15:10:07,2.561742783,3.507933855,2.560060263
15:10:07,2.562148571,3.507894754,2.56106019
15:10:07,2.562314272,3.50843358,2.559683323
15:10:07,2.56250453,3.508623838,2.560235023
15:10:07,2.562777519,3.506808043,2.559446335
15:10:07,2.562664509,3.50786376,2.560313463
15:10:07,2.561830282,3.50774312,2.5601964
15:10:07,2.562768936,3.508743525,2.560877085
15:10:07,2.563024521,3.509332657,2.560703278
15:10:07,2.562306166,3.50763154,2.559747934
15:10:07,2.562986374,3.508378744,2.560251951
15:10:07,2.562522173,3.507856846,2.559480906
15:10:07,2.56210351,3.508573771,2.56091404
15:10:07,2.561542511,3.507318258,2.559569359
15:10:07,2.561267614,3.507897854,2.561070919
15:10:07,2.562842607,3.508122444,2.560248852
15:10:07,2.562145948,3.506561041,2.559831381
15:10:07,2.561467886,3.508081436,2.560109138
15:10:07,2.561924934,3.507264376,2.560455799
15:10:07,2.561935425,3.50783515,2.560839415
15:10:07,2.563089132,3.508509874,2.560628414
15:10:07,2.561616421,3.507481337,2.560515881
15:10:07,2.562666416,3.507471085,2.559959173
15:10:07,2.561368704,3.50807929,2.559604645
15:10:07,2.562465429,3.507962942,2.560261965
15:10:07,2.562695026,3.508222103,2.559152126
15:10:07,2.561845064,3.50770545,2.560006618
15:10:07,2.561671972,3.508458853,2.559746027
15:10:07,2.561928988,3.507377863,2.559998035
15:10:07,2.562058449,3.508098364,2.560734987
15:10:07,2.562454462,3.508599997,2.560508728
15:10:07,2.563258171,3.508060217,2.560226917
15:10:07,2.562577248,3.507727623,2.560423851
15:10:07,2.562419176,3.507547379,2.560962439
15:10:07,2.561636448,3.507071257,2.559828758
15:10:07,2.561630487,3.506367922,2.559778452
15:10:07,2.56117177,3.506703854,2.55816555
15:10:07,2.562535763,3.506955624,2.560631037
15:10:07,2.561907291,3.508065462,2.559661388
15:10:07,2.562817574,3.507149458,2.560472727
15:10:07,2.56235528,3.508701801,2.561640024
15:10:07,2.562074423,3.507432699,2.559961796
15:10:07,2.562590361,3.508171082,2.559258938
15:10:07,2.561460495,3.508152962,2.561017752
15:10:07,2.562049866,3.507624149,2.56116271
15:10:07,2.562311649,3.50828433,2.560872316
15:10:07,2.563437462,3.50882864,2.560421944
15:10:07,2.562291861,3.508323908,2.560461521
15:10:07,2.561582804,3.50745225,2.559952497
15:10:07,2.561301231,3.507659674,2.560499668
15:10:07,2.561598778,3.50818491,2.560501337
15:10:08,2.562271118,3.507585287,2.560676336
15:10:08,2.563031673,3.508258581,2.559968233
15:10:08,2.561275482,3.508285522,2.55995369
15:10:08,2.562565804,3.508473158,2.55992198
15:10:08,2.563287973,3.508492231,2.561534882
15:10:08,2.562618256,3.50842309,2.560753345
15:10:08,2.562978268,3.508896828,2.562153339
15:10:08,2.562739134,3.508165359,2.560427904
15:10:08,2.562034845,3.508606911,2.559957981
15:10:08,2.562147141,3.507489443,2.561222315
15:10:08,2.56193614,3.508133888,2.560541391
15:10:08,2.562591791,3.508566618,2.560839415
15:10:08,2.562396049,3.507823467,2.55932045
15:10:08,2.56159234,3.507769108,2.56067872
15:10:08,2.562102079,3.507521391,2.560558319
15:10:08,2.561091185,3.506976128,2.560147524
15:10:08,2.56131649,3.506059408,2.560271978
15:10:08,2.562385082,3.507857561,2.559980154
15:10:08,2.562885761,3.507882118,2.560709715
15:10:08,2.562104225,3.507964373,2.559653521
15:10:08,2.561872721,3.507533789,2.560212851
15:10:08,2.562157631,3.508066177,2.561111689
15:10:08,2.563123465,3.508186102,2.561527729
15:10:08,2.562579155,3.508419752,2.559912682
15:10:08,2.562632799,3.508605003,2.560621977
15:10:08,2.563492537,3.509577274,2.560518742
15:10:08,2.563319683,3.509665489,2.561691284
15:10:08,2.562848091,3.508493423,2.5612216
15:10:08,2.562558651,3.508635044,2.560460806
15:10:08,2.562177658,3.508111238,2.560648203
15:10:08,2.56221652,3.508047342,2.560548544
15:10:08,2.561493635,3.508117199,2.560054302
15:10:08,2.562303066,3.508165836,2.560037851
15:10:08,2.562188625,3.508282661,2.560931921
15:10:08,2.563487053,3.508988857,2.560112
15:10:08,2.562163353,3.509441376,2.561323643
15:10:08,2.563029051,3.508965254,2.560445309
15:10:08,2.562751532,3.509129763,2.561287642
15:10:08,2.563007355,3.508136034,2.560301542
15:10:08,2.563397169,3.508014679,2.55953598
15:10:08,2.562503576,3.508380651,2.560703278
15:10:08,2.562857389,3.508376837,2.560517311
15:10:08,2.563052893,3.508857012,2.560718775
15:10:08,2.562723875,3.509298563,2.561505795
15:10:08,2.563695908,3.509245634,2.561225414
15:10:08,2.562486172,3.508722544,2.560945749
15:10:08,2.562484026,3.507600307,2.559980869
15:10:08,2.562735081,3.508599997,2.560620308
15:10:08,2.562460899,3.50726819,2.561079264
15:10:08,2.563575029,3.508620262,2.560060978
15:10:08,2.56323123,3.508422136,2.559943199
15:10:08,2.56199193,3.508615971,2.560600042
15:10:08,2.562709332,3.509081602,2.560132265
15:10:08,2.5623281,3.508832932,2.560199261
15:10:08,2.562842131,3.507776022,2.56143117
15:10:08,2.562636614,3.508168459,2.559497356
15:10:08,2.562816381,3.507073641,2.560706854
15:10:08,2.562435389,3.508439779,2.559746027
15:10:08,2.561163187,3.50696826,2.560937881
15:10:08,2.562739611,3.508309364,2.560198069
15:10:08,2.563701153,3.508683681,2.560471535
15:10:08,2.563117027,3.507646561,2.560532331
15:10:08,2.563158512,3.506987095,2.55983758
15:10:08,2.562779427,3.50817275,2.559221029
15:10:08,2.562349796,3.507745981,2.559852362
15:10:08,2.562678099,3.507035255,2.559507847
15:10:08,2.561727047,3.508270264,2.56043911
15:10:08,2.562303066,3.507185936,2.559774637
15:10:08,2.561970711,3.507816315,2.56101203
15:10:08,2.56120491,3.507327557,2.558896542
15:10:08,2.562318087,3.508173943,2.560733557
15:10:08,2.563060045,3.507205963,2.560871124
15:10:08,2.562606335,3.507807255,2.559585333
15:10:08,2.562684298,3.509011507,2.561417341
15:10:08,2.561633825,3.508450508,2.560398817
15:10:08,2.561120272,3.50797224,2.561231613
15:10:08,2.561821938,3.50822401,2.560482264
15:10:08,2.562162876,3.508344889,2.56007576
15:10:08,2.562055349,3.507800579,2.558705807
15:10:08,2.561500072,3.508229256,2.559448481
15:10:08,2.562726021,3.508694649,2.559959173
15:10:08,2.562461615,3.508257866,2.560698986
15:10:08,2.562478781,3.508036137,2.560633659
15:10:08,2.563405275,3.508272886,2.55991888
15:10:08,2.562966824,3.508982182,2.560572863
15:10:08,2.56272316,3.509228706,2.560580254
15:10:08,2.562372446,3.509241343,2.560086012
15:10:08,2.563028097,3.508046627,2.559700012
15:10:08,2.562215805,3.508205652,2.560620308
15:10:08,2.562235594,3.508454323,2.561263323
15:10:08,2.561993837,3.509280443,2.561563969
15:10:08,2.563210249,3.508483648,2.560458183
15:10:08,2.562641144,3.507423401,2.560715199
15:10:08,2.563037872,3.506832361,2.56070447
15:10:08,2.561576843,3.508485556,2.560779572
15:10:08,2.562535763,3.50773859,2.5607059
15:10:08,2.562793016,3.508265257,2.561210871
15:10:08,2.56297493,3.507882118,2.561737537
15:10:08,2.563844204,3.508321285,2.561818123
15:10:08,2.561992407,3.508164167,2.56009531
15:10:08,2.562001705,3.508776665,2.560054302
15:10:08,2.563416243,3.508303881,2.561115265
15:10:08,2.562686205,3.509074211,2.559962273
15:10:08,2.562503099,3.508419275,2.561789036
15:10:08,2.563143253,3.5084126,2.561099052
15:10:08,2.563460588,3.509289503,2.561407328
15:10:08,2.563005924,3.50833869,2.560608387
15:10:08,2.562272072,3.509114027,2.560362577
15:10:08,2.563506842,3.508798838,2.56146574
15:10:08,2.562258005,3.508397102,2.560096502
15:10:08,2.563010693,3.508849144,2.560560465
15:10:08,2.563258886,3.508853674,2.561662674
15:10:08,2.56306076,3.508443356,2.56040287
15:10:08,2.563169241,3.509001732,2.560602665
15:10:08,2.562752962,3.507767916,2.560685396
15:10:08,2.562339783,3.509175301,2.56132412
15:10:09,2.563444138,3.508992672,2.559575558
15:10:09,2.562124014,3.50797224,2.560002804
15:10:09,2.562179565,3.507313967,2.560260773
15:10:09,2.562876463,3.508267164,2.558642149
15:10:09,2.563037157,3.507391453,2.560691118
15:10:09,2.562268734,3.50792861,2.561267138
15:10:09,2.561997652,3.508942366,2.560432673
15:10:09,2.562017441,3.507356405,2.560011387
15:10:09,2.562458992,3.507583141,2.559734344
15:10:09,2.562396765,3.508140564,2.560314894
15:10:09,2.562003136,3.507292986,2.559422016
15:10:09,2.562488079,3.508245707,2.561022043
15:10:09,2.561580896,3.507588625,2.559584856
15:10:09,2.561804771,3.508003473,2.560887575
15:10:09,2.561948061,3.508626699,2.560424566
15:10:09,2.561833858,3.508620739,2.559046984
15:10:09,2.561600685,3.508267641,2.559951782
15:10:09,2.562032938,3.509143114,2.560641766
15:10:09,2.56233263,3.508545637,2.560762405
15:10:09,2.562470675,3.509067774,2.560383081
15:10:09,2.562205791,3.509132385,2.560584784
15:10:09,2.562865257,3.508282661,2.560467005
15:10:09,2.56233263,3.509019613,2.559849262
15:10:09,2.562674522,3.509029865,2.560456514
15:10:09,2.562256575,3.507775307,2.560752153
15:10:09,2.562439203,3.508203983,2.560881138
15:10:09,2.562772036,3.509057999,2.561216831
15:10:09,2.562061071,3.507391453,2.560762405
15:10:09,2.562332153,3.508327246,2.560253382
15:10:09,2.562678099,3.507916212,2.560531616
15:10:09,2.562226772,3.50806427,2.561580896
15:10:09,2.562926769,3.508025646,2.56015563
15:10:09,2.561670065,3.507590055,2.560765266
15:10:09,2.563584089,3.508051395,2.561265707
15:10:09,2.562061071,3.507101297,2.560281277
15:10:09,2.562542439,3.507263899,2.56111455
15:10:09,2.562651873,3.508154869,2.560917377
15:10:09,2.563493013,3.507724285,2.562664032
15:10:09,2.562618971,3.50855875,2.561075449
15:10:09,2.562727928,3.508121729,2.560743332
15:10:09,2.561950445,3.508312941,2.560094833
15:10:09,2.561773777,3.507469416,2.560005903
15:10:09,2.562155008,3.507749796,2.560453653
15:10:09,2.562299728,3.507925272,2.56129837
15:10:09,2.562429428,3.508200645,2.560002804
15:10:09,2.563205481,3.509583712,2.561177969
15:10:09,2.562954426,3.508229256,2.559702635
15:10:09,2.562683582,3.508961916,2.560669899
15:10:09,2.562879086,3.507833958,2.561484814
15:10:09,2.562697411,3.508946419,2.559775352
15:10:09,2.562721252,3.509327888,2.560491323
15:10:09,2.56358552,3.509397268,2.561063528
15:10:09,2.562815666,3.508874655,2.560773849
15:10:09,2.562639952,3.508743525,2.560814857
15:10:09,2.561982632,3.508319855,2.559826851
15:10:09,2.563033104,3.508125305,2.559357405
15:10:09,2.562999964,3.50830245,2.560105324
15:10:09,2.56239152,3.508243561,2.560859203
15:10:09,2.562316179,3.508735418,2.560096025
15:10:09,2.562347889,3.508926868,2.560590506
15:10:09,2.562924862,3.507991552,2.559408903
15:10:09,2.56318903,3.508480072,2.560270548
15:10:09,2.562449217,3.50900054,2.56097436
15:10:09,2.563237906,3.509579182,2.560137749
15:10:09,2.562602997,3.508824348,2.559600353
15:10:09,2.561869621,3.508588076,2.560023308
15:10:09,2.56218791,3.50851059,2.560494184
15:10:09,2.562220335,3.507226467,2.561086655
15:10:09,2.56251359,3.506983519,2.560399294
15:10:09,2.562445641,3.506891012,2.559254646
15:10:09,2.562600374,3.507701635,2.559453011
15:10:09,2.562289715,3.507930279,2.559886456
15:10:09,2.561998367,3.507480383,2.5601933
15:10:09,2.562932014,3.508213043,2.56122613
15:10:09,2.562995672,3.507288933,2.560474396
15:10:09,2.562636614,3.50797081,2.561415434
15:10:09,2.563224077,3.507759571,2.561291933
15:10:09,2.562528849,3.50895071,2.559636831
15:10:09,2.562340736,3.507708788,2.560612679
15:10:09,2.562947035,3.50884819,2.561478853
15:10:09,2.562133312,3.508533239,2.560241461
15:10:09,2.56327796,3.508096695,2.560699701
15:10:09,2.56203413,3.507802725,2.56056118
15:10:09,2.5618155,3.508064747,2.559732914
15:10:09,2.562501669,3.507380962,2.55981493
15:10:09,2.562717915,3.508026361,2.560755253
15:10:09,2.562839508,3.508402824,2.560841799
15:10:09,2.562527657,3.508111238,2.560054302
15:10:09,2.563165188,3.509462357,2.560543776
15:10:09,2.562511444,3.508765936,2.559813023
15:10:09,2.561979294,3.507552147,2.560112476
15:10:09,2.562222004,3.507574797,2.561676741
15:10:09,2.562235594,3.508469582,2.56001997
15:10:09,2.563027382,3.508277416,2.560643673
15:10:09,2.563120365,3.507762671,2.56048274
15:10:09,2.562128067,3.508459806,2.562290192
15:10:09,2.563503265,3.508603096,2.560996771
15:10:09,2.563272476,3.50859642,2.560936451
15:10:09,2.562423944,3.507566929,2.560435295
15:10:09,2.562915325,3.50811553,2.561074018
15:10:09,2.562508583,3.507300138,2.561833382
15:10:09,2.561995745,3.506998777,2.559817553
15:10:09,2.56189537,3.506863594,2.56067729
15:10:09,2.562276363,3.507433891,2.561146975
15:10:09,2.56162405,3.506605387,2.559563398
15:10:09,2.562425852,3.507107019,2.560451031
15:10:09,2.562169552,3.507501125,2.559115887
15:10:09,2.562655926,3.507056713,2.559537172
15:10:09,2.561783791,3.507379293,2.559293032
15:10:09,2.561918259,3.508133888,2.55978632
15:10:09,2.561540604,3.507129908,2.560631752
15:10:09,2.562189579,3.507537127,2.560335398
15:10:09,2.561856508,3.508308172,2.559387684
15:10:09,2.562453508,3.508094072,2.55984211
15:10:09,2.562279224,3.507225037,2.559874535
15:10:10,2.562570572,3.50844264,2.558829546
15:10:10,2.562144279,3.509114027,2.56007576
15:10:10,2.562205076,3.508509874,2.560882807
15:10:10,2.562373161,3.508926153,2.561099768
15:10:10,2.562410831,3.508882284,2.560675859
15:10:10,2.562665224,3.509448051,2.56058383
15:10:10,2.562839508,3.508422136,2.5597229
15:10:10,2.562508583,3.508488417,2.559760571
15:10:10,2.562439203,3.508678198,2.561348438
15:10:10,2.562986374,3.509006262,2.560508728
15:10:10,2.562996387,3.508582354,2.561509371
15:10:10,2.561946154,3.50792861,2.56132412
15:10:10,2.562586546,3.507538319,2.560299635
15:10:10,2.561903238,3.507509708,2.558861971
15:10:10,2.562282562,3.508118391,2.560090065
15:10:10,2.563006639,3.508083582,2.559798479
15:10:10,2.562131166,3.507495403,2.559731722
15:10:10,2.562630177,3.507076979,2.559151411
15:10:10,2.562728882,3.50748682,2.561048269
15:10:10,2.563001156,3.507909298,2.560793877
15:10:10,2.562670946,3.508471966,2.560684681
15:10:10,2.562396049,3.507695436,2.560251474
15:10:10,2.562699556,3.50770998,2.560690641
15:10:10,2.562308788,3.507585764,2.55978179
15:10:10,2.562464237,3.508997202,2.560815573
15:10:10,2.562375069,3.508764267,2.559631586
15:10:10,2.562508583,3.509233475,2.559929371
15:10:10,2.562840939,3.508986712,2.56060648
15:10:10,2.563245773,3.509706497,2.561612606
15:10:10,2.563072681,3.509590387,2.561387539
15:10:10,2.56265831,3.509226799,2.560097694
15:10:10,2.563022614,3.508941889,2.559887648
15:10:10,2.563352823,3.509907961,2.561626196
15:10:10,2.56278038,3.50840807,2.560703278
15:10:10,2.562007666,3.508406878,2.560877085
15:10:10,2.562399387,3.508894682,2.560517311
15:10:10,2.562471867,3.508404255,2.560890913
15:10:10,2.563140869,3.507635593,2.559922695
15:10:10,2.562800646,3.508712292,2.560843229
15:10:10,2.562645435,3.508406878,2.56133008
15:10:10,2.563622475,3.509131193,2.560446024
15:10:10,2.562378883,3.508163691,2.561930418
15:10:10,2.561353683,3.508199215,2.562148094
15:10:10,2.56276679,3.507433176,2.560771942
15:10:10,2.56166482,3.508476496,2.560502529
15:10:10,2.563251019,3.507875919,2.55894804
15:10:10,2.562454939,3.507100582,2.560171843
15:10:10,2.561668158,3.507212162,2.560573339
15:10:10,2.562231779,3.507450342,2.560933352
15:10:10,2.562857389,3.508622169,2.559244156
15:10:10,2.56257391,3.508953571,2.56199789
15:10:10,2.563487053,3.509048223,2.560251474
15:10:10,2.562864542,3.508459806,2.5603652
15:10:10,2.562268734,3.508272409,2.55995512
15:10:10,2.562021494,3.507457256,2.560365677
15:10:10,2.562280655,3.507919312,2.561070919
15:10:10,2.562892437,3.50797534,2.559294462
15:10:10,2.561928272,3.507527351,2.5598104
15:10:10,2.562587738,3.508449793,2.560812235
15:10:10,2.562456369,3.508122921,2.560367107
15:10:10,2.563247204,3.508565187,2.560950994
15:10:10,2.56337738,3.508599281,2.560857296
15:10:10,2.562686205,3.509495735,2.560129404
15:10:10,2.562553883,3.5100739,2.560207129
15:10:10,2.563333035,3.508714914,2.560475111
15:10:10,2.562593222,3.508910418,2.560017824
15:10:10,2.562734365,3.509135485,2.560316086
15:10:10,2.562956333,3.508254051,2.560117722
15:10:10,2.562126875,3.508078575,2.559860468
15:10:10,2.562678814,3.508659363,2.559055805
15:10:10,2.561261177,3.508001089,2.559489489
15:10:10,2.56196785,3.508112669,2.559240818
15:10:10,2.561747789,3.508267164,2.560820103
15:10:10,2.561547041,3.507861137,2.560084105
15:10:10,2.562587738,3.508090496,2.56033349
15:10:10,2.563108683,3.50841403,2.560138941
15:10:10,2.561940432,3.508332968,2.560134411
15:10:10,2.561835051,3.507850885,2.560778379
15:10:10,2.562654495,3.508272409,2.559580088
15:10:10,2.562097073,3.507824898,2.560156345
15:10:10,2.562362432,3.506695509,2.559594631
15:10:10,2.562743902,3.508766174,2.560203075
15:10:10,2.562260151,3.507945538,2.559962273
15:10:10,2.56230092,3.507931232,2.560867786
15:10:10,2.561710119,3.507044315,2.559033155
15:10:10,2.562366009,3.507868052,2.559838057
15:10:10,2.561570883,3.507926464,2.56032753
15:10:10,2.562878609,3.507711887,2.559373617
15:10:10,2.563021898,3.50851655,2.559863091
15:10:10,2.562848806,3.508854389,2.560369968
15:10:10,2.563269615,3.5092206,2.559533119
15:10:10,2.563216209,3.509072304,2.560930729
15:10:10,2.563148022,3.508779287,2.560733557
15:10:10,2.563134193,3.507630348,2.560171127
15:10:10,2.562378407,3.508504391,2.560147524
15:10:10,2.5627563,3.509453297,2.560326815
15:10:10,2.562517166,3.508920193,2.562037706
15:10:10,2.562795401,3.509126186,2.560690641
15:10:10,2.563274384,3.50851059,2.561816216
15:10:10,2.56349349,3.509009123,2.562015772
15:10:10,2.56300211,3.508361101,2.561084032
15:10:10,2.562273502,3.508049726,2.560636282
15:10:10,2.5630548,3.508977652,2.560667992
15:10:10,2.563411713,3.509752274,2.560165405
15:10:10,2.562126875,3.508346081,2.560837507
15:10:10,2.562949657,3.508701801,2.560002327
15:10:10,2.562423944,3.50748682,2.560585499
15:10:10,2.562261343,3.507999182,2.560355663
15:10:10,2.563200235,3.509346247,2.560555696
15:10:10,2.562752962,3.508741617,2.56042552
15:10:10,2.562643528,3.509503365,2.561622858
15:10:10,2.562575817,3.508081436,2.560304165
15:10:10,2.563186407,3.509043455,2.560199261
15:10:10,2.562381506,3.507990599,2.560460806
15:10:10,2.562804461,3.508710861,2.561894417
15:10:10,2.562773943,3.508473873,2.56058073
15:10:10,2.562739134,3.508951664,2.560811281
15:10:10,2.563343763,3.509631634,2.560825586
15:10:10,2.561947584,3.509258986,2.561511278
15:10:11,2.562848091,3.509209156,2.561111689
15:10:11,2.562650681,3.507929087,2.560329437
15:10:11,2.562873363,3.508588076,2.560230732
15:10:11,2.562549591,3.50854516,2.560261965
15:10:11,2.562596321,3.507882118,2.559821367
15:10:11,2.562667608,3.508526802,2.560750723
15:10:11,2.561509371,3.50703001,2.559993982
15:10:11,2.561707735,3.507603407,2.559323311
15:10:11,2.561875582,3.508244276,2.559233665
15:10:11,2.562268734,3.507185459,2.558969975
15:10:11,2.561826706,3.507606983,2.560238123
15:10:11,2.561892033,3.507297993,2.560345888
15:10:11,2.562413931,3.50722456,2.561277628
15:10:11,2.561687231,3.507104158,2.560342789
15:10:11,2.562474728,3.507867336,2.559467077
15:10:11,2.561602592,3.507767916,2.559414148
15:10:11,2.562162161,3.506955624,2.559936047
15:10:11,2.561780214,3.507460117,2.559663534
15:10:11,2.562395573,3.507927895,2.559767246
15:10:11,2.56238699,3.507990599,2.559999943
15:10:11,2.561718225,3.507903099,2.559381962
15:10:11,2.561780214,3.507718563,2.560430527
15:10:11,2.561315775,3.50761199,2.561644316
15:10:11,2.561930418,3.506997585,2.561968327
15:10:11,2.561582804,3.507398844,2.559993982
15:10:11,2.562322378,3.508869886,2.56008482
15:10:11,2.561804056,3.50795579,2.560152769
15:10:11,2.562972307,3.508690596,2.560113192
15:10:11,2.562996864,3.508421659,2.560245991
15:10:11,2.562406778,3.508718491,2.560755968
15:10:11,2.562526941,3.5087533,2.560140848
15:10:11,2.562519789,3.508920193,2.561051369
15:10:11,2.562261343,3.508684635,2.561147451
15:10:11,2.562462807,3.50861764,2.560001612
15:10:11,2.563081741,3.508203268,2.561233282
15:10:11,2.562519789,3.507786274,2.559648275
15:10:11,2.562592506,3.507564306,2.560807705
15:10:11,2.563178539,3.508074522,2.560650826
15:10:11,2.562400818,3.507903099,2.559670925
15:10:11,2.562810421,3.508658648,2.560139418
15:10:11,2.562533379,3.508400202,2.561023951
15:10:11,2.562258005,3.507147551,2.560711622
15:10:11,2.563276768,3.508734465,2.561145544
15:10:11,2.562832832,3.508513689,2.56008935
15:10:11,2.562195063,3.508852959,2.56088829
15:10:11,2.56239152,3.509090662,2.561472893
15:10:11,2.563318491,3.508340836,2.561646223
15:10:11,2.563384533,3.509077549,2.561040401
15:10:11,2.562300444,3.507721663,2.559769869
15:10:11,2.563576221,3.509530306,2.560521841
15:10:11,2.563050032,3.510091305,2.56081748
15:10:11,2.562220335,3.509152651,2.560065031
15:10:11,2.562517881,3.509402275,2.560986042
15:10:11,2.562615395,3.508393049,2.560222864
15:10:11,2.562900305,3.508278131,2.560022593
15:10:11,2.562645435,3.508783102,2.560305595
15:10:11,2.562544107,3.508739471,2.559643507
15:10:11,2.562401295,3.507422209,2.560212374
15:10:11,2.562072515,3.507639408,2.559999466
15:10:11,2.561446905,3.507748365,2.559942484
15:10:11,2.562371016,3.50800395,2.559911251
15:10:11,2.563050032,3.508189917,2.561267853
15:10:11,2.562910318,3.508251429,2.561312199
15:10:11,2.562884331,3.508631229,2.560317516
15:10:11,2.562958479,3.508603096,2.560591459
15:10:11,2.562522888,3.508623838,2.559853315
15:10:11,2.562884331,3.508437395,2.559748888
15:10:11,2.562595606,3.507888794,2.56102252
15:10:11,2.563419819,3.507531166,2.560786486
15:10:11,2.562943935,3.508186817,2.561685324
15:10:11,2.563275576,3.509696007,2.561202288
15:10:11,2.563199043,3.508522749,2.559967756
15:10:11,2.563476324,3.509069681,2.560458899
15:10:11,2.562937737,3.508696318,2.560157537
15:10:11,2.563271523,3.508894682,2.560859203
15:10:11,2.562670946,3.50890851,2.561487436
15:10:11,2.562740326,3.509605885,2.561806679
15:10:11,2.562419891,3.509262085,2.559668064
15:10:11,2.563394547,3.509198189,2.560210943
15:10:11,2.562012911,3.509559631,2.561704397
15:10:11,2.563160181,3.509065151,2.560854435
15:10:11,2.562889099,3.508898258,2.561166525
15:10:11,2.561784267,3.50798583,2.56065464
15:10:11,2.563052893,3.509315014,2.56154418
15:10:11,2.562939882,3.509478807,2.561208248
15:10:11,2.562525034,3.507021904,2.560445309
15:10:11,2.562332153,3.508651495,2.560299635
15:10:11,2.562236786,3.50888896,2.560231447
15:10:11,2.562708616,3.508327246,2.560826778
15:10:11,2.563432693,3.508650064,2.558644295
15:10:11,2.562493324,3.507463217,2.559470177
15:10:11,2.56206727,3.507736683,2.560614824
15:10:11,2.562514305,3.507379293,2.561497927
15:10:11,2.562978983,3.507994175,2.559782505
15:10:11,2.562787533,3.507483482,2.559873104
15:10:11,2.562547922,3.507484674,2.560460329
15:10:11,2.562304497,3.508010149,2.558921337
15:10:11,2.562478065,3.507308483,2.559127569
15:10:11,2.563128471,3.508956194,2.56080842
15:10:11,2.562991381,3.508555412,2.56152916
15:10:11,2.563407183,3.508278131,2.560100079
15:10:11,2.562904358,3.508717775,2.560992241
15:10:11,2.563005924,3.507780313,2.561152697
15:10:11,2.562179565,3.50772047,2.561043739
15:10:11,2.563211679,3.508011341,2.560254574
15:10:11,2.562308788,3.507684708,2.559856653
15:10:11,2.562337875,3.507512569,2.560789585
15:10:11,2.563478947,3.508503199,2.56027317
15:10:11,2.563016653,3.508836746,2.560352087
15:10:11,2.562443733,3.507542372,2.560990095
15:10:11,2.562321424,3.50761199,2.558852673
15:10:11,2.562118769,3.507657766,2.559342384
15:10:11,2.562601089,3.508664131,2.56132412
15:10:11,2.562952042,3.508424997,2.559875011
15:10:11,2.562976837,3.509224415,2.560325861
15:10:11,2.562353373,3.508229971,2.559602022
15:10:11,2.561734676,3.507331371,2.559692621
15:10:11,2.561788559,3.507431984,2.560251474
15:10:11,2.561509371,3.506372452,2.559974909
15:10:12,2.563213587,3.508514166,2.559653521
15:10:12,2.562547922,3.509026051,2.560593843
15:10:12,2.562143564,3.50878644,2.559929371
15:10:12,2.562733889,3.50863719,2.559450626
15:10:12,2.562600374,3.508666515,2.561038971
15:10:12,2.563362837,3.508663177,2.561875582
15:10:12,2.563058376,3.509341717,2.559873104
15:10:12,2.563534498,3.50868082,2.55995512
15:10:12,2.563162088,3.508690596,2.560753345
15:10:12,2.563162088,3.509393215,2.56173563
15:10:12,2.56352663,3.509771824,2.56163168
15:10:12,2.562898874,3.509279013,2.560631037
15:10:12,2.562983036,3.509371758,2.561104536
15:10:12,2.562042713,3.509439468,2.56043458
15:10:12,2.562506437,3.508682251,2.561442375
15:10:12,2.562927485,3.507313251,2.560003996
15:10:12,2.561722279,3.50842452,2.560065985
15:10:12,2.562626123,3.507127285,2.560722351
15:10:12,2.562830925,3.508359671,2.560393572
15:10:12,2.561786175,3.508160114,2.560143709
15:10:12,2.562612295,3.509750843,2.55984807
15:10:12,2.562109947,3.507961035,2.559272528
15:10:12,2.56147027,3.50793767,2.559709787
15:10:12,2.561974764,3.509085894,2.559122086
15:10:12,2.562871933,3.509408951,2.559833288
15:10:12,2.561831236,3.508035421,2.559691906
15:10:12,2.561632395,3.507791281,2.560669899
15:10:12,2.562104702,3.508749247,2.559298515
15:10:12,2.562312365,3.508305788,2.559870243
15:10:12,2.562558651,3.50903511,2.559820175
15:10:12,2.562629223,3.507287264,2.559403658
15:10:12,2.561789513,3.507026672,2.560345411
15:10:12,2.562026739,3.506813526,2.560285091
15:10:12,2.561917782,3.507274866,2.559347868
15:10:12,2.561959505,3.508130789,2.559957981
15:10:12,2.562347889,3.508272409,2.560577393
15:10:12,2.56224823,3.508603096,2.559021711
15:10:12,2.561825514,3.508146524,2.560169935
15:10:12,2.563251019,3.507785797,2.559750795
15:10:12,2.561640263,3.507569075,2.559925318
15:10:12,2.562565804,3.508652687,2.56050396
15:10:12,2.562924147,3.508500099,2.559559107
15:10:12,2.561876774,3.508285522,2.560193777
15:10:12,2.562308788,3.509231567,2.560703278
15:10:12,2.562820435,3.507096767,2.560571909
15:10:12,2.561979771,3.508099556,2.560121059
15:10:12,2.562053204,3.507576704,2.561330795
15:10:12,2.562431097,3.507759571,2.558984756
15:10:12,2.561956882,3.508256197,2.560868502
15:10:12,2.561835051,3.507031679,2.558926821
15:10:12,2.561937571,3.506638527,2.560849428
15:10:12,2.561674833,3.507499218,2.559213638
15:10:12,2.561869144,3.507274151,2.560115814
15:10:12,2.56200242,3.508397102,2.55995512
15:10:12,2.562399387,3.508372068,2.559323311
15:10:12,2.56269002,3.508378267,2.560592175
15:10:12,2.563035727,3.508488417,2.560665369
15:10:12,2.56192112,3.508628607,2.560335875
15:10:12,2.56235528,3.507725,2.560271978
15:10:12,2.561902761,3.508571386,2.560247421
15:10:12,2.562179565,3.508299589,2.55906105
15:10:12,2.561789513,3.507642746,2.559375048
15:10:12,2.562144995,3.50797224,2.561051369
15:10:12,2.56289053,3.509352207,2.560047626
15:10:12,2.561689138,3.509059906,2.56082201
15:10:12,2.563414812,3.509907961,2.561450243
15:10:12,2.563522816,3.509536982,2.561151981
15:10:12,2.56195879,3.507521391,2.559544325
15:10:12,2.562688112,3.50916028,2.560734987
15:10:12,2.562360525,3.509919167,2.561306715
15:10:12,2.562450171,3.50852108,2.560754776
15:10:12,2.562915325,3.507962465,2.560533047
15:10:12,2.561763287,3.508086205,2.559934616
15:10:12,2.561078548,3.507445097,2.56108737
15:10:12,2.562742233,3.507834673,2.559900761
15:10:12,2.562672377,3.507463217,2.560696363
15:10:12,2.561774492,3.506475449,2.559764624
15:10:12,2.561915159,3.506122589,2.55951333
15:10:12,2.562622786,3.506366014,2.559314966
15:10:12,2.562431097,3.50711298,2.560055017
15:10:12,2.5625,3.508473873,2.560154915
15:10:12,2.56337738,3.506663561,2.55929637
15:10:12,2.561869144,3.507520199,2.559993982
15:10:12,2.562726736,3.507306099,2.561375618
15:10:12,2.562153578,3.508095503,2.559977055
15:10:12,2.562252045,3.507953167,2.559374571
15:10:12,2.5625453,3.507430553,2.560179234
15:10:12,2.562205076,3.506889105,2.558833599
15:10:12,2.561622381,3.507111073,2.559738159
15:10:12,2.562231064,3.508514881,2.560330629
15:10:12,2.562595606,3.508019209,2.560016632
15:10:12,2.56193614,3.508180857,2.558706522
15:10:12,2.562243462,3.508556128,2.560260773
15:10:12,2.562148571,3.507524729,2.559662819
15:10:12,2.561874628,3.508759022,2.560308456
15:10:12,2.56268096,3.509607315,2.560379744
15:10:12,2.562864542,3.509824753,2.560338497
15:10:12,2.563030243,3.509527683,2.561659336
15:10:12,2.562050581,3.509356737,2.559818745
15:10:12,2.562945843,3.509769678,2.560551405
15:10:12,2.562785864,3.508547068,2.559057713
15:10:12,2.562679529,3.508592606,2.560679913
15:10:12,2.562875986,3.508776665,2.559841394
15:10:12,2.563095093,3.507880211,2.560361862
15:10:12,2.56214118,3.507879496,2.560059547
15:10:12,2.562879801,3.509219646,2.561621666
15:10:12,2.56380105,3.508677483,2.560931444
15:10:12,2.563257694,3.508553505,2.562095642
15:10:12,2.563004732,3.50890851,2.561342716
15:10:12,2.562552214,3.508736134,2.560414791
15:10:12,2.562010288,3.508346796,2.560008764
15:10:12,2.563163042,3.508944511,2.560018539
15:10:12,2.563135624,3.508147717,2.560663462
15:10:12,2.562411308,3.508021116,2.561358929
15:10:12,2.562777519,3.508070946,2.560257196
15:10:12,2.562682867,3.508125305,2.560371876
15:10:13,2.562525034,3.507122755,2.560250044
15:10:13,2.562422752,3.507472992,2.55932498
15:10:13,2.561769724,3.508084297,2.559688568
15:10:13,2.562114239,3.507781506,2.559529066
15:10:13,2.562102795,3.508276939,2.560059547
15:10:13,2.562180758,3.508390427,2.559661388
15:10:13,2.563863516,3.510016918,2.560215473
15:10:13,2.563073397,3.508980989,2.559996128
15:10:13,2.563518047,3.508757114,2.560914516
15:10:13,2.563714266,3.509705067,2.559887648
15:10:13,2.562528133,3.508496046,2.561287642
15:10:13,2.562642813,3.50883913,2.560820818
15:10:13,2.562083006,3.509587765,2.561036825
15:10:13,2.562942028,3.509463787,2.560966253
15:10:13,2.561679125,3.508082628,2.560460806
15:10:13,2.562217712,3.508245707,2.560110331
15:10:13,2.561590672,3.507844925,2.559911251
15:10:13,2.56264925,3.507918119,2.560904026
15:10:13,2.56289506,3.508018017,2.560408115
15:10:13,2.563008547,3.508309364,2.559733629
15:10:13,2.563559532,3.507958651,2.559775352
15:10:13,2.562525749,3.507499933,2.559809446
15:10:13,2.561463118,3.506421328,2.559228897
15:10:13,2.561471701,3.507758856,2.558757305
15:10:13,2.562846661,3.50794673,2.559839249
15:10:13,2.562942505,3.507853985,2.559807539
15:10:13,2.562154293,3.506707191,2.560484886
15:10:13,2.562641859,3.508061886,2.560871601
15:10:13,2.56300807,3.507719755,2.560772419
15:10:13,2.562575817,3.508211851,2.560833216
15:10:13,2.56251359,3.507464409,2.558788538
15:10:13,2.562824726,3.508523464,2.560395718
15:10:13,2.562515736,3.508592129,2.559613943
15:10:13,2.563068867,3.50854516,2.560626268
15:10:13,2.562116861,3.506571531,2.559320927
15:10:13,2.56291151,3.508317232,2.560905457
15:10:13,2.562874317,3.508289099,2.56081295
15:10:13,2.562745094,3.507444382,2.559778452
15:10:13,2.562574625,3.50747776,2.560411453
15:10:13,2.561727285,3.507946014,2.559427261
15:10:13,2.562421083,3.50796175,2.56029892
15:10:13,2.562303066,3.507600307,2.560238123
15:10:13,2.562901735,3.507766247,2.560189724
15:10:13,2.563068151,3.508845329,2.560713053
15:10:13,2.561441422,3.50783968,2.55943203
15:10:13,2.560840607,3.507471085,2.559159517
15:10:13,2.56204915,3.507398129,2.560283899
15:10:13,2.562316895,3.506397963,2.559561491
15:10:13,2.56105113,3.506686687,2.559662819
15:10:13,2.562538862,3.50774765,2.559735298
15:10:13,2.562203884,3.507869005,2.560293674
15:10:13,2.563173056,3.507715225,2.560745478
15:10:13,2.562094212,3.508180857,2.559583426
15:10:13,2.563017845,3.506962776,2.560099363
15:10:13,2.561380625,3.508121014,2.559319019
15:10:13,2.562287807,3.508177757,2.560610056
15:10:13,2.562460899,3.508393526,2.561290264
15:10:13,2.562256098,3.50797224,2.559869051
15:10:13,2.561942816,3.507375956,2.559780598
15:10:13,2.5613482,3.506523609,2.559448481
15:10:13,2.561760426,3.507784367,2.559970379
15:10:13,2.562287092,3.508013248,2.560072899
15:10:13,2.562715292,3.507334709,2.560656548
15:10:13,2.561915159,3.507228374,2.559736013
15:10:13,2.562783241,3.507638216,2.560178757
15:10:13,2.561831236,3.508414745,2.561242104
15:10:13,2.562006235,3.50816083,2.560233355
15:10:13,2.562191963,3.508016109,2.559732437
15:10:13,2.562124491,3.507290125,2.560371876
15:10:13,2.562262058,3.507668734,2.559376478
15:10:13,2.562680006,3.507787466,2.558496714
15:10:13,2.561461926,3.508224726,2.559089422
15:10:13,2.562022209,3.508188725,2.559537888
15:10:13,2.562438488,3.507558584,2.559313536
15:10:13,2.561991215,3.508092403,2.560433388
15:10:13,2.562268019,3.508836746,2.559149504
15:10:13,2.561984777,3.508177757,2.559379101
15:10:13,2.561923504,3.508592606,2.55940485
15:10:13,2.562228441,3.507657051,2.559568167
15:10:13,2.561254978,3.50821805,2.559639215
15:10:13,2.562131643,3.508228064,2.560821295
15:10:13,2.563277483,3.508495331,2.560480356
15:10:13,2.562484026,3.507910728,2.559459925
15:10:13,2.562475443,3.50758934,2.559478045
15:10:13,2.562071085,3.507645845,2.559849262
15:10:13,2.562084436,3.507540226,2.560365677
15:10:13,2.562602997,3.507093906,2.559880972
15:10:13,2.56174469,3.506803751,2.561522007
15:10:13,2.560960531,3.506133795,2.558890343
15:10:13,2.562090158,3.506349087,2.559746742
15:10:13,2.562351227,3.50671649,2.560750723
15:10:13,2.561814785,3.506920099,2.560383797
15:10:13,2.562082291,3.507424116,2.559642076
15:10:13,2.562440157,3.5076437,2.559933424
15:10:13,2.562690735,3.507144451,2.559018135
15:10:13,2.562275887,3.50737524,2.559720993
15:10:13,2.561874628,3.507285357,2.560006618
15:10:13,2.561317921,3.506329298,2.560038567
15:10:13,2.562139988,3.507657051,2.559864521
15:10:13,2.561790228,3.506712914,2.558436632
15:10:13,2.561574221,3.507358789,2.559731722
15:10:13,2.562142372,3.507746458,2.560286522
15:10:13,2.562299013,3.507653236,2.558459997
15:10:13,2.561635733,3.507956505,2.559453011
15:10:13,2.561775923,3.508284807,2.56079936
15:10:13,2.561690569,3.507006645,2.559458256
15:10:13,2.561582804,3.507014513,2.55989027
15:10:13,2.5627563,3.507940292,2.561333418
15:10:13,2.562262774,3.508497477,2.560614347
15:10:13,2.562214375,3.508235693,2.560075998
15:10:13,2.562443733,3.508378744,2.55971837
15:10:13,2.562139273,3.507783175,2.559043169
15:10:13,2.562140465,3.508266449,2.559484243
15:10:13,2.561275482,3.506957054,2.560079336
15:10:13,2.562320709,3.506905556,2.559271336
15:10:14,2.562159777,3.507403374,2.560266018
15:10:14,2.561903238,3.507587194,2.559758663
15:10:14,2.562589169,3.507852793,2.559203863
15:10:14,2.562164068,3.507353544,2.560569525
15:10:14,2.562706232,3.507565022,2.559551001
15:10:14,2.562388659,3.507212877,2.559653997
15:10:14,2.562078238,3.507776022,2.560875654
15:10:14,2.563020706,3.507992983,2.561128378
15:10:14,2.562371492,3.507367611,2.559791565
15:10:14,2.56264925,3.508230686,2.559668064
15:10:14,2.562551498,3.50834012,2.559878588
15:10:14,2.563193083,3.507525206,2.560882092
15:10:14,2.562692642,3.508867979,2.559709072
15:10:14,2.562912226,3.507530451,2.560349941
15:10:14,2.562704086,3.507196903,2.559780598
15:10:14,2.562245369,3.508090973,2.560487747
15:10:14,2.562640667,3.508219481,2.561060905
15:10:14,2.56326437,3.509119987,2.561408997
15:10:14,2.562944889,3.508237839,2.559345245
15:10:14,2.562055349,3.508353233,2.560368299
15:10:14,2.56221056,3.508500099,2.560400009
15:10:14,2.562543154,3.508783102,2.560773134
15:10:14,2.561929703,3.50983882,2.561355829
15:10:14,2.563177824,3.509333372,2.561625242
15:10:14,2.563639641,3.508948326,2.560134411
15:10:14,2.563692331,3.509696007,2.560375452
15:10:14,2.563253403,3.508971691,2.559989691
15:10:14,2.563316822,3.509616375,2.561232328
15:10:14,2.562813044,3.509318829,2.560718775
15:10:14,2.562553883,3.508524895,2.56191659
15:10:14,2.563031673,3.508184433,2.560837507
15:10:14,2.56227994,3.509093761,2.560976744
15:10:14,2.561769009,3.508517742,2.560068846
15:10:14,2.562102079,3.507612705,2.559419394
15:10:14,2.562347174,3.50746727,2.560670853
15:10:14,2.562620878,3.50831151,2.559736967
15:10:14,2.562017441,3.507210732,2.560825586
15:10:14,2.561940432,3.507237434,2.559768677
15:10:14,2.561725616,3.507469416,2.560726881
15:10:14,2.562443733,3.508049726,2.560122967
15:10:14,2.560976267,3.50702095,2.560265303
15:10:14,2.561181068,3.507467985,2.559975386
15:10:14,2.561842918,3.508476496,2.55973959
15:10:14,2.561912775,3.507387161,2.559420109
15:10:14,2.560746908,3.507700205,2.559375763
15:10:14,2.562496424,3.508393526,2.559509993
15:10:14,2.562022924,3.507825375,2.560643673
15:10:14,2.561524153,3.507133245,2.559463024
15:10:14,2.561391354,3.507304907,2.560321093
15:10:14,2.56371212,3.508294106,2.56157732
15:10:14,2.5623281,3.509353638,2.560560465
15:10:14,2.562320709,3.508775711,2.560157537
15:10:14,2.562708139,3.508664131,2.559901953
15:10:14,2.561491728,3.507490158,2.559155703
15:10:14,2.562376499,3.508044004,2.560469627
15:10:14,2.562148571,3.507252455,2.56029129
15:10:14,2.561005116,3.507825375,2.560002327
15:10:14,2.561033249,3.507967472,2.560012579
15:10:14,2.562483311,3.508395195,2.559173584
15:10:14,2.562540293,3.507111073,2.560065985
15:10:14,2.561826706,3.50784564,2.560156345
15:10:14,2.561617851,3.508250713,2.560063601
15:10:14,2.5623281,3.50844717,2.559575558
15:10:14,2.562534809,3.507858276,2.559291601
15:10:14,2.562740326,3.508237839,2.561187983
15:10:14,2.562324286,3.507548094,2.559808254
15:10:14,2.562190771,3.507767916,2.560429811
15:10:14,2.5623703,3.507868528,2.561827421
15:10:14,2.561641693,3.507792234,2.561291933
15:10:14,2.56311059,3.508346796,2.560764074
15:10:14,2.561384201,3.507487535,2.559266806
15:10:14,2.561814785,3.506671906,2.559172153
15:10:14,2.562324286,3.508205175,2.560765982
15:10:14,2.563043594,3.508286715,2.559653997
15:10:14,2.562330008,3.507250547,2.560137749
15:10:14,2.56147933,3.506870747,2.559970379
15:10:14,2.561605215,3.507778883,2.560343981
15:10:14,2.56178236,3.507473707,2.558604717
15:10:14,2.561187744,3.507029295,2.55941534
15:10:14,2.561794281,3.506588936,2.559781313
15:10:14,2.561897993,3.50673461,2.559886932
15:10:14,2.561310768,3.506990433,2.55906558
15:10:14,2.56195426,3.507619858,2.559645653
15:10:14,2.562052727,3.507817745,2.559288025
15:10:14,2.562120676,3.50737977,2.559791565
15:10:14,2.561590195,3.507522345,2.560943842
15:10:14,2.562367201,3.506768227,2.560777187
15:10:14,2.562635422,3.508241653,2.559981585
15:10:14,2.561964273,3.507472992,2.559445381
15:10:14,2.561063051,3.506206274,2.559615135
15:10:14,2.56098175,3.506829023,2.559519768
15:10:14,2.5625,3.508648872,2.560740709
15:10:14,2.562894106,3.507195711,2.559863091
15:10:14,2.56211257,3.508178234,2.561796427
15:10:14,2.561902046,3.508136749,2.55943346
15:10:14,2.561720848,3.508453846,2.559705019
15:10:14,2.561794281,3.508280039,2.560596466
15:10:14,2.56230092,3.509007692,2.561690331
15:10:14,2.561267614,3.506930828,2.559832811
15:10:14,2.562419176,3.508432865,2.559338093
15:10:14,2.562361717,3.509087324,2.56071043
15:10:14,2.562294483,3.508362293,2.560342789
15:10:14,2.561450005,3.508060217,2.560647011
15:10:14,2.562252045,3.507853508,2.559900761
15:10:14,2.56185174,3.507941008,2.560623169
15:10:14,2.562464714,3.508684158,2.560390949
15:10:14,2.562772751,3.507763386,2.559649467
15:10:14,2.563126802,3.508708,2.560638189
15:10:14,2.56196475,3.507941008,2.560988665
15:10:14,2.562275887,3.508415222,2.560523987
15:10:14,2.562313557,3.508154869,2.560855865
15:10:14,2.562005043,3.508224726,2.561143398
15:10:14,2.56188941,3.507520676,2.560024023
15:10:14,2.562621355,3.508272886,2.560826778
15:10:14,2.562624931,3.508579493,2.561101198
15:10:14,2.562903643,3.508237839,2.560544252
15:10:14,2.563438177,3.508970499,2.561558962
15:10:14,2.56218791,3.509056091,2.560778379
15:10:14,2.562594652,3.509646177,2.562433004
15:10:15,2.563272953,3.508620739,2.560347795
15:10:15,2.563069344,3.508631229,2.560554266
15:10:15,2.562826395,3.509138823,2.560127497
15:10:15,2.562683582,3.508116484,2.559485674
15:10:15,2.562324286,3.508452415,2.559474468
15:10:15,2.561940908,3.508310795,2.560862541
15:10:15,2.562273979,3.507866621,2.560203791
15:10:15,2.562530518,3.508222103,2.560206413
15:10:15,2.562742233,3.507730722,2.559771776
15:10:15,2.563004017,3.50924921,2.561653376
15:10:15,2.562628508,3.509750366,2.560851812
15:10:15,2.562733889,3.50867033,2.560526609
15:10:15,2.563118458,3.508975744,2.559818268
15:10:15,2.562322855,3.50807786,2.55922246
15:10:15,2.563338995,3.508376837,2.560625553
15:10:15,2.562415838,3.507674217,2.559405565
15:10:15,2.56203866,3.507649183,2.559499502
15:10:15,2.561561823,3.507656336,2.560663462
15:10:15,2.563644409,3.510177612,2.561129093
15:10:15,2.562552214,3.508606195,2.561508656
15:10:15,2.564104795,3.508602619,2.560112
15:10:15,2.562563419,3.508811712,2.561485291
15:10:15,2.562893629,3.508982897,2.561233997
15:10:15,2.562507868,3.508167267,2.560539722
15:10:15,2.562746286,3.508007526,2.56116271
15:10:15,2.562451601,3.507569075,2.560756922
15:10:15,2.561774492,3.506915808,2.559778452
15:10:15,2.561693192,3.507469416,2.558390617
15:10:15,2.562937737,3.50779295,2.561401367
15:10:15,2.563884974,3.508991241,2.561932564
15:10:15,2.563099146,3.509545326,2.561667919
15:10:15,2.562741518,3.508151531,2.560329437
15:10:15,2.561681271,3.507996559,2.559541225
15:10:15,2.562748909,3.507702112,2.559780598
15:10:15,2.561722279,3.508002758,2.560906172
15:10:15,2.56235981,3.507923365,2.560422659
15:10:15,2.562394142,3.507422924,2.55953598
15:10:15,2.56175971,3.507056713,2.559021711
15:10:15,2.562231779,3.507539511,2.560150146
15:10:15,2.561986923,3.508957386,2.559920549
15:10:15,2.562819958,3.508660555,2.559598684
15:10:15,2.562408209,3.50883007,2.559045076
15:10:15,2.562289,3.507424831,2.559633732
15:10:15,2.561924934,3.507045746,2.558883905
15:10:15,2.561892033,3.50710845,2.558461905
15:10:15,2.561570406,3.50689888,2.559957981
15:10:15,2.561336994,3.5070436,2.558696508
15:10:15,2.561374187,3.507610083,2.559948444
15:10:15,2.561969519,3.508480549,2.559780598
15:10:15,2.562801123,3.508269072,2.561081171
15:10:15,2.562090158,3.508111954,2.559471607
15:10:15,2.562904358,3.507891893,2.561009884
15:10:15,2.562664509,3.508172035,2.560455799
15:10:15,2.562943935,3.508857965,2.55940938
15:10:15,2.56224227,3.507362843,2.560338497
15:10:15,2.562776089,3.507540941,2.560374975
15:10:15,2.563159466,3.508398771,2.560138941
15:10:15,2.562336206,3.508866072,2.559972286
15:10:15,2.562585592,3.507944822,2.56103754
15:10:15,2.562615395,3.510247231,2.561629772
15:10:15,2.56367135,3.509236574,2.559993267
15:10:15,2.562914848,3.509284258,2.561896801
15:10:15,2.562452793,3.508018494,2.559621096
15:10:15,2.563434124,3.508778572,2.561413288
15:10:15,2.563384533,3.509321451,2.561358213
15:10:15,2.564104795,3.509754181,2.561490774
15:10:15,2.562605619,3.509769201,2.56125927
15:10:15,2.564166307,3.509857655,2.560863018
15:10:15,2.562726021,3.509269238,2.560797691
15:10:15,2.563628912,3.508734465,2.560586691
15:10:15,2.563064098,3.509001017,2.561389446
15:10:15,2.562593222,3.507884979,2.560409307
15:10:15,2.562917471,3.50880146,2.561005354
15:10:15,2.562806606,3.509022474,2.560865164
15:10:15,2.562232256,3.508361101,2.560151577
15:10:15,2.562433004,3.508294106,2.56071043
15:10:15,2.562708616,3.508635044,2.560678005
15:10:15,2.562415361,3.507369995,2.560358524
15:10:15,2.562511444,3.508725643,2.560580254
15:10:15,2.562296152,3.508178234,2.560176611
15:10:15,2.562770128,3.50863719,2.561166525
15:10:15,2.562295437,3.50805831,2.56030488
15:10:15,2.562700033,3.508186102,2.560666084
15:10:15,2.562366724,3.508416653,2.55970788
15:10:15,2.562464714,3.5081985,2.5602355
15:10:15,2.562173367,3.507099867,2.558950424
15:10:15,2.562547445,3.507004023,2.560499907
15:10:15,2.561647415,3.507524729,2.559795856
15:10:15,2.563306093,3.507765532,2.560598612
15:10:15,2.561679125,3.507300854,2.559840441
15:10:15,2.562661886,3.507962942,2.560072184
15:10:15,2.563465118,3.508857965,2.560564041
15:10:15,2.563002825,3.509129047,2.561622858
15:10:15,2.563817263,3.509118795,2.560926437
15:10:15,2.563328266,3.509613037,2.5616045
15:10:15,2.563084602,3.508618832,2.560179234
15:10:15,2.563346863,3.508806229,2.561108112
15:10:15,2.562992096,3.508531809,2.56041193
15:10:15,2.562322855,3.508486271,2.560737371
15:10:15,2.562610865,3.507662535,2.559725046
15:10:15,2.562321424,3.508938551,2.560307503
15:10:15,2.561843872,3.50789237,2.559845209
15:10:15,2.562208652,3.507743835,2.561628103
15:10:15,2.561924219,3.509128571,2.560371161
15:10:15,2.562639952,3.5093894,2.560557604
15:10:15,2.563821554,3.509721041,2.560671568
15:10:15,2.562884331,3.50868082,2.559645653
15:10:15,2.562384129,3.508506775,2.560467958
15:10:15,2.562980175,3.50844264,2.560370445
15:10:15,2.562653303,3.508759022,2.559533119
15:10:15,2.562935352,3.50914526,2.560786963
15:10:15,2.563173771,3.50883913,2.560097218
15:10:15,2.562924862,3.509549379,2.559927464
15:10:15,2.562498093,3.508740902,2.559969664
15:10:15,2.562159777,3.508347273,2.559475183
15:10:15,2.561829329,3.506850481,2.559651852
15:10:15,2.562280655,3.508574963,2.561548948
15:10:15,2.561744213,3.507546663,2.559139013
15:10:15,2.561660051,3.50779295,2.560158253
15:10:16,2.562764168,3.508023739,2.558163166
15:10:16,2.561352968,3.507502317,2.559258223
15:10:16,2.562398672,3.508305073,2.559233665
15:10:16,2.563134193,3.508478165,2.561453104
15:10:16,2.563394547,3.50795722,2.561044216
15:10:16,2.562929392,3.508562565,2.560152054
15:10:16,2.56277132,3.508404255,2.559646368
15:10:16,2.562140465,3.507580757,2.559162855
15:10:16,2.562282562,3.507765532,2.560601234
15:10:16,2.562338591,3.50787425,2.560286522
15:10:16,2.562762022,3.507191896,2.56009841
15:10:16,2.562536955,3.507401228,2.55978775
15:10:16,2.56210351,3.507058144,2.560088634
15:10:16,2.562124491,3.507852793,2.560408831
15:10:16,2.56302309,3.507349014,2.560113907
15:10:16,2.56309247,3.509012222,2.560299635
15:10:16,2.56261301,3.507764339,2.560124636
15:10:16,2.562308788,3.507270098,2.559011936
15:10:16,2.562026501,3.506884575,2.560039759
15:10:16,2.562034845,3.508707523,2.559936047
15:10:16,2.562359095,3.508500814,2.560379744
15:10:16,2.56235528,3.50868535,2.560669184
15:10:16,2.562486172,3.508448601,2.560917377
15:10:16,2.562550783,3.507944822,2.56003499
15:10:16,2.562210083,3.507913589,2.559830666
15:10:16,2.562247515,3.507909298,2.559259415
15:10:16,2.561481714,3.508343458,2.559890985
15:10:16,2.561769009,3.506587029,2.559048653
15:10:16,2.561554432,3.507958651,2.560199261
15:10:16,2.561434984,3.507863283,2.560112
15:10:16,2.562332153,3.508082628,2.558802605
15:10:16,2.561595201,3.50722003,2.560285807
15:10:16,2.562119722,3.507649899,2.560198545
15:10:16,2.562427282,3.508417845,2.559863091
15:10:16,2.562076569,3.508174658,2.559787035
15:10:16,2.561775208,3.505947828,2.559783936
15:10:16,2.562197447,3.506313086,2.559691906
15:10:16,2.56275773,3.506708384,2.559226513
15:10:16,2.56236124,3.506952286,2.560303211
15:10:16,2.56247735,3.506425142,2.559883595
15:10:16,2.563212872,3.508177042,2.559909582
15:10:16,2.562190771,3.507272243,2.56050539
15:10:16,2.562382936,3.507605314,2.559485674
15:10:16,2.563073397,3.508243084,2.560599327
15:10:16,2.56294322,3.508012533,2.560445309
15:10:16,2.563017368,3.509054661,2.560613632
15:10:16,2.5630548,3.509893656,2.560132265
15:10:16,2.562923431,3.508997202,2.561906815
15:10:16,2.563802719,3.510144234,2.560985327
15:10:16,2.562542439,3.50886941,2.56092
15:10:16,2.562443018,3.508607626,2.559309721
15:10:16,2.56239152,3.509070873,2.56058073
15:10:16,2.562405586,3.510356903,2.560369015
15:10:16,2.563186407,3.509874105,2.560391665
15:10:16,2.563500404,3.509604692,2.561207056
15:10:16,2.562592506,3.509758711,2.560163975
15:10:16,2.562467098,3.508211136,2.561311483
15:10:16,2.562617302,3.50843811,2.559082747
15:10:16,2.561989307,3.508200645,2.560036898
15:10:16,2.562400818,3.509633303,2.560072899
15:10:16,2.562647104,3.508275747,2.559684515
15:10:16,2.563102484,3.508539915,2.560666084
15:10:16,2.562730312,3.508924961,2.560450554
15:10:16,2.562292576,3.508360386,2.560275793
15:10:16,2.562374353,3.508783817,2.560687065
15:10:16,2.562651873,3.509194136,2.560899019
15:10:16,2.563556433,3.508765936,2.561855555
15:10:16,2.563348532,3.508689165,2.561427355
15:10:16,2.562987328,3.509776831,2.56160903
15:10:16,2.563178539,3.508553505,2.561353207
15:10:16,2.563109875,3.508203983,2.561222315
15:10:16,2.562601805,3.508485556,2.560778379
15:10:16,2.562519789,3.508731127,2.561344624
15:10:16,2.562576532,3.509083271,2.560961723
15:10:16,2.562751532,3.507960558,2.560872793
15:10:16,2.562277079,3.508225918,2.560841084
15:10:16,2.563218832,3.509149313,2.560395002
15:10:16,2.562854528,3.508539915,2.560026646
15:10:16,2.56337595,3.510093451,2.561563969
15:10:16,2.562805653,3.509406567,2.561598301
15:10:16,2.563367605,3.509662151,2.562031746
15:10:16,2.563042402,3.508523464,2.559555769
15:10:16,2.56370306,3.50975585,2.5612216
15:10:16,2.563281536,3.508826256,2.560604572
15:10:16,2.562411308,3.50880003,2.559792519
15:10:16,2.562880993,3.509097099,2.559895515
15:10:16,2.561442137,3.508219004,2.559562206
15:10:16,2.561583996,3.508511066,2.560766697
15:10:16,2.562945366,3.508623123,2.560802221
15:10:16,2.562386274,3.508281469,2.559220314
15:10:16,2.563157797,3.508997202,2.560178041
15:10:16,2.562207222,3.507425547,2.559382439
15:10:16,2.562872648,3.507804632,2.560578108
15:10:16,2.562783241,3.508522034,2.55991888
15:10:16,2.562582493,3.508112669,2.560841799
15:10:16,2.562586546,3.508019924,2.560826778
15:10:16,2.561720133,3.507929802,2.560031176
15:10:16,2.561854362,3.507788181,2.558962584
15:10:16,2.563005924,3.508497477,2.560198545
15:10:16,2.562785864,3.508413315,2.559959173
15:10:16,2.563212156,3.507972717,2.561198473
15:10:16,2.563037872,3.508023739,2.560417891
15:10:16,2.561730862,3.508636475,2.55995059
15:10:16,2.561793566,3.508136034,2.560074091
15:10:16,2.562497139,3.508017302,2.559582949
15:10:16,2.562625647,3.508072138,2.561459064
15:10:16,2.562893152,3.508899927,2.561737537
15:10:16,2.562614918,3.509016275,2.560367107
15:10:16,2.562797308,3.50782609,2.559699059
15:10:16,2.561896563,3.508021116,2.558849335
15:10:16,2.562040091,3.507780313,2.559755564
15:10:16,2.561573029,3.507412434,2.560180664
15:10:16,2.562131643,3.507059574,2.559273958
15:10:16,2.561350822,3.507974863,2.560088634
15:10:16,2.562618256,3.508634329,2.559621096
15:10:16,2.562167645,3.508945704,2.559308529
15:10:17,2.562141657,3.507516146,2.560737371
15:10:17,2.562485456,3.508187532,2.559562206
15:10:17,2.563183546,3.509239435,2.559869051
15:10:17,2.562185287,3.507725,2.558953047
15:10:17,2.562459707,3.507046223,2.55981946
15:10:17,2.562009573,3.507301569,2.559881687
15:10:17,2.563243389,3.508214474,2.560728073
15:10:17,2.562026501,3.508816004,2.56002593
15:10:17,2.563560247,3.508444071,2.560703278
15:10:17,2.562386274,3.508257866,2.560494184
15:10:17,2.562159061,3.508423805,2.559710979
15:10:17,2.562470198,3.509308338,2.560723066
15:10:17,2.562597513,3.509082556,2.559279919
15:10:17,2.562498093,3.50865984,2.560456514
15:10:17,2.562572479,3.508036852,2.559879541
15:10:17,2.562322378,3.508465528,2.560154915
15:10:17,2.563081264,3.508651495,2.561989307
15:10:17,2.562769651,3.507918119,2.560297012
15:10:17,2.562127352,3.508176327,2.559847593
15:10:17,2.562657118,3.507582188,2.561092615
15:10:17,2.562306881,3.507644653,2.560403585
15:10:17,2.562319994,3.508594036,2.561148167
15:10:17,2.562813759,3.509701729,2.560698271
15:10:17,2.562549591,3.507965565,2.559880257
15:10:17,2.562831879,3.508857012,2.560389519
15:10:17,2.563351393,3.50914073,2.560269356
15:10:17,2.56248188,3.508582354,2.559951067
15:10:17,2.562517881,3.507326841,2.560217857
15:10:17,2.562496424,3.507776022,2.559010029
15:10:17,2.561695337,3.507817984,2.560180664
15:10:17,2.562006235,3.50818181,2.558884382
15:10:17,2.563275099,3.507752895,2.560624838
15:10:17,2.562570572,3.507960558,2.559629679
15:10:17,2.562417507,3.507556438,2.559898376
15:10:17,2.562258005,3.507980824,2.560846567
15:10:17,2.563645124,3.509008408,2.561635494
15:10:17,2.562162161,3.508286238,2.559943199
15:10:17,2.562066555,3.508444071,2.559435844
15:10:17,2.563384533,3.507129908,2.559949875
15:10:17,2.562293291,3.507934332,2.560377598
15:10:17,2.562495947,3.507872343,2.558798313
15:10:17,2.56083703,3.507879496,2.560807705
15:10:17,2.562955141,3.508463383,2.560839415
15:10:17,2.56311965,3.508565187,2.559984922
15:10:17,2.561777115,3.507990599,2.560150862
15:10:17,2.562555313,3.507781506,2.560894728
15:10:17,2.562141657,3.50826478,2.559564114
15:10:17,2.561855555,3.506549358,2.559463024
15:10:17,2.561425686,3.507212162,2.560364008
15:10:17,2.562888384,3.506449461,2.560127258
15:10:17,2.562278032,3.506252527,2.55936265
15:10:17,2.561682701,3.506980658,2.560109138
15:10:17,2.561907291,3.507575512,2.559207916
15:10:17,2.561313868,3.506874323,2.559253454
15:10:17,2.561942816,3.507726908,2.560222864
15:10:17,2.56116128,3.5067451,2.559520483
15:10:17,2.562662601,3.50783205,2.559947968
15:10:17,2.56143856,3.507383823,2.559461117
15:10:17,2.56211257,3.50772047,2.558998108
15:10:17,2.562471867,3.508647442,2.56002903
15:10:17,2.562425852,3.508504391,2.561802149
15:10:17,2.563267708,3.50946188,2.560499907
15:10:17,2.562441826,3.508570433,2.560432673
15:10:17,2.562645912,3.508008242,2.560214996
15:10:17,2.562032938,3.506978512,2.559797525
15:10:17,2.561979771,3.507692337,2.559734344
15:10:17,2.561747313,3.507852077,2.558926105
15:10:17,2.561925888,3.507626534,2.56000948
15:10:17,2.562010288,3.508339643,2.560500622
15:10:17,2.561789513,3.508857012,2.560014009
15:10:17,2.562099934,3.508256197,2.560125113
15:10:17,2.562564611,3.507537127,2.560297012
15:10:17,2.56211257,3.508195877,2.560447216
15:10:17,2.562273979,3.508522034,2.561429739
15:10:17,2.562679529,3.508676291,2.561418056
15:10:17,2.562931299,3.50818181,2.560709
15:10:17,2.561484337,3.50744009,2.560835838
15:10:17,2.562046766,3.507787466,2.560277939
15:10:17,2.561834574,3.506714821,2.560100079
15:10:17,2.562316895,3.508706808,2.560809612
15:10:17,2.562564611,3.508742809,2.560248852
15:10:17,2.562861919,3.508368492,2.560580254
15:10:17,2.562985659,3.507369995,2.560946941
15:10:17,2.563270807,3.508631945,2.55968523
15:10:17,2.562519789,3.508408785,2.560277939
15:10:17,2.562690735,3.508887053,2.560400963
15:10:17,2.562882662,3.508684158,2.560735464
15:10:17,2.562376976,3.507947445,2.559864998
15:10:17,2.561896563,3.507377386,2.559263468
15:10:17,2.562062502,3.508622885,2.560683966
15:10:17,2.561905861,3.507590055,2.55892396
15:10:17,2.563563824,3.509331942,2.560293674
15:10:17,2.56254673,3.509013414,2.561682463
15:10:17,2.563423634,3.509575367,2.559622288
15:10:17,2.563105106,3.50986743,2.561465025
15:10:17,2.562870026,3.509135962,2.560741425
15:10:17,2.562942505,3.509426117,2.56120348
15:10:17,2.562602282,3.509382725,2.559660196
15:10:17,2.562706232,3.508240461,2.560392857
15:10:17,2.562309742,3.508342743,2.560399294
15:10:17,2.562990904,3.508470297,2.560818911
15:10:17,2.562300444,3.507903814,2.55998683
15:10:17,2.562136412,3.508242369,2.56058383
15:10:17,2.562338591,3.507521868,2.561659813
15:10:17,2.561794996,3.508110523,2.561262131
15:10:17,2.562624931,3.508908987,2.560400963
15:10:17,2.562894106,3.50876236,2.560245991
15:10:17,2.561977148,3.507599831,2.56125474
15:10:17,2.561841726,3.508428335,2.560578108
15:10:17,2.561854839,3.506910563,2.559504271
15:10:17,2.562493324,3.507188797,2.559331656
15:10:17,2.561800718,3.507454157,2.558866501
15:10:17,2.561245918,3.507732868,2.558656216
15:10:17,2.561326265,3.506485939,2.559999943
15:10:17,2.561148167,3.506797791,2.559884548
15:10:17,2.56236434,3.50737524,2.559965134
15:10:17,2.561352968,3.505908728,2.559695244
15:10:17,2.562672377,3.507814407,2.561009407
15:10:17,2.561457872,3.507433891,2.559798956
15:10:18,2.562211275,3.507696152,2.559416056
15:10:18,2.561995745,3.507323742,2.559861183
15:10:18,2.562099457,3.507886887,2.560229063
15:10:18,2.561260462,3.507804632,2.5607059
15:10:18,2.561271906,3.50697732,2.558197737
15:10:18,2.561218023,3.507251263,2.560917377
15:10:18,2.561778784,3.507663727,2.559131861
15:10:18,2.561775923,3.507083654,2.559004545
15:10:18,2.561958075,3.507440567,2.558907032
15:10:18,2.561282873,3.506656647,2.558976412
15:10:18,2.561969995,3.507283211,2.558273315
15:10:18,2.561181545,3.507521868,2.559611797
15:10:18,2.561004162,3.506305933,2.559633732
15:10:18,2.561863661,3.507033348,2.559180737
15:10:18,2.56062603,3.505618095,2.560405493
15:10:18,2.561507463,3.506676912,2.559345961
15:10:18,2.560806036,3.507080317,2.559140444
15:10:18,2.562102079,3.505424261,2.558177471
15:10:18,2.561261177,3.505833387,2.559323311
15:10:18,2.561933756,3.505968571,2.559013367
15:10:18,2.560921669,3.505860806,2.55923152
15:10:18,2.56174469,3.506486654,2.559465647
15:10:18,2.561512709,3.506180048,2.55906415
15:10:18,2.561179876,3.506386757,2.560208321
15:10:18,2.561768532,3.507519484,2.55933094
15:10:18,2.561461926,3.50662756,2.558838606
15:10:18,2.561743498,3.507963657,2.559607506
15:10:18,2.561301231,3.506835699,2.559425831
15:10:18,2.561150551,3.508343458,2.560219049
15:10:18,2.562475443,3.507430315,2.560390234
15:10:18,2.56171298,3.507933855,2.560768366
15:10:18,2.561203003,3.507460117,2.560249567
15:10:18,2.561783791,3.507921219,2.558881044
15:10:18,2.561995268,3.507676601,2.559403658
15:10:18,2.562577724,3.507125854,2.559792519
15:10:18,2.562202454,3.507859945,2.560427904
15:10:18,2.562594891,3.508887053,2.561386347
15:10:18,2.562406063,3.507870913,2.560620308
15:10:18,2.563370705,3.508521318,2.559645653
15:10:18,2.562335491,3.508760929,2.559590578
15:10:18,2.561897278,3.507223845,2.55953598
15:10:18,2.561549902,3.507343292,2.559870243
15:10:18,2.561369419,3.507763386,2.559790373
15:10:18,2.561709642,3.507570982,2.559430122
15:10:18,2.562726736,3.507644653,2.560887098
15:10:18,2.56250596,3.508256674,2.560726404
15:10:18,2.562684298,3.508256674,2.559681416
15:10:18,2.56126833,3.507644176,2.560834646
15:10:18,2.562914848,3.507921219,2.561109304
15:10:18,2.561769009,3.507965088,2.560708284
15:10:18,2.561671257,3.507606983,2.560827494
15:10:18,2.562721729,3.507983923,2.559517384
15:10:18,2.562144279,3.507184744,2.559859037
15:10:18,2.561975002,3.508289814,2.559771299
15:10:18,2.561804771,3.508903265,2.559244156
15:10:18,2.561926365,3.508386135,2.559143782
15:10:18,2.561961412,3.507675171,2.559794426
15:10:18,2.561982632,3.508783817,2.560700893
15:10:18,2.562287092,3.508787632,2.560243368
15:10:18,2.562425852,3.507936954,2.560958147
15:10:18,2.561826706,3.507687569,2.560555696
15:10:18,2.562126875,3.508130789,2.560736895
15:10:18,2.562755585,3.508391619,2.559824228
15:10:18,2.562139988,3.508471966,2.560783148
15:10:18,2.562088251,3.507707119,2.559724331
15:10:18,2.561708927,3.507617235,2.559162855
15:10:18,2.562272787,3.508025646,2.560060263
15:10:18,2.562252998,3.508305073,2.559230089
15:10:18,2.562061787,3.508027077,2.56092453
15:10:18,2.56312418,3.508036137,2.559679985
15:10:18,2.561697006,3.507759571,2.559757948
15:10:18,2.563143253,3.507486343,2.560043097
15:10:18,2.562142372,3.508538485,2.560718775
15:10:18,2.562630892,3.508831024,2.559996128
15:10:18,2.562478781,3.508165836,2.560292959
15:10:18,2.561661005,3.507794857,2.559463739
15:10:18,2.562152386,3.508221626,2.559326172
15:10:18,2.561819553,3.506663561,2.55989027
15:10:18,2.561420918,3.507696152,2.560224295
15:10:18,2.561862946,3.508045197,2.559879541
15:10:18,2.562559366,3.507761955,2.560060978
15:10:18,2.562666416,3.507566214,2.559778929
15:10:18,2.561756134,3.506534815,2.559172153
15:10:18,2.561859131,3.508071661,2.560789108
15:10:18,2.563129663,3.509715557,2.560248852
15:10:18,2.562641144,3.509428024,2.560141563
15:10:18,2.561952829,3.508997202,2.5605371
15:10:18,2.562675714,3.508409977,2.560235023
15:10:18,2.562786579,3.509410143,2.560358524
15:10:18,2.563510656,3.50878644,2.560263872
15:10:18,2.562119722,3.508334398,2.559919357
15:10:18,2.562135935,3.507692337,2.559736013
15:10:18,2.562451601,3.508759022,2.560190916
15:10:18,2.561872005,3.507835865,2.560881853
15:10:18,2.562090158,3.508337498,2.560781717
15:10:18,2.562406778,3.507628441,2.560564756
15:10:18,2.562427759,3.508372784,2.561093807
15:10:18,2.563710928,3.509141445,2.560167551
15:10:18,2.562965155,3.508080006,2.56094265
15:10:18,2.562749386,3.508103848,2.560495377
15:10:18,2.562891722,3.508794546,2.560250759
15:10:18,2.562814951,3.507530451,2.559920549
15:10:18,2.562950373,3.507788181,2.56008482
15:10:18,2.561251163,3.507219315,2.559140444
15:10:18,2.563117743,3.507985115,2.559160233
15:10:18,2.562487364,3.507343292,2.560634375
15:10:18,2.56247735,3.508378267,2.560796976
15:10:18,2.562817574,3.507583141,2.560548544
15:10:18,2.562018156,3.508630514,2.559996128
15:10:18,2.562155008,3.507961035,2.55919385
15:10:18,2.561535358,3.507241488,2.560657978
15:10:18,2.561812162,3.508015394,2.559617281
15:10:18,2.562068939,3.508245707,2.560054302
15:10:18,2.562186718,3.50854063,2.559756756
15:10:18,2.563515186,3.508248091,2.560168266
15:10:19,2.563202143,3.508623838,2.560819626
15:10:19,2.562217236,3.508571386,2.559137583
15:10:19,2.561969995,3.507557869,2.560659409
15:10:19,2.562490702,3.508365631,2.559318066
15:10:19,2.562415838,3.507741928,2.560329437
15:10:19,2.56283021,3.507781506,2.560158253
15:10:19,2.562369108,3.508341551,2.559690714
15:10:19,2.561812878,3.508666992,2.560426235
15:10:19,2.561966658,3.507527828,2.559774637
15:10:19,2.562731743,3.508256197,2.559457779
15:10:19,2.561865568,3.506901503,2.559936047
15:10:19,2.561832666,3.506786108,2.559981585
15:10:19,2.561599493,3.50772047,2.560438395
15:10:19,2.561541796,3.507565737,2.560582638
15:10:19,2.562008381,3.507666111,2.560851812
15:10:19,2.56289053,3.507513523,2.560503244
15:10:19,2.561926365,3.507094383,2.559656143
15:10:19,2.562314987,3.506685734,2.559330225
15:10:19,2.562062979,3.507437229,2.560178757
15:10:19,2.561743498,3.507534504,2.559705019
15:10:19,2.561884165,3.507294416,2.559228897
15:10:19,2.561790943,3.508061171,2.559559584
15:10:19,2.561579704,3.508336306,2.56075263
15:10:19,2.562318087,3.509778976,2.560421467
15:10:19,2.562547922,3.507514954,2.561199903
15:10:19,2.562239408,3.507888079,2.56058073
15:10:19,2.562840223,3.508416653,2.560163975
15:10:19,2.562440157,3.507760763,2.559942484
15:10:19,2.562341452,3.507859945,2.560859203
15:10:19,2.561743498,3.508526802,2.560037851
15:10:19,2.562205076,3.508343458,2.560925961
15:10:19,2.562594891,3.509520531,2.560237646
15:10:19,2.562594652,3.508167982,2.559811592
15:10:19,2.562469006,3.508506775,2.561031818
15:10:19,2.562554836,3.508932829,2.560628414
15:10:19,2.561679125,3.507987261,2.56094861
15:10:19,2.561439276,3.508139849,2.560048342
15:10:19,2.562227726,3.50761199,2.55953598
15:10:19,2.56232357,3.50781703,2.560732841
15:10:19,2.562721252,3.507518768,2.560252428
15:10:19,2.563339472,3.508137226,2.560448885
15:10:19,2.562695503,3.507781029,2.562058926
15:10:19,2.561924934,3.508878469,2.559465647
15:10:19,2.562240362,3.508536577,2.560335875
15:10:19,2.562131643,3.50797224,2.560156822
15:10:19,2.561224699,3.50687933,2.56064105
15:10:19,2.561697721,3.507279873,2.559523344
15:10:19,2.562539577,3.50842905,2.560851097
15:10:19,2.561727285,3.507338762,2.560515165
15:10:19,2.561693192,3.507528543,2.55961585
15:10:19,2.562739611,3.50831604,2.560251474
15:10:19,2.562939882,3.508475304,2.560683489
15:10:19,2.563234806,3.50879097,2.560192585
15:10:19,2.562429905,3.507876396,2.559721708
15:10:19,2.562941313,3.507513523,2.560096502
15:10:19,2.562733889,3.508170605,2.559256077
15:10:19,2.562582493,3.508541107,2.560171127
15:10:19,2.562957764,3.5079422,2.55970645
15:10:19,2.562904835,3.508203983,2.560134411
15:10:19,2.562551498,3.507820845,2.560413599
15:10:19,2.562483311,3.508486986,2.559607506
15:10:19,2.562293291,3.509108067,2.559686422
15:10:19,2.561930895,3.507114887,2.559166193
15:10:19,2.562252998,3.508706808,2.560189724
15:10:19,2.563582897,3.507987261,2.560068846
15:10:19,2.562051296,3.507572412,2.561387062
15:10:19,2.562275171,3.508213043,2.560404778
15:10:19,2.563103199,3.50775218,2.560531139
15:10:19,2.562671661,3.508096695,2.560537815
15:10:19,2.5627985,3.508958817,2.561362505
15:10:19,2.563448906,3.508495331,2.560995817
15:10:19,2.563086748,3.509880781,2.561516523
15:10:19,2.563056231,3.508656025,2.560744047
15:10:19,2.562107325,3.508102894,2.56123805
15:10:19,2.561621904,3.508966446,2.560692549
15:10:19,2.562646389,3.509360075,2.561954975
15:10:19,2.562986374,3.508303165,2.560086012
15:10:19,2.562191963,3.507451534,2.560369015
15:10:19,2.562940598,3.507856846,2.560881853
15:10:19,2.562278032,3.50662446,2.559580088
15:10:19,2.56114006,3.507886171,2.559736013
15:10:19,2.561864376,3.507146835,2.560291767
15:10:19,2.562418222,3.507085323,2.559889555
15:10:19,2.56196475,3.507260323,2.559420109
15:10:19,2.562885046,3.508134365,2.560245275
15:10:19,2.561977148,3.507906437,2.559205294
15:10:19,2.562547922,3.507973433,2.560561657
15:10:19,2.56179142,3.507182121,2.56082201
15:10:19,2.562820435,3.508041382,2.56149745
15:10:19,2.563068867,3.508130789,2.560008049
15:10:19,2.562543154,3.508145809,2.559685707
15:10:19,2.56308341,3.508523464,2.561539173
15:10:19,2.563131332,3.508547068,2.560558319
15:10:19,2.562635422,3.508598804,2.56016922
15:10:19,2.562823534,3.509266615,2.55973959
15:10:19,2.562912226,3.508177757,2.559160233
15:10:19,2.56218195,3.508124113,2.559593201
15:10:19,2.561893225,3.508752584,2.56165266
15:10:19,2.563503027,3.507989883,2.558582783
15:10:19,2.562526941,3.507580757,2.559520483
15:10:19,2.561608553,3.507119417,2.559227705
15:10:19,2.562015772,3.506862164,2.560855389
15:10:19,2.561618567,3.508701801,2.559175491
15:10:19,2.562596321,3.50844717,2.560961008
15:10:19,2.562111378,3.508324623,2.558775902
15:10:19,2.561115742,3.506796598,2.55796051
15:10:19,2.561948776,3.507100582,2.559440613
15:10:19,2.562575102,3.507475615,2.558399677
15:10:19,2.561672688,3.508233786,2.559916258
15:10:19,2.561728001,3.507267475,2.559639692
15:10:19,2.56048274,3.507327557,2.558778763
15:10:19,2.562623501,3.506727219,2.559402227
15:10:19,2.562417507,3.50881052,2.560176134
15:10:19,2.562358379,3.508219481,2.560834646
15:10:19,2.561700344,3.507919312,2.560248852
15:10:19,2.561588764,3.507801294,2.559972763
15:10:19,2.562956333,3.508018017,2.559791088
15:10:19,2.561643839,3.507603407,2.560386896
15:10:19,2.561783791,3.506611109,2.558775187
15:10:20,2.562566519,3.507555962,2.560165405
15:10:20,2.561722279,3.508220196,2.559122562
15:10:20,2.561967373,3.507405281,2.560315609
15:10:20,2.561646223,3.507774591,2.559383631
15:10:20,2.563097239,3.509683371,2.560419321
15:10:20,2.562168837,3.509277821,2.560638189
15:10:20,2.562093496,3.508133888,2.559241533
15:10:20,2.562106848,3.508887053,2.560138226
15:10:20,2.561873436,3.507624149,2.559760571
15:10:20,2.562242985,3.506827354,2.559967756
15:10:20,2.561618567,3.507479668,2.558498144
15:10:20,2.56195879,3.508204699,2.56150794
15:10:20,2.562041998,3.508277416,2.55965209
15:10:20,2.561469793,3.506834269,2.559569359
15:10:20,2.561320543,3.5071311,2.559772491
15:10:20,2.561955214,3.507322311,2.55919075
15:10:20,2.560926676,3.507931709,2.559462547
15:10:20,2.561998367,3.505935192,2.559129238
15:10:20,2.561530113,3.507155895,2.559986115
15:10:20,2.560675621,3.506915331,2.559834003
15:10:20,2.561866999,3.50762248,2.560328245
15:10:20,2.560936451,3.508192778,2.559991598
15:10:20,2.562381506,3.506776333,2.560099363
15:10:20,2.56206727,3.506797791,2.560402155
15:10:20,2.561629772,3.507441759,2.560146809
15:10:20,2.561756134,3.506097078,2.559015274
15:10:20,2.561223984,3.505965948,2.558525324
15:10:20,2.561070919,3.506218433,2.559778452
15:10:20,2.561941624,3.50874877,2.559240818
15:10:20,2.562486649,3.508137941,2.559571505
15:10:20,2.561610699,3.508000374,2.559098005
15:10:20,2.561806202,3.506870747,2.560393572
15:10:20,2.561956882,3.507621288,2.560585499
15:10:20,2.561938286,3.507198572,2.56053853
15:10:20,2.562082291,3.508729696,2.560389519
15:10:20,2.562464237,3.508689165,2.560404778
15:10:20,2.562594891,3.507866144,2.559764147
15:10:20,2.562288284,3.508284807,2.559228182
15:10:20,2.562003136,3.50736618,2.558865309
15:10:20,2.562258005,3.507702112,2.560758591
15:10:20,2.561319828,3.508282661,2.560807705
15:10:20,2.562188625,3.507349014,2.559776545
15:10:20,2.562719345,3.510120869,2.561170101
15:10:20,2.561963558,3.50915122,2.560878277
15:10:20,2.562307596,3.510080338,2.560778379
15:10:20,2.562190771,3.508002043,2.559684515
15:10:20,2.563265085,3.508278847,2.56145072
15:10:20,2.563027382,3.508434296,2.559975386
15:10:20,2.561982155,3.508189917,2.56030488
15:10:20,2.56232667,3.507297993,2.560826063
15:10:20,2.562515736,3.507674217,2.560714483
15:10:20,2.56307745,3.508259296,2.560426235
15:10:20,2.562648296,3.50818181,2.560241461
15:10:20,2.562569857,3.507879019,2.561026335
15:10:20,2.56250453,3.508668423,2.559458256
15:10:20,2.56233716,3.508495331,2.5607059
15:10:20,2.562772751,3.507811069,2.561622858
15:10:20,2.562447786,3.507861137,2.561009407
15:10:20,2.562539577,3.507987261,2.561075449
15:10:20,2.561880827,3.50840497,2.559642076
15:10:20,2.562799215,3.507514954,2.558896542
15:10:20,2.562303066,3.508920193,2.560652971
15:10:20,2.562425852,3.508113146,2.560851097
15:10:20,2.562616587,3.509269953,2.560358524
15:10:20,2.56293726,3.508495331,2.560426712
15:10:20,2.562638044,3.509073496,2.560286522
15:10:20,2.562951326,3.508722544,2.560239553
15:10:20,2.562342167,3.509318829,2.561474085
15:10:20,2.562881947,3.509371042,2.560953856
15:10:20,2.563192368,3.51014185,2.5607903
15:10:20,2.563503265,3.509809494,2.560658932
15:10:20,2.563468695,3.509587049,2.559353113
15:10:20,2.563416243,3.508738279,2.560386896
15:10:20,2.563005447,3.508793831,2.561377764
15:10:20,2.563534021,3.509212732,2.560909271
15:10:20,2.562398434,3.508456945,2.559888363
15:10:20,2.562892437,3.508041382,2.561068058
15:10:20,2.562898874,3.50840807,2.560821295
15:10:20,2.561634302,3.508178949,2.56050539
15:10:20,2.56275773,3.508629322,2.56054759
15:10:20,2.562829494,3.509065151,2.560263157
15:10:20,2.563570976,3.508036852,2.560444593
15:10:20,2.562502384,3.507757425,2.560679197
15:10:20,2.562102079,3.507998466,2.560635567
15:10:20,2.562264442,3.508925438,2.561295509
15:10:20,2.56286788,3.508932829,2.561029196
15:10:20,2.562338591,3.508109331,2.560087442
15:10:20,2.562839508,3.508370876,2.56184721
15:10:20,2.563040972,3.50868988,2.559931755
15:10:20,2.563309193,3.508383751,2.560275078
15:10:20,2.563062668,3.508115053,2.560765266
15:10:20,2.561831236,3.507961035,2.56003499
15:10:20,2.56313324,3.507650614,2.56007576
15:10:20,2.563518047,3.508409977,2.561197042
15:10:20,2.562302351,3.509058475,2.561335564
15:10:20,2.562675714,3.508687258,2.560412884
15:10:20,2.562105417,3.507389545,2.559660912
15:10:20,2.562580585,3.50834012,2.561192274
15:10:20,2.562586546,3.507797956,2.560032606
15:10:20,2.56240201,3.50769186,2.560179234
15:10:20,2.562394142,3.509051323,2.560470819
15:10:20,2.562408686,3.507746458,2.559562922
15:10:20,2.562062979,3.507902145,2.559255362
15:10:20,2.56238699,3.508623838,2.559753418
15:10:20,2.561913729,3.509221077,2.560269356
15:10:20,2.56235671,3.508526802,2.560628414
15:10:20,2.563735485,3.509821177,2.561578512
15:10:20,2.563664198,3.508978367,2.560688496
15:10:20,2.56316781,3.50851059,2.561551094
15:10:20,2.562903166,3.508998632,2.559839249
15:10:20,2.56249404,3.508864164,2.560134888
15:10:20,2.563168526,3.509448051,2.561365843
15:10:20,2.562923431,3.5079844,2.559957981
15:10:20,2.562857389,3.508735418,2.560615778
15:10:20,2.563611746,3.509067059,2.560615778
15:10:20,2.563070774,3.509015322,2.561525822
15:10:21,2.56347847,3.509581566,2.56176734
15:10:21,2.563875198,3.509786606,2.56091404
15:10:21,2.562854052,3.509982347,2.561849117
15:10:21,2.564250231,3.509542465,2.561412573
15:10:21,2.563668013,3.508072615,2.560233355
15:10:21,2.562234879,3.50883007,2.560602903
15:10:21,2.563058376,3.509343147,2.561481237
15:10:21,2.563387394,3.509559155,2.560954332
15:10:21,2.562294483,3.509007215,2.560034037
15:10:21,2.563130856,3.508327723,2.560302496
15:10:21,2.563268185,3.509336948,2.561870337
15:10:21,2.562998533,3.508398771,2.559937954
15:10:21,2.562345982,3.507931232,2.560976028
15:10:21,2.562875032,3.508983374,2.560923338
15:10:21,2.562490702,3.509139538,2.56071353
15:10:21,2.563145876,3.509401083,2.560959816
15:10:21,2.563868761,3.50927639,2.562095165
15:10:21,2.56338191,3.509174585,2.560823917
15:10:21,2.563465118,3.509193182,2.562098026
15:10:21,2.563415527,3.509073019,2.56171155
15:10:21,2.562785864,3.508036852,2.561299086
15:10:21,2.562641859,3.509286165,2.560746908
15:10:21,2.562576532,3.508211851,2.561630249
15:10:21,2.563222885,3.50853014,2.560427189
15:10:21,2.563387394,3.509463072,2.561166048
15:10:21,2.562270641,3.508840799,2.561137438
15:10:21,2.563194752,3.509379625,2.561151505
15:10:21,2.562732458,3.509560347,2.560195684
15:10:21,2.562579155,3.508635044,2.560342789
15:10:21,2.562187433,3.508524895,2.560607195
15:10:21,2.563352108,3.508309364,2.561103821
15:10:21,2.563444614,3.507704735,2.561010599
15:10:21,2.562719822,3.508595943,2.561146259
15:10:21,2.562706232,3.50756073,2.559719086
15:10:21,2.563187122,3.508647442,2.560997963
15:10:21,2.56276679,3.508159399,2.561680555
15:10:21,2.562213659,3.508964539,2.559427261
15:10:21,2.562328815,3.508237839,2.559982538
15:10:21,2.56300807,3.50876689,2.560728788
15:10:21,2.563310623,3.509083271,2.560902596
15:10:21,2.563041687,3.509105444,2.561745882
15:10:21,2.563208103,3.509793758,2.561388254
15:10:21,2.563487053,3.509744406,2.56191349
15:10:21,2.562861443,3.50883913,2.56105423
15:10:21,2.563566685,3.509155273,2.560727596
15:10:21,2.56293869,3.508952141,2.560716391
15:10:21,2.562897682,3.50936985,2.560811281
15:10:21,2.562499285,3.509904861,2.560851097
15:10:21,2.563981056,3.509123087,2.56033659
15:10:21,2.562632799,3.508709431,2.559221029
15:10:21,2.562949657,3.510050297,2.560918808
15:10:21,2.563107729,3.509765148,2.560857296
15:10:21,2.563198328,3.508322716,2.561295509
15:10:21,2.563380003,3.509568214,2.560266018
15:10:21,2.56309247,3.509729862,2.560307503
15:10:21,2.56359911,3.508780479,2.560488224
15:10:21,2.563096046,3.508928776,2.560577393
15:10:21,2.562952518,3.508346081,2.560367584
15:10:21,2.563054323,3.509501457,2.560954332
15:10:21,2.562887669,3.509559631,2.561893463
15:10:21,2.563772917,3.508841276,2.561215639
15:10:21,2.563964844,3.509598732,2.56055212
15:10:21,2.564148426,3.509385347,2.559961796
15:10:21,2.562018633,3.509402275,2.562142611
15:10:21,2.56323266,3.509679079,2.560604572
15:10:21,2.562624931,3.509284258,2.5621171
15:10:21,2.562997341,3.509436369,2.561192989
15:10:21,2.563577414,3.50865078,2.561379671
15:10:21,2.563632488,3.509709597,2.560729504
15:10:21,2.563420773,3.509341717,2.561139107
15:10:21,2.563964844,3.507809639,2.561018467
15:10:21,2.562975645,3.508998632,2.561394691
15:10:21,2.5630126,3.509324789,2.561345816
15:10:21,2.564196348,3.509299278,2.561710358
15:10:21,2.563405752,3.508616686,2.560137749
15:10:21,2.562832117,3.507837772,2.56048274
15:10:21,2.563581705,3.50818038,2.560585976
15:10:21,2.563141584,3.508491516,2.560266018
15:10:21,2.562371492,3.508610964,2.560213566
15:10:21,2.563048363,3.508976936,2.561133623
15:10:21,2.563335896,3.509677172,2.56030035
15:10:21,2.562614918,3.510130644,2.560851812
15:10:21,2.563247919,3.509895086,2.560575962
15:10:21,2.562143564,3.508934736,2.560389519
15:10:21,2.562150478,3.507802725,2.559684515
15:10:21,2.562262058,3.50874877,2.560379028
15:10:21,2.562026501,3.508444548,2.559729576
15:10:21,2.562725306,3.508002758,2.56057477
15:10:21,2.561692715,3.508333683,2.560400963
15:10:21,2.562781334,3.508738995,2.561069965
15:10:21,2.56283474,3.508206844,2.56147337
15:10:21,2.562846184,3.508382559,2.560517311
15:10:21,2.563350916,3.508568525,2.560589314
15:10:21,2.563531399,3.507900238,2.560779095
15:10:21,2.562444448,3.508238554,2.560034275
15:10:21,2.562406778,3.508988857,2.560125113
15:10:21,2.562008381,3.508523941,2.560766697
15:10:21,2.563693047,3.509485245,2.561002016
15:10:21,2.562632084,3.508569717,2.560467958
15:10:21,2.563579321,3.509076118,2.560167551
15:10:21,2.562580585,3.509512663,2.560291767
15:10:21,2.562133312,3.50975275,2.561245203
15:10:21,2.563081264,3.509327173,2.561350584
15:10:21,2.563559532,3.509696007,2.560970306
15:10:21,2.562816381,3.507725954,2.55970645
15:10:21,2.563230753,3.509126186,2.561101913
15:10:21,2.562810421,3.508982897,2.561300993
15:10:21,2.563341618,3.509607792,2.561146259
15:10:21,2.562636614,3.509784698,2.561196327
15:10:21,2.563576698,3.50903511,2.561362982
15:10:21,2.562848806,3.50922966,2.560248852
15:10:21,2.563245773,3.509810686,2.561616898
15:10:21,2.563073397,3.508250713,2.561108589
15:10:21,2.563676119,3.509891033,2.561134338
15:10:21,2.563093901,3.509652376,2.561066866
15:10:21,2.562583208,3.508949041,2.560231447
15:10:21,2.56367135,3.508016586,2.560668707
15:10:21,2.562423944,3.508017302,2.561758757
15:10:21,2.562085629,3.507508993,2.560142279
15:10:22,2.5630126,3.508539915,2.56062746
15:10:22,2.5625453,3.508855104,2.560396194
15:10:22,2.562186718,3.508184433,2.560366392
15:10:22,2.56261301,3.508663177,2.560813665
15:10:22,2.562834263,3.509159803,2.560836792
15:10:22,2.56235981,3.508244276,2.560556889
15:10:22,2.563059092,3.509414673,2.560525894
15:10:22,2.562709808,3.508185387,2.560614347
15:10:22,2.562503576,3.507628441,2.560801029
15:10:22,2.562655449,3.507674932,2.56043601
15:10:22,2.562092304,3.508471251,2.560489893
15:10:22,2.562553167,3.50787425,2.560706139
15:10:22,2.562599659,3.5085392,2.560522318
15:10:22,2.561761141,3.508047342,2.559215784
15:10:22,2.563547134,3.50940299,2.561630249
15:10:22,2.562869072,3.509373665,2.559036016
15:10:22,2.561693192,3.508645535,2.561987638
15:10:22,2.562692642,3.508249521,2.559488058
15:10:22,2.562552929,3.508689165,2.55988574
15:10:22,2.562802553,3.508926868,2.560755968
15:10:22,2.561864853,3.508092403,2.560002804
15:10:22,2.563360929,3.508407593,2.561611891
15:10:22,2.562924862,3.50893116,2.560403585
15:10:22,2.562193155,3.507985115,2.560225487
15:10:22,2.562295437,3.509009838,2.560519457
15:10:22,2.562594891,3.508722544,2.560528517
15:10:22,2.562562227,3.508481026,2.560088634
15:10:22,2.561951637,3.508609056,2.559478045
15:10:22,2.562057972,3.508509398,2.561185122
15:10:22,2.563111544,3.509050846,2.561333418
15:10:22,2.562324286,3.508351326,2.560842514
15:10:22,2.562675714,3.507649183,2.560509443
15:10:22,2.563244581,3.508378744,2.561315536
15:10:22,2.562656641,3.508349419,2.559951782
15:10:22,2.56283474,3.507169008,2.56082201
15:10:22,2.562050581,3.508431435,2.560088634
15:10:22,2.562548876,3.508318424,2.55973959
15:10:22,2.562025547,3.50839591,2.560912132
15:10:22,2.562465429,3.509054661,2.561589241
15:10:22,2.562366724,3.507866621,2.559910297
15:10:22,2.56308794,3.509444952,2.559984207
15:10:22,2.562590361,3.509329081,2.560076714
15:10:22,2.56221962,3.508599281,2.559879541
15:10:22,2.561444044,3.508062363,2.560976028
15:10:22,2.562136412,3.50701046,2.559541702
15:10:22,2.561592817,3.507613897,2.560796976
15:10:22,2.563128471,3.507712603,2.560029745
15:10:22,2.561518192,3.507703543,2.560117006
15:10:22,2.561187029,3.507856131,2.559365034
15:10:22,2.561990499,3.508239031,2.560890913
15:10:22,2.562739611,3.508455753,2.561065674
15:10:22,2.562515736,3.50784421,2.558922052
15:10:22,2.56132555,3.508018017,2.560963631
15:10:22,2.562258005,3.508954287,2.56113553
15:10:22,2.561674118,3.50868082,2.560193777
15:10:22,2.562781334,3.508961439,2.56079936
15:10:22,2.563195467,3.509478807,2.559766531
15:10:22,2.563231945,3.508664131,2.560595751
15:10:22,2.563253403,3.508222818,2.561877728
15:10:22,2.562910795,3.508456945,2.56133604
15:10:22,2.5633986,3.50878644,2.561200619
15:10:22,2.562735796,3.509168863,2.560937166
15:10:22,2.563028097,3.509148598,2.560349941
15:10:22,2.563494205,3.510317802,2.56082201
15:10:22,2.563420773,3.509610653,2.560993433
15:10:22,2.563286304,3.509907961,2.560416222
15:10:22,2.563173771,3.510208845,2.561676741
15:10:22,2.562741518,3.508531332,2.56149745
15:10:22,2.56395936,3.509342432,2.560881138
15:10:22,2.56370306,3.510055542,2.560402155
15:10:22,2.56311965,3.509946585,2.560940504
15:10:22,2.562246323,3.509587765,2.561717749
15:10:22,2.563117027,3.509216309,2.560590506
15:10:22,2.562918663,3.509510279,2.561282396
15:10:22,2.562877178,3.509145975,2.561124325
15:10:22,2.563263655,3.509817839,2.560838223
15:10:22,2.562564611,3.509549856,2.559875727
15:10:22,2.563051462,3.509395838,2.560493469
15:10:22,2.56293726,3.507395506,2.561666012
15:10:22,2.562068224,3.508354664,2.559750795
15:10:22,2.562886238,3.50834775,2.559646845
15:10:22,2.562327147,3.507719755,2.559697151
15:10:22,2.561700344,3.508021593,2.560861826
15:10:22,2.562226295,3.508397102,2.561020374
15:10:22,2.563245058,3.508312941,2.560146809
15:10:22,2.562005043,3.507544756,2.559926033
15:10:22,2.562431097,3.508317232,2.559958458
15:10:22,2.563388586,3.508697033,2.561476231
15:10:22,2.563016653,3.509315014,2.561520576
15:10:22,2.562958479,3.508948326,2.560384989
15:10:22,2.563365936,3.508759737,2.562144756
15:10:22,2.563145399,3.508797407,2.561837912
15:10:22,2.563433409,3.509713173,2.561618328
15:10:22,2.563478947,3.509451151,2.561941147
15:10:22,2.563691139,3.510083675,2.561244726
15:10:22,2.562794685,3.509373665,2.560318232
15:10:22,2.563208103,3.509192467,2.561556339
15:10:22,2.563088655,3.508697033,2.560395718
15:10:22,2.563732147,3.508818865,2.559519768
15:10:22,2.561684608,3.509066343,2.560992718
15:10:22,2.562587023,3.508847713,2.559980869
15:10:22,2.562203169,3.508057594,2.559529781
15:10:22,2.562110662,3.507797241,2.560368299
15:10:22,2.562801838,3.508805513,2.560819626
15:10:22,2.561793566,3.509357929,2.560761929
15:10:22,2.562553883,3.508964062,2.561275721
15:10:22,2.563856125,3.508512259,2.559659481
15:10:22,2.562605143,3.508746386,2.560115814
15:10:22,2.56222558,3.507789373,2.560337305
15:10:22,2.563329697,3.509351015,2.561274052
15:10:22,2.562832117,3.509427309,2.560757399
15:10:22,2.562840223,3.508220911,2.561460495
15:10:22,2.563206673,3.508851767,2.560205221
15:10:22,2.562939405,3.50941205,2.562025785
15:10:22,2.563676834,3.509918451,2.5610919
15:10:23,2.563765287,3.509254456,2.56132412
15:10:23,2.562886953,3.508924246,2.561178684
15:10:23,2.563547134,3.509332657,2.56106925
15:10:23,2.563433409,3.508147001,2.562497854
15:10:23,2.562738657,3.508061171,2.56048274
15:10:23,2.563419819,3.50965333,2.56132865
15:10:23,2.562985659,3.508386135,2.561229467
15:10:23,2.564199924,3.509735107,2.560865164
15:10:23,2.56355238,3.509821892,2.560716391
15:10:23,2.563891411,3.508963346,2.560082912
15:10:23,2.563487053,3.509549379,2.561026812
15:10:23,2.563722134,3.509765148,2.560684681
15:10:23,2.562984943,3.508789063,2.561686516
15:10:23,2.562783957,3.509351015,2.560730696
15:10:23,2.563128471,3.509203672,2.561560154
15:10:23,2.562582016,3.508892059,2.561439991
15:10:23,2.563322544,3.509247541,2.560818911
15:10:23,2.563465834,3.509029388,2.561752319
15:10:23,2.564433098,3.510386944,2.562626362
15:10:23,2.563799381,3.510317087,2.56121254
15:10:23,2.563327074,3.510705471,2.562267542
15:10:23,2.563492537,3.510900497,2.561338425
15:10:23,2.564834356,3.510880947,2.562712193
15:10:23,2.563436985,3.510436773,2.562235832
15:10:23,2.56425333,3.510025501,2.562270403
15:10:23,2.5639112,3.509035826,2.56164813
15:10:23,2.562996864,3.509921789,2.561974287
15:10:23,2.564470291,3.510734081,2.561355829
15:10:23,2.563859701,3.509887218,2.561702251
15:10:23,2.5639112,3.509725809,2.56067276
15:10:23,2.563752651,3.510103703,2.561105251
15:10:23,2.563971996,3.510819435,2.561444998
15:10:23,2.563873529,3.509341717,2.561045885
15:10:23,2.563471794,3.509684801,2.561860561
15:10:23,2.563265562,3.509361267,2.561429262
15:10:23,2.563933134,3.510270357,2.561820269
15:10:23,2.564624071,3.510020971,2.561973333
15:10:23,2.564581871,3.51059103,2.562896252
15:10:23,2.564329147,3.51091218,2.561429262
15:10:23,2.565079451,3.511611462,2.562082529
15:10:23,2.56380415,3.51096034,2.562352419
15:10:23,2.563675404,3.510432005,2.561820984
15:10:23,2.564002991,3.510472536,2.560849428
15:10:23,2.564404488,3.509563684,2.560534954
15:10:23,2.563951254,3.51054287,2.561564684
15:10:23,2.564238787,3.509704351,2.561582804
15:10:23,2.564531803,3.510647297,2.560526609
15:10:23,2.563135624,3.510059595,2.561389446
15:10:23,2.563991785,3.510923862,2.561781645
15:10:23,2.563761711,3.508759022,2.560859919
15:10:23,2.563853264,3.509803057,2.560489893
15:10:23,2.563487053,3.509192467,2.560571909
15:10:23,2.562757015,3.509086609,2.560648203
15:10:23,2.563601971,3.509330511,2.56016922
15:10:23,2.563066959,3.508604288,2.561331272
15:10:23,2.562319517,3.508823156,2.560880423
15:10:23,2.562722445,3.509507418,2.56013298
15:10:23,2.562642813,3.509317398,2.560307503
15:10:23,2.563565016,3.50936079,2.561639547
15:10:23,2.562314987,3.509805202,2.560820818
15:10:23,2.562954426,3.50886941,2.561017036
15:10:23,2.563211679,3.509695292,2.56142807
15:10:23,2.563136101,3.508929968,2.560678005
15:10:23,2.56312561,3.50941205,2.560933352
15:10:23,2.56321454,3.50903964,2.562863588
15:10:23,2.563122272,3.509878397,2.560859919
15:10:23,2.562842131,3.509783983,2.561777353
15:10:23,2.564139843,3.509507418,2.561984777
15:10:23,2.563421488,3.509463072,2.560431242
15:10:23,2.563650131,3.509479284,2.560550451
15:10:23,2.563195467,3.509041071,2.559648275
15:10:23,2.563450813,3.507706404,2.560333014
15:10:23,2.562614202,3.507557869,2.559181213
15:10:23,2.563331127,3.50807333,2.560489893
15:10:23,2.563297033,3.508693457,2.560726404
15:10:23,2.56329155,3.508611679,2.562025785
15:10:23,2.562854052,3.508914471,2.56146431
15:10:23,2.56221962,3.507764816,2.560880423
15:10:23,2.562327147,3.50856781,2.560494184
15:10:23,2.562109947,3.507794142,2.560596466
15:10:23,2.562696934,3.507921934,2.562257767
15:10:23,2.56240201,3.507625818,2.560351372
15:10:23,2.562845469,3.508532524,2.560267925
15:10:23,2.562884331,3.508471966,2.559593916
15:10:23,2.562141657,3.508524895,2.559952497
15:10:23,2.563042402,3.508322001,2.560653687
15:10:23,2.562095642,3.508747339,2.559699059
15:10:23,2.561775923,3.507357836,2.559384823
15:10:23,2.561666489,3.50914073,2.560961008
15:10:23,2.562955856,3.509081602,2.560716391
15:10:23,2.56233263,3.508449793,2.560352802
15:10:23,2.56265974,3.508272409,2.561091185
15:10:23,2.563317299,3.509147882,2.560162067
15:10:23,2.563017368,3.50914216,2.560199261
15:10:23,2.562393665,3.508560181,2.560178041
15:10:23,2.562819958,3.508669615,2.560723543
15:10:23,2.563749313,3.509091377,2.56163168
15:10:23,2.562934875,3.508889437,2.560771227
15:10:23,2.563085318,3.507911444,2.559870958
15:10:23,2.563057423,3.507186413,2.560457945
15:10:23,2.562191486,3.506670713,2.560720921
15:10:23,2.562741041,3.507151365,2.561143398
15:10:23,2.563160658,3.508244991,2.559291601
15:10:23,2.563015938,3.50821805,2.560912848
15:10:23,2.562443018,3.508417368,2.561026812
15:10:23,2.562369585,3.508235693,2.560839415
15:10:23,2.562977552,3.507996559,2.559947968
15:10:23,2.562481403,3.5086658,2.560427904
15:10:23,2.562532902,3.506556273,2.56068182
15:10:23,2.561998367,3.508482933,2.559564114
15:10:23,2.562909603,3.507552147,2.559104681
15:10:23,2.562478065,3.50891161,2.561348438
15:10:23,2.5625,3.508044004,2.560341358
15:10:23,2.562514305,3.50842762,2.559592724
15:10:23,2.562110662,3.508232594,2.560999393
15:10:23,2.562865973,3.509541273,2.560064316
15:10:24,2.562779427,3.508409977,2.560811281
15:10:24,2.562346935,3.50890851,2.560301065
15:10:24,2.562682867,3.508206367,2.561117172
15:10:24,2.563283443,3.508219004,2.560730696
15:10:24,2.562061071,3.508044004,2.560329437
15:10:24,2.561876297,3.50780654,2.559948444
15:10:24,2.562630892,3.507116795,2.559720278
15:10:24,2.562344551,3.507575512,2.56054759
15:10:24,2.562096357,3.5085361,2.560558796
15:10:24,2.562290668,3.50773859,2.560619831
15:10:24,2.562446356,3.50773406,2.559685707
15:10:24,2.56210351,3.508071661,2.560533047
15:10:24,2.562765598,3.507179499,2.56056118
15:10:24,2.562829018,3.507028103,2.560792208
15:10:24,2.563452482,3.508562565,2.560990095
15:10:24,2.562351942,3.507829428,2.560901642
15:10:24,2.562278032,3.508226395,2.559261322
15:10:24,2.5627985,3.507323027,2.559857845
15:10:24,2.561256409,3.508168459,2.560512066
15:10:24,2.561894655,3.506634235,2.560229778
15:10:24,2.561494827,3.507282019,2.559113264
15:10:24,2.561524153,3.507312536,2.559486389
15:10:24,2.56143856,3.507377386,2.559155703
15:10:24,2.561336279,3.508251429,2.560378313
15:10:24,2.562226295,3.507777691,2.559583426
15:10:24,2.562610865,3.507875919,2.559315681
15:10:24,2.561876774,3.507026196,2.55999732
15:10:24,2.562250853,3.507258892,2.559418201
15:10:24,2.56217289,3.507929802,2.560223579
15:10:24,2.562246323,3.508312941,2.560534954
15:10:24,2.562641144,3.507754564,2.55995512
15:10:24,2.561729431,3.507574797,2.559149504
15:10:24,2.561770439,3.508760929,2.559442043
15:10:24,2.562396765,3.507288218,2.559878588
15:10:24,2.561313868,3.50722599,2.560282946
15:10:24,2.561878204,3.50758028,2.559412956
15:10:24,2.562044859,3.508136034,2.560266018
15:10:24,2.562256098,3.507732868,2.559889555
15:10:24,2.56133461,3.506786108,2.55954361
15:10:24,2.561947584,3.50642705,2.560380936
15:10:24,2.561586142,3.507089615,2.560195208
15:10:24,2.561620474,3.506808043,2.559074163
15:10:24,2.562198639,3.507313251,2.561335564
15:10:24,2.561341047,3.506896973,2.559769869
15:10:24,2.562426567,3.506942511,2.560244083
15:10:24,2.562362432,3.508377552,2.560090542
15:10:24,2.562319994,3.508777857,2.55971837
15:10:24,2.563002825,3.507431269,2.560074091
15:10:24,2.562088251,3.508063555,2.560600042
15:10:24,2.5626266,3.507760763,2.560559511
15:10:24,2.562233686,3.507968426,2.560198545
15:10:24,2.562530994,3.50845623,2.5605371
15:10:24,2.561546326,3.507283926,2.559927464
15:10:24,2.562935352,3.507743835,2.561408997
15:10:24,2.562005043,3.507683992,2.56095767
15:10:24,2.562053919,3.508626699,2.559988022
15:10:24,2.562593937,3.508397102,2.559782505
15:10:24,2.562170982,3.508305073,2.560181856
15:10:24,2.561993837,3.508759737,2.559332848
15:10:24,2.563224554,3.508052111,2.560313463
15:10:24,2.562116146,3.507120848,2.559644938
15:10:24,2.562513113,3.507382154,2.560791492
15:10:24,2.562421083,3.507474899,2.559861898
15:10:24,2.56174469,3.508206844,2.559956312
15:10:24,2.561721563,3.507705927,2.559247494
15:10:24,2.561834574,3.508457661,2.560433388
15:10:24,2.562980175,3.508841276,2.561820269
15:10:24,2.563130379,3.508291245,2.562101603
15:10:24,2.56265974,3.508261204,2.560779095
15:10:24,2.562061071,3.5085392,2.56057477
15:10:24,2.561859608,3.509069681,2.560920715
15:10:24,2.562983036,3.508788347,2.56144166
15:10:24,2.562696934,3.509295702,2.560486078
15:10:24,2.564126492,3.509698629,2.562306881
15:10:24,2.56449461,3.50912261,2.560119152
15:10:24,2.563200951,3.50925231,2.560793877
15:10:24,2.562427759,3.508993864,2.559721708
15:10:24,2.562579155,3.50863266,2.560687065
15:10:24,2.562502384,3.509185076,2.561506748
15:10:24,2.562591791,3.508770704,2.561343908
15:10:24,2.563160181,3.508990288,2.56071353
15:10:24,2.562544823,3.508611679,2.560082197
15:10:24,2.562728882,3.508612394,2.560777187
15:10:24,2.562423944,3.508121014,2.560111046
15:10:24,2.562528133,3.507873058,2.559681416
15:10:24,2.56254077,3.507411718,2.560527086
15:10:24,2.56224227,3.508131981,2.561154127
15:10:24,2.56303525,3.508286238,2.560143709
15:10:24,2.562908888,3.508763075,2.560485363
15:10:24,2.563230038,3.50938797,2.560917377
15:10:24,2.562679529,3.509738922,2.561293125
15:10:24,2.5627985,3.509585619,2.560958147
15:10:24,2.562320709,3.508269072,2.560792208
15:10:24,2.56367135,3.508161306,2.561204195
15:10:24,2.561993122,3.508874655,2.56035471
15:10:24,2.563390255,3.509904146,2.56050539
15:10:24,2.562732458,3.508888245,2.560914516
15:10:24,2.563285589,3.509135962,2.561028481
15:10:24,2.562969446,3.508869886,2.559736967
15:10:24,2.562466145,3.507777691,2.56125021
15:10:24,2.562582493,3.507877111,2.561245918
15:10:24,2.561553478,3.50778389,2.5592978
15:10:24,2.561555862,3.508222818,2.560422659
15:10:24,2.561933279,3.508189917,2.560720921
15:10:24,2.56203866,3.507501125,2.559078932
15:10:24,2.563266277,3.508909702,2.560828209
15:10:24,2.562594891,3.507761955,2.560429096
15:10:24,2.562304497,3.508536577,2.560749292
15:10:24,2.562602997,3.50912261,2.560138226
15:10:24,2.562829018,3.508405447,2.560130358
15:10:24,2.563181162,3.509008408,2.561318159
15:10:24,2.563431025,3.50830245,2.561294317
15:10:24,2.562768936,3.509425402,2.56160903
15:10:24,2.563142061,3.509650469,2.560698986
15:10:24,2.562971115,3.510212183,2.561297417
15:10:25,2.564291,3.509510756,2.561129808
15:10:25,2.563402414,3.50984931,2.561002731
15:10:25,2.563118458,3.509164095,2.562023163
15:10:25,2.563494205,3.509576082,2.559980154
15:10:25,2.564277649,3.509034157,2.560220242
15:10:25,2.562716722,3.509230137,2.560745478
15:10:25,2.564103365,3.510077715,2.559256792
15:10:25,2.563609838,3.510696173,2.560621023
15:10:25,2.563735962,3.509061575,2.561057568
15:10:25,2.563582182,3.510177612,2.561850548
15:10:25,2.56327796,3.509101868,2.561187983
15:10:25,2.564519644,3.509126902,2.561774969
15:10:25,2.563529253,3.509702682,2.561471462
15:10:25,2.563610554,3.509747982,2.56149745
15:10:25,2.563810825,3.509603262,2.561474085
15:10:25,2.562947035,3.510397911,2.561314821
15:10:25,2.563640118,3.508992672,2.561072826
15:10:25,2.563020706,3.509148598,2.560456514
15:10:25,2.563538551,3.509469986,2.561761141
15:10:25,2.563303232,3.509792566,2.56042552
15:10:25,2.56317997,3.50876689,2.56117177
15:10:25,2.563173771,3.509327888,2.560618401
15:10:25,2.563364029,3.510076523,2.560416222
15:10:25,2.563193083,3.508701086,2.56135726
15:10:25,2.56452179,3.509912014,2.561306238
15:10:25,2.563750029,3.510025978,2.560602665
15:10:25,2.563532591,3.50922966,2.561036825
15:10:25,2.563845873,3.509283066,2.561269283
15:10:25,2.563835859,3.509443045,2.561423302
15:10:25,2.56393671,3.50929141,2.561560869
15:10:25,2.56315279,3.510247231,2.56076479
15:10:25,2.562863827,3.509379625,2.560916662
15:10:25,2.563739538,3.50884819,2.562046289
15:10:25,2.564069748,3.509297371,2.560083389
15:10:25,2.562834263,3.508928061,2.560512066
15:10:25,2.563672543,3.509061575,2.561308146
15:10:25,2.563791037,3.509649754,2.561139107
15:10:25,2.563688755,3.509533405,2.561516523
15:10:25,2.563181877,3.508894682,2.559624434
15:10:25,2.562673569,3.508439302,2.560510397
15:10:25,2.563036442,3.509121895,2.560337305
15:10:25,2.563093185,3.509024382,2.561043024
15:10:25,2.563032389,3.508321285,2.561372995
15:10:25,2.563251734,3.509017467,2.560315609
15:10:25,2.562876463,3.508659363,2.559879303
15:10:25,2.563187122,3.509085178,2.559816122
15:10:25,2.563483477,3.507754564,2.561365366
15:10:25,2.563362122,3.509047508,2.561963081
15:10:25,2.562068224,3.507954597,2.55893755
15:10:25,2.562973022,3.509292126,2.561925888
15:10:25,2.563736677,3.510369301,2.562234163
15:10:25,2.563405275,3.50826478,2.560669899
15:10:25,2.563532114,3.509251118,2.559988976
15:10:25,2.563525915,3.507743835,2.560669184
15:10:25,2.562443733,3.508453846,2.560080051
15:10:25,2.562284708,3.50775218,2.560526609
15:10:25,2.563402414,3.507686377,2.560761213
15:10:25,2.562423944,3.508145809,2.561237574
15:10:25,2.563009262,3.508725643,2.560179949
15:10:25,2.563583612,3.508991241,2.562046289
15:10:25,2.562502384,3.509640694,2.560647488
15:10:25,2.56340003,3.509144545,2.560223579
15:10:25,2.563109875,3.509274483,2.560248137
15:10:25,2.563251019,3.509697914,2.560116529
15:10:25,2.562673569,3.508935213,2.560626268
15:10:25,2.562675238,3.509614468,2.560193777
15:10:25,2.563145399,3.509622335,2.560976028
15:10:25,2.563210964,3.508482933,2.560762405
15:10:25,2.562405586,3.507711887,2.561701536
15:10:25,2.563251734,3.508676767,2.561276436
15:10:25,2.563074589,3.509392023,2.562360764
15:10:25,2.563563824,3.509454012,2.561627388
15:10:25,2.563600779,3.5102458,2.561651468
15:10:25,2.563103199,3.509716749,2.560936451
15:10:25,2.562117338,3.509399176,2.561003447
15:10:25,2.562931299,3.50797081,2.560279369
15:10:25,2.562490702,3.509486437,2.560288906
15:10:25,2.562917948,3.508177042,2.561106443
15:10:25,2.562944889,3.507947445,2.559623718
15:10:25,2.562593222,3.50783658,2.559963465
15:10:25,2.562044859,3.508360386,2.560613632
15:10:25,2.563142776,3.508998632,2.560744047
15:10:25,2.563189507,3.508641005,2.561083317
15:10:25,2.562575102,3.508703709,2.559987307
15:10:25,2.562699556,3.508056402,2.559912682
15:10:25,2.563052416,3.508980274,2.560914516
15:10:25,2.563713789,3.508738995,2.560632944
15:10:25,2.563163757,3.508113623,2.56054759
15:10:25,2.563310623,3.509776115,2.561031103
15:10:25,2.564203978,3.509835005,2.561089993
15:10:25,2.563987255,3.509321928,2.560303688
15:10:25,2.562741518,3.508598804,2.559913397
15:10:25,2.563236475,3.509628296,2.56033349
15:10:25,2.562962294,3.509509563,2.561861753
15:10:25,2.563789845,3.50972724,2.560858488
15:10:25,2.563850403,3.511011362,2.561223269
15:10:25,2.564108133,3.510093451,2.560720444
15:10:25,2.563441277,3.510680676,2.561142683
15:10:25,2.563940287,3.509620428,2.560914516
15:10:25,2.563530207,3.509409428,2.560902596
15:10:25,2.562848806,3.509576559,2.561855555
15:10:25,2.563662767,3.508964539,2.560713053
15:10:25,2.56369853,3.509361982,2.560345888
15:10:25,2.56315279,3.509652376,2.561002016
15:10:25,2.563966274,3.509892941,2.561266422
15:10:25,2.563323975,3.509207964,2.56177187
15:10:25,2.563074112,3.508764267,2.560423851
15:10:25,2.563784361,3.50914526,2.561397552
15:10:25,2.563374758,3.509177923,2.560549736
15:10:25,2.563615799,3.507953167,2.560863733
15:10:25,2.563675404,3.510016203,2.561573982
15:10:25,2.562656641,3.508731127,2.560617208
15:10:25,2.563895464,3.509646177,2.560369015
15:10:25,2.563142061,3.508523941,2.561164618
15:10:25,2.563431501,3.508651495,2.562326193
15:10:25,2.563392639,3.508000374,2.559397459
15:10:25,2.563431025,3.509171486,2.560364008
15:10:25,2.563229322,3.510323524,2.56094265
15:10:25,2.563530207,3.50937438,2.561127186
15:10:26,2.561804056,3.509614944,2.561865568
15:10:26,2.563266993,3.509735107,2.561755896
15:10:26,2.562670946,3.509259462,2.560703754
15:10:26,2.562927961,3.509293318,2.561244726
15:10:26,2.564116716,3.51000452,2.56143713
15:10:26,2.564224482,3.509208441,2.561110973
15:10:26,2.563155174,3.509865046,2.56120491
15:10:26,2.562529802,3.50865531,2.561026335
15:10:26,2.563098669,3.508989573,2.560572863
15:10:26,2.562564611,3.508702993,2.560656071
15:10:26,2.563440084,3.508924246,2.560739994
15:10:26,2.562846184,3.508736134,2.56059742
15:10:26,2.562775612,3.508157492,2.561499357
15:10:26,2.56230092,3.508650064,2.561233282
15:10:26,2.562097549,3.507612705,2.559930801
15:10:26,2.561866283,3.508503914,2.560819626
15:10:26,2.563672066,3.509303093,2.561064959
15:10:26,2.563440084,3.509168148,2.561498642
15:10:26,2.562277079,3.508504391,2.56108737
15:10:26,2.564356565,3.508547783,2.561143398
15:10:26,2.563347816,3.508908033,2.560609341
15:10:26,2.56289959,3.509226084,2.56158638
15:10:26,2.563628912,3.509463787,2.56150198
15:10:26,2.563034534,3.508368969,2.561540365
15:10:26,2.563704967,3.508482933,2.561131477
15:10:26,2.562555313,3.508717299,2.56112361
15:10:26,2.562638044,3.508603096,2.560915232
15:10:26,2.562498808,3.507660389,2.559785128
15:10:26,2.563471317,3.509361267,2.560179234
15:10:26,2.563136101,3.509684801,2.56044054
15:10:26,2.563065529,3.509542465,2.56091404
15:10:26,2.562324286,3.509665489,2.560988665
15:10:26,2.563518047,3.508498907,2.561345816
15:10:26,2.562264442,3.50892067,2.560854435
15:10:26,2.563560963,3.508739471,2.561140776
15:10:26,2.564166307,3.509253025,2.560499668
15:10:26,2.563961267,3.509211302,2.56079936
15:10:26,2.563028097,3.510084867,2.562652111
15:10:26,2.563041687,3.510340452,2.56219697
15:10:26,2.564051151,3.510614634,2.561777353
15:10:26,2.562952518,3.51009655,2.561226845
15:10:26,2.563263655,3.509290218,2.561556339
15:10:26,2.563604593,3.509943247,2.560771227
15:10:26,2.563874722,3.509603262,2.562152863
15:10:26,2.56296587,3.509226799,2.561210871
15:10:26,2.563365459,3.5085361,2.562235594
15:10:26,2.56400013,3.509696722,2.559958458
15:10:26,2.563160181,3.509817362,2.562678576
15:10:26,2.564054489,3.510275126,2.561659813
15:10:26,2.563619852,3.509342432,2.561109781
15:10:26,2.563808918,3.510044336,2.562630653
15:10:26,2.563816071,3.509294033,2.562191725
15:10:26,2.56384778,3.5099895,2.56129241
15:10:26,2.564694881,3.510512829,2.562707663
15:10:26,2.564787865,3.511087179,2.562000036
15:10:26,2.565019846,3.511421204,2.561855555
15:10:26,2.564427853,3.510690451,2.561716318
15:10:26,2.563814163,3.509763241,2.562684298
15:10:26,2.563829184,3.509584427,2.56170845
15:10:26,2.563753128,3.510450125,2.562350988
15:10:26,2.562809229,3.509617567,2.561239481
15:10:26,2.562506437,3.509097099,2.560384989
15:10:26,2.562052011,3.509285927,2.561532497
15:10:26,2.563482523,3.509639978,2.561823845
15:10:26,2.563629627,3.510159969,2.561800241
15:10:26,2.563929081,3.510911465,2.561677217
15:10:26,2.564115524,3.511115074,2.56058383
15:10:26,2.564010143,3.509943247,2.561987877
15:10:26,2.564203978,3.510050297,2.561509371
15:10:26,2.563642263,3.509777546,2.560976744
15:10:26,2.564085722,3.510123253,2.56136179
15:10:26,2.564063072,3.5097363,2.562226772
15:10:26,2.564213276,3.509282351,2.562036514
15:10:26,2.56323123,3.509874105,2.563111782
15:10:26,2.563503981,3.509872913,2.562027216
15:10:26,2.563969135,3.509147406,2.561025858
15:10:26,2.564198732,3.510149479,2.562376976
15:10:26,2.563896656,3.510153294,2.560833216
15:10:26,2.563607216,3.509605169,2.561617851
15:10:26,2.56410861,3.509053469,2.561553001
15:10:26,2.564029694,3.509168148,2.560406685
15:10:26,2.564088821,3.509755135,2.561367273
15:10:26,2.563616991,3.510673285,2.561522961
15:10:26,2.563827991,3.510365486,2.56058073
15:10:26,2.563730717,3.509941816,2.561004162
15:10:26,2.563905954,3.509526491,2.560912848
15:10:26,2.563739538,3.510139227,2.561811924
15:10:26,2.563013077,3.509166241,2.561129808
15:10:26,2.563892126,3.509868145,2.562010288
15:10:26,2.563307762,3.509213924,2.562041759
15:10:26,2.563013792,3.509937525,2.562535524
15:10:26,2.563173771,3.509688854,2.560660124
15:10:26,2.563258886,3.510015011,2.562185049
15:10:26,2.56293273,3.509324789,2.560013533
15:10:26,2.562880516,3.509655476,2.560874939
15:10:26,2.564049482,3.51066184,2.562287569
15:10:26,2.563506126,3.509884596,2.561013222
15:10:26,2.563480616,3.509259462,2.561043739
15:10:26,2.563219309,3.509351015,2.562179804
15:10:26,2.56317997,3.509916067,2.561765194
15:10:26,2.564443111,3.509799004,2.561557531
15:10:26,2.563833714,3.509939194,2.561532974
15:10:26,2.563868761,3.509934902,2.560787916
15:10:26,2.56411314,3.509184122,2.560033321
15:10:26,2.562463522,3.508126974,2.560003519
15:10:26,2.562136412,3.508016586,2.559591293
15:10:26,2.563166618,3.508863449,2.560323954
15:10:26,2.563339472,3.507689714,2.559043646
15:10:26,2.56265974,3.508358479,2.560739517
15:10:26,2.563081741,3.507914305,2.560217857
15:10:26,2.56295681,3.508748055,2.559965611
15:10:26,2.561959505,3.50809598,2.558710575
15:10:26,2.563347816,3.508102179,2.561465025
15:10:26,2.563435316,3.508825064,2.560093403
15:10:26,2.563029051,3.509152651,2.56119132
15:10:26,2.56315136,3.509020805,2.560596466
15:10:26,2.56315136,3.50903964,2.561143398
15:10:26,2.562539577,3.507662535,2.560791016
15:10:26,2.562851667,3.508447886,2.560316086
15:10:27,2.564213276,3.508761644,2.561851978
15:10:27,2.563283443,3.509025097,2.56132555
15:10:27,2.562602997,3.510437965,2.561134338
15:10:27,2.563905954,3.509745359,2.560073376
15:10:27,2.562318802,3.508616686,2.560308933
15:10:27,2.562562704,3.508905411,2.560863018
15:10:27,2.563049555,3.507321119,2.559386492
15:10:27,2.562602997,3.508500099,2.560987949
15:10:27,2.562588453,3.508794546,2.560612679
15:10:27,2.562699556,3.507936239,2.561605692
15:10:27,2.562929869,3.508495331,2.559720278
15:10:27,2.562822104,3.508015394,2.55984211
15:10:27,2.561651468,3.507929802,2.559905529
15:10:27,2.562773943,3.507688999,2.560917377
15:10:27,2.562940598,3.508746386,2.561391592
15:10:27,2.562497139,3.50823617,2.559855938
15:10:27,2.562376976,3.507612705,2.560408115
15:10:27,2.562821627,3.507304907,2.560546398
15:10:27,2.561752558,3.507484674,2.560172558
15:10:27,2.56285882,3.508391619,2.559122562
15:10:27,2.5625844,3.508975029,2.55984807
15:10:27,2.562312841,3.507354259,2.55981493
15:10:27,2.56293869,3.509237289,2.560043097
15:10:27,2.561951637,3.507389545,2.560757875
15:10:27,2.562524319,3.507764816,2.560782433
15:10:27,2.5623281,3.507422209,2.559933901
15:10:27,2.562795401,3.508396387,2.560927153
15:10:27,2.563153982,3.5089221,2.561213017
15:10:27,2.562552214,3.508757114,2.560372353
15:10:27,2.562369585,3.509102345,2.560950994
15:10:27,2.563776493,3.50996232,2.561191797
15:10:27,2.56261611,3.510016203,2.561242104
15:10:27,2.563111544,3.508397102,2.561052322
15:10:27,2.563005447,3.508607626,2.561248779
15:10:27,2.56247735,3.508434296,2.560596466
15:10:27,2.562494516,3.508889437,2.559531689
15:10:27,2.56311512,3.508488417,2.560048342
15:10:27,2.562740326,3.509075403,2.559541225
15:10:27,2.562634706,3.50965476,2.56055212
15:10:27,2.563455343,3.508814096,2.56081605
15:10:27,2.562310457,3.508494139,2.560940504
15:10:27,2.562196732,3.508533955,2.561084032
15:10:27,2.563050032,3.509474754,2.562042236
15:10:27,2.56300354,3.509361982,2.560745001
15:10:27,2.562662601,3.509882689,2.561812639
15:10:27,2.563459158,3.509808064,2.560959816
15:10:27,2.563726902,3.508604288,2.560651541
15:10:27,2.562818289,3.508526325,2.560681105
15:10:27,2.563475132,3.509328604,2.561952353
15:10:27,2.564127207,3.509118795,2.561098099
15:10:27,2.562395573,3.508622169,2.560497999
15:10:27,2.563632488,3.509641886,2.561264038
15:10:27,2.563640118,3.507894039,2.559518576
15:10:27,2.563434124,3.50921464,2.561437845
15:10:27,2.562635422,3.507256746,2.560349941
15:10:27,2.562886238,3.508139849,2.561004877
15:10:27,2.561864853,3.508162975,2.559190035
15:10:27,2.562061071,3.508152246,2.560063124
15:10:27,2.562363863,3.508507252,2.561756611
15:10:27,2.563313246,3.508693933,2.559550285
15:10:27,2.562610865,3.508572102,2.561601877
15:10:27,2.562122583,3.507597685,2.560337782
15:10:27,2.561658144,3.508453846,2.560829401
15:10:27,2.562809229,3.508984089,2.561561346
15:10:27,2.562961817,3.508623123,2.561078548
15:10:27,2.563447237,3.508165836,2.560232639
15:10:27,2.562563419,3.509182453,2.561452389
15:10:27,2.563388586,3.510693312,2.562356472
15:10:27,2.564749002,3.509928942,2.560485363
15:10:27,2.5627563,3.509577274,2.561812639
15:10:27,2.563299894,3.510587215,2.561249495
15:10:27,2.563465834,3.510328054,2.561679125
15:10:27,2.564986944,3.510575056,2.562490225
15:10:27,2.564339399,3.51117301,2.562169313
15:10:27,2.564597607,3.511049986,2.561738014
15:10:27,2.564469576,3.5116539,2.560964823
15:10:27,2.563783646,3.510650158,2.562142611
15:10:27,2.563783646,3.510947704,2.562178612
15:10:27,2.5634408,3.509831667,2.56105566
15:10:27,2.5634799,3.510587215,2.56179285
15:10:27,2.564079762,3.509541273,2.562406063
15:10:27,2.564163685,3.509641886,2.562135458
15:10:27,2.564567089,3.511086464,2.561761856
15:10:27,2.564502478,3.510818958,2.562347889
15:10:27,2.563919544,3.510163069,2.56217432
15:10:27,2.56380105,3.509990215,2.561134815
15:10:27,2.563868046,3.508725166,2.561332703
15:10:27,2.563584805,3.509911299,2.562245607
15:10:27,2.563348532,3.509395838,2.561548948
15:10:27,2.564411879,3.509499788,2.561290979
15:10:27,2.563468695,3.510072231,2.561615229
15:10:27,2.563576698,3.509538889,2.561285734
15:10:27,2.564268589,3.511036158,2.56137085
15:10:27,2.562742949,3.510180235,2.561084032
15:10:27,2.56423521,3.510678053,2.561757803
15:10:27,2.564477921,3.510269642,2.561551094
15:10:27,2.563803434,3.510339975,2.561214209
15:10:27,2.5641222,3.51018548,2.560526609
15:10:27,2.564472198,3.510278702,2.56118989
15:10:27,2.564898252,3.510381222,2.562229395
15:10:27,2.563655376,3.510463476,2.56153965
15:10:27,2.563938141,3.511235714,2.561773777
15:10:27,2.56383872,3.510299444,2.562219381
15:10:27,2.563985825,3.510797977,2.562726736
15:10:27,2.564022303,3.510271549,2.56223011
15:10:27,2.564881086,3.510496616,2.560342073
15:10:27,2.563361406,3.510676622,2.560286999
15:10:27,2.564301014,3.511294603,2.561887264
15:10:27,2.564676523,3.511745453,2.562158823
15:10:27,2.564133644,3.510596514,2.561020374
15:10:27,2.564330101,3.510412931,2.56255722
15:10:27,2.564205408,3.50945735,2.561207056
15:10:27,2.563565016,3.510155201,2.561181545
15:10:27,2.563616514,3.510105133,2.5634377
15:10:27,2.564415216,3.510515451,2.56209445
15:10:27,2.56450057,3.510449409,2.560945034
15:10:27,2.564357996,3.510576963,2.562378168
15:10:27,2.564694881,3.510525942,2.561425209
15:10:27,2.563950777,3.510437965,2.561942339
15:10:28,2.564463615,3.510156393,2.5620296
15:10:28,2.563826561,3.510429382,2.561603785
15:10:28,2.565405846,3.510826111,2.563029766
15:10:28,2.564063072,3.510988951,2.562375069
15:10:28,2.56475234,3.510950565,2.562265873
15:10:28,2.564104795,3.510638714,2.562836409
15:10:28,2.565055609,3.510611534,2.56322813
15:10:28,2.564961672,3.511586905,2.562711
15:10:28,2.564620018,3.50996232,2.563298225
15:10:28,2.564553976,3.510767221,2.561866283
15:10:28,2.56485939,3.511098862,2.561591864
15:10:28,2.563663483,3.510941505,2.56171155
15:10:28,2.563912392,3.510261059,2.562509298
15:10:28,2.564696074,3.51102972,2.562873602
15:10:28,2.564188719,3.511481762,2.562536955
15:10:28,2.564397335,3.511070251,2.561781645
15:10:28,2.564303637,3.511287928,2.563029051
15:10:28,2.564433098,3.510879517,2.561972857
15:10:28,2.563637257,3.510536909,2.561532021
15:10:28,2.564804316,3.511001587,2.561584473
15:10:28,2.564091206,3.510173321,2.562070131
15:10:28,2.564446926,3.511015177,2.560709
15:10:28,2.564164162,3.511299849,2.562769175
15:10:28,2.56354332,3.510070562,2.561784983
15:10:28,2.564205408,3.510047197,2.562323332
15:10:28,2.564358473,3.510336161,2.562789679
15:10:28,2.564326763,3.50965476,2.561948299
15:10:28,2.563875914,3.508993864,2.561363697
15:10:28,2.563313246,3.509487867,2.562461138
15:10:28,2.563520193,3.51008749,2.562366962
15:10:28,2.564091682,3.509810686,2.560933352
15:10:28,2.564063787,3.510834694,2.561460495
15:10:28,2.564139843,3.510063887,2.561944008
15:10:28,2.564770937,3.510751247,2.561769724
15:10:28,2.56430769,3.509852648,2.56076932
15:10:28,2.564067841,3.510226965,2.562194347
15:10:28,2.565273762,3.510999441,2.563220024
15:10:28,2.564252138,3.510906935,2.561627388
15:10:28,2.564754248,3.510001421,2.561588049
15:10:28,2.564491272,3.511000156,2.562040806
15:10:28,2.564590931,3.510948658,2.561640024
15:10:28,2.564083338,3.511156797,2.562345982
15:10:28,2.564150333,3.511282206,2.561035872
15:10:28,2.564246655,3.51136446,2.562783003
15:10:28,2.565417528,3.511989355,2.562296391
15:10:28,2.564523697,3.511310339,2.562356472
15:10:28,2.564511061,3.51052928,2.562140942
15:10:28,2.564424038,3.511472464,2.56243515
15:10:28,2.56397748,3.510646582,2.5634377
15:10:28,2.564676523,3.511195183,2.562114239
15:10:28,2.564501286,3.510804653,2.562625647
15:10:28,2.56485939,3.51104331,2.561583519
15:10:28,2.56343627,3.509738207,2.560740709
15:10:28,2.564941168,3.510311365,2.56144166
15:10:28,2.564386368,3.511039495,2.56157279
15:10:28,2.564783573,3.512166262,2.563104153
15:10:28,2.564807892,3.511075497,2.561403513
15:10:28,2.564446926,3.510745049,2.562966108
15:10:28,2.564531803,3.510334969,2.560724974
15:10:28,2.564152241,3.509882689,2.561274529
15:10:28,2.563141584,3.510224342,2.561153412
15:10:28,2.563079834,3.509274483,2.560798407
15:10:28,2.563275099,3.509638071,2.561722279
15:10:28,2.564318895,3.510773897,2.561602592
15:10:28,2.564396143,3.510277271,2.560993433
15:10:28,2.563818693,3.510020256,2.561958313
15:10:28,2.564875126,3.510264397,2.562001228
15:10:28,2.563666821,3.510722399,2.56006813
15:10:28,2.563315153,3.510162592,2.5624125
15:10:28,2.563438177,3.508723974,2.561425924
15:10:28,2.563645124,3.510111094,2.561556339
15:10:28,2.563383102,3.510668278,2.561791658
15:10:28,2.56381917,3.509972095,2.562021017
15:10:28,2.564024687,3.509831667,2.560311556
15:10:28,2.564182758,3.510470867,2.560552835
15:10:28,2.564324856,3.510484934,2.561503887
15:10:28,2.564764738,3.511265039,2.561179876
15:10:28,2.564176559,3.510022163,2.562731504
15:10:28,2.564228058,3.51022768,2.561786413
15:10:28,2.564339876,3.509800434,2.561345816
15:10:28,2.563339472,3.509165525,2.560509443
15:10:28,2.56501317,3.509245634,2.561182499
15:10:28,2.564198732,3.510807037,2.562314749
15:10:28,2.564495087,3.511622667,2.562362432
15:10:28,2.564534426,3.509428024,2.561228752
15:10:28,2.563719749,3.509573936,2.562660456
15:10:28,2.56432271,3.51030612,2.561513186
15:10:28,2.564703226,3.509482622,2.561749458
15:10:28,2.56395936,3.509548664,2.560353279
15:10:28,2.563335896,3.509720087,2.561843157
15:10:28,2.564121246,3.510006428,2.561289549
15:10:28,2.564020634,3.510719776,2.561865568
15:10:28,2.563025713,3.510032654,2.561247349
15:10:28,2.564171553,3.51021719,2.561023235
15:10:28,2.564308643,3.51036787,2.561637402
15:10:28,2.564019442,3.508929253,2.562074661
15:10:28,2.564355373,3.511157513,2.562458754
15:10:28,2.564616203,3.510364294,2.562155962
15:10:28,2.564299583,3.509779453,2.562470198
15:10:28,2.564421892,3.511569262,2.56105566
15:10:28,2.563747406,3.509786129,2.561074734
15:10:28,2.563994408,3.510601997,2.561831951
15:10:28,2.564364433,3.510552645,2.562009096
15:10:28,2.564408779,3.509781599,2.56150794
15:10:28,2.564570665,3.509702682,2.561372995
15:10:28,2.564662218,3.511290789,2.561805487
15:10:28,2.565355539,3.510667562,2.561073542
15:10:28,2.564048052,3.510635376,2.561382771
15:10:28,2.565000534,3.50999999,2.562829971
15:10:28,2.564586401,3.510758638,2.562745333
15:10:28,2.564439774,3.511112452,2.562225342
15:10:28,2.564043999,3.511588335,2.561992884
15:10:28,2.563915253,3.511018515,2.562750101
15:10:28,2.564141273,3.511148214,2.562380314
15:10:28,2.564193487,3.511349916,2.561622858
15:10:28,2.564345837,3.510864735,2.561585665
15:10:29,2.563952923,3.511408567,2.562812805
15:10:29,2.564326048,3.511002302,2.561124325
15:10:29,2.563059568,3.510952473,2.561969519
15:10:29,2.563731194,3.511225939,2.56091094
15:10:29,2.563457966,3.510840416,2.56173563
15:10:29,2.563884258,3.511049271,2.560880423
15:10:29,2.564299583,3.510451555,2.56068635
15:10:29,2.564960957,3.51094985,2.562459707
15:10:29,2.56449461,3.51129508,2.561837912
15:10:29,2.563724756,3.510652304,2.561959505
15:10:29,2.564403296,3.510708094,2.561689615
15:10:29,2.564372778,3.510147333,2.562316179
15:10:29,2.563941479,3.509491682,2.5626688
15:10:29,2.564010859,3.509810686,2.562283039
15:10:29,2.564351797,3.509086609,2.561859846
15:10:29,2.563025236,3.510057449,2.561860561
15:10:29,2.564616203,3.511011362,2.561677694
15:10:29,2.564428568,3.510341883,2.561742067
15:10:29,2.564100742,3.510613441,2.561425209
15:10:29,2.564852715,3.511045933,2.561268568
15:10:29,2.564612865,3.510232449,2.562360287
15:10:29,2.563677311,3.511325836,2.562188387
15:10:29,2.564336777,3.51054883,2.561244726
15:10:29,2.563415527,3.509735584,2.561004877
15:10:29,2.56380415,3.509605885,2.561309338
15:10:29,2.563981771,3.510262966,2.562301636
15:10:29,2.564711332,3.510587215,2.56089735
15:10:29,2.563500881,3.511015177,2.561798334
15:10:29,2.563796997,3.510618448,2.562142611
15:10:29,2.564224482,3.510353088,2.561714888
15:10:29,2.5647192,3.510537863,2.561164141
15:10:29,2.563484907,3.5099895,2.562001944
15:10:29,2.563627005,3.509858847,2.563851118
15:10:29,2.564740419,3.510846138,2.562224865
15:10:29,2.563221455,3.510332823,2.563475609
15:10:29,2.564445734,3.510058165,2.561841249
15:10:29,2.564006329,3.510477066,2.561246634
15:10:29,2.564330816,3.510716438,2.561863899
15:10:29,2.56450963,3.509641886,2.561669111
15:10:29,2.563882113,3.510052681,2.561203003
15:10:29,2.56398797,3.508650064,2.562180519
15:10:29,2.56381464,3.509302616,2.561849117
15:10:29,2.564080477,3.509807587,2.562427759
15:10:29,2.565279245,3.511315107,2.562722683
15:10:29,2.565100431,3.509812117,2.561182499
15:10:29,2.564181566,3.509970427,2.561603785
15:10:29,2.56449008,3.509958982,2.561607838
15:10:29,2.563489676,3.510748386,2.562137365
15:10:29,2.564088821,3.510132074,2.561373711
15:10:29,2.565186262,3.511172056,2.563653946
15:10:29,2.564779997,3.510109663,2.562205553
15:10:29,2.564593554,3.510267973,2.562045574
15:10:29,2.565111876,3.509961367,2.561890125
15:10:29,2.564061642,3.509876728,2.562469482
15:10:29,2.56334424,3.509596109,2.561930418
15:10:29,2.564699411,3.510807753,2.561963081
15:10:29,2.564341068,3.510544062,2.560655355
15:10:29,2.564195156,3.510156393,2.563596249
15:10:29,2.565144777,3.509928226,2.562554359
15:10:29,2.564480782,3.510610104,2.563415051
15:10:29,2.564635277,3.510546923,2.561809063
15:10:29,2.564513206,3.511071205,2.561295033
15:10:29,2.564804316,3.510433912,2.563180447
15:10:29,2.563923836,3.510746956,2.562882185
15:10:29,2.563682556,3.510541439,2.561891556
15:10:29,2.564922094,3.510662794,2.562365532
15:10:29,2.564723015,3.510096073,2.561505079
15:10:29,2.564265966,3.510900497,2.560427189
15:10:29,2.563979149,3.510503054,2.561355829
15:10:29,2.564942598,3.509994745,2.56169796
15:10:29,2.565330505,3.510483027,2.562769175
15:10:29,2.56490016,3.509448051,2.561529636
15:10:29,2.56446743,3.509529114,2.562420607
15:10:29,2.564655066,3.510762215,2.562554836
15:10:29,2.564348698,3.511549234,2.561823845
15:10:29,2.564309359,3.511161566,2.562473059
15:10:29,2.564512491,3.511129379,2.561877728
15:10:29,2.565276384,3.511720657,2.561825275
15:10:29,2.5641675,3.511325121,2.561897993
15:10:29,2.564885855,3.511637688,2.562500477
15:10:29,2.565068722,3.511360407,2.562749386
15:10:29,2.56504488,3.512244463,2.561623812
15:10:29,2.564294338,3.511752844,2.561127186
15:10:29,2.564333439,3.511459589,2.562683821
15:10:29,2.565456629,3.512298584,2.562517166
15:10:29,2.564765453,3.51198554,2.562618017
15:10:29,2.564929962,3.512090445,2.563124418
15:10:29,2.565882683,3.51206708,2.563302755
15:10:29,2.564749718,3.511291981,2.563284397
15:10:29,2.564638138,3.512656927,2.561482906
15:10:29,2.564701319,3.511806488,2.56209445
15:10:29,2.566304207,3.512826443,2.562746525
15:10:29,2.564797878,3.511062145,2.56308794
15:10:29,2.565207005,3.511369467,2.562243938
15:10:29,2.564965248,3.510433912,2.561642408
15:10:29,2.564454794,3.511209011,2.562400103
15:10:29,2.563883543,3.51092267,2.56136179
15:10:29,2.564377546,3.510539055,2.56157136
15:10:29,2.564582586,3.51128459,2.563620329
15:10:29,2.564840317,3.511199236,2.562958479
15:10:29,2.564198732,3.510749102,2.563432455
15:10:29,2.565255165,3.510581255,2.562101603
15:10:29,2.564704657,3.510970831,2.562226772
15:10:29,2.56562233,3.512238741,2.563050985
15:10:29,2.564834356,3.511897802,2.562393427
15:10:29,2.564949751,3.512579918,2.562546253
15:10:29,2.564736366,3.510457516,2.561713457
15:10:29,2.563955545,3.511167288,2.562806845
15:10:29,2.565244675,3.512145996,2.563149929
15:10:29,2.563981771,3.511806011,2.562388897
15:10:29,2.564544201,3.511856794,2.56208849
15:10:29,2.564926624,3.513238907,2.562665939
15:10:29,2.565608025,3.511118412,2.562004805
15:10:29,2.56506753,3.510837078,2.562589169
15:10:29,2.565020561,3.511827707,2.562072754
15:10:29,2.56489563,3.511051178,2.562646866
15:10:29,2.565054178,3.510893345,2.562130928
15:10:29,2.565117598,3.511113882,2.561696291
15:10:29,2.563562393,3.510528803,2.56106925
15:10:30,2.56398797,3.50927639,2.562388897
15:10:30,2.563603401,3.509367228,2.562015772
15:10:30,2.563507557,3.5103302,2.560905457
15:10:30,2.564180851,3.510050297,2.561395407
15:10:30,2.564482927,3.510785341,2.562661171
15:10:30,2.564860582,3.509877205,2.560612679
15:10:30,2.564487934,3.510599136,2.56332612
15:10:30,2.564061642,3.510557413,2.561747551
15:10:30,2.564535618,3.511160374,2.561806202
15:10:30,2.564295769,3.511287928,2.562249184
15:10:30,2.56351018,3.510172844,2.560978174
15:10:30,2.564077854,3.510688543,2.562075377
15:10:30,2.563514709,3.51026535,2.561502457
15:10:30,2.563783646,3.510273457,2.562378883
15:10:30,2.564480066,3.511636972,2.562052011
15:10:30,2.563997269,3.51260066,2.562917233
15:10:30,2.564987421,3.512359381,2.56295681
15:10:30,2.564265966,3.510854959,2.562739372
15:10:30,2.564521074,3.511048079,2.563130379
15:10:30,2.564361811,3.511693001,2.562301636
15:10:30,2.565362692,3.511306047,2.562387705
15:10:30,2.564427137,3.510908842,2.564049959
15:10:30,2.564823151,3.511820555,2.563290834
15:10:30,2.564188004,3.511740685,2.562804699
15:10:30,2.564815044,3.510930538,2.563863516
15:10:30,2.564696074,3.511066914,2.561421394
15:10:30,2.563975811,3.510871887,2.563591719
15:10:30,2.56475234,3.511506081,2.562627077
15:10:30,2.564840794,3.510910273,2.562549353
15:10:30,2.564715385,3.510596514,2.562124968
15:10:30,2.564088821,3.5104177,2.562705755
15:10:30,2.563998461,3.510290384,2.562461615
15:10:30,2.564552069,3.511128187,2.561401367
15:10:30,2.564665079,3.510598421,2.562494516
15:10:30,2.565274239,3.511407852,2.563240051
15:10:30,2.564081192,3.509925842,2.562289476
15:10:30,2.564399719,3.510652304,2.561992884
15:10:30,2.565024376,3.511391163,2.562170744
15:10:30,2.564363003,3.5111444,2.561797619
15:10:30,2.564759016,3.511077404,2.562382698
15:10:30,2.563851833,3.510871887,2.561802864
15:10:30,2.564905643,3.510726213,2.561264038
15:10:30,2.564556599,3.511008024,2.561512232
15:10:30,2.56494379,3.511476755,2.562258482
15:10:30,2.564756155,3.51116395,2.562445641
15:10:30,2.564886808,3.511067629,2.560968161
15:10:30,2.563293457,3.510946274,2.5625422
15:10:30,2.564478636,3.511040688,2.561499357
15:10:30,2.563770056,3.511021137,2.562540293
15:10:30,2.563981056,3.511076689,2.561718464
15:10:30,2.564375162,3.511598587,2.562377691
15:10:30,2.564821005,3.51124692,2.562591076
15:10:30,2.564985514,3.511680365,2.562463999
15:10:30,2.565052032,3.511055708,2.562448978
15:10:30,2.564744234,3.51235795,2.562535524
15:10:30,2.564790726,3.512815237,2.56302762
15:10:30,2.564973593,3.510650158,2.563010931
15:10:30,2.565470457,3.51140213,2.562359095
15:10:30,2.564445019,3.511448383,2.56344676
15:10:30,2.564064264,3.510292292,2.561876297
15:10:30,2.56490016,3.510553837,2.561946392
15:10:30,2.563839912,3.510207415,2.561263323
15:10:30,2.56474185,3.509600878,2.561517239
15:10:30,2.564566135,3.509846687,2.562069416
15:10:30,2.564941883,3.51021862,2.561897993
15:10:30,2.563860893,3.5097754,2.562119722
15:10:30,2.564409256,3.510372639,2.562488079
15:10:30,2.564198732,3.510423422,2.56230998
15:10:30,2.564162254,3.511729717,2.56079936
15:10:30,2.563919067,3.510607481,2.562637806
15:10:30,2.564320803,3.510835886,2.562120914
15:10:30,2.56494379,3.512520313,2.562304735
15:10:30,2.564486504,3.51233983,2.562017441
15:10:30,2.564857244,3.512144566,2.562737465
15:10:30,2.564884663,3.510895967,2.562018633
15:10:30,2.564727306,3.511164665,2.56252718
15:10:30,2.565898657,3.511939764,2.561617851
15:10:30,2.564477921,3.511493683,2.562968731
15:10:30,2.564873934,3.511475325,2.561996698
15:10:30,2.564243555,3.510941505,2.561806679
15:10:30,2.564057112,3.510775566,2.561882973
15:10:30,2.56424284,3.511687994,2.561894655
15:10:30,2.56504178,3.512141228,2.562577248
15:10:30,2.564881086,3.511049986,2.562857628
15:10:30,2.565194368,3.511948347,2.563894749
15:10:30,2.564682961,3.511008024,2.563080788
15:10:30,2.564985514,3.511469841,2.563208103
15:10:30,2.564847946,3.511049986,2.56238699
15:10:30,2.564120054,3.510464668,2.563363552
15:10:30,2.565383196,3.510828018,2.562463522
15:10:30,2.565930843,3.512490988,2.56305027
15:10:30,2.563892603,3.510370731,2.562081099
15:10:30,2.565238476,3.511343479,2.562917233
15:10:30,2.565025806,3.510753155,2.562913179
15:10:30,2.565047026,3.511271715,2.563462973
15:10:30,2.564681292,3.511824369,2.562898636
15:10:30,2.565639734,3.511726379,2.5621984
15:10:30,2.565141678,3.511058569,2.563698292
15:10:30,2.565440178,3.511214018,2.563488483
15:10:30,2.564295053,3.511330366,2.562031746
15:10:30,2.565094471,3.511503458,2.564209461
15:10:30,2.566112757,3.511189461,2.56303978
15:10:30,2.565457344,3.511636496,2.563741207
15:10:30,2.564844847,3.511365175,2.563129663
15:10:30,2.565023184,3.512380123,2.564054251
15:10:30,2.565587521,3.510047197,2.562560797
15:10:30,2.565413237,3.511522293,2.563859463
15:10:30,2.564793348,3.511905909,2.564479828
15:10:30,2.565850258,3.511981487,2.562645435
15:10:30,2.565433979,3.512553215,2.565015078
15:10:30,2.565243959,3.512085199,2.5634377
15:10:30,2.565754414,3.512948275,2.563004494
15:10:30,2.565579891,3.512071609,2.562945843
15:10:30,2.565332413,3.511749268,2.563073158
15:10:30,2.565283537,3.511393785,2.562999249
15:10:31,2.565886259,3.51185894,2.562556505
15:10:31,2.56500864,3.512415648,2.563612938
15:10:31,2.565343618,3.512173414,2.563564539
15:10:31,2.565010071,3.511514425,2.56185317
15:10:31,2.565198898,3.512042284,2.563935757
15:10:31,2.565063953,3.511620045,2.562149525
15:10:31,2.564737082,3.511207104,2.561418772
15:10:31,2.564330101,3.510761499,2.562413216
15:10:31,2.564022779,3.51094079,2.563626766
15:10:31,2.564872503,3.511441946,2.562876701
15:10:31,2.564440489,3.510123968,2.562773705
15:10:31,2.564561129,3.510171175,2.560887098
15:10:31,2.564618587,3.510463476,2.563201427
15:10:31,2.564836025,3.510166407,2.561757326
15:10:31,2.565913677,3.512123823,2.563520193
15:10:31,2.56559968,3.512270451,2.562971354
15:10:31,2.564870358,3.511243105,2.564044714
15:10:31,2.564955235,3.512196779,2.564136028
15:10:31,2.565617085,3.511702776,2.563645124
15:10:31,2.565016747,3.512143373,2.563551426
15:10:31,2.565208673,3.512433052,2.562880754
15:10:31,2.566527843,3.512130737,2.56274271
15:10:31,2.565095663,3.512857914,2.563672304
15:10:31,2.565950155,3.513145685,2.562982082
15:10:31,2.565280199,3.512667894,2.563014507
15:10:31,2.564718008,3.512240648,2.563390255
15:10:31,2.564555407,3.512994766,2.563200235
15:10:31,2.565488338,3.512236118,2.564275026
15:10:31,2.565570354,3.512539864,2.562265158
15:10:31,2.565973282,3.512714148,2.563200235
15:10:31,2.565401316,3.511357069,2.563734055
15:10:31,2.565966845,3.513007879,2.563894033
15:10:31,2.565442085,3.512844086,2.563319206
15:10:31,2.565079451,3.512706995,2.563842535
15:10:31,2.564560652,3.511170626,2.562843323
15:10:31,2.565925121,3.511432886,2.562808752
15:10:31,2.564677,3.512205839,2.56322813
15:10:31,2.566069841,3.512125254,2.563930511
15:10:31,2.565362692,3.511425734,2.56367135
15:10:31,2.565339088,3.511416912,2.563068151
15:10:31,2.56517458,3.512505531,2.562213659
15:10:31,2.564855337,3.512581825,2.564125776
15:10:31,2.566139698,3.512267351,2.563636065
15:10:31,2.565805912,3.511901379,2.564282179
15:10:31,2.565457821,3.511416674,2.5633986
15:10:31,2.5659554,3.511869907,2.563334465
15:10:31,2.565733433,3.5113585,2.563354969
15:10:31,2.56627655,3.511651993,2.562518358
15:10:31,2.565266371,3.512050629,2.563134193
15:10:31,2.565862179,3.511523008,2.563290119
15:10:31,2.565363407,3.51196599,2.563489914
15:10:31,2.565029144,3.512423992,2.563620329
15:10:31,2.566447496,3.512841463,2.563697577
15:10:31,2.565178394,3.511431456,2.564562082
15:10:31,2.566143274,3.511883736,2.562966108
15:10:31,2.565126896,3.512061119,2.563453674
15:10:31,2.566451073,3.513321877,2.563029766
15:10:31,2.564717293,3.513122559,2.562515736
15:10:31,2.564438581,3.512718916,2.562185764
15:10:31,2.564976931,3.512187719,2.562594414
15:10:31,2.56585741,3.513010502,2.563935041
15:10:31,2.564759016,3.512816668,2.562384844
15:10:31,2.565227747,3.512650251,2.56301713
15:10:31,2.565874815,3.51219821,2.5628438
15:10:31,2.564810991,3.512487411,2.56152916
15:10:31,2.565355539,3.512099028,2.562385321
15:10:31,2.564797163,3.512317419,2.563335896
15:10:31,2.565155983,3.512682915,2.562724113
15:10:31,2.566133738,3.512142181,2.563015699
15:10:31,2.565742016,3.512250423,2.563460827
15:10:31,2.565228462,3.512081861,2.563153267
15:10:31,2.565255165,3.512393951,2.562812805
15:10:31,2.564442396,3.512150526,2.56301713
15:10:31,2.565498829,3.511832237,2.561490297
15:10:31,2.564602852,3.511328459,2.563085794
15:10:31,2.563912392,3.510134935,2.563439131
15:10:31,2.565354586,3.511056185,2.562101603
15:10:31,2.566860676,3.511608362,2.564143181
15:10:31,2.565057516,3.512679577,2.562509298
15:10:31,2.565854549,3.512033701,2.562985897
15:10:31,2.566061258,3.51257062,2.562218666
15:10:31,2.565810204,3.512560844,2.562636137
15:10:31,2.56526947,3.511935949,2.564388514
15:10:31,2.565912485,3.511828184,2.562882662
15:10:31,2.564934015,3.512066364,2.56243372
15:10:31,2.565675735,3.511438608,2.562610865
15:10:31,2.565125465,3.511190891,2.563788891
15:10:31,2.564852238,3.511197329,2.561917067
15:10:31,2.564962387,3.512080669,2.56278038
15:10:31,2.565374613,3.511579752,2.562750101
15:10:31,2.564505816,3.511935949,2.563319206
15:10:31,2.565219402,3.51271534,2.562099218
15:10:31,2.565523386,3.511937618,2.563129663
15:10:31,2.565754175,3.511314869,2.561794758
15:10:31,2.564470768,3.510272741,2.561235905
15:10:31,2.565058231,3.512083292,2.562733889
15:10:31,2.564571142,3.511219501,2.562517166
15:10:31,2.564742804,3.510599136,2.562208891
15:10:31,2.565308094,3.511421204,2.561753273
15:10:31,2.564295053,3.510667562,2.561902761
15:10:31,2.564921379,3.510767937,2.563179255
15:10:31,2.565908432,3.510855675,2.563434601
15:10:31,2.564340591,3.511851072,2.56181097
15:10:31,2.564585686,3.511124134,2.562825203
15:10:31,2.564846039,3.512204647,2.562762976
15:10:31,2.56409049,3.51087451,2.563235521
15:10:31,2.56518507,3.510510921,2.56222415
15:10:31,2.564045191,3.510733604,2.562898636
15:10:31,2.565473795,3.512044191,2.562799454
15:10:31,2.565379143,3.510901213,2.561585188
15:10:31,2.565899849,3.511247396,2.563534737
15:10:31,2.565687895,3.511937618,2.563476563
15:10:31,2.565847158,3.511124849,2.562360764
15:10:31,2.56457448,3.511965275,2.562253952
15:10:31,2.564529419,3.511426926,2.56260252
15:10:31,2.565027714,3.511816263,2.561950445
15:10:31,2.564759731,3.511503458,2.561813354
15:10:31,2.564830303,3.512943983,2.563579321
15:10:31,2.564766169,3.512501478,2.562519073
15:10:32,2.565391302,3.511810064,2.56350708
15:10:32,2.564302206,3.512922525,2.562396049
15:10:32,2.565380812,3.512379408,2.563029766
15:10:32,2.565483809,3.51238203,2.56158638
15:10:32,2.565565586,3.512031794,2.56294775
15:10:32,2.564648628,3.511847258,2.562383413
15:10:32,2.565365314,3.511700392,2.562936544
15:10:32,2.564773321,3.511791229,2.561879635
15:10:32,2.564965248,3.511677504,2.561302185
15:10:32,2.565173864,3.511692286,2.56297946
15:10:32,2.565402508,3.511492968,2.563234806
15:10:32,2.565504313,3.512705803,2.562869549
15:10:32,2.566414118,3.51247406,2.564341784
15:10:32,2.564461708,3.512039423,2.564924479
15:10:32,2.564623356,3.509653091,2.561877728
15:10:32,2.564484119,3.510409832,2.563219309
15:10:32,2.564485788,3.511133909,2.562767267
15:10:32,2.563904047,3.510727406,2.562116385
15:10:32,2.565630913,3.510698318,2.56315136
15:10:32,2.564658642,3.511078119,2.561932564
15:10:32,2.564254284,3.511875868,2.563034773
15:10:32,2.564891815,3.512428284,2.562921286
15:10:32,2.565201521,3.512728691,2.562713623
15:10:32,2.564816952,3.511666298,2.562926769
15:10:32,2.564413309,3.510782957,2.561532974
15:10:32,2.564367294,3.511222124,2.562425852
15:10:32,2.564482212,3.511032104,2.562013149
15:10:32,2.563894033,3.510772705,2.563275576
15:10:32,2.563864946,3.511013269,2.562413216
15:10:32,2.56409049,3.511425734,2.561134338
15:10:32,2.564027548,3.512662649,2.561713457
15:10:32,2.563280344,3.511520147,2.562984705
15:10:32,2.563836336,3.510519028,2.561974287
15:10:32,2.56454277,3.511313438,2.562063932
15:10:32,2.563640833,3.511282921,2.563225508
15:10:32,2.564143658,3.509590387,2.561499357
15:10:32,2.564364433,3.510551214,2.56118989
15:10:32,2.563814163,3.509991646,2.562654734
15:10:32,2.563822746,3.510603666,2.561255932
15:10:32,2.564331293,3.510097265,2.562761307
15:10:32,2.564040661,3.511277437,2.56069541
15:10:32,2.563771725,3.511506081,2.562354326
15:10:32,2.564274073,3.510879993,2.563130856
15:10:32,2.564112663,3.510517359,2.562417269
15:10:32,2.564409971,3.510542154,2.561848402
15:10:32,2.564662218,3.510283232,2.561296225
15:10:32,2.563997269,3.510979176,2.563403845
15:10:32,2.564577103,3.51093173,2.56281352
15:10:32,2.564343214,3.510786057,2.562039375
15:10:32,2.564917564,3.511235714,2.562919617
15:10:32,2.564154863,3.51091361,2.562146187
15:10:32,2.56442976,3.51163578,2.562120438
15:10:32,2.564905643,3.511156797,2.562102318
15:10:32,2.564054489,3.511169434,2.561939001
15:10:32,2.563352108,3.51006794,2.562151432
15:10:32,2.563444138,3.511059761,2.562510014
15:10:32,2.565263748,3.510626316,2.562338591
15:10:32,2.564372301,3.511134624,2.562918425
15:10:32,2.563738823,3.510835409,2.562856197
15:10:32,2.564256907,3.510251999,2.56174469
15:10:32,2.564945698,3.510112286,2.562046289
15:10:32,2.563540459,3.50898838,2.561107397
15:10:32,2.564587116,3.509879351,2.562081814
15:10:32,2.564044476,3.512122869,2.562843323
15:10:32,2.564742327,3.512118578,2.561051369
15:10:32,2.564819574,3.511326551,2.563744068
15:10:32,2.564664364,3.511622667,2.56283474
15:10:32,2.564628124,3.511916399,2.562011957
15:10:32,2.565202951,3.510822058,2.562720299
15:10:32,2.565222025,3.512099028,2.563556194
15:10:32,2.564510345,3.511369467,2.562414408
15:10:32,2.565416098,3.511659145,2.562777042
15:10:32,2.564301491,3.511547565,2.563094378
15:10:32,2.564301014,3.511458158,2.562314749
15:10:32,2.564333916,3.511193275,2.562258482
15:10:32,2.56450057,3.511836767,2.561818838
15:10:32,2.563967466,3.511712551,2.56149745
15:10:32,2.565364599,3.512175322,2.564155102
15:10:32,2.565423489,3.512862444,2.561695099
15:10:32,2.564635277,3.512227535,2.562562704
15:10:32,2.565605879,3.511724234,2.562807322
15:10:32,2.564663172,3.511281013,2.56219697
15:10:32,2.565102577,3.512310505,2.563747883
15:10:32,2.565881252,3.512030363,2.563082695
15:10:32,2.565068245,3.512417316,2.562340498
15:10:32,2.565263748,3.512519598,2.56359911
15:10:32,2.564828873,3.511945009,2.562329769
15:10:32,2.564246178,3.511264324,2.562239408
15:10:32,2.564611435,3.510901213,2.563114882
15:10:32,2.564545631,3.511368275,2.563386679
15:10:32,2.564939022,3.511213303,2.563850403
15:10:32,2.564469576,3.511165142,2.56265521
15:10:32,2.564954519,3.510908365,2.563431978
15:10:32,2.564857244,3.511641502,2.563574553
15:10:32,2.565271378,3.511398792,2.562605858
15:10:32,2.56536603,3.511896133,2.563321829
15:10:32,2.565199614,3.511662483,2.562424421
15:10:32,2.56482482,3.511543751,2.562597275
15:10:32,2.563808918,3.510347128,2.562835932
15:10:32,2.564820528,3.511499166,2.562870264
15:10:32,2.564992189,3.510878086,2.562701464
15:10:32,2.564766169,3.510623693,2.562277555
15:10:32,2.564211845,3.510485411,2.563497782
15:10:32,2.56492281,3.511236429,2.563382864
15:10:32,2.564040184,3.510090113,2.561349154
15:10:32,2.564835072,3.511327267,2.56323266
15:10:32,2.564641953,3.511030912,2.561818838
15:10:32,2.564036131,3.510362148,2.562654018
15:10:32,2.564718008,3.51074338,2.563456774
15:10:32,2.563797474,3.509975195,2.563252687
15:10:32,2.564481497,3.509700537,2.560871124
15:10:32,2.56326437,3.509168148,2.561766624
15:10:32,2.564187288,3.509680986,2.561636448
15:10:32,2.563961267,3.509788036,2.56223774
15:10:32,2.563854933,3.510215998,2.561827421
15:10:32,2.563997984,3.510826111,2.560713053
15:10:33,2.563893318,3.510350227,2.562560081
15:10:33,2.564421892,3.510658503,2.563435555
15:10:33,2.564029932,3.509981155,2.561698437
15:10:33,2.563785553,3.509859562,2.561902761
15:10:33,2.563666105,3.510648727,2.562290907
15:10:33,2.563860416,3.510882854,2.561257362
15:10:33,2.563899755,3.510001898,2.562627077
15:10:33,2.56479001,3.511320591,2.561183214
15:10:33,2.564221621,3.510544777,2.562376261
15:10:33,2.564112186,3.509902239,2.561120272
15:10:33,2.564139843,3.510064602,2.561578035
15:10:33,2.563983917,3.510686398,2.561324835
15:10:33,2.564351797,3.510992527,2.561713457
15:10:33,2.565006733,3.511208534,2.562907696
15:10:33,2.564900875,3.511592627,2.561977386
15:10:33,2.563909769,3.510896683,2.563406706
15:10:33,2.564250708,3.511501074,2.561759472
15:10:33,2.565078735,3.511419773,2.56246233
15:10:33,2.5641222,3.511620045,2.562877655
15:10:33,2.564727783,3.51079154,2.563117743
15:10:33,2.564789295,3.512009382,2.562243223
15:10:33,2.564519644,3.512281895,2.561749935
15:10:33,2.564480782,3.511036158,2.561903477
15:10:33,2.563939571,3.510077,2.562063932
15:10:33,2.564711332,3.510118008,2.56154561
15:10:33,2.565384388,3.511067629,2.562645435
15:10:33,2.564304352,3.510222673,2.561414719
15:10:33,2.563738823,3.510491371,2.562934399
15:10:33,2.563749313,3.510860443,2.561519384
15:10:33,2.564752817,3.510337353,2.561746836
15:10:33,2.564775944,3.511774063,2.562191725
15:10:33,2.564010143,3.510493994,2.562344551
15:10:33,2.564939737,3.511330366,2.561728954
15:10:33,2.564473867,3.511595964,2.561745882
15:10:33,2.563835144,3.510081291,2.562066793
15:10:33,2.563860416,3.50992775,2.561418772
15:10:33,2.564244986,3.510103226,2.562036514
15:10:33,2.563771725,3.51007843,2.562771797
15:10:33,2.565259457,3.512490988,2.5623312
15:10:33,2.564571857,3.511098146,2.562973499
15:10:33,2.565078735,3.512431145,2.563103676
15:10:33,2.564826965,3.511386395,2.562337399
15:10:33,2.565203428,3.511830807,2.562008381
15:10:33,2.565181017,3.511702299,2.562075377
15:10:33,2.56528759,3.512367249,2.562746525
15:10:33,2.564870358,3.511680365,2.563013077
15:10:33,2.565259457,3.51105237,2.562693834
15:10:33,2.564782858,3.511971712,2.561686516
15:10:33,2.564165354,3.511565208,2.562119722
15:10:33,2.564445019,3.510607481,2.562123537
15:10:33,2.564282417,3.511333704,2.561456203
15:10:33,2.564021587,3.509716272,2.563249826
15:10:33,2.564426422,3.510997772,2.562618732
15:10:33,2.564865351,3.510950565,2.563154221
15:10:33,2.564045191,3.511715412,2.563762665
15:10:33,2.565819263,3.51158762,2.562890291
15:10:33,2.564409256,3.511363745,2.562889338
15:10:33,2.564031363,3.512122393,2.562829971
15:10:33,2.564990759,3.512304068,2.563001156
15:10:33,2.564311504,3.510657549,2.562432289
15:10:33,2.565488338,3.511524916,2.56217432
15:10:33,2.563892603,3.510753155,2.561865091
15:10:33,2.564231634,3.511746645,2.561847925
15:10:33,2.564468861,3.511659145,2.562308788
15:10:33,2.563960791,3.512026548,2.561732054
15:10:33,2.565025091,3.510416269,2.562410831
15:10:33,2.565118313,3.513310432,2.562255144
15:10:33,2.565282106,3.513177395,2.562503338
15:10:33,2.565173864,3.5125916,2.563499928
15:10:33,2.564886808,3.512575865,2.563488483
15:10:33,2.564823627,3.512580395,2.563140631
15:10:33,2.565783024,3.511950254,2.563603163
15:10:33,2.56544137,3.511885881,2.562432289
15:10:33,2.56470108,3.512085199,2.563127518
15:10:33,2.563941002,3.510740519,2.562105656
15:10:33,2.564898968,3.511626005,2.562819242
15:10:33,2.564235687,3.51163435,2.563111067
15:10:33,2.565214872,3.511400223,2.562405348
15:10:33,2.564510345,3.511239767,2.561865568
15:10:33,2.564282417,3.511622667,2.562201023
15:10:33,2.564860582,3.511776686,2.562372684
15:10:33,2.564431906,3.511245489,2.562013149
15:10:33,2.563475847,3.51123333,2.562521219
15:10:33,2.565213442,3.51169014,2.562986612
15:10:33,2.565217972,3.511868,2.562148094
15:10:33,2.564470768,3.51083374,2.562434196
15:10:33,2.564293861,3.511170149,2.56244421
15:10:33,2.564988852,3.511796713,2.563342333
15:10:33,2.565923691,3.511777163,2.562695026
15:10:33,2.564561129,3.511278152,2.563231945
15:10:33,2.564392805,3.511222124,2.563574076
15:10:33,2.564344645,3.512519598,2.563241959
15:10:33,2.565238476,3.512764454,2.562765598
15:10:33,2.564627409,3.511938572,2.562702894
15:10:33,2.564785242,3.512448788,2.562902212
15:10:33,2.565780878,3.513032675,2.56308794
15:10:33,2.565111876,3.511936665,2.562985897
15:10:33,2.56483078,3.511856794,2.563793659
15:10:33,2.56634903,3.513039589,2.562698364
15:10:33,2.564360142,3.512057304,2.562528372
15:10:33,2.56494379,3.512295246,2.56364274
15:10:33,2.564604998,3.511384726,2.562065363
15:10:33,2.564416647,3.511737585,2.562058926
15:10:33,2.564760923,3.511274815,2.562833786
15:10:33,2.563858271,3.510831833,2.561852694
15:10:33,2.564657927,3.510857821,2.561728239
15:10:33,2.564766884,3.511277437,2.563149929
15:10:33,2.564392805,3.511204243,2.563058138
15:10:33,2.564375639,3.511699677,2.56295681
15:10:33,2.564551353,3.510826588,2.56167984
15:10:33,2.565764666,3.51169014,2.563757181
15:10:33,2.564776897,3.510947943,2.56167531
15:10:33,2.563539743,3.510246515,2.561752319
15:10:33,2.564157486,3.510483503,2.561757326
15:10:33,2.564214468,3.5108006,2.562097311
15:10:33,2.564130545,3.512005806,2.562650681
15:10:33,2.563816547,3.510693312,2.562644243
15:10:33,2.564045906,3.509766817,2.561978102
15:10:33,2.563631058,3.510664701,2.562495232
15:10:34,2.564101458,3.510200262,2.562150717
15:10:34,2.564221621,3.511167288,2.562990665
15:10:34,2.563891411,3.511053085,2.562146902
15:10:34,2.564784527,3.512088776,2.562712193
15:10:34,2.564511061,3.511237144,2.562002659
15:10:34,2.565058231,3.51198864,2.562184334
15:10:34,2.565093279,3.511384726,2.562573433
15:10:34,2.565804958,3.512119293,2.561932564
15:10:34,2.565705061,3.512187004,2.56296277
15:10:34,2.564165354,3.510286331,2.562520266
15:10:34,2.564113855,3.510873795,2.562186956
15:10:34,2.564262629,3.51184535,2.561657906
15:10:34,2.563916922,3.511129379,2.562148809
15:10:34,2.563880682,3.510848761,2.562980652
15:10:34,2.563981056,3.510738611,2.562208414
15:10:34,2.564460754,3.511745453,2.562831879
15:10:34,2.563961267,3.510273457,2.561414003
15:10:34,2.564372778,3.510173321,2.562649727
15:10:34,2.563767195,3.50996685,2.56142807
15:10:34,2.56375742,3.510754347,2.56240797
15:10:34,2.564201117,3.51020956,2.562927961
15:10:34,2.564943314,3.510587215,2.561934471
15:10:34,2.564206362,3.510887861,2.562146187
15:10:34,2.563459873,3.51104641,2.562500477
15:10:34,2.564510345,3.509732008,2.561579227
15:10:34,2.564400196,3.510109663,2.563729286
15:10:34,2.564351797,3.51006937,2.562141657
15:10:34,2.564164162,3.510746479,2.562360287
15:10:34,2.563735485,3.510745764,2.562725544
15:10:34,2.563779116,3.511170626,2.563803434
15:10:34,2.565110445,3.512608767,2.563002586
15:10:34,2.565383911,3.511858225,2.563032389
15:10:34,2.564994574,3.511816978,2.562598228
15:10:34,2.564758301,3.512205124,2.562677145
15:10:34,2.564938068,3.511426926,2.562959433
15:10:34,2.565387249,3.512634754,2.563796282
15:10:34,2.565379858,3.512368441,2.562781811
15:10:34,2.564857244,3.512442112,2.562294483
15:10:34,2.565461874,3.512138844,2.562763691
15:10:34,2.565721035,3.512583733,2.563405037
15:10:34,2.565811396,3.510647774,2.563455582
15:10:34,2.565310478,3.512790442,2.562674284
15:10:34,2.566203833,3.512498856,2.562182426
15:10:34,2.564997435,3.512070894,2.563539505
15:10:34,2.565196753,3.511242628,2.561404705
15:10:34,2.564152241,3.510353088,2.562556028
15:10:34,2.563626528,3.510263681,2.561385632
15:10:34,2.563015938,3.510042906,2.561209679
15:10:34,2.564236403,3.509729147,2.562134266
15:10:34,2.564055204,3.50996542,2.561590672
15:10:34,2.564503908,3.51057744,2.561992884
15:10:34,2.564747572,3.510183096,2.561617851
15:10:34,2.565123796,3.511599302,2.562249184
15:10:34,2.56468606,3.511482239,2.56170702
15:10:34,2.564590931,3.511113167,2.562460423
15:10:34,2.564735174,3.51092124,2.562599659
15:10:34,2.564372778,3.511214972,2.561825275
15:10:34,2.563796282,3.511125565,2.562409878
15:10:34,2.564087629,3.510450125,2.560877562
15:10:34,2.564988136,3.511335135,2.561890125
15:10:34,2.5646348,3.511084318,2.562246561
15:10:34,2.563861609,3.510533094,2.562280893
15:10:34,2.564641237,3.511702776,2.562586546
15:10:34,2.563854933,3.510945559,2.562231302
15:10:34,2.563870907,3.510484219,2.561874866
15:10:34,2.564385414,3.510388136,2.56243372
15:10:34,2.564433813,3.51115489,2.561615229
15:10:34,2.564424038,3.512016296,2.562051535
15:10:34,2.563798904,3.511211157,2.562193155
15:10:34,2.564615011,3.511922836,2.562392235
15:10:34,2.565275669,3.512650251,2.562312841
15:10:34,2.565448523,3.511888266,2.562350512
15:10:34,2.565012455,3.511281013,2.562579155
15:10:34,2.565222502,3.512546539,2.562074661
15:10:34,2.564222574,3.512192965,2.56235981
15:10:34,2.565070629,3.51198864,2.562855244
15:10:34,2.564967871,3.511194468,2.562885523
15:10:34,2.565031528,3.510067225,2.562291622
15:10:34,2.564192772,3.510300875,2.560607672
15:10:34,2.56375742,3.509982347,2.562613726
15:10:34,2.563676834,3.510761499,2.562564373
15:10:34,2.563247919,3.510371923,2.561911821
15:10:34,2.56485343,3.510584116,2.561511278
15:10:34,2.565002441,3.511108637,2.56142807
15:10:34,2.565637589,3.510708094,2.562604427
15:10:34,2.564377069,3.509793282,2.561964273
15:10:34,2.563607931,3.509424686,2.561381578
15:10:34,2.563818693,3.509153128,2.563105106
15:10:34,2.564104795,3.510225773,2.562229395
15:10:34,2.563979149,3.510311365,2.561894655
15:10:34,2.563678741,3.509273291,2.5617764
15:10:34,2.564502478,3.510497332,2.561200619
15:10:34,2.563513994,3.510688543,2.56193614
15:10:34,2.564227581,3.510623693,2.56238699
15:10:34,2.564024687,3.510744333,2.562916756
15:10:34,2.564610004,3.511147738,2.562016487
15:10:34,2.564496517,3.511483908,2.562212944
15:10:34,2.565531015,3.512137413,2.562278986
15:10:34,2.564927578,3.511378527,2.563167095
15:10:34,2.563860893,3.51224184,2.562054157
15:10:34,2.564915657,3.513009787,2.56332922
15:10:34,2.565424919,3.512100935,2.562458277
15:10:34,2.56456542,3.510878086,2.561579943
15:10:34,2.564870358,3.511198044,2.561286926
15:10:34,2.564749002,3.51267767,2.562505245
15:10:34,2.565793514,3.511748552,2.563514471
15:10:34,2.565178871,3.51161623,2.562468767
15:10:34,2.565675259,3.511538506,2.561677694
15:10:34,2.563708544,3.509909868,2.560393572
15:10:34,2.563826084,3.510195255,2.561253309
15:10:34,2.564446211,3.510454893,2.562023163
15:10:34,2.564704657,3.511197329,2.56139636
15:10:34,2.564217091,3.511073112,2.562238693
15:10:34,2.564328671,3.509703398,2.562417984
15:10:34,2.564737082,3.510700703,2.562116385
15:10:35,2.563900471,3.510374069,2.56251049
15:10:35,2.563672066,3.509981871,2.560867071
15:10:35,2.562748432,3.509428501,2.56169796
15:10:35,2.563380003,3.509556532,2.562316656
15:10:35,2.563414335,3.510359526,2.562743902
15:10:35,2.563491583,3.510221243,2.561983347
15:10:35,2.564314127,3.510344744,2.561291933
15:10:35,2.564531803,3.509410858,2.561084747
15:10:35,2.564797163,3.510548353,2.560871124
15:10:35,2.564400911,3.510099173,2.562080622
15:10:35,2.563296556,3.509411573,2.56188488
15:10:35,2.56485486,3.510054111,2.560592175
15:10:35,2.563889503,3.511060238,2.561283827
15:10:35,2.564767361,3.510915518,2.562745333
15:10:35,2.563622475,3.510052681,2.561900854
15:10:35,2.563281536,3.509684801,2.561890841
15:10:35,2.563005924,3.510460615,2.561215639
15:10:35,2.563769102,3.510222673,2.560764074
15:10:35,2.564310074,3.510390997,2.562679291
15:10:35,2.564125061,3.510019779,2.561717033
15:10:35,2.563637257,3.510131359,2.561765194
15:10:35,2.564373732,3.510289192,2.561195135
15:10:35,2.564291954,3.510028839,2.562468767
15:10:35,2.564671516,3.510817528,2.561117649
15:10:35,2.564057112,3.510843754,2.562329769
15:10:35,2.564566135,3.510905027,2.562808752
15:10:35,2.564860582,3.51077342,2.561898708
15:10:35,2.564595699,3.510956049,2.560699701
15:10:35,2.564211845,3.510010481,2.560461521
15:10:35,2.564605474,3.509085178,2.562328577
15:10:35,2.563817263,3.50916481,2.562345982
15:10:35,2.56488657,3.509996891,2.563109636
15:10:35,2.563566685,3.509673119,2.563653231
15:10:35,2.565294743,3.509401798,2.561000586
15:10:35,2.564417124,3.509345055,2.561337233
15:10:35,2.563334227,3.509453297,2.560757875
15:10:35,2.564087629,3.510356903,2.562656164
15:10:35,2.563998461,3.51010561,2.561738014
15:10:35,2.563796997,3.509259462,2.563872099
15:10:35,2.564315557,3.511173725,2.561213493
15:10:35,2.564079762,3.510172367,2.561673403
15:10:35,2.563993692,3.510720253,2.56208539
15:10:35,2.564063072,3.510095358,2.563063383
15:10:35,2.563984632,3.509600163,2.561487436
15:10:35,2.56417942,3.509769678,2.562240601
15:10:35,2.563215494,3.509603977,2.561615705
15:10:35,2.563290596,3.509147882,2.560698271
15:10:35,2.564017057,3.510300159,2.561051369
15:10:35,2.563921928,3.510688543,2.561404705
15:10:35,2.563211679,3.510828018,2.56185627
15:10:35,2.564275265,3.510580063,2.560329437
15:10:35,2.563615799,3.511340857,2.560613155
15:10:35,2.564097643,3.510682583,2.561968803
15:10:35,2.56414628,3.509828329,2.561566591
15:10:35,2.563438177,3.510244608,2.562195778
15:10:35,2.564659357,3.510285139,2.562008381
15:10:35,2.563831329,3.510311842,2.562292814
15:10:35,2.563845873,3.509227514,2.561986923
15:10:35,2.563431025,3.509780884,2.561161757
15:10:35,2.563886642,3.509203672,2.561191797
15:10:35,2.563975334,3.510113478,2.562087297
15:10:35,2.56348896,3.509400368,2.562181234
15:10:35,2.563477039,3.509861231,2.562927961
15:10:35,2.563741207,3.510552645,2.56092
15:10:35,2.564339876,3.510021448,2.561346531
15:10:35,2.564356565,3.510223389,2.560723066
15:10:35,2.563325167,3.510383844,2.56085372
15:10:35,2.563975334,3.509875536,2.561774492
15:10:35,2.564036846,3.510641575,2.561008453
15:10:35,2.564571142,3.511193275,2.563190222
15:10:35,2.564378262,3.510704756,2.561846495
15:10:35,2.564563513,3.510681391,2.562007427
15:10:35,2.563710928,3.510996342,2.561601877
15:10:35,2.564799786,3.511444569,2.5627141
15:10:35,2.563595533,3.510511637,2.561980724
15:10:35,2.564204693,3.511520147,2.560867786
15:10:35,2.564050436,3.512573957,2.56233263
15:10:35,2.56304574,3.509847879,2.561436415
15:10:35,2.564105988,3.510080338,2.561522007
15:10:35,2.563757896,3.510145426,2.562283754
15:10:35,2.563691139,3.510346413,2.561375618
15:10:35,2.563727617,3.510079622,2.561944485
15:10:35,2.563636303,3.50883913,2.561761856
15:10:35,2.563393116,3.509741068,2.561529636
15:10:35,2.564282417,3.511342764,2.561783791
15:10:35,2.564094067,3.510991573,2.561691761
15:10:35,2.564056635,3.51078248,2.561659813
15:10:35,2.56440258,3.511914492,2.56284523
15:10:35,2.565867662,3.511943102,2.562636852
15:10:35,2.564900875,3.511423826,2.562285662
15:10:35,2.564955235,3.511170149,2.562890291
15:10:35,2.565549612,3.511366129,2.563718081
15:10:35,2.565654039,3.511833429,2.563850403
15:10:35,2.56507659,3.511327744,2.562237263
15:10:35,2.5634799,3.510051489,2.561677694
15:10:35,2.565310001,3.512763023,2.562622309
15:10:35,2.565138102,3.512295961,2.562866211
15:10:35,2.564844131,3.511491537,2.563171864
15:10:35,2.565147161,3.511610746,2.562497377
15:10:35,2.563866854,3.511986971,2.561784506
15:10:35,2.564475536,3.511989832,2.562354326
15:10:35,2.565859556,3.511951447,2.563609838
15:10:35,2.564762831,3.510936499,2.562472343
15:10:35,2.564375639,3.511256695,2.56147337
15:10:35,2.565471888,3.511532784,2.562154055
15:10:35,2.565728188,3.512196064,2.563046932
15:10:35,2.56475234,3.510955334,2.563260317
15:10:35,2.564908981,3.510936499,2.562162638
15:10:35,2.565399885,3.511650085,2.563305378
15:10:35,2.565295458,3.511768103,2.562191725
15:10:35,2.564798594,3.510959625,2.563892126
15:10:35,2.56526947,3.509908676,2.563484669
15:10:35,2.564225674,3.511017323,2.561707735
15:10:35,2.565034151,3.511802912,2.562805414
15:10:35,2.564507723,3.511490107,2.562891483
15:10:35,2.564515591,3.511273146,2.561977386
15:10:36,2.564604998,3.511136532,2.56303978
15:10:36,2.564240694,3.511184216,2.56296277
15:10:36,2.564293146,3.50985837,2.562143326
15:10:36,2.563774347,3.509803057,2.561861753
15:10:36,2.563596249,3.510262489,2.561607838
15:10:36,2.564764738,3.510317802,2.561857224
15:10:36,2.564079762,3.509766817,2.561132431
15:10:36,2.564468145,3.510362864,2.561837196
15:10:36,2.564029694,3.510652304,2.562767267
15:10:36,2.564520359,3.510699511,2.561371803
15:10:36,2.564555407,3.511124134,2.562596083
15:10:36,2.564503193,3.51149559,2.561713457
15:10:36,2.564524651,3.511054993,2.562633514
15:10:36,2.564958334,3.51256752,2.563772917
15:10:36,2.565005302,3.512539148,2.561730146
15:10:36,2.56441927,3.510730028,2.562608957
15:10:36,2.563878059,3.511038303,2.56306529
15:10:36,2.565700293,3.511703491,2.563022375
15:10:36,2.565489054,3.511951447,2.56198144
15:10:36,2.564703226,3.511820555,2.562474728
15:10:36,2.565165281,3.511977911,2.562793016
15:10:36,2.565159798,3.512202501,2.562554836
15:10:36,2.565085888,3.511989355,2.562747955
15:10:36,2.565104961,3.511543036,2.562063932
15:10:36,2.565084457,3.511000633,2.563446283
15:10:36,2.564011574,3.511111736,2.562663317
15:10:36,2.564472914,3.511685848,2.562505245
15:10:36,2.565025091,3.512004375,2.562461138
15:10:36,2.56430769,3.511517048,2.563560009
15:10:36,2.564633369,3.512047529,2.562443018
15:10:36,2.56485486,3.511903286,2.562037706
15:10:36,2.564678431,3.511651516,2.562308788
15:10:36,2.564245462,3.510625601,2.562375546
15:10:36,2.563751221,3.511449814,2.562248468
15:10:36,2.564470768,3.51091361,2.562311411
15:10:36,2.564996958,3.512115955,2.563669682
15:10:36,2.564866543,3.511777163,2.563982487
15:10:36,2.564970732,3.511768103,2.563322544
15:10:36,2.564839602,3.511554718,2.562483311
15:10:36,2.565812111,3.512463093,2.562111139
15:10:36,2.565681219,3.512209415,2.562136173
15:10:36,2.564696074,3.511850357,2.561637402
15:10:36,2.564092875,3.510795116,2.561005354
15:10:36,2.564609528,3.510884285,2.56155467
15:10:36,2.564193487,3.510477066,2.561667442
15:10:36,2.564094782,3.510341883,2.561837196
15:10:36,2.563909769,3.508588076,2.561672688
15:10:36,2.56355381,3.509830952,2.560930014
15:10:36,2.563302517,3.510518074,2.562786341
15:10:36,2.564384222,3.510844469,2.562033653
15:10:36,2.565050364,3.511241674,2.562017918
15:10:36,2.563882828,3.511656046,2.562597752
15:10:36,2.564789295,3.511636496,2.561667442
15:10:36,2.564404488,3.511357069,2.561846495
15:10:36,2.564027548,3.51022768,2.562132359
15:10:36,2.564487934,3.511184692,2.561381578
15:10:36,2.564336061,3.510786057,2.562869549
15:10:36,2.56519556,3.512684107,2.563327312
15:10:36,2.564795256,3.51248455,2.563559294
15:10:36,2.565306664,3.511952877,2.562640667
15:10:36,2.564935446,3.511370659,2.563492775
15:10:36,2.56440258,3.511520863,2.563184261
15:10:36,2.56490016,3.511637688,2.562479496
15:10:36,2.564151049,3.510417223,2.562990189
15:10:36,2.563919067,3.509673595,2.562773228
15:10:36,2.564175367,3.511748075,2.563283682
15:10:36,2.56544137,3.511588335,2.563417196
15:10:36,2.565421581,3.511098146,2.563175201
15:10:36,2.564519644,3.51103735,2.562201738
15:10:36,2.565430164,3.51043129,2.563325167
15:10:36,2.563518763,3.509754181,2.562158823
15:10:36,2.564998865,3.510710001,2.563109636
15:10:36,2.5642488,3.510685921,2.56273675
15:10:36,2.564049482,3.511657238,2.563833952
15:10:36,2.564512491,3.510822058,2.561770439
15:10:36,2.564630508,3.510114908,2.562759161
15:10:36,2.565246582,3.511363268,2.563590527
15:10:36,2.565382004,3.513312817,2.56339407
15:10:36,2.565695286,3.512754679,2.563689709
15:10:36,2.565138817,3.512164116,2.562882662
15:10:36,2.565609694,3.511425018,2.563400745
15:10:36,2.56541419,3.510716438,2.562242031
15:10:36,2.564979792,3.511509657,2.562587023
15:10:36,2.564674854,3.510552645,2.563181877
15:10:36,2.56494379,3.51075387,2.561950445
15:10:36,2.564237595,3.510174036,2.561797619
15:10:36,2.564240694,3.511482239,2.562858105
15:10:36,2.565464735,3.511627913,2.563634872
15:10:36,2.564682961,3.512538195,2.562594414
15:10:36,2.564809084,3.511226654,2.562142372
15:10:36,2.564767361,3.511621237,2.563175201
15:10:36,2.565719604,3.511402845,2.562221527
15:10:36,2.564924717,3.510502338,2.562792301
15:10:36,2.564176083,3.51174736,2.56216979
15:10:36,2.564718485,3.511675358,2.562845707
15:10:36,2.56421566,3.510772705,2.562529802
15:10:36,2.565001965,3.511075497,2.563237429
15:10:36,2.564910173,3.510962248,2.563632727
15:10:36,2.565404892,3.511577845,2.562396765
15:10:36,2.565061092,3.51094985,2.562894106
15:10:36,2.564240217,3.511273861,2.561832666
15:10:36,2.564930677,3.511890173,2.561733246
15:10:36,2.565211535,3.511128902,2.561876297
15:10:36,2.564655781,3.511438131,2.563152552
15:10:36,2.564482927,3.511231899,2.562338591
15:10:36,2.56478858,3.511291265,2.563266516
15:10:36,2.564612865,3.51123333,2.562699795
15:10:36,2.56475544,3.511195183,2.562935829
15:10:36,2.563971996,3.510238171,2.56298542
15:10:36,2.565464973,3.511836052,2.563083172
15:10:36,2.565131664,3.511838675,2.562463045
15:10:36,2.564748287,3.511841297,2.561598301
15:10:36,2.56588006,3.511809349,2.562478781
15:10:36,2.564334631,3.510805607,2.56191659
15:10:36,2.564577103,3.510605574,2.561841965
15:10:36,2.564682961,3.511600971,2.562501907
15:10:36,2.565058708,3.512232542,2.563019991
15:10:36,2.565089941,3.511851788,2.563534737
15:10:36,2.564476728,3.511408567,2.562839746
15:10:37,2.565145969,3.511651516,2.562410831
15:10:37,2.565355539,3.512694597,2.56360507
15:10:37,2.564785957,3.511786938,2.563357115
15:10:37,2.565116405,3.511398077,2.561666012
15:10:37,2.565111876,3.512416124,2.562589884
15:10:37,2.565580606,3.51150465,2.562783003
15:10:37,2.564902306,3.510238647,2.563149452
15:10:37,2.565647602,3.511497498,2.562921286
15:10:37,2.565472364,3.511702776,2.562375069
15:10:37,2.564682961,3.511444569,2.562013865
15:10:37,2.564558744,3.511053085,2.562841177
15:10:37,2.565019369,3.513075113,2.564374208
15:10:37,2.565099955,3.512708426,2.562363148
15:10:37,2.565305471,3.512603998,2.562184095
15:10:37,2.566300392,3.512682915,2.563434839
15:10:37,2.564869165,3.512159586,2.562738657
15:10:37,2.56470108,3.512454033,2.562973976
15:10:37,2.566223621,3.512564182,2.562605858
15:10:37,2.565417528,3.511407137,2.563365698
15:10:37,2.565052032,3.511240244,2.561563969
15:10:37,2.565493584,3.511559486,2.561704397
15:10:37,2.565546036,3.512760639,2.562849045
15:10:37,2.564810991,3.512485504,2.563179255
15:10:37,2.564600945,3.511541843,2.562013149
15:10:37,2.564867735,3.511821747,2.562621593
15:10:37,2.564970016,3.512028694,2.563325167
15:10:37,2.564855337,3.512502193,2.563421249
15:10:37,2.565586805,3.512295961,2.56380868
15:10:37,2.565398932,3.511937618,2.563372374
15:10:37,2.565140009,3.511775255,2.562318802
15:10:37,2.565298796,3.510636091,2.562464714
15:10:37,2.56461072,3.511987925,2.563609123
15:10:37,2.565129519,3.51267314,2.563071966
15:10:37,2.565013885,3.512335062,2.563547611
15:10:37,2.564571142,3.512355089,2.563551903
15:10:37,2.564702749,3.511006117,2.561921835
15:10:37,2.565716982,3.510833263,2.562846184
15:10:37,2.566422701,3.51164484,2.563199043
15:10:37,2.565132856,3.511822462,2.563139439
15:10:37,2.565033674,3.511433601,2.563311338
15:10:37,2.565272808,3.511264324,2.562464714
15:10:37,2.566029549,3.51126194,2.563403845
15:10:37,2.565528631,3.511864185,2.563489914
15:10:37,2.564885139,3.512783051,2.562795401
15:10:37,2.564624071,3.511913061,2.563318014
15:10:37,2.564907312,3.511068821,2.562788248
15:10:37,2.56428504,3.511716604,2.563288212
15:10:37,2.564534426,3.511938572,2.564115047
15:10:37,2.564463139,3.511586905,2.562874317
15:10:37,2.565010786,3.512506962,2.563347101
15:10:37,2.565792322,3.512626171,2.56243372
15:10:37,2.565093279,3.511941195,2.562287569
15:10:37,2.565172434,3.512233257,2.56172061
15:10:37,2.564993382,3.512292862,2.563003778
15:10:37,2.56431365,3.511667013,2.561964989
15:10:37,2.564401627,3.510795116,2.563368082
15:10:37,2.565247774,3.511549711,2.561770439
15:10:37,2.564980745,3.511449814,2.563240051
15:10:37,2.564357996,3.512699366,2.563615084
15:10:37,2.564032078,3.510689735,2.563375711
15:10:37,2.564806223,3.511503458,2.56271553
15:10:37,2.564277172,3.51102829,2.56218338
15:10:37,2.564109564,3.511443138,2.562601089
15:10:37,2.565103054,3.512134314,2.561613083
15:10:37,2.565440178,3.511465073,2.563996553
15:10:37,2.564622164,3.511573076,2.563660622
15:10:37,2.567054987,3.514578104,2.565121412
15:10:37,2.566497326,3.5134058,2.564615488
15:10:37,2.567718744,3.513970375,2.565346718
15:10:37,2.566705227,3.513940096,2.56404233
15:10:37,2.566699982,3.513231754,2.562746525
15:10:37,2.565716267,3.513408422,2.564160347
15:10:37,2.566798449,3.513656378,2.565447092
15:10:37,2.565759897,3.512563467,2.563963413
15:10:37,2.56541419,3.513052225,2.563354969
15:10:37,2.565636396,3.512580395,2.562484741
15:10:37,2.565824032,3.513109207,2.564054728
15:10:37,2.566069126,3.512744188,2.563259125
15:10:37,2.564977884,3.512793779,2.562786341
15:10:37,2.564983368,3.511407852,2.562876701
15:10:37,2.566075563,3.514458895,2.562860966
15:10:37,2.565488338,3.513683081,2.56380415
15:10:37,2.566218615,3.51244092,2.564110279
15:10:37,2.565021038,3.511793852,2.564330578
15:10:37,2.566709995,3.513354063,2.564093828
15:10:37,2.566160679,3.513910294,2.563788891
15:10:37,2.56593895,3.513351679,2.563859463
15:10:37,2.564775944,3.512491703,2.563480854
15:10:37,2.56585741,3.513313293,2.563095808
15:10:37,2.566016912,3.513105631,2.563022852
15:10:37,2.566111565,3.51258564,2.564132929
15:10:37,2.566022158,3.513307333,2.564768076
15:10:37,2.564932585,3.51385355,2.563425064
15:10:37,2.56511426,3.512627602,2.563235998
15:10:37,2.56541419,3.512627602,2.563970804
15:10:37,2.565722942,3.51217103,2.564112186
15:10:37,2.56615591,3.513270855,2.564007044
15:10:37,2.565708399,3.51327467,2.564096928
15:10:37,2.566599131,3.51284647,2.564239979
15:10:37,2.566476822,3.513668776,2.565087795
15:10:37,2.566472769,3.514317274,2.56361413
15:10:37,2.566700697,3.513088942,2.563821793
15:10:37,2.565834045,3.512820721,2.563006639
15:10:37,2.566380262,3.513680458,2.564277649
15:10:37,2.565935135,3.514089346,2.563757896
15:10:37,2.566694498,3.513942242,2.56306076
15:10:37,2.566316843,3.514448404,2.564245939
15:10:37,2.566245556,3.513571024,2.565363646
15:10:37,2.566982269,3.51294589,2.564228058
15:10:37,2.56614089,3.514139414,2.564754486
15:10:37,2.566817284,3.514107943,2.564447403
15:10:37,2.566334486,3.513341427,2.564867496
15:10:37,2.565777779,3.513160467,2.563193083
15:10:37,2.565548182,3.513300657,2.56502676
15:10:37,2.56652236,3.513627291,2.563982487
15:10:37,2.566324711,3.513216496,2.563586473
15:10:37,2.566423178,3.513520002,2.563875675
15:10:37,2.566249609,3.513898373,2.563794851
15:10:37,2.565797567,3.512850046,2.564324379
15:10:38,2.565711021,3.513674021,2.563235998
15:10:38,2.565679312,3.513780355,2.564980745
15:10:38,2.567279577,3.51304698,2.563169241
15:10:38,2.566351414,3.51437521,2.56304884
15:10:38,2.565496683,3.512983084,2.564310074
15:10:38,2.565636873,3.514209032,2.563686371
15:10:38,2.565706968,3.513554096,2.564279795
15:10:38,2.56603384,3.512909889,2.563503027
15:10:38,2.566038609,3.513530493,2.563006639
15:10:38,2.566496611,3.513137817,2.563983917
15:10:38,2.566170216,3.512961626,2.565045357
15:10:38,2.566239119,3.513162613,2.563284874
15:10:38,2.566166878,3.51334691,2.564058065
15:10:38,2.565452099,3.512798309,2.56243515
15:10:38,2.565170527,3.511674166,2.563173294
15:10:38,2.564997435,3.512766361,2.563253164
15:10:38,2.565758705,3.51319313,2.562326193
15:10:38,2.566021442,3.512948275,2.563155413
15:10:38,2.565696478,3.512804985,2.56308651
15:10:38,2.565734625,3.512479305,2.563130856
15:10:38,2.564943314,3.511329174,2.563711405
15:10:38,2.565274954,3.513007879,2.563407898
15:10:38,2.566054583,3.511920214,2.562819242
15:10:38,2.565453291,3.512131453,2.562890768
15:10:38,2.566116333,3.510891438,2.562613249
15:10:38,2.564681292,3.512064934,2.562440395
15:10:38,2.565784454,3.512571335,2.563214779
15:10:38,2.565427542,3.509520054,2.563171864
15:10:38,2.564809799,3.51102972,2.561659813
15:10:38,2.564635277,3.511112452,2.560940981
15:10:38,2.565105677,3.512016773,2.562454939
15:10:38,2.566257477,3.513460636,2.563530922
15:10:38,2.564729214,3.512207508,2.563620329
15:10:38,2.56503129,3.512599945,2.563489914
15:10:38,2.565577745,3.512156487,2.563594341
15:10:38,2.563966274,3.511211634,2.562024593
15:10:38,2.563693047,3.510854959,2.562600374
15:10:38,2.564470291,3.510694027,2.562138796
15:10:38,2.565716267,3.510713816,2.562670469
15:10:38,2.564751863,3.511225462,2.561923265
15:10:38,2.563738823,3.510972738,2.561978579
15:10:38,2.564433813,3.511517763,2.563103199
15:10:38,2.564545631,3.510702848,2.562844515
15:10:38,2.564593077,3.511697292,2.56146884
15:10:38,2.56471467,3.511608362,2.563288927
15:10:38,2.564590931,3.510522604,2.562724113
15:10:38,2.564870358,3.511182785,2.562672377
15:10:38,2.565060377,3.510828018,2.56155467
15:10:38,2.564616203,3.510196447,2.562380314
15:10:38,2.564763308,3.511290073,2.562378883
15:10:38,2.564885855,3.510827303,2.561394215
15:10:38,2.564177275,3.510693312,2.562502861
15:10:38,2.565316439,3.510587215,2.562798262
15:10:38,2.564793825,3.511328459,2.561836004
15:10:38,2.56466651,3.511310339,2.562112331
15:10:38,2.564608812,3.511506081,2.562142611
15:10:38,2.564661026,3.51188612,2.561920643
15:10:38,2.564834356,3.51177001,2.562298775
15:10:38,2.563897371,3.511939764,2.562532902
15:10:38,2.565032244,3.510711193,2.561896801
15:10:38,2.565119743,3.511269093,2.561539173
15:10:38,2.564085007,3.511724234,2.562218666
15:10:38,2.564287901,3.510598421,2.561698914
15:10:38,2.564577103,3.512003183,2.563505888
15:10:38,2.564546585,3.511934042,2.562771797
15:10:38,2.564569235,3.511482239,2.562042236
15:10:38,2.565626621,3.511754513,2.563260317
15:10:38,2.56538868,3.51187849,2.56176734
15:10:38,2.565364122,3.510385036,2.561956882
15:10:38,2.564727783,3.510974169,2.562419891
15:10:38,2.564802647,3.51186204,2.562966108
15:10:38,2.564324856,3.512073517,2.562541008
15:10:38,2.564938307,3.511719942,2.563124418
15:10:38,2.565062284,3.510601044,2.561746836
15:10:38,2.565083742,3.511682034,2.562859774
15:10:38,2.564793825,3.510233164,2.562966824
15:10:38,2.565068245,3.510728121,2.562680244
15:10:38,2.565162659,3.510978699,2.562972784
15:10:38,2.565205574,3.510272741,2.561714172
15:10:38,2.564827681,3.5108006,2.561720133
15:10:38,2.565770388,3.511145115,2.562184095
15:10:38,2.565680504,3.512332678,2.562955618
15:10:38,2.565731525,3.510845184,2.562701464
15:10:38,2.565195084,3.511143684,2.562922001
15:10:38,2.564316988,3.511100769,2.56222415
15:10:38,2.564370394,3.511331081,2.562553644
15:10:38,2.563929558,3.511537313,2.562786341
15:10:38,2.565389156,3.512133598,2.562673807
15:10:38,2.564451218,3.510747671,2.562260389
15:10:38,2.564180851,3.51188612,2.562769175
15:10:38,2.565031528,3.510858536,2.561689615
15:10:38,2.565333605,3.511901379,2.563833952
15:10:38,2.564803362,3.511167288,2.563615799
15:10:38,2.565960646,3.512611628,2.562307596
15:10:38,2.565582275,3.512181759,2.562454224
15:10:38,2.565510035,3.51187396,2.562209606
15:10:38,2.565313816,3.511487722,2.562274456
15:10:38,2.564823151,3.511208534,2.564433813
15:10:38,2.564885855,3.510251284,2.56253624
15:10:38,2.564164162,3.509907484,2.562451601
15:10:38,2.564626932,3.510756731,2.562248468
15:10:38,2.565722227,3.510340452,2.562606335
15:10:38,2.564522266,3.511397362,2.562902212
15:10:38,2.564850092,3.511105299,2.563047409
15:10:38,2.565126181,3.510620832,2.563054562
15:10:38,2.563873053,3.511389732,2.564052343
15:10:38,2.564844847,3.511271715,2.562648773
15:10:38,2.56452632,3.510599136,2.56270051
15:10:38,2.565691233,3.51151371,2.561920643
15:10:38,2.565750599,3.510690451,2.562816143
15:10:38,2.565016031,3.511353254,2.562423229
15:10:38,2.564975023,3.510652065,2.563263655
15:10:38,2.56478405,3.512617826,2.563452244
15:10:38,2.565779686,3.511816263,2.562316179
15:10:38,2.564688921,3.511198044,2.56140542
15:10:39,2.565648317,3.512317419,2.5621171
15:10:39,2.564620018,3.511302948,2.561852694
15:10:39,2.565196276,3.511706352,2.56112361
15:10:39,2.564295053,3.510986567,2.562610865
15:10:39,2.564543724,3.51196909,2.562137365
15:10:39,2.564985037,3.511096954,2.562625647
15:10:39,2.564482927,3.510732889,2.562231302
15:10:39,2.564082146,3.512324572,2.562367916
15:10:39,2.56393218,3.51139307,2.562906742
15:10:39,2.565184355,3.511734247,2.561775684
15:10:39,2.564469576,3.511348724,2.563122988
15:10:39,2.565170527,3.511305332,2.562184334
15:10:39,2.564569235,3.511567354,2.562358379
15:10:39,2.564316273,3.511541128,2.563088655
15:10:39,2.564692736,3.511458874,2.562745333
15:10:39,2.563851833,3.511477232,2.563333273
15:10:39,2.565225363,3.511270523,2.562281847
15:10:39,2.56442976,3.511216164,2.56275773
15:10:39,2.565389156,3.512288809,2.563255787
15:10:39,2.565893412,3.5114851,2.56259656
15:10:39,2.564877748,3.511320591,2.563374758
15:10:39,2.565649509,3.511969805,2.563697577
15:10:39,2.565295935,3.512297869,2.562446833
15:10:39,2.565118313,3.51123333,2.563213587
15:10:39,2.56533432,3.510937929,2.562698364
15:10:39,2.564614296,3.511914492,2.563831329
15:10:39,2.565636396,3.512654305,2.562892199
15:10:39,2.565675735,3.512027979,2.562954903
15:10:39,2.564558744,3.511724234,2.562652111
15:10:39,2.564630508,3.512111187,2.562581062
15:10:39,2.565433025,3.512014866,2.563085794
15:10:39,2.564659357,3.512509823,2.564085245
15:10:39,2.565771818,3.513128757,2.562415838
15:10:39,2.565490961,3.513222456,2.563699007
15:10:39,2.5660429,3.512597084,2.562938452
15:10:39,2.565214157,3.512559652,2.563459396
15:10:39,2.565497398,3.511827707,2.563031673
15:10:39,2.565059662,3.512413025,2.562913179
15:10:39,2.565083027,3.512638569,2.562972784
15:10:39,2.566542625,3.512643099,2.564036846
15:10:39,2.565546036,3.512752056,2.563581705
15:10:39,2.565211535,3.512352228,2.564144135
15:10:39,2.565506697,3.511559963,2.56419301
15:10:39,2.565281391,3.512487411,2.563162088
15:10:39,2.564498425,3.510006428,2.563196421
15:10:39,2.564590454,3.511177063,2.562084675
15:10:39,2.565477133,3.511786938,2.563432455
15:10:39,2.565429449,3.511448383,2.562690973
15:10:39,2.564295769,3.51078105,2.563230038
15:10:39,2.565687895,3.511717319,2.562677145
15:10:39,2.564860582,3.512213707,2.562561989
15:10:39,2.56411314,3.511487007,2.562052727
15:10:39,2.563957453,3.511945009,2.563238144
15:10:39,2.565300703,3.511916876,2.563409328
15:10:39,2.566267252,3.512094975,2.563621521
15:10:39,2.566036701,3.511482239,2.563331127
15:10:39,2.564896584,3.511606455,2.563257217
15:10:39,2.566222191,3.512519598,2.56353879
15:10:39,2.564938307,3.512472153,2.562109232
15:10:39,2.566001177,3.51248312,2.56257534
15:10:39,2.565052748,3.512812376,2.562402487
15:10:39,2.564959764,3.512806177,2.5624125
15:10:39,2.564509153,3.511450529,2.5618155
15:10:39,2.565357447,3.511498213,2.563384056
15:10:39,2.565275669,3.51164484,2.563249826
15:10:39,2.56547904,3.511904001,2.562814236
15:10:39,2.564825535,3.511282921,2.562798977
15:10:39,2.56479907,3.511855602,2.56206274
15:10:39,2.565314531,3.512385607,2.562447786
15:10:39,2.564709425,3.512152433,2.563329935
15:10:39,2.565560341,3.512217283,2.562515736
15:10:39,2.565572262,3.512740374,2.563220739
15:10:39,2.565103769,3.512380838,2.563472748
15:10:39,2.566739559,3.512202024,2.563090563
15:10:39,2.56547451,3.510824919,2.562397242
15:10:39,2.564787865,3.511227369,2.562721968
15:10:39,2.56466651,3.511314869,2.564866781
15:10:39,2.565320015,3.511929512,2.562695026
15:10:39,2.565260172,3.511591196,2.562463045
15:10:39,2.564975023,3.511370182,2.562750101
15:10:39,2.565242529,3.51153326,2.562934399
15:10:39,2.564265966,3.510054111,2.561713457
15:10:39,2.565320969,3.511539459,2.562784672
15:10:39,2.56468749,3.511331797,2.562158823
15:10:39,2.565799475,3.511986256,2.562290907
15:10:39,2.565384388,3.512652397,2.563635349
15:10:39,2.564519644,3.511687994,2.563368082
15:10:39,2.565588951,3.512290955,2.562517643
15:10:39,2.56479907,3.511073112,2.561799526
15:10:39,2.56504488,3.510988712,2.561797619
15:10:39,2.565072775,3.512085915,2.563160658
15:10:39,2.56550622,3.512512445,2.562779188
15:10:39,2.565442085,3.511271715,2.562116385
15:10:39,2.56450057,3.511278629,2.561574697
15:10:39,2.565601349,3.511049986,2.562152386
15:10:39,2.564653873,3.511412621,2.562898636
15:10:39,2.564368486,3.511652708,2.563210249
15:10:39,2.565145254,3.511388302,2.563078642
15:10:39,2.564599514,3.510700703,2.562066793
15:10:39,2.564803362,3.511974335,2.562495232
15:10:39,2.563716173,3.511691332,2.563095093
15:10:39,2.564403296,3.511679649,2.562696934
15:10:39,2.563960791,3.511730433,2.562443018
15:10:39,2.565003395,3.511398792,2.562597275
15:10:39,2.565485477,3.511948347,2.561560869
15:10:39,2.564164162,3.510469675,2.562689304
15:10:39,2.565052032,3.51137352,2.560835361
15:10:39,2.564525604,3.511499166,2.561539173
15:10:39,2.563341618,3.511105299,2.561708689
15:10:39,2.563510656,3.509642601,2.561456203
15:10:39,2.563769102,3.511794329,2.561846495
15:10:39,2.564583778,3.51150465,2.561925411
15:10:39,2.56459713,3.510647774,2.562835932
15:10:39,2.565417528,3.510794878,2.562016487
15:10:39,2.564846754,3.511259317,2.562205553
15:10:39,2.564561844,3.511136055,2.562003136
15:10:39,2.563515186,3.510443687,2.562224865
15:10:39,2.562988043,3.510197639,2.561984062
15:10:39,2.563973427,3.510921955,2.561972857
15:10:40,2.564884663,3.511130095,2.56240797
15:10:40,2.56470871,3.510093927,2.563755512
15:10:40,2.565476418,3.510637522,2.562702179
15:10:40,2.564986944,3.510270834,2.5626688
15:10:40,2.564315557,3.511656523,2.563197613
15:10:40,2.564834356,3.511927843,2.562375546
15:10:40,2.564134598,3.511148214,2.561822653
15:10:40,2.56401825,3.510679245,2.561924696
15:10:40,2.564258575,3.512059927,2.563234806
15:10:40,2.564845324,3.511936665,2.562861681
15:10:40,2.564843416,3.511538506,2.562819958
15:10:40,2.564604282,3.510212183,2.561734915
15:10:40,2.56434536,3.510213614,2.561621666
15:10:40,2.563530684,3.50913167,2.562306881
15:10:40,2.564410686,3.510371923,2.561062098
15:10:40,2.564288378,3.510247231,2.562622786
15:10:40,2.564098835,3.511212826,2.563218117
15:10:40,2.56432128,3.511412621,2.562762976
15:10:40,2.566446304,3.511670589,2.561749458
15:10:40,2.564810991,3.511758327,2.563032866
15:10:40,2.564787149,3.511674166,2.561166525
15:10:40,2.565345526,3.511279583,2.563178301
15:10:40,2.56483078,3.512517214,2.563083172
15:10:40,2.565284729,3.509608507,2.562468767
15:10:40,2.564657211,3.50996995,2.563499928
15:10:40,2.564458847,3.511667728,2.562753677
15:10:40,2.564994097,3.51247406,2.562444925
15:10:40,2.564749718,3.511939764,2.561322927
15:10:40,2.563865662,3.510990858,2.562882185
15:10:40,2.565707445,3.51188755,2.562246084
15:10:40,2.566082954,3.51175189,2.564270973
15:10:40,2.565145969,3.511633158,2.563068867
15:10:40,2.564929247,3.512550592,2.563898087
15:10:40,2.56557703,3.513076305,2.563189507
15:10:40,2.564729929,3.511864901,2.561252117
15:10:40,2.565427542,3.510331392,2.562732697
15:10:40,2.56400013,3.509960175,2.562558174
15:10:40,2.563340902,3.510493994,2.563365698
15:10:40,2.563403606,3.512100935,2.563346386
15:10:40,2.565835238,3.512777567,2.563397408
15:10:40,2.56594348,3.512224674,2.562766314
15:10:40,2.565496683,3.510943413,2.56191349
15:10:40,2.564906836,3.511989355,2.562548876
15:10:40,2.564168215,3.512641668,2.562415123
15:10:40,2.564721346,3.510848284,2.562124968
15:10:40,2.564604282,3.510013103,2.561668634
15:10:40,2.564935446,3.51010108,2.563646793
15:10:40,2.56465435,3.511965275,2.562876701
15:10:40,2.56477809,3.512181282,2.562043667
15:10:40,2.565997839,3.511547089,2.561448574
15:10:40,2.564918041,3.510993242,2.563574076
15:10:40,2.565138102,3.511267662,2.563154936
15:10:40,2.564259291,3.511729002,2.562959433
15:10:40,2.565217972,3.512992144,2.562956333
15:10:40,2.565179825,3.511743307,2.564214706
15:10:40,2.564929247,3.511818409,2.563938379
15:10:40,2.564849377,3.512277603,2.562283039
15:10:40,2.564751863,3.511817932,2.563333988
15:10:40,2.565743446,3.512417316,2.563587189
15:10:40,2.565106392,3.512191772,2.564321995
15:10:40,2.565968037,3.512780666,2.563363075
15:10:40,2.565253735,3.512220383,2.562201738
15:10:40,2.565137386,3.51234293,2.562485933
15:10:40,2.565182447,3.51148653,2.560968161
15:10:40,2.56580019,3.511782646,2.563507795
15:10:40,2.565173388,3.512398958,2.562721491
15:10:40,2.565083027,3.511211634,2.56281209
15:10:40,2.563781977,3.511920214,2.562420607
15:10:40,2.564690351,3.511372328,2.561809063
15:10:40,2.564528227,3.510848761,2.56243062
15:10:40,2.564240694,3.510066032,2.562861681
15:10:40,2.564051151,3.510377645,2.560542345
15:10:40,2.564599514,3.510161877,2.561885357
15:10:40,2.564341068,3.509905338,2.561691284
15:10:40,2.563887358,3.509797096,2.562390566
15:10:40,2.564265251,3.510944843,2.562798977
15:10:40,2.564149857,3.50946641,2.562028885
15:10:40,2.564701319,3.510394096,2.560911655
15:10:40,2.563999653,3.509732723,2.562360287
15:10:40,2.564031363,3.509352207,2.561662674
15:10:40,2.564067125,3.508593321,2.561600685
15:10:40,2.564183474,3.509910583,2.562154531
15:10:40,2.563989878,3.510738611,2.56199789
15:10:40,2.563978434,3.511073828,2.56337285
15:10:40,2.564919949,3.510262489,2.562350512
15:10:40,2.564205885,3.509783506,2.560527802
15:10:40,2.563548326,3.509208441,2.560185432
15:10:40,2.563510656,3.509685516,2.56167841
15:10:40,2.565222502,3.510018587,2.564033031
15:10:40,2.563361406,3.509735107,2.562665224
15:10:40,2.563167334,3.510509014,2.561171293
15:10:40,2.564303637,3.511620045,2.561173916
15:10:40,2.565276384,3.511946917,2.56243968
15:10:40,2.563724756,3.510231733,2.561414719
15:10:40,2.564213276,3.510072231,2.561146259
15:10:40,2.564463615,3.509787321,2.561183691
15:10:40,2.564796448,3.510741472,2.562832594
15:10:40,2.564048767,3.509953737,2.562566519
15:10:40,2.563903332,3.510327578,2.56195879
15:10:40,2.563174963,3.511070251,2.562278271
15:10:40,2.563822031,3.510352612,2.562046289
15:10:40,2.564911366,3.509836912,2.560648918
15:10:40,2.564810514,3.510315418,2.563378811
15:10:40,2.56340766,3.509977818,2.562554836
15:10:40,2.563428164,3.509367704,2.562998056
15:10:40,2.564459562,3.509216309,2.561596394
15:10:40,2.564070463,3.510551214,2.562540293
15:10:40,2.563007355,3.510671616,2.560946941
15:10:40,2.56329155,3.509460211,2.562502861
15:10:40,2.564340591,3.509694576,2.562077284
15:10:40,2.564278364,3.50949502,2.56105876
15:10:40,2.563500881,3.510175705,2.56191349
15:10:40,2.563572168,3.509729862,2.561007261
15:10:40,2.564017534,3.510131359,2.563070059
15:10:40,2.564670324,3.509917974,2.561661959
15:10:40,2.563299894,3.509702682,2.56113553
15:10:41,2.56322217,3.51103425,2.560947895
15:10:41,2.563385963,3.510425329,2.560556889
15:10:41,2.563310623,3.510426998,2.561820269
15:10:41,2.563956738,3.509821177,2.56222415
15:10:41,2.56367445,3.509887218,2.56219697
15:10:41,2.564202547,3.509874821,2.562323332
15:10:41,2.563817263,3.509151936,2.562488079
15:10:41,2.564407349,3.511359692,2.561708689
15:10:41,2.564666986,3.51153326,2.560917377
15:10:41,2.564655781,3.511427402,2.561651945
15:10:41,2.564569235,3.509510279,2.561849117
15:10:41,2.563428879,3.510329485,2.562923193
15:10:41,2.563813448,3.510784864,2.563090563
15:10:41,2.563905239,3.510691643,2.562279463
15:10:41,2.564692736,3.509156466,2.56159997
15:10:41,2.56512022,3.510757446,2.562381506
15:10:41,2.564821005,3.510944128,2.562853336
15:10:41,2.56471014,3.510587215,2.562296391
15:10:41,2.564174414,3.509547234,2.562747955
15:10:41,2.564302921,3.510219336,2.562323809
15:10:41,2.564245462,3.509448767,2.563025713
15:10:41,2.564027548,3.510703087,2.562572002
15:10:41,2.56452179,3.510362864,2.562150717
15:10:41,2.564548016,3.50971818,2.56054306
15:10:41,2.564605474,3.509271383,2.561989307
15:10:41,2.5635252,3.510355711,2.562128305
15:10:41,2.562479496,3.509578466,2.562418699
15:10:41,2.563490868,3.509600163,2.562020302
15:10:41,2.564378977,3.511667728,2.562964916
15:10:41,2.564552784,3.511533976,2.562260389
15:10:41,2.564092159,3.510859966,2.562328577
15:10:41,2.564418077,3.511322498,2.563569069
15:10:41,2.565058231,3.511745453,2.561705828
15:10:41,2.564793348,3.511147022,2.56256628
15:10:41,2.564972878,3.510028362,2.562757254
15:10:41,2.565276861,3.51223731,2.562474728
15:10:41,2.564884663,3.511068821,2.562015057
15:10:41,2.564441681,3.510768414,2.56159997
15:10:41,2.564277649,3.510870934,2.561712265
15:10:41,2.564674139,3.510844469,2.562303543
15:10:41,2.56512022,3.510572195,2.561532021
15:10:41,2.564296484,3.511282206,2.562360287
15:10:41,2.564040184,3.513168335,2.563277721
15:10:41,2.564720631,3.511472464,2.562799454
15:10:41,2.565354586,3.512215614,2.56272316
15:10:41,2.564442396,3.510862827,2.563675642
15:10:41,2.564770937,3.510621309,2.562492847
15:10:41,2.565233231,3.510683537,2.561985493
15:10:41,2.564844131,3.511434793,2.562535048
15:10:41,2.564333916,3.51021862,2.560963631
15:10:41,2.564300299,3.510284662,2.562530994
15:10:41,2.564161062,3.510303974,2.563145876
15:10:41,2.564808607,3.509846687,2.562243938
15:10:41,2.564678907,3.509940624,2.560795069
15:10:41,2.56449461,3.509487152,2.562042236
15:10:41,2.563687086,3.510040522,2.561990023
15:10:41,2.564299583,3.51185751,2.562378883
15:10:41,2.564659595,3.510802031,2.562339067
15:10:41,2.564404011,3.510279894,2.562084675
15:10:41,2.565411568,3.510290384,2.56251049
15:10:41,2.564671516,3.510013819,2.562628269
15:10:41,2.56499815,3.510653019,2.563646078
15:10:41,2.564928055,3.509899616,2.562277079
15:10:41,2.565514088,3.510730028,2.561026812
15:10:41,2.564913988,3.511104584,2.560310364
15:10:41,2.564377069,3.51044035,2.56098938
15:10:41,2.564041853,3.510270357,2.562457561
15:10:41,2.563631058,3.510109663,2.562032938
15:10:41,2.564352989,3.509982347,2.5614748
15:10:41,2.564501286,3.51010704,2.561458588
15:10:41,2.564932585,3.512117386,2.56275773
15:10:41,2.564828157,3.51256299,2.563515663
15:10:41,2.564228058,3.511298418,2.562630177
15:10:41,2.56472373,3.510807037,2.561859131
15:10:41,2.564388275,3.511034727,2.562649727
15:10:41,2.564218283,3.511278152,2.562734604
15:10:41,2.563629627,3.510761499,2.563479185
15:10:41,2.564229727,3.51162076,2.562917948
15:10:41,2.564208508,3.5119555,2.562210321
15:10:41,2.563388586,3.510823965,2.562155247
15:10:41,2.564879179,3.510531664,2.562690973
15:10:41,2.563614607,3.509637117,2.561620235
15:10:41,2.564790726,3.512342453,2.562591791
15:10:41,2.564147234,3.511339426,2.561919451
15:10:41,2.564382792,3.510717154,2.560906887
15:10:41,2.563887835,3.509825945,2.561915398
15:10:41,2.563261747,3.510345936,2.560717583
15:10:41,2.56409955,3.510371447,2.561177969
15:10:41,2.563707829,3.510663509,2.561502457
15:10:41,2.563780308,3.51019907,2.562521219
15:10:41,2.564664364,3.510519981,2.561968803
15:10:41,2.565519333,3.510781765,2.562138081
15:10:41,2.564832211,3.511439323,2.56232667
15:10:41,2.564837933,3.511305332,2.562824011
15:10:41,2.564633369,3.510831833,2.560766697
15:10:41,2.564551353,3.510442257,2.561334848
15:10:41,2.564144373,3.510534286,2.561594009
15:10:41,2.564331293,3.511207104,2.563607693
15:10:41,2.563401699,3.510650158,2.561138391
15:10:41,2.564935446,3.511140823,2.561866999
15:10:41,2.564759731,3.511003017,2.561556339
15:10:41,2.564061642,3.510210037,2.56146884
15:10:41,2.563886642,3.511099577,2.562144041
15:10:41,2.564168215,3.511602402,2.561450243
15:10:41,2.564332008,3.511449814,2.562598944
15:10:41,2.56478405,3.511114359,2.562532902
15:10:41,2.56500721,3.51145649,2.56142807
15:10:41,2.563982487,3.510735273,2.560916662
15:10:41,2.564455748,3.510760307,2.560886383
15:10:41,2.56486845,3.511735678,2.561560154
15:10:41,2.56460619,3.510961056,2.561768532
15:10:41,2.563710928,3.510278702,2.561484814
15:10:41,2.563985348,3.510150194,2.561997414
15:10:41,2.564384222,3.510221958,2.562637806
15:10:41,2.56382513,3.509980202,2.56274581
15:10:41,2.563863516,3.50959301,2.562061548
15:10:41,2.564026117,3.509464979,2.562792301
15:10:41,2.564835072,3.510897636,2.563126802
15:10:41,2.564278364,3.510865211,2.560882807
15:10:42,2.564536095,3.511864185,2.562567234
15:10:42,2.563960075,3.510093451,2.561414003
15:10:42,2.565207481,3.510453463,2.562166691
15:10:42,2.56474638,3.510611534,2.561115742
15:10:42,2.564048052,3.510076523,2.562396765
15:10:42,2.565630913,3.511602879,2.562976122
15:10:42,2.564425945,3.511664391,2.561843634
15:10:42,2.564065933,3.511651993,2.561818123
15:10:42,2.565529108,3.511335611,2.561935902
15:10:42,2.563925028,3.511132002,2.562367916
15:10:42,2.564241648,3.511564493,2.562275887
15:10:42,2.564706564,3.511439323,2.561596394
15:10:42,2.565414906,3.510252714,2.561515093
15:10:42,2.564657927,3.51108098,2.5621171
15:10:42,2.564237595,3.510573387,2.561780453
15:10:42,2.564595699,3.511636496,2.562245607
15:10:42,2.564513206,3.512155771,2.562154055
15:10:42,2.564722538,3.511387587,2.562555552
15:10:42,2.565120935,3.511243105,2.560720444
15:10:42,2.564159632,3.510205507,2.561888218
15:10:42,2.564902306,3.511039972,2.563193798
15:10:42,2.563369989,3.510132074,2.561020374
15:10:42,2.563887835,3.510406494,2.561392307
15:10:42,2.563687086,3.510268927,2.560206413
15:10:42,2.564152956,3.509632111,2.561505795
15:10:42,2.56425786,3.510273457,2.562733889
15:10:42,2.563806772,3.509684801,2.563710928
15:10:42,2.564718008,3.510287762,2.563416481
15:10:42,2.564220905,3.510350227,2.562648058
15:10:42,2.565161467,3.511602879,2.563045502
15:10:42,2.564156294,3.509616375,2.5635674
15:10:42,2.56452632,3.511013269,2.561178684
15:10:42,2.564427137,3.510877371,2.562233448
15:10:42,2.564961672,3.509683371,2.562816143
15:10:42,2.564176083,3.510770082,2.562103748
15:10:42,2.564082861,3.509859562,2.561181784
15:10:42,2.564220428,3.509517431,2.561693192
15:10:42,2.56529665,3.509808064,2.562856197
15:10:42,2.563530684,3.509878397,2.561073542
15:10:42,2.564190626,3.510043621,2.56246829
15:10:42,2.564759731,3.51093173,2.562544346
15:10:42,2.565228462,3.511106014,2.562696934
15:10:42,2.56350565,3.510560989,2.561001301
15:10:42,2.563579321,3.510368586,2.561435938
15:10:42,2.564418077,3.510130167,2.562066317
15:10:42,2.563768387,3.510775566,2.561536789
15:10:42,2.56381917,3.511642933,2.562819242
15:10:42,2.563836336,3.511418581,2.562292814
15:10:42,2.564503908,3.511660099,2.562120438
15:10:42,2.56437993,3.511068821,2.56202507
15:10:42,2.564165354,3.511962652,2.561822176
15:10:42,2.563607931,3.511834145,2.561596394
15:10:42,2.564044476,3.51112628,2.562222958
15:10:42,2.565094471,3.510843039,2.562541723
15:10:42,2.564577103,3.510171175,2.561838388
15:10:42,2.563477039,3.510307312,2.563145876
15:10:42,2.564241648,3.511488438,2.561822653
15:10:42,2.564794302,3.510943413,2.56306076
15:10:42,2.564531803,3.511334419,2.563095093
15:10:42,2.565286398,3.511165142,2.562250614
15:10:42,2.564073801,3.511405468,2.56195426
15:10:42,2.563627005,3.510794163,2.562654018
15:10:42,2.56431365,3.511720657,2.562515736
15:10:42,2.564534426,3.510454893,2.56157136
15:10:42,2.564133644,3.510836363,2.562751293
15:10:42,2.564431906,3.510595798,2.563429594
15:10:42,2.564421892,3.510525227,2.562810898
15:10:42,2.56461072,3.511380434,2.563115597
15:10:42,2.56461072,3.50993681,2.562056303
15:10:42,2.564676523,3.509979248,2.562582731
15:10:42,2.563318491,3.511435509,2.562170744
15:10:42,2.564930677,3.510520697,2.562001944
15:10:42,2.564410686,3.509767771,2.561456919
15:10:42,2.564955711,3.510629654,2.56182456
15:10:42,2.563817978,3.510871887,2.561714888
15:10:42,2.564666986,3.511927843,2.563004494
15:10:42,2.564385414,3.511302948,2.563202143
15:10:42,2.56418395,3.510488033,2.560857773
15:10:42,2.563715696,3.510326862,2.562858105
15:10:42,2.564338684,3.510029554,2.562667847
15:10:42,2.563683271,3.510380507,2.562678576
15:10:42,2.563163757,3.510312557,2.561296701
15:10:42,2.56392765,3.511112452,2.560922861
15:10:42,2.563887835,3.510410547,2.562487364
15:10:42,2.564351797,3.511404276,2.562684298
15:10:42,2.563848972,3.510976315,2.561312914
15:10:42,2.564064264,3.511525393,2.56234169
15:10:42,2.564721346,3.511224031,2.562038422
15:10:42,2.564284325,3.509999514,2.562453747
15:10:42,2.563937426,3.50932622,2.561124802
15:10:42,2.563142061,3.509397268,2.562202454
15:10:42,2.562820435,3.51043725,2.561642408
15:10:42,2.562525034,3.511181116,2.562007904
15:10:42,2.56388855,3.510604143,2.561435223
15:10:42,2.564689636,3.509672642,2.562450409
15:10:42,2.564189196,3.509447575,2.560154915
15:10:42,2.563806057,3.509126186,2.560804844
15:10:42,2.562940598,3.510066748,2.562200308
15:10:42,2.564566135,3.510910273,2.562478781
15:10:42,2.563928366,3.510341167,2.561523676
15:10:42,2.564172268,3.510395527,2.563341618
15:10:42,2.564974308,3.510437965,2.561573982
15:10:42,2.563863516,3.510776997,2.562235832
15:10:42,2.564596415,3.510717154,2.562737465
15:10:42,2.564337492,3.509583235,2.560855389
15:10:42,2.564305782,3.510437965,2.561470985
15:10:42,2.563900471,3.510734558,2.56178093
15:10:42,2.563911915,3.511048079,2.562951565
15:10:42,2.566060543,3.51177001,2.564101219
15:10:42,2.565294027,3.513163805,2.562890768
15:10:42,2.566078186,3.512193441,2.563332558
15:10:42,2.566043139,3.512293577,2.563321829
15:10:42,2.565443277,3.511879683,2.563643217
15:10:42,2.565621138,3.512357473,2.563563347
15:10:42,2.564564705,3.511871815,2.562792301
15:10:43,2.564822435,3.512883186,2.564336538
15:10:43,2.566208363,3.512789249,2.564008474
15:10:43,2.565778971,3.511908293,2.56260252
15:10:43,2.565233231,3.511716127,2.564002752
15:10:43,2.564484596,3.512269974,2.563405037
15:10:43,2.565026522,3.513126135,2.562458754
15:10:43,2.56613183,3.512639284,2.563695669
15:10:43,2.565884113,3.5117383,2.562991858
15:10:43,2.565114737,3.511618137,2.562213659
15:10:43,2.565937042,3.510711193,2.562489271
15:10:43,2.564722538,3.509933472,2.562454939
15:10:43,2.563677311,3.510717154,2.561879635
15:10:43,2.563753128,3.509811401,2.561253309
15:10:43,2.563236475,3.509960175,2.561387539
15:10:43,2.563777208,3.50879097,2.561997414
15:10:43,2.56375742,3.509373665,2.562422276
15:10:43,2.563561916,3.510643244,2.561306238
15:10:43,2.563794851,3.509705067,2.562111855
15:10:43,2.564219713,3.510612011,2.561240196
15:10:43,2.563420296,3.509880066,2.562792301
15:10:43,2.563982964,3.510139704,2.563292742
15:10:43,2.564893007,3.511104107,2.561954975
15:10:43,2.564678431,3.511493683,2.562070131
15:10:43,2.564632177,3.512447119,2.562122345
15:10:43,2.564991474,3.512866974,2.56149745
15:10:43,2.565246582,3.511425734,2.561773777
15:10:43,2.564298391,3.510279417,2.562354326
15:10:43,2.564192057,3.510317087,2.562412024
15:10:43,2.564363718,3.510664225,2.562358379
15:10:43,2.563447237,3.511148214,2.56146884
15:10:43,2.563607216,3.510667562,2.562167168
15:10:43,2.564287901,3.512774229,2.562765598
15:10:43,2.565497398,3.51199913,2.562349796
15:10:43,2.565609694,3.510689735,2.562357903
15:10:43,2.564811707,3.51035738,2.561848402
15:10:43,2.564010859,3.510628223,2.562077284
15:10:43,2.563965559,3.511316776,2.562162161
15:10:43,2.564953804,3.511564493,2.561886787
15:10:43,2.563324451,3.510932922,2.562649727
15:10:43,2.564319372,3.511078119,2.562009096
15:10:43,2.563255548,3.509851933,2.560835838
15:10:43,2.563873053,3.510381222,2.562933922
15:10:43,2.563915968,3.510912895,2.562114239
15:10:43,2.563588858,3.511633873,2.562148094
15:10:43,2.564622641,3.509840012,2.560700893
15:10:43,2.564130545,3.510637522,2.561141968
15:10:43,2.563597202,3.509828329,2.561584473
15:10:43,2.563142776,3.509704351,2.562097311
15:10:43,2.564087629,3.509794474,2.561433315
15:10:43,2.563220739,3.511606455,2.561588049
15:10:43,2.564109564,3.511523008,2.562825203
15:10:43,2.563995123,3.510332108,2.561248779
15:10:43,2.563450098,3.510590553,2.560352087
15:10:43,2.564327478,3.510323048,2.562775612
15:10:43,2.563302517,3.510264874,2.561651945
15:10:43,2.564521074,3.509634018,2.56256485
15:10:43,2.564968348,3.510590553,2.562184334
15:10:43,2.564412594,3.511281013,2.562656879
15:10:43,2.564210653,3.511024475,2.561524868
15:10:43,2.563735962,3.510466099,2.561928511
15:10:43,2.564276695,3.510920048,2.561398745
15:10:43,2.563540459,3.509389877,2.560771227
15:10:43,2.564445019,3.511156082,2.563114166
15:10:43,2.564692736,3.512217283,2.563016415
15:10:43,2.564880371,3.511549711,2.562597752
15:10:43,2.564125061,3.510454178,2.56198287
15:10:43,2.564071655,3.511169434,2.562538862
15:10:43,2.563953638,3.510715723,2.561924696
15:10:43,2.564129353,3.511473179,2.561089277
15:10:43,2.565306664,3.510962963,2.562319279
15:10:43,2.563489676,3.510540247,2.562673807
15:10:43,2.564314127,3.510576963,2.562781811
15:10:43,2.56381464,3.51127553,2.561613798
15:10:43,2.564156294,3.511597395,2.562871695
15:10:43,2.564542055,3.510592222,2.563363552
15:10:43,2.564793348,3.510937214,2.56175518
15:10:43,2.56423521,3.511111736,2.56199789
15:10:43,2.564833164,3.512209415,2.563041687
15:10:43,2.564845324,3.512023926,2.561854362
15:10:43,2.563544989,3.511723042,2.562318802
15:10:43,2.563996553,3.510840416,2.560451746
15:10:43,2.564950466,3.510747671,2.562814236
15:10:43,2.56464529,3.511230469,2.560732365
15:10:43,2.564551353,3.510212183,2.561995268
15:10:43,2.564290285,3.511759043,2.562340498
15:10:43,2.56393671,3.511954069,2.561799049
15:10:43,2.5635252,3.512365818,2.56157136
15:10:43,2.565071344,3.510911465,2.562064648
15:10:43,2.564334631,3.511491537,2.562818766
15:10:43,2.564973593,3.510627031,2.560872316
15:10:43,2.564089537,3.512123823,2.562150717
15:10:43,2.564835548,3.511407137,2.561875582
15:10:43,2.565226793,3.511390209,2.561827421
15:10:43,2.564068556,3.510044336,2.561984777
15:10:43,2.564116001,3.510005236,2.562013865
15:10:43,2.563943624,3.510234833,2.561316729
15:10:43,2.563603401,3.509135962,2.561820269
15:10:43,2.563672066,3.509073496,2.560607195
15:10:43,2.564996004,3.509919167,2.561653376
15:10:43,2.56396842,3.510771275,2.561330795
15:10:43,2.563912392,3.51008296,2.562219381
15:10:43,2.563982964,3.510215282,2.561980247
15:10:43,2.564665794,3.511207104,2.562589169
15:10:43,2.564203262,3.510316372,2.561491489
15:10:43,2.563707829,3.511335611,2.562081814
15:10:43,2.5651896,3.512401819,2.56313467
15:10:43,2.564262152,3.512991428,2.562526226
15:10:43,2.565162659,3.512173414,2.562325478
15:10:43,2.563997984,3.510634184,2.561763763
15:10:43,2.56413269,3.510899782,2.563098431
15:10:43,2.564544201,3.510754824,2.56374979
15:10:43,2.564409256,3.51123333,2.563120365
15:10:43,2.563717604,3.512272835,2.562431335
15:10:43,2.564770222,3.512728691,2.562675238
15:10:43,2.564614296,3.513218164,2.562366247
15:10:43,2.565054893,3.511560678,2.562855244
15:10:43,2.564799786,3.511317492,2.561277628
15:10:43,2.564541578,3.510840893,2.561739445
15:10:43,2.565250397,3.511904716,2.562830687
15:10:44,2.565167904,3.511697292,2.561946392
15:10:44,2.5640347,3.510767221,2.562686443
15:10:44,2.56441927,3.510294437,2.563800812
15:10:44,2.565583467,3.510560036,2.56298399
15:10:44,2.565038919,3.511012793,2.562503338
15:10:44,2.564660311,3.510632277,2.561972857
15:10:44,2.563876867,3.511308193,2.561967373
15:10:44,2.564856529,3.509709597,2.561874866
15:10:44,2.563845158,3.509660244,2.5621171
15:10:44,2.563890696,3.508739471,2.56208992
15:10:44,2.564554691,3.510118723,2.562597752
15:10:44,2.564458847,3.509979248,2.563323259
15:10:44,2.563889503,3.510072947,2.561222792
15:10:44,2.563364029,3.510424137,2.561872482
15:10:44,2.564366341,3.512994766,2.561542988
15:10:44,2.564029932,3.511140823,2.561400652
15:10:44,2.564457655,3.510524035,2.563123703
15:10:44,2.564342737,3.510199785,2.562060118
15:10:44,2.563992977,3.511089802,2.562023163
15:10:44,2.564889669,3.512302637,2.562544346
15:10:44,2.564363718,3.511242628,2.563364983
15:10:44,2.565587521,3.511605263,2.561708689
15:10:44,2.565139294,3.512676954,2.563171864
15:10:44,2.564664364,3.513394356,2.562251329
15:10:44,2.564896584,3.512879372,2.562076092
15:10:44,2.564262152,3.511698484,2.561456203
15:10:44,2.564401627,3.510689735,2.56246686
15:10:44,2.564415216,3.511042595,2.562176704
15:10:44,2.565193653,3.51137352,2.56295085
15:10:44,2.564489365,3.510312557,2.563586473
15:10:44,2.564682961,3.510579586,2.561823368
15:10:44,2.564879179,3.509419203,2.56305933
15:10:44,2.564782858,3.512434959,2.561603785
15:10:44,2.564246655,3.512480021,2.561802864
15:10:44,2.564795256,3.513781786,2.56132412
15:10:44,2.564848661,3.509367704,2.563056946
15:10:44,2.564432383,3.509887218,2.562436581
15:10:44,2.564007759,3.509610653,2.564014196
15:10:44,2.564612865,3.508368969,2.562270403
15:10:44,2.564112186,3.508824348,2.562958479
15:10:44,2.563577414,3.509487867,2.561822176
15:10:44,2.564004421,3.511012077,2.561463356
15:10:44,2.564786434,3.511725903,2.561269283
15:10:44,2.563602686,3.511987925,2.561450243
15:10:44,2.563796997,3.511039972,2.562063456
15:10:44,2.564154387,3.510374069,2.562996626
15:10:44,2.564040184,3.510666132,2.561478853
15:10:44,2.564365149,3.510717154,2.56020093
15:10:44,2.56337285,3.51046896,2.561845303
15:10:44,2.564534903,3.509885788,2.561207056
15:10:44,2.563796282,3.510583162,2.561355352
15:10:44,2.564491987,3.511335135,2.562240124
15:10:44,2.563816071,3.510677338,2.561485291
15:10:44,2.563570976,3.510277987,2.561965704
15:10:44,2.563791037,3.510814905,2.562297583
15:10:44,2.563605309,3.509622335,2.56108737
15:10:44,2.564846754,3.509971142,2.562476635
15:10:44,2.564240694,3.509780884,2.562236547
15:10:44,2.564476728,3.510811806,2.562929153
15:10:44,2.564595699,3.510915995,2.563085079
15:10:44,2.565289497,3.511943102,2.56308794
15:10:44,2.564267397,3.51144743,2.561790466
15:10:44,2.564309359,3.510787487,2.561490774
15:10:44,2.564555407,3.509081602,2.561313629
15:10:44,2.564569235,3.508322716,2.561505079
15:10:44,2.564025402,3.509056568,2.562755346
15:10:44,2.56452179,3.510015011,2.563801527
15:10:44,2.564106703,3.51031065,2.562873602
15:10:44,2.563994408,3.510406494,2.562129021
15:10:44,2.563596249,3.509032965,2.562187672
15:10:44,2.564675808,3.509498596,2.561049461
15:10:44,2.564147711,3.509376287,2.561007738
15:10:44,2.564188004,3.510997772,2.561403513
15:10:44,2.564655066,3.511455059,2.561242819
15:10:44,2.563673258,3.510803223,2.561635017
15:10:44,2.563317776,3.511202574,2.562605858
15:10:44,2.563500881,3.510540962,2.561960936
15:10:44,2.564115524,3.509900808,2.562402487
15:10:44,2.563966274,3.510690451,2.563016415
15:10:44,2.564086914,3.510848284,2.561380863
15:10:44,2.564008236,3.510560036,2.561583996
15:10:44,2.564646721,3.511730433,2.562052011
15:10:44,2.564183474,3.510560513,2.561387539
15:10:44,2.563695192,3.509567499,2.562586069
15:10:44,2.564585209,3.510035276,2.561804056
15:10:44,2.563713074,3.510191917,2.562378168
15:10:44,2.564635992,3.51094985,2.562119722
15:10:44,2.563947439,3.510066748,2.562000513
15:10:44,2.56432128,3.509662151,2.561897993
15:10:44,2.564125061,3.509977341,2.561761856
15:10:44,2.564361811,3.509367704,2.562718391
15:10:44,2.563882828,3.510290384,2.560977459
15:10:44,2.564244986,3.510775089,2.561558962
15:10:44,2.564301491,3.510031223,2.560409307
15:10:44,2.563874722,3.510132074,2.561835289
15:10:44,2.562779427,3.509729147,2.562340975
15:10:44,2.563380718,3.509337664,2.561649561
15:10:44,2.56296587,3.508314848,2.561341286
15:10:44,2.564105988,3.508243561,2.563249111
15:10:44,2.562397718,3.507627726,2.561706305
15:10:44,2.564072371,3.508627892,2.561235189
15:10:44,2.562949657,3.509813309,2.560753345
15:10:44,2.563867569,3.510984659,2.560837507
15:10:44,2.564508438,3.509997368,2.562125444
15:10:44,2.563695192,3.511211634,2.561296701
15:10:44,2.563876867,3.51103735,2.560701847
15:10:44,2.56369853,3.51000452,2.562144756
15:10:44,2.563748598,3.5101161,2.561984062
15:10:44,2.564802647,3.511506557,2.5616436
15:10:44,2.564283848,3.510865927,2.561535597
15:10:44,2.563594103,3.509443521,2.561626196
15:10:44,2.563998461,3.510632277,2.561449766
15:10:44,2.56386447,3.509787321,2.56071806
15:10:44,2.563340902,3.510231256,2.561269283
15:10:44,2.562484503,3.51076293,2.562035799
15:10:44,2.563827991,3.510664701,2.561862946
15:10:45,2.565278769,3.509665489,2.561993361
15:10:45,2.564401865,3.509670496,2.561576128
15:10:45,2.564763308,3.510035753,2.563116789
15:10:45,2.56365943,3.510328054,2.561059475
15:10:45,2.56281209,3.510732412,2.559998751
15:10:45,2.564183474,3.510274172,2.562208891
15:10:45,2.564073801,3.510237455,2.560658932
15:10:45,2.564265251,3.509400368,2.562007904
15:10:45,2.565077305,3.509581089,2.562043667
15:10:45,2.564986229,3.509898901,2.561610222
15:10:45,2.563534498,3.510275126,2.561056852
15:10:45,2.564586401,3.509663105,2.562382221
15:10:45,2.563833714,3.509916067,2.562892675
15:10:45,2.563224077,3.50936985,2.56225729
15:10:45,2.563866138,3.510040998,2.562347174
15:10:45,2.564252615,3.50965476,2.561984062
15:10:45,2.564399719,3.510213614,2.562195778
15:10:45,2.564970016,3.510993242,2.561271191
15:10:45,2.564204693,3.511397362,2.5616467
15:10:45,2.564500093,3.511714458,2.561602592
15:10:45,2.5639112,3.512008905,2.561907291
15:10:45,2.564087629,3.510498524,2.561053753
15:10:45,2.563899755,3.509936333,2.563369751
15:10:45,2.564655066,3.509551764,2.561549425
15:10:45,2.563183546,3.509762526,2.562488079
15:10:45,2.56272316,3.509960175,2.561865568
15:10:45,2.563685894,3.511269093,2.562375546
15:10:45,2.564878464,3.511847258,2.562482834
15:10:45,2.564469576,3.511228561,2.562243938
15:10:45,2.56465435,3.511282921,2.562334538
15:10:45,2.56421566,3.511975765,2.562098026
15:10:45,2.565477133,3.512710571,2.562099218
15:10:45,2.564391375,3.511771679,2.562173367
15:10:45,2.564409256,3.511897802,2.561534882
15:10:45,2.564798594,3.510696173,2.561563015
15:10:45,2.564014196,3.511214018,2.563242674
15:10:45,2.564343214,3.511137247,2.563127995
15:10:45,2.564401865,3.511643648,2.563108921
15:10:45,2.566327333,3.509989023,2.561588526
15:10:45,2.565217495,3.51117301,2.560759783
15:10:45,2.565010786,3.510317802,2.562330723
15:10:45,2.564168215,3.51207757,2.561937809
15:10:45,2.564768076,3.510575056,2.56292057
15:10:45,2.565079451,3.510225773,2.562434196
15:10:45,2.564509153,3.510180235,2.562720299
15:10:45,2.56546998,3.512125254,2.563883305
15:10:45,2.564943314,3.510465384,2.562755346
15:10:45,2.564607859,3.511261463,2.561968803
15:10:45,2.564785957,3.512023926,2.563204288
15:10:45,2.564987421,3.512046814,2.563169241
15:10:45,2.564088345,3.511457205,2.562490702
15:10:45,2.56358552,3.509851933,2.563273668
15:10:45,2.564948082,3.510680676,2.561978579
15:10:45,2.564738274,3.510259867,2.563431263
15:10:45,2.564834356,3.510010481,2.563183784
15:10:45,2.564633369,3.509857655,2.563299656
15:10:45,2.565147161,3.512156487,2.562056303
15:10:45,2.564262629,3.511224031,2.561681747
15:10:45,2.5646348,3.511690617,2.561075926
15:10:45,2.564897537,3.511261463,2.561509371
15:10:45,2.564504862,3.511694431,2.561861038
15:10:45,2.56457448,3.510599136,2.562684298
15:10:45,2.56401515,3.510042906,2.563821793
15:10:45,2.564663172,3.510509729,2.563271761
15:10:45,2.564644575,3.512014151,2.562339783
15:10:45,2.565232038,3.513047695,2.562302113
15:10:45,2.565299511,3.512694597,2.561825991
15:10:45,2.564421415,3.512701273,2.562273026
15:10:45,2.564753532,3.512316704,2.56288147
15:10:45,2.564658642,3.511400223,2.562454224
15:10:45,2.564825535,3.511615515,2.561509848
15:10:45,2.564621449,3.51187396,2.562363625
15:10:45,2.564538956,3.511024952,2.562448978
15:10:45,2.564661026,3.511850357,2.562552929
15:10:45,2.564579725,3.511191607,2.560611248
15:10:45,2.564123869,3.51089406,2.562902212
15:10:45,2.564881086,3.510540247,2.562837839
15:10:45,2.56466651,3.511519432,2.5614748
15:10:45,2.56475544,3.512148619,2.562279463
15:10:45,2.565132141,3.512470961,2.563007832
15:10:45,2.565544605,3.512140036,2.563109636
15:10:45,2.564225674,3.51115489,2.563941717
15:10:45,2.56470108,3.511274815,2.562524557
15:10:45,2.564171553,3.511667728,2.563012362
15:10:45,2.565589905,3.512798309,2.561765194
15:10:45,2.564487934,3.512049437,2.56337285
15:10:45,2.565706253,3.511429548,2.562917948
15:10:45,2.565850258,3.510983467,2.564033031
15:10:45,2.563921928,3.510042906,2.561695099
15:10:45,2.563988447,3.510458708,2.562267542
15:10:45,2.564517021,3.510603666,2.562915325
15:10:45,2.56555891,3.511405468,2.563110352
15:10:45,2.56438899,3.511620045,2.563609838
15:10:45,2.564733744,3.511365175,2.562424421
15:10:45,2.564965248,3.511638403,2.561609745
15:10:45,2.564227581,3.511302471,2.56247735
15:10:45,2.564644575,3.511972904,2.563286304
15:10:45,2.563678741,3.511496305,2.564180136
15:10:45,2.564540863,3.511160851,2.563164711
15:10:45,2.56475687,3.511229277,2.562796831
15:10:45,2.564164639,3.510365486,2.561635494
15:10:45,2.564244986,3.510869741,2.561284304
15:10:45,2.565075874,3.511184216,2.563678503
15:10:45,2.565599203,3.51149416,2.562657356
15:10:45,2.564682245,3.511970997,2.561197758
15:10:45,2.56417799,3.510495901,2.562414408
15:10:45,2.564991474,3.511991978,2.56333518
15:10:45,2.564448833,3.510927439,2.561990023
15:10:45,2.564628124,3.511630535,2.561976194
15:10:45,2.564898252,3.509983778,2.561667442
15:10:45,2.564392805,3.510455608,2.563331127
15:10:45,2.563985348,3.510628223,2.562276602
15:10:45,2.564517021,3.512157679,2.563415766
15:10:45,2.564518452,3.511291265,2.562756538
15:10:45,2.564392805,3.510762215,2.562150717
15:10:46,2.564114571,3.508992672,2.561820269
15:10:46,2.564453363,3.510339975,2.560789108
15:10:46,2.564239502,3.510713816,2.561900139
15:10:46,2.56478858,3.511583328,2.562738657
15:10:46,2.564356565,3.511944294,2.562333345
15:10:46,2.564474821,3.512197733,2.561939716
15:10:46,2.564513922,3.511307716,2.561083317
15:10:46,2.564470768,3.511317968,2.562218666
15:10:46,2.565481901,3.511661768,2.561790466
15:10:46,2.563745975,3.511218786,2.561285734
15:10:46,2.564091206,3.510578871,2.561984777
15:10:46,2.563992977,3.510619879,2.561112881
15:10:46,2.563286304,3.510781765,2.560978174
15:10:46,2.563247204,3.510406494,2.5616045
15:10:46,2.563488483,3.510435343,2.560298443
15:10:46,2.563761711,3.510595083,2.561462164
15:10:46,2.564523697,3.511214972,2.561358929
15:10:46,2.564028978,3.510566473,2.561404705
15:10:46,2.56501317,3.510233879,2.563427687
15:10:46,2.564320087,3.509538889,2.562041759
15:10:46,2.564013481,3.508976221,2.561978579
15:10:46,2.564433098,3.509402275,2.561676025
15:10:46,2.564571857,3.509980202,2.561152697
15:10:46,2.563978434,3.510025978,2.562525511
15:10:46,2.564568281,3.51043129,2.561347246
15:10:46,2.563866854,3.510779858,2.562406063
15:10:46,2.563613892,3.510786057,2.561258554
15:10:46,2.564309359,3.510849476,2.561148882
15:10:46,2.564583302,3.509532213,2.561380863
15:10:46,2.563791037,3.51019001,2.561300993
15:10:46,2.56362319,3.509832621,2.561803579
15:10:46,2.564754248,3.510458708,2.562017441
15:10:46,2.564336061,3.510755539,2.562882185
15:10:46,2.564689636,3.510551929,2.563032866
15:10:46,2.565829992,3.51149869,2.562886715
15:10:46,2.564218283,3.511487007,2.561838388
15:10:46,2.563346386,3.511178493,2.561633587
15:10:46,2.564377069,3.510606289,2.560943365
15:10:46,2.564582586,3.509094954,2.560491323
15:10:46,2.562829018,3.508517742,2.5620296
15:10:46,2.563025236,3.509898186,2.561928511
15:10:46,2.564849377,3.511304379,2.561565399
15:10:46,2.563549757,3.511851072,2.561151981
15:10:46,2.562438488,3.511447906,2.561501503
15:10:46,2.564067841,3.510481358,2.561550379
15:10:46,2.563997984,3.511194468,2.561537743
15:10:46,2.564358473,3.510116816,2.56169796
15:10:46,2.564035416,3.511219501,2.563054562
15:10:46,2.565017223,3.511623383,2.562631607
15:10:46,2.56454277,3.510838509,2.559977055
15:10:46,2.562886953,3.509201288,2.561146259
15:10:46,2.564401627,3.510621786,2.561617851
15:10:46,2.563807487,3.510293722,2.562480688
15:10:46,2.564870358,3.509817839,2.561168909
15:10:46,2.564861298,3.509053946,2.561508656
15:10:46,2.564094067,3.5102458,2.561908007
15:10:46,2.564144373,3.511398792,2.561888933
15:10:46,2.563531399,3.509714842,2.561358213
15:10:46,2.563503027,3.509399652,2.562181234
15:10:46,2.563090086,3.50912571,2.562470913
15:10:46,2.563935757,3.509147406,2.560836792
15:10:46,2.563322544,3.510758638,2.561514616
15:10:46,2.563708544,3.510326147,2.561724186
15:10:46,2.56414485,3.509352207,2.561345816
15:10:46,2.563985348,3.509422541,2.561671734
15:10:46,2.564493418,3.5104599,2.561573982
15:10:46,2.563684464,3.510252714,2.563468218
15:10:46,2.56368804,3.509571314,2.562395334
15:10:46,2.564463615,3.510354519,2.562751293
15:10:46,2.564850569,3.510171175,2.561693668
15:10:46,2.563950062,3.510621786,2.560793877
15:10:46,2.564157009,3.511326551,2.560901642
15:10:46,2.564394236,3.511208534,2.561728954
15:10:46,2.563484192,3.511597395,2.561353207
15:10:46,2.564101458,3.510951996,2.562120438
15:10:46,2.563745975,3.510858536,2.562045574
15:10:46,2.564281225,3.510772705,2.562101126
15:10:46,2.564580441,3.511310339,2.56229496
15:10:46,2.564771652,3.511013985,2.562319994
15:10:46,2.564401865,3.510075808,2.562271833
15:10:46,2.56452632,3.510175705,2.56216979
15:10:46,2.563383102,3.509750366,2.56202507
15:10:46,2.564809084,3.509894371,2.561912775
15:10:46,2.564002991,3.510061979,2.561415434
15:10:46,2.563839197,3.510441065,2.562166691
15:10:46,2.564893723,3.511482239,2.563185215
15:10:46,2.564275265,3.511336803,2.561701536
15:10:46,2.565061092,3.512575865,2.562168598
15:10:46,2.563947439,3.510413647,2.562597275
15:10:46,2.564495087,3.511687994,2.561312199
15:10:46,2.564513922,3.510567188,2.561139822
15:10:46,2.565534592,3.510700703,2.562488079
15:10:46,2.564417124,3.510640383,2.562452793
15:10:46,2.565072298,3.511580944,2.56253171
15:10:46,2.563810825,3.51100421,2.561148882
15:10:46,2.564958334,3.511457682,2.561245203
15:10:46,2.565716267,3.512386084,2.562191248
15:10:46,2.565270185,3.51283884,2.561758757
15:10:46,2.565154076,3.510483503,2.561556339
15:10:46,2.564678907,3.508975029,2.561897993
15:10:46,2.563309908,3.508906126,2.562508345
15:10:46,2.563897848,3.510183096,2.56149745
15:10:46,2.564464092,3.511348724,2.561933279
15:10:46,2.564928055,3.511271238,2.562181234
15:10:46,2.56332922,3.511713266,2.562551737
15:10:46,2.564521074,3.510021448,2.562806129
15:10:46,2.564111471,3.510088205,2.562880754
15:10:46,2.564406157,3.511937618,2.562099934
15:10:46,2.56441927,3.511299849,2.56204915
15:10:46,2.565362215,3.511963129,2.562658787
15:10:46,2.565425634,3.512255669,2.561995983
15:10:46,2.563716173,3.512594223,2.563132286
15:10:46,2.564333439,3.511092663,2.562440395
15:10:46,2.563245773,3.510478258,2.562076092
15:10:46,2.563717604,3.509948969,2.562034369
15:10:46,2.564189911,3.510150909,2.562009811
15:10:46,2.564873934,3.511036873,2.561589956
15:10:46,2.565465689,3.510331392,2.561068058
15:10:46,2.564429045,3.5109694,2.562452316
15:10:47,2.564759016,3.509927034,2.563511133
15:10:47,2.564409256,3.5089221,2.563206911
15:10:47,2.564596415,3.508562565,2.562209606
15:10:47,2.564195156,3.508303881,2.56201458
15:10:47,2.563858271,3.509614944,2.562218189
15:10:47,2.563786268,3.510294914,2.561879635
15:10:47,2.565000534,3.512270451,2.562212944
15:10:47,2.564613581,3.512262106,2.562306881
15:10:47,2.564323664,3.51188755,2.563489199
15:10:47,2.564856529,3.511807203,2.562895298
15:10:47,2.563906431,3.510616541,2.561506748
15:10:47,2.565366745,3.511205912,2.562661171
15:10:47,2.564935446,3.511815071,2.562844515
15:10:47,2.565800667,3.511248827,2.562403202
15:10:47,2.565211535,3.511527538,2.560883522
15:10:47,2.56371212,3.512551785,2.561893463
15:10:47,2.565323591,3.512696505,2.562886238
15:10:47,2.565107107,3.513781786,2.562505722
15:10:47,2.565220118,3.512071609,2.562892199
15:10:47,2.565026522,3.511402845,2.562564373
15:10:47,2.565448523,3.511479139,2.562825203
15:10:47,2.565425634,3.511336327,2.564405441
15:10:47,2.5646348,3.510855675,2.564662695
15:10:47,2.565391302,3.510927439,2.562870741
15:10:47,2.566073895,3.512205124,2.563558102
15:10:47,2.564086914,3.511289358,2.562988281
15:10:47,2.5639956,3.510388136,2.561585665
15:10:47,2.565114737,3.511147022,2.562146187
15:10:47,2.564792633,3.511379957,2.562514782
15:10:47,2.56417942,3.511068821,2.562425137
15:10:47,2.56470871,3.511645555,2.563162088
15:10:47,2.564871311,3.511190891,2.562291622
15:10:47,2.566002846,3.512742758,2.561688423
15:10:47,2.565049648,3.511190891,2.562917233
15:10:47,2.56464386,3.510804653,2.562321424
15:10:47,2.565210819,3.510744333,2.563326597
15:10:47,2.564377546,3.511430264,2.56187892
15:10:47,2.565207005,3.511440754,2.563194275
15:10:47,2.563885212,3.511922121,2.561583996
15:10:47,2.565704346,3.512534857,2.562147379
15:10:47,2.564745665,3.512132883,2.563776255
15:10:47,2.56514883,3.510154009,2.562718391
15:10:47,2.565759182,3.510635376,2.562608004
15:10:47,2.565093279,3.510823965,2.563445568
15:10:47,2.564550161,3.510679245,2.563100576
15:10:47,2.565734148,3.512498856,2.563209534
15:10:47,2.565393209,3.513430595,2.562185764
15:10:47,2.565173864,3.512987137,2.563861132
15:10:47,2.565903902,3.51334691,2.563388824
15:10:47,2.565677404,3.513473034,2.563148737
15:10:47,2.564816236,3.513648033,2.564511538
15:10:47,2.565895319,3.513938904,2.561876297
15:10:47,2.565711737,3.513888597,2.563058138
15:10:47,2.564709425,3.511644125,2.56298542
15:10:47,2.56493187,3.512615919,2.563046932
15:10:47,2.564532995,3.512194872,2.564018965
15:10:47,2.565598726,3.513170242,2.562578678
15:10:47,2.565778494,3.513232946,2.562458754
15:10:47,2.565454006,3.512994051,2.562911272
15:10:47,2.565234661,3.513290405,2.56283474
15:10:47,2.565077305,3.51135397,2.563361645
15:10:47,2.565310478,3.511763096,2.563072681
15:10:47,2.565700293,3.511549234,2.562573433
15:10:47,2.565364122,3.511624098,2.56315136
15:10:47,2.565352201,3.512232065,2.563358545
15:10:47,2.566127777,3.512247801,2.563511133
15:10:47,2.564946651,3.513232231,2.563961983
15:10:47,2.565485477,3.511467695,2.561757326
15:10:47,2.564220905,3.51094985,2.562564373
15:10:47,2.563882113,3.510248423,2.562037706
15:10:47,2.564626217,3.511335135,2.562191248
15:10:47,2.565286398,3.512714863,2.56218648
15:10:47,2.565344334,3.511627197,2.562076569
15:10:47,2.565709114,3.512232542,2.562824726
15:10:47,2.565837145,3.511779308,2.563810587
15:10:47,2.56551671,3.511947632,2.562380314
15:10:47,2.565413475,3.512227535,2.563658714
15:10:47,2.565824032,3.511492014,2.562648058
15:10:47,2.565448523,3.511950254,2.563070059
15:10:47,2.564959764,3.511063337,2.562375069
15:10:47,2.564992666,3.511794806,2.562495232
15:10:47,2.564956427,3.511019945,2.561439991
15:10:47,2.565263748,3.51091814,2.563114166
15:10:47,2.564863205,3.5116992,2.562728167
15:10:47,2.564144373,3.510569811,2.562461615
15:10:47,2.564117908,3.511103392,2.561840773
15:10:47,2.56323123,3.510370731,2.562405348
15:10:47,2.564241648,3.511299849,2.56415987
15:10:47,2.56532836,3.511890173,2.562308788
15:10:47,2.565048456,3.512859821,2.562854528
15:10:47,2.565860987,3.512471437,2.561635017
15:10:47,2.56471467,3.511705399,2.562608242
15:10:47,2.564086199,3.511721849,2.563025713
15:10:47,2.564295769,3.511707067,2.560536623
15:10:47,2.564491987,3.512089252,2.561880827
15:10:47,2.565651417,3.512132168,2.561472893
15:10:47,2.565628529,3.511907101,2.562318325
15:10:47,2.564736366,3.511343956,2.562997341
15:10:47,2.564810991,3.510383129,2.561970234
15:10:47,2.565026522,3.510653734,2.562385321
15:10:47,2.56352067,3.511158943,2.563189507
15:10:47,2.563817978,3.510847569,2.563564539
15:10:47,2.564494133,3.510576963,2.562019825
15:10:47,2.564916372,3.510011673,2.563130379
15:10:47,2.566325426,3.509957075,2.563628912
15:10:47,2.564581871,3.512847424,2.563282251
15:10:47,2.565399885,3.512562275,2.562103748
15:10:47,2.56410861,3.512231588,2.562523842
15:10:47,2.564646006,3.512636662,2.561877728
15:10:47,2.564943314,3.511621952,2.562917948
15:10:47,2.563938141,3.510490417,2.561449766
15:10:47,2.565012455,3.511588335,2.563075304
15:10:47,2.563889503,3.511720657,2.562189102
15:10:47,2.564932585,3.511567354,2.56174469
15:10:47,2.564762831,3.513207436,2.562351704
15:10:47,2.564937353,3.51259017,2.562739372
15:10:47,2.563915253,3.510625601,2.562586069
15:10:47,2.563765764,3.511712074,2.562935829
15:10:47,2.564949036,3.511198759,2.561992884
15:10:48,2.565016031,3.511791229,2.562187672
15:10:48,2.565272808,3.511742115,2.563257933
15:10:48,2.565270901,3.511308908,2.561431646
15:10:48,2.564873219,3.511288404,2.562434196
15:10:48,2.563942194,3.511096954,2.562128305
15:10:48,2.564585209,3.510823965,2.562382221
15:10:48,2.564835548,3.510935068,2.561208248
15:10:48,2.564651251,3.511111736,2.562495708
15:10:48,2.564524651,3.510857344,2.562708855
15:10:48,2.564799786,3.511231899,2.562869549
15:10:48,2.564702034,3.511532068,2.563218117
15:10:48,2.563839197,3.512055159,2.561606407
15:10:48,2.56383276,3.511672974,2.562152386
15:10:48,2.562520981,3.512126446,2.561273336
15:10:48,2.566104412,3.511794329,2.562546968
15:10:48,2.565743446,3.512462378,2.562752485
15:10:48,2.566298246,3.513059855,2.562361717
15:10:48,2.566688061,3.51271534,2.562740564
15:10:48,2.564609528,3.51188159,2.563168526
15:10:48,2.565113783,3.510982752,2.56359911
15:10:48,2.564573288,3.51187396,2.563458204
15:10:48,2.56547451,3.510939598,2.562712193
15:10:48,2.565407753,3.511098862,2.562480688
15:10:48,2.564908028,3.510473251,2.564228058
15:10:48,2.565120935,3.511171341,2.563711405
15:10:48,2.564503193,3.512203217,2.563699484
15:10:48,2.564936638,3.512856483,2.563265324
15:10:48,2.564700127,3.511656523,2.563013077
15:10:48,2.564269781,3.51177454,2.563283682
15:10:48,2.564644575,3.513259649,2.563265324
15:10:48,2.564575434,3.513373852,2.563148022
15:10:48,2.566172123,3.512225628,2.562064648
15:10:48,2.565078735,3.510081291,2.562381506
15:10:48,2.564668417,3.510229588,2.562617779
15:10:48,2.56420064,3.511972904,2.562621593
15:10:48,2.564798594,3.512558699,2.563679695
15:10:48,2.565242529,3.512649775,2.563087225
15:10:48,2.565339088,3.512631178,2.561377764
15:10:48,2.564690828,3.512539864,2.562100649
15:10:48,2.565167904,3.511704683,2.562179804
15:10:48,2.564516306,3.511731625,2.563033581
15:10:48,2.56407094,3.511445761,2.561894417
15:10:48,2.563337088,3.509812832,2.562560081
15:10:48,2.564860582,3.51032877,2.562762022
15:10:48,2.564096928,3.509797096,2.563418627
15:10:48,2.565404892,3.510360718,2.562144756
15:10:48,2.565814018,3.511281013,2.563200235
15:10:48,2.565011263,3.510290384,2.561609745
15:10:48,2.565042973,3.51186657,2.563111782
15:10:48,2.563808203,3.513233423,2.562124252
15:10:48,2.56381464,3.512777567,2.561398268
15:10:48,2.564230919,3.512414932,2.562062025
15:10:48,2.56420064,3.511600494,2.56247139
15:10:48,2.565297365,3.510457516,2.562726021
15:10:48,2.565268993,3.510384321,2.562353134
15:10:48,2.565673828,3.511778593,2.562627792
15:10:48,2.565205574,3.511665106,2.563083649
15:10:48,2.564032078,3.511824369,2.562897444
15:10:48,2.564306974,3.509687424,2.562410831
15:10:48,2.563582897,3.510765791,2.561264992
15:10:48,2.564422369,3.510169744,2.561688423
15:10:48,2.564274073,3.510155916,2.56145978
15:10:48,2.564258575,3.509142876,2.561900854
15:10:48,2.564267397,3.510902405,2.562271833
15:10:48,2.565337181,3.51124382,2.562044382
15:10:48,2.563689709,3.511038303,2.562352419
15:10:48,2.564365625,3.511358976,2.563408613
15:10:48,2.564295769,3.511453629,2.561295033
15:10:48,2.564945221,3.51123333,2.56243062
15:10:48,2.565584898,3.511793852,2.562670469
15:10:48,2.565367222,3.511313438,2.562608242
15:10:48,2.564637184,3.511073828,2.563692331
15:10:48,2.56434989,3.511184692,2.562713623
15:10:48,2.563938141,3.510854959,2.562785625
15:10:48,2.564809084,3.511297941,2.562664032
15:10:48,2.565111876,3.511176348,2.561996698
15:10:48,2.564640522,3.511383295,2.562538862
15:10:48,2.564514637,3.510210037,2.562802792
15:10:48,2.56515789,3.510975599,2.562681198
15:10:48,2.564225674,3.511496305,2.56181407
15:10:48,2.56482172,3.510853052,2.563152552
15:10:48,2.564472198,3.511338234,2.562456131
15:10:48,2.565295935,3.5111835,2.563679695
15:10:48,2.564476728,3.511651993,2.563420534
15:10:48,2.565029144,3.511273146,2.562793016
15:10:48,2.565196753,3.511446714,2.562783003
15:10:48,2.564408779,3.510782957,2.563031673
15:10:48,2.564776897,3.510167122,2.563724518
15:10:48,2.5639112,3.511609793,2.562139511
15:10:48,2.564271212,3.51090169,2.562431335
15:10:48,2.564493418,3.511561871,2.563108921
15:10:48,2.565595388,3.512807369,2.564067125
15:10:48,2.565187693,3.512451887,2.561173916
15:10:48,2.563389778,3.51188159,2.561978102
15:10:48,2.564810991,3.511999607,2.562507629
15:10:48,2.565237761,3.511463404,2.561967373
15:10:48,2.565087795,3.512006521,2.562829971
15:10:48,2.565553188,3.511400223,2.562277555
15:10:48,2.565020561,3.511322021,2.560973167
15:10:48,2.565803528,3.511140823,2.562070608
15:10:48,2.56592083,3.509143114,2.562107801
15:10:48,2.564949036,3.508494139,2.562169313
15:10:48,2.562156916,3.507232189,2.560160875
15:10:48,2.562192678,3.508846521,2.562311411
15:10:48,2.564056635,3.512549639,2.563424587
15:10:48,2.565957308,3.512649059,2.563928604
15:10:48,2.566755772,3.51279974,2.563402653
15:10:48,2.566160679,3.51091671,2.562165976
15:10:48,2.565593958,3.512097836,2.562960148
15:10:48,2.564417124,3.511203051,2.562146902
15:10:48,2.564368486,3.510965824,2.563479185
15:10:48,2.565962076,3.511777878,2.563449621
15:10:48,2.565471888,3.511879683,2.562585354
15:10:48,2.565785646,3.512470245,2.56370306
15:10:48,2.565697193,3.511134624,2.563113213
15:10:48,2.565452814,3.512754679,2.562016487
15:10:49,2.565629721,3.51200223,2.562567949
15:10:49,2.566449404,3.512831688,2.563914537
15:10:49,2.564795256,3.511621952,2.563367605
15:10:49,2.564674854,3.511653423,2.563523769
15:10:49,2.565783739,3.513151884,2.564513206
15:10:49,2.565634966,3.51127553,2.563770294
15:10:49,2.564598083,3.511197329,2.56230545
15:10:49,2.563926935,3.510474443,2.561990499
15:10:49,2.56355834,3.510675907,2.563036919
15:10:49,2.562324286,3.50955224,2.561196327
15:10:49,2.563557625,3.509193897,2.560707808
15:10:49,2.564123869,3.510488749,2.561823368
15:10:49,2.56387949,3.51019311,2.560816765
15:10:49,2.564813137,3.512155771,2.56384325
15:10:49,2.564684153,3.511997223,2.563788176
15:10:49,2.565893888,3.51162982,2.564527035
15:10:49,2.565148115,3.511684656,2.562896252
15:10:49,2.564267874,3.508630514,2.561119795
15:10:49,2.562850952,3.508676767,2.562001228
15:10:49,2.563610554,3.508300304,2.561110258
15:10:49,2.563346386,3.509658813,2.560491323
15:10:49,2.564833641,3.511891603,2.562576294
15:10:49,2.565188885,3.510264397,2.561035156
15:10:49,2.564765453,3.510054111,2.560814857
15:10:49,2.565208673,3.511602402,2.562933207
15:10:49,2.564674854,3.511490822,2.56271553
15:10:49,2.565159082,3.511841297,2.563322544
15:10:49,2.565548182,3.510927439,2.563733578
15:10:49,2.566181421,3.512865305,2.563434839
15:10:49,2.565424919,3.511510372,2.562199593
15:10:49,2.565966129,3.513070583,2.563947678
15:10:49,2.56394887,3.511536598,2.562424421
15:10:49,2.565188169,3.512705088,2.563577175
15:10:49,2.564456224,3.512306929,2.562158823
15:10:49,2.563887358,3.511580944,2.561633587
15:10:49,2.56337285,3.510278702,2.56142807
15:10:49,2.564151049,3.510986567,2.560826778
15:10:49,2.564022303,3.50878644,2.561085939
15:10:49,2.564390898,3.510132313,2.561901569
15:10:49,2.56387043,3.510705948,2.563482761
15:10:49,2.563365459,3.51137495,2.561958313
15:10:49,2.564451694,3.512639999,2.562250614
15:10:49,2.563573599,3.5117383,2.561362505
15:10:49,2.564743519,3.510308027,2.560175419
15:10:49,2.564305782,3.511247396,2.561611891
15:10:49,2.5627563,3.51005888,2.56106019
15:10:49,2.563094378,3.509827137,2.561004162
15:10:49,2.563136816,3.511289358,2.562473536
15:10:49,2.563334227,3.511346579,2.561732054
15:10:49,2.564464808,3.511805296,2.562857628
15:10:49,2.56485343,3.509774923,2.563046932
15:10:49,2.563994408,3.509769201,2.562316179
15:10:49,2.563343048,3.509821892,2.562141657
15:10:49,2.563023806,3.509269238,2.560808897
15:10:49,2.56349802,3.511251688,2.561738014
15:10:49,2.564285994,3.510566473,2.562304258
15:10:49,2.565309286,3.511472464,2.563051701
15:10:49,2.564902306,3.51127553,2.562638283
15:10:49,2.566177368,3.511100054,2.561987638
15:10:49,2.563843727,3.509588957,2.561810255
15:10:49,2.56414628,3.508971214,2.562232971
15:10:49,2.56390214,3.510063171,2.562002659
15:10:49,2.563964844,3.510782957,2.56150794
15:10:49,2.565001249,3.511137962,2.563075304
15:10:49,2.565305471,3.510966539,2.563317299
15:10:49,2.566515923,3.512655497,2.564905882
15:10:49,2.565896749,3.512859106,2.564108849
15:10:49,2.565352201,3.512409449,2.563589573
15:10:49,2.565431595,3.511758327,2.562376261
15:10:49,2.565303802,3.511871815,2.563145876
15:10:49,2.565743446,3.512539864,2.563410521
15:10:49,2.564880371,3.511908293,2.562308788
15:10:49,2.564384699,3.511414051,2.561860561
15:10:49,2.564555407,3.51114893,2.56274128
15:10:49,2.56445241,3.51165843,2.561034441
15:10:49,2.563886642,3.511652708,2.563462257
15:10:49,2.564111471,3.511184216,2.561816692
15:10:49,2.566157579,3.51222229,2.564616919
15:10:49,2.565357447,3.51326108,2.563007832
15:10:49,2.56648612,3.512853384,2.563978672
15:10:49,2.565937757,3.512510538,2.563359737
15:10:49,2.56551075,3.512376785,2.5632658
15:10:49,2.563691616,3.512408257,2.563831329
15:10:49,2.565514088,3.513092041,2.56255722
15:10:49,2.566187859,3.513758183,2.563788176
15:10:49,2.565839529,3.513000011,2.563349009
15:10:49,2.565653563,3.51244998,2.564239979
15:10:49,2.565701962,3.512197733,2.563451052
15:10:49,2.565751314,3.511416912,2.562943697
15:10:49,2.564781427,3.512551069,2.562597752
15:10:49,2.565222502,3.511916399,2.564091682
15:10:49,2.564775944,3.511918068,2.562082529
15:10:49,2.564897537,3.513027906,2.562255859
15:10:49,2.564531088,3.51268363,2.5628016
15:10:49,2.565046072,3.511779308,2.563400269
15:10:49,2.565688372,3.511991978,2.56236434
15:10:49,2.565233946,3.510684967,2.562814474
15:10:49,2.564980745,3.509254456,2.563324451
15:10:49,2.562584877,3.507644176,2.561570168
15:10:49,2.563162565,3.509186506,2.561696291
15:10:49,2.564095974,3.508937359,2.560856581
15:10:49,2.563922405,3.51129508,2.562358379
15:10:49,2.564208508,3.510718346,2.561166525
15:10:49,2.563902617,3.510371447,2.561589956
15:10:49,2.565047741,3.50935936,2.560834646
15:10:49,2.5655334,3.510852098,2.562200308
15:10:49,2.563861609,3.510079145,2.562788248
15:10:49,2.563681841,3.509913921,2.561714888
15:10:49,2.566388369,3.514091015,2.563620329
15:10:49,2.565925121,3.515455723,2.564430952
15:10:49,2.565379858,3.514255285,2.564231157
15:10:49,2.56586647,3.514628172,2.563649416
15:10:49,2.56500721,3.513499022,2.56330061
15:10:49,2.565173864,3.513133764,2.564004421
15:10:49,2.564343214,3.512546539,2.562584639
15:10:49,2.565805674,3.513434649,2.563099146
15:10:49,2.565615177,3.513377905,2.563419819
15:10:49,2.566197872,3.51305747,2.564120293
15:10:49,2.566182137,3.511569977,2.56380868
15:10:50,2.565382004,3.509534836,2.562217474
15:10:50,2.565101147,3.511104584,2.561351061
15:10:50,2.564616919,3.511123657,2.561379671
15:10:50,2.56449008,3.511164665,2.562463999
15:10:50,2.564869642,3.512408257,2.562278271
15:10:50,2.565702677,3.512755394,2.562180519
15:10:50,2.565657616,3.51294136,2.563230753
15:10:50,2.565909863,3.511116505,2.563583851
15:10:50,2.565947771,3.511834145,2.563444376
15:10:50,2.564314127,3.511180401,2.564688206
15:10:50,2.563822031,3.5097754,2.562330723
15:10:50,2.563457251,3.509997368,2.561802149
15:10:50,2.565066814,3.512489796,2.56222105
15:10:50,2.565113783,3.512015581,2.563693523
15:10:50,2.567730188,3.513711929,2.564142704
15:10:50,2.565567732,3.512751579,2.563937664
15:10:50,2.565393925,3.513079166,2.562982798
15:10:50,2.565061092,3.510565281,2.561753988
15:10:50,2.564277172,3.511467934,2.562873125
15:10:50,2.564772844,3.511796713,2.563253164
15:10:50,2.563220739,3.510887861,2.562736034
15:10:50,2.56486845,3.512059927,2.561627388
15:10:50,2.564671516,3.511250019,2.561347246
15:10:50,2.564464808,3.511766911,2.561613798
15:10:50,2.563808203,3.511276245,2.563738108
15:10:50,2.564291,3.511327744,2.563637495
15:10:50,2.563331604,3.510703802,2.561518431
15:10:50,2.564583302,3.512273312,2.562388182
15:10:50,2.565085888,3.511886835,2.562384844
15:10:50,2.56612587,3.511408567,2.562426567
15:10:50,2.565217018,3.511133909,2.562890768
15:10:50,2.566692829,3.513226986,2.564362288
15:10:50,2.565423012,3.512753248,2.564634562
15:10:50,2.565475225,3.512022018,2.564818621
15:10:50,2.565418959,3.513801813,2.564746141
15:10:50,2.565654755,3.514178514,2.563382387
15:10:50,2.56552124,3.513612032,2.564352274
15:10:50,2.566001177,3.513805866,2.563730001
15:10:50,2.566050053,3.513077736,2.564880848
15:10:50,2.566733837,3.512770414,2.5648067
15:10:50,2.56631279,3.511259794,2.563354254
15:10:50,2.565772533,3.510416269,2.564664364
15:10:50,2.566956997,3.51149869,2.564225435
15:10:50,2.566414833,3.509909868,2.563484669
15:10:50,2.566277266,3.511531353,2.564380646
15:10:50,2.566284418,3.512216568,2.563807964
15:10:50,2.566141605,3.512909889,2.564692259
15:10:50,2.565412521,3.513830662,2.563216925
15:10:50,2.565555096,3.514081955,2.563637495
15:10:50,2.565195084,3.515641212,2.563726664
15:10:50,2.566717863,3.516366005,2.563649416
15:10:50,2.565376043,3.516747713,2.563052654
15:10:50,2.564108133,3.513758183,2.563225508
15:10:50,2.565629244,3.513504982,2.562099934
15:10:50,2.564602852,3.513343334,2.561813354
15:10:50,2.56384325,3.511943102,2.562134266
15:10:50,2.564262629,3.511573076,2.562207699
15:10:50,2.565294027,3.510548353,2.561623812
15:10:50,2.564477444,3.508860111,2.562135458
15:10:50,2.565346241,3.510848761,2.562878132
15:10:50,2.566009521,3.510610819,2.562968731
15:10:50,2.564861298,3.509862423,2.562234879
15:10:50,2.56421113,3.508791685,2.563388824
15:10:50,2.565377235,3.5104568,2.564172268
15:10:50,2.565291166,3.510354996,2.563467503
15:10:50,2.564646006,3.511999607,2.564269066
15:10:50,2.564521074,3.514771461,2.564277649
15:10:50,2.564628601,3.514366865,2.562275887
15:10:50,2.565841913,3.514616251,2.562339783
15:10:50,2.565613985,3.514496565,2.562556505
15:10:50,2.565705538,3.512135029,2.563919306
15:10:50,2.565054893,3.510838985,2.563750744
15:10:50,2.56512475,3.509776831,2.565131903
15:10:50,2.565609694,3.509440184,2.563737154
15:10:50,2.565242529,3.510721684,2.56371665
15:10:50,2.565194368,3.511323929,2.563298941
15:10:50,2.566177368,3.512686729,2.56374836
15:10:50,2.565915108,3.513185978,2.561560869
15:10:50,2.56515193,3.51200819,2.563242674
15:10:50,2.565568686,3.512840271,2.564718008
15:10:50,2.565029144,3.514745951,2.561836004
15:10:50,2.564019918,3.513930321,2.560546875
15:10:50,2.564283848,3.514731646,2.561378956
15:10:50,2.56425786,3.515084028,2.562204361
15:10:50,2.565455675,3.51176095,2.562275887
15:10:50,2.565096378,3.512168884,2.562790871
15:10:50,2.564715385,3.50984621,2.562943697
15:10:50,2.56438756,3.509109497,2.561747551
15:10:50,2.564411879,3.5086658,2.562706947
15:10:50,2.564809084,3.509085894,2.563147306
15:10:50,2.564123869,3.509075403,2.561964273
15:10:50,2.564221621,3.509759426,2.562628746
15:10:50,2.564976215,3.509599447,2.561749458
15:10:50,2.563713074,3.511323929,2.562859058
15:10:50,2.564331293,3.511894941,2.561823845
15:10:50,2.564930677,3.512827635,2.562621593
15:10:50,2.565052032,3.513041973,2.563419342
15:10:50,2.565094948,3.511698484,2.561095953
15:10:50,2.564740419,3.509584427,2.56106925
15:10:50,2.564081192,3.509337664,2.560687065
15:10:50,2.564299107,3.508382559,2.561019659
15:10:50,2.56424284,3.508194923,2.562629461
15:10:50,2.564686775,3.509427309,2.562540293
15:10:50,2.564691305,3.509218931,2.56291914
15:10:50,2.564327478,3.511426926,2.562345266
15:10:50,2.564249516,3.512104988,2.563176394
15:10:50,2.564949036,3.512006521,2.562166691
15:10:50,2.564720631,3.512665272,2.563210249
15:10:50,2.565107584,3.510935545,2.561810255
15:10:50,2.564732552,3.511274099,2.563308954
15:10:50,2.564582586,3.512532949,2.563413382
15:10:50,2.564256907,3.512797594,2.56294775
15:10:50,2.564269781,3.515156269,2.561823845
15:10:50,2.564437151,3.515859842,2.562804222
15:10:50,2.564810991,3.515053272,2.562593699
15:10:51,2.565647602,3.514200449,2.562368393
15:10:51,2.564962387,3.512702465,2.563224077
15:10:51,2.566150904,3.511753798,2.564148426
15:10:51,2.565894604,3.510448456,2.564738512
15:10:51,2.565985203,3.509232759,2.564313889
15:10:51,2.565360785,3.510027647,2.564145565
15:10:51,2.565197468,3.510694027,2.563972712
15:10:51,2.565270185,3.513088226,2.56377244
15:10:51,2.565652847,3.514289379,2.563660622
15:10:51,2.565495014,3.514195919,2.563522339
15:10:51,2.566623926,3.515249968,2.563967466
15:10:51,2.565860271,3.513063908,2.563346386
15:10:51,2.566095352,3.512125731,2.562754631
15:10:51,2.563598394,3.509806156,2.559788465
15:10:51,2.563806057,3.510328054,2.560997963
15:10:51,2.564495087,3.511414528,2.562818766
15:10:51,2.564352989,3.510587215,2.562584639
15:10:51,2.565048456,3.510350227,2.562811613
15:10:51,2.56413269,3.508822441,2.562909365
15:10:51,2.56428504,3.508398294,2.56240797
15:10:51,2.56475544,3.509301901,2.562178612
15:10:51,2.564332724,3.509312391,2.562178612
15:10:51,2.564532995,3.509957075,2.561096668
15:10:51,2.563966751,3.510105133,2.561789036
15:10:51,2.563697815,3.5108006,2.56187892
15:10:51,2.564184427,3.512847424,2.562406778
15:10:51,2.563609838,3.511771679,2.561105728
15:10:51,2.563446045,3.513476372,2.563120365
15:10:51,2.56438756,3.514539719,2.562614441
15:10:51,2.565170527,3.513788223,2.561718464
15:10:51,2.566170692,3.513433933,2.561986923
15:10:51,2.565025806,3.511645555,2.563156605
15:10:51,2.566022158,3.50805378,2.562109232
15:10:51,2.565376043,3.50628233,2.563174009
15:10:51,2.564903736,3.506797075,2.563875675
15:10:51,2.564115524,3.508104563,2.562863588
15:10:51,2.56415391,3.50881958,2.562822104
15:10:51,2.564934015,3.509571314,2.56208992
15:10:51,2.563904762,3.509569407,2.562504053
15:10:51,2.564028978,3.512337923,2.563095808
15:10:51,2.564047337,3.512228251,2.563204288
15:10:51,2.563965559,3.511162043,2.561788321
15:10:51,2.562945843,3.50984931,2.560544252
15:10:51,2.56363368,3.510463476,2.562429428
15:10:51,2.563659906,3.511780739,2.56095624
15:10:51,2.563467264,3.511117697,2.561377764
15:10:51,2.565768957,3.510008812,2.562433004
15:10:51,2.566158056,3.509923697,2.562377691
15:10:51,2.564907312,3.509869576,2.562529087
15:10:51,2.564803362,3.509632111,2.562767744
15:10:51,2.564867258,3.509893656,2.562641382
15:10:51,2.564800501,3.511706352,2.563258648
15:10:51,2.565757036,3.512515306,2.565035582
15:10:51,2.564067841,3.513454914,2.563076496
15:10:51,2.564362526,3.512879372,2.561765194
15:10:51,2.564711809,3.514922857,2.562850952
15:10:51,2.565404177,3.51328969,2.562960148
15:10:51,2.565262318,3.51319313,2.563529015
15:10:51,2.564690351,3.513455629,2.562578678
15:10:51,2.564680815,3.513084888,2.561972141
15:10:51,2.566611052,3.513467073,2.562653303
15:10:51,2.565320015,3.5111444,2.562704086
15:10:51,2.565899849,3.511122942,2.560999393
15:10:51,2.565459251,3.509564877,2.563794851
15:10:51,2.564837933,3.509183407,2.563315392
15:10:51,2.565140009,3.509108067,2.564073324
15:10:51,2.56455636,3.508706808,2.563863516
15:10:51,2.564032078,3.509517431,2.562685013
15:10:51,2.564823151,3.51043725,2.562620401
15:10:51,2.564374447,3.510694027,2.562265158
15:10:51,2.565665483,3.513526678,2.562334538
15:10:51,2.564986944,3.514144897,2.562753677
15:10:51,2.564768076,3.513050795,2.56192255
15:10:51,2.564686775,3.513557911,2.562718868
15:10:51,2.565893412,3.511805296,2.56302166
15:10:51,2.564485073,3.511943102,2.561499357
15:10:51,2.565034151,3.510845184,2.562628269
15:10:51,2.566061974,3.512037754,2.563237429
15:10:51,2.56544733,3.510776997,2.563044786
15:10:51,2.565176964,3.509366512,2.564624786
15:10:51,2.565385103,3.510558605,2.563149929
15:10:51,2.564040661,3.510581255,2.562406778
15:10:51,2.563983917,3.512176514,2.562645435
15:10:51,2.563843727,3.513459444,2.562900543
15:10:51,2.564984322,3.513148308,2.562321424
15:10:51,2.564772129,3.513524771,2.563009262
15:10:51,2.565220594,3.513704062,2.562779903
15:10:51,2.564678907,3.514251471,2.56284976
15:10:51,2.564069033,3.512464285,2.56251049
15:10:51,2.564813137,3.512723923,2.561004162
15:10:51,2.564092159,3.510704756,2.560765982
15:10:51,2.564817667,3.511336803,2.561664104
15:10:51,2.565315723,3.510339975,2.563238382
15:10:51,2.56521225,3.510405779,2.563449621
15:10:51,2.565470457,3.51055932,2.562482119
15:10:51,2.564952612,3.509245634,2.564341784
15:10:51,2.564976931,3.509930134,2.564852238
15:10:51,2.564855337,3.509096384,2.563376904
15:10:51,2.564548731,3.511487007,2.562938452
15:10:51,2.564473867,3.511590242,2.560122252
15:10:51,2.564661503,3.511533976,2.561208963
15:10:51,2.564828873,3.511051655,2.562980652
15:10:51,2.564320087,3.511294603,2.562752962
15:10:51,2.564256191,3.512174606,2.562959433
15:10:51,2.565060377,3.511229277,2.562854528
15:10:51,2.565329075,3.509602547,2.561089993
15:10:51,2.564412594,3.511186123,2.561730146
15:10:51,2.565373898,3.511121035,2.563755512
15:10:51,2.564791441,3.51280117,2.563201427
15:10:51,2.564628601,3.51412344,2.563038349
15:10:51,2.564989567,3.514103413,2.563124418
15:10:51,2.563735962,3.512874126,2.563467503
15:10:51,2.563707113,3.511057138,2.563925743
15:10:51,2.564012766,3.512303352,2.562046289
15:10:51,2.564620018,3.513717651,2.562968731
15:10:51,2.565144777,3.51341939,2.563171148
15:10:51,2.565889835,3.512723923,2.561980724
15:10:51,2.565385103,3.511961937,2.562149525
15:10:51,2.564823151,3.511550903,2.563137531
15:10:52,2.565089226,3.509960175,2.5617342
15:10:52,2.565081358,3.51004982,2.561291933
15:10:52,2.565232515,3.511124849,2.562891483
15:10:52,2.56598115,3.512419224,2.562993765
15:10:52,2.565286398,3.511434078,2.564030886
15:10:52,2.56606555,3.511101961,2.563520908
15:10:52,2.564198017,3.511904716,2.564028978
15:10:52,2.564893007,3.510869026,2.562992573
15:10:52,2.564824343,3.510041714,2.562833786
15:10:52,2.564986944,3.511860132,2.564216137
15:10:52,2.565671921,3.511073828,2.562752485
15:10:52,2.564660311,3.511206388,2.562345266
15:10:52,2.564844847,3.51176095,2.562027693
15:10:52,2.564504623,3.511584044,2.561167955
15:10:52,2.5640347,3.512502193,2.561261415
15:10:52,2.565018654,3.511637688,2.562576771
15:10:52,2.564900875,3.51116395,2.561732769
15:10:52,2.565481901,3.511060238,2.561654806
15:10:52,2.566118717,3.51162529,2.563792706
15:10:52,2.566808224,3.512741089,2.564575911
15:10:52,2.566096783,3.512544632,2.563424587
15:10:52,2.565229177,3.51126647,2.56474185
15:10:52,2.564498425,3.513439655,2.563888073
15:10:52,2.565226793,3.513558388,2.56291914
15:10:52,2.565362215,3.513979435,2.562879562
15:10:52,2.565805674,3.515418053,2.562979937
15:10:52,2.565281391,3.514978886,2.562716007
15:10:52,2.565804958,3.514990091,2.563975334
15:10:52,2.566262007,3.51317358,2.561909437
15:10:52,2.56645298,3.513351202,2.562937737
15:10:52,2.565347433,3.51303196,2.564321995
15:10:52,2.565653563,3.511695623,2.563885689
15:10:52,2.566458941,3.512023926,2.565169811
15:10:52,2.566443682,3.509299994,2.56163168
15:10:52,2.565934181,3.510770082,2.562620878
15:10:52,2.566045284,3.512262106,2.56219244
15:10:52,2.565589905,3.510999441,2.562105179
15:10:52,2.564860582,3.51104331,2.563073158
15:10:52,2.564333916,3.511427402,2.561991215
15:10:52,2.565137386,3.511807203,2.563168526
15:10:52,2.564936638,3.51035881,2.562913895
15:10:52,2.563901186,3.510919333,2.564363003
15:10:52,2.565778494,3.512512445,2.56265521
15:10:52,2.564774036,3.513117552,2.562507629
15:10:52,2.564729214,3.512227058,2.562124968
15:10:52,2.564686775,3.512007713,2.561868191
15:10:52,2.564747572,3.511008739,2.562939167
15:10:52,2.565843105,3.510650635,2.56199789
15:10:52,2.56504178,3.510575056,2.562729359
15:10:52,2.564427853,3.510676622,2.563635349
15:10:52,2.565527201,3.511677504,2.563566208
15:10:52,2.564970732,3.512294531,2.563402653
15:10:52,2.564854145,3.512524605,2.564638138
15:10:52,2.564585209,3.512313128,2.562585354
15:10:52,2.563654184,3.511278152,2.562449694
15:10:52,2.56329608,3.511503458,2.562128305
15:10:52,2.565005302,3.511987925,2.561343193
15:10:52,2.564922094,3.512233973,2.561588526
15:10:52,2.564725161,3.512452602,2.56047225
15:10:52,2.563287973,3.511895657,2.560738802
15:10:52,2.5648911,3.509630203,2.561749458
15:10:52,2.564791441,3.508958101,2.560908794
15:10:52,2.564252615,3.508683681,2.561726093
15:10:52,2.564797878,3.510875702,2.563177586
15:10:52,2.565624952,3.510494709,2.56319499
15:10:52,2.565187693,3.51110673,2.564285517
15:10:52,2.565637589,3.510130644,2.563152552
15:10:52,2.564414501,3.509794474,2.564387321
15:10:52,2.563914776,3.510362148,2.563034296
15:10:52,2.564129353,3.510562897,2.563951969
15:10:52,2.564903736,3.513429165,2.56281352
15:10:52,2.56452632,3.513854504,2.563628197
15:10:52,2.56546998,3.513717651,2.563537121
15:10:52,2.566174269,3.513729572,2.563551903
15:10:52,2.565648317,3.512453318,2.561052322
15:10:52,2.564770937,3.512243509,2.561640024
15:10:52,2.565805912,3.51267767,2.562266588
15:10:52,2.56512475,3.510734081,2.562339783
15:10:52,2.565431595,3.510507107,2.56251502
15:10:52,2.56500411,3.510035753,2.561019659
15:10:52,2.564513922,3.509659529,2.562505245
15:10:52,2.564963579,3.510606766,2.562395334
15:10:52,2.564287901,3.510108948,2.563107014
15:10:52,2.564037323,3.508869886,2.562456131
15:10:52,2.563799381,3.510724783,2.562750101
15:10:52,2.564302206,3.509050131,2.563683748
15:10:52,2.564048052,3.509759426,2.56188488
15:10:52,2.563521385,3.509772301,2.561243534
15:10:52,2.564105988,3.513501644,2.562756538
15:10:52,2.564526796,3.511975765,2.560965538
15:10:52,2.563956261,3.512892962,2.562382221
15:10:52,2.565698385,3.510714531,2.562945127
15:10:52,2.565665483,3.511126757,2.563644648
15:10:52,2.565310001,3.512405157,2.562720299
15:10:52,2.565459251,3.51160717,2.563460827
15:10:52,2.565650702,3.512129784,2.562043667
15:10:52,2.565372467,3.512430429,2.561686039
15:10:52,2.564704657,3.511320591,2.560103178
15:10:52,2.564763308,3.511517048,2.562384844
15:10:52,2.564424515,3.511247396,2.562399626
15:10:52,2.56471467,3.508872509,2.561138391
15:10:52,2.564238071,3.509002447,2.561513186
15:10:52,2.564894915,3.509251833,2.561992884
15:10:52,2.564454794,3.509994268,2.561765194
15:10:52,2.564525604,3.510585308,2.561852694
15:10:52,2.564949751,3.510967016,2.563274384
15:10:52,2.56488657,3.510786057,2.561978579
15:10:52,2.564259291,3.509699821,2.56428504
15:10:52,2.564616203,3.510486126,2.563718081
15:10:52,2.564639807,3.511244774,2.56358242
15:10:52,2.564303637,3.511544466,2.562374353
15:10:52,2.564404011,3.512934208,2.562652111
15:10:52,2.565553188,3.513855219,2.562871695
15:10:52,2.564675808,3.513991117,2.562295675
15:10:52,2.563984632,3.513119459,2.562219381
15:10:52,2.563640833,3.512637377,2.56143713
15:10:53,2.565641403,3.512151003,2.562007904
15:10:53,2.564916372,3.51198554,2.561077595
15:10:53,2.565353394,3.510875702,2.562286377
15:10:53,2.565080166,3.508650064,2.560800314
15:10:53,2.564937353,3.508797407,2.562589884
15:10:53,2.564924002,3.510632992,2.562074661
15:10:53,2.564446211,3.510244131,2.561756611
15:10:53,2.565186024,3.508956909,2.563292027
15:10:53,2.5635252,3.508397102,2.562356472
15:10:53,2.563941479,3.50914216,2.562976122
15:10:53,2.5644207,3.511930704,2.563801527
15:10:53,2.563604593,3.514084578,2.56230998
15:10:53,2.563685894,3.513306618,2.561556816
15:10:53,2.56392312,3.514121532,2.56179285
15:10:53,2.5641675,3.512942076,2.56226325
15:10:53,2.563094378,3.51248908,2.561994076
15:10:53,2.56375742,3.510877371,2.561306238
15:10:53,2.563877583,3.512530088,2.559520483
15:10:53,2.564604998,3.514490843,2.560997963
15:10:53,2.565560818,3.516379118,2.561071396
15:10:53,2.564942598,3.515179396,2.562464714
15:10:53,2.565969944,3.51217103,2.562702894
15:10:53,2.565373182,3.51119256,2.562112808
15:10:53,2.564525604,3.509087801,2.561444998
15:10:53,2.565005302,3.505401134,2.56153965
15:10:53,2.56441927,3.507336617,2.561526537
15:10:53,2.563960075,3.508076429,2.562942266
15:10:53,2.564174652,3.511315107,2.562882662
15:10:53,2.564600945,3.513084173,2.563876867
15:10:53,2.564296484,3.513352394,2.563056946
15:10:53,2.564797878,3.511466265,2.563823223
15:10:53,2.564358473,3.508323908,2.561991215
15:10:53,2.56457448,3.508857012,2.561456203
15:10:53,2.564965725,3.510865927,2.562123537
15:10:53,2.56573534,3.512063742,2.562255859
15:10:53,2.565169096,3.514321327,2.563083172
15:10:53,2.565378666,3.514402151,2.562632322
15:10:53,2.566648483,3.515049458,2.561834574
15:10:53,2.564485788,3.513288975,2.563076019
15:10:53,2.564435005,3.512050152,2.562470913
15:10:53,2.56456399,3.511368275,2.562443018
15:10:53,2.565323591,3.511705399,2.561181545
15:10:53,2.565154791,3.511851072,2.562739372
15:10:53,2.564919233,3.511911869,2.563321352
15:10:53,2.564924717,3.511207819,2.562767744
15:10:53,2.565237284,3.508943796,2.563337803
15:10:53,2.564864874,3.508895636,2.564064264
15:10:53,2.564364433,3.508790255,2.563262463
15:10:53,2.564194679,3.507797241,2.563536406
15:10:53,2.564597607,3.511013269,2.561015368
15:10:53,2.565046072,3.511738777,2.562091827
15:10:53,2.564436197,3.511759758,2.562620401
15:10:53,2.565327883,3.513525963,2.563083172
15:10:53,2.565135479,3.512384892,2.562404871
15:10:53,2.564026833,3.511389017,2.563541651
15:10:53,2.56483674,3.512233257,2.562021017
15:10:53,2.565066099,3.51265955,2.561908007
15:10:53,2.565182447,3.512723923,2.561998606
15:10:53,2.563899755,3.512509346,2.56302166
15:10:53,2.564414024,3.511292696,2.560193777
15:10:53,2.565101862,3.511006117,2.560204506
15:10:53,2.565214157,3.509092331,2.562255144
15:10:53,2.564293861,3.50782609,2.560644627
15:10:53,2.564526796,3.507525921,2.561378956
15:10:53,2.565227747,3.508091688,2.561890125
15:10:53,2.564701319,3.506887913,2.561271906
15:10:53,2.563659906,3.508179665,2.562594414
15:10:53,2.564332724,3.509129763,2.563163996
15:10:53,2.563537836,3.508434772,2.564628601
15:10:53,2.564234257,3.509493113,2.563475609
15:10:53,2.564503193,3.512736559,2.564583778
15:10:53,2.565415621,3.513415575,2.564261675
15:10:53,2.565405846,3.515704632,2.564059496
15:10:53,2.564842224,3.515938044,2.562339067
15:10:53,2.56504178,3.515604019,2.561955929
15:10:53,2.564935446,3.514926672,2.561635494
15:10:53,2.565537691,3.514110565,2.563771725
15:10:53,2.565541029,3.512141228,2.563006639
15:10:53,2.564401627,3.511860847,2.561397076
15:10:53,2.565685749,3.51206708,2.561664104
15:10:53,2.565323591,3.511022329,2.562639475
15:10:53,2.564678431,3.5116992,2.561036587
15:10:53,2.563899755,3.511121273,2.56067872
15:10:53,2.564686775,3.510075092,2.561416149
15:10:53,2.564552069,3.50792861,2.563548326
15:10:53,2.564502001,3.506008863,2.56246686
15:10:53,2.563695192,3.507136345,2.563353539
15:10:53,2.564082861,3.51010108,2.562924385
15:10:53,2.563614607,3.510621786,2.562757254
15:10:53,2.564370871,3.511236429,2.562873125
15:10:53,2.564553499,3.511167288,2.562574625
15:10:53,2.56457901,3.510369301,2.563781023
15:10:53,2.564828873,3.509808064,2.563147306
15:10:53,2.564741135,3.510840416,2.562235832
15:10:53,2.564419985,3.513039112,2.561579227
15:10:53,2.56400013,3.51389575,2.561210871
15:10:53,2.56514883,3.514878511,2.561688423
15:10:53,2.565229177,3.515923023,2.560787916
15:10:53,2.564936638,3.514587879,2.560974836
15:10:53,2.564571142,3.514077902,2.561928988
15:10:53,2.56555438,3.512864351,2.563023567
15:10:53,2.565006018,3.510245323,2.56247592
15:10:53,2.564909458,3.509180546,2.562334538
15:10:53,2.565214872,3.508798122,2.562380314
15:10:53,2.565430164,3.508556128,2.561197042
15:10:53,2.564996958,3.510581255,2.561423302
15:10:53,2.564359188,3.509831667,2.562153339
15:10:53,2.564779997,3.510378361,2.563513756
15:10:53,2.564586401,3.51125598,2.563149929
15:10:53,2.564431429,3.510369301,2.56333065
15:10:53,2.565023184,3.511799574,2.562990665
15:10:53,2.564916849,3.513148785,2.56335187
15:10:53,2.564894915,3.514894009,2.561885357
15:10:53,2.564112663,3.514600515,2.562415838
15:10:53,2.564120531,3.51506114,2.562498569
15:10:53,2.564430714,3.512233257,2.562010288
15:10:53,2.565268993,3.511207104,2.561760187
15:10:53,2.564912796,3.511926651,2.561866999
15:10:53,2.564539433,3.511413336,2.560786963
15:10:54,2.564041853,3.512686253,2.562380791
15:10:54,2.565142155,3.512009382,2.561455011
15:10:54,2.565551758,3.512013674,2.559869051
15:10:54,2.56577611,3.507416248,2.562708855
15:10:54,2.564744234,3.507702112,2.564385414
15:10:54,2.565235138,3.506523132,2.564216137
15:10:54,2.564355373,3.507778406,2.563395977
15:10:54,2.564760923,3.510259151,2.563458204
15:10:54,2.564756155,3.511150599,2.563147306
15:10:54,2.564944506,3.512171984,2.562960148
15:10:54,2.564886808,3.514582872,2.563196659
15:10:54,2.565257072,3.514116287,2.563712835
15:10:54,2.564801931,3.51432395,2.563751221
15:10:54,2.56504488,3.514323235,2.563769817
15:10:54,2.56588006,3.515672445,2.563227415
15:10:54,2.566135168,3.516621113,2.562251329
15:10:54,2.564826012,3.515009642,2.561847925
15:10:54,2.566335917,3.512792826,2.56232667
15:10:54,2.565151453,3.511531353,2.562912464
15:10:54,2.565804958,3.510076523,2.56143117
15:10:54,2.566227674,3.509595394,2.561933279
15:10:54,2.564386368,3.510396004,2.562283039
15:10:54,2.564615011,3.511683226,2.561965704
15:10:54,2.564705372,3.512475491,2.561538458
15:10:54,2.565304518,3.511221409,2.562064648
15:10:54,2.564994574,3.509909868,2.562617064
15:10:54,2.565337658,3.510353088,2.562998533
15:10:54,2.564988136,3.510013819,2.562443018
15:10:54,2.565670967,3.509784698,2.564852953
15:10:54,2.564775229,3.509568691,2.561917067
15:10:54,2.563538551,3.508770704,2.562805414
15:10:54,2.563601255,3.51195097,2.562127829
15:10:54,2.564223289,3.511815071,2.562363625
15:10:54,2.564994097,3.512133598,2.562253952
15:10:54,2.565536022,3.51312542,2.562139511
15:10:54,2.564440489,3.511496782,2.562099934
15:10:54,2.564585209,3.509874821,2.561752319
15:10:54,2.56315279,3.51017046,2.56243968
15:10:54,2.56518364,3.512243509,2.56174469
15:10:54,2.564495802,3.512485504,2.561332703
15:10:54,2.565315247,3.512971401,2.561768532
15:10:54,2.563750744,3.512274504,2.561078548
15:10:54,2.565917969,3.511534691,2.563019991
15:10:54,2.565518618,3.510526419,2.560347795
15:10:54,2.564439058,3.510110378,2.561448574
15:10:54,2.56400013,3.508770704,2.562289476
15:10:54,2.563904762,3.509087324,2.56133008
15:10:54,2.564928532,3.508803606,2.562366247
15:10:54,2.564350605,3.508348703,2.562541723
15:10:54,2.564842939,3.508812666,2.563157797
15:10:54,2.565062284,3.509170771,2.563093662
15:10:54,2.564801931,3.509771824,2.563402176
15:10:54,2.565484524,3.512836695,2.56370616
15:10:54,2.564669847,3.514620066,2.563602209
15:10:54,2.564870358,3.514770269,2.562677145
15:10:54,2.564513922,3.516666889,2.561795712
15:10:54,2.565212727,3.515233994,2.560831308
15:10:54,2.564561129,3.515121937,2.562072754
15:10:54,2.566185236,3.514321327,2.562201023
15:10:54,2.565252304,3.511416912,2.561841249
15:10:54,2.564038754,3.511239767,2.561219692
15:10:54,2.564801931,3.509937525,2.56271553
15:10:54,2.564651251,3.509992123,2.561264515
15:10:54,2.565742731,3.508222818,2.562648773
15:10:54,2.565675735,3.509515285,2.562825918
15:10:54,2.565225363,3.509279013,2.563073158
15:10:54,2.565498114,3.510296822,2.563163996
15:10:54,2.565355539,3.509879351,2.562802076
15:10:54,2.565136194,3.509763241,2.56296277
15:10:54,2.564776897,3.510195732,2.562243223
15:10:54,2.563450813,3.512410641,2.56274271
15:10:54,2.564186096,3.513218164,2.563400269
15:10:54,2.564199924,3.514606953,2.562742233
15:10:54,2.565674543,3.514526844,2.56382966
15:10:54,2.565853119,3.513637066,2.564169168
15:10:54,2.566359758,3.514204502,2.56308198
15:10:54,2.565664768,3.512666702,2.563630819
15:10:54,2.566133261,3.512497663,2.562437057
15:10:54,2.564910173,3.511284113,2.563229322
15:10:54,2.565171003,3.512151957,2.562677145
15:10:54,2.566700697,3.512205124,2.56154561
15:10:54,2.567027569,3.510628939,2.563607693
15:10:54,2.566275358,3.511287928,2.565099001
15:10:54,2.565935135,3.510238171,2.564620972
15:10:54,2.566184044,3.511203051,2.563409328
15:10:54,2.565211535,3.510473728,2.563199043
15:10:54,2.564640522,3.511230469,2.563256502
15:10:54,2.564967155,3.511361599,2.561636448
15:10:54,2.564948559,3.51243639,2.562832594
15:10:54,2.563913822,3.511827707,2.562248468
15:10:54,2.565540552,3.513039112,2.563206434
15:10:54,2.565394402,3.51221776,2.56382966
15:10:54,2.565301895,3.512281179,2.564740658
15:10:54,2.564553499,3.511231184,2.563162565
15:10:54,2.565655947,3.513442516,2.563886881
15:10:54,2.564873934,3.512340546,2.563722134
15:10:54,2.565126896,3.510853052,2.563872099
15:10:54,2.564392805,3.511721373,2.56316328
15:10:54,2.564720154,3.51138711,2.562776327
15:10:54,2.565848351,3.511909723,2.562954903
15:10:54,2.565288305,3.510215282,2.561532974
15:10:54,2.563728809,3.510832548,2.561350584
15:10:54,2.564318895,3.51304698,2.56101203
15:10:54,2.564983368,3.51283741,2.561646223
15:10:54,2.565623045,3.512129784,2.561487913
15:10:54,2.565528631,3.510538578,2.561990499
15:10:54,2.564810514,3.508769512,2.562382221
15:10:54,2.564779997,3.508275747,2.562443733
15:10:54,2.565105677,3.508686543,2.56355691
15:10:54,2.563794851,3.50924325,2.562407255
15:10:54,2.564559221,3.511363745,2.561904669
15:10:54,2.565149307,3.513664246,2.564185619
15:10:54,2.565030575,3.513435841,2.563265324
15:10:54,2.564490557,3.511667728,2.563038349
15:10:54,2.564477921,3.512147903,2.563259125
15:10:55,2.56387949,3.511137247,2.562156677
15:10:55,2.564284325,3.510304689,2.563026428
15:10:55,2.564025402,3.511203527,2.562218189
15:10:55,2.563974619,3.511642933,2.562028885
15:10:55,2.565310955,3.51197958,2.559580088
15:10:55,2.563886642,3.512169361,2.560603857
15:10:55,2.565692425,3.51092267,2.559972286
15:10:55,2.56416297,3.510775566,2.559872389
15:10:55,2.564749002,3.511641264,2.56199789
15:10:55,2.564608812,3.511823654,2.562431812
15:10:55,2.564007044,3.509751558,2.562148809
15:10:55,2.564032078,3.507610798,2.56409955
15:10:55,2.564302206,3.508973837,2.56281805
15:10:55,2.56368041,3.510831356,2.564716339
15:10:55,2.565263033,3.511819839,2.564324379
15:10:55,2.565211535,3.51210022,2.563350439
15:10:55,2.565529108,3.511931419,2.563912392
15:10:55,2.566067219,3.513061285,2.564533472
15:10:55,2.565113783,3.515475988,2.563514471
15:10:55,2.5654037,3.514268398,2.561167955
15:10:55,2.564962387,3.512503386,2.563130379
15:10:55,2.565021515,3.511287212,2.561483383
15:10:55,2.564487457,3.51123333,2.563245296
15:10:55,2.565546036,3.511952877,2.562501907
15:10:55,2.564404488,3.510806561,2.56296134
15:10:55,2.565019846,3.510396004,2.561972141
15:10:55,2.564270496,3.509334564,2.561756611
15:10:55,2.56384635,3.508788347,2.561911345
15:10:55,2.564820528,3.50877738,2.562001228
15:10:55,2.564642429,3.508770704,2.562155962
15:10:55,2.563971996,3.509469509,2.561419249
15:10:55,2.563467979,3.51033783,2.562075377
15:10:55,2.564503908,3.511869192,2.562019825
15:10:55,2.563666105,3.512417316,2.561902761
15:10:55,2.564652443,3.511380434,2.56192708
15:10:55,2.564619541,3.513662815,2.563090563
15:10:55,2.56384325,3.512745619,2.561392307
15:10:55,2.564844131,3.513324976,2.561127663
15:10:55,2.563714981,3.512638092,2.562853336
15:10:55,2.563748598,3.512859106,2.561975718
15:10:55,2.563836336,3.511016607,2.562068224
15:10:55,2.563763857,3.511462212,2.562670469
15:10:55,2.564494133,3.509744406,2.562665224
15:10:55,2.565110445,3.510183096,2.562650681
15:10:55,2.565487623,3.509587049,2.56157732
15:10:55,2.564022779,3.509859562,2.56374073
15:10:55,2.564663172,3.509984493,2.561839342
15:10:55,2.564448833,3.509910583,2.562307596
15:10:55,2.564312935,3.509023905,2.562269211
15:10:55,2.565529108,3.511761904,2.562202454
15:10:55,2.565759182,3.511182785,2.562011957
15:10:55,2.565778494,3.51187706,2.561611891
15:10:55,2.564659357,3.511457205,2.561583519
15:10:55,2.565171719,3.512572765,2.562948942
15:10:55,2.564627409,3.512616396,2.562578678
15:10:55,2.564544201,3.51230979,2.562232971
15:10:55,2.564929247,3.512089968,2.564347744
15:10:55,2.565339804,3.511833429,2.563790083
15:10:55,2.564193487,3.510552645,2.563975334
15:10:55,2.565367222,3.510458708,2.563475609
15:10:55,2.563930273,3.508538008,2.562833786
15:10:55,2.563184977,3.507956505,2.563159704
15:10:55,2.56419158,3.508187532,2.563419342
15:10:55,2.564524651,3.508460283,2.561338425
15:10:55,2.563938141,3.51028204,2.561695099
15:10:55,2.565487623,3.510958433,2.561314821
15:10:55,2.564988136,3.512108803,2.562394857
15:10:55,2.564585209,3.511249542,2.561177969
15:10:55,2.564490557,3.512693882,2.560791016
15:10:55,2.56421113,3.510494709,2.56129241
15:10:55,2.563334227,3.513140917,2.560515165
15:10:55,2.564371586,3.513370037,2.56185317
15:10:55,2.564207077,3.51373601,2.562492847
15:10:55,2.564451218,3.5134058,2.56297946
15:10:55,2.56481576,3.511506557,2.562868118
15:10:55,2.565267801,3.511503458,2.562858105
15:10:55,2.564785957,3.511606455,2.562777519
15:10:55,2.564105988,3.509933472,2.560836792
15:10:55,2.565423965,3.508928776,2.562395334
15:10:55,2.564958334,3.509018898,2.562537432
15:10:55,2.564738274,3.507890463,2.561923981
15:10:55,2.564404011,3.509830236,2.561471462
15:10:55,2.564957142,3.510221243,2.561636925
15:10:55,2.564208508,3.509132385,2.561172485
15:10:55,2.5634799,3.51087451,2.56226182
15:10:55,2.564100742,3.511280298,2.56228447
15:10:55,2.564022779,3.510099888,2.561667442
15:10:55,2.564924717,3.510027647,2.562935829
15:10:55,2.564962864,3.51068902,2.562679768
15:10:55,2.563907862,3.508988857,2.562778234
15:10:55,2.565332413,3.510555983,2.561726809
15:10:55,2.56404686,3.511994123,2.563670635
15:10:55,2.564826012,3.511124849,2.563271761
15:10:55,2.564983368,3.511499166,2.561432362
15:10:55,2.565737247,3.510967016,2.560049534
15:10:55,2.564275265,3.509455204,2.561896086
15:10:55,2.564441204,3.510247231,2.5610919
15:10:55,2.564781427,3.510565758,2.562544346
15:10:55,2.56432128,3.512228966,2.564152002
15:10:55,2.564295769,3.511633158,2.563546181
15:10:55,2.563829899,3.511778593,2.562025785
15:10:55,2.563720226,3.511335135,2.562036514
15:10:55,2.56321454,3.51070857,2.561478138
15:10:55,2.563721418,3.511054993,2.561662674
15:10:55,2.564251423,3.51211381,2.561648846
15:10:55,2.563736677,3.51091361,2.560720921
15:10:55,2.564519644,3.511242628,2.560883522
15:10:55,2.563412905,3.510347605,2.561008453
15:10:55,2.564718485,3.510489941,2.561238766
15:10:55,2.565231323,3.510180235,2.562641382
15:10:55,2.563805342,3.508439302,2.559873819
15:10:55,2.564477444,3.51006937,2.561871052
15:10:55,2.563529253,3.512432575,2.56157136
15:10:55,2.563649416,3.510961056,2.562114954
15:10:55,2.564486504,3.512645245,2.562805414
15:10:55,2.563554764,3.512021065,2.562423944
15:10:55,2.564664364,3.512324572,2.563035488
15:10:55,2.563513041,3.512079477,2.562942266
15:10:55,2.563550472,3.512089252,2.561418056
15:10:56,2.564550161,3.511753321,2.562589169
15:10:56,2.564318895,3.511740208,2.562817335
15:10:56,2.563389301,3.510931015,2.562454224
15:10:56,2.564727783,3.509268761,2.561434031
15:10:56,2.565021515,3.510645866,2.563382387
15:10:56,2.56378746,3.510779142,2.562814474
15:10:56,2.563936472,3.510805607,2.561686039
15:10:56,2.564968348,3.51187396,2.561799049
15:10:56,2.564568281,3.511497498,2.560168266
15:10:56,2.564627409,3.511258602,2.560101271
15:10:56,2.56339097,3.50944066,2.561884403
15:10:56,2.563744783,3.512210131,2.560642958
15:10:56,2.563537359,3.512767792,2.562319994
15:10:56,2.564357281,3.514101505,2.561975718
15:10:56,2.564363718,3.514558077,2.562772512
15:10:56,2.563773632,3.512928247,2.563271046
15:10:56,2.563673973,3.512761831,2.56228447
15:10:56,2.564344645,3.512691021,2.563105106
15:10:56,2.565337658,3.510617256,2.561915398
15:10:56,2.564240694,3.508522034,2.562593699
15:10:56,2.564772129,3.50774765,2.562024593
15:10:56,2.564586401,3.508492231,2.56094265
15:10:56,2.56543231,3.508677483,2.562350988
15:10:56,2.564967155,3.508466721,2.562449694
15:10:56,2.564291954,3.508249521,2.561966181
15:10:56,2.564618587,3.50856328,2.563207388
15:10:56,2.564468145,3.509622812,2.562761307
15:10:56,2.56410265,3.509901524,2.563062668
15:10:56,2.563747406,3.511828184,2.560711622
15:10:56,2.563909292,3.511796236,2.562464714
15:10:56,2.564073801,3.512220383,2.561770439
15:10:56,2.564965725,3.513130426,2.562093258
15:10:56,2.564325571,3.514523506,2.562790871
15:10:56,2.565798759,3.513694286,2.56291604
15:10:56,2.565136194,3.512906075,2.562413931
15:10:56,2.56498003,3.508730412,2.562176704
15:10:56,2.564517021,3.508740902,2.561625242
15:10:56,2.563385487,3.508605003,2.562583923
15:10:56,2.563579321,3.507506371,2.561127186
15:10:56,2.565690041,3.511389732,2.563753128
15:10:56,2.565450668,3.512231588,2.562775612
15:10:56,2.564616919,3.512570143,2.562612295
15:10:56,2.564820528,3.513023615,2.562452316
15:10:56,2.5641675,3.513596296,2.563594341
15:10:56,2.564337492,3.511311531,2.559866667
15:10:56,2.56419158,3.511242628,2.561519861
15:10:56,2.56532836,3.510943413,2.561594725
15:10:56,2.563555717,3.509964943,2.562222242
15:10:56,2.564495802,3.51055932,2.561671734
15:10:56,2.564283133,3.509634018,2.561657906
15:10:56,2.564541578,3.509674311,2.561129808
15:10:56,2.564496517,3.508927584,2.560572863
15:10:56,2.563929558,3.509874105,2.561791182
15:10:56,2.564913511,3.511077404,2.56040287
15:10:56,2.564162254,3.51140666,2.56095624
15:10:56,2.564242363,3.511438608,2.560831308
15:10:56,2.564109564,3.510544777,2.56247139
15:10:56,2.563064098,3.51232028,2.562365532
15:10:56,2.563421488,3.512688875,2.562892199
15:10:56,2.5633986,3.513636351,2.563570499
15:10:56,2.564981461,3.512520313,2.561990023
15:10:56,2.5647192,3.512747049,2.562243223
15:10:56,2.564375162,3.511269093,2.562099218
15:10:56,2.564333439,3.510295391,2.560014486
15:10:56,2.564147234,3.509967566,2.562077999
15:10:56,2.563603878,3.508432865,2.561501503
15:10:56,2.564202547,3.508229971,2.560935259
15:10:56,2.56418395,3.508105755,2.561257362
15:10:56,2.56394887,3.509651661,2.561093807
15:10:56,2.564076185,3.509294987,2.56111908
15:10:56,2.565292835,3.510951281,2.562339067
15:10:56,2.564683676,3.511585712,2.562786341
15:10:56,2.564201832,3.512393475,2.563289881
15:10:56,2.564640522,3.512324095,2.563284397
15:10:56,2.565456629,3.513812542,2.562574625
15:10:56,2.564623356,3.51091671,2.561798334
15:10:56,2.564544201,3.512399673,2.561693668
15:10:56,2.565272808,3.508502007,2.560594559
15:10:56,2.565140724,3.508445978,2.560133696
15:10:56,2.564043999,3.508781195,2.56032753
15:10:56,2.565022469,3.508656025,2.560470343
15:10:56,2.564264774,3.507342577,2.561600685
15:10:56,2.56468606,3.506736994,2.563742638
15:10:56,2.564141989,3.507524729,2.562822819
15:10:56,2.564744949,3.511133432,2.564196825
15:10:56,2.564399719,3.511172056,2.562052011
15:10:56,2.563923836,3.511238337,2.563645124
15:10:56,2.564600945,3.512045622,2.56079936
15:10:56,2.565295458,3.512312412,2.563722134
15:10:56,2.564954519,3.512708426,2.56352973
15:10:56,2.565560818,3.512458563,2.563368797
15:10:56,2.56506753,3.5134058,2.563050985
15:10:56,2.564473391,3.511207819,2.561750412
15:10:56,2.565475225,3.511249542,2.561553717
15:10:56,2.564539433,3.511063337,2.559827805
15:10:56,2.56526494,3.510990858,2.561978102
15:10:56,2.563405752,3.510196447,2.562658072
15:10:56,2.564242363,3.509667397,2.561560869
15:10:56,2.565472364,3.510162592,2.56304431
15:10:56,2.563854933,3.509135485,2.563248158
15:10:56,2.564130545,3.510355711,2.562731981
15:10:56,2.5641675,3.510061264,2.561904192
15:10:56,2.564782858,3.511084318,2.562427759
15:10:56,2.563706636,3.511244774,2.562424421
15:10:56,2.564002514,3.5117383,2.563127995
15:10:56,2.563515186,3.510088205,2.563553572
15:10:56,2.56464386,3.510930538,2.561170816
15:10:56,2.564112186,3.510870218,2.561404228
15:10:56,2.563522816,3.510323524,2.561466932
15:10:56,2.563714981,3.509613752,2.559949875
15:10:56,2.563669443,3.509830952,2.562446833
15:10:56,2.563419819,3.509070873,2.560119867
15:10:56,2.565361738,3.510396719,2.561509848
15:10:56,2.565410376,3.511298418,2.559906244
15:10:56,2.564261436,3.510223389,2.560184479
15:10:56,2.565294743,3.510025501,2.56133008
15:10:57,2.564152241,3.511111021,2.562497854
15:10:57,2.564189196,3.509741783,2.563282251
15:10:57,2.564482212,3.5096457,2.562170744
15:10:57,2.56384325,3.509354115,2.561513186
15:10:57,2.564021587,3.510897636,2.562333822
15:10:57,2.563689232,3.511047125,2.561139107
15:10:57,2.564669847,3.512196779,2.56191659
15:10:57,2.564591646,3.510043621,2.561145544
15:10:57,2.563399315,3.511101961,2.561491966
15:10:57,2.564308405,3.511692286,2.560765266
15:10:57,2.564468861,3.511685848,2.562189102
15:10:57,2.56354332,3.511370182,2.562782288
15:10:57,2.564182043,3.510230303,2.562281847
15:10:57,2.563447237,3.510848761,2.561327934
15:10:57,2.56499815,3.508929253,2.562790871
15:10:57,2.564241648,3.508970022,2.563390732
15:10:57,2.564431429,3.507573128,2.559972286
15:10:57,2.564583302,3.510682583,2.561333418
15:10:57,2.563997984,3.510870934,2.56246829
15:10:57,2.563312054,3.508897543,2.561074018
15:10:57,2.564470291,3.509612083,2.561575413
15:10:57,2.564056635,3.509271383,2.561544895
15:10:57,2.564309359,3.509880066,2.560985088
15:10:57,2.564233065,3.509817362,2.560257912
15:10:57,2.564430714,3.511847734,2.560749292
15:10:57,2.56314683,3.513412237,2.560974836
15:10:57,2.563852549,3.511219501,2.560909986
15:10:57,2.564141989,3.512433052,2.561332703
15:10:57,2.564267397,3.510805607,2.561411381
15:10:57,2.563967466,3.511941671,2.560940981
15:10:57,2.56410408,3.512322903,2.561905861
15:10:57,2.564807892,3.51175046,2.562821388
15:10:57,2.564972401,3.512321472,2.561486006
15:10:57,2.564711332,3.511455774,2.563136816
15:10:57,2.56515193,3.509784698,2.563652515
15:10:57,2.563710928,3.509115934,2.562083721
15:10:57,2.563707829,3.510399342,2.561131477
15:10:57,2.56308341,3.510726929,2.562296391
15:10:57,2.564082146,3.511861563,2.560564041
15:10:57,2.564869642,3.511997938,2.561264038
15:10:57,2.564132929,3.512354136,2.560240984
15:10:57,2.56455636,3.512615204,2.560301065
15:10:57,2.564394236,3.510587931,2.561429739
15:10:57,2.563099146,3.509725809,2.560761213
15:10:57,2.563716888,3.509320736,2.561746836
15:10:57,2.563331127,3.509132862,2.560541391
15:10:57,2.563386679,3.507342577,2.560562134
15:10:57,2.563650846,3.506709814,2.562046766
15:10:57,2.56278801,3.505967379,2.560562134
15:10:57,2.563312531,3.509664536,2.561131477
15:10:57,2.563727617,3.510032654,2.560055494
15:10:57,2.56358099,3.510625124,2.561619043
15:10:57,2.564293861,3.511322498,2.560956955
15:10:57,2.563802242,3.511496305,2.561729431
15:10:57,2.5634799,3.511024952,2.560623169
15:10:57,2.563500881,3.511288404,2.561769247
15:10:57,2.564855337,3.51237464,2.560294151
15:10:57,2.564365625,3.512805462,2.561283827
15:10:57,2.563555717,3.512433052,2.560361147
15:10:57,2.563530684,3.511731625,2.560222387
15:10:57,2.563634396,3.510726213,2.561327934
15:10:57,2.564092875,3.512033701,2.563210964
15:10:57,2.564689636,3.510753155,2.562035799
15:10:57,2.564679623,3.509856939,2.563285589
15:10:57,2.563556433,3.509143114,2.562215567
15:10:57,2.563811541,3.509643078,2.56240797
15:10:57,2.564787865,3.509677172,2.561275005
15:10:57,2.563869476,3.509108067,2.562201738
15:10:57,2.565351486,3.511545658,2.562382698
15:10:57,2.56443572,3.510971546,2.563486099
15:10:57,2.564587116,3.514636278,2.561011314
15:10:57,2.564365625,3.514516354,2.561347246
15:10:57,2.564686775,3.512723207,2.561250687
15:10:57,2.564145565,3.512066364,2.562750101
15:10:57,2.564753532,3.511264086,2.561595201
15:10:57,2.564898252,3.511556149,2.56319499
15:10:57,2.563887835,3.512132168,2.563212156
15:10:57,2.563394547,3.512361288,2.561003447
15:10:57,2.563453913,3.510653019,2.560073376
15:10:57,2.564909458,3.513100386,2.561035156
15:10:57,2.565436602,3.511301041,2.561560869
15:10:57,2.56398654,3.511146307,2.560578108
15:10:57,2.564842224,3.509354115,2.560779572
15:10:57,2.56459713,3.509959459,2.561000586
15:10:57,2.56472373,3.510111094,2.56125927
15:10:57,2.564772129,3.509839535,2.561669827
15:10:57,2.564954519,3.509181261,2.56192255
15:10:57,2.56453228,3.509224415,2.562773228
15:10:57,2.564950943,3.510941505,2.564106226
15:10:57,2.564221621,3.511017799,2.561800241
15:10:57,2.564408064,3.509181261,2.562438488
15:10:57,2.563500404,3.510423422,2.563941002
15:10:57,2.563881397,3.511458158,2.563145161
15:10:57,2.563965559,3.508057594,2.563416481
15:10:57,2.564025402,3.509004354,2.563714027
15:10:57,2.564030647,3.510047674,2.56272316
15:10:57,2.564497232,3.509761333,2.562078953
15:10:57,2.563978195,3.509058475,2.562107086
15:10:57,2.565044165,3.509914637,2.560770512
15:10:57,2.564165354,3.511326551,2.560700417
15:10:57,2.563797474,3.511530638,2.559307814
15:10:57,2.56317997,3.512485981,2.561536789
15:10:57,2.564711332,3.513189793,2.560136557
15:10:57,2.564195871,3.512851954,2.561072111
15:10:57,2.563933849,3.51334691,2.562421322
15:10:57,2.563395262,3.510898352,2.562478304
15:10:57,2.562759638,3.509932756,2.56257987
15:10:57,2.562202454,3.51070857,2.562312841
15:10:57,2.564399004,3.510318518,2.562585354
15:10:57,2.56413126,3.50972414,2.563992739
15:10:57,2.564646721,3.511807203,2.562033653
15:10:57,2.564122677,3.511469364,2.562964916
15:10:57,2.563929081,3.510429859,2.562102318
15:10:57,2.56445241,3.509487867,2.562753677
15:10:57,2.564485073,3.510008812,2.561886072
15:10:58,2.565208673,3.509998083,2.561820269
15:10:58,2.56366992,3.508896828,2.561816692
15:10:58,2.564885855,3.509780884,2.561970711
15:10:58,2.563578844,3.511671066,2.561800957
15:10:58,2.564641953,3.514008045,2.56287241
15:10:58,2.563645601,3.512519598,2.56216979
15:10:58,2.564534903,3.512597561,2.563262463
15:10:58,2.564158916,3.513462782,2.56247592
15:10:58,2.565068722,3.513832808,2.561002731
15:10:58,2.564744234,3.513079166,2.560613632
15:10:58,2.564289093,3.510910273,2.561591864
15:10:58,2.564316988,3.510270357,2.561368942
15:10:58,2.564530134,3.507972717,2.559981585
15:10:58,2.564030647,3.504906178,2.560487032
15:10:58,2.563683987,3.509043455,2.561447144
15:10:58,2.564514637,3.509711027,2.560301542
15:10:58,2.563934326,3.509039164,2.560045004
15:10:58,2.565051079,3.510304689,2.562544346
15:10:58,2.564994574,3.515737772,2.56219244
15:10:58,2.564453363,3.515421391,2.561888218
15:10:58,2.564305067,3.513431549,2.56198287
15:10:58,2.564306498,3.513622999,2.561131477
15:10:58,2.563735962,3.510959148,2.561109781
15:10:58,2.563153982,3.510400057,2.5618155
15:10:58,2.564064264,3.510675192,2.561144829
15:10:58,2.562768936,3.509261608,2.559123278
15:10:58,2.563263178,3.508618832,2.560335398
15:10:58,2.56374383,3.508378267,2.560870409
15:10:58,2.564624786,3.507676601,2.563134193
15:10:58,2.564517021,3.508411169,2.561724901
15:10:58,2.563166618,3.506747484,2.56157732
15:10:58,2.562998533,3.50748682,2.564174652
15:10:58,2.565899134,3.509982347,2.563017607
15:10:58,2.564956427,3.511085749,2.563633442
15:10:58,2.563892603,3.512164831,2.564821243
15:10:58,2.564682961,3.514672041,2.564866781
15:10:58,2.564093351,3.515428543,2.562594414
15:10:58,2.565446615,3.515622854,2.562652588
15:10:58,2.564662218,3.516725779,2.563474894
15:10:58,2.564674854,3.515410185,2.561968327
15:10:58,2.565009594,3.513446808,2.561358929
15:10:58,2.56598115,3.511994123,2.563388109
15:10:58,2.565232038,3.509230137,2.562229395
15:10:58,2.56541419,3.50842905,2.562719584
15:10:58,2.564953804,3.506346464,2.560193777
15:10:58,2.564152956,3.50605011,2.562492847
15:10:58,2.563852549,3.510496616,2.561638117
15:10:58,2.564503908,3.510995865,2.56367135
15:10:58,2.565005302,3.512268543,2.562644243
15:10:58,2.564569235,3.514861584,2.561512232
15:10:58,2.56417942,3.513156652,2.563068867
15:10:58,2.565095663,3.51292038,2.561356544
15:10:58,2.564242363,3.51311636,2.561951637
15:10:58,2.565711021,3.513578176,2.563742638
15:10:58,2.565115452,3.513162613,2.56338954
15:10:58,2.56467104,3.513757706,2.562727451
15:10:58,2.564428568,3.510646582,2.561462879
15:10:58,2.565003395,3.507856846,2.56209445
15:10:58,2.564042568,3.508337975,2.560657263
15:10:58,2.564725637,3.507022381,2.562239408
15:10:58,2.565081358,3.509536266,2.563218594
15:10:58,2.565368176,3.5102458,2.563504696
15:10:58,2.56498003,3.510120392,2.562800884
15:10:58,2.565499306,3.51241231,2.56502676
15:10:58,2.56452632,3.511493683,2.563144207
15:10:58,2.563659906,3.510854959,2.562706947
15:10:58,2.565104485,3.510730743,2.560694456
15:10:58,2.563288689,3.513366699,2.561353922
15:10:58,2.563484192,3.513986349,2.561408043
15:10:58,2.563600063,3.512660742,2.562385321
15:10:58,2.564766884,3.511445761,2.560359955
15:10:58,2.564347267,3.512387991,2.56160903
15:10:58,2.565051079,3.512983799,2.563127518
15:10:58,2.565480947,3.512639999,2.562910557
15:10:58,2.565145254,3.506973743,2.562617064
15:10:58,2.564835548,3.507272243,2.563520908
15:10:58,2.565056801,3.508576393,2.564464808
15:10:58,2.564898968,3.508479357,2.562050104
15:10:58,2.564203978,3.509808064,2.562109947
15:10:58,2.563237906,3.512009382,2.560270548
15:10:58,2.562849998,3.512888432,2.561822653
15:10:58,2.564487457,3.514223337,2.561777353
15:10:58,2.562365055,3.511805296,2.562048435
15:10:58,2.563165903,3.513167858,2.562884331
15:10:58,2.564340591,3.511916399,2.562369108
15:10:58,2.563154697,3.511488914,2.561646223
15:10:58,2.563831806,3.51114893,2.559947252
15:10:58,2.564403296,3.512528896,2.56047821
15:10:58,2.56537199,3.509364605,2.561560154
15:10:58,2.56378746,3.509652376,2.56216383
15:10:58,2.563963413,3.510284662,2.561019659
15:10:58,2.563961983,3.507657051,2.562243223
15:10:58,2.563831329,3.508827448,2.563032866
15:10:58,2.565483809,3.510385036,2.562385321
15:10:58,2.565366745,3.508991957,2.562250614
15:10:58,2.56358099,3.51079154,2.563256502
15:10:58,2.563822031,3.511541128,2.562236547
15:10:58,2.563487768,3.51163435,2.56354475
15:10:58,2.564158916,3.513259172,2.563450336
15:10:58,2.564363718,3.513600349,2.562986612
15:10:58,2.564713001,3.51315403,2.561937094
15:10:58,2.564733028,3.51149416,2.560981512
15:10:58,2.565768957,3.513264418,2.561683893
15:10:58,2.565489531,3.510118723,2.561098099
15:10:58,2.564507246,3.509651661,2.562798977
15:10:58,2.565636396,3.50873661,2.563118935
15:10:58,2.564256907,3.506969452,2.561702967
15:10:58,2.564162254,3.507757425,2.563378811
15:10:58,2.565243244,3.508618355,2.563313246
15:10:58,2.564571857,3.510990858,2.563896656
15:10:58,2.565916538,3.512345314,2.562458754
15:10:58,2.564835548,3.512348175,2.562190533
15:10:58,2.564012766,3.514483213,2.562724829
15:10:58,2.564490557,3.512806177,2.563113213
15:10:58,2.563906431,3.510938168,2.562433004
15:10:58,2.565340281,3.511777878,2.560832739
15:10:58,2.564443111,3.509176016,2.563923836
15:10:58,2.564558744,3.510284662,2.564519882
15:10:58,2.564733744,3.510463953,2.564272881
15:10:59,2.562983751,3.508566618,2.561923981
15:10:59,2.562988043,3.509043455,2.561041117
15:10:59,2.562670231,3.508339643,2.56125474
15:10:59,2.561772346,3.506915808,2.561129093
15:10:59,2.564129353,3.511081696,2.561687231
15:10:59,2.564012289,3.511057854,2.562146187
15:10:59,2.564680815,3.513138533,2.56368041
15:10:59,2.564097643,3.512541294,2.562003136
15:10:59,2.564593554,3.513032675,2.56243968
15:10:59,2.56394577,3.512512445,2.562826395
15:10:59,2.563885212,3.510264874,2.562526226
15:10:59,2.563897371,3.508706093,2.561290264
15:10:59,2.563753843,3.510332823,2.562886238
15:10:59,2.564130545,3.509129763,2.562130928
15:10:59,2.565410376,3.510796547,2.562871695
15:10:59,2.565243244,3.510731459,2.562511921
15:10:59,2.565942287,3.512476206,2.562821388
15:10:59,2.565233231,3.510905743,2.56222105
15:10:59,2.565051556,3.511721373,2.562297583
15:10:59,2.56577611,3.511526108,2.563311815
15:10:59,2.564337492,3.512129068,2.56216073
15:10:59,2.564130068,3.510449409,2.564106941
15:10:59,2.563938141,3.509414673,2.563982487
15:10:59,2.564646721,3.509003639,2.5650599
15:10:59,2.564916372,3.508308172,2.563859463
15:10:59,2.564057827,3.510853529,2.561841965
15:10:59,2.564532995,3.510946989,2.563209534
15:10:59,2.564017057,3.51168251,2.560275793
15:10:59,2.565258503,3.512778282,2.560069561
15:10:59,2.564267397,3.511740685,2.561085939
15:10:59,2.564301491,3.511372328,2.559971809
15:10:59,2.564004421,3.511560678,2.562145233
15:10:59,2.565154076,3.511480331,2.56235528
15:10:59,2.565274239,3.511432886,2.564007759
15:10:59,2.566939354,3.511899948,2.563260317
15:10:59,2.562577248,3.508719921,2.563759089
15:10:59,2.563344955,3.508474588,2.561982155
15:10:59,2.564798594,3.510799885,2.562111139
15:10:59,2.564207792,3.511374235,2.563612223
15:10:59,2.564636707,3.513012886,2.562570095
15:10:59,2.564476013,3.51244092,2.56230545
15:10:59,2.563930988,3.510533094,2.560947895
15:10:59,2.565480232,3.51021409,2.562841892
15:10:59,2.564923525,3.511811972,2.562286377
15:10:59,2.564022779,3.509856701,2.563522339
15:10:59,2.56475234,3.511150599,2.565172434
15:10:59,2.565377951,3.511789799,2.561326027
15:10:59,2.564513206,3.513721466,2.563249111
15:10:59,2.564573765,3.514501333,2.56332016
15:10:59,2.564410686,3.511963844,2.56184721
15:10:59,2.56387949,3.510787487,2.562225342
15:10:59,2.563108683,3.510618448,2.562101126
15:10:59,2.564425945,3.510364771,2.562118292
15:10:59,2.5634799,3.509237766,2.559547186
15:10:59,2.563629627,3.508675575,2.561210871
15:10:59,2.562690735,3.507873058,2.561715841
15:10:59,2.563615322,3.50829339,2.561216116
15:10:59,2.563708544,3.508224726,2.562437773
15:10:59,2.564531088,3.510705471,2.562090874
15:10:59,2.564548731,3.511045933,2.561779737
15:10:59,2.563691139,3.51439476,2.561434031
15:10:59,2.564884663,3.512960196,2.561251402
15:10:59,2.564075708,3.511743307,2.561031818
15:10:59,2.565031528,3.512649059,2.562328577
15:10:59,2.563748121,3.510963678,2.562784672
15:10:59,2.564470291,3.510997057,2.563129663
15:10:59,2.564959764,3.511204243,2.562164545
15:10:59,2.563887835,3.512463093,2.562167168
15:10:59,2.563483,3.511168718,2.561000586
15:10:59,2.56395936,3.5097363,2.559627056
15:10:59,2.565746069,3.510765791,2.561383486
15:10:59,2.565464735,3.510379791,2.562390089
15:10:59,2.565467596,3.509413481,2.56216526
15:10:59,2.56515193,3.51021409,2.563149452
15:10:59,2.565150738,3.512307644,2.563543558
15:10:59,2.56503129,3.512136221,2.561503887
15:10:59,2.565272093,3.511998415,2.563820601
15:10:59,2.565684557,3.511093378,2.563153267
15:10:59,2.56511116,3.512224197,2.563272476
15:10:59,2.564810514,3.512638092,2.562457561
15:10:59,2.565846682,3.514585495,2.563162088
15:10:59,2.565308571,3.511991978,2.562226057
15:10:59,2.565138817,3.511113167,2.56198287
15:10:59,2.564287186,3.509453297,2.563387632
15:10:59,2.563774347,3.50775218,2.563400745
15:10:59,2.563746691,3.507300138,2.561421871
15:10:59,2.564541578,3.507970333,2.561258554
15:10:59,2.563724756,3.507759571,2.562294483
15:10:59,2.565371513,3.510371923,2.560979605
15:10:59,2.564668417,3.511570454,2.562340498
15:10:59,2.564251423,3.512142658,2.561468124
15:10:59,2.566002846,3.514803171,2.563611507
15:10:59,2.564440489,3.514703035,2.562724829
15:10:59,2.564847946,3.514073372,2.562548161
15:10:59,2.564122677,3.514876366,2.562290907
15:10:59,2.563809395,3.513602972,2.562428713
15:10:59,2.564546585,3.513835192,2.563274384
15:10:59,2.565737963,3.513507128,2.564660072
15:10:59,2.563660622,3.510811806,2.562343359
15:10:59,2.564283133,3.512181759,2.562608242
15:10:59,2.56393671,3.509960651,2.561898708
15:10:59,2.564507723,3.508373976,2.562324762
15:10:59,2.563994408,3.5106709,2.561422586
15:10:59,2.564388275,3.510549545,2.561911821
15:10:59,2.56437993,3.510495186,2.561404705
15:10:59,2.565016747,3.510715723,2.562225342
15:10:59,2.564268589,3.509590864,2.56075263
15:10:59,2.56460166,3.511237621,2.562819958
15:10:59,2.56529665,3.512213707,2.563175201
15:10:59,2.565223455,3.511515141,2.563606262
15:10:59,2.564422369,3.5136199,2.56364274
15:10:59,2.565268993,3.512756109,2.563436985
15:10:59,2.564847946,3.511208534,2.56116128
15:10:59,2.564365625,3.509334087,2.561831236
15:10:59,2.564298391,3.510177612,2.560926437
15:10:59,2.563579321,3.508493423,2.562072754
15:11:00,2.563741922,3.508719444,2.562246084
15:11:00,2.563263178,3.508283615,2.561736107
15:11:00,2.563168526,3.508547783,2.563310146
15:11:00,2.564017057,3.510229111,2.563285589
15:11:00,2.564017534,3.507291079,2.561792135
15:11:00,2.562552929,3.511139154,2.561133623
15:11:00,2.563749313,3.510838509,2.563120365
15:11:00,2.564397335,3.513721228,2.562191725
15:11:00,2.563887358,3.514630556,2.561837912
15:11:00,2.563904047,3.514294624,2.563992023
15:11:00,2.564250231,3.511777878,2.562098503
15:11:00,2.564928532,3.510615349,2.562273741
15:11:00,2.56394577,3.507913589,2.560693741
15:11:00,2.563758612,3.509649038,2.56192255
15:11:00,2.564176559,3.507935047,2.56291914
15:11:00,2.564361095,3.508855581,2.561485291
15:11:00,2.565168619,3.511843204,2.562394142
15:11:00,2.564618111,3.509911299,2.562013865
15:11:00,2.564744949,3.511181831,2.561113834
15:11:00,2.563895941,3.509891748,2.56264925
15:11:00,2.564668894,3.51154232,2.56025672
15:11:00,2.5633986,3.513509512,2.563234091
15:11:00,2.563344955,3.51235342,2.562266588
15:11:00,2.563508034,3.510320902,2.56160903
15:11:00,2.563701153,3.512662172,2.563350439
15:11:00,2.563719034,3.511411428,2.562385321
15:11:00,2.564468861,3.510521889,2.562968731
15:11:00,2.56329608,3.508083105,2.562201738
15:11:00,2.562260151,3.507528543,2.560598612
15:11:00,2.563148737,3.506869078,2.563145876
15:11:00,2.564067841,3.509476185,2.56067276
15:11:00,2.562866449,3.508078575,2.560706854
15:11:00,2.563200951,3.505881071,2.560932636
15:11:00,2.564772129,3.508148432,2.560476303
15:11:00,2.564170837,3.506193638,2.562464714
15:11:00,2.565274954,3.508496046,2.561748743
15:11:00,2.564213276,3.510113001,2.562719584
15:11:00,2.565270185,3.511618853,2.563345909
15:11:00,2.564684153,3.514938354,2.563363552
15:11:00,2.564668417,3.513892651,2.560195208
15:11:00,2.564130545,3.513206244,2.561751842
15:11:00,2.563210964,3.514070511,2.56255722
15:11:00,2.56350565,3.513220072,2.563410521
15:11:00,2.564796448,3.511910439,2.563321829
15:11:00,2.564514637,3.510623217,2.563590527
15:11:00,2.563931704,3.510795832,2.561392307
15:11:00,2.56314683,3.511005402,2.561101198
15:11:00,2.565060377,3.509376287,2.560994148
15:11:00,2.564986944,3.509132862,2.561574697
15:11:00,2.565464973,3.508605003,2.561062813
15:11:00,2.56485939,3.509605169,2.561627388
15:11:00,2.56499815,3.509786606,2.562550068
15:11:00,2.564505816,3.510653019,2.563395977
15:11:00,2.563498974,3.512125254,2.564082623
15:11:00,2.563600063,3.511677504,2.563274384
15:11:00,2.563096046,3.511015892,2.562781096
15:11:00,2.564462423,3.511349201,2.562948465
15:11:00,2.563726902,3.51138711,2.563313246
15:11:00,2.563520193,3.511591911,2.564102411
15:11:00,2.563936472,3.510870218,2.561263323
15:11:00,2.565157175,3.510333538,2.562664032
15:11:00,2.564636707,3.509397268,2.561404705
15:11:00,2.563969851,3.510448933,2.561616898
15:11:00,2.565149307,3.511527538,2.561081171
15:11:00,2.563651562,3.512984276,2.561575413
15:11:00,2.564219713,3.510709286,2.562603235
15:11:00,2.562583923,3.5092237,2.56170845
15:11:00,2.563265085,3.510154009,2.563401461
15:11:00,2.563922405,3.510549545,2.562948465
15:11:00,2.564347267,3.511907101,2.563702345
15:11:00,2.564218283,3.51066947,2.562046289
15:11:00,2.563632488,3.509854555,2.561645508
15:11:00,2.564441681,3.509172201,2.561503172
15:11:00,2.563814163,3.510516167,2.560512066
15:11:00,2.564246178,3.50923419,2.561304331
15:11:00,2.564246655,3.509379625,2.563034296
15:11:00,2.564309359,3.511943102,2.562099934
15:11:00,2.563736677,3.508691072,2.561760426
15:11:00,2.563754559,3.510019779,2.562093258
15:11:00,2.563631773,3.51115489,2.561553717
15:11:00,2.564389706,3.513594389,2.562744617
15:11:00,2.564419985,3.513820648,2.562523127
15:11:00,2.564587831,3.513985872,2.563009977
15:11:00,2.563186407,3.510926485,2.562763691
15:11:00,2.564604998,3.511134624,2.561904192
15:11:00,2.563988447,3.511086464,2.562483311
15:11:00,2.563654184,3.511801004,2.563970804
15:11:00,2.563874722,3.507619381,2.563174009
15:11:00,2.563537836,3.50641346,2.562794209
15:11:00,2.565024376,3.507291794,2.563980818
15:11:00,2.564205885,3.507776737,2.560986757
15:11:00,2.565464735,3.509136915,2.56172061
15:11:00,2.565295935,3.509690046,2.562853813
15:11:00,2.565231323,3.5103302,2.56171155
15:11:00,2.564849377,3.511670589,2.56233263
15:11:00,2.564054489,3.510382414,2.561714172
15:11:00,2.564453363,3.510745764,2.560665369
15:11:00,2.563896656,3.511092663,2.562296391
15:11:00,2.563883543,3.510461092,2.563331604
15:11:00,2.564285994,3.510325909,2.563294649
15:11:00,2.564079762,3.509159803,2.56160903
15:11:00,2.56453371,3.512238741,2.563474178
15:11:00,2.564034224,3.511568069,2.56364131
15:11:00,2.565443277,3.514662504,2.560507298
15:11:00,2.564717293,3.513784409,2.562193871
15:11:00,2.565494537,3.513278008,2.561349869
15:11:00,2.565405846,3.512780666,2.563048124
15:11:00,2.564634085,3.512534142,2.561456919
15:11:00,2.564220428,3.51387763,2.561893463
15:11:00,2.564785242,3.513854504,2.563298941
15:11:00,2.563749313,3.511822462,2.562080145
15:11:00,2.563905954,3.510717154,2.562537432
15:11:00,2.564421892,3.509198666,2.562275171
15:11:00,2.564356565,3.508829355,2.564074039
15:11:00,2.56517458,3.508893967,2.564102411
15:11:00,2.56401825,3.509395838,2.562851667
15:11:00,2.564315557,3.510103226,2.561127663
15:11:00,2.563603878,3.509639263,2.562829256
15:11:00,2.563443422,3.509925127,2.560078144
15:11:01,2.56399107,3.510136366,2.562980652
15:11:01,2.563581705,3.510414362,2.561964989
15:11:01,2.563853741,3.510418892,2.560450554
15:11:01,2.563428879,3.510606289,2.562687874
15:11:01,2.564294338,3.511212349,2.563039064
15:11:01,2.563980579,3.511811972,2.561676741
15:11:01,2.562663078,3.511853695,2.562839031
15:11:01,2.564109564,3.512288094,2.559689999
15:11:01,2.564056635,3.512989521,2.560851097
15:11:01,2.564279795,3.511307716,2.561563969
15:11:01,2.56475091,3.510091782,2.563721418
15:11:01,2.563763857,3.506942511,2.562776327
15:11:01,2.562971115,3.506925583,2.562609673
15:11:01,2.5632236,3.5077672,2.561184406
15:11:01,2.56319952,3.506393194,2.561803579
15:11:01,2.563142776,3.506236792,2.561862469
15:11:01,2.562374353,3.50700593,2.561902761
15:11:01,2.562641144,3.510570765,2.559945822
15:11:01,2.563208103,3.511324644,2.561363697
15:11:01,2.563891411,3.511032104,2.560214281
15:11:01,2.563014746,3.512820721,2.561599255
15:11:01,2.563477039,3.510254622,2.561413288
15:11:01,2.563688755,3.51113534,2.559636831
15:11:01,2.563724756,3.511152267,2.56143856
15:11:01,2.56282711,3.510475874,2.561635017
15:11:01,2.563040972,3.510270357,2.561355829
15:11:01,2.563841105,3.508687258,2.563458204
15:11:01,2.563817978,3.509247541,2.561931372
15:11:01,2.563060045,3.509277105,2.561080694
15:11:01,2.564036846,3.509233475,2.562537432
15:11:01,2.56393671,3.508590221,2.559268713
15:11:01,2.563915968,3.510566473,2.560806513
15:11:01,2.562319517,3.510864735,2.560267925
15:11:01,2.564207077,3.512265921,2.561883688
15:11:01,2.564075708,3.512588501,2.563595772
15:11:01,2.56381011,3.510024786,2.561834574
15:11:01,2.56375742,3.510657549,2.562065363
15:11:01,2.564592361,3.509428501,2.561978579
15:11:01,2.56396842,3.510524511,2.562677145
15:11:01,2.56439805,3.511488914,2.563033581
15:11:01,2.563351393,3.510724783,2.563137531
15:11:01,2.565285444,3.511082411,2.562312126
15:11:01,2.564203978,3.50932622,2.562593222
15:11:01,2.56396842,3.508615494,2.56270051
15:11:01,2.563975811,3.50778389,2.562347889
15:11:01,2.564461708,3.508108616,2.562619686
15:11:01,2.563380718,3.508908033,2.561520576
15:11:01,2.563915253,3.510210037,2.561822653
15:11:01,2.563112974,3.510311365,2.559930086
15:11:01,2.563596249,3.514559269,2.561024427
15:11:01,2.563808918,3.512737751,2.561107397
15:11:01,2.563975811,3.51270318,2.561413288
15:11:01,2.564096928,3.512315512,2.560477018
15:11:01,2.564632177,3.51376462,2.562296391
15:11:01,2.56424284,3.512166262,2.562101126
15:11:01,2.564501286,3.510738611,2.562633514
15:11:01,2.563038349,3.509418249,2.561487436
15:11:01,2.56358099,3.507746458,2.562024593
15:11:01,2.563632488,3.508798838,2.56312871
15:11:01,2.563794136,3.505761862,2.563153267
15:11:01,2.562992811,3.50653553,2.563309431
15:11:01,2.563309193,3.507604599,2.561659813
15:11:01,2.563249111,3.50817275,2.56174469
15:11:01,2.564075708,3.512065649,2.560571909
15:11:01,2.56304884,3.511301041,2.561691761
15:11:01,2.56449461,3.51228261,2.560825586
15:11:01,2.563515186,3.510772705,2.562121868
15:11:01,2.564634085,3.511116982,2.561176062
15:11:01,2.563583612,3.510172367,2.562324762
15:11:01,2.563820124,3.510313749,2.561955929
15:11:01,2.563611031,3.509872198,2.562435865
15:11:01,2.563886642,3.509898901,2.561527014
15:11:01,2.564101934,3.509392023,2.561380863
15:11:01,2.563966751,3.508148432,2.562932253
15:11:01,2.56432128,3.508021116,2.561880827
15:11:01,2.564384222,3.509283543,2.560902596
15:11:01,2.56514287,3.509701252,2.562997341
15:11:01,2.565471888,3.509921789,2.562968731
15:11:01,2.563605309,3.508298397,2.562831402
15:11:01,2.565214157,3.511124849,2.562808037
15:11:01,2.564685583,3.510153294,2.562132359
15:11:01,2.564316273,3.51047039,2.562808037
15:11:01,2.56477809,3.511806488,2.56064415
15:11:01,2.56479001,3.511749268,2.561953068
15:11:01,2.564833641,3.51388216,2.561260462
15:11:01,2.563875914,3.511428833,2.562463999
15:11:01,2.563534975,3.512617826,2.562696934
15:11:01,2.564634085,3.510158062,2.562697649
15:11:01,2.563939571,3.508979797,2.563645124
15:11:01,2.563513994,3.508573771,2.561903477
15:11:01,2.564053297,3.508719921,2.562793016
15:11:01,2.564406872,3.51188159,2.562831879
15:11:01,2.56413579,3.511786938,2.56129241
15:11:01,2.563956261,3.510521889,2.561444283
15:11:01,2.564236403,3.50948143,2.561818838
15:11:01,2.56472373,3.509652376,2.562551737
15:11:01,2.564113855,3.507623196,2.562109232
15:11:01,2.563683271,3.508111954,2.562370777
15:11:01,2.563996553,3.508928776,2.560841799
15:11:01,2.564810991,3.510487556,2.562933922
15:11:01,2.5649333,3.5099473,2.562759161
15:11:01,2.563647032,3.510807753,2.56347847
15:11:01,2.563771248,3.510755539,2.562333345
15:11:01,2.563524723,3.510612726,2.562913895
15:11:01,2.563177109,3.508772135,2.562615633
15:11:01,2.564646721,3.510840416,2.56274128
15:11:01,2.564332724,3.510123253,2.562265873
15:11:01,2.564732552,3.509278536,2.562318325
15:11:01,2.565169096,3.512476921,2.561632872
15:11:01,2.564412594,3.51302433,2.56247592
15:11:01,2.564730406,3.513268948,2.562750578
15:11:01,2.564540148,3.512513399,2.56132412
15:11:01,2.563420773,3.512390614,2.561208248
15:11:01,2.564470291,3.51257515,2.562419415
15:11:01,2.56419158,3.512680531,2.562356472
15:11:02,2.564012766,3.509131193,2.56291604
15:11:02,2.563163042,3.508644104,2.562817335
15:11:02,2.563793421,3.507195234,2.561865091
15:11:02,2.564592361,3.509002447,2.562577248
15:11:02,2.564333916,3.511534691,2.562876701
15:11:02,2.564598083,3.511568069,2.562559366
15:11:02,2.564172268,3.512164831,2.561822653
15:11:02,2.564295769,3.510158062,2.561522484
15:11:02,2.563975811,3.511394978,2.561708689
15:11:02,2.564110279,3.510048389,2.561247826
15:11:02,2.564455748,3.511738777,2.563124895
15:11:02,2.564163685,3.512170315,2.56222415
15:11:02,2.564108133,3.511335611,2.560757875
15:11:02,2.563501596,3.512078285,2.562933922
15:11:02,2.564120054,3.510954857,2.563409805
15:11:02,2.564058542,3.509814978,2.562449694
15:11:02,2.564806938,3.509540081,2.563537121
15:11:02,2.565553188,3.510693312,2.5628438
15:11:02,2.565812111,3.513047695,2.56145978
15:11:02,2.565177679,3.511805296,2.561783791
15:11:02,2.564604282,3.51197958,2.562280178
15:11:02,2.565445423,3.512358665,2.563857794
15:11:02,2.565105677,3.51090169,2.563972712
15:11:02,2.566442966,3.510554552,2.56518364
15:11:02,2.566067696,3.511211157,2.565441608
15:11:02,2.565796852,3.511295557,2.565560579
15:11:02,2.565322876,3.512092352,2.564742565
15:11:02,2.566189289,3.51268816,2.562998056
15:11:02,2.566482067,3.516772509,2.562019825
15:11:02,2.565303802,3.516947508,2.563345909
15:11:02,2.564987421,3.516082287,2.56392312
15:11:02,2.565415621,3.516736746,2.561122417
15:11:02,2.565502167,3.512286901,2.562382698
15:11:02,2.565999746,3.51019454,2.565086603
15:11:02,2.565402985,3.508988857,2.565532207
15:11:02,2.563966274,3.506640434,2.562140226
15:11:02,2.564445019,3.508065462,2.561687231
15:11:02,2.565473795,3.508770227,2.561978102
15:11:02,2.564970016,3.51128459,2.560985088
15:11:02,2.564779282,3.512824297,2.562007427
15:11:02,2.563791037,3.511786461,2.561089993
15:11:02,2.564163685,3.510056973,2.561900139
15:11:02,2.563402891,3.507281065,2.561972141
15:11:02,2.563002825,3.506262779,2.562200308
15:11:02,2.564493418,3.50618124,2.562159538
15:11:02,2.564705372,3.507281065,2.561932564
15:11:02,2.565332413,3.511876345,2.562103748
15:11:02,2.565227509,3.514740229,2.563104153
15:11:02,2.56486392,3.513760805,2.563683033
15:11:02,2.562801123,3.51070857,2.560650826
15:11:02,2.562919378,3.509665966,2.561853647
15:11:02,2.563930988,3.508035421,2.562819958
15:11:02,2.563249826,3.508291245,2.562769175
15:11:02,2.564406157,3.511703491,2.559936523
15:11:02,2.564777374,3.512115479,2.562525034
15:11:02,2.564397335,3.51211381,2.562848568
15:11:02,2.562891722,3.512103319,2.563752651
15:11:02,2.564337492,3.511447906,2.562614441
15:11:02,2.562711239,3.511806488,2.563241243
15:11:02,2.563690424,3.509797812,2.563708305
15:11:02,2.56460619,3.509204626,2.56054306
15:11:02,2.564875126,3.510369301,2.56027317
15:11:02,2.566310883,3.512026072,2.561671257
15:11:02,2.56395483,3.512711048,2.560934305
15:11:02,2.563969135,3.510681868,2.562788963
15:11:02,2.564887524,3.511991978,2.561919928
15:11:02,2.564520359,3.510500431,2.562708855
15:11:02,2.565313816,3.507570505,2.563041687
15:11:02,2.564702034,3.507647276,2.563796282
15:11:02,2.564810514,3.506657362,2.562454939
15:11:02,2.563971996,3.511359692,2.562251329
15:11:02,2.564103365,3.51113987,2.562051535
15:11:02,2.564428568,3.511334419,2.562913179
15:11:02,2.565188885,3.51255703,2.562897921
15:11:02,2.564711809,3.510627747,2.561734915
15:11:02,2.56475091,3.509143114,2.56223774
15:11:02,2.565275669,3.508851767,2.561172485
15:11:02,2.564779282,3.509474754,2.562603712
15:11:02,2.563842535,3.508924961,2.5632267
15:11:02,2.563293457,3.50913167,2.562639475
15:11:02,2.564243555,3.510001421,2.5633986
15:11:02,2.564504862,3.510719776,2.561731339
15:11:02,2.563736677,3.511407852,2.562756538
15:11:02,2.564772129,3.512883186,2.562278271
15:11:02,2.564415216,3.513668299,2.563001156
15:11:02,2.564550161,3.513884544,2.561939001
15:11:02,2.563508034,3.512700081,2.562608957
15:11:02,2.564563513,3.512273788,2.561399937
15:11:02,2.564036131,3.508136749,2.561507463
15:11:02,2.562854052,3.506653786,2.562114239
15:11:02,2.564632654,3.506949902,2.561994791
15:11:02,2.565104961,3.507299423,2.561739922
15:11:02,2.564069748,3.510519981,2.562882662
15:11:02,2.564661503,3.511527538,2.562461615
15:11:02,2.563709021,3.512495756,2.561474085
15:11:02,2.563860893,3.51300478,2.560838223
15:11:02,2.563313961,3.511279583,2.560896873
15:11:02,2.5639956,3.511704206,2.56071949
15:11:02,2.56475091,3.510811806,2.562060118
15:11:02,2.565421581,3.511543036,2.563364267
15:11:02,2.564802647,3.51091814,2.561661482
15:11:02,2.563895941,3.511714458,2.561151505
15:11:02,2.564698696,3.508906603,2.562445641
15:11:02,2.564443111,3.507035255,2.56219244
15:11:02,2.563310623,3.506808043,2.562171459
15:11:02,2.563307762,3.508375406,2.560960531
15:11:02,2.563273668,3.510051489,2.561210871
15:11:02,2.563490391,3.510576248,2.5616467
15:11:02,2.564992666,3.51153326,2.561148882
15:11:02,2.563632965,3.510826111,2.561314106
15:11:02,2.563673973,3.511128902,2.561183691
15:11:02,2.563297987,3.509827137,2.561245203
15:11:02,2.563961267,3.509545326,2.562885046
15:11:02,2.564670324,3.50939393,2.562762976
15:11:02,2.564844847,3.50975275,2.561536789
15:11:02,2.563070774,3.510430574,2.562147379
15:11:02,2.564308643,3.509673595,2.56198287
15:11:02,2.563829899,3.508619547,2.561767817
15:11:02,2.563162088,3.509124994,2.561582088
15:11:03,2.563179255,3.50641036,2.561717749
15:11:03,2.563261747,3.506908178,2.560409307
15:11:03,2.563010693,3.507495403,2.560993433
15:11:03,2.562266588,3.50733757,2.56057024
15:11:03,2.56315279,3.509421825,2.560691833
15:11:03,2.563687086,3.510826588,2.560736895
15:11:03,2.562184095,3.510995865,2.560276985
15:11:03,2.563746691,3.512583017,2.561359882
15:11:03,2.563755751,3.513098001,2.561462164
15:11:03,2.564325571,3.512701273,2.561857224
15:11:03,2.56340766,3.512271166,2.56091094
15:11:03,2.56449008,3.510332108,2.560102701
15:11:03,2.564019442,3.508833647,2.561190605
15:11:03,2.564397335,3.508984804,2.561921835
15:11:03,2.563908577,3.509259462,2.562941074
15:11:03,2.563354254,3.508795023,2.562050104
15:11:03,2.563970804,3.509454012,2.562630653
15:11:03,2.56262207,3.508111954,2.561460495
15:11:03,2.563073397,3.510017872,2.562068939
15:11:03,2.564433813,3.510715246,2.560540438
15:11:03,2.563732862,3.509627342,2.56029129
15:11:03,2.56430769,3.509279728,2.560931444
15:11:03,2.563181162,3.509917974,2.561802149
15:11:03,2.564053297,3.513204098,2.561103106
15:11:03,2.563508749,3.513066053,2.561177969
15:11:03,2.564414024,3.512598991,2.562096357
15:11:03,2.564002991,3.510763645,2.561237574
15:11:03,2.56428504,3.510940075,2.560298443
15:11:03,2.564994574,3.510294437,2.561528444
15:11:03,2.564059258,3.508347273,2.561622858
15:11:03,2.5634408,3.506359339,2.562600374
15:11:03,2.564104795,3.50675559,2.562505722
15:11:03,2.563233376,3.506305933,2.562027216
15:11:03,2.563082457,3.507080317,2.563205719
15:11:03,2.562956333,3.508004665,2.561270475
15:11:03,2.563646317,3.509087324,2.561897993
15:11:03,2.563251019,3.509416819,2.560621023
15:11:03,2.563929558,3.509509563,2.561062098
15:11:03,2.563793421,3.510178804,2.560950518
15:11:03,2.564956427,3.512125254,2.561323643
15:11:03,2.564159632,3.513499737,2.56178689
15:11:03,2.564020634,3.513445854,2.561427355
15:11:03,2.565694332,3.512004375,2.562926769
15:11:03,2.564265966,3.511549234,2.562697649
15:11:03,2.565433502,3.510156393,2.561746836
15:11:03,2.564680099,3.511169434,2.562198877
15:11:03,2.565555573,3.510735989,2.563913822
15:11:03,2.565768957,3.509821892,2.563143492
15:11:03,2.565731525,3.510332108,2.562948942
15:11:03,2.565205097,3.509517431,2.561966181
15:11:03,2.56304431,3.508726358,2.561086655
15:11:03,2.563371897,3.509554386,2.562411547
15:11:03,2.564275265,3.509741068,2.561219692
15:11:03,2.564538956,3.512480736,2.562781096
15:11:03,2.565028667,3.513989925,2.561093807
15:11:03,2.563275576,3.513432741,2.560750723
15:11:03,2.564946651,3.511467695,2.560718775
15:11:03,2.563368797,3.510869026,2.561762333
15:11:03,2.563786983,3.510133028,2.561034441
15:11:03,2.563551188,3.509535551,2.56126976
15:11:03,2.56319046,3.50745821,2.560833931
15:11:03,2.562730312,3.507599115,2.560961723
15:11:03,2.56329608,3.507901669,2.56178689
15:11:03,2.563925028,3.507552624,2.562976122
15:11:03,2.564230442,3.508732319,2.561887264
15:11:03,2.563815355,3.508513689,2.562444925
15:11:03,2.562962294,3.510223389,2.56081295
15:11:03,2.565117598,3.513545036,2.561968327
15:11:03,2.565358877,3.513009071,2.562784195
15:11:03,2.565627098,3.513789415,2.562788248
15:11:03,2.564152241,3.512389183,2.562929153
15:11:03,2.565012455,3.51376605,2.563126087
15:11:03,2.563471794,3.51173687,2.56363678
15:11:03,2.564774513,3.511048794,2.563854218
15:11:03,2.564408064,3.510518074,2.562242746
15:11:03,2.56424284,3.509464979,2.562302113
15:11:03,2.563789845,3.51033783,2.562392712
15:11:03,2.564437151,3.511774063,2.561772346
15:11:03,2.565119028,3.511917353,2.562211514
15:11:03,2.565115452,3.510010004,2.562686443
15:11:03,2.564290285,3.510257006,2.562179804
15:11:03,2.565126181,3.510172367,2.561794043
15:11:03,2.565016747,3.511846542,2.562482834
15:11:03,2.564656496,3.511432171,2.562779188
15:11:03,2.56515646,3.511692286,2.563474894
15:11:03,2.565796852,3.511552811,2.563127518
15:11:03,2.56573081,3.510908842,2.562987328
15:11:03,2.56500411,3.510601282,2.562821388
15:11:03,2.564583302,3.512456656,2.563233376
15:11:03,2.564710617,3.51257205,2.561025858
15:11:03,2.564255476,3.509868145,2.562739372
15:11:03,2.561389208,3.507047653,2.562212944
15:11:03,2.562486649,3.507202387,2.562726736
15:11:03,2.564035416,3.506707668,2.562171459
15:11:03,2.563145876,3.504886627,2.563229322
15:11:03,2.563868046,3.508905411,2.563542843
15:11:03,2.563550472,3.508928776,2.562739372
15:11:03,2.564910889,3.510715246,2.561131477
15:11:03,2.565355539,3.512202501,2.561033964
15:11:03,2.564285994,3.512047529,2.55936265
15:11:03,2.563534975,3.511995316,2.560712337
15:11:03,2.563695908,3.510886669,2.560194492
15:11:03,2.562956333,3.511435509,2.562034845
15:11:03,2.562566519,3.511615038,2.561421394
15:11:03,2.562490702,3.511794329,2.561701536
15:11:03,2.5635221,3.510320902,2.560181856
15:11:03,2.563902617,3.509821177,2.562794209
15:11:03,2.563551903,3.508129597,2.561560154
15:11:03,2.563161373,3.507509708,2.561151505
15:11:03,2.56325531,3.509902239,2.560577393
15:11:03,2.564353704,3.5093894,2.561122894
15:11:03,2.564376354,3.510287762,2.561053753
15:11:03,2.563327074,3.509828329,2.561992884
15:11:03,2.563006639,3.509474754,2.560310364
15:11:03,2.564809799,3.511336327,2.562156677
15:11:03,2.565117121,3.512023449,2.56253624
15:11:03,2.56400919,3.511602402,2.56249404
15:11:03,2.564542055,3.512104988,2.561607122
15:11:03,2.563502312,3.510477066,2.561493158
15:11:04,2.564352989,3.509933472,2.561338425
15:11:04,2.564286709,3.509581089,2.562230587
15:11:04,2.563388586,3.508570433,2.560934305
15:11:04,2.562901735,3.508151531,2.560900211
15:11:04,2.56421113,3.508960724,2.561214924
15:11:04,2.563269615,3.50792408,2.561209679
15:11:04,2.564643145,3.508131981,2.562089205
15:11:04,2.563292265,3.506930351,2.562390566
15:11:04,2.563394547,3.506157637,2.562406063
15:11:04,2.563047171,3.507623911,2.563161373
15:11:04,2.564041853,3.510224104,2.563795567
15:11:04,2.563767195,3.51313591,2.563099146
15:11:04,2.563491583,3.511962652,2.562058926
15:11:04,2.564032078,3.51021409,2.56216526
15:11:04,2.564079046,3.509987593,2.562138081
15:11:04,2.564435005,3.510439634,2.560777903
15:11:04,2.563323259,3.510196447,2.56091404
15:11:04,2.564120054,3.512741804,2.561558962
15:11:04,2.563243866,3.512022018,2.560306072
15:11:04,2.563560247,3.512027979,2.561288357
15:11:04,2.563364029,3.50972724,2.560671568
15:11:04,2.563038826,3.507963657,2.560397387
15:11:04,2.563570976,3.508177042,2.561551571
15:11:04,2.562913656,3.50762701,2.561101198
15:11:04,2.562852144,3.506640434,2.56205678
15:11:04,2.563515186,3.510081053,2.563192368
15:11:04,2.563745975,3.510782957,2.563392162
15:11:04,2.563424349,3.509529829,2.561245918
15:11:04,2.563530207,3.511627913,2.562388897
15:11:04,2.564515114,3.514430761,2.562656164
15:11:04,2.564037323,3.512439013,2.561253309
15:11:04,2.564347982,3.513752937,2.561187267
15:11:04,2.563630342,3.512294054,2.561207056
15:11:04,2.564364433,3.511021852,2.561728954
15:11:04,2.564937353,3.509960175,2.563662052
15:11:04,2.564884663,3.507390738,2.563193798
15:11:04,2.564612865,3.508322716,2.561726093
15:11:04,2.563437462,3.508420229,2.560668707
15:11:04,2.563763857,3.51045084,2.561004162
15:11:04,2.562353373,3.507320404,2.559349537
15:11:04,2.563018322,3.507315874,2.559869528
15:11:04,2.562914371,3.506893158,2.559984207
15:11:04,2.563100576,3.507276773,2.559685707
15:11:04,2.563200235,3.506906033,2.561882973
15:11:04,2.562417507,3.508328199,2.560963154
15:11:04,2.56304884,3.509257555,2.562712193
15:11:04,2.564690828,3.514144421,2.563482046
15:11:04,2.565343618,3.513866425,2.563771009
15:11:04,2.564718008,3.514749527,2.563445568
15:11:04,2.56470871,3.515034914,2.560203791
15:11:04,2.564004421,3.514107943,2.561808348
15:11:04,2.564229727,3.513632059,2.562273026
15:11:04,2.564910173,3.512168169,2.56244421
15:11:04,2.565577745,3.511709452,2.561662674
15:11:04,2.565459967,3.511181831,2.561279774
15:11:04,2.565048933,3.509992123,2.562569141
15:11:04,2.565627813,3.50677371,2.563382864
15:11:04,2.56485343,3.506104946,2.562280893
15:11:04,2.564325571,3.5071311,2.560617685
15:11:04,2.564789295,3.506787777,2.561902285
15:11:04,2.564271212,3.509979248,2.56362772
15:11:04,2.563848495,3.509559631,2.562066317
15:11:04,2.564762115,3.511882544,2.563323975
15:11:04,2.564560652,3.515233994,2.563296318
15:11:04,2.56472373,3.515708447,2.562733889
15:11:04,2.563502312,3.516795397,2.563546896
15:11:04,2.565924406,3.515969992,2.562873602
15:11:04,2.566076279,3.513293028,2.562484026
15:11:04,2.565298796,3.510980606,2.563275576
15:11:04,2.565931559,3.510943413,2.562954187
15:11:04,2.566197395,3.510064602,2.563040972
15:11:04,2.565193176,3.508993864,2.563520193
15:11:04,2.565021038,3.509022474,2.561799049
15:11:04,2.565455675,3.509341717,2.563370466
15:11:04,2.565443277,3.509875536,2.563118219
15:11:04,2.565407753,3.509610176,2.562040806
15:11:04,2.564595699,3.509549379,2.562038422
15:11:04,2.564783573,3.511742115,2.561727524
15:11:04,2.564882278,3.51230073,2.562483311
15:11:04,2.564672232,3.510477066,2.563732862
15:11:04,2.564441204,3.509643078,2.561336517
15:11:04,2.563393831,3.509058475,2.562631607
15:11:04,2.563153982,3.509551764,2.562947035
15:11:04,2.564095974,3.512478113,2.5616889
15:11:04,2.56460619,3.511977196,2.560833216
15:11:04,2.564600945,3.512987614,2.561623812
15:11:04,2.563719034,3.511899233,2.562535524
15:11:04,2.563960791,3.512422085,2.561485291
15:11:04,2.564016342,3.510828733,2.563703537
15:11:04,2.564105511,3.509586334,2.561865568
15:11:04,2.563707829,3.509178638,2.561760187
15:11:04,2.565888166,3.510599136,2.561729431
15:11:04,2.565648794,3.509838104,2.562851667
15:11:04,2.564869165,3.508423805,2.562592506
15:11:04,2.564125061,3.50789237,2.563691139
15:11:04,2.565581322,3.510767221,2.562955618
15:11:04,2.564826012,3.511961222,2.563612938
15:11:04,2.565771341,3.512960911,2.561702251
15:11:04,2.565823317,3.513462782,2.563326597
15:11:04,2.564852238,3.513397455,2.563935757
15:11:04,2.564826965,3.511621952,2.563208103
15:11:04,2.564558029,3.512180805,2.563551903
15:11:04,2.564774513,3.512014866,2.562277079
15:11:04,2.56488657,3.512211323,2.56259656
15:11:04,2.565196276,3.512602568,2.561200619
15:11:04,2.565538406,3.51283741,2.56149745
15:11:04,2.563355684,3.510718346,2.561481237
15:11:04,2.563795567,3.510601997,2.560572863
15:11:04,2.563500881,3.509438753,2.562155247
15:11:04,2.564347982,3.51032877,2.562032938
15:11:04,2.563528538,3.508303881,2.561148882
15:11:04,2.563289881,3.509639263,2.560512543
15:11:04,2.564506531,3.511174917,2.561556339
15:11:04,2.563891411,3.510327578,2.559818268
15:11:04,2.56312561,3.508793831,2.561777353
15:11:04,2.563007355,3.50924325,2.560557604
15:11:05,2.562743902,3.509353638,2.561765909
15:11:05,2.563136101,3.509089708,2.561147451
15:11:05,2.562810421,3.508919477,2.560966253
15:11:05,2.563356876,3.509084702,2.560476303
15:11:05,2.562667608,3.507801294,2.560821295
15:11:05,2.563013077,3.507601738,2.560783148
15:11:05,2.563231945,3.507621288,2.562087297
15:11:05,2.563453197,3.511048079,2.56308651
15:11:05,2.563905239,3.510943413,2.561747551
15:11:05,2.563833714,3.511926651,2.561737537
15:11:05,2.563431978,3.511445284,2.562302113
15:11:05,2.564825535,3.512537479,2.561074734
15:11:05,2.563225985,3.511665821,2.55913043
15:11:05,2.564040184,3.512267351,2.561309338
15:11:05,2.563239813,3.51087451,2.560716867
15:11:05,2.563364029,3.510279417,2.560848475
15:11:05,2.562764883,3.508732319,2.560623169
15:11:05,2.561435699,3.505211592,2.56026721
15:11:05,2.563208103,3.503930807,2.561431646
15:11:05,2.563052416,3.502716541,2.56196022
15:11:05,2.562525749,3.504092932,2.562096357
15:11:05,2.563613415,3.505331039,2.560759306
15:11:05,2.563764572,3.508075237,2.561386347
15:11:05,2.563606262,3.509525061,2.560655355
15:11:05,2.563828707,3.511265039,2.561036825
15:11:05,2.563990593,3.512138128,2.561336517
15:11:05,2.564600945,3.510693312,2.562298059
15:11:05,2.564147711,3.511798859,2.562075377
15:11:05,2.56417799,3.512870312,2.559900761
15:11:05,2.564558744,3.513577461,2.562271118
15:11:05,2.56457448,3.513418198,2.56218648
15:11:05,2.56409049,3.511530161,2.561747551
15:11:05,2.561701775,3.510592222,2.56228447
15:11:05,2.563568354,3.509119272,2.56089282
15:11:05,2.563212872,3.508506775,2.560492039
15:11:05,2.564283848,3.508556128,2.561743975
15:11:05,2.563017368,3.507888079,2.562639952
15:11:05,2.565397739,3.508091688,2.562324762
15:11:05,2.56453824,3.507306099,2.563202143
15:11:05,2.564065218,3.509187698,2.561661959
15:11:05,2.564685583,3.507766247,2.560994148
15:11:05,2.563322544,3.509380102,2.56135726
15:11:05,2.564667702,3.510362148,2.560590506
15:11:05,2.563319683,3.511357069,2.561016083
15:11:05,2.563886642,3.511098146,2.562281847
15:11:05,2.56414032,3.513799906,2.56218338
15:11:05,2.563424349,3.513787508,2.562472343
15:11:05,2.564168215,3.513644457,2.560930729
15:11:05,2.563958168,3.512539864,2.561466932
15:11:05,2.564127684,3.510685921,2.562808752
15:11:05,2.564147234,3.509771824,2.563515186
15:11:05,2.564197063,3.510596514,2.563039064
15:11:05,2.565782309,3.510015011,2.562777042
15:11:05,2.565345049,3.510331392,2.562914848
15:11:05,2.564122677,3.508305073,2.562381506
15:11:05,2.56394887,3.5085361,2.562088013
15:11:05,2.564537525,3.510518074,2.561787605
15:11:05,2.565357447,3.51152873,2.561937094
15:11:05,2.564838648,3.512478113,2.560269356
15:11:05,2.564804316,3.510394812,2.561765194
15:11:05,2.564729929,3.510318518,2.560285807
15:11:05,2.563533306,3.510497808,2.561845779
15:11:05,2.563694,3.509888411,2.561635017
15:11:05,2.562915325,3.511039972,2.562055588
15:11:05,2.563658237,3.511145115,2.562040806
15:11:05,2.56381917,3.509159803,2.561905861
15:11:05,2.563716888,3.50787425,2.561214209
15:11:05,2.56304884,3.509449959,2.560765266
15:11:05,2.563647747,3.508657217,2.560199261
15:11:05,2.563261747,3.508776188,2.561118364
15:11:05,2.564227581,3.510199785,2.561349869
15:11:05,2.564073801,3.510350227,2.561683178
15:11:05,2.563771248,3.508778572,2.56182456
15:11:05,2.565163374,3.510836363,2.563451052
15:11:05,2.563523293,3.510112286,2.562846184
15:11:05,2.564559937,3.511723042,2.561854362
15:11:05,2.56425786,3.511966705,2.562162638
15:11:05,2.56482172,3.51256609,2.562007427
15:11:05,2.564765453,3.513480902,2.561558962
15:11:05,2.56381011,3.513163805,2.561765194
15:11:05,2.564749718,3.510702848,2.561294317
15:11:05,2.563628912,3.509452105,2.56136179
15:11:05,2.563574314,3.508117199,2.56099987
15:11:05,2.564305067,3.507175446,2.562513828
15:11:05,2.564600945,3.507865191,2.563268423
15:11:05,2.563760042,3.50794816,2.563657284
15:11:05,2.564548731,3.508678675,2.562265873
15:11:05,2.563554764,3.509785414,2.562120438
15:11:05,2.564205885,3.510693312,2.560236931
15:11:05,2.56401825,3.511287212,2.561964273
15:11:05,2.563136101,3.511999607,2.560100079
15:11:05,2.563685179,3.513228416,2.560742617
15:11:05,2.563270807,3.512643814,2.561264515
15:11:05,2.564619541,3.512702465,2.561851978
15:11:05,2.564406872,3.509623528,2.561825991
15:11:05,2.56340909,3.508047819,2.560552835
15:11:05,2.564183474,3.508556128,2.563068867
15:11:05,2.563936472,3.505610943,2.562751293
15:11:05,2.564377546,3.508484364,2.560302496
15:11:05,2.563569069,3.509067059,2.560880423
15:11:05,2.56450963,3.51018548,2.561505795
15:11:05,2.563213587,3.509969234,2.560592651
15:11:05,2.563746691,3.50975728,2.561158895
15:11:05,2.562832832,3.509677172,2.562753677
15:11:05,2.562713385,3.50948596,2.561245918
15:11:05,2.563833714,3.509120703,2.563862324
15:11:05,2.564210653,3.510536909,2.562262774
15:11:05,2.564470768,3.509020805,2.563455582
15:11:05,2.564724445,3.511218786,2.562793016
15:11:05,2.564749718,3.512806177,2.562068939
15:11:05,2.564123869,3.513213873,2.562063932
15:11:05,2.564875126,3.513628483,2.560789585
15:11:05,2.564693928,3.511360407,2.561056852
15:11:05,2.564427853,3.510918617,2.56146431
15:11:05,2.564225674,3.510835409,2.562287569
15:11:05,2.563978195,3.505833387,2.561549425
15:11:05,2.564303637,3.505631924,2.561766624
15:11:05,2.564041853,3.506907463,2.561421394
15:11:05,2.563473701,3.507086039,2.56222105
15:11:06,2.563590765,3.509455204,2.561616898
15:11:06,2.562375069,3.508728266,2.561692476
15:11:06,2.562776804,3.510274172,2.56216526
15:11:06,2.564022303,3.511501074,2.56106019
15:11:06,2.563215494,3.512057781,2.561644316
15:11:06,2.563963413,3.510691643,2.562630653
15:11:06,2.563758612,3.50904274,2.563825369
15:11:06,2.563794851,3.511130095,2.562328577
15:11:06,2.56362462,3.512113094,2.562892199
15:11:06,2.564424515,3.512511253,2.561670542
15:11:06,2.564872026,3.512147188,2.56244421
15:11:06,2.565125465,3.510951281,2.562486649
15:11:06,2.565368176,3.509700537,2.560546398
15:11:06,2.564035416,3.507514954,2.561670542
15:11:06,2.563410282,3.506855965,2.560952425
15:11:06,2.563017368,3.509409428,2.56253624
15:11:06,2.563551188,3.508417368,2.56305027
15:11:06,2.563724041,3.509677649,2.561705828
15:11:06,2.562906027,3.510229111,2.563093424
15:11:06,2.562855244,3.511323214,2.562005281
15:11:06,2.563667297,3.51021409,2.560203075
15:11:06,2.563062191,3.510756254,2.560730219
15:11:06,2.562865973,3.511142492,2.559248209
15:11:06,2.562465429,3.511547089,2.561564684
15:11:06,2.562726021,3.511016607,2.562712908
15:11:06,2.562704086,3.508959293,2.56065464
15:11:06,2.562854052,3.509228706,2.561000586
15:11:06,2.563056231,3.508501291,2.563358545
15:11:06,2.563621759,3.50770092,2.560142994
15:11:06,2.562773228,3.510480642,2.56031394
15:11:06,2.563171148,3.509476185,2.559930086
15:11:06,2.562012911,3.509320021,2.560042381
15:11:06,2.563297033,3.509545326,2.560896158
15:11:06,2.563275576,3.507918835,2.561538458
15:11:06,2.563380718,3.506293535,2.561416864
15:11:06,2.563855648,3.507525206,2.563594341
15:11:06,2.56264782,3.507428646,2.562249184
15:11:06,2.563293457,3.508029699,2.56219697
15:11:06,2.562601805,3.509883881,2.561158895
15:11:06,2.562709808,3.509992123,2.560026646
15:11:06,2.562074423,3.509280443,2.560697794
15:11:06,2.563497543,3.509712458,2.560452461
15:11:06,2.562579155,3.510264874,2.560966969
15:11:06,2.563682556,3.51036787,2.559899092
15:11:06,2.563385963,3.510375977,2.559789658
15:11:06,2.564374447,3.511629343,2.562445641
15:11:06,2.565359592,3.512979031,2.56325531
15:11:06,2.566304207,3.512598991,2.564246416
15:11:06,2.56564641,3.513315201,2.563126802
15:11:06,2.564463139,3.511450529,2.562403202
15:11:06,2.564111471,3.510473728,2.561911345
15:11:06,2.564567804,3.510192633,2.561671734
15:11:06,2.563501596,3.508490324,2.562020302
15:11:06,2.563597202,3.508471966,2.562566519
15:11:06,2.563735485,3.510332823,2.560258627
15:11:06,2.563693047,3.507807255,2.560009956
15:11:06,2.56297493,3.509072304,2.561804056
15:11:06,2.563358545,3.510291815,2.561716318
15:11:06,2.563364744,3.510130644,2.562252045
15:11:06,2.562369585,3.508742809,2.561532974
15:11:06,2.563010693,3.509232759,2.561930418
15:11:06,2.563432693,3.509570122,2.561398745
15:11:06,2.563614607,3.51096034,2.561197758
15:11:06,2.565055609,3.510951996,2.56095314
15:11:06,2.564950943,3.512038231,2.560537815
15:11:06,2.563514709,3.510566473,2.560480833
15:11:06,2.563477755,3.507196188,2.562959433
15:11:06,2.562849283,3.506252527,2.561987638
15:11:06,2.564635277,3.506451368,2.561274052
15:11:06,2.563739538,3.507445574,2.560738802
15:11:06,2.564446926,3.510045052,2.559357882
15:11:06,2.563701153,3.511264086,2.558744192
15:11:06,2.56472373,3.50992775,2.560395002
15:11:06,2.562547445,3.507180214,2.562874317
15:11:06,2.564887524,3.510872602,2.563208103
15:11:06,2.564235687,3.509643078,2.563517809
15:11:06,2.564225197,3.509689569,2.562365532
15:11:06,2.565085411,3.512168169,2.563726187
15:11:06,2.564939022,3.511455059,2.562802792
15:11:06,2.564688921,3.512192249,2.562419415
15:11:06,2.564620733,3.512696028,2.563270092
15:11:06,2.56456399,3.512081861,2.563224792
15:11:06,2.564124584,3.511036158,2.562580585
15:11:06,2.564380884,3.510772705,2.561439991
15:11:06,2.565254211,3.511668205,2.562604427
15:11:06,2.565645695,3.511009932,2.560745478
15:11:06,2.565227747,3.511761904,2.56177783
15:11:06,2.564626217,3.511957407,2.564559937
15:11:06,2.564787149,3.513167858,2.563393116
15:11:06,2.563820124,3.513652325,2.562389612
15:11:06,2.56370163,3.512428999,2.561412573
15:11:06,2.564403296,3.510637999,2.562929153
15:11:06,2.564804316,3.511337519,2.562378168
15:11:06,2.564637184,3.509863138,2.562039137
15:11:06,2.564049482,3.50878644,2.561919928
15:11:06,2.563891411,3.50921464,2.562490702
15:11:06,2.564032078,3.508582354,2.563453674
15:11:06,2.564117908,3.510487556,2.561601162
15:11:06,2.564588308,3.511457682,2.562314749
15:11:06,2.56496048,3.512022734,2.561739922
15:11:06,2.564482212,3.511804104,2.561728954
15:11:06,2.564760208,3.513678074,2.562077999
15:11:06,2.564846039,3.513700962,2.56177187
15:11:06,2.565257788,3.512722492,2.560576677
15:11:06,2.564021587,3.513417482,2.560857773
15:11:06,2.563860416,3.51186657,2.560882092
15:11:06,2.564677,3.509573936,2.562809229
15:11:06,2.564775229,3.509304762,2.563539505
15:11:06,2.563598394,3.507021904,2.560869217
15:11:06,2.561462641,3.507527351,2.560276508
15:11:06,2.563241243,3.50865221,2.560635567
15:11:06,2.563165188,3.509571791,2.560006618
15:11:06,2.563314438,3.510278702,2.560168743
15:11:06,2.562755585,3.510754347,2.56152916
15:11:06,2.563302517,3.510732412,2.561458588
15:11:07,2.564150333,3.508943081,2.561168909
15:11:07,2.564123154,3.509998798,2.560697079
15:11:07,2.56445837,3.510906935,2.561728954
15:11:07,2.564005613,3.509952307,2.561381578
15:11:07,2.563785553,3.511911154,2.560754776
15:11:07,2.564073801,3.511769533,2.561136961
15:11:07,2.563985348,3.512691498,2.561970711
15:11:07,2.563864946,3.51025629,2.561538458
15:11:07,2.563733339,3.509168148,2.562584639
15:11:07,2.564284325,3.508100748,2.562705755
15:11:07,2.563178539,3.507866144,2.560586691
15:11:07,2.563822031,3.5070889,2.56188488
15:11:07,2.563528538,3.507837772,2.562323332
15:11:07,2.562968254,3.506793976,2.561331987
15:11:07,2.564347982,3.507653236,2.563348532
15:11:07,2.564182758,3.508903265,2.561730146
15:11:07,2.563638926,3.509841681,2.561247826
15:11:07,2.563902617,3.51054287,2.561669111
15:11:07,2.563064814,3.512048006,2.561226845
15:11:07,2.563560963,3.511434793,2.55980587
15:11:07,2.563117743,3.51077342,2.561345339
15:11:07,2.562880993,3.511337519,2.56154108
15:11:07,2.563614607,3.511404276,2.561099052
15:11:07,2.563305378,3.510691166,2.561757803
15:11:07,2.56439209,3.509686947,2.56156373
15:11:07,2.563298702,3.507024288,2.561185837
15:11:07,2.563137531,3.506667137,2.5602355
15:11:07,2.56297946,3.506089926,2.561725616
15:11:07,2.563708544,3.509299994,2.560831308
15:11:07,2.564257383,3.509854555,2.560621977
15:11:07,2.563468695,3.510072231,2.560952425
15:11:07,2.56334424,3.509426594,2.561122417
15:11:07,2.563032389,3.509235859,2.561424017
15:11:07,2.563647747,3.509459734,2.560769796
15:11:07,2.562891006,3.509012222,2.560138941
15:11:07,2.564278364,3.513779163,2.562746525
15:11:07,2.564778805,3.515460491,2.562503338
15:11:07,2.565144777,3.514621496,2.562128305
15:11:07,2.564406872,3.513113499,2.560009956
15:11:07,2.564446211,3.510394812,2.561478853
15:11:07,2.564446926,3.508992672,2.564949036
15:11:07,2.564362526,3.510266066,2.563267231
15:11:07,2.563808918,3.508277416,2.561279297
15:11:07,2.56350565,3.508241653,2.561894417
15:11:07,2.563414812,3.507664442,2.562994719
15:11:07,2.564725637,3.507512093,2.561635494
15:11:07,2.563730717,3.508006811,2.561731339
15:11:07,2.564698696,3.510004044,2.56343317
15:11:07,2.56413579,3.510223389,2.562547445
15:11:07,2.564326763,3.51167345,2.559986115
15:11:07,2.564076185,3.511593819,2.561144829
15:11:07,2.565145254,3.513543606,2.561189175
15:11:07,2.56355834,3.512129784,2.560484886
15:11:07,2.56471014,3.511197329,2.560979605
15:11:07,2.565058708,3.511631012,2.562549353
15:11:07,2.564978361,3.511209726,2.561210394
15:11:07,2.564008236,3.510842323,2.563575268
15:11:07,2.564782858,3.510047197,2.562255144
15:11:07,2.5648911,3.509976625,2.563068867
15:11:07,2.563245773,3.509117842,2.562937021
15:11:07,2.562272787,3.509126902,2.559554338
15:11:07,2.562272072,3.511492968,2.560195208
15:11:07,2.56243372,3.511904001,2.560821295
15:11:07,2.563694,3.513245106,2.562667847
15:11:07,2.56416297,3.512847424,2.56195426
15:11:07,2.565078735,3.510792732,2.561375618
15:11:07,2.564333916,3.510674,2.56108284
15:11:07,2.56417942,3.508430004,2.561878204
15:11:07,2.562813759,3.508526325,2.56028223
15:11:07,2.562922239,3.508305788,2.561198473
15:11:07,2.5627563,3.50613308,2.559909582
15:11:07,2.562873363,3.507646561,2.561534882
15:11:07,2.563645601,3.506245852,2.56217432
15:11:07,2.563276052,3.506949902,2.561906815
15:11:07,2.563928366,3.508898258,2.560593843
15:11:07,2.563745499,3.509251118,2.560815573
15:11:07,2.562369108,3.509534121,2.559911966
15:11:07,2.564147711,3.510149002,2.562915325
15:11:07,2.564084291,3.511552811,2.562638283
15:11:07,2.562870026,3.511268377,2.561512232
15:11:07,2.5632689,3.511214972,2.561520576
15:11:07,2.563516617,3.512518406,2.562009811
15:11:07,2.564329147,3.511806488,2.561616182
15:11:07,2.563577414,3.510882139,2.561156034
15:11:07,2.56381464,3.509106159,2.561843157
15:11:07,2.563799381,3.508550882,2.561853647
15:11:07,2.562663078,3.507758856,2.559732914
15:11:07,2.56392765,3.507728815,2.56129384
15:11:07,2.565477133,3.508776665,2.561295509
15:11:07,2.564217806,3.509806871,2.562517166
15:11:07,2.56407094,3.510475159,2.561421871
15:11:07,2.565058231,3.513297558,2.564129353
15:11:07,2.565490246,3.513303041,2.561980724
15:11:07,2.564766169,3.512690306,2.562381506
15:11:07,2.565320492,3.511813879,2.562098503
15:11:07,2.565171719,3.51270628,2.56275773
15:11:07,2.566042185,3.512058735,2.56235528
15:11:07,2.564014196,3.511560678,2.563176394
15:11:07,2.564871311,3.512613058,2.562708378
15:11:07,2.563836336,3.512081385,2.563319206
15:11:07,2.564867258,3.512014866,2.562412024
15:11:07,2.562413931,3.509076118,2.560585499
15:11:07,2.563036442,3.507202387,2.561502457
15:11:07,2.563726902,3.507638693,2.563098431
15:11:07,2.563363552,3.508975029,2.562290192
15:11:07,2.564224482,3.510207415,2.561753273
15:11:07,2.56372571,3.509819269,2.561494827
15:11:07,2.564989567,3.511795521,2.562450409
15:11:07,2.564250708,3.512057304,2.561064243
15:11:07,2.564274788,3.510050774,2.560775995
15:11:07,2.564513922,3.510637999,2.562301636
15:11:07,2.565253019,3.509494305,2.564259768
15:11:07,2.563813448,3.512288094,2.562134266
15:11:07,2.564370394,3.513597727,2.562670469
15:11:07,2.565099239,3.513518095,2.564217567
15:11:07,2.564183474,3.512908697,2.562443733
15:11:07,2.56486392,3.512776852,2.56156826
15:11:07,2.564095974,3.51373148,2.561530352
15:11:07,2.564043283,3.511660814,2.561161757
15:11:08,2.564729929,3.510332823,2.561515093
15:11:08,2.56532979,3.510747671,2.56118989
15:11:08,2.563873053,3.510338545,2.561956406
15:11:08,2.563835859,3.510300159,2.560743332
15:11:08,2.563323259,3.506857872,2.56052947
15:11:08,2.562074423,3.505601883,2.56068778
15:11:08,2.56265974,3.505398512,2.560230255
15:11:08,2.561928272,3.503733873,2.561234713
15:11:08,2.561449289,3.507236958,2.56085062
15:11:08,2.562791824,3.507900953,2.560137272
15:11:08,2.561837912,3.508563995,2.559716225
15:11:08,2.563011169,3.510695696,2.560559511
15:11:08,2.562279224,3.509644985,2.560640335
15:11:08,2.562922716,3.509455204,2.560679913
15:11:08,2.563957453,3.50773859,2.560452461
15:11:08,2.562813759,3.50727725,2.559973478
15:11:08,2.563551188,3.507170439,2.561078548
15:11:08,2.562870026,3.507712603,2.561237574
15:11:08,2.562239408,3.506405592,2.560270548
15:11:08,2.563261032,3.506865025,2.561576128
15:11:08,2.562693596,3.50713563,2.561352491
15:11:08,2.562981367,3.507561922,2.559019327
15:11:08,2.562489271,3.508050442,2.5596385
15:11:08,2.562801123,3.509581566,2.561366558
15:11:08,2.562968969,3.510688543,2.560747862
15:11:08,2.563340902,3.510830641,2.560865641
15:11:08,2.56304574,3.509729147,2.560219765
15:11:08,2.562710524,3.510719776,2.560284376
15:11:08,2.56289506,3.509751558,2.561284781
15:11:08,2.563929558,3.508261204,2.559827805
15:11:08,2.563664913,3.510456324,2.560887098
15:11:08,2.563507557,3.507152796,2.561056852
15:11:08,2.562193871,3.508961439,2.559314966
15:11:08,2.562382221,3.509116411,2.560124636
15:11:08,2.563363552,3.508919477,2.561187983
15:11:08,2.563276768,3.511377335,2.560546398
15:11:08,2.563392639,3.509966135,2.56115818
15:11:08,2.563074112,3.508729696,2.560869217
15:11:08,2.562641859,3.509346962,2.56065464
15:11:08,2.561865568,3.507726908,2.561712265
15:11:08,2.562904835,3.509053469,2.560636997
15:11:08,2.562821627,3.509162903,2.561855555
15:11:08,2.564419985,3.511044025,2.561756611
15:11:08,2.563356161,3.513725519,2.562829971
15:11:08,2.565255165,3.515007496,2.56219697
15:11:08,2.564696074,3.512761831,2.562288284
15:11:08,2.564862013,3.512940645,2.560820103
15:11:08,2.563727617,3.512301922,2.561443567
15:11:08,2.565017939,3.509202957,2.561183691
15:11:08,2.563935041,3.509054661,2.560929298
15:11:08,2.563471794,3.509772301,2.563907385
15:11:08,2.564192057,3.508083582,2.561780453
15:11:08,2.564062357,3.507441759,2.562205553
15:11:08,2.56387949,3.507899761,2.563374758
15:11:08,2.56515193,3.506709814,2.560542345
15:11:08,2.564208508,3.50807786,2.562034845
15:11:08,2.564190626,3.507922649,2.56178093
15:11:08,2.563727617,3.50995326,2.561763763
15:11:08,2.562879801,3.5111444,2.562124968
15:11:08,2.563643694,3.511476755,2.562268257
15:11:08,2.56359005,3.512829304,2.562205553
15:11:08,2.563331604,3.512122393,2.562157869
15:11:08,2.563263655,3.511937618,2.56020999
15:11:08,2.562912703,3.510525227,2.561279297
15:11:08,2.562281847,3.509174585,2.561674118
15:11:08,2.56414485,3.508173466,2.56018734
15:11:08,2.562552929,3.50865531,2.561578035
15:11:08,2.564103365,3.507762671,2.561558962
15:11:08,2.564948082,3.508217335,2.560316086
15:11:08,2.563546419,3.507695436,2.562349319
15:11:08,2.563964844,3.50770545,2.562498569
15:11:08,2.564145565,3.509097576,2.56108284
15:11:08,2.563591957,3.508887768,2.562762737
15:11:08,2.56394577,3.50976634,2.561978102
15:11:08,2.564028978,3.514224052,2.561969519
15:11:08,2.565732718,3.513321877,2.56189537
15:11:08,2.564589739,3.514249563,2.562150002
15:11:08,2.56467104,3.515560865,2.562185049
15:11:08,2.56489706,3.515640497,2.562309265
15:11:08,2.564665794,3.515172005,2.561693192
15:11:08,2.565511942,3.51319766,2.563108921
15:11:08,2.564578295,3.509835005,2.562548876
15:11:08,2.564566135,3.50854826,2.562005997
15:11:08,2.564750195,3.507586479,2.561902285
15:11:08,2.565433502,3.507321835,2.562498569
15:11:08,2.564039469,3.507361412,2.562839746
15:11:08,2.563638926,3.508865356,2.560932636
15:11:08,2.564056635,3.510269642,2.560613632
15:11:08,2.564171553,3.509124994,2.561888933
15:11:08,2.563926935,3.510468721,2.561061382
15:11:08,2.563878059,3.510063887,2.561630964
15:11:08,2.564591646,3.510063887,2.561948299
15:11:08,2.563736677,3.510222673,2.562577963
15:11:08,2.564227581,3.511400938,2.56315589
15:11:08,2.563836336,3.510534286,2.562829971
15:11:08,2.564447641,3.511510849,2.562667847
15:11:08,2.565003395,3.512558222,2.562006712
15:11:08,2.56435442,3.513029337,2.562344551
15:11:08,2.565531015,3.51305747,2.561357737
15:11:08,2.564155579,3.509863853,2.561749935
15:11:08,2.564917564,3.510714531,2.560214281
15:11:08,2.56485486,3.511719942,2.561957598
15:11:08,2.564145565,3.509564161,2.562086582
15:11:08,2.565043688,3.509666681,2.560229063
15:11:08,2.564291,3.511118412,2.56157279
15:11:08,2.565288782,3.510181427,2.562610388
15:11:08,2.564643145,3.511515141,2.56250453
15:11:08,2.565390587,3.510109663,2.562907696
15:11:08,2.563467979,3.510761499,2.560323
15:11:08,2.563748121,3.511318684,2.560993433
15:11:08,2.56393218,3.509930134,2.560896158
15:11:08,2.564074278,3.510501862,2.562623501
15:11:08,2.56474638,3.511491537,2.562902212
15:11:08,2.56342268,3.510655642,2.562270403
15:11:08,2.565349817,3.510156393,2.561807394
15:11:08,2.565148115,3.509704351,2.562999249
15:11:09,2.564573288,3.51185894,2.563394785
15:11:09,2.564824343,3.511639118,2.56278348
15:11:09,2.56512475,3.511299133,2.562412024
15:11:09,2.565285444,3.51210618,2.560964346
15:11:09,2.563779116,3.512905598,2.561397076
15:11:09,2.564791441,3.513562441,2.560703754
15:11:09,2.564415932,3.51247406,2.561138391
15:11:09,2.563664913,3.512294054,2.560553551
15:11:09,2.563464403,3.511622667,2.560927868
15:11:09,2.564150333,3.510687828,2.561342716
15:11:09,2.563660622,3.507688999,2.562027216
15:11:09,2.564903736,3.50804925,2.562306881
15:11:09,2.564195871,3.509861231,2.563736439
15:11:09,2.564141989,3.509197474,2.561877012
15:11:09,2.563911915,3.508835554,2.55931139
15:11:09,2.564138412,3.508719444,2.562486649
15:11:09,2.563781023,3.510891438,2.562954903
15:11:09,2.564495087,3.513699532,2.563033581
15:11:09,2.565114737,3.51271224,2.563111067
15:11:09,2.564679623,3.512380838,2.563205719
15:11:09,2.565930367,3.511165857,2.563279629
15:11:09,2.565618515,3.512378931,2.562597752
15:11:09,2.56557703,3.512457848,2.562228203
15:11:09,2.565928459,3.513332844,2.562757254
15:11:09,2.56486392,3.510144711,2.560659409
15:11:09,2.56502986,3.510739803,2.561625242
15:11:09,2.564638138,3.508528233,2.56054306
15:11:09,2.561874151,3.505310059,2.559873819
15:11:09,2.562966347,3.507244825,2.562040091
15:11:09,2.562998533,3.507071257,2.561595201
15:11:09,2.563101053,3.508210421,2.560826778
15:11:09,2.563489676,3.509129763,2.562109232
15:11:09,2.562544823,3.50894022,2.562268257
15:11:09,2.562462091,3.508417368,2.561258554
15:11:09,2.563630342,3.511559486,2.56147337
15:11:09,2.563375473,3.511433601,2.561354637
15:11:09,2.564125776,3.512286901,2.562108278
15:11:09,2.564876318,3.510627031,2.561280489
15:11:09,2.564098358,3.512649059,2.561649561
15:11:09,2.563673258,3.51412034,2.563308239
15:11:09,2.564062357,3.511913061,2.563248634
15:11:09,2.564101934,3.511734962,2.562175035
15:11:09,2.564349413,3.512855053,2.561580896
15:11:09,2.564357996,3.51211381,2.561098099
15:11:09,2.564136505,3.511005402,2.560652018
15:11:09,2.56374383,3.511538506,2.560055494
15:11:09,2.564364433,3.511824369,2.561186314
15:11:09,2.56355834,3.510146141,2.561789751
15:11:09,2.56325984,3.510215282,2.560390234
15:11:09,2.563591957,3.509463787,2.56153965
15:11:09,2.563363552,3.507936239,2.561271191
15:11:09,2.564492702,3.509121895,2.561615229
15:11:09,2.5649333,3.507987976,2.561951637
15:11:09,2.563935041,3.50746727,2.562216759
15:11:09,2.56340456,3.50923872,2.562771082
15:11:09,2.564845324,3.509633303,2.561855555
15:11:09,2.564828873,3.511490822,2.563495398
15:11:09,2.564721346,3.51219058,2.562764406
15:11:09,2.564071655,3.511615038,2.561629772
15:11:09,2.563320398,3.509891033,2.56015873
15:11:09,2.564641953,3.511247396,2.561953545
15:11:09,2.563839912,3.510709286,2.561764479
15:11:09,2.564081192,3.511547089,2.561747551
15:11:09,2.565197468,3.510572672,2.561519384
15:11:09,2.563013792,3.507801294,2.561163425
15:11:09,2.563532114,3.509936333,2.56054759
15:11:09,2.56302309,3.507585287,2.56033349
15:11:09,2.562046051,3.506590366,2.561487913
15:11:09,2.562172174,3.506765842,2.560722351
15:11:09,2.564064264,3.508231878,2.560165405
15:11:09,2.56378293,3.509162426,2.561837196
15:11:09,2.563433409,3.508860826,2.560643673
15:11:09,2.563155174,3.509679794,2.559958458
15:11:09,2.563436985,3.508891582,2.562565565
15:11:09,2.564360142,3.510108948,2.560660839
15:11:09,2.56408143,3.510430574,2.561582088
15:11:09,2.563929558,3.509508371,2.561845779
15:11:09,2.564656496,3.510711908,2.563557386
15:11:09,2.563632488,3.511568069,2.561697006
15:11:09,2.563878059,3.513233423,2.562743187
15:11:09,2.564265966,3.510876894,2.561353922
15:11:09,2.562813044,3.511400223,2.561184406
15:11:09,2.563277483,3.513823032,2.560368299
15:11:09,2.564291954,3.513424873,2.559944391
15:11:09,2.563676834,3.512236118,2.560130358
15:11:09,2.563892126,3.512251616,2.561098576
15:11:09,2.56504488,3.51316309,2.561109781
15:11:09,2.563578844,3.510011673,2.561587334
15:11:09,2.562562704,3.508482933,2.560203791
15:11:09,2.563453197,3.508944988,2.561948299
15:11:09,2.563423634,3.508249521,2.563157797
15:11:09,2.56311512,3.508205652,2.561970711
15:11:09,2.562742233,3.508419275,2.562144041
15:11:09,2.563754559,3.509304762,2.561253309
15:11:09,2.563018322,3.510878086,2.561825275
15:11:09,2.563613892,3.511643648,2.562598228
15:11:09,2.564704657,3.510975599,2.55991745
15:11:09,2.562872648,3.510518074,2.562507629
15:11:09,2.562830925,3.509721041,2.561496019
15:11:09,2.563672066,3.509819269,2.562001228
15:11:09,2.56418395,3.509688139,2.561334848
15:11:09,2.563245058,3.50890851,2.559692621
15:11:09,2.56366539,3.50998497,2.559552431
15:11:09,2.562636614,3.510560989,2.56193614
15:11:09,2.563150644,3.509862423,2.56115818
15:11:09,2.564477921,3.50921464,2.560292959
15:11:09,2.564065218,3.50996232,2.561086655
15:11:09,2.563632965,3.50963521,2.561047077
15:11:09,2.562762976,3.507838488,2.561286926
15:11:09,2.562409163,3.506852388,2.561583519
15:11:09,2.563349485,3.50722909,2.559787035
15:11:09,2.563163042,3.507256031,2.560892344
15:11:09,2.564283133,3.510215998,2.561183214
15:11:09,2.5639925,3.5095613,2.559791088
15:11:09,2.563159466,3.509423256,2.561426401
15:11:10,2.562880516,3.508649588,2.560832024
15:11:10,2.562815666,3.509144545,2.562778234
15:11:10,2.564744234,3.50888896,2.562355757
15:11:10,2.563625813,3.509143114,2.562974691
15:11:10,2.56317997,3.511871815,2.562181711
15:11:10,2.563096762,3.513278008,2.560295582
15:11:10,2.5625,3.51266408,2.560245991
15:11:10,2.564900875,3.514219522,2.56111908
15:11:10,2.56414485,3.513343334,2.562137365
15:11:10,2.563457966,3.512261391,2.560153484
15:11:10,2.563919067,3.511149883,2.560862541
15:11:10,2.563432693,3.508520365,2.560583115
15:11:10,2.563184977,3.507255316,2.560785055
15:11:10,2.564272404,3.508162022,2.561634302
15:11:10,2.563566208,3.504931927,2.561132431
15:11:10,2.56381464,3.505515575,2.562023878
15:11:10,2.563794851,3.505513191,2.561853647
15:11:10,2.563748121,3.508618355,2.562497854
15:11:10,2.563103199,3.508451223,2.560950518
15:11:10,2.564771652,3.509845495,2.560496807
15:11:10,2.562088966,3.510792255,2.561931849
15:11:10,2.563950777,3.512541294,2.561758757
15:11:10,2.564374447,3.511278629,2.560978889
15:11:10,2.563801765,3.511375666,2.561398268
15:11:10,2.564472198,3.512170315,2.5607903
15:11:10,2.564235687,3.510863304,2.56045723
15:11:10,2.563081264,3.511367559,2.560726404
15:11:10,2.564219713,3.510172844,2.561157465
15:11:10,2.563397169,3.508885622,2.560117006
15:11:10,2.562636614,3.51000452,2.560456514
15:11:10,2.563181877,3.509619236,2.56053853
15:11:10,2.563210964,3.508937359,2.560365677
15:11:10,2.563860893,3.505528927,2.56154561
15:11:10,2.563735485,3.506881237,2.56175518
15:11:10,2.563904762,3.506434202,2.560183764
15:11:10,2.5634799,3.507164717,2.562044382
15:11:10,2.563971281,3.507187128,2.562129736
15:11:10,2.5629704,3.507867336,2.561723471
15:11:10,2.563569069,3.507783175,2.561472178
15:11:10,2.563602686,3.5108459,2.560782433
15:11:10,2.562939882,3.512487888,2.563118219
15:11:10,2.564159632,3.510238171,2.562397242
15:11:10,2.563150167,3.513150215,2.560968161
15:11:10,2.564427853,3.514113188,2.562435865
15:11:10,2.564555407,3.51365447,2.561026812
15:11:10,2.563502312,3.513518572,2.562074661
15:11:10,2.563663483,3.510205507,2.560386181
15:11:10,2.564576626,3.508889437,2.561500072
15:11:10,2.563807487,3.508518457,2.562119722
15:11:10,2.564396143,3.509547234,2.562830687
15:11:10,2.56374073,3.508750677,2.56054306
15:11:10,2.563185692,3.508178949,2.559860468
15:11:10,2.563333035,3.508257866,2.561685324
15:11:10,2.561537266,3.506139278,2.559575558
15:11:10,2.562778234,3.50531888,2.561342001
15:11:10,2.563048363,3.505938053,2.562083721
15:11:10,2.564077854,3.508345366,2.560168743
15:11:10,2.56424427,3.509260178,2.562087297
15:11:10,2.56369853,3.511464119,2.560499907
15:11:10,2.564576149,3.514239788,2.561197042
15:11:10,2.563494921,3.514145851,2.561460733
15:11:10,2.564672232,3.513551235,2.56085062
15:11:10,2.56386447,3.512118101,2.560325861
15:11:10,2.563634396,3.512065649,2.562095165
15:11:10,2.56365633,3.511580229,2.561968803
15:11:10,2.562922239,3.509913206,2.562193871
15:11:10,2.564625502,3.511594772,2.563095093
15:11:10,2.563004732,3.507193804,2.56172061
15:11:10,2.562640667,3.505593538,2.562107801
15:11:10,2.563138247,3.50571084,2.561858416
15:11:10,2.564343929,3.506683588,2.559793234
15:11:10,2.562874317,3.507332087,2.560506105
15:11:10,2.564765453,3.508618832,2.560152054
15:11:10,2.563880682,3.507665396,2.561784506
15:11:10,2.562903166,3.508151531,2.560109138
15:11:10,2.563663483,3.507757425,2.559080362
15:11:10,2.56297946,3.509000063,2.560945749
15:11:10,2.56388855,3.510550261,2.561370134
15:11:10,2.563360929,3.511588335,2.562600374
15:11:10,2.564164162,3.512673855,2.561568737
15:11:10,2.563844204,3.513598442,2.560212374
15:11:10,2.563880205,3.514244795,2.562116385
15:11:10,2.564148426,3.514367342,2.561651468
15:11:10,2.563175678,3.513195038,2.560489893
15:11:10,2.563120365,3.50983572,2.561977386
15:11:10,2.563294888,3.5081985,2.560408115
15:11:10,2.562960386,3.507111073,2.561573982
15:11:10,2.562975645,3.507309437,2.561809063
15:11:10,2.563960075,3.506869316,2.559941769
15:11:10,2.562840223,3.507339239,2.562350988
15:11:10,2.562759638,3.507803917,2.562211514
15:11:10,2.563263178,3.50793314,2.560424566
15:11:10,2.563419819,3.507703543,2.56253171
15:11:10,2.565165758,3.508460283,2.56171298
15:11:10,2.56384325,3.508993864,2.562485933
15:11:10,2.563331604,3.511607885,2.561146975
15:11:10,2.564265251,3.512181759,2.561377048
15:11:10,2.563845158,3.512931585,2.560607672
15:11:10,2.564678431,3.512542725,2.561172485
15:11:10,2.563353539,3.511400223,2.560379028
15:11:10,2.563868046,3.509954453,2.561553717
15:11:10,2.564377546,3.509449244,2.562008381
15:11:10,2.563681841,3.509147882,2.562438488
15:11:10,2.563061476,3.509604692,2.56274128
15:11:10,2.564207077,3.510133743,2.561366558
15:11:10,2.5634799,3.511687994,2.561418056
15:11:10,2.564363718,3.511986971,2.561700344
15:11:10,2.56384778,3.511786461,2.561338425
15:11:10,2.564965725,3.51093173,2.559702635
15:11:10,2.563935757,3.508977652,2.560933352
15:11:10,2.563037157,3.508885622,2.562463999
15:11:10,2.562641144,3.507998466,2.559803009
15:11:10,2.563068867,3.506165028,2.561625719
15:11:10,2.563126087,3.507703543,2.561238766
15:11:10,2.563950062,3.506651163,2.561429739
15:11:10,2.563876867,3.506500959,2.562042236
15:11:10,2.562999249,3.509283543,2.561029673
15:11:10,2.563268185,3.509634018,2.560749769
15:11:10,2.564262629,3.512364864,2.560745001
15:11:11,2.564613581,3.514745951,2.561484098
15:11:11,2.563946962,3.513209105,2.560483456
15:11:11,2.563739538,3.513350487,2.562104464
15:11:11,2.565061092,3.511357069,2.561240673
15:11:11,2.563590765,3.509991646,2.561639547
15:11:11,2.563594103,3.510493994,2.563152552
15:11:11,2.563037157,3.509654045,2.562639952
15:11:11,2.563210249,3.508574963,2.562977552
15:11:11,2.563686609,3.509069681,2.561275721
15:11:11,2.563938141,3.508151054,2.562189817
15:11:11,2.563315868,3.508644581,2.561299562
15:11:11,2.562852144,3.505377293,2.559201956
15:11:11,2.561835051,3.505582809,2.559875011
15:11:11,2.562778711,3.505441427,2.559442043
15:11:11,2.563501596,3.507725,2.560737848
15:11:11,2.562444925,3.509050131,2.560689926
15:11:11,2.563322544,3.5090518,2.561857224
15:11:11,2.562964439,3.509067774,2.562155962
15:11:11,2.563136101,3.509862423,2.561284304
15:11:11,2.564367294,3.510634184,2.560945749
15:11:11,2.56293416,3.510980606,2.561344624
15:11:11,2.563196898,3.512908697,2.561066866
15:11:11,2.563277483,3.51282692,2.560583115
15:11:11,2.562396765,3.513037205,2.561314821
15:11:11,2.563203812,3.510976791,2.55992651
15:11:11,2.562896967,3.508858919,2.559503555
15:11:11,2.563265085,3.508918285,2.560173512
15:11:11,2.563417196,3.507557154,2.560086489
15:11:11,2.5627563,3.508924961,2.560787916
15:11:11,2.562772036,3.508804798,2.561098576
15:11:11,2.563864946,3.509343147,2.560874939
15:11:11,2.563017368,3.5108006,2.561841965
15:11:11,2.562200069,3.508117199,2.562064648
15:11:11,2.563587427,3.507081747,2.562771082
15:11:11,2.563720942,3.508398294,2.562214375
15:11:11,2.563165188,3.507062912,2.559061766
15:11:11,2.562267303,3.506938934,2.56071043
15:11:11,2.562407494,3.507739305,2.559839249
15:11:11,2.562489986,3.509795427,2.560284376
15:11:11,2.563379288,3.512532234,2.561650753
15:11:11,2.564477921,3.513210297,2.560420752
15:11:11,2.563420773,3.511810064,2.561124802
15:11:11,2.56302309,3.511066198,2.560472727
15:11:11,2.562461615,3.511009932,2.561257839
15:11:11,2.563913107,3.509765625,2.560412884
15:11:11,2.563755274,3.509699345,2.561029196
15:11:11,2.564550877,3.509430408,2.561897278
15:11:11,2.563150644,3.510283232,2.563255787
15:11:11,2.562682867,3.509843588,2.562028885
15:11:11,2.563700438,3.51119256,2.561408043
15:11:11,2.563861609,3.510192633,2.560916662
15:11:11,2.562701464,3.508867979,2.559591293
15:11:11,2.563415527,3.50886488,2.56185317
15:11:11,2.562458992,3.509196758,2.562357187
15:11:11,2.563420773,3.508105278,2.562134981
15:11:11,2.563210964,3.507539034,2.563609123
15:11:11,2.563317776,3.507707119,2.56020236
15:11:11,2.563324451,3.506858587,2.560786486
15:11:11,2.562843323,3.507590532,2.560610056
15:11:11,2.562441826,3.507085323,2.561858416
15:11:11,2.563988924,3.511375666,2.560197115
15:11:11,2.564677715,3.512525797,2.562026501
15:11:11,2.563420773,3.513223648,2.561789751
15:11:11,2.563285112,3.512577295,2.560732841
15:11:11,2.564650536,3.511961222,2.561043739
15:11:11,2.56417942,3.512343645,2.561763763
15:11:11,2.563898563,3.510767937,2.560751438
15:11:11,2.563224554,3.510120869,2.56154418
15:11:11,2.562732458,3.511570454,2.563003063
15:11:11,2.563802719,3.509981155,2.561251402
15:11:11,2.563754559,3.506474972,2.561368942
15:11:11,2.563750744,3.50865674,2.561516523
15:11:11,2.563136816,3.507441759,2.561079979
15:11:11,2.563214064,3.507090807,2.561198473
15:11:11,2.563569069,3.508485079,2.560207129
15:11:11,2.563456535,3.509356022,2.561111689
15:11:11,2.563853741,3.508836031,2.561398268
15:11:11,2.564230919,3.508773327,2.562568665
15:11:11,2.564062357,3.508964062,2.562492847
15:11:11,2.564218283,3.509500265,2.563111067
15:11:11,2.563689232,3.509842157,2.561751127
15:11:11,2.564998865,3.513702631,2.563661337
15:11:11,2.563997984,3.512900829,2.560941935
15:11:11,2.564005136,3.514088154,2.562566519
15:11:11,2.564865351,3.513182163,2.561035872
15:11:11,2.563978195,3.513787508,2.561257839
15:11:11,2.565253019,3.513465881,2.561865568
15:11:11,2.564571142,3.51140213,2.561763763
15:11:11,2.563159466,3.510225058,2.56227231
15:11:11,2.563826084,3.509634018,2.561779737
15:11:11,2.562303782,3.508886576,2.560767889
15:11:11,2.563891411,3.508444548,2.561849117
15:11:11,2.563544989,3.508348703,2.562843323
15:11:11,2.563482523,3.507924557,2.562247276
15:11:11,2.56363821,3.508899212,2.561712265
15:11:11,2.564380407,3.508376837,2.563411236
15:11:11,2.564189911,3.507914305,2.562063456
15:11:11,2.563243866,3.506470442,2.561300993
15:11:11,2.564098835,3.508633137,2.560909986
15:11:11,2.563621759,3.508336306,2.560865641
15:11:11,2.564500093,3.510338545,2.561414719
15:11:11,2.564279795,3.510697603,2.561893463
15:11:11,2.56355381,3.511017799,2.561522961
15:11:11,2.563865662,3.512012959,2.56368494
15:11:11,2.563436985,3.512093782,2.563410521
15:11:11,2.564277172,3.51279974,2.563029051
15:11:11,2.564930677,3.513136387,2.563047409
15:11:11,2.563722134,3.514203072,2.561691284
15:11:11,2.564380884,3.513833284,2.560322285
15:11:11,2.563904047,3.511659145,2.560395002
15:11:11,2.562770605,3.510315895,2.561538458
15:11:11,2.563564539,3.509724617,2.561954975
15:11:11,2.563689232,3.505432606,2.561035156
15:11:11,2.562819958,3.506105423,2.561671257
15:11:11,2.563225269,3.506783485,2.562314034
15:11:11,2.563576698,3.506606579,2.562529802
15:11:11,2.563465834,3.507966995,2.56095314
15:11:11,2.564412594,3.508500814,2.56140542
15:11:11,2.563685179,3.509812117,2.561818838
15:11:12,2.564366341,3.514050484,2.561639547
15:11:12,2.563524723,3.51256752,2.562243938
15:11:12,2.564473391,3.512729406,2.562304258
15:11:12,2.56453228,3.513073206,2.561505079
15:11:12,2.563694477,3.512439013,2.561638832
15:11:12,2.563480616,3.512074232,2.561859846
15:11:12,2.562964439,3.510645151,2.562096357
15:11:12,2.563903332,3.508831024,2.563365698
15:11:12,2.564370871,3.509213924,2.561053753
15:11:12,2.563123465,3.509815693,2.561860561
15:11:12,2.563108683,3.50828433,2.561290264
15:11:12,2.562610865,3.506346464,2.560943842
15:11:12,2.563406467,3.50615263,2.560473442
15:11:12,2.563534975,3.507108927,2.559777737
15:11:12,2.565070152,3.509096384,2.561122894
15:11:12,2.564145565,3.508809805,2.560664177
15:11:12,2.563750029,3.509076834,2.562299252
15:11:12,2.563937426,3.507803917,2.561581373
15:11:12,2.563647985,3.509969234,2.563615084
15:11:12,2.56414032,3.509338379,2.562648058
15:11:12,2.564041853,3.508750677,2.561873674
15:11:12,2.564051151,3.509813309,2.561794043
15:11:12,2.564515114,3.510814428,2.561456203
15:11:12,2.563462496,3.511584759,2.561964989
15:11:12,2.565310001,3.512292862,2.562025785
15:11:12,2.564257383,3.51189661,2.562998056
15:11:12,2.564218998,3.512599468,2.562329769
15:11:12,2.563050032,3.51103735,2.561274052
15:11:12,2.563920498,3.51171875,2.561233997
15:11:12,2.564006329,3.512277603,2.561897993
15:11:12,2.564638138,3.51163578,2.560825586
15:11:12,2.562936544,3.510366678,2.562345982
15:11:12,2.563650846,3.507994175,2.561566114
15:11:12,2.563424349,3.507710695,2.561127186
15:11:12,2.563504696,3.508112669,2.560963631
15:11:12,2.563397169,3.506676197,2.560955763
15:11:12,2.563289881,3.507707119,2.560635567
15:11:12,2.564446926,3.50706315,2.561430454
15:11:12,2.564173698,3.508209705,2.561409235
15:11:12,2.563381195,3.510056257,2.562202454
15:11:12,2.563841105,3.511731148,2.561902761
15:11:12,2.564769268,3.511909008,2.561115742
15:11:12,2.563335896,3.51135397,2.561274052
15:11:12,2.563686609,3.511325836,2.562316179
15:11:12,2.564611435,3.512495279,2.562018633
15:11:12,2.564653158,3.511914968,2.56288147
15:11:12,2.563737392,3.511246204,2.561268568
15:11:12,2.56350565,3.51232028,2.560232162
15:11:12,2.564072371,3.511690617,2.56044054
15:11:12,2.563145876,3.511044502,2.561006546
15:11:12,2.563405752,3.511124134,2.560458183
15:11:12,2.563213587,3.508961439,2.560386896
15:11:12,2.56413126,3.509783983,2.56165266
15:11:12,2.563625336,3.510217905,2.561548948
15:11:12,2.563658237,3.509855986,2.560777187
15:11:12,2.563773632,3.508363008,2.561372519
15:11:12,2.562749386,3.506657362,2.562124968
15:11:12,2.562261343,3.50629282,2.561976194
15:11:12,2.5640347,3.50698638,2.561941147
15:11:12,2.563830614,3.506902933,2.560456514
15:11:12,2.563689232,3.50784111,2.561316252
15:11:12,2.563431501,3.5103302,2.558921337
15:11:12,2.56417799,3.511084318,2.559984922
15:11:12,2.56382513,3.512389898,2.561968327
15:11:12,2.564020634,3.511826038,2.561773062
15:11:12,2.564273357,3.512022734,2.564324379
15:11:12,2.563906431,3.510018587,2.563405752
15:11:12,2.564401865,3.511101961,2.561122417
15:11:12,2.564514637,3.51106143,2.561860561
15:11:12,2.564154387,3.510546923,2.561986208
15:11:12,2.563593626,3.508317947,2.560877085
15:11:12,2.563693047,3.507232189,2.561156034
15:11:12,2.563285112,3.508373499,2.56158638
15:11:12,2.563771248,3.508103132,2.561676025
15:11:12,2.56298852,3.507944107,2.562150717
15:11:12,2.564198017,3.506593704,2.561784983
15:11:12,2.562696934,3.508294106,2.561032295
15:11:12,2.56378746,3.510896921,2.560678005
15:11:12,2.563035727,3.511213303,2.561911345
15:11:12,2.564513206,3.50945735,2.563815355
15:11:12,2.563837051,3.509788752,2.562516451
15:11:12,2.564027548,3.512427092,2.562080622
15:11:12,2.564016342,3.514218092,2.562490225
15:11:12,2.564168215,3.513882875,2.562046766
15:11:12,2.56297946,3.513382435,2.559947252
15:11:12,2.562381029,3.512990236,2.560284376
15:11:12,2.564048052,3.512300014,2.561589241
15:11:12,2.562729597,3.512118101,2.561300278
15:11:12,2.562843323,3.50915122,2.561510563
15:11:12,2.563770056,3.507934332,2.561061382
15:11:12,2.563411713,3.507259607,2.561517239
15:11:12,2.562614918,3.506073713,2.562303543
15:11:12,2.563062191,3.506025791,2.560363054
15:11:12,2.562935352,3.505440712,2.561610937
15:11:12,2.563689709,3.505069494,2.561070919
15:11:12,2.564056635,3.507420063,2.561498642
15:11:12,2.564274073,3.508304358,2.561035872
15:11:12,2.563309908,3.509311676,2.560939789
15:11:12,2.563507557,3.511541128,2.560691118
15:11:12,2.564201832,3.512541294,2.560037851
15:11:12,2.563192368,3.511899233,2.561443567
15:11:12,2.564801216,3.5135324,2.563284874
15:11:12,2.564585686,3.513772011,2.563174009
15:11:12,2.563816547,3.513015747,2.562563419
15:11:12,2.563805342,3.512090445,2.562615633
15:11:12,2.563530207,3.512301922,2.562520266
15:11:12,2.563689709,3.510847569,2.561100245
15:11:12,2.563166618,3.510595798,2.56246829
15:11:12,2.563576698,3.510302067,2.562523127
15:11:12,2.564029694,3.509531498,2.560535908
15:11:12,2.564576626,3.509877205,2.562203169
15:11:12,2.563722134,3.507078409,2.560305595
15:11:12,2.562462807,3.505292416,2.562072754
15:11:12,2.56355834,3.504525185,2.562207699
15:11:12,2.563481808,3.506277084,2.562647581
15:11:12,2.563814163,3.50796175,2.562856913
15:11:13,2.563866138,3.510251999,2.560460806
15:11:13,2.564112186,3.511190891,2.562761307
15:11:13,2.56350565,3.509608507,2.561345339
15:11:13,2.563716888,3.50933671,2.561496735
15:11:13,2.564092159,3.510917187,2.560721636
15:11:13,2.563842535,3.511105299,2.562256336
15:11:13,2.563325882,3.511193275,2.560571909
15:11:13,2.564624786,3.512907267,2.560827494
15:11:13,2.564156294,3.511808634,2.561151981
15:11:13,2.563090086,3.511225462,2.561753273
15:11:13,2.563730717,3.508744717,2.563245773
15:11:13,2.56323719,3.508613348,2.561299086
15:11:13,2.562796593,3.509219646,2.562716722
15:11:13,2.562984228,3.508355856,2.561568737
15:11:13,2.562869072,3.508543253,2.561880112
15:11:13,2.563547611,3.508533955,2.560915232
15:11:13,2.562262058,3.508566618,2.560798883
15:11:13,2.563699007,3.509360075,2.5604949
15:11:13,2.564473391,3.508834124,2.56095624
15:11:13,2.564214468,3.508951664,2.560086012
15:11:13,2.563126802,3.509184361,2.560705185
15:11:13,2.562592506,3.508715153,2.560222864
15:11:13,2.562489271,3.508603573,2.559174061
15:11:13,2.563245058,3.507585287,2.560508013
15:11:13,2.563153267,3.509534121,2.560279846
15:11:13,2.562842131,3.510662317,2.559812307
15:11:13,2.562335491,3.511538506,2.56009531
15:11:13,2.561961412,3.511955976,2.560130358
15:11:13,2.563722134,3.512094975,2.562250614
15:11:13,2.563823223,3.511500597,2.561751127
15:11:13,2.562741518,3.50981617,2.561391592
15:11:13,2.56411314,3.507096767,2.561284304
15:11:13,2.562106848,3.505510092,2.560337782
15:11:13,2.562379599,3.505627871,2.560581446
15:11:13,2.56300354,3.506531715,2.560370445
15:11:13,2.562672377,3.504688263,2.561305046
15:11:13,2.562447786,3.50417161,2.560795069
15:11:13,2.562609434,3.503695488,2.560935974
15:11:13,2.563534021,3.50513339,2.559972286
15:11:13,2.56282115,3.506455183,2.560800314
15:11:13,2.563004732,3.508331776,2.560398817
15:11:13,2.563047171,3.509212017,2.559380531
15:11:13,2.563774347,3.51304698,2.560803652
15:11:13,2.563399315,3.512516022,2.561772346
15:11:13,2.564540148,3.512365818,2.562848568
15:11:13,2.563224077,3.513946533,2.56065011
15:11:13,2.562589169,3.51449728,2.560379744
15:11:13,2.563414335,3.514232397,2.561012506
15:11:13,2.562941313,3.512693405,2.561151981
15:11:13,2.562918663,3.510755539,2.561894655
15:11:13,2.562266111,3.5093925,2.561481237
15:11:13,2.56308341,3.507872343,2.560787916
15:11:13,2.56271863,3.507848978,2.562433004
15:11:13,2.562846184,3.507789373,2.560222387
15:11:13,2.562990189,3.507987976,2.56156826
15:11:13,2.562557936,3.508124113,2.559468269
15:11:13,2.563263178,3.50750351,2.561036825
15:11:13,2.562322378,3.506496429,2.560867071
15:11:13,2.563315153,3.507075071,2.560076714
15:11:13,2.562222958,3.50965333,2.561120272
15:11:13,2.563025236,3.50923419,2.560412884
15:11:13,2.562910318,3.510221243,2.561546803
15:11:13,2.563313246,3.510586023,2.561170816
15:11:13,2.564772129,3.508113623,2.561144352
15:11:13,2.563250542,3.508868694,2.560786486
15:11:13,2.56312561,3.509776115,2.56052947
15:11:13,2.562706947,3.51209712,2.560975313
15:11:13,2.563126087,3.511502028,2.560958862
15:11:13,2.562605143,3.512169361,2.559664011
15:11:13,2.562815666,3.511473894,2.56033349
15:11:13,2.56367445,3.50854826,2.561177969
15:11:13,2.562251568,3.507571697,2.561661482
15:11:13,2.56269145,3.50830102,2.561002731
15:11:13,2.562580585,3.505406618,2.561517239
15:11:13,2.563000679,3.506651163,2.562136889
15:11:13,2.562556744,3.506532431,2.560470819
15:11:13,2.563147545,3.506835699,2.56065464
15:11:13,2.563794851,3.506024599,2.561340809
15:11:13,2.56307888,3.50630641,2.56071806
15:11:13,2.562781334,3.506381273,2.5601964
15:11:13,2.562870026,3.510536909,2.560011864
15:11:13,2.562271118,3.510309935,2.559831381
15:11:13,2.56338191,3.510503054,2.559201002
15:11:13,2.563490868,3.512015581,2.560313463
15:11:13,2.563280821,3.512400866,2.561930418
15:11:13,2.562912226,3.513755322,2.561559439
15:11:13,2.563362837,3.513576746,2.56218338
15:11:13,2.564415932,3.513181448,2.562212944
15:11:13,2.563979149,3.512344837,2.561357737
15:11:13,2.56271863,3.512396336,2.562351704
15:11:13,2.563873529,3.511549234,2.561730623
15:11:13,2.563853741,3.509996176,2.560582638
15:11:13,2.563350201,3.509521008,2.561240673
15:11:13,2.564221621,3.509565592,2.561397076
15:11:13,2.562933445,3.507532358,2.562615633
15:11:13,2.563241243,3.507144451,2.561233282
15:11:13,2.562620878,3.506835699,2.560540438
15:11:13,2.562484026,3.50698638,2.561208963
15:11:13,2.562878609,3.505408764,2.560371161
15:11:13,2.562557936,3.505658627,2.561279774
15:11:13,2.562596798,3.506270647,2.561007261
15:11:13,2.563132763,3.510580778,2.5596838
15:11:13,2.563189507,3.51237464,2.560949802
15:11:13,2.562725306,3.512101412,2.560377598
15:11:13,2.563390255,3.511544943,2.560928583
15:11:13,2.563615322,3.511250734,2.560631037
15:11:13,2.563444614,3.510834694,2.559830666
15:11:13,2.562920809,3.511822939,2.560150146
15:11:13,2.563590765,3.509880066,2.562459707
15:11:13,2.564729214,3.510870934,2.562179089
15:11:13,2.563141584,3.509913206,2.559919357
15:11:13,2.563654184,3.508502007,2.561267138
15:11:13,2.563142061,3.506739616,2.561357737
15:11:13,2.563906431,3.507293701,2.56069541
15:11:13,2.564042568,3.50814414,2.560735464
15:11:14,2.562575817,3.508508682,2.559993982
15:11:14,2.562404156,3.507563591,2.560536623
15:11:14,2.562841654,3.506001949,2.559787035
15:11:14,2.564063787,3.505246878,2.559916258
15:11:14,2.563019753,3.507520199,2.561852694
15:11:14,2.562618971,3.508686543,2.560549021
15:11:14,2.562369108,3.509776831,2.560958147
15:11:14,2.563492537,3.510619164,2.561827421
15:11:14,2.563093901,3.511875868,2.561476231
15:11:14,2.563026428,3.510755539,2.56152916
15:11:14,2.563938141,3.510400057,2.559893608
15:11:14,2.564161062,3.513778448,2.561380148
15:11:14,2.563777208,3.513935089,2.559391737
15:11:14,2.563416243,3.513216019,2.559791565
15:11:14,2.562966347,3.511645555,2.561939001
15:11:14,2.56367445,3.509745359,2.56158638
15:11:14,2.562827587,3.509016275,2.562066317
15:11:14,2.561727047,3.507083654,2.56219244
15:11:14,2.562294483,3.504631758,2.561050177
15:11:14,2.562870026,3.506164312,2.561701059
15:11:14,2.563730717,3.50628829,2.561648846
15:11:14,2.563741922,3.505717278,2.560552835
15:11:14,2.562140465,3.504924536,2.561005831
15:11:14,2.563294888,3.505394936,2.560321093
15:11:14,2.561746836,3.505954742,2.560377121
15:11:14,2.563267708,3.510375977,2.560673475
15:11:14,2.563104391,3.510623693,2.560149431
15:11:14,2.562947035,3.511398792,2.561987638
15:11:14,2.564263344,3.514889717,2.561671734
15:11:14,2.563145876,3.514037371,2.56204915
15:11:14,2.564417124,3.515086651,2.561401367
15:11:14,2.563829184,3.514884233,2.563203812
15:11:14,2.563332319,3.513687849,2.560939074
15:11:14,2.563531399,3.514078379,2.561363697
15:11:14,2.563437462,3.512444258,2.560415506
15:11:14,2.563559532,3.507391453,2.56082201
15:11:14,2.563378096,3.507249832,2.562349319
15:11:14,2.563208818,3.506479502,2.562286377
15:11:14,2.563427448,3.506221533,2.56120491
15:11:14,2.563251734,3.506671906,2.560518026
15:11:14,2.564108133,3.50689435,2.561134338
15:11:14,2.563068867,3.50451827,2.560549021
15:11:14,2.563226461,3.506102324,2.56136775
15:11:14,2.562822819,3.505891562,2.560424566
15:11:14,2.562742233,3.507268667,2.561141968
15:11:14,2.562852859,3.507879019,2.561013222
15:11:14,2.563090563,3.511824369,2.559476852
15:11:14,2.563609838,3.512854576,2.560779095
15:11:14,2.563622475,3.512712955,2.560290575
15:11:14,2.564010143,3.511702776,2.561970234
15:11:14,2.564105511,3.51153326,2.561854362
15:11:14,2.563679218,3.510047674,2.561978579
15:11:14,2.563800097,3.511088371,2.561563015
15:11:14,2.562728882,3.508694649,2.561893463
15:11:14,2.562600374,3.508318424,2.56205821
15:11:14,2.562371016,3.506983519,2.561561346
15:11:14,2.562556028,3.505228519,2.561296225
15:11:14,2.562629223,3.505632639,2.560525894
15:11:14,2.563052893,3.505766392,2.560142279
15:11:14,2.563532114,3.507093906,2.558494568
15:11:14,2.563233852,3.50878644,2.559212923
15:11:14,2.562976599,3.508434772,2.56071353
15:11:14,2.563306093,3.508439302,2.561310291
15:11:14,2.564355373,3.50807023,2.563214064
15:11:14,2.563755274,3.509249687,2.561573982
15:11:14,2.563620567,3.510327578,2.562958956
15:11:14,2.563760042,3.511777878,2.561362982
15:11:14,2.563141584,3.513167858,2.560711622
15:11:14,2.5629704,3.513962507,2.561886787
15:11:14,2.563586473,3.512597561,2.559994936
15:11:14,2.563185692,3.511258602,2.560629845
15:11:14,2.562695503,3.510635376,2.560341358
15:11:14,2.563760042,3.510609388,2.561193705
15:11:14,2.563412428,3.509793758,2.560364008
15:11:14,2.563389301,3.507849455,2.562216759
15:11:14,2.563933849,3.507062197,2.561327219
15:11:14,2.562528133,3.505562782,2.560351372
15:11:14,2.563781977,3.50665617,2.561486721
15:11:14,2.564357281,3.506244659,2.561804056
15:11:14,2.564287186,3.505177736,2.560353279
15:11:14,2.563915253,3.50557065,2.56157732
15:11:14,2.563466311,3.505750418,2.561616898
15:11:14,2.562514305,3.505935669,2.561085463
15:11:14,2.563347816,3.506132364,2.561975718
15:11:14,2.56308341,3.511155367,2.561132431
15:11:14,2.564195156,3.512554407,2.56068182
15:11:14,2.565206289,3.514968395,2.561458588
15:11:14,2.564683676,3.514156342,2.560402155
15:11:14,2.564297676,3.515865564,2.562091827
15:11:14,2.56414032,3.514950752,2.562091827
15:11:14,2.563429832,3.514066935,2.562325478
15:11:14,2.564358473,3.512072086,2.562118292
15:11:14,2.5629251,3.510388136,2.560800314
15:11:14,2.563426256,3.510726929,2.561669827
15:11:14,2.564100742,3.509403706,2.561432362
15:11:14,2.564646006,3.507438421,2.561141491
15:11:14,2.563206196,3.50626421,2.561407328
15:11:14,2.563401699,3.504835844,2.559103489
15:11:14,2.564065218,3.503987551,2.560444593
15:11:14,2.563503265,3.505727768,2.560824871
15:11:14,2.564152956,3.506236076,2.560356379
15:11:14,2.563984632,3.508086205,2.560429811
15:11:14,2.56293273,3.510178804,2.56222415
15:11:14,2.564117432,3.509779453,2.561664104
15:11:14,2.56401825,3.510623217,2.560865641
15:11:14,2.563668013,3.513319016,2.560773134
15:11:14,2.564479351,3.515888453,2.561489582
15:11:14,2.564149857,3.516429424,2.559947252
15:11:14,2.563389301,3.516372204,2.560005903
15:11:14,2.563388586,3.515046835,2.562308073
15:11:14,2.564537525,3.513286352,2.561935902
15:11:14,2.563638926,3.511704206,2.562662601
15:11:14,2.563930988,3.507545471,2.563279152
15:11:14,2.563219309,3.505853176,2.56321764
15:11:14,2.564164162,3.50523901,2.561990023
15:11:14,2.564030647,3.505022526,2.560644627
15:11:14,2.564169407,3.505705833,2.560760498
15:11:14,2.562958479,3.507013798,2.560445309
15:11:14,2.562886953,3.507471561,2.560389519
15:11:15,2.56372571,3.510314703,2.560044527
15:11:15,2.565016031,3.512721539,2.561733246
15:11:15,2.563718319,3.51365447,2.561859846
15:11:15,2.562726021,3.512876749,2.561424494
15:11:15,2.562997341,3.512324572,2.560813665
15:11:15,2.562493324,3.51206708,2.561970711
15:11:15,2.563387394,3.511492968,2.563838482
15:11:15,2.563794136,3.511522293,2.561779737
15:11:15,2.562828302,3.510648727,2.56230545
15:11:15,2.562936544,3.510678768,2.561380148
15:11:15,2.563934326,3.51087451,2.560774326
15:11:15,2.565051556,3.509539604,2.560270548
15:11:15,2.563958168,3.509294033,2.560798407
15:11:15,2.564005136,3.508583546,2.560886383
15:11:15,2.564112186,3.50619483,2.560575962
15:11:15,2.56410408,3.506136179,2.56103754
15:11:15,2.563913822,3.506067753,2.562485933
15:11:15,2.564035416,3.505456448,2.563472748
15:11:15,2.563004017,3.50593996,2.562296391
15:11:15,2.56387043,3.507794857,2.561919451
15:11:15,2.564251423,3.508770227,2.561664581
15:11:15,2.56380105,3.514191151,2.560501337
15:11:15,2.563776493,3.513163805,2.560376406
15:11:15,2.562875986,3.513609409,2.560347795
15:11:15,2.562971592,3.513233423,2.560291767
15:11:15,2.56325984,3.510477781,2.559967756
15:11:15,2.563234806,3.510687113,2.559710979
15:11:15,2.562804937,3.510799885,2.561409235
15:11:15,2.562952042,3.510787487,2.562346458
15:11:15,2.563735485,3.510725498,2.562122345
15:11:15,2.563834429,3.510588646,2.562077284
15:11:15,2.563375473,3.508897543,2.561208248
15:11:15,2.563389301,3.508194208,2.560726404
15:11:15,2.563484192,3.509623528,2.5599401
15:11:15,2.563763857,3.509735584,2.560452461
15:11:15,2.563572884,3.509187698,2.560421467
15:11:15,2.563463926,3.508066177,2.560953856
15:11:15,2.56308794,3.506308556,2.562202454
15:11:15,2.562121868,3.503756046,2.56107831
15:11:15,2.562125206,3.502825499,2.562446833
15:11:15,2.563465118,3.503499031,2.561789036
15:11:15,2.562719345,3.504621267,2.560774326
15:11:15,2.56304884,3.509963036,2.561239481
15:11:15,2.562518597,3.511869907,2.5596416
15:11:15,2.563013792,3.513231754,2.560775995
15:11:15,2.563973904,3.514529467,2.561008453
15:11:15,2.563200235,3.515168905,2.560613155
15:11:15,2.563849688,3.514889717,2.561804771
15:11:15,2.563508034,3.514420509,2.560814857
15:11:15,2.564856529,3.512381554,2.561121702
15:11:15,2.563874245,3.510381699,2.563685656
15:11:15,2.564941883,3.509799004,2.562936544
15:11:15,2.564371586,3.507084608,2.563097715
15:11:15,2.562996387,3.506387472,2.561621666
15:11:15,2.563365936,3.507590532,2.560315609
15:11:15,2.564451218,3.509162426,2.56033659
15:11:15,2.563358545,3.509583712,2.558328152
15:11:15,2.563145399,3.508141756,2.559838533
15:11:15,2.563272476,3.508463383,2.559273243
15:11:15,2.562822819,3.507211447,2.559216499
15:11:15,2.563099861,3.508297682,2.562291622
15:11:15,2.563408375,3.509104729,2.561233282
15:11:15,2.563929558,3.508506775,2.561628819
15:11:15,2.564017534,3.50996995,2.564452171
15:11:15,2.56330061,3.510857344,2.564028263
15:11:15,2.564059258,3.510923147,2.562496662
15:11:15,2.563423634,3.511650085,2.562097311
15:11:15,2.564095497,3.512051344,2.559681416
15:11:15,2.563677311,3.511943817,2.559581995
15:11:15,2.564031363,3.511604548,2.558987617
15:11:15,2.56286788,3.509018183,2.560452461
15:11:15,2.562598228,3.50926733,2.561333895
15:11:15,2.562985659,3.506872654,2.56050539
15:11:15,2.562660933,3.505969286,2.561532021
15:11:15,2.562953949,3.504836559,2.56233263
15:11:15,2.562277079,3.503966808,2.561446428
15:11:15,2.562052727,3.502702951,2.561370134
15:11:15,2.562196732,3.506720066,2.560896873
15:11:15,2.563090086,3.508009434,2.561398268
15:11:15,2.562868595,3.508713484,2.559876442
15:11:15,2.563549757,3.510250092,2.560955763
15:11:15,2.564086914,3.511894226,2.561191797
15:11:15,2.563695192,3.514670849,2.560798883
15:11:15,2.564130545,3.515255451,2.560002327
15:11:15,2.563131332,3.514750004,2.562258482
15:11:15,2.562729597,3.513912678,2.562134266
15:11:15,2.563496828,3.512820721,2.562366247
15:11:15,2.563313246,3.51102829,2.562597275
15:11:15,2.563564539,3.513012886,2.562239408
15:11:15,2.564032078,3.513254404,2.561139822
15:11:15,2.563722849,3.512356758,2.560887098
15:11:15,2.56370306,3.505965948,2.561458588
15:11:15,2.563464403,3.505674362,2.56165719
15:11:15,2.562769651,3.504998922,2.561155319
15:11:15,2.563909292,3.504683018,2.560082912
15:11:15,2.564593554,3.504674673,2.561311007
15:11:15,2.563412428,3.505749226,2.561654806
15:11:15,2.563976526,3.505406141,2.561905861
15:11:15,2.562830925,3.507314682,2.561992884
15:11:15,2.563286781,3.508275747,2.561957598
15:11:15,2.563218832,3.507962942,2.561462879
15:11:15,2.56282711,3.509352922,2.561657906
15:11:15,2.563669443,3.512195349,2.560460806
15:11:15,2.563563824,3.512356043,2.560982227
15:11:15,2.563066244,3.512714863,2.560254574
15:11:15,2.563768387,3.513267517,2.561940432
15:11:15,2.563293457,3.51300478,2.562123537
15:11:15,2.564028263,3.51318717,2.561071396
15:11:15,2.563792706,3.512480736,2.561674595
15:11:15,2.563179255,3.509297371,2.562902212
15:11:15,2.563606501,3.507802725,2.561551094
15:11:15,2.562618256,3.507114887,2.560863018
15:11:15,2.562607527,3.505164623,2.560678005
15:11:15,2.562389374,3.504786491,2.560822725
15:11:15,2.562590361,3.503006935,2.558876753
15:11:15,2.562588453,3.503638506,2.559817553
15:11:15,2.563183546,3.506677628,2.559826136
15:11:15,2.562616587,3.507406473,2.559971809
15:11:15,2.563374758,3.50961709,2.560533762
15:11:16,2.56286335,3.509565592,2.561553001
15:11:16,2.56337738,3.510771275,2.561210871
15:11:16,2.563681364,3.511642218,2.561667442
15:11:16,2.563266993,3.512358665,2.560755253
15:11:16,2.56416893,3.51259017,2.56171155
15:11:16,2.563428879,3.511441946,2.561588049
15:11:16,2.563541174,3.511053085,2.561566591
15:11:16,2.562061071,3.509212732,2.561691284
15:11:16,2.563181877,3.510238171,2.560211658
15:11:16,2.56300807,3.509459257,2.559038639
15:11:16,2.562648296,3.509355545,2.560225487
15:11:16,2.562518597,3.508111954,2.559461832
15:11:16,2.563186407,3.507870436,2.560589314
15:11:16,2.563103914,3.507592678,2.560039043
15:11:16,2.562456369,3.507075071,2.561573505
15:11:16,2.562910318,3.507191181,2.561491966
15:11:16,2.562293291,3.5070889,2.561005831
15:11:16,2.561940432,3.507873058,2.560582161
15:11:16,2.563359261,3.5101161,2.561503887
15:11:16,2.564072371,3.50985837,2.559435368
15:11:16,2.563179255,3.509472847,2.56047225
15:11:16,2.563858271,3.51288414,2.561258554
15:11:16,2.563917637,3.512270451,2.561915398
15:11:16,2.563274384,3.512960911,2.562254667
15:11:16,2.562754869,3.513014555,2.561736107
15:11:16,2.562929392,3.511972427,2.562070131
15:11:16,2.562389374,3.511202574,2.562007427
15:11:16,2.563209534,3.510040998,2.561879635
15:11:16,2.564083338,3.510097265,2.560638905
15:11:16,2.563542366,3.510186672,2.560402155
15:11:16,2.564127684,3.508915901,2.561749458
15:11:16,2.563657522,3.508928061,2.560188532
15:11:16,2.563211679,3.50654459,2.559845924
15:11:16,2.563068867,3.506068468,2.559781313
15:11:16,2.563313246,3.503597975,2.559114933
15:11:16,2.563979149,3.502799511,2.561620951
15:11:16,2.563225269,3.504027605,2.56017065
15:11:16,2.564495087,3.505677462,2.561487913
15:11:16,2.563590765,3.506951094,2.561993361
15:11:16,2.563266993,3.510889292,2.561601877
15:11:16,2.562861443,3.511992455,2.561527729
15:11:16,2.563701153,3.512519598,2.561809063
15:11:16,2.563496828,3.514509201,2.561969519
15:11:16,2.563426256,3.514316082,2.56033206
15:11:16,2.563247204,3.514172316,2.560619116
15:11:16,2.563239098,3.514577627,2.560798407
15:11:16,2.563407183,3.510804653,2.560868502
15:11:16,2.562664509,3.510086775,2.561050177
15:11:16,2.563621044,3.508066654,2.560622692
15:11:16,2.564205408,3.506201506,2.561512232
15:11:16,2.563628912,3.505555868,2.560280561
15:11:16,2.563118458,3.505263329,2.561327934
15:11:16,2.562978983,3.505474567,2.561422586
15:11:16,2.563410282,3.506985664,2.560656071
15:11:16,2.563954115,3.507692337,2.561099768
15:11:16,2.563160658,3.508595228,2.560887575
15:11:16,2.563324451,3.510634899,2.561004877
15:11:16,2.563747406,3.51154232,2.560312986
15:11:16,2.563941479,3.511927128,2.561038971
15:11:16,2.563452482,3.510882139,2.560254097
15:11:16,2.563212156,3.511423111,2.561986923
15:11:16,2.562835455,3.511548519,2.560380936
15:11:16,2.563302517,3.512363195,2.561318636
15:11:16,2.562624931,3.511259317,2.562044859
15:11:16,2.562695026,3.510691166,2.561293125
15:11:16,2.563122272,3.510747671,2.561437845
15:11:16,2.563584089,3.5107131,2.561339855
15:11:16,2.563655376,3.508989573,2.561199903
15:11:16,2.564418793,3.508857965,2.56157279
15:11:16,2.564708233,3.507359505,2.561387539
15:11:16,2.564050436,3.506750107,2.55988574
15:11:16,2.564705849,3.506931543,2.560222864
15:11:16,2.56355834,3.505404711,2.559134483
15:11:16,2.563537836,3.506091833,2.560391665
15:11:16,2.563285589,3.507029295,2.560562849
15:11:16,2.563925028,3.508872032,2.560720921
15:11:16,2.563256264,3.509012222,2.560769796
15:11:16,2.564064264,3.511195183,2.560313463
15:11:16,2.564036846,3.511626005,2.560331345
15:11:16,2.563225269,3.510898829,2.560521841
15:11:16,2.561990499,3.510420084,2.561130762
15:11:16,2.563555717,3.510938168,2.562037706
15:11:16,2.563314438,3.509919167,2.562273026
15:11:16,2.562897682,3.50868082,2.560607672
15:11:16,2.563306093,3.508631229,2.561720133
15:11:16,2.562766075,3.507232189,2.56139636
15:11:16,2.563486338,3.507882833,2.561921835
15:11:16,2.563343763,3.507162571,2.560169935
15:11:16,2.563845158,3.508347273,2.559204578
15:11:16,2.563696623,3.508864164,2.560605288
15:11:16,2.564023495,3.509307623,2.559487343
15:11:16,2.563474417,3.508755207,2.56050396
15:11:16,2.563082457,3.50957799,2.560666561
15:11:16,2.562903643,3.509027958,2.560773134
15:11:16,2.562983751,3.509505987,2.560628414
15:11:16,2.562453508,3.509075403,2.56163168
15:11:16,2.562671661,3.508137941,2.560906887
15:11:16,2.562647104,3.509009838,2.561490297
15:11:16,2.562469006,3.509580612,2.561634302
15:11:16,2.561784983,3.509527206,2.561429739
15:11:16,2.562201262,3.50922966,2.562558889
15:11:16,2.562855244,3.510011196,2.560683966
15:11:16,2.563229322,3.51234293,2.560961008
15:11:16,2.563037872,3.512702465,2.561345816
15:11:16,2.564079762,3.511187553,2.560668707
15:11:16,2.564470768,3.511076689,2.560244083
15:11:16,2.563688755,3.509527683,2.561809063
15:11:16,2.564414501,3.510674477,2.560737371
15:11:16,2.564388275,3.510529995,2.561122417
15:11:16,2.563856125,3.507578373,2.560656071
15:11:16,2.564790726,3.507014513,2.560920715
15:11:16,2.563895941,3.505754471,2.561380863
15:11:16,2.563313961,3.506656647,2.561230421
15:11:16,2.563441753,3.507215977,2.561751842
15:11:16,2.563419819,3.507596254,2.562442541
15:11:16,2.563037157,3.507668734,2.561917067
15:11:17,2.563389301,3.510112286,2.562275887
15:11:17,2.564229012,3.511130095,2.560245991
15:11:17,2.563605309,3.509674311,2.562351704
15:11:17,2.563365936,3.511521578,2.56150794
15:11:17,2.563312531,3.510459185,2.561103106
15:11:17,2.563786983,3.511440754,2.561714172
15:11:17,2.564473867,3.512187004,2.562939167
15:11:17,2.564453363,3.512902021,2.560564756
15:11:17,2.564416647,3.51187253,2.560027838
15:11:17,2.563325882,3.511704206,2.561375618
15:11:17,2.563058376,3.5084126,2.561994791
15:11:17,2.563942194,3.50773859,2.561751842
15:11:17,2.56261611,3.506883383,2.561160088
15:11:17,2.564912081,3.506904125,2.562215567
15:11:17,2.5639112,3.508180857,2.561312914
15:11:17,2.563899279,3.507306814,2.561720133
15:11:17,2.563464403,3.507691145,2.561005831
15:11:17,2.563040972,3.509759903,2.561382771
15:11:17,2.564049959,3.510466099,2.56165266
15:11:17,2.56354928,3.510919333,2.560337782
15:11:17,2.5634799,3.511740685,2.562443733
15:11:17,2.563837767,3.510873079,2.561156988
15:11:17,2.564136505,3.511721373,2.562795401
15:11:17,2.563507557,3.511527538,2.561385632
15:11:17,2.563589334,3.51199913,2.561956882
15:11:17,2.564769268,3.513103724,2.562092543
15:11:17,2.564038754,3.512949944,2.561591148
15:11:17,2.563616514,3.513526678,2.560715675
15:11:17,2.563495636,3.509949684,2.561054945
15:11:17,2.564349413,3.508159399,2.561279297
15:11:17,2.563719034,3.508100748,2.561778545
15:11:17,2.563658714,3.508158684,2.560879946
15:11:17,2.563522816,3.507909298,2.561058283
15:11:17,2.56340003,3.509290218,2.561141491
15:11:17,2.563395262,3.509725809,2.561372995
15:11:17,2.56257844,3.50797081,2.560907364
15:11:17,2.562488794,3.508317947,2.561606407
15:11:17,2.562840223,3.507638216,2.561054945
15:11:17,2.563715696,3.509511232,2.560979605
15:11:17,2.563789129,3.510739803,2.561327219
15:11:17,2.564063787,3.511672258,2.56251049
15:11:17,2.563640118,3.512052774,2.560259581
15:11:17,2.564189196,3.513408422,2.561994791
15:11:17,2.563976526,3.513010502,2.561183214
15:11:17,2.564025402,3.512840986,2.562064648
15:11:17,2.564980745,3.511372328,2.561228752
15:11:17,2.563508749,3.511326551,2.561607122
15:11:17,2.56445241,3.511780739,2.561591148
15:11:17,2.563104391,3.511465549,2.561150312
15:11:17,2.563557625,3.506192207,2.562372208
15:11:17,2.563205481,3.507456064,2.560735464
15:11:17,2.563276052,3.507898569,2.561223269
15:11:17,2.562841654,3.507050991,2.559506893
15:11:17,2.563875198,3.508428335,2.560624838
15:11:17,2.56304884,3.50834775,2.560621023
15:11:17,2.563136816,3.508214474,2.560100079
15:11:17,2.563802719,3.507907152,2.561941624
15:11:17,2.563287973,3.507527828,2.561045885
15:11:17,2.563215494,3.508305788,2.561642885
15:11:17,2.564185381,3.511287212,2.561676025
15:11:17,2.56479001,3.512398481,2.561168909
15:11:17,2.563631773,3.512622118,2.560978889
15:11:17,2.564678431,3.512670517,2.561041117
15:11:17,2.564117432,3.510762215,2.56154561
15:11:17,2.564079046,3.510520697,2.560993433
15:11:17,2.564254999,3.511626005,2.562856197
15:11:17,2.564421415,3.510084867,2.5620718
15:11:17,2.564736366,3.510091782,2.56191659
15:11:17,2.564174414,3.510158062,2.560163498
15:11:17,2.563047647,3.510398626,2.561459064
15:11:17,2.564445019,3.511303663,2.562278986
15:11:17,2.563667297,3.510191917,2.561669111
15:11:17,2.563636303,3.509600163,2.560786486
15:11:17,2.564233065,3.510904312,2.560264349
15:11:17,2.563263655,3.50950551,2.560099363
15:11:17,2.562915325,3.509363174,2.561262131
15:11:17,2.563828707,3.508300304,2.561742067
15:11:17,2.563731194,3.50950098,2.562763691
15:11:17,2.563489676,3.509195566,2.561941624
15:11:17,2.564275265,3.509837389,2.561986923
15:11:17,2.563978434,3.511117697,2.56107831
15:11:17,2.56426692,3.510625601,2.559936047
15:11:17,2.564274073,3.510354996,2.561264992
15:11:17,2.563744783,3.510679245,2.560828209
15:11:17,2.563736677,3.511333704,2.563058138
15:11:17,2.563456535,3.511036873,2.561213493
15:11:17,2.564138412,3.51021409,2.561264992
15:11:17,2.563794851,3.511123657,2.561710835
15:11:17,2.563683271,3.509589672,2.56111908
15:11:17,2.563658714,3.509407043,2.560208321
15:11:17,2.56251359,3.508657217,2.561064243
15:11:17,2.563086033,3.508286238,2.561113834
15:11:17,2.563298702,3.508531332,2.560263872
15:11:17,2.563067436,3.508273602,2.559984207
15:11:17,2.563668728,3.508610964,2.560016632
15:11:17,2.563434124,3.50709343,2.559892893
15:11:17,2.563506842,3.50619173,2.56157136
15:11:17,2.562484026,3.506983042,2.559885025
15:11:17,2.562795877,3.507339954,2.560676336
15:11:17,2.562924147,3.509685516,2.560472727
15:11:17,2.562633991,3.510412455,2.559437275
15:11:17,2.563835144,3.510879517,2.560159206
15:11:17,2.563128471,3.510689735,2.561441183
15:11:17,2.562976837,3.510788202,2.561828613
15:11:17,2.56322217,3.51160717,2.561095476
15:11:17,2.563071489,3.510262966,2.561107397
15:11:17,2.563004017,3.509318113,2.562289476
15:11:17,2.562319994,3.510249138,2.562124968
15:11:17,2.563275576,3.508372784,2.559934616
15:11:17,2.563617706,3.508233309,2.560238838
15:11:17,2.564275265,3.508867979,2.5610466
15:11:17,2.56397748,3.508497477,2.560561657
15:11:17,2.565000534,3.507661819,2.562696934
15:11:17,2.565414906,3.507837057,2.561784506
15:11:17,2.564421415,3.50842452,2.561479568
15:11:18,2.564118624,3.510664225,2.56152916
15:11:18,2.564627409,3.510483503,2.561872482
15:11:18,2.563913107,3.510613918,2.562185049
15:11:18,2.564656496,3.511820555,2.562858105
15:11:18,2.564701319,3.512572765,2.560795069
15:11:18,2.564158201,3.512039423,2.561666012
15:11:18,2.56342268,3.512468338,2.561480284
15:11:18,2.564301014,3.511490822,2.561291933
15:11:18,2.564343214,3.511909008,2.560881138
15:11:18,2.563768387,3.510732412,2.56167531
15:11:18,2.56464529,3.511425018,2.562665939
15:11:18,2.563781023,3.511437416,2.562288284
15:11:18,2.564504862,3.51043129,2.560124636
15:11:18,2.563854933,3.50983882,2.561245203
15:11:18,2.563554525,3.510257721,2.559901953
15:11:18,2.564119339,3.509502172,2.560773134
15:11:18,2.564019918,3.509070873,2.56205821
15:11:18,2.563882113,3.509477377,2.561560154
15:11:18,2.563362837,3.507493734,2.5624125
15:11:18,2.562930584,3.507586479,2.561285734
15:11:18,2.563637733,3.508080721,2.561973333
15:11:18,2.563435316,3.509800434,2.560872316
15:11:18,2.56334424,3.510478735,2.561264038
15:11:18,2.564328671,3.509307146,2.562384844
15:11:18,2.563952923,3.508711576,2.561505079
15:11:18,2.564409256,3.509005547,2.561611891
15:11:18,2.564608097,3.509108067,2.56246829
15:11:18,2.563708544,3.508768797,2.56103754
15:11:18,2.564830303,3.50999999,2.561183691
15:11:18,2.564064264,3.511005402,2.560190439
15:11:18,2.564377546,3.510942698,2.561701059
15:11:18,2.564329147,3.511316776,2.561671734
15:11:18,2.564188004,3.509074211,2.561390877
15:11:18,2.563475847,3.509780169,2.561472178
15:11:18,2.563803434,3.510477781,2.560378313
15:11:18,2.564611435,3.511974335,2.561093807
15:11:18,2.56441927,3.512244463,2.561089993
15:11:18,2.56415391,3.510469675,2.560978889
15:11:18,2.564207077,3.51091671,2.56182456
15:11:18,2.564026117,3.509335279,2.560961008
15:11:18,2.564209938,3.50818181,2.560972452
15:11:18,2.56340766,3.509610653,2.56095624
15:11:18,2.563163757,3.510344028,2.560837507
15:11:18,2.563444138,3.511064768,2.561995983
15:11:18,2.563181162,3.510644674,2.56364131
15:11:18,2.563597918,3.510809183,2.562731504
15:11:18,2.563530207,3.511937618,2.561743975
15:11:18,2.56370306,3.512630224,2.562460423
15:11:18,2.564893723,3.513425589,2.560489416
15:11:18,2.564314842,3.514505386,2.561589956
15:11:18,2.563400984,3.51184535,2.561771154
15:11:18,2.563942909,3.510741472,2.56251049
15:11:18,2.564613581,3.510601997,2.561719418
15:11:18,2.564843416,3.5070889,2.562235832
15:11:18,2.563514709,3.505928755,2.562696934
15:11:18,2.56413579,3.507554531,2.56133008
15:11:18,2.563784838,3.50795269,2.560171127
15:11:18,2.564091682,3.50796628,2.560876369
15:11:18,2.563134909,3.508615971,2.561483383
15:11:18,2.563195467,3.50903964,2.562483311
15:11:18,2.563891411,3.509050131,2.562933207
15:11:18,2.563789129,3.508966446,2.563116789
15:11:18,2.564148426,3.51021409,2.563575268
15:11:18,2.564605474,3.513867855,2.563429117
15:11:18,2.56407094,3.513758898,2.562656164
15:11:18,2.564653158,3.51375699,2.562253237
15:11:18,2.564559937,3.513441801,2.563227415
15:11:18,2.562989473,3.512608051,2.561415434
15:11:18,2.564446926,3.512742758,2.560707808
15:11:18,2.56400919,3.512207508,2.561338425
15:11:18,2.562550783,3.50851059,2.560899496
15:11:18,2.562916756,3.508483648,2.561415434
15:11:18,2.562949181,3.507217884,2.562794209
15:11:18,2.563758612,3.506173372,2.561264992
15:11:18,2.562947035,3.504368544,2.561377764
15:11:18,2.563023806,3.50491333,2.560600519
15:11:18,2.563315153,3.50546217,2.561079979
15:11:18,2.563590765,3.508722544,2.56091094
15:11:18,2.563566208,3.5094769,2.560537815
15:11:18,2.563645124,3.509515762,2.561134338
15:11:18,2.562947035,3.51116395,2.560022593
15:11:18,2.562619448,3.512907982,2.560904026
15:11:18,2.563781977,3.513674021,2.55970645
15:11:18,2.562695026,3.51458168,2.561738014
15:11:18,2.563568354,3.513238192,2.561228037
15:11:18,2.563448906,3.51099515,2.56054759
15:11:18,2.562834263,3.511304379,2.560752153
15:11:18,2.562904358,3.509698629,2.560707808
15:11:18,2.563803434,3.507792234,2.560752153
15:11:18,2.56317997,3.507352352,2.560629845
15:11:18,2.562110662,3.506582499,2.561833858
15:11:18,2.562565804,3.507781506,2.561104536
15:11:18,2.563058376,3.507302284,2.561230898
15:11:18,2.562584877,3.506621599,2.55965209
15:11:18,2.562665224,3.508411169,2.560789585
15:11:18,2.563900471,3.509555817,2.560317516
15:11:18,2.562958479,3.50891304,2.560310364
15:11:18,2.563030243,3.510095358,2.560554981
15:11:18,2.563451529,3.510147333,2.560904026
15:11:18,2.56355381,3.510133743,2.560734987
15:11:18,2.562182665,3.509588957,2.559826136
15:11:18,2.562596321,3.509063721,2.560024023
15:11:18,2.562604189,3.508774042,2.559656143
15:11:18,2.563947439,3.507820129,2.560377598
15:11:18,2.56285882,3.506797791,2.560902119
15:11:18,2.563481331,3.506992102,2.560940981
15:11:18,2.562568665,3.506676197,2.560250759
15:11:18,2.562881947,3.506063223,2.561141968
15:11:18,2.562458277,3.506750107,2.560540915
15:11:18,2.562551498,3.509072304,2.560634375
15:11:18,2.561338186,3.508877993,2.561811447
15:11:18,2.563506126,3.509732723,2.560585976
15:11:18,2.56298089,3.509076118,2.561837912
15:11:18,2.562627316,3.508176327,2.559133768
15:11:18,2.562652588,3.508265257,2.560671568
15:11:18,2.562334061,3.506947994,2.55906105
15:11:18,2.563266993,3.508126259,2.560361862
15:11:18,2.562532425,3.507372379,2.560107231
15:11:18,2.562329531,3.507193804,2.560323
15:11:19,2.562827587,3.507303476,2.559056997
15:11:19,2.563401699,3.508349895,2.560337782
15:11:19,2.56314683,3.508768082,2.560458899
15:11:19,2.561723471,3.50995779,2.561866999
15:11:19,2.562762976,3.511072636,2.561390877
15:11:19,2.562585592,3.509061098,2.560534239
15:11:19,2.562628031,3.509998083,2.56178093
15:11:19,2.56274581,3.509405851,2.562438488
15:11:19,2.563672543,3.508845329,2.562157154
15:11:19,2.562860727,3.509210587,2.560642958
15:11:19,2.562603712,3.5101614,2.560758591
15:11:19,2.562795401,3.509888411,2.560529947
15:11:19,2.563354254,3.509056091,2.558712482
15:11:19,2.562826395,3.508985519,2.559693813
15:11:19,2.564230919,3.509587765,2.560761929
15:11:19,2.561646223,3.508631229,2.560456514
15:11:19,2.563299417,3.50996542,2.561218977
15:11:19,2.562837362,3.509452105,2.560963154
15:11:19,2.562437296,3.50868988,2.560560465
15:11:19,2.563142061,3.509875536,2.561482906
15:11:19,2.562587738,3.509187698,2.560868502
15:11:19,2.562565804,3.506197453,2.560146332
15:11:19,2.562886953,3.50841403,2.561286449
15:11:19,2.564161062,3.508990526,2.561444283
15:11:19,2.563459873,3.508445978,2.561823368
15:11:19,2.563523293,3.511487722,2.561005354
15:11:19,2.564086914,3.511790514,2.561453581
15:11:19,2.563373327,3.512224197,2.560996771
15:11:19,2.563571692,3.511716604,2.560396194
15:11:19,2.563189507,3.512226343,2.560340643
15:11:19,2.563709021,3.511636496,2.560857773
15:11:19,2.563785553,3.511228561,2.560279846
15:11:19,2.563298702,3.508884907,2.560649395
15:11:19,2.563926935,3.50794673,2.560689926
15:11:19,2.562922239,3.506300688,2.56130147
15:11:19,2.562355995,3.505594254,2.561680555
15:11:19,2.563405752,3.50581789,2.561897993
15:11:19,2.56308794,3.506827354,2.561563015
15:11:19,2.563455343,3.506058693,2.56157279
15:11:19,2.5630126,3.508982897,2.56035471
15:11:19,2.563362837,3.509180546,2.560736895
15:11:19,2.563436985,3.509808064,2.560839415
15:11:19,2.563367605,3.510745049,2.560674667
15:11:19,2.562988043,3.511359692,2.561524391
15:11:19,2.562753677,3.512486696,2.560728073
15:11:19,2.562366009,3.512234449,2.560499907
15:11:19,2.563131332,3.510046482,2.560159206
15:11:19,2.562963963,3.507970333,2.56004405
15:11:19,2.56230545,3.508584738,2.561036825
15:11:19,2.563013077,3.508124113,2.561905146
15:11:19,2.563605309,3.508625269,2.562570095
15:11:19,2.563675404,3.508090496,2.561104536
15:11:19,2.564069748,3.510302782,2.561187267
15:11:19,2.563099146,3.508818388,2.560724258
15:11:19,2.56392765,3.508594513,2.560428619
15:11:19,2.563106298,3.508863449,2.561042309
15:11:19,2.563420773,3.509752274,2.561761856
15:11:19,2.562613726,3.510277271,2.559304237
15:11:19,2.562972307,3.509573936,2.561789751
15:11:19,2.563815355,3.510640383,2.560688972
15:11:19,2.562909603,3.50972724,2.56153965
15:11:19,2.563254595,3.511010647,2.562011242
15:11:19,2.562993526,3.510862827,2.56159997
15:11:19,2.563139439,3.509117842,2.560043097
15:11:19,2.56278801,3.510076523,2.56047225
15:11:19,2.562983036,3.509708405,2.560592175
15:11:19,2.562951326,3.510551929,2.562068224
15:11:19,2.562849998,3.508349419,2.560134888
15:11:19,2.563631773,3.50830698,2.560398817
15:11:19,2.563568354,3.508120298,2.56167531
15:11:19,2.563918352,3.50927186,2.561579943
15:11:19,2.564465523,3.50814414,2.561897993
15:11:19,2.56344533,3.507817984,2.561904192
15:11:19,2.562804937,3.50723958,2.560044527
15:11:19,2.563103914,3.508971214,2.560020685
15:11:19,2.562991381,3.507940292,2.560519934
15:11:19,2.562121868,3.508590937,2.561110973
15:11:19,2.56368804,3.510128498,2.560732365
15:11:19,2.563763142,3.51175189,2.561582088
15:11:19,2.563978195,3.51010108,2.561182499
15:11:19,2.563001156,3.509109497,2.560723066
15:11:19,2.563417196,3.510553837,2.562054873
15:11:19,2.564476013,3.510412931,2.560983419
15:11:19,2.562669039,3.509332657,2.561655521
15:11:19,2.563570261,3.509834528,2.560145617
15:11:19,2.563164473,3.510174751,2.561200619
15:11:19,2.563611746,3.511103392,2.560936451
15:11:19,2.563940287,3.511045218,2.561119795
15:11:19,2.564043999,3.508557558,2.561683893
15:11:19,2.563337088,3.508466721,2.562385321
15:11:19,2.563059092,3.509012222,2.561707735
15:11:19,2.563596487,3.510311365,2.560626268
15:11:19,2.563122988,3.511308193,2.56080699
15:11:19,2.563111067,3.510155201,2.560176611
15:11:19,2.564448833,3.510247946,2.561568737
15:11:19,2.564062357,3.510047197,2.562707663
15:11:19,2.564701319,3.510547638,2.560935974
15:11:19,2.564083338,3.510515451,2.562794209
15:11:19,2.562478065,3.509007692,2.561332703
15:11:19,2.563130379,3.508924246,2.561414003
15:11:19,2.562773228,3.508471966,2.561522961
15:11:19,2.563983917,3.508267641,2.561373711
15:11:19,2.562583923,3.508979797,2.561184406
15:11:19,2.562854052,3.508671522,2.561022043
15:11:19,2.564246655,3.511261463,2.56098938
15:11:19,2.563260555,3.51139307,2.561650753
15:11:19,2.563109875,3.511139154,2.559868574
15:11:19,2.563892126,3.511672974,2.562097311
15:11:19,2.563738346,3.510886669,2.561251402
15:11:19,2.564652443,3.509529829,2.561681271
15:11:19,2.56279397,3.509131193,2.560982704
15:11:19,2.563969135,3.508861542,2.560414791
15:11:19,2.563596249,3.507566929,2.561760187
15:11:19,2.563459873,3.507172346,2.561917782
15:11:19,2.562997341,3.506721973,2.560610056
15:11:19,2.563748598,3.506418943,2.560734272
15:11:19,2.562484503,3.507701635,2.5613029
15:11:19,2.563120365,3.507672787,2.560690641
15:11:19,2.563405752,3.509885788,2.560922861
15:11:20,2.563971996,3.512771606,2.560260773
15:11:20,2.56329155,3.513365984,2.560834646
15:11:20,2.563539743,3.511766911,2.560496807
15:11:20,2.563241959,3.509801626,2.561019659
15:11:20,2.563716173,3.508161306,2.55991745
15:11:20,2.562258005,3.507540226,2.561522961
15:11:20,2.563691616,3.507963657,2.56113553
15:11:20,2.562998533,3.507024765,2.561226845
15:11:20,2.563983917,3.506251574,2.561538458
15:11:20,2.56300211,3.507206678,2.560935259
15:11:20,2.563321114,3.507664919,2.561626911
15:11:20,2.564375639,3.510075092,2.56198287
15:11:20,2.563255548,3.510237455,2.561528444
15:11:20,2.563806057,3.511319876,2.561410666
15:11:20,2.563667297,3.511686563,2.560605288
15:11:20,2.563144684,3.511481762,2.562145233
15:11:20,2.563686609,3.510427952,2.561383486
15:11:20,2.563360929,3.510504961,2.560581446
15:11:20,2.563892126,3.509011507,2.560891628
15:11:20,2.562672853,3.508324623,2.560251951
15:11:20,2.562908173,3.508464813,2.561009884
15:11:20,2.56308341,3.509004354,2.560288429
15:11:20,2.563751221,3.509734631,2.560446024
15:11:20,2.562375784,3.510279894,2.560908794
15:11:20,2.563791037,3.51196909,2.561288357
15:11:20,2.564558744,3.512693882,2.561866283
15:11:20,2.564123154,3.512804985,2.562225342
15:11:20,2.564166784,3.511258602,2.560973644
15:11:20,2.563942194,3.509056091,2.5623281
15:11:20,2.562401295,3.508019924,2.561000586
15:11:20,2.561583996,3.507189989,2.560389042
15:11:20,2.561824799,3.507491827,2.559785128
15:11:20,2.561935425,3.506420135,2.559629679
15:11:20,2.563835859,3.507338285,2.560800314
15:11:20,2.563389778,3.507297516,2.561129808
15:11:20,2.564098835,3.50916028,2.561372519
15:11:20,2.562935352,3.509469032,2.560416698
15:11:20,2.563863516,3.511021852,2.56146884
15:11:20,2.56368041,3.511175632,2.561274529
15:11:20,2.564806223,3.51254797,2.561436415
15:11:20,2.564404488,3.512258291,2.562566519
15:11:20,2.564522266,3.511744738,2.562853336
15:11:20,2.564372778,3.511015177,2.564482689
15:11:20,2.56453371,3.51020956,2.562960148
15:11:20,2.563362122,3.509779453,2.560670853
15:11:20,2.563278913,3.508861542,2.561526537
15:11:20,2.564312935,3.509810686,2.56094861
15:11:20,2.563765287,3.509215593,2.56058383
15:11:20,2.563796282,3.509318113,2.56071353
15:11:20,2.563369274,3.51078105,2.561150789
15:11:20,2.563590765,3.508730412,2.561487913
15:11:20,2.563676119,3.50937438,2.561570168
15:11:20,2.563908577,3.50873661,2.561463356
15:11:20,2.562396049,3.507931232,2.56135726
15:11:20,2.562664509,3.507736206,2.560137749
15:11:20,2.562917471,3.507213354,2.561206341
15:11:20,2.563103199,3.509066343,2.560648203
15:11:20,2.561947584,3.509458542,2.560970783
15:11:20,2.563168526,3.50971818,2.561349154
15:11:20,2.562935829,3.510070562,2.56178093
15:11:20,2.562908173,3.510578871,2.561199903
15:11:20,2.563216209,3.510489941,2.560347795
15:11:20,2.562462807,3.509783983,2.561240673
15:11:20,2.563160181,3.509170771,2.559595346
15:11:20,2.563677311,3.510037422,2.561594725
15:11:20,2.563806772,3.509587049,2.560629845
15:11:20,2.563774824,3.509889126,2.561420679
15:11:20,2.563745975,3.510200977,2.562876701
15:11:20,2.564190626,3.509442091,2.562244892
15:11:20,2.56381011,3.510531187,2.56178689
15:11:20,2.564157009,3.511072636,2.561066866
15:11:20,2.564123869,3.510917187,2.561237574
15:11:20,2.564351797,3.511754513,2.561519384
15:11:20,2.563750029,3.511901379,2.562681198
15:11:20,2.563150167,3.510336637,2.562187672
15:11:20,2.563290596,3.509458542,2.562415123
15:11:20,2.563400984,3.508371353,2.561674118
15:11:20,2.56362772,3.50852108,2.561023235
15:11:20,2.56310153,3.509613752,2.560168743
15:11:20,2.563040257,3.507286549,2.560280561
15:11:20,2.56396389,3.508216619,2.561133623
15:11:20,2.563357592,3.509827137,2.560444593
15:11:20,2.563145876,3.510418892,2.5610919
15:11:20,2.563118935,3.511103392,2.561411858
15:11:20,2.563905239,3.512256861,2.56177187
15:11:20,2.56377244,3.511454344,2.561904669
15:11:20,2.563235283,3.511090755,2.560982227
15:11:20,2.562583923,3.510997772,2.559881687
15:11:20,2.56314683,3.508304358,2.561072111
15:11:20,2.563562393,3.508141756,2.561710358
15:11:20,2.563793421,3.50818038,2.561967373
15:11:20,2.563486338,3.509286165,2.562135458
15:11:20,2.564300299,3.508627415,2.561644793
15:11:20,2.564259291,3.508074522,2.56282711
15:11:20,2.564493418,3.508280039,2.561579227
15:11:20,2.564155579,3.509957075,2.562034369
15:11:20,2.563357592,3.509862423,2.560881853
15:11:20,2.563760519,3.509450436,2.562091827
15:11:20,2.563841105,3.511375666,2.562511921
15:11:20,2.5641222,3.511651516,2.561989307
15:11:20,2.564797163,3.51168251,2.561566114
15:11:20,2.564515591,3.510581255,2.562558889
15:11:20,2.56496644,3.512035131,2.562529087
15:11:20,2.564558029,3.511510849,2.563111067
15:11:20,2.564787865,3.512290001,2.562152863
15:11:20,2.563981771,3.510674477,2.561564684
15:11:20,2.563761234,3.510484934,2.561085463
15:11:20,2.563438177,3.510029554,2.560802221
15:11:20,2.564210653,3.510208845,2.561715841
15:11:20,2.563389301,3.509199381,2.562205553
15:11:20,2.56373024,3.508557558,2.562077999
15:11:20,2.564330816,3.510032654,2.563108921
15:11:20,2.563386679,3.508057117,2.560344458
15:11:20,2.563605309,3.507936954,2.561470509
15:11:20,2.563566685,3.508565903,2.562694311
15:11:20,2.563792706,3.509328604,2.562167883
15:11:21,2.563194275,3.510509729,2.561912775
15:11:21,2.563829184,3.511623383,2.561857939
15:11:21,2.563420773,3.511313438,2.561558962
15:11:21,2.563761711,3.51154232,2.560393572
15:11:21,2.563798904,3.51089263,2.56088829
15:11:21,2.563435316,3.510325193,2.561770439
15:11:21,2.563503981,3.510083675,2.561968803
15:11:21,2.56355834,3.50737977,2.561213493
15:11:21,2.563393116,3.508633137,2.562064648
15:11:21,2.56296587,3.508531809,2.561229467
15:11:21,2.56304431,3.508139372,2.560551167
15:11:21,2.563229322,3.507472992,2.561187267
15:11:21,2.563087225,3.507996559,2.56188488
15:11:21,2.563397169,3.508949995,2.561092615
15:11:21,2.563666105,3.509416819,2.562066793
15:11:21,2.564029932,3.510664225,2.560213566
15:11:21,2.564077854,3.509932041,2.561008453
15:11:21,2.56265831,3.509984493,2.560725451
15:11:21,2.563375473,3.509610653,2.561484098
15:11:21,2.564125061,3.508691072,2.560460806
15:11:21,2.56384778,3.50878191,2.561482906
15:11:21,2.562990904,3.50799489,2.561202288
15:11:21,2.563031673,3.507683992,2.560432673
15:11:21,2.562832117,3.506697416,2.561075449
15:11:21,2.562384129,3.508353233,2.560176611
15:11:21,2.56250453,3.509325504,2.560645342
15:11:21,2.563368797,3.510283232,2.561112404
15:11:21,2.563450098,3.511729002,2.561242104
15:11:21,2.563173056,3.512297153,2.561222792
15:11:21,2.564075708,3.511952877,2.56080842
15:11:21,2.562363863,3.509840012,2.561092615
15:11:21,2.563224554,3.507908344,2.560823202
15:11:21,2.563478947,3.509124279,2.560826063
15:11:21,2.564035416,3.508546352,2.561015368
15:11:21,2.563172579,3.508260012,2.561113834
15:11:21,2.563040257,3.50806427,2.560519457
15:11:21,2.562359095,3.508393526,2.559384823
15:11:21,2.562272072,3.507841825,2.559217691
15:11:21,2.563096046,3.509507418,2.561283827
15:11:21,2.5639925,3.510385036,2.560138226
15:11:21,2.563102484,3.510546923,2.560934305
15:11:21,2.562758923,3.5113554,2.560192585
15:11:21,2.562753677,3.509589672,2.561100245
15:11:21,2.563554525,3.509969234,2.561439991
15:11:21,2.562822104,3.509431601,2.560507298
15:11:21,2.563516617,3.507498026,2.561012506
15:11:21,2.562709332,3.508045912,2.561613798
15:11:21,2.563369989,3.50783205,2.560919285
15:11:21,2.562891006,3.508117199,2.560242653
15:11:21,2.563056946,3.509397268,2.559832811
15:11:21,2.562906742,3.509670019,2.560601234
15:11:21,2.563253403,3.508172035,2.561140776
15:11:21,2.563686609,3.509991646,2.561051369
15:11:21,2.563224554,3.508875847,2.560979605
15:11:21,2.563086033,3.509596109,2.561543703
15:11:21,2.562532425,3.508470535,2.560193777
15:11:21,2.563438892,3.510689735,2.561999321
15:11:21,2.563169956,3.510608196,2.560527086
15:11:21,2.562415838,3.510427952,2.560528517
15:11:21,2.563268185,3.507033348,2.561028481
15:11:21,2.563215494,3.506741524,2.560905457
15:11:21,2.562719345,3.506653786,2.561384439
15:11:21,2.56358552,3.507943392,2.56112361
15:11:21,2.564315557,3.509898901,2.560761213
15:11:21,2.56445694,3.511128187,2.561411858
15:11:21,2.564726591,3.512262106,2.560673952
15:11:21,2.56304431,3.511273861,2.562086582
15:11:21,2.564369917,3.50949502,2.561274529
15:11:21,2.563769102,3.509465694,2.56265521
15:11:21,2.563286781,3.508744717,2.561933279
15:11:21,2.563931704,3.507385731,2.561392307
15:11:21,2.562739611,3.506382227,2.560683489
15:11:21,2.563793421,3.507693052,2.560991526
15:11:21,2.563831806,3.509190321,2.559992313
15:11:21,2.56322813,3.509980202,2.560321093
15:11:21,2.563507557,3.511235237,2.560391665
15:11:21,2.563276768,3.511482239,2.561092615
15:11:21,2.563266993,3.510898829,2.56103754
15:11:21,2.563752651,3.511411905,2.561667919
15:11:21,2.56394577,3.509283543,2.560366392
15:11:21,2.562591076,3.508661747,2.560841799
15:11:21,2.562349796,3.507300138,2.560365677
15:11:21,2.5616014,3.508793831,2.560532331
15:11:21,2.562060356,3.508353233,2.560326815
15:11:21,2.562475443,3.507525206,2.559242725
15:11:21,2.562336206,3.508278847,2.560392141
15:11:21,2.56354928,3.508785963,2.559702635
15:11:21,2.563570976,3.509283543,2.560581446
15:11:21,2.564236879,3.511304855,2.560577393
15:11:21,2.564048767,3.511167288,2.562460423
15:11:21,2.564296961,3.511262655,2.562939644
15:11:21,2.563394547,3.508361816,2.562396765
15:11:21,2.563063383,3.508165836,2.563337803
15:11:21,2.564439774,3.508066654,2.562102318
15:11:21,2.563186407,3.506741047,2.561680555
15:11:21,2.563380718,3.508758545,2.561661482
15:11:21,2.563702345,3.508692741,2.559590101
15:11:21,2.56384325,3.508472681,2.56056881
15:11:21,2.56327033,3.509716749,2.560212374
15:11:21,2.563869476,3.510698795,2.561537743
15:11:21,2.563431978,3.510502338,2.561394215
15:11:21,2.56417942,3.509443521,2.561773777
15:11:21,2.563009262,3.509263992,2.562605143
15:11:21,2.563638926,3.508931875,2.561384439
15:11:21,2.564138412,3.509413481,2.561026335
15:11:21,2.563800097,3.509528399,2.56140542
15:11:21,2.563480616,3.509799719,2.560584784
15:11:21,2.563423634,3.509759903,2.560776711
15:11:21,2.563013792,3.509142876,2.561401844
15:11:21,2.563029766,3.509011507,2.559881687
15:11:21,2.563177109,3.509366512,2.560859203
15:11:21,2.563362122,3.509699345,2.560943842
15:11:21,2.563619852,3.50923419,2.559568167
15:11:21,2.562946558,3.509034157,2.561296225
15:11:21,2.56291604,3.508272409,2.560730696
15:11:22,2.563234806,3.508052111,2.561419725
15:11:22,2.562575102,3.509667397,2.560732365
15:11:22,2.563356161,3.509540081,2.56140995
15:11:22,2.563495636,3.510650635,2.560848475
15:11:22,2.564058542,3.511505365,2.560926437
15:11:22,2.564363003,3.511702299,2.560553551
15:11:22,2.56390214,3.511057854,2.560389519
15:11:22,2.564229727,3.512144566,2.562015057
15:11:22,2.564432383,3.511179209,2.56078434
15:11:22,2.563518047,3.510979176,2.562525511
15:11:22,2.563988924,3.510445833,2.562718868
15:11:22,2.562510729,3.508272409,2.560260773
15:11:22,2.562999964,3.508132696,2.561547518
15:11:22,2.562752962,3.507866144,2.561159372
15:11:22,2.563463211,3.509070396,2.560519934
15:11:22,2.563985348,3.509270668,2.559644938
15:11:22,2.563729525,3.510195255,2.560410738
15:11:22,2.564057112,3.509174109,2.561726809
15:11:22,2.563944817,3.511111021,2.561932564
15:11:22,2.564029932,3.510432005,2.561671257
15:11:22,2.564651251,3.511574268,2.56359911
15:11:22,2.564558744,3.511477232,2.562866926
15:11:22,2.564558744,3.511251688,2.562547445
15:11:22,2.564573765,3.510687828,2.562175751
15:11:22,2.564315557,3.509871483,2.562273026
15:11:22,2.563215494,3.508278131,2.56146884
15:11:22,2.563162565,3.508131504,2.562563419
15:11:22,2.563444138,3.509205341,2.56222868
15:11:22,2.565070629,3.511790514,2.560755253
15:11:22,2.564234257,3.51282692,2.561582088
15:11:22,2.56464529,3.512310505,2.561717033
15:11:22,2.564607143,3.510336161,2.560747862
15:11:22,2.564367771,3.509999514,2.562349796
15:11:22,2.564598083,3.509851933,2.562146902
15:11:22,2.564961672,3.50941205,2.563306093
15:11:22,2.564912796,3.509292126,2.561654806
15:11:22,2.564828873,3.509351492,2.561400652
15:11:22,2.564275265,3.50900507,2.560146332
15:11:22,2.563815355,3.509176731,2.562688589
15:11:22,2.563266993,3.508747339,2.560758591
15:11:22,2.564040661,3.509958982,2.562101126
15:11:22,2.562478781,3.508467436,2.561007261
15:11:22,2.562581301,3.510028839,2.561785698
15:11:22,2.563863516,3.510409832,2.561121702
15:11:22,2.563575506,3.509793758,2.561408997
15:11:22,2.563359976,3.509378195,2.561060905
15:11:22,2.564273357,3.508246183,2.562059402
15:11:22,2.564233541,3.508956909,2.561573982
15:11:22,2.564485788,3.508019209,2.56165719
15:11:22,2.564497709,3.509670496,2.560770512
15:11:22,2.564308405,3.508946419,2.56035924
15:11:22,2.563064814,3.508618355,2.561260462
15:11:22,2.563467264,3.508045197,2.561382771
15:11:22,2.564526796,3.508867979,2.561543703
15:11:22,2.564088821,3.509407759,2.561655521
15:11:22,2.56425786,3.511116982,2.561508656
15:11:22,2.563084602,3.511057138,2.560446024
15:11:22,2.561770439,3.510025978,2.560573339
15:11:22,2.562227726,3.509999514,2.562068224
15:11:22,2.562803745,3.509386778,2.561403513
15:11:22,2.5636127,3.508969069,2.560487747
15:11:22,2.563143969,3.507713318,2.559045076
15:11:22,2.563131332,3.508789778,2.560847998
15:11:22,2.564405441,3.509001017,2.560801506
15:11:22,2.564471483,3.510400057,2.561286449
15:11:22,2.564274788,3.511310816,2.561957598
15:11:22,2.563982487,3.509437799,2.561947584
15:11:22,2.564052582,3.510182142,2.562601805
15:11:22,2.563468695,3.510759354,2.562435865
15:11:22,2.563855648,3.511595964,2.561133623
15:11:22,2.564360142,3.509375572,2.561636448
15:11:22,2.563914776,3.508675575,2.562114239
15:11:22,2.56414032,3.50961566,2.561156988
15:11:22,2.564029932,3.50922966,2.560525179
15:11:22,2.564199924,3.508405447,2.560582161
15:11:22,2.564072371,3.508579493,2.562144756
15:11:22,2.565233946,3.509068966,2.561047554
15:11:22,2.563236475,3.509277821,2.562190533
15:11:22,2.564269304,3.508785248,2.561440468
15:11:22,2.564026117,3.508650064,2.561809063
15:11:22,2.563772917,3.510171175,2.561724186
15:11:22,2.565113783,3.512262106,2.560833931
15:11:22,2.563588142,3.512608051,2.561723471
15:11:22,2.563378096,3.511244297,2.56142807
15:11:22,2.563779831,3.509869576,2.562275171
15:11:22,2.563102484,3.508259296,2.560636282
15:11:22,2.563112259,3.506789923,2.561574697
15:11:22,2.562877893,3.507254601,2.561900139
15:11:22,2.563334227,3.507446289,2.560921431
15:11:22,2.562959194,3.508592129,2.562053442
15:11:22,2.563163757,3.508478165,2.560872316
15:11:22,2.564038754,3.50983882,2.562063932
15:11:22,2.564158201,3.510448456,2.560747623
15:11:22,2.564199924,3.511509657,2.560689926
15:11:22,2.563833714,3.511914492,2.560443401
15:11:22,2.565593243,3.513290405,2.561337948
15:11:22,2.56486249,3.514141083,2.563018322
15:11:22,2.564765453,3.513258457,2.561622381
15:11:22,2.563603401,3.507848263,2.561707735
15:11:22,2.563812733,3.508175611,2.562896967
15:11:22,2.563683271,3.509218931,2.562697649
15:11:22,2.563954115,3.508723259,2.561421394
15:11:22,2.562903643,3.510958433,2.560696363
15:11:22,2.563074112,3.511163235,2.560322285
15:11:22,2.56327033,3.511230469,2.559268713
15:11:22,2.564173698,3.513608932,2.560986042
15:11:22,2.564580917,3.511778593,2.562762976
15:11:22,2.563615799,3.510763645,2.562480688
15:11:22,2.564329147,3.511207819,2.560930729
15:11:22,2.564273357,3.509197474,2.561491489
15:11:22,2.564188004,3.508076429,2.561320782
15:11:22,2.563011169,3.508138657,2.561075449
15:11:22,2.56483674,3.509997368,2.561549425
15:11:22,2.564236879,3.508852959,2.560595274
15:11:22,2.563450098,3.510562897,2.56270647
15:11:22,2.564254999,3.509704113,2.562237263
15:11:22,2.563895941,3.509240627,2.56020236
15:11:22,2.56340766,3.510803938,2.562463999
15:11:22,2.56351018,3.509256124,2.561610937
15:11:23,2.563549757,3.509914637,2.562028408
15:11:23,2.564262152,3.510298252,2.561901569
15:11:23,2.563523293,3.509202957,2.561152697
15:11:23,2.563770533,3.508942366,2.562002659
15:11:23,2.563634396,3.508864164,2.561628819
15:11:23,2.563371897,3.509433746,2.560605288
15:11:23,2.563130379,3.508705378,2.561407328
15:11:23,2.563962698,3.510716438,2.560978889
15:11:23,2.562930584,3.511085749,2.561043024
15:11:23,2.563529253,3.510704756,2.559125662
15:11:23,2.563969135,3.511367559,2.561964989
15:11:23,2.563960791,3.508496046,2.563001156
15:11:23,2.563269615,3.507626534,2.560994148
15:11:23,2.563333035,3.506393194,2.562814474
15:11:23,2.563828707,3.507275581,2.561804056
15:11:23,2.563882828,3.508308172,2.560176134
15:11:23,2.563547134,3.510045767,2.56022501
15:11:23,2.562920332,3.510014296,2.5593009
15:11:23,2.564634085,3.514234304,2.561761141
15:11:23,2.564380884,3.513652325,2.561264515
15:11:23,2.56417942,3.513806343,2.563315392
15:11:23,2.564195156,3.511694908,2.56282711
15:11:23,2.564053297,3.51066947,2.561306715
15:11:23,2.564072371,3.510171652,2.561728954
15:11:23,2.563934326,3.508674383,2.5617764
15:11:23,2.563857794,3.509370565,2.563615084
15:11:23,2.565547705,3.509230852,2.562144756
15:11:23,2.563663483,3.508160114,2.563206434
15:11:23,2.565041304,3.510100603,2.561214924
15:11:23,2.564474821,3.509395123,2.5610466
15:11:23,2.564130068,3.51126647,2.561517239
15:11:23,2.564641237,3.51163435,2.561595201
15:11:23,2.565130234,3.511810064,2.561245203
15:11:23,2.564900875,3.513034821,2.562675238
15:11:23,2.565763235,3.51115799,2.562205553
15:11:23,2.564791918,3.510315418,2.562419415
15:11:23,2.563669443,3.509085178,2.56329751
15:11:23,2.564197063,3.511063337,2.562026501
15:11:23,2.564100266,3.510732889,2.562328577
15:11:23,2.564441204,3.511451721,2.562312841
15:11:23,2.563649416,3.51022768,2.562040091
15:11:23,2.565110445,3.510681868,2.561546803
15:11:23,2.564552784,3.51047039,2.562577248
15:11:23,2.564834356,3.51114893,2.562535524
15:11:23,2.56368804,3.510361671,2.562031031
15:11:23,2.563777685,3.50997591,2.562685013
15:11:23,2.564772844,3.510497808,2.561320066
15:11:23,2.564088821,3.510891438,2.561975002
15:11:23,2.564250231,3.51042223,2.561385632
15:11:23,2.565662622,3.511999607,2.56338954
15:11:23,2.566181421,3.512384892,2.563737154
15:11:23,2.565522671,3.511009932,2.562617779
15:11:23,2.565258503,3.511512518,2.56264925
15:11:23,2.565513611,3.513345718,2.56164813
15:11:23,2.564219713,3.512836695,2.562762022
15:11:23,2.564916849,3.5117414,2.562646151
15:11:23,2.564288378,3.509165525,2.562478304
15:11:23,2.564308405,3.508964062,2.562676668
15:11:23,2.563930988,3.509109497,2.562299252
15:11:23,2.564702749,3.509821177,2.561671734
15:11:23,2.564758301,3.509794474,2.563599825
15:11:23,2.564548731,3.51032877,2.562155247
15:11:23,2.564433098,3.510154486,2.562060833
15:11:23,2.564693451,3.512271166,2.561284304
15:11:23,2.563859701,3.513640642,2.560617208
15:11:23,2.56439209,3.514745235,2.560850143
15:11:23,2.564974308,3.514136791,2.560737848
15:11:23,2.563276052,3.509153605,2.562200308
15:11:23,2.562916756,3.508805513,2.561471462
15:11:23,2.563470602,3.508459806,2.56185627
15:11:23,2.563056231,3.508644581,2.562098503
15:11:23,2.564166307,3.509673595,2.562289476
15:11:23,2.563289404,3.508739471,2.560340643
15:11:23,2.563369989,3.50798583,2.561489582
15:11:23,2.56384182,3.510049105,2.561106443
15:11:23,2.563863039,3.510616064,2.560477734
15:11:23,2.564353704,3.51233387,2.56154108
15:11:23,2.564295769,3.512036324,2.561679125
15:11:23,2.563874722,3.512294531,2.561755896
15:11:23,2.563984632,3.513188601,2.563339949
15:11:23,2.565515518,3.512906551,2.562484741
15:11:23,2.565134287,3.513143539,2.561904192
15:11:23,2.565781593,3.512521744,2.562104464
15:11:23,2.565864801,3.511391163,2.562478304
15:11:23,2.564512491,3.509969234,2.561879635
15:11:23,2.56506753,3.509781599,2.563240767
15:11:23,2.564194679,3.508859634,2.563466072
15:11:23,2.565226793,3.509958982,2.562473536
15:11:23,2.564566135,3.508597851,2.561332703
15:11:23,2.565413475,3.508943796,2.562365532
15:11:23,2.56456399,3.509454012,2.562896967
15:11:23,2.564715862,3.512187004,2.561930418
15:11:23,2.564262152,3.511394501,2.560963154
15:11:23,2.562438488,3.510676622,2.561306715
15:11:23,2.563355684,3.510761023,2.561620235
15:11:23,2.563597918,3.508259296,2.560256004
15:11:23,2.5629704,3.509472132,2.560271502
15:11:23,2.563575506,3.510329485,2.560467005
15:11:23,2.563710928,3.509234905,2.561389446
15:11:23,2.564096928,3.508697748,2.561896801
15:11:23,2.563569546,3.508133411,2.561036825
15:11:23,2.56400919,3.507822752,2.56265521
15:11:23,2.563696623,3.506715775,2.561796904
15:11:23,2.563687086,3.508626699,2.56129837
15:11:23,2.562469482,3.510341167,2.560767889
15:11:23,2.563630342,3.511229277,2.561284781
15:11:23,2.564894915,3.512039423,2.562659502
15:11:23,2.56478405,3.510908365,2.561508656
15:11:23,2.564059258,3.509788036,2.561706305
15:11:23,2.56385088,3.510840893,2.561859131
15:11:23,2.565000057,3.510489941,2.561498642
15:11:23,2.564274073,3.509535551,2.56201911
15:11:23,2.564422369,3.508734465,2.561262608
15:11:23,2.563667297,3.509313107,2.560513973
15:11:23,2.564035416,3.510565281,2.560539007
15:11:23,2.564225197,3.510405302,2.561434507
15:11:23,2.563475847,3.509946108,2.561425209
15:11:23,2.564749002,3.510616541,2.561170816
15:11:23,2.564299107,3.510723114,2.561767817
15:11:24,2.564311028,3.509968042,2.561676025
15:11:24,2.563943624,3.510608196,2.561688423
15:11:24,2.564265251,3.510761023,2.560634375
15:11:24,2.56355238,3.510788918,2.562880754
15:11:24,2.564236403,3.511095047,2.56084013
15:11:24,2.563304186,3.511231899,2.5616467
15:11:24,2.563662767,3.509569407,2.561165333
15:11:24,2.563794851,3.509705067,2.561553717
15:11:24,2.563652754,3.510666609,2.562677145
15:11:24,2.564717293,3.509817839,2.56130147
15:11:24,2.564580917,3.510103703,2.562060833
15:11:24,2.563837051,3.507977486,2.560067415
15:11:24,2.564073086,3.50878644,2.561481237
15:11:24,2.564784527,3.509651184,2.561401844
15:11:24,2.564779282,3.509603262,2.560960531
15:11:24,2.564514637,3.510298967,2.562941074
15:11:24,2.564176559,3.51189661,2.563069344
15:11:24,2.564697504,3.511668205,2.562478304
15:11:24,2.564790726,3.513931036,2.563746452
15:11:24,2.56486249,3.513405323,2.562767267
15:11:24,2.565492868,3.513617992,2.563809395
15:11:24,2.565085411,3.511196136,2.562270403
15:11:24,2.563868761,3.509198666,2.562105656
15:11:24,2.564160347,3.508152246,2.561714172
15:11:24,2.563263178,3.50783968,2.56170845
15:11:24,2.564546585,3.508177757,2.561429262
15:11:24,2.564329147,3.508967876,2.562129021
15:11:24,2.565457821,3.50976634,2.561204195
15:11:24,2.566256762,3.509512663,2.56111908
15:11:24,2.564577103,3.510625124,2.562197685
15:11:24,2.56470871,3.511958599,2.563016415
15:11:24,2.564421415,3.512119293,2.563143492
15:11:24,2.564581871,3.511941671,2.561290264
15:11:24,2.563492537,3.511477232,2.56188488
15:11:24,2.56378746,3.511041403,2.562097311
15:11:24,2.564085722,3.511729002,2.560876369
15:11:24,2.564435005,3.511180401,2.56058383
15:11:24,2.562752962,3.512240648,2.561722994
15:11:24,2.563153267,3.511349916,2.561148882
15:11:24,2.564811707,3.509960651,2.561969519
15:11:24,2.563574314,3.508864164,2.562513828
15:11:24,2.563890696,3.509151936,2.562124968
15:11:24,2.564351797,3.511041403,2.562167883
15:11:24,2.564431429,3.510797977,2.562270403
15:11:24,2.564523697,3.510560513,2.561628103
15:11:24,2.565164566,3.509097576,2.562977552
15:11:24,2.563637257,3.508840084,2.562931061
15:11:24,2.564412594,3.509378195,2.563267231
15:11:24,2.56471467,3.510637999,2.562308073
15:11:24,2.564380407,3.510608196,2.56225276
15:11:24,2.563732147,3.510409832,2.561738729
15:11:24,2.563585997,3.510034561,2.559988976
15:11:24,2.563572884,3.510105133,2.561938524
15:11:24,2.56460166,3.511181831,2.562855959
15:11:24,2.564950466,3.509208441,2.562726021
15:11:24,2.564048767,3.508939266,2.561983347
15:11:24,2.564462423,3.507853508,2.563073158
15:11:24,2.564277172,3.509292126,2.561167955
15:11:24,2.564012766,3.509837389,2.560468435
15:11:24,2.564560652,3.512492418,2.561669827
15:11:24,2.563947439,3.51317811,2.562175751
15:11:24,2.563697815,3.512456656,2.56251049
15:11:24,2.564641237,3.51207757,2.562476635
15:11:24,2.564285994,3.514161348,2.562718868
15:11:24,2.564356565,3.512661219,2.560814857
15:11:24,2.564057827,3.51184392,2.561639547
15:11:24,2.564399719,3.510745764,2.562177896
15:11:24,2.564305067,3.507732868,2.560795784
15:11:24,2.563524723,3.506661654,2.5616467
15:11:24,2.563451767,3.506825209,2.559776545
15:11:24,2.563446045,3.507647276,2.561433315
15:11:24,2.563477755,3.50866127,2.562052011
15:11:24,2.56384325,3.507534981,2.561741352
15:11:24,2.564284325,3.509072304,2.561038971
15:11:24,2.564223766,3.512512445,2.562210321
15:11:24,2.565305948,3.514006853,2.562189817
15:11:24,2.564172268,3.514772654,2.562290192
15:11:24,2.564277649,3.51340723,2.561865568
15:11:24,2.564666986,3.512372971,2.563041687
15:11:24,2.563689709,3.511304379,2.562910557
15:11:24,2.563281536,3.508859634,2.561902761
15:11:24,2.564264059,3.508175135,2.561451674
15:11:24,2.562975645,3.508121729,2.560444593
15:11:24,2.563743114,3.507636786,2.561449051
15:11:24,2.564484119,3.508387327,2.560687065
15:11:24,2.564279795,3.508875847,2.561902761
15:11:24,2.56446743,3.509231567,2.56243515
15:11:24,2.563255548,3.508863449,2.563220024
15:11:24,2.564369202,3.51246047,2.562208414
15:11:24,2.565190792,3.512615204,2.562335968
15:11:24,2.564616203,3.513752937,2.561880112
15:11:24,2.563962698,3.513954639,2.561160088
15:11:24,2.563660622,3.514246225,2.561900854
15:11:24,2.563942909,3.512727976,2.562434196
15:11:24,2.563241959,3.510830641,2.562781096
15:11:24,2.564829588,3.507970333,2.562429428
15:11:24,2.56466651,3.508361816,2.561627388
15:11:24,2.563657045,3.50780201,2.561095476
15:11:24,2.56401515,3.508564711,2.561290979
15:11:24,2.563579321,3.509654045,2.562046766
15:11:24,2.564070463,3.509613037,2.562673807
15:11:24,2.56275773,3.510099888,2.561267853
15:11:24,2.563072681,3.511238337,2.563012362
15:11:24,2.562971592,3.510303974,2.561401367
15:11:24,2.563694,3.508935213,2.560696363
15:11:24,2.563186407,3.509204626,2.56081748
15:11:24,2.562898159,3.508555412,2.560820103
15:11:24,2.563950777,3.508214951,2.561667919
15:11:24,2.564069033,3.508661747,2.562389612
15:11:24,2.563672543,3.508556843,2.560317516
15:11:24,2.563801765,3.507884026,2.560902119
15:11:24,2.563920498,3.508803606,2.561192989
15:11:24,2.563358545,3.507787466,2.56102252
15:11:24,2.562921524,3.510006428,2.561717033
15:11:24,2.563397169,3.510323524,2.560803652
15:11:24,2.56384778,3.510849476,2.561890125
15:11:25,2.562818289,3.512714863,2.561699629
15:11:25,2.56332922,3.511030912,2.562375546
15:11:25,2.563446045,3.511100054,2.561564684
15:11:25,2.563636303,3.510349751,2.56181407
15:11:25,2.562855244,3.509840727,2.561256647
15:11:25,2.56419158,3.509682894,2.561868906
15:11:25,2.564223289,3.511434793,2.560993433
15:11:25,2.56438899,3.510954857,2.561689615
15:11:25,2.565071344,3.511217594,2.56146884
15:11:25,2.565215349,3.510958433,2.563027143
15:11:25,2.563827276,3.511042595,2.561318636
15:11:25,2.563892603,3.510735273,2.560943842
15:11:25,2.563913822,3.510384321,2.561025858
15:11:25,2.564045906,3.510732412,2.5621984
15:11:25,2.563200235,3.509485245,2.56189537
15:11:25,2.562495232,3.50891304,2.56102252
15:11:25,2.563316822,3.508430004,2.561576605
15:11:25,2.563270807,3.509372473,2.560777903
15:11:25,2.563880205,3.509909868,2.560159922
15:11:25,2.563380003,3.509684801,2.560755968
15:11:25,2.564957857,3.511357784,2.561108589
15:11:25,2.563908577,3.511918783,2.563094378
15:11:25,2.564535618,3.513178825,2.560992718
15:11:25,2.564640522,3.512429953,2.562208414
15:11:25,2.565378666,3.510074377,2.562988281
15:11:25,2.564072371,3.509334564,2.561671257
15:11:25,2.564143658,3.507329464,2.562027216
15:11:25,2.563163757,3.507029295,2.561366558
15:11:25,2.563916445,3.507644176,2.563054562
15:11:25,2.563669443,3.508168459,2.561902761
15:11:25,2.56344676,3.50774765,2.560934305
15:11:25,2.563763142,3.50893116,2.560290575
15:11:25,2.564577103,3.5102911,2.561417341
15:11:25,2.564680815,3.512248516,2.563201427
15:11:25,2.565552473,3.512180805,2.561915874
15:11:25,2.565006733,3.512004375,2.561067581
15:11:25,2.564143181,3.511350632,2.562233448
15:11:25,2.564505816,3.511704683,2.562240124
15:11:25,2.564477921,3.511379957,2.562034845
15:11:25,2.564577103,3.511258602,2.56029892
15:11:25,2.564229727,3.510529995,2.561558962
15:11:25,2.564049482,3.510397911,2.560750723
15:11:25,2.563745499,3.509939909,2.561831236
15:11:25,2.563464403,3.510712624,2.562189102
15:11:25,2.563354254,3.509894371,2.561825991
15:11:25,2.563502312,3.508749247,2.561628819
15:11:25,2.563010693,3.509428978,2.562254667
15:11:25,2.56392765,3.508579493,2.561127663
15:11:25,2.564550877,3.508488417,2.56269145
15:11:25,2.564514637,3.509898901,2.561917782
15:11:25,2.56414032,3.510276556,2.562132359
15:11:25,2.565139294,3.510674,2.561573505
15:11:25,2.564094782,3.512529373,2.56146431
15:11:25,2.564840794,3.513421535,2.561657906
15:11:25,2.564833164,3.511855125,2.560569525
15:11:25,2.56372571,3.51152873,2.561991215
15:11:25,2.563651562,3.510541439,2.561977386
15:11:25,2.563153267,3.510591745,2.561311007
15:11:25,2.562995672,3.509293318,2.561014652
15:11:25,2.563490391,3.507696152,2.561597824
15:11:25,2.561313868,3.50715971,2.562073946
15:11:25,2.562785864,3.508641005,2.560828209
15:11:25,2.563021183,3.509368181,2.561016083
15:11:25,2.564847469,3.51098609,2.561849117
15:11:25,2.565835238,3.512801886,2.561734915
15:11:25,2.565230608,3.512023926,2.562603712
15:11:25,2.566451788,3.513715744,2.562909365
15:11:25,2.565358162,3.511652708,2.562155962
15:11:25,2.564563513,3.511391878,2.562618017
15:11:25,2.564897537,3.51035881,2.562396765
15:11:25,2.562837362,3.509123087,2.562210321
15:11:25,2.563961267,3.508048534,2.562548161
15:11:25,2.563497543,3.507822752,2.562939644
15:11:25,2.563610554,3.509310246,2.561924696
15:11:25,2.56380415,3.510334253,2.560772419
15:11:25,2.563047647,3.512378216,2.561105728
15:11:25,2.563618422,3.513439655,2.561120272
15:11:25,2.565742731,3.512554407,2.562101603
15:11:25,2.564007759,3.511779308,2.561640024
15:11:25,2.564712524,3.512138128,2.560724974
15:11:25,2.565166235,3.509810686,2.56226325
15:11:25,2.564036846,3.510727406,2.561228037
15:11:25,2.563575029,3.508704424,2.561019182
15:11:25,2.563441753,3.508411884,2.56195426
15:11:25,2.563130856,3.509001017,2.560629129
15:11:25,2.56333518,3.508318424,2.560421944
15:11:25,2.562273979,3.509593487,2.559722424
15:11:25,2.562577724,3.507710695,2.56056118
15:11:25,2.562758446,3.509283543,2.561197758
15:11:25,2.563108683,3.509459734,2.560400963
15:11:25,2.562670231,3.51080966,2.560782433
15:11:25,2.564035416,3.510060072,2.559767246
15:11:25,2.56374383,3.509113312,2.561044216
15:11:25,2.563544512,3.508367777,2.561644793
15:11:25,2.563216209,3.508956194,2.561851978
15:11:25,2.564585209,3.508450508,2.560902596
15:11:25,2.563812733,3.508147001,2.561020374
15:11:25,2.5634799,3.508650064,2.560836792
15:11:25,2.56321454,3.51057148,2.560256004
15:11:25,2.563131332,3.509439468,2.560781002
15:11:25,2.56332922,3.510632277,2.561059475
15:11:25,2.56235981,3.509512663,2.561078548
15:11:25,2.562231779,3.510137081,2.560217857
15:11:25,2.563101053,3.509636402,2.560492754
15:11:25,2.562373161,3.508602619,2.560707808
15:11:25,2.56311965,3.508093357,2.560056925
15:11:25,2.562577724,3.507707834,2.560523272
15:11:25,2.563970804,3.508231163,2.559349537
15:11:25,2.563872337,3.508429527,2.558831453
15:11:25,2.563754559,3.50914669,2.560866356
15:11:25,2.564519644,3.509237766,2.560347319
15:11:25,2.563939571,3.509152651,2.560691118
15:11:25,2.564513922,3.51128149,2.560833931
15:11:25,2.56329155,3.511335135,2.561582804
15:11:25,2.563619852,3.511851072,2.561380148
15:11:26,2.562870026,3.5108006,2.561607838
15:11:26,2.562074423,3.510679245,2.561489582
15:11:26,2.562981367,3.51088357,2.55980587
15:11:26,2.562891006,3.510767937,2.561218977
15:11:26,2.562527657,3.506989717,2.560749769
15:11:26,2.562005758,3.505649567,2.560540915
15:11:26,2.562192678,3.506047249,2.559165716
15:11:26,2.563328266,3.506576777,2.560828686
15:11:26,2.562866449,3.507452726,2.560474396
15:11:26,2.562822819,3.507256985,2.561142683
15:11:26,2.563486338,3.507941484,2.560512543
15:11:26,2.563997269,3.507635593,2.561220407
15:11:26,2.56341362,3.509175301,2.561140299
15:11:26,2.563141584,3.508241653,2.560978889
15:11:26,2.563652754,3.510462523,2.560454369
15:11:26,2.562675714,3.510430574,2.561129093
15:11:26,2.562688112,3.510453463,2.559778929
15:11:26,2.562343359,3.509283543,2.560546875
15:11:26,2.563053608,3.507385015,2.5607903
15:11:26,2.562405586,3.506857872,2.56097436
15:11:26,2.562826395,3.507573366,2.5617342
15:11:26,2.563462019,3.509984493,2.560096502
15:11:26,2.564174652,3.510196447,2.560323477
15:11:26,2.564025402,3.510372639,2.561646223
15:11:26,2.564450502,3.511363745,2.561443567
15:11:26,2.563750744,3.511713982,2.562185049
15:11:26,2.563957453,3.511639118,2.562009096
15:11:26,2.563685894,3.511703491,2.562711477
15:11:26,2.563798189,3.510662317,2.561918736
15:11:26,2.563644409,3.509763241,2.561415434
15:11:26,2.56384325,3.50936985,2.560832024
15:11:26,2.562344074,3.50875783,2.561788321
15:11:26,2.563554764,3.509590864,2.561085939
15:11:26,2.562785387,3.508350611,2.561933994
15:11:26,2.563214064,3.509163618,2.560502529
15:11:26,2.563015938,3.508690596,2.561799049
15:11:26,2.561754465,3.50851059,2.561312914
15:11:26,2.562350512,3.508463383,2.561713457
15:11:26,2.563434601,3.5109694,2.560409307
15:11:26,2.56347847,3.509868622,2.561339855
15:11:26,2.564296961,3.509964228,2.561669827
15:11:26,2.564485073,3.51066947,2.561277628
15:11:26,2.563839197,3.509934902,2.56129837
15:11:26,2.563714981,3.509788036,2.56281662
15:11:26,2.563154697,3.50934124,2.561905861
15:11:26,2.563415527,3.509772301,2.561331272
15:11:26,2.563060045,3.510154486,2.560601234
15:11:26,2.562041998,3.510775089,2.559885025
15:11:26,2.562522173,3.510968208,2.559826136
15:11:26,2.564950466,3.511203051,2.563000679
15:11:26,2.564472198,3.510513544,2.562424421
15:11:26,2.563617706,3.509728432,2.562964916
15:11:26,2.564563513,3.508368969,2.56223774
15:11:26,2.564867258,3.509226799,2.56193614
15:11:26,2.564980745,3.508982897,2.562134266
15:11:26,2.564793348,3.509395123,2.56251049
15:11:26,2.563817978,3.510068655,2.562146187
15:11:26,2.564378262,3.512343645,2.561050177
15:11:26,2.563707829,3.51248908,2.561589241
15:11:26,2.563779116,3.513521194,2.561481237
15:11:26,2.562976599,3.513556004,2.561251402
15:11:26,2.562618256,3.512749434,2.55993104
15:11:26,2.562159777,3.511818409,2.562001944
15:11:26,2.562528849,3.507942915,2.56015563
15:11:26,2.562450886,3.505874634,2.560288429
15:11:26,2.562270641,3.503942966,2.56008935
15:11:26,2.562279224,3.504375219,2.561287642
15:11:26,2.563738346,3.507043123,2.56078434
15:11:26,2.563150644,3.506889105,2.560143709
15:11:26,2.564802647,3.509294987,2.560480833
15:11:26,2.565130234,3.511808634,2.562126875
15:11:26,2.564678431,3.512470961,2.561663389
15:11:26,2.564455748,3.512857914,2.56068182
15:11:26,2.564220428,3.51270175,2.561798334
15:11:26,2.563963413,3.511712551,2.561650753
15:11:26,2.56247139,3.511467934,2.561882496
15:11:26,2.563960791,3.510754824,2.562641382
15:11:26,2.562495947,3.508726835,2.561214924
15:11:26,2.562784672,3.507174969,2.560241461
15:11:26,2.562376499,3.506911993,2.561260462
15:11:26,2.563128948,3.507338285,2.560706854
15:11:26,2.563544512,3.50701046,2.561624527
15:11:26,2.563561916,3.507473707,2.56081748
15:11:26,2.564385414,3.508479357,2.560715199
15:11:26,2.564095497,3.511439323,2.562323332
15:11:26,2.564993382,3.512427092,2.56140542
15:11:26,2.56454277,3.511918783,2.561428785
15:11:26,2.565193653,3.512414932,2.562497854
15:11:26,2.563885212,3.512180805,2.560810804
15:11:26,2.56394577,3.511419058,2.561635017
15:11:26,2.563941479,3.510979176,2.561503172
15:11:26,2.562727928,3.508149624,2.561486721
15:11:26,2.562340736,3.507666826,2.561437845
15:11:26,2.562794685,3.507728815,2.561289549
15:11:26,2.562796593,3.507147551,2.559776545
15:11:26,2.563699007,3.506587029,2.560139418
15:11:26,2.562949181,3.507223845,2.560556173
15:11:26,2.563812017,3.507792234,2.561089277
15:11:26,2.564929247,3.50915432,2.562559366
15:11:26,2.564554691,3.510405302,2.561289549
15:11:26,2.564449787,3.511791229,2.561947584
15:11:26,2.564730406,3.512936592,2.561591148
15:11:26,2.563876867,3.512845278,2.560592175
15:11:26,2.56443429,3.51197052,2.561857939
15:11:26,2.563917637,3.51053977,2.56139946
15:11:26,2.564655781,3.510327578,2.561626196
15:11:26,2.563462019,3.510072947,2.560602903
15:11:26,2.562751055,3.509426117,2.56225729
15:11:26,2.562100649,3.508522034,2.560295582
15:11:26,2.563176394,3.508314848,2.560250759
15:11:26,2.563551188,3.507809639,2.560275793
15:11:26,2.563396454,3.508460283,2.559961081
15:11:26,2.563734055,3.509233475,2.561588049
15:11:26,2.565046072,3.510409832,2.561642885
15:11:26,2.565038919,3.510997772,2.561632872
15:11:26,2.565030575,3.512153864,2.562049627
15:11:26,2.564117908,3.512051344,2.562460423
15:11:26,2.563342333,3.512074709,2.561799526
15:11:26,2.5634408,3.512061119,2.561748743
15:11:27,2.563163042,3.511834145,2.561939001
15:11:27,2.56344533,3.511890173,2.56070447
15:11:27,2.562695026,3.511618853,2.56132555
15:11:27,2.561977863,3.510060072,2.56129837
15:11:27,2.562870026,3.508862257,2.560178041
15:11:27,2.562906742,3.507368088,2.559580088
15:11:27,2.563591242,3.508034945,2.560673475
15:11:27,2.563153267,3.506480694,2.561276436
15:11:27,2.563955545,3.507166386,2.561189175
15:11:27,2.563247919,3.508773327,2.560999393
15:11:27,2.56394577,3.508674383,2.56092453
15:11:27,2.564016342,3.508926153,2.562083244
15:11:27,2.564583302,3.509955883,2.56098032
15:11:27,2.563628912,3.510923862,2.561353922
15:11:27,2.562943935,3.512468338,2.562861681
15:11:27,2.563563108,3.512673855,2.561531305
15:11:27,2.563609838,3.512969971,2.561444998
15:11:27,2.563385487,3.511612177,2.560198545
15:11:27,2.562267303,3.50996995,2.561205864
15:11:27,2.562061787,3.508706093,2.560198545
15:11:27,2.563265085,3.508527517,2.560308933
15:11:27,2.563980579,3.506472588,2.560169935
15:11:27,2.563163042,3.506279707,2.559246302
15:11:27,2.563497543,3.506821871,2.560694456
15:11:27,2.563184977,3.50703454,2.560917377
15:11:27,2.563245058,3.508936644,2.560878277
15:11:27,2.564504862,3.508845806,2.561286926
15:11:27,2.563494205,3.508509398,2.560652018
15:11:27,2.56408143,3.511447906,2.56015873
15:11:27,2.563113451,3.512010813,2.560786486
15:11:27,2.56424737,3.511836052,2.561156988
15:11:27,2.563187122,3.5125947,2.561255932
15:11:27,2.563424349,3.509399176,2.56046319
15:11:27,2.562222481,3.509204149,2.558762074
15:11:27,2.563796282,3.508527517,2.559580088
15:11:27,2.562006235,3.507333994,2.560414791
15:11:27,2.563357592,3.508555412,2.560863733
15:11:27,2.563041687,3.507319689,2.560379028
15:11:27,2.563576221,3.508328915,2.560308933
15:11:27,2.562547922,3.509459257,2.560142279
15:11:27,2.562910318,3.509273291,2.559314966
15:11:27,2.561774492,3.510659695,2.560317516
15:11:27,2.564267397,3.511574268,2.561546803
15:11:27,2.564216375,3.511496305,2.561622381
15:11:27,2.563813448,3.511966705,2.560794353
15:11:27,2.562886953,3.509134054,2.561199903
15:11:27,2.562978983,3.509798527,2.560999393
15:11:27,2.56291604,3.50962472,2.561160803
15:11:27,2.562693596,3.508449078,2.560739517
15:11:27,2.563318491,3.507972717,2.559762001
15:11:27,2.562820435,3.506665468,2.558865309
15:11:27,2.562692642,3.507087469,2.56020999
15:11:27,2.563374043,3.506077528,2.561207056
15:11:27,2.56354928,3.507947445,2.562005281
15:11:27,2.562959194,3.507753611,2.558850527
15:11:27,2.563343763,3.509683371,2.56168437
15:11:27,2.562621355,3.509720087,2.56043601
15:11:27,2.563590765,3.510928392,2.561460733
15:11:27,2.562429905,3.511423111,2.561295509
15:11:27,2.563442707,3.510638714,2.559467077
15:11:27,2.563066244,3.510015011,2.560740709
15:11:27,2.563294888,3.511111736,2.561056376
15:11:27,2.563017845,3.510350943,2.560936451
15:11:27,2.563194752,3.507935762,2.561139107
15:11:27,2.562520981,3.506361246,2.559336662
15:11:27,2.563239813,3.506877422,2.559184074
15:11:27,2.562994719,3.507300138,2.560900211
15:11:27,2.56381011,3.5064044,2.560908079
15:11:27,2.562660456,3.506357431,2.560014486
15:11:27,2.562933445,3.507326365,2.55998683
15:11:27,2.563518763,3.509989023,2.561124325
15:11:27,2.563449383,3.511069536,2.560386896
15:11:27,2.563296556,3.511151075,2.560908079
15:11:27,2.563169956,3.511800289,2.561836481
15:11:27,2.563577414,3.512287378,2.560549736
15:11:27,2.563734055,3.512386084,2.560724258
15:11:27,2.563510656,3.512196779,2.561472178
15:11:27,2.563147545,3.509577274,2.560859203
15:11:27,2.563470602,3.508926153,2.560036421
15:11:27,2.562905312,3.507805824,2.560707808
15:11:27,2.56330204,3.509469986,2.560609341
15:11:27,2.562649965,3.508452415,2.561495304
15:11:27,2.564228058,3.509833097,2.561390877
15:11:27,2.563868046,3.509918451,2.560169935
15:11:27,2.563835144,3.510093451,2.560063124
15:11:27,2.563191891,3.509155273,2.56057477
15:11:27,2.564020634,3.509873629,2.560839415
15:11:27,2.564579725,3.509399176,2.562410831
15:11:27,2.563113451,3.509273767,2.56256485
15:11:27,2.564194679,3.510257006,2.561175346
15:11:27,2.563982487,3.509032249,2.562828779
15:11:27,2.563785553,3.509622335,2.560788631
15:11:27,2.563263655,3.508901119,2.561912775
15:11:27,2.56307888,3.508286715,2.562437057
15:11:27,2.562780142,3.508635759,2.561389446
15:11:27,2.563284159,3.508625269,2.560509443
15:11:27,2.563414812,3.508211851,2.559276581
15:11:27,2.562728643,3.510420084,2.561075449
15:11:27,2.563632488,3.51046896,2.560911655
15:11:27,2.563740253,3.510812283,2.560935974
15:11:27,2.563753843,3.511336327,2.561218262
15:11:27,2.564456224,3.511972904,2.561475515
15:11:27,2.563191175,3.509210587,2.561152697
15:11:27,2.562493324,3.509771109,2.562063932
15:11:27,2.562889814,3.509798527,2.561272383
15:11:27,2.563233852,3.509939909,2.560734272
15:11:27,2.563311338,3.509296656,2.560767889
15:11:27,2.563043594,3.5086689,2.560859919
15:11:27,2.563566208,3.510203838,2.560861826
15:11:27,2.56340456,3.50832653,2.560526609
15:11:27,2.563434601,3.508829355,2.560901642
15:11:27,2.56333375,3.507980824,2.560344458
15:11:27,2.563265085,3.507768631,2.558832645
15:11:27,2.563257694,3.508797407,2.558849335
15:11:27,2.563128948,3.509050131,2.558863163
15:11:27,2.562782049,3.509530783,2.560585499
15:11:28,2.563233376,3.509150505,2.561837196
15:11:28,2.563551903,3.509847164,2.561890125
15:11:28,2.562898874,3.510485411,2.560859203
15:11:28,2.563038826,3.509455204,2.559952974
15:11:28,2.562602997,3.508924246,2.560993433
15:11:28,2.563459158,3.508991241,2.561870337
15:11:28,2.563792706,3.508873224,2.561053038
15:11:28,2.563856125,3.507554054,2.559919357
15:11:28,2.562333345,3.507470608,2.560887098
15:11:28,2.56351161,3.508296013,2.561065674
15:11:28,2.563140869,3.50804472,2.560922861
15:11:28,2.56329155,3.507920504,2.559948444
15:11:28,2.562904358,3.508045197,2.56080699
15:11:28,2.562854052,3.509189606,2.560429811
15:11:28,2.563565493,3.510365486,2.561044216
15:11:28,2.562969446,3.511206388,2.560472727
15:11:28,2.563701153,3.510799408,2.560764074
15:11:28,2.56282568,3.511035442,2.560110331
15:11:28,2.563378572,3.510483027,2.560700893
15:11:28,2.563281536,3.509746075,2.562444925
15:11:28,2.563429832,3.509491682,2.56230545
15:11:28,2.563106298,3.510025978,2.56071806
15:11:28,2.563695908,3.5102911,2.561070919
15:11:28,2.56347847,3.509464502,2.560745478
15:11:28,2.563597202,3.508731842,2.560414076
15:11:28,2.562986374,3.508355141,2.561119795
15:11:28,2.563572168,3.507641315,2.560802221
15:11:28,2.562871218,3.508365631,2.560176134
15:11:28,2.563481808,3.509555817,2.560096025
15:11:28,2.564229727,3.510224342,2.559443951
15:11:28,2.563310623,3.510298252,2.559826136
15:11:28,2.562558651,3.510388613,2.560212851
15:11:28,2.563530207,3.509338379,2.561551094
15:11:28,2.562330723,3.508599281,2.562101126
15:11:28,2.56281209,3.507138252,2.5615623
15:11:28,2.563327074,3.50726819,2.561359882
15:11:28,2.563726187,3.508209229,2.560993433
15:11:28,2.56268239,3.508112669,2.56216073
15:11:28,2.563434601,3.507805824,2.561485291
15:11:28,2.563484192,3.50786972,2.562357187
15:11:28,2.563681841,3.508180857,2.561031103
15:11:28,2.564330816,3.508870602,2.56016469
15:11:28,2.563304901,3.509614944,2.561103106
15:11:28,2.564168215,3.510100603,2.558789968
15:11:28,2.563600779,3.509768486,2.559418678
15:11:28,2.562637329,3.508924961,2.559986115
15:11:28,2.562441826,3.508682966,2.561347246
15:11:28,2.562641859,3.509605169,2.560617685
15:11:28,2.563732862,3.509087324,2.561192274
15:11:28,2.563979149,3.509184361,2.560878277
15:11:28,2.563765287,3.509594917,2.561185122
15:11:28,2.562775612,3.508364201,2.561202288
15:11:28,2.563780308,3.508745909,2.560857773
15:11:28,2.564240217,3.508857965,2.561654329
15:11:28,2.56349802,3.509184361,2.560363054
15:11:28,2.562957764,3.508860826,2.559751511
15:11:28,2.563539267,3.510342836,2.559633017
15:11:28,2.563745499,3.51035738,2.560590029
15:11:28,2.563002825,3.510711193,2.559801102
15:11:28,2.56232667,3.509977818,2.560636997
15:11:28,2.563249826,3.50950551,2.56133914
15:11:28,2.563811541,3.509762049,2.559764624
15:11:28,2.562770128,3.508458376,2.561066151
15:11:28,2.563530684,3.508296967,2.561297417
15:11:28,2.562498093,3.508470535,2.560013533
15:11:28,2.562544823,3.508448601,2.56098032
15:11:28,2.562966824,3.506648302,2.560016632
15:11:28,2.56265831,3.505868673,2.561511278
15:11:28,2.562498808,3.506840229,2.560084105
15:11:28,2.562797308,3.506031275,2.560729504
15:11:28,2.563109159,3.508544445,2.560118437
15:11:28,2.562599659,3.508684158,2.559752703
15:11:28,2.563027382,3.508283615,2.559826136
15:11:28,2.562400103,3.510134459,2.559701204
15:11:28,2.562764168,3.509499073,2.56030488
15:11:28,2.562241077,3.509904146,2.56068778
15:11:28,2.562920332,3.509735107,2.560297012
15:11:28,2.563281536,3.509614468,2.561074018
15:11:28,2.562706947,3.509027243,2.560829401
15:11:28,2.562041998,3.509129763,2.559525251
15:11:28,2.561979771,3.50697732,2.561827421
15:11:28,2.562583923,3.507990599,2.561174393
15:11:28,2.562992811,3.507996559,2.560357809
15:11:28,2.562731266,3.507924557,2.561120272
15:11:28,2.563326597,3.509893656,2.560105324
15:11:28,2.562692165,3.509041309,2.560128927
15:11:28,2.563161373,3.509102345,2.561466932
15:11:28,2.563475132,3.510768414,2.559767246
15:11:28,2.563614607,3.510776997,2.560203791
15:11:28,2.563474417,3.509659529,2.560593843
15:11:28,2.563586473,3.508852959,2.560399294
15:11:28,2.562097073,3.508643389,2.559937239
15:11:28,2.562717199,3.507619858,2.560384512
15:11:28,2.56246829,3.50831151,2.560271978
15:11:28,2.563375473,3.50837636,2.561993361
15:11:28,2.563266277,3.509211302,2.560528517
15:11:28,2.562506437,3.509334087,2.560700893
15:11:28,2.562258005,3.509915113,2.560685396
15:11:28,2.562950373,3.51005888,2.561059475
15:11:28,2.563238621,3.510048389,2.561519384
15:11:28,2.564219713,3.509602547,2.561872482
15:11:28,2.563521385,3.509562731,2.560979605
15:11:28,2.564127207,3.509218216,2.561948299
15:11:28,2.563616991,3.508470535,2.561132908
15:11:28,2.564449787,3.510740519,2.561077595
15:11:28,2.564040184,3.510672569,2.559189081
15:11:28,2.563287973,3.50903511,2.559916258
15:11:28,2.562579155,3.509327888,2.560315609
15:11:28,2.56375742,3.509184361,2.561071396
15:11:28,2.562735081,3.509434462,2.560427904
15:11:28,2.563068151,3.509876013,2.561975002
15:11:28,2.562688112,3.509767771,2.561896801
15:11:28,2.563672066,3.509598017,2.561519384
15:11:28,2.562407494,3.509440184,2.561651468
15:11:28,2.563193083,3.508757114,2.561862469
15:11:28,2.562909603,3.508607626,2.560578108
15:11:28,2.563441753,3.508751154,2.560258627
15:11:28,2.563586473,3.510598421,2.560078621
15:11:28,2.562977552,3.510684252,2.558895826
15:11:29,2.56404686,3.511680841,2.560861826
15:11:29,2.56449461,3.509666681,2.56019187
15:11:29,2.562959671,3.509596109,2.560308456
15:11:29,2.562606335,3.508478642,2.561154604
15:11:29,2.563105822,3.50840497,2.561344624
15:11:29,2.563048363,3.508506775,2.560094118
15:11:29,2.562869072,3.508054972,2.560133696
15:11:29,2.562474728,3.507914782,2.560563564
15:11:29,2.561597347,3.508485079,2.560971498
15:11:29,2.562599182,3.508706093,2.56040287
15:11:29,2.563385487,3.508030415,2.560390234
15:11:29,2.563519478,3.509057999,2.561289072
15:11:29,2.564302206,3.50949502,2.560334682
15:11:29,2.564300299,3.510697603,2.560981512
15:11:29,2.564794302,3.510176182,2.56078434
15:11:29,2.563830614,3.510189295,2.561884403
15:11:29,2.56371212,3.509269238,2.560920715
15:11:29,2.56337738,3.509890556,2.561334848
15:11:29,2.562947035,3.511267662,2.560944319
15:11:29,2.563506126,3.511948347,2.561451674
15:11:29,2.564275265,3.512367249,2.561383486
15:11:29,2.565148115,3.510159254,2.56217432
15:11:29,2.564119339,3.509230852,2.563052654
15:11:29,2.562804461,3.50925827,2.561760187
15:11:29,2.563875914,3.508522034,2.561249495
15:11:29,2.563802242,3.509722233,2.561367273
15:11:29,2.564012766,3.510551929,2.560432673
15:11:29,2.56276083,3.510725498,2.560987473
15:11:29,2.563864946,3.510560989,2.561766624
15:11:29,2.564192772,3.509414673,2.560846567
15:11:29,2.564287186,3.509607315,2.560256004
15:11:29,2.564366341,3.511469841,2.560952425
15:11:29,2.563903332,3.512506247,2.562185764
15:11:29,2.564511061,3.512076855,2.561511993
15:11:29,2.563727617,3.5113585,2.562226057
15:11:29,2.56414485,3.50937295,2.56205821
15:11:29,2.563515902,3.509260178,2.562797546
15:11:29,2.563772917,3.508776665,2.56099534
15:11:29,2.56312418,3.510759354,2.56111455
15:11:29,2.563126087,3.510744095,2.561275721
15:11:29,2.563862324,3.510112286,2.561315536
15:11:29,2.564028263,3.510412455,2.561566591
15:11:29,2.563676119,3.509944677,2.56068635
15:11:29,2.563492537,3.510093451,2.561486721
15:11:29,2.564947367,3.511128187,2.561532497
15:11:29,2.56507802,3.51046896,2.560700893
15:11:29,2.564437866,3.510180235,2.561491489
15:11:29,2.56386447,3.509915113,2.56246233
15:11:29,2.56452632,3.509795904,2.56142807
15:11:29,2.563779831,3.50948,2.562474012
15:11:29,2.563892126,3.508178949,2.56165266
15:11:29,2.563845873,3.509888411,2.562786341
15:11:29,2.563563824,3.510809183,2.560987473
15:11:29,2.562662601,3.510702848,2.560192585
15:11:29,2.563206673,3.511253595,2.560773134
15:11:29,2.563824415,3.509810209,2.561288357
15:11:29,2.563615322,3.509437799,2.561787605
15:11:29,2.564872503,3.510304689,2.562418699
15:11:29,2.564738274,3.511357069,2.56101656
15:11:29,2.564830303,3.51188755,2.560912848
15:11:29,2.563272476,3.509846687,2.559187174
15:11:29,2.562848091,3.508552313,2.559862375
15:11:29,2.564290285,3.509346962,2.560679913
15:11:29,2.563496828,3.509304762,2.560721636
15:11:29,2.562788725,3.509198189,2.558683872
15:11:29,2.56230092,3.508837223,2.560813665
15:11:29,2.563269615,3.510572672,2.560883522
15:11:29,2.563541889,3.509009838,2.559784412
15:11:29,2.562696218,3.508804798,2.560518026
15:11:29,2.56204319,3.508662462,2.561182499
15:11:29,2.563412428,3.508537292,2.561886072
15:11:29,2.562949181,3.50841856,2.560853004
15:11:29,2.563837051,3.509520531,2.560428619
15:11:29,2.564380407,3.510492802,2.559371233
15:11:29,2.563127756,3.509226799,2.559617281
15:11:29,2.5630548,3.50939846,2.560146809
15:11:29,2.564034224,3.509360075,2.561095953
15:11:29,2.562990904,3.510270357,2.560510397
15:11:29,2.563580036,3.510389566,2.561217546
15:11:29,2.563764572,3.510438442,2.56154418
15:11:29,2.562550306,3.508948326,2.561428785
15:11:29,2.5639956,3.510159254,2.560101986
15:11:29,2.561728716,3.508041859,2.561401367
15:11:29,2.563026428,3.506771803,2.561802864
15:11:29,2.562143087,3.507377863,2.561576128
15:11:29,2.563415527,3.507472992,2.561882973
15:11:29,2.563004017,3.507848263,2.560109138
15:11:29,2.563015938,3.508270264,2.561691761
15:11:29,2.563290596,3.509210587,2.560442448
15:11:29,2.563951254,3.509001732,2.559881687
15:11:29,2.563731194,3.508695126,2.560373783
15:11:29,2.562137842,3.508684635,2.55874896
15:11:29,2.563401699,3.509938717,2.559975386
15:11:29,2.563430309,3.510237455,2.560453653
15:11:29,2.563096046,3.510131359,2.560873747
15:11:29,2.563708544,3.509738207,2.561189175
15:11:29,2.563208818,3.510432005,2.560958862
15:11:29,2.561959982,3.509331465,2.561027765
15:11:29,2.563099146,3.509922981,2.560133696
15:11:29,2.563066959,3.509402275,2.561180592
15:11:29,2.56303978,3.509821892,2.559863806
15:11:29,2.562586546,3.508192778,2.560084105
15:11:29,2.563152075,3.508964539,2.560231447
15:11:29,2.563502312,3.509193182,2.560185432
15:11:29,2.56281209,3.507656336,2.560228348
15:11:29,2.56304431,3.508886576,2.559453011
15:11:29,2.56308341,3.509889841,2.560078144
15:11:29,2.564036131,3.510594368,2.560476303
15:11:29,2.563272476,3.509008408,2.561038256
15:11:29,2.563575029,3.509121895,2.560560465
15:11:29,2.56362772,3.50854969,2.562535524
15:11:29,2.56460619,3.508464098,2.561297417
15:11:29,2.562506437,3.509320736,2.560848475
15:11:29,2.563275576,3.509714365,2.561472178
15:11:29,2.56286335,3.510253906,2.561084032
15:11:30,2.563263655,3.510408401,2.560911655
15:11:30,2.561733484,3.509352207,2.561654329
15:11:30,2.563194275,3.50856328,2.561361074
15:11:30,2.564435005,3.508751869,2.560855865
15:11:30,2.562988043,3.509468317,2.561282396
15:11:30,2.56384182,3.50996995,2.560128927
15:11:30,2.563856125,3.510001421,2.559062958
15:11:30,2.563631058,3.509286165,2.560746193
15:11:30,2.563607216,3.510146618,2.560781002
15:11:30,2.56293416,3.509715557,2.561406136
15:11:30,2.562614918,3.509106636,2.561460495
15:11:30,2.563363552,3.509225368,2.561052322
15:11:30,2.562360525,3.509337664,2.561437845
15:11:30,2.564083338,3.509450436,2.561540365
15:11:30,2.5629704,3.508314848,2.561904192
15:11:30,2.563112974,3.509261608,2.561358213
15:11:30,2.562614918,3.509174109,2.560878277
15:11:30,2.562809944,3.509711027,2.561418056
15:11:30,2.564120531,3.509352207,2.560140848
15:11:30,2.56307745,3.508657932,2.561760187
15:11:30,2.564250708,3.509218931,2.559080839
15:11:30,2.563374758,3.509120703,2.5603652
15:11:30,2.562539577,3.508642912,2.56033206
15:11:30,2.562040806,3.50894022,2.560342073
15:11:30,2.562232256,3.508470297,2.561308622
15:11:30,2.562105417,3.509308338,2.561411858
15:11:30,2.56269145,3.50937748,2.560629845
15:11:30,2.562675238,3.509795427,2.560003519
15:11:30,2.562251568,3.507548809,2.561496735
15:11:30,2.562315702,3.507159233,2.56060648
15:11:30,2.561185837,3.507178068,2.561237574
15:11:30,2.561764002,3.507079124,2.560295582
15:11:30,2.562996864,3.50761199,2.560340643
15:11:30,2.563743114,3.508330345,2.560431957
15:11:30,2.563015938,3.507521391,2.560390234
15:11:30,2.563426971,3.50823617,2.560024023
15:11:30,2.563916445,3.508701086,2.560968876
15:11:30,2.564931154,3.50853014,2.559587955
15:11:30,2.564097643,3.509659529,2.560321569
15:11:30,2.562327147,3.510606766,2.56137085
15:11:30,2.562726021,3.509646177,2.562238693
15:11:30,2.56290102,3.510100603,2.560274363
15:11:30,2.562962294,3.510045767,2.561702251
15:11:30,2.561896563,3.509684801,2.561354637
15:11:30,2.562791109,3.509553671,2.560644627
15:11:30,2.563504696,3.510226488,2.561802149
15:11:30,2.562996387,3.508588791,2.561131477
15:11:30,2.563573599,3.507616758,2.560701847
15:11:30,2.563313961,3.507449865,2.559940815
15:11:30,2.562664509,3.507756472,2.559995413
15:11:30,2.563268185,3.508379221,2.559982538
15:11:30,2.562632084,3.508120298,2.559380531
15:11:30,2.563304186,3.508325338,2.559826851
15:11:30,2.562847376,3.509082556,2.558987617
15:11:30,2.562860012,3.509331465,2.560168266
15:11:30,2.561480999,3.509977341,2.560615778
15:11:30,2.561869144,3.509326696,2.560416698
15:11:30,2.562809944,3.509814262,2.561460495
15:11:30,2.563604593,3.508537292,2.561085463
15:11:30,2.56246829,3.509484529,2.560662746
15:11:30,2.563597918,3.508841276,2.560679913
15:11:30,2.563222885,3.508031607,2.560264349
15:11:30,2.563225985,3.507566214,2.560755968
15:11:30,2.563042879,3.508861542,2.560254574
15:11:30,2.563362122,3.508489132,2.560414076
15:11:30,2.56336689,3.5084517,2.559738159
15:11:30,2.562286377,3.508659363,2.560569525
15:11:30,2.56268096,3.508684158,2.560941935
15:11:30,2.563081741,3.5093925,2.5612216
15:11:30,2.563287497,3.510112286,2.560820818
15:11:30,2.562610865,3.509266615,2.560190916
15:11:30,2.5621562,3.508970499,2.560554266
15:11:30,2.562706232,3.509000063,2.560894728
15:11:30,2.561755419,3.509204149,2.560912132
15:11:30,2.563548326,3.507720947,2.560906172
15:11:30,2.562607527,3.507499218,2.561710835
15:11:30,2.563063383,3.506711721,2.559041023
15:11:30,2.564014196,3.510071754,2.56032753
15:11:30,2.564138412,3.510259867,2.561315536
15:11:30,2.564426422,3.509722948,2.560692549
15:11:30,2.564277649,3.51091671,2.560717583
15:11:30,2.564117908,3.509865761,2.561064959
15:11:30,2.56336689,3.510274887,2.561131477
15:11:30,2.563061476,3.508357048,2.561148167
15:11:30,2.56300211,3.509465694,2.561761141
15:11:30,2.562396049,3.508718491,2.560588598
15:11:30,2.563118935,3.509705067,2.561009884
15:11:30,2.562494516,3.509524345,2.561570168
15:11:30,2.562889814,3.508744001,2.560455084
15:11:30,2.563837051,3.508162975,2.561432362
15:11:30,2.562821627,3.508256674,2.559977055
15:11:30,2.563389301,3.509235144,2.559841394
15:11:30,2.562703371,3.508291245,2.560571909
15:11:30,2.563050032,3.50780654,2.560480833
15:11:30,2.562446356,3.507761955,2.558705807
15:11:30,2.563314438,3.509433031,2.560828209
15:11:30,2.562666416,3.508697033,2.559728861
15:11:30,2.563025713,3.509216309,2.559904814
15:11:30,2.561638355,3.507728815,2.560925961
15:11:30,2.562722445,3.509071827,2.560195208
15:11:30,2.562240362,3.508861542,2.560879946
15:11:30,2.562418699,3.509715557,2.560744047
15:11:30,2.562729597,3.510520697,2.562390566
15:11:30,2.562630892,3.508509874,2.560604572
15:11:30,2.562449932,3.507632971,2.560495377
15:11:30,2.563472986,3.508328199,2.560189247
15:11:30,2.562908173,3.507711172,2.561111689
15:11:30,2.562639952,3.509016275,2.561584473
15:11:30,2.563523293,3.509579182,2.560156345
15:11:30,2.562941313,3.509212732,2.560338497
15:11:30,2.563755751,3.508225441,2.561208248
15:11:30,2.564506531,3.508388996,2.560488939
15:11:30,2.563200235,3.510287046,2.560652971
15:11:30,2.563598394,3.509936333,2.561068535
15:11:30,2.563503265,3.509587049,2.560852528
15:11:30,2.561279058,3.508859634,2.560306787
15:11:30,2.562644005,3.508601904,2.561466932
15:11:30,2.563359976,3.507995844,2.560146332
15:11:30,2.562883377,3.508414745,2.56071353
15:11:31,2.563954115,3.510332823,2.56059742
15:11:31,2.56408143,3.510070562,2.560867786
15:11:31,2.564157009,3.509090662,2.560458899
15:11:31,2.563091755,3.510788918,2.559759855
15:11:31,2.563123465,3.509061575,2.562679768
15:11:31,2.563257694,3.510320902,2.562222958
15:11:31,2.563830614,3.509676456,2.562819958
15:11:31,2.563054323,3.509511948,2.560795069
15:11:31,2.562777519,3.509208441,2.560698986
15:11:31,2.563613892,3.509224892,2.560695887
15:11:31,2.56358099,3.509907007,2.560323
15:11:31,2.562711239,3.508701086,2.560446501
15:11:31,2.562360525,3.509367228,2.560610533
15:11:31,2.562484026,3.509685516,2.56133604
15:11:31,2.563342333,3.509116411,2.561210394
15:11:31,2.563169956,3.509456635,2.561080694
15:11:31,2.563118458,3.509321451,2.56132412
15:11:31,2.563266993,3.508995771,2.560453653
15:11:31,2.562072992,3.507888079,2.561940432
15:11:31,2.563209534,3.507319212,2.560272455
15:11:31,2.563343048,3.507190704,2.560673952
15:11:31,2.563975334,3.508511782,2.560306787
15:11:31,2.56243968,3.509017467,2.559100628
15:11:31,2.563189507,3.507885456,2.559606552
15:11:31,2.562316895,3.50806427,2.560309649
15:11:31,2.561781168,3.50811553,2.560059547
15:11:31,2.561493635,3.509053946,2.560217142
15:11:31,2.562214375,3.508987427,2.561822653
15:11:31,2.563258171,3.509286165,2.560840368
15:11:31,2.563523293,3.509196758,2.560285807
15:11:31,2.562752247,3.507504463,2.561616182
15:11:31,2.562846184,3.508432865,2.561096668
15:11:31,2.562840223,3.506895781,2.560754061
15:11:31,2.562646389,3.508345366,2.560138941
15:11:31,2.562963963,3.508936644,2.559443951
15:11:31,2.563231945,3.509464979,2.560083389
15:11:31,2.563365936,3.509793282,2.560238123
15:11:31,2.563459873,3.508900642,2.559747219
15:11:31,2.562240362,3.508178234,2.560767174
15:11:31,2.56232667,3.509269238,2.562109947
15:11:31,2.561350822,3.508359671,2.560922861
15:11:31,2.562677145,3.509534836,2.560634851
15:11:31,2.561388493,3.50830102,2.561728954
15:11:31,2.562431097,3.508703709,2.560552835
15:11:31,2.562587738,3.508127451,2.56117177
15:11:31,2.562901735,3.508785963,2.561985493
15:11:31,2.563203812,3.508949041,2.560706854
15:11:31,2.563641548,3.509153605,2.559678078
15:11:31,2.562147141,3.508317232,2.559839249
15:11:31,2.563124895,3.50760293,2.559889555
15:11:31,2.562832117,3.508941889,2.559746742
15:11:31,2.563433409,3.508597851,2.561449766
15:11:31,2.563109875,3.508461475,2.560830832
15:11:31,2.563426971,3.508170605,2.559912682
15:11:31,2.562153578,3.509614468,2.560324669
15:11:31,2.56290102,3.508982182,2.559454679
15:11:31,2.562184095,3.510048389,2.561470985
15:11:31,2.563099861,3.509754896,2.561039686
15:11:31,2.562303066,3.508367777,2.559924603
15:11:31,2.562574625,3.508460999,2.560539007
15:11:31,2.562488794,3.508343458,2.560250044
15:11:31,2.563327551,3.507587194,2.56097436
15:11:31,2.563849688,3.508619547,2.56071043
15:11:31,2.563169241,3.509941101,2.560918808
15:11:31,2.563554764,3.510026693,2.561019659
15:11:31,2.563288689,3.509200096,2.560175419
15:11:31,2.562844753,3.508231163,2.560236931
15:11:31,2.562302351,3.508964539,2.560652018
15:11:31,2.563260555,3.509983063,2.560745001
15:11:31,2.562687159,3.50975275,2.560734272
15:11:31,2.562584877,3.508825064,2.561909437
15:11:31,2.5630548,3.508714199,2.560414076
15:11:31,2.562399387,3.50687623,2.560090542
15:11:31,2.562659025,3.507322311,2.560078621
15:11:31,2.563489676,3.508404255,2.560861349
15:11:31,2.563385487,3.507407904,2.560050488
15:11:31,2.563081264,3.507015705,2.560638189
15:11:31,2.562686205,3.506694078,2.560604572
15:11:31,2.562760115,3.507666111,2.561503887
15:11:31,2.562486649,3.508213758,2.559712648
15:11:31,2.562795877,3.508761644,2.560705185
15:11:31,2.562959671,3.509088516,2.561542273
15:11:31,2.563563824,3.509216309,2.561243534
15:11:31,2.563385963,3.509497643,2.561352491
15:11:31,2.562660933,3.509021997,2.561674118
15:11:31,2.562453508,3.508206367,2.560696363
15:11:31,2.563154697,3.508346081,2.561382294
15:11:31,2.562695026,3.50746727,2.560379744
15:11:31,2.563109875,3.508744717,2.561283112
15:11:31,2.56332922,3.509774923,2.560870409
15:11:31,2.563253403,3.50935936,2.561573982
15:11:31,2.563210964,3.509701729,2.561311483
15:11:31,2.564016342,3.509876013,2.560513973
15:11:31,2.562572479,3.510261059,2.560217857
15:11:31,2.563777685,3.510673285,2.561127663
15:11:31,2.56340909,3.510090113,2.561020374
15:11:31,2.56332922,3.509750366,2.559867382
15:11:31,2.56221199,3.50932622,2.560232162
15:11:31,2.562258959,3.508884907,2.55995369
15:11:31,2.562489986,3.50868535,2.558721066
15:11:31,2.561988592,3.50830102,2.560330629
15:11:31,2.561913729,3.50780654,2.559759378
15:11:31,2.562563896,3.507619858,2.560166121
15:11:31,2.562072992,3.507508993,2.561176538
15:11:31,2.562817574,3.508329868,2.561237574
15:11:31,2.56202364,3.507479191,2.560328722
15:11:31,2.562132359,3.506988287,2.560702562
15:11:31,2.562011003,3.507471561,2.560621023
15:11:31,2.56188941,3.506588936,2.559522629
15:11:31,2.562137842,3.506967545,2.561290979
15:11:31,2.562476873,3.508013725,2.560521841
15:11:31,2.562814951,3.508328915,2.559491634
15:11:31,2.562250853,3.508429527,2.560501337
15:11:31,2.56304574,3.508041859,2.559605837
15:11:31,2.562824249,3.508562088,2.559310913
15:11:31,2.562498808,3.507774591,2.561459064
15:11:31,2.562316895,3.509261608,2.560126543
15:11:31,2.56222558,3.507716179,2.559476137
15:11:31,2.561418772,3.507907629,2.560714483
15:11:32,2.562308788,3.507777691,2.561010599
15:11:32,2.563169956,3.508888245,2.560086012
15:11:32,2.562734365,3.508802891,2.560274363
15:11:32,2.563364744,3.509271383,2.560875654
15:11:32,2.563660622,3.510255098,2.560481548
15:11:32,2.563978195,3.510100603,2.559411049
15:11:32,2.56345439,3.510666132,2.560399294
15:11:32,2.56232357,3.508712769,2.560400009
15:11:32,2.562190294,3.508639097,2.559240818
15:11:32,2.562783957,3.508985519,2.559076786
15:11:32,2.563621759,3.508926153,2.560453176
15:11:32,2.561626911,3.507907152,2.560588598
15:11:32,2.562791109,3.5086658,2.561136961
15:11:32,2.562142372,3.507658958,2.560631037
15:11:32,2.563200235,3.507597208,2.560171127
15:11:32,2.562040091,3.508564711,2.561417341
15:11:32,2.562734365,3.508022308,2.560882092
15:11:32,2.563135624,3.508991241,2.562036991
15:11:32,2.562713385,3.508420229,2.560347319
15:11:32,2.562419891,3.507435799,2.560084105
15:11:32,2.56351018,3.508281469,2.560480356
15:11:32,2.56327033,3.50843215,2.561413288
15:11:32,2.563210249,3.508184433,2.559509993
15:11:32,2.563136816,3.509114504,2.560745478
15:11:32,2.562475443,3.50839591,2.560003519
15:11:32,2.562807798,3.509814978,2.56074214
15:11:32,2.562470675,3.508760929,2.560720444
15:11:32,2.56236434,3.508881092,2.561369658
15:11:32,2.56343627,3.508684635,2.561024427
15:11:32,2.563523293,3.509150505,2.560477018
15:11:32,2.562731266,3.508254766,2.56122756
15:11:32,2.563103199,3.507685661,2.561348438
15:11:32,2.563881397,3.508694649,2.561538458
15:11:32,2.562699556,3.509626627,2.56117177
15:11:32,2.563021183,3.509021997,2.560750723
15:11:32,2.562450171,3.508716583,2.560172558
15:11:32,2.563177109,3.509322882,2.560813665
15:11:32,2.563134193,3.510407925,2.560219765
15:11:32,2.562672853,3.510028839,2.560772419
15:11:32,2.563774824,3.510544062,2.560372353
15:11:32,2.563204288,3.509774446,2.56076932
15:11:32,2.56354332,3.508889437,2.561635017
15:11:32,2.563099861,3.508285522,2.561459064
15:11:32,2.56343627,3.508416653,2.560053587
15:11:32,2.562413931,3.50769496,2.560199738
15:11:32,2.563025713,3.507472992,2.559741497
15:11:32,2.563243389,3.508890152,2.560805559
15:11:32,2.563649416,3.50825572,2.560082912
15:11:32,2.563524008,3.508056402,2.559817076
15:11:32,2.561615705,3.50748682,2.559541702
15:11:32,2.561538696,3.509250402,2.560654402
15:11:32,2.562888384,3.509136915,2.560657978
15:11:32,2.562342644,3.508975029,2.558516502
15:11:32,2.562022209,3.508824348,2.561654329
15:11:32,2.562291145,3.508234501,2.561197042
15:11:32,2.562581301,3.508933306,2.559847593
15:11:32,2.56322217,3.508550882,2.560940981
15:11:32,2.562706947,3.508928061,2.561092615
15:11:32,2.562583208,3.50854516,2.561039686
15:11:32,2.562203884,3.508788347,2.56167841
15:11:32,2.563160658,3.508177042,2.560015917
15:11:32,2.563529253,3.508456945,2.561235905
15:11:32,2.563248396,3.509324789,2.561032295
15:11:32,2.562336206,3.507712603,2.560851812
15:11:32,2.562084913,3.509139538,2.560297012
15:11:32,2.56293416,3.510770798,2.561418056
15:11:32,2.563471794,3.509649754,2.560259581
15:11:32,2.562439203,3.509069681,2.561065674
15:11:32,2.563770533,3.509453297,2.560802221
15:11:32,2.563121557,3.509847879,2.560539007
15:11:32,2.562561512,3.508312941,2.561105251
15:11:32,2.562114716,3.508826971,2.559394121
15:11:32,2.562677145,3.508885622,2.559343338
15:11:32,2.56291151,3.508915901,2.561389446
15:11:32,2.562942505,3.509455204,2.560354948
15:11:32,2.562797308,3.509157181,2.560858488
15:11:32,2.562349796,3.508484364,2.56184721
15:11:32,2.563866854,3.509157658,2.560889721
15:11:32,2.564334631,3.510371447,2.561136961
15:11:32,2.564362526,3.508420944,2.560718775
15:11:32,2.5641675,3.5104568,2.561566114
15:11:32,2.563710213,3.508757114,2.561080694
15:11:32,2.56325388,3.509950876,2.562124252
15:11:32,2.563679695,3.50828433,2.561122894
15:11:32,2.562690735,3.509184361,2.560384989
15:11:32,2.562155724,3.508641005,2.560755968
15:11:32,2.56283474,3.508272886,2.560705185
15:11:32,2.563102484,3.508806229,2.562344551
15:11:32,2.562147856,3.508517742,2.560348511
15:11:32,2.562860012,3.507422209,2.561319351
15:11:32,2.562814474,3.508851051,2.56120348
15:11:32,2.562652588,3.508157492,2.561406136
15:11:32,2.563727617,3.50916481,2.56071043
15:11:32,2.562754154,3.509579897,2.560975313
15:11:32,2.562821627,3.508939743,2.561380148
15:11:32,2.562438488,3.507110357,2.560090065
15:11:32,2.562962294,3.508627415,2.561022043
15:11:32,2.56296587,3.508736134,2.560189724
15:11:32,2.563088655,3.50866437,2.560031176
15:11:32,2.562802553,3.508535385,2.561476231
15:11:32,2.562885761,3.509009838,2.560595751
15:11:32,2.563152075,3.508673906,2.561533689
15:11:32,2.563880682,3.509377003,2.560639381
15:11:32,2.56350565,3.508864164,2.560805559
15:11:32,2.563705683,3.509045601,2.561777353
15:11:32,2.562972307,3.509456635,2.561868191
15:11:32,2.563420773,3.50831151,2.561308146
15:11:32,2.563198328,3.50945282,2.560693264
15:11:32,2.562991381,3.508619547,2.561644316
15:11:32,2.562372446,3.508934021,2.560679913
15:11:32,2.562541485,3.509627342,2.562019825
15:11:32,2.562548876,3.509874821,2.560714483
15:11:32,2.56378746,3.510499716,2.56157732
15:11:32,2.563732147,3.51064086,2.560638905
15:11:32,2.56279254,3.509704113,2.561136246
15:11:32,2.562885046,3.509711027,2.561316729
15:11:33,2.562662601,3.508673906,2.560896873
15:11:33,2.562433004,3.508749247,2.561995268
15:11:33,2.563620567,3.50868988,2.561151505
15:11:33,2.562942028,3.508576393,2.560517311
15:11:33,2.563001156,3.508768082,2.561422586
15:11:33,2.563181877,3.50788331,2.561170101
15:11:33,2.562926769,3.508352041,2.560343981
15:11:33,2.562467098,3.508795738,2.562242031
15:11:33,2.562953234,3.508131981,2.560642242
15:11:33,2.562296152,3.508554935,2.560211658
15:11:33,2.562188625,3.508471966,2.559976339
15:11:33,2.56265974,3.509050846,2.560447693
15:11:33,2.562779427,3.508635044,2.560335875
15:11:33,2.562287092,3.509115934,2.560828686
15:11:33,2.562852144,3.509968042,2.560694456
15:11:33,2.562457085,3.509176016,2.560487032
15:11:33,2.56302309,3.509717464,2.560671568
15:11:33,2.562039375,3.508492708,2.560695887
15:11:33,2.562953949,3.508331776,2.560835838
15:11:33,2.562505245,3.508689165,2.560096502
15:11:33,2.562587738,3.508089781,2.561308146
15:11:33,2.563919067,3.508705378,2.560156345
15:11:33,2.563618422,3.508988857,2.560564756
15:11:33,2.562754154,3.509386778,2.560556173
15:11:33,2.563020706,3.508825064,2.560780287
15:11:33,2.562570572,3.509120703,2.559465647
15:11:33,2.563431501,3.51006794,2.559880257
15:11:33,2.562628031,3.507805824,2.560655355
15:11:33,2.563484192,3.508364201,2.560322285
15:11:33,2.563376665,3.509510756,2.560343266
15:11:33,2.56268096,3.508013248,2.56145978
15:11:33,2.562373877,3.508748055,2.560498953
15:11:33,2.563327074,3.508826971,2.560878277
15:11:33,2.563090563,3.50929141,2.561168909
15:11:33,2.56250906,3.509334087,2.560730696
15:11:33,2.563703775,3.508723974,2.559498787
15:11:33,2.56323719,3.508657217,2.560097694
15:11:33,2.563440084,3.509324312,2.560937881
15:11:33,2.562630892,3.509070396,2.559467554
15:11:33,2.562227726,3.508147001,2.561317444
15:11:33,2.562253952,3.507737398,2.559709072
15:11:33,2.56163311,3.508939266,2.56047225
15:11:33,2.563294172,3.508303165,2.559933424
15:11:33,2.562464237,3.50831008,2.560504913
15:11:33,2.562471867,3.508100271,2.560419321
15:11:33,2.563153982,3.509138346,2.560949087
15:11:33,2.562558651,3.508212328,2.561047077
15:11:33,2.563447237,3.508934736,2.560773849
15:11:33,2.562837362,3.508072615,2.56136775
15:11:33,2.56334877,3.509213448,2.560861349
15:11:33,2.562918663,3.50877738,2.560890198
15:11:33,2.563597202,3.509376287,2.560716867
15:11:33,2.563268185,3.510225058,2.561201096
15:11:33,2.563705683,3.509568691,2.560937881
15:11:33,2.563441753,3.509222984,2.561060905
15:11:33,2.563539743,3.509720087,2.561181784
15:11:33,2.56268096,3.508866787,2.560740709
15:11:33,2.563442707,3.50924325,2.560717583
15:11:33,2.563353539,3.50940299,2.561036587
15:11:33,2.563777685,3.509522915,2.56022501
15:11:33,2.563813448,3.509213924,2.560736895
15:11:33,2.563629627,3.508535385,2.560189724
15:11:33,2.563557625,3.509176731,2.56106019
15:11:33,2.563826084,3.510074377,2.561206341
15:11:33,2.563292265,3.50972724,2.560386896
15:11:33,2.562991381,3.510358095,2.560347795
15:11:33,2.563282728,3.510001421,2.56059742
15:11:33,2.564125776,3.508907318,2.559959888
15:11:33,2.562660933,3.509275913,2.561805487
15:11:33,2.563162565,3.509217024,2.560614824
15:11:33,2.56384778,3.510270357,2.561084032
15:11:33,2.561789513,3.508972406,2.560173988
15:11:33,2.562597513,3.507755041,2.559809446
15:11:33,2.562639236,3.509702682,2.559891701
15:11:33,2.562861443,3.508970499,2.561222315
15:11:33,2.563688755,3.509097576,2.560968876
15:11:33,2.563000679,3.51039362,2.56145072
15:11:33,2.56221962,3.508221626,2.560288906
15:11:33,2.562871933,3.508588076,2.560585976
15:11:33,2.562147141,3.507808924,2.560653687
15:11:33,2.563428164,3.508219481,2.560139418
15:11:33,2.56300211,3.508654594,2.561634302
15:11:33,2.562841654,3.508908987,2.561188698
15:11:33,2.562173367,3.508598804,2.559823513
15:11:33,2.563498974,3.508447886,2.560096025
15:11:33,2.562486649,3.50889349,2.561109304
15:11:33,2.562593937,3.508949041,2.560660839
15:11:33,2.563490391,3.509028673,2.560446501
15:11:33,2.562592506,3.507655144,2.559519768
15:11:33,2.562249422,3.507963657,2.560021877
15:11:33,2.562553167,3.508298874,2.561122417
15:11:33,2.563709736,3.509210587,2.561374426
15:11:33,2.563029766,3.50831604,2.561646223
15:11:33,2.561469793,3.508717775,2.560682535
15:11:33,2.563461542,3.508789063,2.561953545
15:11:33,2.562117338,3.508818388,2.560084105
15:11:33,2.562723875,3.507919312,2.559941769
15:11:33,2.562963009,3.508774996,2.559488773
15:11:33,2.56208086,3.508798838,2.561273336
15:11:33,2.563128948,3.509524345,2.560551405
15:11:33,2.56272316,3.50858283,2.56094861
15:11:33,2.563050747,3.509034157,2.561002016
15:11:33,2.563294172,3.508628607,2.560299635
15:11:33,2.563334227,3.509316921,2.562046289
15:11:33,2.563352108,3.509191513,2.561181784
15:11:33,2.562341452,3.507507801,2.560045004
15:11:33,2.561590195,3.505800724,2.56167841
15:11:33,2.563513041,3.508164167,2.560083389
15:11:33,2.563079834,3.508417845,2.560688972
15:11:33,2.562799215,3.507341862,2.560161591
15:11:33,2.562179565,3.507518768,2.559684515
15:11:33,2.562594891,3.507396936,2.560691833
15:11:33,2.562386274,3.508233309,2.560823202
15:11:33,2.563009977,3.507162571,2.560113192
15:11:33,2.563035727,3.50822401,2.560556889
15:11:34,2.56185174,3.5086658,2.559906244
15:11:34,2.562277079,3.508827448,2.559288025
15:11:34,2.563276052,3.508600712,2.561468124
15:11:34,2.562461615,3.509259462,2.560285091
15:11:34,2.562728882,3.50727725,2.560145617
15:11:34,2.561766624,3.508855581,2.559824228
15:11:34,2.562400103,3.508020639,2.560783863
15:11:34,2.564184427,3.50795579,2.56091094
15:11:34,2.561420918,3.508623123,2.560860395
15:11:34,2.563131332,3.507522345,2.560295582
15:11:34,2.561262846,3.507882833,2.560861826
15:11:34,2.561803341,3.508867979,2.560517311
15:11:34,2.561739445,3.509265423,2.561016083
15:11:34,2.562256098,3.508931875,2.560864449
15:11:34,2.562565088,3.508920193,2.560242653
15:11:34,2.561801434,3.508542299,2.559214592
15:11:34,2.563032389,3.508492231,2.560159922
15:11:34,2.561908722,3.508741617,2.560338497
15:11:34,2.563150167,3.508202076,2.559724331
15:11:34,2.563076019,3.508213758,2.559672117
15:11:34,2.562547445,3.50790906,2.5598104
15:11:34,2.562677145,3.50808692,2.560560465
15:11:34,2.563128948,3.508636475,2.560958862
15:11:34,2.563074112,3.508969069,2.560195208
15:11:34,2.562423229,3.507888794,2.561392784
15:11:34,2.56341362,3.50902009,2.561588049
15:11:34,2.562480927,3.509135485,2.56136775
15:11:34,2.562602997,3.509200811,2.560475111
15:11:34,2.562635899,3.508860111,2.560997486
15:11:34,2.561846495,3.508028269,2.559389114
15:11:34,2.562015772,3.507369995,2.561459064
15:11:34,2.562679529,3.508875847,2.560834646
15:11:34,2.562498808,3.509195566,2.559425354
15:11:34,2.562897682,3.507905722,2.5601933
15:11:34,2.562072992,3.507051706,2.560448885
15:11:34,2.562502384,3.50796175,2.560288429
15:11:34,2.562488794,3.509305239,2.560426712
15:11:34,2.561995268,3.5078547,2.560039759
15:11:34,2.56261301,3.509763241,2.560652018
15:11:34,2.562893152,3.508036852,2.560884714
15:11:34,2.563363552,3.50972414,2.560036898
15:11:34,2.563037872,3.508766174,2.561073542
15:11:34,2.562768221,3.509492397,2.559261322
15:11:34,2.562248945,3.508191586,2.55973959
15:11:34,2.563253403,3.509496212,2.560666561
15:11:34,2.563057423,3.509239912,2.560807705
15:11:34,2.562516212,3.508249521,2.560296297
15:11:34,2.562519073,3.508890152,2.559633017
15:11:34,2.562900305,3.507721663,2.560018539
15:11:34,2.561871767,3.507327557,2.559939384
15:11:34,2.562790632,3.507496119,2.55992341
15:11:34,2.561873436,3.508367777,2.55957818
15:11:34,2.562222481,3.507399797,2.560122967
15:11:34,2.563016653,3.509479284,2.560002327
15:11:34,2.562563896,3.508384466,2.559536457
15:11:34,2.563153267,3.507852077,2.560797691
15:11:34,2.563272953,3.509268761,2.560229778
15:11:34,2.562255383,3.508304358,2.56092453
15:11:34,2.563191891,3.50856328,2.560334206
15:11:34,2.562965155,3.508690596,2.559768677
15:11:34,2.563293457,3.508977652,2.559289932
15:11:34,2.561495543,3.508175135,2.559386492
15:11:34,2.562824726,3.50753212,2.560432673
15:11:34,2.562375784,3.508185387,2.560472727
15:11:34,2.562803745,3.508092403,2.560782433
15:11:34,2.56282711,3.507788181,2.559728146
15:11:34,2.562358379,3.507222652,2.558882475
15:11:34,2.563068867,3.508127451,2.560877085
15:11:34,2.563059568,3.507999659,2.560931921
15:11:34,2.56303525,3.509554386,2.559808731
15:11:34,2.563091278,3.508656025,2.559637547
15:11:34,2.562726021,3.508823872,2.558589458
15:11:34,2.562505245,3.508744717,2.560096502
15:11:34,2.562616587,3.508297682,2.56071043
15:11:34,2.562416792,3.507462502,2.559209108
15:11:34,2.562277079,3.50900507,2.560150146
15:11:34,2.56251502,3.50869894,2.559494734
15:11:34,2.561926365,3.507030725,2.559305668
15:11:34,2.561789036,3.50867486,2.559959888
15:11:34,2.56227994,3.508805513,2.55978179
15:11:34,2.562500715,3.507667542,2.559876442
15:11:34,2.563692331,3.507456779,2.559963465
15:11:34,2.561865568,3.50769496,2.559661388
15:11:34,2.562381506,3.507389069,2.561279297
15:11:34,2.562330008,3.507905006,2.561589241
15:11:34,2.563037872,3.508256197,2.55993247
15:11:34,2.563204765,3.508122444,2.560125828
15:11:34,2.562056541,3.508322716,2.559696436
15:11:34,2.562912703,3.508019209,2.560243368
15:11:34,2.56218791,3.508038759,2.560365677
15:11:34,2.56235528,3.508569241,2.558994293
15:11:34,2.561499119,3.507988691,2.559894323
15:11:34,2.561716795,3.507004738,2.559247017
15:11:34,2.561636448,3.507411003,2.559709072
15:11:34,2.562708139,3.507377386,2.560523272
15:11:34,2.563164473,3.508845329,2.560855865
15:11:34,2.562914848,3.507529259,2.559435368
15:11:34,2.562862635,3.507844925,2.559823513
15:11:34,2.561974049,3.506911993,2.559985399
15:11:34,2.563126802,3.508199215,2.561439276
15:11:34,2.562111855,3.507554531,2.559241533
15:11:34,2.562324286,3.508436203,2.559541225
15:11:34,2.562791109,3.507477045,2.559116602
15:11:34,2.561753988,3.508346796,2.560698986
15:11:34,2.562262058,3.509123564,2.560664177
15:11:34,2.563155174,3.508740902,2.560709715
15:11:34,2.561683893,3.507725,2.560774326
15:11:34,2.561431408,3.508696318,2.559977055
15:11:34,2.561694622,3.50854373,2.559660196
15:11:34,2.562644005,3.50833869,2.560950994
15:11:34,2.562552929,3.508458853,2.560429096
15:11:34,2.562337875,3.507605314,2.560523272
15:11:34,2.562744379,3.508644104,2.560550451
15:11:34,2.562577724,3.509219646,2.56028986
15:11:34,2.563109159,3.510528088,2.560469627
15:11:34,2.563099146,3.510105133,2.56071043
15:11:34,2.562635899,3.509034157,2.559930086
15:11:34,2.563510656,3.509239435,2.560451031
15:11:34,2.562837362,3.508678198,2.560540915
15:11:35,2.562367201,3.508163691,2.560518742
15:11:35,2.562124014,3.508012533,2.560285091
15:11:35,2.562678814,3.508269787,2.560802937
15:11:35,2.562450171,3.507115602,2.559763432
15:11:35,2.563530207,3.509571791,2.560335398
15:11:35,2.56344676,3.507893085,2.560687065
15:11:35,2.562774658,3.507276773,2.560429096
15:11:35,2.561552286,3.506857872,2.56065011
15:11:35,2.562672377,3.506968737,2.56085372
15:11:35,2.561878204,3.507323027,2.560576677
15:11:35,2.562620878,3.508165836,2.560614824
15:11:35,2.563005447,3.509332657,2.561256647
15:11:35,2.563362122,3.508939266,2.560871124
15:11:35,2.563786268,3.508663177,2.560211658
15:11:35,2.562963963,3.508856297,2.560763359
15:11:35,2.562975645,3.509510756,2.560875654
15:11:35,2.56342268,3.509717464,2.560243368
15:11:35,2.563381195,3.509259462,2.561042309
15:11:35,2.562668324,3.509586334,2.560002327
15:11:35,2.563028097,3.508229256,2.560113192
15:11:35,2.562632799,3.509203672,2.561232328
15:11:35,2.562428474,3.508307457,2.560735464
15:11:35,2.563904047,3.509942532,2.560403585
15:11:35,2.562877893,3.509435892,2.561724901
15:11:35,2.563096762,3.509963036,2.560247421
15:11:35,2.562536955,3.50950408,2.562023163
15:11:35,2.562746286,3.508935213,2.559664726
15:11:35,2.563041687,3.508769512,2.559740782
15:11:35,2.562373161,3.508657217,2.560156822
15:11:35,2.562510729,3.508485079,2.561019659
15:11:35,2.562478781,3.509282351,2.561047077
15:11:35,2.563390255,3.509150505,2.560031176
15:11:35,2.563513994,3.508744001,2.559113979
15:11:35,2.562439203,3.508646965,2.559947968
15:11:35,2.563150644,3.508904457,2.561511993
