Time,X,Y,Z
17:10:01,2.525460958,3.127621651,3.171822309
17:10:01,2.52440834,3.1312325,3.174607754
17:10:01,2.523940086,3.128821373,3.17187047
17:10:01,2.525157213,3.129789352,3.176553011
17:10:01,2.525431156,3.129284382,3.180366516
17:10:01,2.524947166,3.130594015,3.178981781
17:10:01,2.523536921,3.128083944,3.176185369
17:10:01,2.523572922,3.12773037,3.172933578
17:10:01,2.523820877,3.129442215,3.174170732
17:10:01,2.523009777,3.128807068,3.173313379
17:10:01,2.523784161,3.128298521,3.171849251
17:10:01,2.523658752,3.129323959,3.172344923
17:10:01,2.52384758,3.129462957,3.172993183
17:10:01,2.524374008,3.128722191,3.170565605
17:10:01,2.525181532,3.126740932,3.166600704
17:10:01,2.524974585,3.130051851,3.164049149
17:10:01,2.525976896,3.129119635,3.1669662
17:10:01,2.527024269,3.127577782,3.165127516
17:10:01,2.526364326,3.129799604,3.163333178
17:10:01,2.527059555,3.129162073,3.15978384
17:10:01,2.527695179,3.128817797,3.162754059
17:10:01,2.528280973,3.129678249,3.165369749
17:10:01,2.528548002,3.12947154,3.165876627
17:10:01,2.53087163,3.12929225,3.166031361
17:10:01,2.530778646,3.130059719,3.169836283
17:10:01,2.531782866,3.130792141,3.172370434
17:10:01,2.533124924,3.128502131,3.169088602
17:10:01,2.531868219,3.129978418,3.169114351
17:10:02,2.530851364,3.130952835,3.171933174
17:10:02,2.530558825,3.12806344,3.177475929
17:10:02,2.531807899,3.131473064,3.177174568
17:10:02,2.531030416,3.12966466,3.178996563
17:10:02,2.532016754,3.129260302,3.182893991
17:10:02,2.532783031,3.12959075,3.184794188
17:10:02,2.532423496,3.129930496,3.181866407
17:10:02,2.530345201,3.129247904,3.179391146
17:10:02,2.530970573,3.128561497,3.181535244
17:10:02,2.530560493,3.130720139,3.183339357
17:10:02,2.529625416,3.127813339,3.178861618
17:10:02,2.530629873,3.128902435,3.175957918
17:10:02,2.530631065,3.12900281,3.17406559
17:10:02,2.528581142,3.128118753,3.174808502
17:10:02,2.527845144,3.129386187,3.170418978
17:10:02,2.529342413,3.128551245,3.165491104
17:10:02,2.526619673,3.130149841,3.167425632
17:10:02,2.528207779,3.128873825,3.16789031
17:10:02,2.52850914,3.128160715,3.16298008
17:10:02,2.527546167,3.129869223,3.158028126
17:10:02,2.527991056,3.129971504,3.159269571
17:10:02,2.528115034,3.129205942,3.157451153
17:10:02,2.527233124,3.129695654,3.160657167
17:10:02,2.526806355,3.130586386,3.159849167
17:10:02,2.526002169,3.127527237,3.161022663
17:10:02,2.527135372,3.128151894,3.162279367
17:10:02,2.526783943,3.130607843,3.162755251
17:10:02,2.528377056,3.128445148,3.162885904
17:10:02,2.526981592,3.129755974,3.16644907
17:10:02,2.525962353,3.129744053,3.16937685
17:10:02,2.526892662,3.130977631,3.170740604
17:10:02,2.526516914,3.128380775,3.171839237
17:10:02,2.525713921,3.127768517,3.174119234
17:10:02,2.524392843,3.129844189,3.175420284
17:10:02,2.525720835,3.13032794,3.176180124
17:10:02,2.523788214,3.129489183,3.177430868
17:10:02,2.523267984,3.128898859,3.17895031
17:10:02,2.523301601,3.130499363,3.180197954
17:10:02,2.524015188,3.12739563,3.178195238
17:10:02,2.524095058,3.127966166,3.176813602
17:10:02,2.524896383,3.130270958,3.175769806
17:10:02,2.523639679,3.127040386,3.173373222
17:10:02,2.522716045,3.127895117,3.170664072
17:10:02,2.523691416,3.130182743,3.170389175
17:10:02,2.524115801,3.129718065,3.1709764
17:10:02,2.522753716,3.127506256,3.17068553
17:10:02,2.52492547,3.12835598,3.167035818
17:10:02,2.528249502,3.129616499,3.165547132
17:10:02,2.526145697,3.128572464,3.16460824
17:10:02,2.527358294,3.128877878,3.161079407
17:10:02,2.527381897,3.128274679,3.162799358
17:10:02,2.528842449,3.130557537,3.162650824
17:10:02,2.529468298,3.127566338,3.162873268
17:10:02,2.529898882,3.127578259,3.163713694
17:10:02,2.529524803,3.129879236,3.164836645
17:10:02,2.529623032,3.129171848,3.16577816
17:10:02,2.531144619,3.129148483,3.17039609
17:10:02,2.530938625,3.128583431,3.170476437
17:10:02,2.532328367,3.129635334,3.173618555
17:10:02,2.533293247,3.128068447,3.174874306
17:10:02,2.532857895,3.128521442,3.176398993
17:10:02,2.53212738,3.130103111,3.177197933
17:10:02,2.532499552,3.128009558,3.176801682
17:10:02,2.531957626,3.129116774,3.181376696
17:10:02,2.531487226,3.128281116,3.181810379
17:10:02,2.531275988,3.129522324,3.183691978
17:10:02,2.532426357,3.128723383,3.182105064
17:10:02,2.531445026,3.127642393,3.18078351
17:10:02,2.531732798,3.129399538,3.179051876
17:10:02,2.531731129,3.129015923,3.179094553
17:10:02,2.531013012,3.129532576,3.175476074
17:10:02,2.530134678,3.128539085,3.174151659
17:10:02,2.530252695,3.130185127,3.172166109
17:10:02,2.529883385,3.127826691,3.171477795
17:10:02,2.527096987,3.128292322,3.166521072
17:10:02,2.527380228,3.129154205,3.165467501
17:10:02,2.526261568,3.12877655,3.164227724
17:10:02,2.527168512,3.129240036,3.159688234
17:10:02,2.526591778,3.129367352,3.158272266
17:10:02,2.528651476,3.130759239,3.157841682
17:10:02,2.526985407,3.128564596,3.158101559
17:10:02,2.526467323,3.129319906,3.158388615
17:10:02,2.525664568,3.129476786,3.158303499
17:10:02,2.527008295,3.128580093,3.158246994
17:10:02,2.52586937,3.1291399,3.160654783
17:10:02,2.525346279,3.128808498,3.162828684
17:10:02,2.526521921,3.129728079,3.164271355
17:10:02,2.526062489,3.128985643,3.165304899
17:10:02,2.526082993,3.1283319,3.169217587
17:10:02,2.527004004,3.130262613,3.171363354
17:10:02,2.527083635,3.128957987,3.172560692
17:10:02,2.526200771,3.128854036,3.17658329
17:10:02,2.525628567,3.129141569,3.175691605
17:10:02,2.525319576,3.129593611,3.177783251
17:10:02,2.524608612,3.129150629,3.178187609
17:10:02,2.523317575,3.129320621,3.178646564
17:10:02,2.524884224,3.128399849,3.177721024
17:10:02,2.524317741,3.12838459,3.176981688
17:10:02,2.523883581,3.128056288,3.17683816
17:10:02,2.524439096,3.128628254,3.1776402
17:10:02,2.524566174,3.129216433,3.174815178
17:10:02,2.524589062,3.128652573,3.173150301
17:10:02,2.524758577,3.129182339,3.169322729
17:10:02,2.524521351,3.129019499,3.168807983
17:10:02,2.52495122,3.128749847,3.167789221
17:10:02,2.525368214,3.129511356,3.166933537
17:10:02,2.525660276,3.128942013,3.166885376
17:10:02,2.525887251,3.130415916,3.166122675
17:10:02,2.526299238,3.128775358,3.166103363
17:10:02,2.528533936,3.129361391,3.163956642
17:10:02,2.527998209,3.129709959,3.163345575
17:10:02,2.528442621,3.129332066,3.163863659
17:10:02,2.528495789,3.129146576,3.166008949
17:10:02,2.529530048,3.129055262,3.166251659
17:10:02,2.530681133,3.130025625,3.169156551
17:10:02,2.531329155,3.130611897,3.170032263
17:10:03,2.531999588,3.128935814,3.173659086
17:10:03,2.533481598,3.129669428,3.172660589
17:10:03,2.533203125,3.12956214,3.172766209
17:10:03,2.532413483,3.128888607,3.178411961
17:10:03,2.533016443,3.128694773,3.178836346
17:10:03,2.534204006,3.128504276,3.180513382
17:10:03,2.53352952,3.128823519,3.18069005
17:10:03,2.533076286,3.129184246,3.182527542
17:10:03,2.532857895,3.12899971,3.181894779
17:10:03,2.5330441,3.12839365,3.181974888
17:10:03,2.532790422,3.128317833,3.178680182
17:10:03,2.531680346,3.128484249,3.17913723
17:10:03,2.531506062,3.129726171,3.1782372
17:10:03,2.531775713,3.129317045,3.175483704
17:10:03,2.529130459,3.128351927,3.171166658
17:10:03,2.528060436,3.129275084,3.170315504
17:10:03,2.528367758,3.129766464,3.168359756
17:10:03,2.526989698,3.129757404,3.165072918
17:10:03,2.527475834,3.13011241,3.163002729
17:10:03,2.526987553,3.12964654,3.162983418
17:10:03,2.526854753,3.129483223,3.1606493
17:10:03,2.526854277,3.129450798,3.159099579
17:10:03,2.52653265,3.130037546,3.158838511
17:10:03,2.525684357,3.129518509,3.157845974
17:10:03,2.525205612,3.128990412,3.15904212
17:10:03,2.525374651,3.129673004,3.160264254
17:10:03,2.525216579,3.129802704,3.160179138
17:10:03,2.524800062,3.130269766,3.16155982
17:10:03,2.526323557,3.129127741,3.1637187
17:10:03,2.526645422,3.128680229,3.16507411
17:10:03,2.524742365,3.128784895,3.167129517
17:10:03,2.525708914,3.128601789,3.171255589
17:10:03,2.526718378,3.129487991,3.171758175
17:10:03,2.527158737,3.128425598,3.174543619
17:10:03,2.526388168,3.128879309,3.174981117
17:10:03,2.526263714,3.128807306,3.17593956
17:10:03,2.526677608,3.129068375,3.176931858
17:10:03,2.524593353,3.128685951,3.177382708
17:10:03,2.525045633,3.128263712,3.17928791
17:10:03,2.52488327,3.128351212,3.178511143
17:10:03,2.524506569,3.128673315,3.177424908
17:10:03,2.524254799,3.128404617,3.177038431
17:10:03,2.524441004,3.128627062,3.174573183
17:10:03,2.524531126,3.128964663,3.174067259
17:10:03,2.525084496,3.128950834,3.171643019
17:10:03,2.524692297,3.129038334,3.168762207
17:10:03,2.524652004,3.129290104,3.167263985
17:10:03,2.524580479,3.129370213,3.164716959
17:10:03,2.525218248,3.129678726,3.165091038
17:10:03,2.525747776,3.130191803,3.16328907
17:10:03,2.524816275,3.129797935,3.164217234
17:10:03,2.52585268,3.128497601,3.164258003
17:10:03,2.528247833,3.129985809,3.163929462
17:10:03,2.528153896,3.130436659,3.163735151
17:10:03,2.528978348,3.129504442,3.165844917
17:10:03,2.529537916,3.129777908,3.165555239
17:10:03,2.53070569,3.12991786,3.167294025
17:10:03,2.530590057,3.12980628,3.168558121
17:10:03,2.531121254,3.129338503,3.16912055
17:10:03,2.533478975,3.128967047,3.174257278
17:10:03,2.532554388,3.128692865,3.172755957
17:10:03,2.533572435,3.128855705,3.176823139
17:10:03,2.533081293,3.12987113,3.178236008
17:10:03,2.533359051,3.129962206,3.180471659
17:10:03,2.533133745,3.129157066,3.180477619
17:10:03,2.534479141,3.129927874,3.181993484
17:10:03,2.53420043,3.129061937,3.183153152
17:10:03,2.532418013,3.128462553,3.182186842
17:10:03,2.532522917,3.129518032,3.181812525
17:10:03,2.53202033,3.128984928,3.181056499
17:10:03,2.53244257,3.12929225,3.177070141
17:10:03,2.531674147,3.128454447,3.176126719
17:10:03,2.530243158,3.129543543,3.175179482
17:10:03,2.529504538,3.129845858,3.170756578
17:10:03,2.528460026,3.129758358,3.16828537
17:10:03,2.527890682,3.129473209,3.166806936
17:10:03,2.527553797,3.129428387,3.166950464
17:10:03,2.527701139,3.129589558,3.16027236
17:10:03,2.525000811,3.130161047,3.158280611
17:10:03,2.52579236,3.129919529,3.158381701
17:10:03,2.525881529,3.129648924,3.157896757
17:10:03,2.525005817,3.129671335,3.158025742
17:10:03,2.524551392,3.130558729,3.158836603
17:10:03,2.525425911,3.130024195,3.158331394
17:10:03,2.525090933,3.130633831,3.161318779
17:10:03,2.526380062,3.130132437,3.162306786
17:10:03,2.526108027,3.129480124,3.162082672
17:10:03,2.525842667,3.130034685,3.165361643
17:10:03,2.525657177,3.129487038,3.167072296
17:10:03,2.526731014,3.130076885,3.167325735
17:10:03,2.527549505,3.129762888,3.16943717
17:10:03,2.527426004,3.12908864,3.174610615
17:10:03,2.525516272,3.12893486,3.176298618
17:10:03,2.528155327,3.128976345,3.177242994
17:10:03,2.526862621,3.129430056,3.17931509
17:10:03,2.526200771,3.129196405,3.180368185
17:10:03,2.52680254,3.129024982,3.181242466
17:10:03,2.526058912,3.129009485,3.17962122
17:10:03,2.524991512,3.128532171,3.177634239
17:10:03,2.525368214,3.129233599,3.177146196
17:10:03,2.52480197,3.128732204,3.175776243
17:10:03,2.523952961,3.129090786,3.174469233
17:10:03,2.523865461,3.12914443,3.173562527
17:10:03,2.524670839,3.129543543,3.172920704
17:10:03,2.524092436,3.128674507,3.171684742
17:10:03,2.524350166,3.128727913,3.166205168
17:10:03,2.523921967,3.129566431,3.165536165
17:10:03,2.523851156,3.129163265,3.163834095
17:10:03,2.525211811,3.129286528,3.162567616
17:10:03,2.525707722,3.129105091,3.16215992
17:10:03,2.526201963,3.130348682,3.162385225
17:10:03,2.527640343,3.130212545,3.162135601
17:10:03,2.528500319,3.129659176,3.163768768
17:10:03,2.529228687,3.129828215,3.164680481
17:10:03,2.529564619,3.129892349,3.166393518
17:10:03,2.53002286,3.129381895,3.169811249
17:10:03,2.531730652,3.129143238,3.171610832
17:10:03,2.53204608,3.129678249,3.172390938
17:10:03,2.53311348,3.129903555,3.173439026
17:10:04,2.534047127,3.129278421,3.176752806
17:10:04,2.533439875,3.129721403,3.177259445
17:10:04,2.533240318,3.12936902,3.179772377
17:10:04,2.533811092,3.128800869,3.182034016
17:10:04,2.534185648,3.129295349,3.182139874
17:10:04,2.532258987,3.12874341,3.183172941
17:10:04,2.533835411,3.129342556,3.181608438
17:10:04,2.532757998,3.128962278,3.18056941
17:10:04,2.532731771,3.128733397,3.178891182
17:10:04,2.532681227,3.128542662,3.178304911
17:10:04,2.532326698,3.128198862,3.173887968
17:10:04,2.532110453,3.129389763,3.173750401
17:10:04,2.53145051,3.1284585,3.17142415
17:10:04,2.530079603,3.1285851,3.169457436
17:10:04,2.527393818,3.128452778,3.165373802
17:10:04,2.528178453,3.128733873,3.164550304
17:10:04,2.526383162,3.129474163,3.162935257
17:10:04,2.525518894,3.128964663,3.159138203
17:10:04,2.52492547,3.128422022,3.1581285
17:10:04,2.52576685,3.13006568,3.15793705
17:10:04,2.524988413,3.129371881,3.156912804
17:10:04,2.525087118,3.129267216,3.156978369
17:10:04,2.525039673,3.129415989,3.158623457
17:10:04,2.524540424,3.129623652,3.158257961
17:10:04,2.524911165,3.128468752,3.162073374
17:10:04,2.52475214,3.128774166,3.16276741
17:10:04,2.526072502,3.129528999,3.164428234
17:10:04,2.524932623,3.129532576,3.166396379
17:10:04,2.526312828,3.12937355,3.168255091
17:10:04,2.527079821,3.128818274,3.171400785
17:10:04,2.526148558,3.128918171,3.172688961
17:10:04,2.526232958,3.128969669,3.176867723
17:10:04,2.525858879,3.129474163,3.178200483
17:10:04,2.526806355,3.129291296,3.177785635
17:10:04,2.526407242,3.129064322,3.178365231
17:10:04,2.525988579,3.128809214,3.180630207
17:10:04,2.52577877,3.129083872,3.180291653
17:10:04,2.52614522,3.128984928,3.179860592
17:10:04,2.526714563,3.128664255,3.17748189
17:10:04,2.5254004,3.128817558,3.176512241
17:10:04,2.526226044,3.129162788,3.176454306
17:10:04,2.524878502,3.129080296,3.17502284
17:10:04,2.524609804,3.128574848,3.171247959
17:10:04,2.523943663,3.129444361,3.171078205
17:10:04,2.523315191,3.129362583,3.169714212
17:10:04,2.525347948,3.129033804,3.165739298
17:10:04,2.525439978,3.129187584,3.165287256
17:10:04,2.525126457,3.129255533,3.163944244
17:10:04,2.524570704,3.12958765,3.163869143
17:10:04,2.525118351,3.128764391,3.162244081
17:10:04,2.526238203,3.129674911,3.16241312
17:10:04,2.526976109,3.129852057,3.162658215
17:10:04,2.527997494,3.128596067,3.165415287
17:10:04,2.52841568,3.129829168,3.166085482
17:10:04,2.529422045,3.130259275,3.167795658
17:10:04,2.530191898,3.129589558,3.168236494
17:10:04,2.531795979,3.130289316,3.172859669
17:10:04,2.533703327,3.129895926,3.17292428
17:10:04,2.53375864,3.129983664,3.173939228
17:10:04,2.534503937,3.12954402,3.177714825
17:10:04,2.53379941,3.130204439,3.178929329
17:10:04,2.534082651,3.129357338,3.180533886
17:10:04,2.533964157,3.129064322,3.180532932
17:10:04,2.533565998,3.129087448,3.181978941
17:10:04,2.534328699,3.129808903,3.181498051
17:10:04,2.534651279,3.129884481,3.182415485
17:10:04,2.533612013,3.129403114,3.179444075
17:10:04,2.53368187,3.129808903,3.177672386
17:10:04,2.533301353,3.129700661,3.176281214
17:10:04,2.533139229,3.128589153,3.177212238
17:10:04,2.531201601,3.130006552,3.171856403
17:10:04,2.530320883,3.130025148,3.170623302
17:10:04,2.529886723,3.130025625,3.169224024
17:10:04,2.527439117,3.128802299,3.164761543
17:10:04,2.527424574,3.130156994,3.163391352
17:10:04,2.526293993,3.129911423,3.162872553
17:10:04,2.527005672,3.129938126,3.160874367
17:10:04,2.525015116,3.129208326,3.157969236
17:10:04,2.524142981,3.130628347,3.156830072
17:10:04,2.524558544,3.13010931,3.156386614
17:10:04,2.523717165,3.129134417,3.157840967
17:10:04,2.524370193,3.130266428,3.158905745
17:10:04,2.523631096,3.129985332,3.159733534
17:10:04,2.523940086,3.129961491,3.159480333
17:10:04,2.52479291,3.129436493,3.16232419
17:10:04,2.524310827,3.130031824,3.165597439
17:10:04,2.52583313,3.129353285,3.167061329
17:10:04,2.526662111,3.128815413,3.170749426
17:10:04,2.527122974,3.129700661,3.172192335
17:10:04,2.527192831,3.129844904,3.173594475
17:10:04,2.527236462,3.128807068,3.174523354
17:10:04,2.527939796,3.12925148,3.177035332
17:10:04,2.526796579,3.129611969,3.178145885
17:10:04,2.526845455,3.128492355,3.177976131
17:10:04,2.526725054,3.128433228,3.181107759
17:10:04,2.525269985,3.129335403,3.179913521
17:10:04,2.525290489,3.129176617,3.178229094
17:10:04,2.524857044,3.127776146,3.178687096
17:10:04,2.525954247,3.128526926,3.177790403
17:10:04,2.526781797,3.128928661,3.175345659
17:10:04,2.524834156,3.128668547,3.174224615
17:10:04,2.523971558,3.128973961,3.170457363
17:10:04,2.524513721,3.129645586,3.168903589
17:10:04,2.523749352,3.128667355,3.167394161
17:10:04,2.523572922,3.12914896,3.167501688
17:10:04,2.523988485,3.129565954,3.165310144
17:10:04,2.524142504,3.129719257,3.163761854
17:10:04,2.52465868,3.12934041,3.164207935
17:10:04,2.527654171,3.128918648,3.163830996
17:10:04,2.526552916,3.129482508,3.163656712
17:10:04,2.527406454,3.130442619,3.162968636
17:10:04,2.527693987,3.129274368,3.163395405
17:10:04,2.529877424,3.128573656,3.165744543
17:10:04,2.529868126,3.129754782,3.167183399
17:10:04,2.530791998,3.129596472,3.1690557
17:10:05,2.53222084,3.128335714,3.172073126
17:10:05,2.532373428,3.128837824,3.172650099
17:10:05,2.532677174,3.129192591,3.175245523
17:10:05,2.532156944,3.128706217,3.175116539
17:10:05,2.534547806,3.128687382,3.178475142
17:10:05,2.534885168,3.129473925,3.179727077
17:10:05,2.534080505,3.130010366,3.179078102
17:10:05,2.53388834,3.128542662,3.180330276
17:10:05,2.533280611,3.128469944,3.180815697
17:10:05,2.533252716,3.129372597,3.180170774
17:10:05,2.533361435,3.128692389,3.178256273
17:10:05,2.533387184,3.128828526,3.177670956
17:10:05,2.533265114,3.130737782,3.175988436
17:10:05,2.533269405,3.129411221,3.174879551
17:10:05,2.53153944,3.127895832,3.169311285
17:10:05,2.529963732,3.13022089,3.168226719
17:10:05,2.529606342,3.130232811,3.167062044
17:10:05,2.528369904,3.12972331,3.165016651
17:10:05,2.52613163,3.128512621,3.163080215
17:10:05,2.525841475,3.129795313,3.162240982
17:10:05,2.526197672,3.129174948,3.160732508
17:10:05,2.524001598,3.128538609,3.158059597
17:10:05,2.52448225,3.129873037,3.157209635
17:10:05,2.525654793,3.130544424,3.157463551
17:10:05,2.525939703,3.129671812,3.156358957
17:10:05,2.524783611,3.129925251,3.15964818
17:10:05,2.523429394,3.130034208,3.160270452
17:10:05,2.525215387,3.128982306,3.161576509
17:10:05,2.524886131,3.129322529,3.165425777
17:10:05,2.524588108,3.129939556,3.167727232
17:10:05,2.525747776,3.128004551,3.16827774
17:10:05,2.525699615,3.129755974,3.169133425
17:10:05,2.526860237,3.12967658,3.172988892
17:10:05,2.52678442,3.129528999,3.175844908
17:10:05,2.527561188,3.128672123,3.1749897
17:10:05,2.529165268,3.129425287,3.177454472
17:10:05,2.527757406,3.130085945,3.178614616
17:10:05,2.527208805,3.127875805,3.179823875
17:10:05,2.525710106,3.12907362,3.178545952
17:10:05,2.525750637,3.1295228,3.179283857
17:10:05,2.526839256,3.128501654,3.179845095
17:10:05,2.526116848,3.12907815,3.179204702
17:10:05,2.525679588,3.130212545,3.176233053
17:10:05,2.525993824,3.128859282,3.173467398
17:10:05,2.524214029,3.128805161,3.171601534
17:10:05,2.524249554,3.129343033,3.170588493
17:10:05,2.523403645,3.129739761,3.168790817
17:10:05,2.523707867,3.12971735,3.167212248
17:10:05,2.523689747,3.129984856,3.167956114
17:10:05,2.52320528,3.12966466,3.165235519
17:10:05,2.524424314,3.129744053,3.164111614
17:10:05,2.524410248,3.129986525,3.16364336
17:10:05,2.526136398,3.128923178,3.164861441
17:10:05,2.527132988,3.130300283,3.164977074
17:10:05,2.528531075,3.12908268,3.164497375
17:10:05,2.527394772,3.129327536,3.164448023
17:10:05,2.527835846,3.130340099,3.168562889
17:10:05,2.529619217,3.129801035,3.169017792
17:10:05,2.529034376,3.129179478,3.171458006
17:10:05,2.530190468,3.127860785,3.171308756
17:10:05,2.532850504,3.1292274,3.174898624
17:10:05,2.533043623,3.12957406,3.176856279
17:10:05,2.533474207,3.128396749,3.177283525
17:10:05,2.534808636,3.130064726,3.178095341
17:10:05,2.535018921,3.129113197,3.178299665
17:10:05,2.53405714,3.128944159,3.178773165
17:10:05,2.534353971,3.127680302,3.178754568
17:10:05,2.532931805,3.128675699,3.178858757
17:10:05,2.533000469,3.129646301,3.179406404
17:10:05,2.533992529,3.127947807,3.178154469
17:10:05,2.533091068,3.1296103,3.174633741
17:10:05,2.532310486,3.129333735,3.174457788
17:10:05,2.53248167,3.128772259,3.173749208
17:10:05,2.532791853,3.128508568,3.172081232
17:10:05,2.5297122,3.129670143,3.16513443
17:10:05,2.528304577,3.130125761,3.16361618
17:10:05,2.527792931,3.129528522,3.16236186
17:10:05,2.524909258,3.130137444,3.159297943
17:10:05,2.525964975,3.129283667,3.159825325
17:10:05,2.524933815,3.12904048,3.159987926
17:10:05,2.524291039,3.129212379,3.158963919
17:10:05,2.525068521,3.130036354,3.158841848
17:10:05,2.524687052,3.129030228,3.15955472
17:10:05,2.52447176,3.129164934,3.159542561
17:10:05,2.523585081,3.130571365,3.159718513
17:10:05,2.522079945,3.129245758,3.160313129
17:10:05,2.523230076,3.12962079,3.160823345
17:10:05,2.523463488,3.12874651,3.162844896
17:10:05,2.525639534,3.130310774,3.168224096
17:10:05,2.52571106,3.129328012,3.171426296
17:10:05,2.527060747,3.128026485,3.171380997
17:10:05,2.527120113,3.129844189,3.175434828
17:10:05,2.528212786,3.129722595,3.175777435
17:10:05,2.528255939,3.128901958,3.175989628
17:10:05,2.5289011,3.128203154,3.175879717
17:10:05,2.527453423,3.129038334,3.178284168
17:10:05,2.528258085,3.128508091,3.179020166
17:10:05,2.527420998,3.128897905,3.179141998
17:10:05,2.527234793,3.129132271,3.178769827
17:10:05,2.527406931,3.129076481,3.177760124
17:10:05,2.526839256,3.128569603,3.178189039
17:10:05,2.526867628,3.129262924,3.176912785
17:10:05,2.524517536,3.128688097,3.17360425
17:10:05,2.524359465,3.128587961,3.170397282
17:10:05,2.523886919,3.129189968,3.168981791
17:10:05,2.523438692,3.129284382,3.166838169
17:10:05,2.523100853,3.128568411,3.165919781
17:10:05,2.524806261,3.129502058,3.164775133
17:10:05,2.523099184,3.129848719,3.165549994
17:10:05,2.524390936,3.129419088,3.164985895
17:10:05,2.526290655,3.130413294,3.16486907
17:10:05,2.526165962,3.129634619,3.166164875
17:10:05,2.526515961,3.129380703,3.165706635
17:10:05,2.526211262,3.129446507,3.167128325
17:10:05,2.526269674,3.129430532,3.168277264
17:10:05,2.528955936,3.129255056,3.167850256
17:10:06,2.5305233,3.129009962,3.172318697
17:10:06,2.532027245,3.130498409,3.17329073
17:10:06,2.531784058,3.129552126,3.17282033
17:10:06,2.531648636,3.128497601,3.176441431
17:10:06,2.533121109,3.129765749,3.177141905
17:10:06,2.533279419,3.129785299,3.17826128
17:10:06,2.533751726,3.129678726,3.178824186
17:10:06,2.533693075,3.129261255,3.179701328
17:10:06,2.534055471,3.128917694,3.179343462
17:10:06,2.533447504,3.12876606,3.179508686
17:10:06,2.534118176,3.128726721,3.177523136
17:10:06,2.534068346,3.129191399,3.177155018
17:10:06,2.534255505,3.129064322,3.175796509
17:10:06,2.533409357,3.129349947,3.175288439
17:10:06,2.531627417,3.129405022,3.17203021
17:10:06,2.531001568,3.129416704,3.169699669
17:10:06,2.52980113,3.129343033,3.169017792
17:10:06,2.529054642,3.130022526,3.165203094
17:10:06,2.527293444,3.130201817,3.163018942
17:10:06,2.527071238,3.129578114,3.16232419
17:10:06,2.526459217,3.128433228,3.160122633
17:10:06,2.525362253,3.12968874,3.159106731
17:10:06,2.524689913,3.129898548,3.157609224
17:10:06,2.524832487,3.129203558,3.157631636
17:10:06,2.524813414,3.130098343,3.159492493
17:10:06,2.524080276,3.129506588,3.160644531
17:10:06,2.522092342,3.129570007,3.160055399
17:10:06,2.522988796,3.129452705,3.16166091
17:10:06,2.525096893,3.128420353,3.162950039
17:10:06,2.524790764,3.129890203,3.165035725
17:10:06,2.524904013,3.129303217,3.164376974
17:10:06,2.526725054,3.129052639,3.171071291
17:10:06,2.526386499,3.129098415,3.171826839
17:10:06,2.52718544,3.129309893,3.174025536
17:10:06,2.527932405,3.12913847,3.1757195
17:10:06,2.528073072,3.129576921,3.17599988
17:10:06,2.52868104,3.129190445,3.178616524
17:10:06,2.528300285,3.129750729,3.178489685
17:10:06,2.527446032,3.128945112,3.178996563
17:10:06,2.527683258,3.129601002,3.179005384
17:10:06,2.526616335,3.129106998,3.179550409
17:10:06,2.526391983,3.129297018,3.17757535
17:10:06,2.526048422,3.128916979,3.17564559
17:10:06,2.525779963,3.129170418,3.17737174
17:10:06,2.524630547,3.129548073,3.174656391
17:10:06,2.523878336,3.128516436,3.171305895
17:10:06,2.524152994,3.129053354,3.169994593
17:10:06,2.523126602,3.128824711,3.167548656
17:10:06,2.522863626,3.128713608,3.167621136
17:10:06,2.523963928,3.129262924,3.163504124
17:10:06,2.524312735,3.129273891,3.164228439
17:10:06,2.523952484,3.129738092,3.163358212
17:10:06,2.524167776,3.13004446,3.164456844
17:10:06,2.526336432,3.129362583,3.163957119
17:10:06,2.526945114,3.129663944,3.166709423
17:10:06,2.526974201,3.130022526,3.165217638
17:10:06,2.528545141,3.129232883,3.168619633
17:10:06,2.529818058,3.129217625,3.169933319
17:10:06,2.529416561,3.12908268,3.171440125
17:10:06,2.531119108,3.129244566,3.173773527
17:10:06,2.531540871,3.12901783,3.176067591
17:10:06,2.532810926,3.12929821,3.177101851
17:10:06,2.532561302,3.129512548,3.177544117
17:10:06,2.533559084,3.12913847,3.17881155
17:10:06,2.533149481,3.129728794,3.178829193
17:10:06,2.533002853,3.129268408,3.179132223
17:10:06,2.532784224,3.128126621,3.18025732
17:10:06,2.533285141,3.129785299,3.180053711
17:10:06,2.533782005,3.129694462,3.178511858
17:10:06,2.533801317,3.129441023,3.177093267
17:10:06,2.532697439,3.128852367,3.174317122
17:10:06,2.531568289,3.12923646,3.174107552
17:10:06,2.530892611,3.128943443,3.17356658
17:10:06,2.531169176,3.129775047,3.169158936
17:10:06,2.530640364,3.129221916,3.167373419
17:10:06,2.531074762,3.130174637,3.165883541
17:10:06,2.529763222,3.130029678,3.165412903
17:10:06,2.52827549,3.129350662,3.161285639
17:10:06,2.527102709,3.13041091,3.160208702
17:10:06,2.527245283,3.129401922,3.159036636
17:10:06,2.527035236,3.129534483,3.157887459
17:10:06,2.525133848,3.129780769,3.158473492
17:10:06,2.524723053,3.129484653,3.157834768
17:10:06,2.52468133,3.129565477,3.160230398
17:10:06,2.52399826,3.12932992,3.162606478
17:10:06,2.522203207,3.129524708,3.161684036
17:10:06,2.522933722,3.129020929,3.163398266
17:10:06,2.525030375,3.129990816,3.165420771
17:10:06,2.52469945,3.129860163,3.16820693
17:10:06,2.524605751,3.129731894,3.170145512
17:10:06,2.525632381,3.1294415,3.16949296
17:10:06,2.526582479,3.128900051,3.173401833
17:10:06,2.526346922,3.128904343,3.174239397
17:10:06,2.526694298,3.128867865,3.17471385
17:10:06,2.528800964,3.1291852,3.177667141
17:10:06,2.527578354,3.129370213,3.177030325
17:10:06,2.527671576,3.129668951,3.178667545
17:10:06,2.527513504,3.129312038,3.179471016
17:10:06,2.526744127,3.128740549,3.17640996
17:10:06,2.526661158,3.129125357,3.177314043
17:10:06,2.52703476,3.128626585,3.175509214
17:10:06,2.526805878,3.129706621,3.174974918
17:10:06,2.525565863,3.129455805,3.173664808
17:10:06,2.524194241,3.129755497,3.173609257
17:10:06,2.525827885,3.129094124,3.172262669
17:10:06,2.524148464,3.129579306,3.169350624
17:10:06,2.524792194,3.129090309,3.167645693
17:10:06,2.524214506,3.129448652,3.166077852
17:10:06,2.524242401,3.129157782,3.163718224
17:10:06,2.523815393,3.128752232,3.164323092
17:10:06,2.52405405,3.128814936,3.164617062
17:10:06,2.523942232,3.129220486,3.165304899
17:10:06,2.526528358,3.129142523,3.167779922
17:10:06,2.5275774,3.129397154,3.167038679
17:10:06,2.528665543,3.128779888,3.168591976
17:10:06,2.527597427,3.129883289,3.170402288
17:10:06,2.529214144,3.129168034,3.171342373
17:10:06,2.530394793,3.128836393,3.173936844
17:10:06,2.529252529,3.129127264,3.175204515
17:10:07,2.530165911,3.129382372,3.176881313
17:10:07,2.530721188,3.128672123,3.177927971
17:10:07,2.531798601,3.128908634,3.178765774
17:10:07,2.533089638,3.129807472,3.181414843
17:10:07,2.53319478,3.129966736,3.179432631
17:10:07,2.53333354,3.129240751,3.180288792
17:10:07,2.533601046,3.129030943,3.179236889
17:10:07,2.533030272,3.13054204,3.177224398
17:10:07,2.532812595,3.130259991,3.176245689
17:10:07,2.532574177,3.128363132,3.176501751
17:10:07,2.531899214,3.130428076,3.171997547
17:10:07,2.5325315,3.130313396,3.172679663
17:10:07,2.532036543,3.129591942,3.172999144
17:10:07,2.531252384,3.12953186,3.170367718
17:10:07,2.531361103,3.130164146,3.166015387
17:10:07,2.529427052,3.129127741,3.164262056
17:10:07,2.528774023,3.129361391,3.162683725
17:10:07,2.526613474,3.130302668,3.160338879
17:10:07,2.526268482,3.12953949,3.159710169
17:10:07,2.526247978,3.129053831,3.158930779
17:10:07,2.525488853,3.129383802,3.158486843
17:10:07,2.525115967,3.129409313,3.158483982
17:10:07,2.525514603,3.129178286,3.159900904
17:10:07,2.52474761,3.128325462,3.16009593
17:10:07,2.5227561,3.129720211,3.164025068
17:10:07,2.522399902,3.129474878,3.164975882
17:10:07,2.523695707,3.128919601,3.166054726
17:10:07,2.523213863,3.128329515,3.166431189
17:10:07,2.524425745,3.129925728,3.169612169
17:10:07,2.524494171,3.129310846,3.169157982
17:10:07,2.524903774,3.128032923,3.170366526
17:10:07,2.527251244,3.128892183,3.173336744
17:10:07,2.527742624,3.12948513,3.175014734
17:10:07,2.527286053,3.129121065,3.174998045
17:10:07,2.528290987,3.129916906,3.176956177
17:10:07,2.527837038,3.129050255,3.176547766
17:10:07,2.527209282,3.129071712,3.176482201
17:10:07,2.527244091,3.12993288,3.17723608
17:10:07,2.527172565,3.12980628,3.174806118
17:10:07,2.52850914,3.129396677,3.174773932
17:10:07,2.529249668,3.12907052,3.17343998
17:10:07,2.528246641,3.129114389,3.172470808
17:10:07,2.526264191,3.129849911,3.171439409
17:10:07,2.525605917,3.129199743,3.170808077
17:10:07,2.524564981,3.128412485,3.169318914
17:10:07,2.523237228,3.129206419,3.16844511
17:10:07,2.523808002,3.128856897,3.167254686
17:10:07,2.52278924,3.128903151,3.166793108
17:10:07,2.524178743,3.129131556,3.167487383
17:10:07,2.524902582,3.12891221,3.164725065
17:10:07,2.525322437,3.128702641,3.16553545
17:10:07,2.525575161,3.128883362,3.164722204
17:10:07,2.527543306,3.128948212,3.167964697
17:10:07,2.526311159,3.129154921,3.168863773
17:10:07,2.526868105,3.128422976,3.169142723
17:10:07,2.527805567,3.129797935,3.171044111
17:10:07,2.528360128,3.128228188,3.17479229
17:10:07,2.529578924,3.128373146,3.176344395
17:10:07,2.531206846,3.129033804,3.176225901
17:10:07,2.532365561,3.128792048,3.176549911
17:10:07,2.532366991,3.129071236,3.176553726
17:10:07,2.532863379,3.129229784,3.176445007
17:10:07,2.532379627,3.12987113,3.179182053
17:10:07,2.532170534,3.12949729,3.178949594
17:10:07,2.533387423,3.12843132,3.179338455
17:10:07,2.53379178,3.130059719,3.178887129
17:10:07,2.532724142,3.128586054,3.176267624
17:10:07,2.533241987,3.129058123,3.175632238
17:10:07,2.533970356,3.129122972,3.174766779
17:10:07,2.533459425,3.12992835,3.173162937
17:10:07,2.532747507,3.129698277,3.168442965
17:10:07,2.53191185,3.128526449,3.167449236
17:10:07,2.531042576,3.130606174,3.165575504
17:10:07,2.528404951,3.129419088,3.165152073
17:10:07,2.528366804,3.128918171,3.163493633
17:10:07,2.528558493,3.129247904,3.162022114
17:10:07,2.527142286,3.130419016,3.162819386
17:10:07,2.525756359,3.129041195,3.158446789
17:10:07,2.52589488,3.129667282,3.159026146
17:10:07,2.526006222,3.129235268,3.160379648
17:10:07,2.524536848,3.129155874,3.161010504
17:10:07,2.524640322,3.128999472,3.161465168
17:10:07,2.524540424,3.130490541,3.163128853
17:10:07,2.523033619,3.130372286,3.163538218
17:10:07,2.523442745,3.12907052,3.167451143
17:10:07,2.523516178,3.129452705,3.168471813
17:10:07,2.524097204,3.129950047,3.168926477
17:10:07,2.52444911,3.128921986,3.172473907
17:10:07,2.525648832,3.128789663,3.171403885
17:10:07,2.525883913,3.129150152,3.172288656
17:10:07,2.526268482,3.130038977,3.174141884
17:10:07,2.527409315,3.128100157,3.175885201
17:10:07,2.526917696,3.129412889,3.17682147
17:10:07,2.527720928,3.129368544,3.176672459
17:10:07,2.528125525,3.129393339,3.176357269
17:10:07,2.528568745,3.128988981,3.176854372
17:10:07,2.528187752,3.128816843,3.17467165
17:10:07,2.528404951,3.129920721,3.174682617
17:10:07,2.528218746,3.129122257,3.174636126
17:10:07,2.527445555,3.129644156,3.172725201
17:10:07,2.526585579,3.130669832,3.171742678
17:10:07,2.526029825,3.129259586,3.170497179
17:10:07,2.525300503,3.128787041,3.170545101
17:10:07,2.524500132,3.129634142,3.167770624
17:10:07,2.525108814,3.129816532,3.170389891
17:10:07,2.525443077,3.128828049,3.167043924
17:10:07,2.523924112,3.130128622,3.168621778
17:10:07,2.524076462,3.13040638,3.167057991
17:10:07,2.52459693,3.128898382,3.168257952
17:10:07,2.525808811,3.128989935,3.167354822
17:10:07,2.525387526,3.129259586,3.167669535
17:10:07,2.525688887,3.128848791,3.169807911
17:10:07,2.526255608,3.129881382,3.171335459
17:10:07,2.52662015,3.128940821,3.172047138
17:10:07,2.528136015,3.128933668,3.172908068
17:10:07,2.530074596,3.129384518,3.175760746
17:10:07,2.530344725,3.129869938,3.177162886
17:10:07,2.531062126,3.129572868,3.176273584
17:10:07,2.530925989,3.129508495,3.176999569
17:10:08,2.531630039,3.129476786,3.177157879
17:10:08,2.531856537,3.12984705,3.177959204
17:10:08,2.532591343,3.129640102,3.178637743
17:10:08,2.533925056,3.128991127,3.176811457
17:10:08,2.533234119,3.129047632,3.176199198
17:10:08,2.532966137,3.129071236,3.17654562
17:10:08,2.53186202,3.130164862,3.175723314
17:10:08,2.533626556,3.129198074,3.171428442
17:10:08,2.533617973,3.1291852,3.171035051
17:10:08,2.53339839,3.12992239,3.171108246
17:10:08,2.531500578,3.129119158,3.166922569
17:10:08,2.531664848,3.12919116,3.167057991
17:10:08,2.530842781,3.128806353,3.164502621
17:10:08,2.530514002,3.129011631,3.163167
17:10:08,2.528234482,3.129633427,3.162019253
17:10:08,2.527647972,3.129638433,3.161730528
17:10:08,2.52786231,3.129609108,3.160640717
17:10:08,2.525859594,3.129880905,3.16096282
17:10:08,2.5263412,3.129498005,3.160414219
17:10:08,2.52556324,3.12930727,3.161396742
17:10:08,2.524161577,3.129770279,3.160912752
17:10:08,2.524398565,3.129444361,3.164617062
17:10:08,2.523869514,3.129354,3.165053129
17:10:08,2.523894548,3.129215717,3.166246891
17:10:08,2.524216413,3.129074097,3.16746521
17:10:08,2.524196148,3.129269361,3.170219421
17:10:08,2.524036169,3.129158258,3.169736385
17:10:08,2.52376318,3.129439354,3.171079874
17:10:08,2.525613308,3.129626036,3.172821283
17:10:08,2.52645421,3.129159927,3.174103975
17:10:08,2.525269508,3.129037857,3.175014257
17:10:08,2.526823282,3.129609108,3.175595284
17:10:08,2.527643204,3.13022089,3.176213264
17:10:08,2.52815938,3.129159451,3.175749063
17:10:08,2.527485132,3.129426003,3.175847769
17:10:08,2.528214455,3.129607439,3.174249887
17:10:08,2.527701139,3.129345179,3.173883915
17:10:08,2.527618885,3.128816366,3.174385071
17:10:08,2.527372599,3.129565954,3.170825481
17:10:08,2.526472807,3.128870726,3.171109438
17:10:08,2.525725603,3.129344702,3.169860601
17:10:08,2.525636673,3.12881422,3.170600176
17:10:08,2.525934935,3.129345894,3.169498682
17:10:08,2.525614023,3.12905097,3.168759346
17:10:08,2.525521517,3.12949419,3.167732716
17:10:08,2.525335789,3.129250288,3.168171883
17:10:08,2.524323225,3.129068375,3.167675972
17:10:08,2.524326324,3.128930092,3.168004751
17:10:08,2.524365187,3.128074408,3.169522524
17:10:08,2.525971651,3.12896347,3.170303822
17:10:08,2.527505398,3.129826307,3.169398308
17:10:08,2.526305676,3.129220486,3.170414209
17:10:08,2.527788639,3.129621983,3.172472239
17:10:08,2.529198885,3.129127741,3.175594091
17:10:08,2.528353214,3.129282475,3.175848484
17:10:08,2.529163361,3.129090309,3.174846888
17:10:08,2.530789852,3.129499674,3.176350355
17:10:08,2.530382395,3.128908396,3.176513433
17:10:08,2.530555248,3.129278421,3.177593231
17:10:08,2.532210588,3.129493475,3.17754221
17:10:08,2.532612801,3.129439831,3.177274227
17:10:08,2.533771515,3.129692793,3.176556587
17:10:08,2.533015728,3.129655361,3.176757336
17:10:08,2.532376766,3.129496098,3.172178507
17:10:08,2.532371044,3.129068851,3.173634529
17:10:08,2.532356501,3.129881382,3.172875643
17:10:08,2.533507824,3.129374504,3.170688152
17:10:08,2.531926632,3.129069805,3.168746471
17:10:08,2.532105684,3.130203485,3.169916391
17:10:08,2.531485558,3.12919569,3.167766094
17:10:08,2.531210899,3.130067825,3.164947033
17:10:08,2.530576229,3.13034296,3.165787935
17:10:08,2.529975891,3.128970146,3.164348364
17:10:08,2.528694391,3.130205631,3.161246777
17:10:08,2.52876091,3.129394293,3.162066936
17:10:08,2.526213884,3.129387379,3.161476135
17:10:08,2.526146889,3.130162477,3.160959721
17:10:08,2.526174068,3.129332066,3.16330409
17:10:08,2.525616169,3.12907052,3.161896229
17:10:08,2.525469065,3.12869978,3.162680864
17:10:08,2.52463007,3.129014254,3.165285826
17:10:08,2.524956942,3.129862547,3.166975021
17:10:08,2.524096012,3.128846884,3.16707468
17:10:08,2.5240376,3.129518032,3.167160749
17:10:08,2.524687529,3.129019976,3.170300007
17:10:08,2.524776459,3.129425287,3.170964956
17:10:08,2.524967909,3.128457308,3.171674252
17:10:08,2.525528193,3.12906146,3.173731804
17:10:08,2.526578188,3.129886389,3.176087856
17:10:08,2.52635169,3.129254341,3.174160242
17:10:08,2.526925802,3.128762722,3.175223351
17:10:08,2.527471781,3.128787756,3.175274134
17:10:08,2.528659821,3.129592657,3.175904274
17:10:08,2.527870178,3.128612757,3.175861835
17:10:08,2.52711153,3.128617764,3.173724174
17:10:08,2.52781105,3.128524303,3.17421031
17:10:08,2.527219296,3.129750252,3.173631907
17:10:08,2.527038813,3.128991127,3.172329426
17:10:08,2.525490522,3.128067493,3.17058444
17:10:08,2.525779247,3.129567146,3.170161486
17:10:08,2.525372505,3.128921986,3.169638157
17:10:08,2.524372339,3.128866196,3.169621229
17:10:08,2.524705887,3.129500866,3.168888807
17:10:08,2.525136948,3.129596949,3.168363094
17:10:08,2.524415255,3.129350662,3.169101477
17:10:08,2.524083138,3.128514767,3.168259144
17:10:08,2.526151419,3.128699064,3.169878721
17:10:08,2.525517225,3.128653765,3.169050217
17:10:08,2.527023792,3.128537893,3.169966459
17:10:08,2.527333736,3.128746986,3.172748566
17:10:08,2.527409315,3.128629446,3.171585798
17:10:08,2.52783823,3.128992319,3.172446728
17:10:08,2.528575897,3.129024029,3.174445629
17:10:08,2.528567314,3.128760338,3.173944712
17:10:08,2.529953003,3.128666878,3.174834251
17:10:09,2.530569315,3.129343033,3.175125122
17:10:09,2.53169775,3.128838539,3.174761057
17:10:09,2.531720161,3.128791332,3.17513442
17:10:09,2.531577587,3.128903627,3.175821066
17:10:09,2.53278923,3.128949642,3.175471544
17:10:09,2.533316374,3.129253149,3.173501492
17:10:09,2.532981873,3.128885031,3.174482822
17:10:09,2.5327456,3.12914443,3.173812389
17:10:09,2.533784389,3.128954172,3.171907187
17:10:09,2.533389807,3.129492283,3.17122221
17:10:09,2.533152342,3.129189253,3.170165062
17:10:09,2.532369375,3.129444361,3.168879509
17:10:09,2.532280922,3.130423546,3.166075706
17:10:09,2.531361103,3.12929225,3.16531682
17:10:09,2.530338764,3.129020929,3.164513588
17:10:09,2.5297966,3.129024029,3.163937569
17:10:09,2.529517889,3.129200459,3.162629366
17:10:09,2.528617382,3.12900281,3.162988186
17:10:09,2.526917696,3.129235268,3.16162324
17:10:09,2.526551723,3.130001307,3.160562515
17:10:09,2.526288748,3.129647255,3.161708117
17:10:09,2.525203705,3.128985643,3.162334681
17:10:09,2.52512145,3.128851175,3.16258955
17:10:09,2.524927139,3.128676176,3.163627863
17:10:09,2.52459836,3.129147768,3.165481329
17:10:09,2.524189949,3.129220486,3.168180704
17:10:09,2.524171591,3.128192902,3.169314384
17:10:09,2.523772955,3.128910303,3.168854952
17:10:09,2.524989605,3.129108191,3.170916796
17:10:09,2.525833845,3.129312754,3.171670198
17:10:09,2.525612116,3.128907681,3.17232585
17:10:09,2.526021719,3.130118847,3.172997475
17:10:09,2.526424408,3.12874651,3.174354553
17:10:09,2.526252747,3.128441334,3.174445629
17:10:09,2.526187658,3.129749537,3.175200701
17:10:09,2.527254581,3.128921509,3.174978256
17:10:09,2.528148413,3.128275871,3.175734043
17:10:09,2.526873112,3.129015923,3.175599813
17:10:09,2.527923107,3.129994869,3.174798012
17:10:09,2.527909756,3.128991127,3.173018456
17:10:09,2.526945591,3.129027128,3.171360493
17:10:09,2.528093576,3.128611565,3.171370983
17:10:09,2.52659297,3.129059792,3.169833183
17:10:09,2.525302172,3.129555464,3.170661688
17:10:09,2.525364876,3.128805876,3.168202162
17:10:09,2.524884939,3.129296541,3.168425798
17:10:09,2.524804592,3.129601479,3.169040442
17:10:09,2.525282383,3.129816055,3.169532299
17:10:09,2.526134729,3.129095316,3.168725014
17:10:09,2.525971651,3.129567146,3.168509483
17:10:09,2.526552439,3.128777504,3.168683052
17:10:09,2.527052641,3.129246235,3.167912245
17:10:09,2.527408123,3.12954998,3.169294119
17:10:09,2.527124166,3.128876686,3.172927618
17:10:09,2.527409315,3.128430128,3.17373991
17:10:09,2.527083635,3.130224943,3.174721003
17:10:09,2.529179335,3.128744125,3.175701618
17:10:09,2.529481649,3.128039598,3.175705671
17:10:09,2.530207872,3.12953186,3.176017523
17:10:09,2.530152559,3.129638433,3.176527023
17:10:09,2.530972242,3.128746033,3.175409079
17:10:09,2.531266212,3.129309177,3.174827576
17:10:09,2.530947447,3.129430532,3.175217628
17:10:09,2.532292604,3.12889266,3.175041437
17:10:09,2.531746864,3.128921986,3.174778938
17:10:09,2.532094717,3.129226685,3.174863338
17:10:09,2.532509565,3.129384518,3.175011396
17:10:09,2.532535315,3.12873435,3.171570301
17:10:09,2.532995939,3.129545689,3.170230627
17:10:09,2.53269577,3.129895926,3.169024706
17:10:09,2.531687498,3.129523516,3.166328192
17:10:09,2.532358885,3.129367828,3.164548635
17:10:09,2.530890226,3.130165577,3.1654284
17:10:09,2.530972958,3.129694462,3.162887812
17:10:09,2.52943182,3.128494263,3.163515568
17:10:09,2.52970171,3.130106688,3.162631512
17:10:09,2.528293133,3.129443884,3.162834167
17:10:09,2.52712369,3.128175735,3.162369013
17:10:09,2.526959658,3.129819393,3.162864447
17:10:09,2.526546717,3.130197763,3.162539244
17:10:09,2.526142836,3.129727602,3.163780451
17:10:09,2.525546551,3.128750324,3.162436962
17:10:09,2.525444269,3.129307747,3.163148403
17:10:09,2.523842096,3.129228592,3.165355206
17:10:09,2.52464819,3.129196405,3.167856932
17:10:09,2.525107384,3.129355669,3.168468714
17:10:09,2.523687601,3.129053354,3.169760466
17:10:09,2.525355101,3.129382372,3.171778202
17:10:09,2.525803328,3.129075289,3.172806263
17:10:09,2.525635481,3.129468679,3.173019648
17:10:09,2.525494099,3.129130125,3.173390388
17:10:09,2.526794195,3.128732204,3.173858643
17:10:09,2.525598526,3.128893852,3.174594164
17:10:09,2.526638746,3.129596949,3.174066067
17:10:09,2.52697134,3.12903142,3.175047636
17:10:09,2.527734518,3.128406525,3.174397469
17:10:09,2.528282881,3.129162788,3.174917698
17:10:09,2.527053356,3.128747463,3.175095081
17:10:09,2.52731514,3.128347158,3.172188759
17:10:09,2.526409864,3.128853559,3.172132492
17:10:09,2.525410414,3.129602671,3.170632601
17:10:09,2.525994539,3.128932953,3.170575619
17:10:09,2.526116848,3.129253864,3.16797781
17:10:09,2.525957823,3.129977226,3.168626308
17:10:09,2.525905848,3.129644156,3.168338776
17:10:09,2.52665782,3.128859997,3.168198347
17:10:09,2.524539948,3.12935257,3.168712616
17:10:09,2.525372028,3.130573511,3.168786526
17:10:09,2.525143147,3.128740072,3.168973207
17:10:09,2.527023792,3.129865408,3.168456554
17:10:09,2.528321028,3.129343033,3.170489788
17:10:09,2.528209448,3.129203081,3.170813322
17:10:09,2.527750969,3.129063129,3.172381639
17:10:09,2.528719664,3.128973961,3.172847033
17:10:09,2.529007196,3.129947186,3.173638105
17:10:09,2.528723717,3.129675627,3.173614264
17:10:09,2.529453993,3.128530979,3.174821615
17:10:09,2.529606342,3.130000114,3.175578833
17:10:09,2.529208183,3.129277229,3.176943302
17:10:10,2.53125453,3.128253222,3.177202463
17:10:10,2.531373501,3.130094528,3.175420284
17:10:10,2.532478571,3.129618406,3.174599648
17:10:10,2.532558441,3.128803015,3.175085783
17:10:10,2.532405376,3.129106998,3.173185587
17:10:10,2.531240225,3.129418373,3.172463655
17:10:10,2.533005238,3.129601479,3.172999144
17:10:10,2.533902884,3.129652262,3.171115637
17:10:10,2.532267332,3.129541874,3.16771841
17:10:10,2.531994104,3.129785299,3.168337345
17:10:10,2.531965971,3.129260302,3.166992188
17:10:10,2.530631304,3.129105806,3.165844917
17:10:10,2.53044796,3.12953186,3.164112806
17:10:10,2.529789686,3.130119562,3.163734674
17:10:10,2.529154778,3.129181862,3.161896706
17:10:10,2.528711796,3.130042791,3.162479401
17:10:10,2.528485775,3.130289793,3.162697077
17:10:10,2.528241396,3.12929225,3.163400173
17:10:10,2.527163982,3.130333185,3.162400246
17:10:10,2.525383949,3.130475283,3.165179491
17:10:10,2.525064707,3.12895298,3.164902687
17:10:10,2.523958683,3.129114389,3.165968895
17:10:10,2.523655653,3.130076885,3.166801214
17:10:10,2.524432421,3.129370213,3.166491508
17:10:10,2.52468586,3.129169941,3.167531252
17:10:10,2.524722338,3.1292665,3.170553684
17:10:10,2.525745392,3.128855228,3.171736002
17:10:10,2.524706364,3.128556728,3.172044039
17:10:10,2.526416779,3.128984213,3.174263716
17:10:10,2.526275396,3.12914896,3.174482822
17:10:10,2.526265383,3.130176306,3.174266577
17:10:10,2.525696516,3.128433228,3.174201727
17:10:10,2.52733469,3.128456593,3.174014091
17:10:10,2.526706457,3.129403591,3.173809528
17:10:10,2.526936293,3.12855792,3.173691511
17:10:10,2.527271509,3.128108978,3.173384905
17:10:10,2.527658463,3.129755974,3.1711483
17:10:10,2.527117491,3.129334211,3.172560692
17:10:10,2.527068853,3.129135132,3.172356367
17:10:10,2.527261734,3.129909039,3.171369314
17:10:10,2.526753664,3.129550457,3.169797421
17:10:10,2.527065039,3.128945112,3.169424295
17:10:10,2.526608706,3.130009413,3.169802427
17:10:10,2.526237011,3.129940033,3.169910669
17:10:10,2.525165319,3.129370689,3.168364763
17:10:10,2.525035143,3.129028797,3.169490099
17:10:10,2.525015831,3.130254269,3.170049906
17:10:10,2.525194407,3.129718542,3.170003414
17:10:10,2.52528286,3.129181147,3.171289444
17:10:10,2.52833724,3.129893541,3.1717453
17:10:10,2.527679443,3.130046368,3.170977592
17:10:10,2.527297735,3.128613949,3.172011852
17:10:10,2.52762413,3.127642393,3.172854662
17:10:10,2.528442621,3.130122662,3.173348188
17:10:10,2.528425217,3.128777981,3.174178362
17:10:10,2.528692722,3.127660751,3.173825979
17:10:10,2.529611588,3.128344297,3.176267624
17:10:10,2.530506372,3.129558325,3.177474022
17:10:10,2.530826807,3.128399134,3.175818205
17:10:10,2.531127214,3.128953695,3.175421953
17:10:10,2.532772541,3.129858971,3.173794985
17:10:10,2.53241992,3.129108667,3.173763037
17:10:10,2.532454967,3.128914833,3.173437834
17:10:10,2.532027721,3.129813433,3.171615124
17:10:10,2.530674458,3.129387856,3.172277212
17:10:10,2.531020641,3.128631115,3.170641899
17:10:10,2.531647921,3.129473925,3.17064929
17:10:10,2.530901194,3.130015135,3.168629646
17:10:10,2.530308723,3.12984252,3.168671608
17:10:10,2.530931711,3.128845692,3.167537689
17:10:10,2.529616594,3.129725456,3.166473389
17:10:10,2.529695749,3.12930727,3.164701939
17:10:10,2.528383255,3.128289223,3.164360762
17:10:10,2.528311253,3.128606558,3.162097692
17:10:10,2.527265072,3.129794121,3.163056612
17:10:10,2.526696682,3.129232407,3.163203239
17:10:10,2.526148558,3.127930164,3.164138794
17:10:10,2.525794744,3.129760027,3.163660288
17:10:10,2.526390791,3.129718542,3.163477898
17:10:10,2.52572751,3.128597736,3.162944078
17:10:10,2.525278807,3.129296541,3.164813995
17:10:10,2.525586128,3.129547596,3.16723609
17:10:10,2.524823666,3.128611565,3.16593504
17:10:10,2.525545835,3.129399538,3.16784215
17:10:10,2.525504112,3.129321814,3.170770884
17:10:10,2.526057482,3.127916336,3.17058444
17:10:10,2.52628231,3.129796982,3.171421051
17:10:10,2.525210381,3.128903627,3.172338247
17:10:10,2.526468992,3.129049778,3.173551321
17:10:10,2.526686192,3.129873037,3.173402309
17:10:10,2.528357029,3.129076481,3.172480106
17:10:10,2.527069569,3.129029751,3.171584845
17:10:10,2.5275805,3.129706621,3.173121929
17:10:10,2.527286768,3.129106283,3.173666
17:10:10,2.527291298,3.128772736,3.171728611
17:10:10,2.526969433,3.129692078,3.173069954
17:10:10,2.527018785,3.128948927,3.173045635
17:10:10,2.526329041,3.128377199,3.171663284
17:10:10,2.525856495,3.130102158,3.171711922
17:10:10,2.526698351,3.128808498,3.171999693
17:10:10,2.526245594,3.129020929,3.170000553
17:10:10,2.525448561,3.129706144,3.168426275
17:10:10,2.525214195,3.129470348,3.169246197
17:10:10,2.525128603,3.128535032,3.170385122
17:10:10,2.525688887,3.12900281,3.169590712
17:10:10,2.525138855,3.1292665,3.170312405
17:10:10,2.525736094,3.128813267,3.170853376
17:10:10,2.5266366,3.128419161,3.169988394
17:10:10,2.527501822,3.12919426,3.17160964
17:10:10,2.526602983,3.129128456,3.171013832
17:10:10,2.527554989,3.129080772,3.172127724
17:10:10,2.527400017,3.128843546,3.172793627
17:10:10,2.52820015,3.12921524,3.173895597
17:10:10,2.528851032,3.129472017,3.173395395
17:10:10,2.529210329,3.128636837,3.174159288
17:10:10,2.52989316,3.130381107,3.175337553
17:10:11,2.530568838,3.129776955,3.176511049
17:10:11,2.531675816,3.128726244,3.176238775
17:10:11,2.531220198,3.129901171,3.174960613
17:10:11,2.530855417,3.130010366,3.175242662
17:10:11,2.531128883,3.129303217,3.173878908
17:10:11,2.531458139,3.129837275,3.173982382
17:10:11,2.5314641,3.129083395,3.173321962
17:10:11,2.531056881,3.130218506,3.170583248
17:10:11,2.531157255,3.129535913,3.170567989
17:10:11,2.531108141,3.129578114,3.169839859
17:10:11,2.531096935,3.130025148,3.16835165
17:10:11,2.530622005,3.130159855,3.167645693
17:10:11,2.529348373,3.129085779,3.167898417
17:10:11,2.530168533,3.129498482,3.166614056
17:10:11,2.5287323,3.130852461,3.163964748
17:10:11,2.529665709,3.129030943,3.16324091
17:10:11,2.527979612,3.129487991,3.162302732
17:10:11,2.529304743,3.13020277,3.16247201
17:10:11,2.527720213,3.129644156,3.163331985
17:10:11,2.527431488,3.128502131,3.163118839
17:10:11,2.526378393,3.129344225,3.163048029
17:10:11,2.526880503,3.129383802,3.164482355
17:10:11,2.526014328,3.128811359,3.164727926
17:10:11,2.526928663,3.130124569,3.166406155
17:10:11,2.525949717,3.129634142,3.167714119
17:10:11,2.525215387,3.129433393,3.16777873
17:10:11,2.524985552,3.129431725,3.169270754
17:10:11,2.525556326,3.129075766,3.168456554
17:10:11,2.525585413,3.128843546,3.170561314
17:10:11,2.525668621,3.128468752,3.171582937
17:10:11,2.525763512,3.128226519,3.173408747
17:10:11,2.525835037,3.129061937,3.174548626
17:10:11,2.52659297,3.1298666,3.174486399
17:10:11,2.526781797,3.12889266,3.174757481
17:10:11,2.526704311,3.129709244,3.173654318
17:10:11,2.527301788,3.130160332,3.17337513
17:10:11,2.528110981,3.129338026,3.172464132
17:10:11,2.528007269,3.130087137,3.172041893
17:10:11,2.527414083,3.130948305,3.170657396
17:10:11,2.526346922,3.129799128,3.170539618
17:10:11,2.526652336,3.129326344,3.172304392
17:10:11,2.526190042,3.128793716,3.17178297
17:10:11,2.525314808,3.129069805,3.171699047
17:10:11,2.525782585,3.129222393,3.170713902
17:10:11,2.52711606,3.128533363,3.170664787
17:10:11,2.5260427,3.129901171,3.169321775
17:10:11,2.525488853,3.129159927,3.168183565
17:10:11,2.525692463,3.127976418,3.168236017
17:10:11,2.525630713,3.128753901,3.169401884
17:10:11,2.525875568,3.129039049,3.169603348
17:10:11,2.526444912,3.128259182,3.17019701
17:10:11,2.526486397,3.128417015,3.172114611
17:10:11,2.52773118,3.129430532,3.175061703
17:10:11,2.527639627,3.129491329,3.174417257
17:10:11,2.527555943,3.128977537,3.174101114
17:10:11,2.528912783,3.128978014,3.173082352
17:10:11,2.530100822,3.129182339,3.173741102
17:10:11,2.528364182,3.128742933,3.173522234
17:10:11,2.530101776,3.129524708,3.174148798
17:10:11,2.530801296,3.129572868,3.174060583
17:10:11,2.531227827,3.129109144,3.176304817
17:10:11,2.531180143,3.129500389,3.17441678
17:10:11,2.531600237,3.129210234,3.175487041
17:10:11,2.531294584,3.128701925,3.174683571
17:10:11,2.532277346,3.129716396,3.172201633
17:10:11,2.532664776,3.12919569,3.171977997
17:10:11,2.531092882,3.129514217,3.170602322
17:10:11,2.532413006,3.130423546,3.168016911
17:10:11,2.531164408,3.128333807,3.166579962
17:10:11,2.530717611,3.128851175,3.16711235
17:10:11,2.530419588,3.130841732,3.166682005
17:10:11,2.528664827,3.129034996,3.165821791
17:10:11,2.528150082,3.129142046,3.168112516
17:10:11,2.528240204,3.130089045,3.164826155
17:10:11,2.52800703,3.129644156,3.163484812
17:10:11,2.528398514,3.129069805,3.163057804
17:10:11,2.528274536,3.128978014,3.162069798
17:10:11,2.527404308,3.129682302,3.161405802
17:10:11,2.526308537,3.128474474,3.162214518
17:10:11,2.526974678,3.129399061,3.162068129
17:10:11,2.525876284,3.129576206,3.163445711
17:10:11,2.525515079,3.129109144,3.166164875
17:10:11,2.525583744,3.129009008,3.166009903
17:10:11,2.525567055,3.129297733,3.167218685
17:10:11,2.525560856,3.129239559,3.167257309
17:10:11,2.525944948,3.128657103,3.168787241
17:10:11,2.525978565,3.128870726,3.169584751
17:10:11,2.525910616,3.129397869,3.170587301
17:10:11,2.526214361,3.129600525,3.170706987
17:10:11,2.526323557,3.12836051,3.172169685
17:10:11,2.527116776,3.129377604,3.173100471
17:10:11,2.525780439,3.129117966,3.174443245
17:10:11,2.525610924,3.129007339,3.173801899
17:10:11,2.527077913,3.129438639,3.174610615
17:10:11,2.528334856,3.13108182,3.173706055
17:10:11,2.527532101,3.129224539,3.172500849
17:10:11,2.52725625,3.12899518,3.172334671
17:10:11,2.527163267,3.128055811,3.171176434
17:10:11,2.526414871,3.128767014,3.171269178
17:10:11,2.5262959,3.129297018,3.171800852
17:10:11,2.526306152,3.129010677,3.172448397
17:10:11,2.525446177,3.130352259,3.171398401
17:10:11,2.525296688,3.129084587,3.171365023
17:10:11,2.52527833,3.127979279,3.171368122
17:10:11,2.525758743,3.12945652,3.171254635
17:10:11,2.524249077,3.13001585,3.170276403
17:10:11,2.524995565,3.128101349,3.170786619
17:10:11,2.525911093,3.128942013,3.170619249
17:10:11,2.526896238,3.129179478,3.170866728
17:10:11,2.527071714,3.127925634,3.171036243
17:10:11,2.526516914,3.128482103,3.172368526
17:10:11,2.527713537,3.129308701,3.171808958
17:10:11,2.528910398,3.128643274,3.17367816
17:10:11,2.529052496,3.128564835,3.172943354
17:10:11,2.530170202,3.129048347,3.173564196
17:10:11,2.529380083,3.128272295,3.174590826
17:10:11,2.529549837,3.129158258,3.173358679
17:10:11,2.53190589,3.130352259,3.174134731
17:10:11,2.530646563,3.130001783,3.174608946
17:10:12,2.53050828,3.128712416,3.174289227
17:10:12,2.531518698,3.129425287,3.174201727
17:10:12,2.531391382,3.12989068,3.173826456
17:10:12,2.531020164,3.129284859,3.174284935
17:10:12,2.531702995,3.129506588,3.172079086
17:10:12,2.531423807,3.129507303,3.171473742
17:10:12,2.532023191,3.130577326,3.171925783
17:10:12,2.531282425,3.129750729,3.169752121
17:10:12,2.531145811,3.128638029,3.167205334
17:10:12,2.529995441,3.130348682,3.167752981
17:10:12,2.529480457,3.130307913,3.167470217
17:10:12,2.528710365,3.128720045,3.164507866
17:10:12,2.529038429,3.130682707,3.165501118
17:10:12,2.528076172,3.129932165,3.165335655
17:10:12,2.527678967,3.129395485,3.163591146
17:10:12,2.527846336,3.129316568,3.163766861
17:10:12,2.527551174,3.129302263,3.16279006
17:10:12,2.526292801,3.12921977,3.162654161
17:10:12,2.527038097,3.129344225,3.16244173
17:10:12,2.526124239,3.129075766,3.163451195
17:10:12,2.525889635,3.129415035,3.163738728
17:10:12,2.526763678,3.129230261,3.165819407
17:10:12,2.525831699,3.128911018,3.166315317
17:10:12,2.526634932,3.129619598,3.167065382
17:10:12,2.526589394,3.129223108,3.168601751
17:10:12,2.527046442,3.128980637,3.169366837
17:10:12,2.526272297,3.129394293,3.169088602
17:10:12,2.527174234,3.130084276,3.170650005
17:10:12,2.527009487,3.128536701,3.172160387
17:10:12,2.525730848,3.128888607,3.17265296
17:10:12,2.527002811,3.129872322,3.173737288
17:10:12,2.526147366,3.128353119,3.174247503
17:10:12,2.525870562,3.129304886,3.173398256
17:10:12,2.52614522,3.130089045,3.174341679
17:10:12,2.526003838,3.12912178,3.173378944
17:10:12,2.526338339,3.128735542,3.173015594
17:10:12,2.526946783,3.130323172,3.172930717
17:10:12,2.526969433,3.128730059,3.172254086
17:10:12,2.525521517,3.128562689,3.171558142
17:10:12,2.525475502,3.12938571,3.171164751
17:10:12,2.525309086,3.1279881,3.171078205
17:10:12,2.524878979,3.129240751,3.172199965
17:10:12,2.525316,3.129150629,3.171005964
17:10:12,2.524481058,3.128225088,3.170805216
17:10:12,2.525572062,3.12860465,3.1705513
17:10:12,2.52603054,3.129839897,3.169872761
17:10:12,2.526081085,3.128082752,3.170825481
17:10:12,2.527312517,3.12870717,3.170829535
17:10:12,2.526781321,3.129304886,3.170167446
17:10:12,2.528059244,3.128692389,3.171289206
17:10:12,2.527797461,3.128485441,3.171250582
17:10:12,2.527775288,3.129220486,3.17136097
17:10:12,2.529113531,3.128879309,3.173299551
17:10:12,2.529612541,3.129317045,3.17456007
17:10:12,2.5301826,3.129404545,3.173457623
17:10:12,2.530797243,3.129598618,3.172378778
17:10:12,2.531994104,3.129169226,3.173099279
17:10:12,2.532099485,3.128685951,3.172955513
17:10:12,2.532174826,3.129253864,3.174096584
17:10:12,2.532248735,3.129023314,3.17422843
17:10:12,2.532127857,3.128893375,3.173038721
17:10:12,2.532080173,3.12968564,3.173983097
17:10:12,2.531340122,3.129484653,3.172674417
17:10:12,2.532414675,3.129683495,3.173123837
17:10:12,2.530997515,3.129689932,3.171866655
17:10:12,2.530831814,3.129992723,3.170924664
17:10:12,2.531900883,3.129627943,3.168344498
17:10:12,2.530426741,3.1299932,3.166561842
17:10:12,2.530508518,3.130405664,3.166841269
17:10:12,2.52973032,3.129124165,3.166046143
17:10:12,2.52890563,3.129235744,3.16638422
17:10:12,2.528152227,3.129204273,3.164986372
17:10:12,2.527526379,3.12953496,3.164605856
17:10:12,2.527025938,3.129059792,3.163016081
17:10:12,2.5271945,3.129065514,3.163400173
17:10:12,2.526378393,3.129440546,3.163542032
17:10:12,2.527058125,3.129233599,3.163701057
17:10:12,2.526441813,3.130180597,3.162494183
17:10:12,2.5262537,3.129962683,3.163339138
17:10:12,2.526314259,3.129949331,3.163528919
17:10:12,2.527481079,3.129903555,3.166578054
17:10:12,2.526991606,3.130239964,3.166934729
17:10:12,2.52722621,3.129622936,3.16832757
17:10:12,2.526921749,3.12994504,3.169612646
17:10:12,2.52791214,3.129270554,3.170815706
17:10:12,2.527679443,3.129952908,3.171277046
17:10:12,2.527315617,3.129369736,3.171588182
17:10:12,2.528255939,3.129063606,3.171671867
17:10:12,2.527145863,3.129133463,3.172766924
17:10:12,2.527372599,3.129667759,3.17402339
17:10:12,2.526536703,3.128252029,3.174662828
17:10:12,2.526110172,3.129328728,3.174966812
17:10:12,2.526067734,3.129627943,3.174640179
17:10:12,2.526476622,3.129546165,3.175611496
17:10:12,2.525602341,3.12967658,3.173757792
17:10:12,2.524304628,3.129699469,3.17386055
17:10:12,2.524914026,3.128684759,3.172665596
17:10:12,2.524513245,3.129986525,3.17263031
17:10:12,2.52564168,3.12931776,3.171786308
17:10:12,2.525909901,3.128419876,3.171034575
17:10:12,2.524880171,3.128802299,3.171167374
17:10:12,2.524880886,3.129590273,3.170574665
17:10:12,2.524928093,3.128577232,3.170882463
17:10:12,2.524521828,3.129510164,3.171400785
17:10:12,2.525969982,3.1291852,3.17149806
17:10:12,2.526908398,3.129495144,3.171980381
17:10:12,2.527555466,3.128923178,3.171850204
17:10:12,2.527756214,3.128586054,3.170122623
17:10:12,2.5286901,3.129801512,3.168509483
17:10:12,2.529263258,3.129301071,3.170888424
17:10:12,2.529120207,3.130121469,3.171233892
17:10:12,2.529178143,3.129227877,3.171541214
17:10:12,2.530823708,3.129584551,3.173099279
17:10:12,2.530903339,3.1295681,3.173265219
17:10:12,2.531460285,3.128944635,3.172229528
17:10:13,2.531686783,3.128204346,3.174395561
17:10:13,2.5319314,3.128654242,3.174078703
17:10:13,2.532564878,3.128203154,3.173434258
17:10:13,2.531079769,3.128358841,3.172203302
17:10:13,2.532322884,3.129347563,3.172611952
17:10:13,2.53072238,3.129044771,3.172195196
17:10:13,2.53142643,3.128419876,3.171889782
17:10:13,2.530573606,3.129147768,3.172044039
17:10:13,2.530332327,3.130134821,3.170861244
17:10:13,2.529601574,3.129814863,3.171842098
17:10:13,2.530105591,3.129010677,3.169521332
17:10:13,2.528815031,3.12881422,3.167697906
17:10:13,2.529010534,3.129702091,3.166078568
17:10:13,2.52863884,3.128907204,3.164833069
17:10:13,2.527948618,3.128189564,3.165977716
17:10:13,2.526884317,3.128982306,3.16308856
17:10:13,2.526801586,3.129522324,3.161998987
17:10:13,2.526782274,3.128306389,3.163016081
17:10:13,2.526604176,3.128507376,3.163760185
17:10:13,2.526580811,3.13006568,3.163775206
17:10:13,2.526491404,3.128577709,3.163868904
17:10:13,2.526721478,3.129524946,3.16428113
17:10:13,2.527206898,3.129734278,3.163875818
17:10:13,2.528336763,3.128978014,3.164267302
17:10:13,2.527936459,3.128992319,3.165706635
17:10:13,2.526563883,3.129415512,3.166332245
17:10:13,2.526939869,3.129513502,3.167888641
17:10:13,2.526611805,3.129698277,3.168298721
17:10:13,2.528102875,3.129392862,3.170781136
17:10:13,2.527837038,3.128607035,3.171533108
17:10:13,2.528968573,3.128929615,3.172690153
17:10:13,2.527272224,3.128449202,3.174012899
17:10:13,2.527129412,3.128954887,3.175277948
17:10:13,2.52672267,3.13050437,3.174978733
17:10:13,2.528170824,3.128708839,3.173079729
17:10:13,2.525937319,3.12950325,3.173014879
17:10:13,2.525245428,3.130289316,3.17393136
17:10:13,2.525454521,3.128518343,3.173103571
17:10:13,2.525027275,3.128575087,3.172762156
17:10:13,2.525227547,3.129371881,3.174307346
17:10:13,2.526084661,3.129181862,3.174247503
17:10:13,2.525953054,3.127935648,3.17322588
17:10:13,2.525063515,3.129060745,3.171955824
17:10:13,2.525047064,3.128735542,3.171447754
17:10:13,2.52436471,3.128137112,3.171993494
17:10:13,2.526449203,3.128957272,3.170755148
17:10:13,2.524975538,3.129843712,3.171029568
17:10:13,2.525642395,3.12943244,3.169808388
17:10:13,2.527271032,3.128389835,3.17222023
17:10:13,2.527461767,3.129069805,3.171432257
17:10:13,2.527706623,3.129769087,3.171225786
17:10:13,2.52803421,3.128971577,3.17046237
17:10:13,2.52881217,3.127794504,3.171577692
17:10:13,2.529027462,3.129576921,3.172316074
17:10:13,2.528521776,3.129474163,3.172864437
17:10:13,2.528688192,3.127297163,3.172333956
17:10:13,2.530135155,3.130051374,3.173098326
17:10:13,2.531291246,3.129746914,3.172636032
17:10:13,2.531046391,3.127420664,3.173686981
17:10:13,2.53144002,3.129653454,3.172629356
17:10:13,2.532413483,3.130354404,3.173214912
17:10:13,2.53227973,3.128954887,3.173613548
17:10:13,2.53150773,3.129593134,3.173170567
17:10:13,2.532423496,3.130555868,3.172137499
17:10:13,2.531839848,3.129177809,3.171825886
17:10:13,2.531496048,3.128763199,3.172031403
17:10:13,2.530969381,3.128626585,3.171618223
17:10:13,2.529819727,3.12978816,3.169114828
17:10:13,2.530540705,3.128840685,3.168630362
17:10:13,2.529662132,3.128697872,3.16925931
17:10:13,2.528697491,3.130028009,3.167885542
17:10:13,2.529083729,3.129505396,3.167793751
17:10:13,2.528390884,3.128921509,3.166028023
17:10:13,2.527872086,3.129841566,3.165389538
17:10:13,2.527489662,3.130124092,3.162673235
17:10:13,2.527100325,3.128637552,3.162396908
17:10:13,2.527092218,3.128737688,3.16228652
17:10:13,2.526740313,3.130824327,3.162347555
17:10:13,2.526536703,3.128465891,3.163314819
17:10:13,2.526579618,3.128837585,3.162934065
17:10:13,2.527469158,3.129465103,3.163348436
17:10:13,2.527522087,3.129844904,3.164938927
17:10:13,2.527655363,3.129108191,3.166060448
17:10:13,2.528662443,3.129647732,3.16625905
17:10:13,2.527906179,3.129596949,3.168732405
17:10:13,2.526254416,3.129332066,3.167712927
17:10:13,2.527481079,3.128784418,3.169803619
17:10:13,2.528049469,3.130153894,3.170208693
17:10:13,2.526906013,3.129203081,3.171969175
17:10:13,2.527564287,3.128216505,3.172181845
17:10:13,2.52735877,3.129553318,3.172237158
17:10:13,2.52749753,3.129826784,3.174711704
17:10:13,2.527351856,3.128943443,3.174492121
17:10:13,2.527463675,3.129084587,3.173565388
17:10:13,2.527652025,3.129897118,3.174813509
17:10:13,2.526541471,3.129438162,3.17433691
17:10:13,2.525532007,3.128594637,3.17383337
17:10:13,2.525900602,3.129426479,3.173342943
17:10:13,2.52492404,3.12912178,3.172708035
17:10:13,2.524193048,3.127854347,3.173322678
17:10:13,2.525059223,3.1283319,3.171296597
17:10:13,2.524471283,3.12998414,3.171969175
17:10:13,2.524844646,3.12924695,3.172102451
17:10:13,2.525168419,3.128548145,3.170846462
17:10:13,2.524305344,3.129407167,3.170711756
17:10:13,2.526346445,3.128165245,3.170728683
17:10:13,2.52632308,3.127755404,3.17206049
17:10:13,2.527155161,3.129110813,3.171001673
17:10:13,2.528974533,3.129240036,3.170830488
17:10:13,2.527857304,3.127561092,3.171724081
17:10:13,2.52720809,3.129075766,3.169379711
17:10:13,2.527404785,3.129455328,3.171419144
17:10:13,2.528456688,3.128401518,3.171287298
17:10:13,2.529729128,3.128247738,3.172008276
17:10:13,2.530089378,3.130122185,3.17244792
17:10:13,2.53127265,3.12997365,3.172874928
17:10:13,2.53177762,3.128448009,3.173196077
17:10:13,2.531529665,3.128979206,3.172842264
17:10:13,2.531003714,3.129271746,3.172723293
17:10:14,2.531351805,3.129014254,3.172044516
17:10:14,2.530850887,3.129379988,3.172139645
17:10:14,2.532417297,3.129733086,3.172433376
17:10:14,2.53172183,3.129508972,3.171167374
17:10:14,2.531633377,3.129166126,3.172067404
17:10:14,2.531759024,3.130351067,3.170036077
17:10:14,2.531155586,3.13040638,3.170984745
17:10:14,2.530376434,3.128938675,3.168408394
17:10:14,2.52944684,3.129351377,3.16942668
17:10:14,2.529069901,3.130395889,3.168057203
17:10:14,2.527519941,3.12846303,3.166693687
17:10:14,2.528473616,3.12877655,3.165143251
17:10:14,2.528172731,3.130105495,3.164975882
17:10:14,2.527177811,3.129303217,3.16398859
17:10:14,2.52708602,3.12870717,3.162844896
17:10:14,2.526898623,3.130125284,3.163335085
17:10:14,2.526592493,3.129564285,3.163908005
17:10:14,2.526742935,3.130161047,3.163186312
17:10:14,2.527187586,3.129804373,3.163967609
17:10:14,2.526567698,3.129736423,3.163736343
17:10:14,2.526497602,3.130065203,3.164691925
17:10:14,2.527654171,3.129392862,3.165389538
17:10:14,2.526772738,3.129517317,3.166563034
17:10:14,2.527894735,3.129745245,3.168403149
17:10:14,2.527399302,3.129496098,3.167554617
17:10:14,2.527942419,3.128717422,3.17000699
17:10:14,2.529412508,3.1306355,3.169578075
17:10:14,2.52923584,3.129968405,3.170973539
17:10:14,2.527237177,3.128233194,3.172870159
17:10:14,2.52782464,3.12964654,3.174200535
17:10:14,2.528409481,3.130476475,3.173765898
17:10:14,2.527732849,3.129585505,3.174938202
17:10:14,2.527760267,3.129187584,3.174267292
17:10:14,2.526970625,3.129791021,3.174831867
17:10:14,2.526731491,3.129317045,3.173726797
17:10:14,2.526994705,3.129318237,3.174468279
17:10:14,2.52635169,3.130417585,3.173139334
17:10:14,2.526067257,3.13059473,3.174432039
17:10:14,2.524043083,3.128807306,3.173877954
17:10:14,2.524310112,3.129460573,3.172695637
17:10:14,2.524838209,3.130084991,3.171497583
17:10:14,2.524770498,3.129824638,3.171441317
17:10:14,2.525665283,3.12887001,3.17188859
17:10:14,2.526190281,3.130195618,3.172220707
17:10:14,2.525771141,3.130114794,3.17120719
17:10:14,2.524482727,3.12824297,3.170391083
17:10:14,2.526596069,3.129867792,3.171118736
17:10:14,2.526951551,3.130848885,3.171466827
17:10:14,2.526631594,3.128920317,3.171682835
17:10:14,2.527077913,3.12984705,3.172029734
17:10:14,2.527693033,3.129596949,3.171954632
17:10:14,2.527302265,3.129976511,3.171925068
17:10:14,2.527867794,3.128671408,3.171821117
17:10:14,2.529391527,3.129867792,3.172818422
17:10:14,2.53010416,3.130178213,3.171867132
17:10:14,2.53119874,3.128319025,3.171794415
17:10:14,2.531946898,3.12940073,3.174247026
17:10:14,2.530661583,3.129897118,3.17440033
17:10:14,2.531093359,3.129399538,3.172620058
17:10:14,2.530293465,3.129530668,3.1717484
17:10:14,2.530753136,3.129716396,3.17337513
17:10:14,2.530609369,3.129274368,3.173854351
17:10:14,2.531044722,3.128655434,3.172267675
17:10:14,2.531421423,3.129017115,3.17073369
17:10:14,2.529774904,3.129602194,3.170740604
17:10:14,2.530354023,3.129515648,3.168914318
17:10:14,2.530642986,3.127923965,3.169330359
17:10:14,2.528650999,3.129974842,3.167682409
17:10:14,2.5282619,3.129956484,3.167158365
17:10:14,2.528913498,3.129134417,3.166672468
17:10:14,2.52795577,3.128899336,3.165326357
17:10:14,2.527382612,3.1300354,3.164052963
17:10:14,2.527087212,3.12873888,3.164295912
17:10:14,2.527309179,3.128744125,3.165229321
17:10:14,2.527892351,3.13079834,3.164695263
17:10:14,2.526638746,3.130883694,3.162918568
17:10:14,2.527133465,3.128893852,3.161778212
17:10:14,2.527846336,3.129070282,3.163929462
17:10:14,2.526884079,3.130251408,3.164645433
17:10:14,2.526667118,3.128673315,3.165863037
17:10:14,2.528081179,3.128319025,3.165283442
17:10:14,2.527765989,3.130873919,3.166721106
17:10:14,2.528095484,3.129543543,3.167309999
17:10:14,2.527379751,3.128009558,3.167549849
17:10:14,2.528236866,3.129762888,3.169779539
17:10:14,2.528410673,3.129666328,3.169635296
17:10:14,2.528191328,3.128312349,3.171791553
17:10:14,2.528273344,3.12808156,3.171819925
17:10:14,2.52790451,3.129199266,3.173519135
17:10:14,2.527195215,3.128641605,3.174065113
17:10:14,2.528105259,3.128175735,3.173505068
17:10:14,2.527527571,3.129464626,3.175606728
17:10:14,2.526337147,3.128921509,3.175847292
17:10:14,2.525928497,3.127911329,3.174304485
17:10:14,2.526264191,3.127655506,3.174165487
17:10:14,2.525295019,3.129000425,3.172313213
17:10:14,2.524904013,3.128967524,3.172494173
17:10:14,2.525082111,3.127797842,3.172350883
17:10:14,2.524324656,3.12971735,3.171113491
17:10:14,2.523952484,3.13000083,3.172018051
17:10:14,2.524148464,3.127831697,3.172076702
17:10:14,2.524667978,3.129132748,3.171330929
17:10:14,2.524672031,3.128510237,3.17134428
17:10:14,2.524996996,3.128349543,3.169607639
17:10:14,2.525683165,3.129004955,3.171155453
17:10:14,2.526485443,3.130125284,3.172101021
17:10:14,2.526507616,3.128684759,3.170938253
17:10:14,2.526678085,3.128893375,3.170810699
17:10:14,2.527908564,3.129518509,3.169965029
17:10:14,2.528237343,3.130181789,3.172792435
17:10:14,2.528259993,3.129098415,3.172157764
17:10:14,2.529551983,3.128568411,3.173460245
17:10:14,2.530308723,3.129978418,3.172733307
17:10:14,2.530391693,3.129542351,3.172860146
17:10:14,2.530765772,3.128765583,3.172194004
17:10:14,2.530712843,3.129324675,3.173458815
17:10:15,2.531844616,3.1299932,3.172727108
17:10:15,2.531605959,3.128805876,3.172376633
17:10:15,2.532529354,3.129277945,3.172914982
17:10:15,2.53109169,3.130210638,3.173652172
17:10:15,2.530402899,3.128904819,3.172327042
17:10:15,2.530910492,3.127797842,3.172205925
17:10:15,2.530926943,3.129309177,3.172096968
17:10:15,2.529628992,3.129113197,3.169668913
17:10:15,2.529898167,3.129144907,3.169187546
17:10:15,2.529883385,3.12972331,3.169245481
17:10:15,2.528758049,3.129762411,3.167227507
17:10:15,2.528335571,3.130018711,3.167684078
17:10:15,2.528666735,3.12925148,3.166830778
17:10:15,2.528904676,3.129707575,3.166567564
17:10:15,2.527195215,3.130043983,3.163610458
17:10:15,2.526972532,3.130709648,3.16536665
17:10:15,2.526088476,3.129166126,3.164471626
17:10:15,2.526855469,3.130449533,3.166142941
17:10:15,2.526952028,3.129784822,3.163372755
17:10:15,2.527679443,3.129384518,3.163370132
17:10:15,2.52773881,3.128967524,3.164976597
17:10:15,2.527877569,3.129665613,3.165724277
17:10:15,2.52720809,3.129315853,3.165422678
17:10:15,2.527073145,3.129747391,3.16683507
17:10:15,2.52851367,3.130166054,3.166938782
17:10:15,2.527390718,3.129045248,3.168899298
17:10:15,2.528389215,3.129912853,3.169987202
17:10:15,2.527954102,3.129278421,3.171154499
17:10:15,2.527853966,3.129142523,3.172406673
17:10:15,2.527703285,3.129139423,3.171651602
17:10:15,2.528521776,3.129029274,3.172064543
17:10:15,2.528202772,3.130079746,3.173808813
17:10:15,2.527752161,3.128736258,3.173698425
17:10:15,2.52823782,3.127968311,3.173814297
17:10:15,2.527336597,3.129290581,3.173789263
17:10:15,2.525908232,3.129025698,3.175128222
17:10:15,2.526649952,3.128419876,3.173482418
17:10:15,2.526041985,3.129478455,3.172683239
17:10:15,2.525235176,3.12992239,3.173993111
17:10:15,2.524390936,3.128442526,3.173111916
17:10:15,2.525238752,3.128386974,3.171897888
17:10:15,2.524792194,3.129727125,3.171430826
17:10:15,2.525150776,3.128777027,3.170419693
17:10:15,2.525230169,3.129665136,3.170328856
17:10:15,2.524288416,3.129557848,3.172145605
17:10:15,2.525363445,3.129142523,3.172123432
17:10:15,2.525534153,3.129836082,3.170914173
17:10:15,2.526386499,3.12940383,3.171474934
17:10:15,2.526302338,3.129095793,3.171473742
17:10:15,2.527525902,3.130019188,3.170884132
17:10:15,2.528599262,3.129477978,3.171820641
17:10:15,2.528775454,3.129400015,3.171238422
17:10:15,2.5289855,3.129070282,3.171133041
17:10:15,2.528380394,3.129657984,3.172746897
17:10:15,2.529173136,3.129076481,3.172172546
17:10:15,2.529666185,3.1296103,3.172706842
17:10:15,2.529789686,3.129580498,3.173900127
17:10:15,2.530520678,3.129299402,3.173786402
17:10:15,2.531320333,3.129540682,3.174917698
17:10:15,2.532023191,3.129744053,3.1737957
17:10:15,2.531270981,3.128695726,3.172827959
17:10:15,2.531280279,3.129359245,3.172842741
17:10:15,2.531127691,3.128515959,3.172772646
17:10:15,2.531577587,3.129041195,3.172156096
17:10:15,2.531062603,3.129285336,3.170568705
17:10:15,2.531187773,3.12831378,3.17017746
17:10:15,2.529902458,3.129855633,3.170336485
17:10:15,2.530714989,3.128948927,3.168931961
17:10:15,2.52966094,3.129355192,3.167954922
17:10:15,2.529307365,3.129667759,3.167832851
17:10:15,2.528488398,3.129362583,3.165534735
17:10:15,2.527581453,3.129204273,3.165650606
17:10:15,2.528133154,3.128445148,3.163673878
17:10:15,2.527977705,3.128782034,3.165100336
17:10:15,2.52761054,3.129754782,3.165067911
17:10:15,2.527253389,3.12993741,3.164886713
17:10:15,2.526521921,3.129244566,3.164792061
17:10:15,2.526782274,3.128807068,3.164255857
17:10:15,2.527667284,3.129109859,3.163805008
17:10:15,2.527251244,3.129328012,3.165353537
17:10:15,2.527418852,3.128771544,3.166309834
17:10:15,2.527287245,3.1299932,3.166539431
17:10:15,2.528823853,3.128945827,3.166335821
17:10:15,2.528037786,3.129203081,3.167007446
17:10:15,2.528069735,3.129002094,3.169238567
17:10:15,2.527556658,3.129288435,3.17107296
17:10:15,2.528152227,3.129849195,3.170604229
17:10:15,2.528634071,3.129067659,3.172393084
17:10:15,2.528266907,3.128718853,3.173187256
17:10:15,2.52764082,3.1284585,3.173317194
17:10:15,2.528094292,3.128250599,3.173030615
17:10:15,2.528484583,3.129282236,3.174255133
17:10:15,2.528234959,3.128221512,3.173024178
17:10:15,2.528040648,3.128829241,3.173883915
17:10:15,2.527121782,3.128906012,3.173234463
17:10:15,2.527250767,3.12876606,3.173028946
17:10:15,2.525969982,3.128527403,3.173714876
17:10:15,2.525204897,3.128836393,3.173559666
17:10:15,2.524266481,3.129102945,3.172264338
17:10:15,2.524405956,3.128537416,3.171611309
17:10:15,2.523797035,3.129001617,3.172339916
17:10:15,2.524644136,3.128302813,3.171850681
17:10:15,2.523780107,3.129102945,3.172652483
17:10:15,2.524740458,3.129024506,3.171774864
17:10:15,2.526670933,3.129785299,3.172058105
17:10:15,2.525713921,3.12882185,3.17124486
17:10:15,2.525680542,3.129150629,3.171342373
17:10:15,2.526523352,3.12988019,3.170382738
17:10:15,2.528002262,3.128446817,3.172297001
17:10:15,2.527785301,3.129196405,3.171910048
17:10:15,2.527650118,3.129240036,3.172302723
17:10:15,2.527778149,3.129923582,3.172251463
17:10:15,2.529797792,3.128620863,3.170770884
17:10:15,2.530269623,3.128780842,3.1730299
17:10:15,2.529892206,3.128983498,3.172727108
17:10:16,2.531038284,3.129889488,3.172504187
17:10:16,2.531160593,3.129746437,3.173327923
17:10:16,2.531453133,3.129222393,3.172380447
17:10:16,2.531776905,3.129682302,3.172027349
17:10:16,2.531806707,3.129165649,3.171362877
17:10:16,2.531916142,3.129367828,3.172615767
17:10:16,2.530811787,3.129319906,3.171530724
17:10:16,2.531424999,3.129396677,3.169923782
17:10:16,2.531322718,3.128753424,3.170089483
17:10:16,2.531117916,3.128948212,3.16837883
17:10:16,2.531122923,3.129487991,3.168326378
17:10:16,2.529828548,3.129318953,3.166641474
17:10:16,2.529963732,3.129313707,3.166597128
17:10:16,2.529392719,3.129510164,3.165748596
17:10:16,2.52917695,3.129591465,3.164549828
17:10:16,2.528389215,3.12873435,3.165164709
17:10:16,2.528203487,3.128650904,3.165282726
17:10:16,2.527734518,3.130427361,3.164903879
17:10:16,2.527177811,3.129523993,3.165700912
17:10:16,2.527635098,3.129441023,3.165702105
17:10:16,2.527839899,3.130286932,3.165719986
17:10:16,2.526833534,3.129651785,3.165867567
17:10:16,2.526953936,3.129128933,3.164939165
17:10:16,2.527343988,3.129116774,3.166224241
17:10:16,2.526738644,3.129458189,3.166576862
17:10:16,2.527324915,3.129841089,3.16671443
17:10:16,2.527409315,3.129814386,3.167670012
17:10:16,2.527200699,3.129930973,3.168987274
17:10:16,2.527326107,3.129261971,3.170181751
17:10:16,2.528076887,3.128260374,3.170974731
17:10:16,2.528219461,3.129805565,3.171562195
17:10:16,2.527765989,3.128386497,3.172234774
17:10:16,2.527363539,3.128232002,3.17257452
17:10:16,2.52750659,3.127516747,3.173012257
17:10:16,2.527997255,3.129154205,3.173897743
17:10:16,2.527609348,3.129039526,3.173864841
17:10:16,2.527919531,3.128581285,3.1744771
17:10:16,2.528140068,3.129368544,3.17425108
17:10:16,2.527904987,3.129744768,3.173968077
17:10:16,2.526070356,3.129182339,3.17338562
17:10:16,2.526136398,3.128850698,3.174205065
17:10:16,2.526475668,3.128692389,3.174339771
17:10:16,2.524739981,3.128954887,3.172606468
17:10:16,2.524654627,3.128935337,3.172041416
17:10:16,2.525045633,3.128481627,3.172263861
17:10:16,2.52374053,3.130361795,3.17296648
17:10:16,2.524569988,3.128050089,3.172094584
17:10:16,2.524443388,3.128972769,3.170651674
17:10:16,2.524964094,3.128880978,3.171663761
17:10:16,2.52580452,3.127920389,3.171874523
17:10:16,2.526543617,3.12919569,3.171872854
17:10:16,2.526123524,3.129260302,3.171060324
17:10:16,2.526181698,3.129539967,3.172037363
17:10:16,2.527677059,3.128741264,3.172369003
17:10:16,2.5283041,3.12942481,3.171125889
17:10:16,2.528252125,3.129393339,3.171194315
17:10:16,2.529555321,3.128428459,3.170997858
17:10:16,2.530056715,3.128846169,3.17157197
17:10:16,2.530057907,3.129529715,3.171074152
17:10:16,2.530796766,3.128586054,3.173103333
17:10:16,2.531523466,3.128812075,3.172140121
17:10:16,2.532209873,3.129304409,3.172484398
17:10:16,2.531743288,3.129387856,3.171536922
17:10:16,2.531484842,3.128563404,3.171229839
17:10:16,2.531858444,3.128674507,3.171221733
17:10:16,2.531813622,3.129207134,3.16967988
17:10:16,2.531263828,3.129417896,3.168614626
17:10:16,2.530841589,3.129243851,3.168350458
17:10:16,2.530789852,3.129064322,3.167365551
17:10:16,2.530704021,3.129773378,3.167046309
17:10:16,2.529799461,3.128527403,3.166867733
17:10:16,2.529993296,3.129343033,3.16678524
17:10:16,2.529330969,3.129950523,3.165611982
17:10:16,2.528591633,3.130669355,3.166199446
17:10:16,2.528657436,3.129400015,3.164955139
17:10:16,2.527873278,3.129459858,3.164376974
17:10:16,2.527223825,3.130021334,3.165964127
17:10:16,2.52675724,3.128885031,3.164042473
17:10:16,2.527616501,3.129449129,3.165019035
17:10:16,2.526841402,3.129190445,3.164461613
17:10:16,2.526952744,3.13009882,3.164803505
17:10:16,2.527898788,3.128959179,3.166745186
17:10:16,2.526783228,3.130005836,3.16731739
17:10:16,2.526587486,3.130325079,3.166551352
17:10:16,2.527903318,3.128341198,3.167783976
17:10:16,2.527588844,3.12913394,3.170365334
17:10:16,2.527503729,3.129564285,3.170550346
17:10:16,2.527626514,3.129702568,3.168886423
17:10:16,2.527749777,3.129734755,3.171261549
17:10:16,2.528585911,3.129821539,3.171636343
17:10:16,2.528407097,3.129521608,3.172833443
17:10:16,2.528563738,3.128988504,3.173918247
17:10:16,2.527940512,3.129318953,3.17367816
17:10:16,2.527371645,3.129689932,3.173792601
17:10:16,2.527037621,3.129194975,3.174428225
17:10:16,2.527539015,3.129502535,3.173153639
17:10:16,2.526945591,3.129794598,3.173790932
17:10:16,2.526678085,3.128979206,3.173825264
17:10:16,2.526679277,3.129168034,3.173692942
17:10:16,2.525350809,3.129483223,3.17359066
17:10:16,2.526117325,3.128918648,3.17378974
17:10:16,2.525717497,3.129074097,3.173871756
17:10:16,2.524706364,3.129025698,3.173142672
17:10:16,2.524750948,3.129515171,3.173016071
17:10:16,2.524049997,3.128975153,3.172451019
17:10:16,2.52319479,3.128847361,3.173334599
17:10:16,2.524568319,3.130407333,3.172175407
17:10:16,2.524650335,3.129607439,3.172285318
17:10:16,2.525686741,3.129994392,3.172412634
17:10:16,2.52650547,3.130721331,3.172222376
17:10:16,2.526281357,3.129656076,3.173764706
17:10:16,2.527388334,3.129217625,3.172263861
17:10:16,2.528239727,3.12866044,3.172842264
17:10:16,2.527775288,3.130095243,3.17183733
17:10:16,2.528264523,3.129094124,3.172138691
17:10:16,2.528231621,3.129468679,3.172217846
17:10:16,2.530572653,3.130040169,3.172178984
17:10:16,2.530545235,3.128903151,3.173481226
17:10:16,2.53055048,3.128571272,3.173409224
17:10:17,2.531743288,3.12958765,3.171574593
17:10:17,2.532254696,3.130244255,3.172451258
17:10:17,2.53198719,3.12886095,3.171935081
17:10:17,2.531330347,3.129894733,3.171142817
17:10:17,2.531421423,3.130479336,3.169407606
17:10:17,2.532008648,3.128274679,3.171468496
17:10:17,2.530864716,3.129566431,3.169336081
17:10:17,2.531016588,3.130500555,3.168029785
17:10:17,2.531089544,3.129889011,3.166902781
17:10:17,2.53099227,3.129916906,3.168418169
17:10:17,2.529815197,3.129199743,3.166174173
17:10:17,2.528442621,3.129206419,3.166687965
17:10:17,2.529105425,3.129003763,3.165060282
17:10:17,2.527128458,3.129345179,3.165934563
17:10:17,2.528097153,3.13015461,3.164607763
17:10:17,2.527578592,3.129320621,3.164297104
17:10:17,2.527469158,3.129268885,3.164612293
17:10:17,2.526986599,3.129997492,3.165143251
17:10:17,2.527324915,3.130362749,3.163033962
17:10:17,2.526352167,3.12940073,3.163791418
17:10:17,2.52675724,3.129433393,3.165426731
17:10:17,2.527423859,3.130290985,3.165940762
17:10:17,2.52800703,3.129101038,3.166966915
17:10:17,2.527547836,3.1295228,3.166630507
17:10:17,2.52701664,3.128950834,3.168087244
17:10:17,2.527298927,3.130060196,3.169204235
17:10:17,2.527541399,3.129614353,3.169485092
17:10:17,2.527206421,3.128859282,3.169891119
17:10:17,2.529015303,3.130209446,3.17381978
17:10:17,2.527245283,3.129099131,3.172328472
17:10:17,2.527588844,3.129893064,3.173523664
17:10:17,2.528600216,3.129169941,3.173835278
17:10:17,2.529229879,3.129386187,3.174490213
17:10:17,2.527386665,3.129523516,3.174723387
17:10:17,2.527956247,3.12847352,3.174459934
17:10:17,2.527147055,3.129967928,3.173228979
17:10:17,2.526072979,3.129413366,3.173532963
17:10:17,2.527037621,3.129200935,3.174536705
17:10:17,2.526393175,3.128704548,3.173628807
17:10:17,2.524857044,3.129365444,3.172899246
17:10:17,2.52459693,3.127995491,3.173165321
17:10:17,2.524609089,3.128646612,3.17306757
17:10:17,2.524432898,3.128774881,3.171620607
17:10:17,2.523696423,3.127907991,3.17296648
17:10:17,2.523801088,3.128112078,3.1715765
17:10:17,2.523951054,3.12945652,3.171720028
17:10:17,2.524771452,3.129175901,3.170738935
17:10:17,2.524214029,3.129167557,3.171765566
17:10:17,2.526048899,3.128732204,3.172147512
17:10:17,2.526511669,3.129341364,3.172356844
17:10:17,2.52698493,3.128967524,3.171809196
17:10:17,2.526982784,3.129226685,3.171802044
17:10:17,2.527369738,3.129417896,3.172519445
17:10:17,2.528510094,3.128763199,3.171379805
17:10:17,2.528976202,3.12883234,3.171871662
17:10:17,2.529695272,3.129112244,3.172327995
17:10:17,2.530765057,3.129144907,3.172285318
17:10:17,2.53087163,3.12904644,3.172135353
17:10:17,2.531318426,3.128977537,3.171842575
17:10:17,2.530951977,3.12977457,3.170524836
17:10:17,2.530745983,3.129773378,3.170972347
17:10:17,2.531188965,3.128412485,3.170838356
17:10:17,2.531949759,3.130040407,3.171004295
17:10:17,2.531369209,3.129092932,3.169605017
17:10:17,2.531737566,3.129012346,3.169206619
17:10:17,2.531716347,3.129349232,3.167833567
17:10:17,2.530825615,3.129876375,3.167921543
17:10:17,2.529795885,3.129065514,3.166476488
17:10:17,2.529424906,3.129284859,3.165758848
17:10:17,2.529311895,3.129382372,3.166875601
17:10:17,2.529766798,3.129576206,3.165634632
17:10:17,2.529304743,3.129334927,3.164552927
17:10:17,2.528547525,3.128727913,3.165138483
17:10:17,2.529113531,3.129371405,3.164493799
17:10:17,2.527279139,3.129025698,3.1648283
17:10:17,2.527266264,3.129714489,3.165466785
17:10:17,2.527355194,3.12984705,3.164412975
17:10:17,2.527633429,3.12959075,3.164067507
17:10:17,2.527669668,3.128433228,3.165863037
17:10:17,2.526284218,3.129327059,3.165720701
17:10:17,2.527551889,3.128403187,3.165154219
17:10:17,2.527153969,3.129176617,3.167699814
17:10:17,2.527731895,3.129519463,3.16809535
17:10:17,2.527006388,3.129477978,3.168416023
17:10:17,2.52756834,3.129519939,3.170970678
17:10:17,2.528273821,3.129757404,3.170541048
17:10:17,2.527993441,3.129665613,3.171265841
17:10:17,2.528399467,3.129896402,3.171269178
17:10:17,2.528255939,3.129006147,3.172453642
17:10:17,2.528010845,3.128892183,3.172751904
17:10:17,2.529031277,3.129674435,3.173351765
17:10:17,2.528341055,3.129722595,3.173717499
17:10:17,2.528037786,3.129446507,3.175084591
17:10:17,2.527886868,3.12980032,3.175104856
17:10:17,2.527340889,3.129044771,3.174492598
17:10:17,2.526637793,3.129260302,3.17373991
17:10:17,2.526650667,3.128880978,3.174804211
17:10:17,2.526207447,3.128661156,3.173559189
17:10:17,2.524585962,3.128607512,3.172899723
17:10:17,2.524497271,3.129147291,3.172553539
17:10:17,2.525261164,3.128593445,3.172434568
17:10:17,2.524677277,3.128821373,3.172849178
17:10:17,2.524151802,3.129085779,3.171360493
17:10:17,2.524188042,3.128740072,3.172245979
17:10:17,2.524054766,3.128627777,3.173954725
17:10:17,2.525649786,3.129303217,3.172726631
17:10:17,2.525327682,3.128543139,3.171956539
17:10:17,2.525681973,3.13023448,3.172796965
17:10:17,2.526052475,3.12905097,3.172329903
17:10:17,2.526684999,3.128662348,3.172737122
17:10:17,2.526789904,3.128884554,3.173299551
17:10:17,2.527079821,3.129182339,3.172691345
17:10:17,2.528784275,3.128905535,3.172631502
17:10:17,2.529316664,3.129198551,3.171668291
17:10:17,2.529441118,3.129974842,3.172322989
17:10:17,2.529193878,3.129454136,3.172295809
17:10:17,2.530819416,3.129238367,3.17172122
17:10:17,2.531326532,3.129863024,3.170829535
17:10:17,2.531400681,3.129939556,3.169937134
17:10:18,2.531040907,3.128789663,3.168803453
17:10:18,2.531249523,3.129091263,3.169000864
17:10:18,2.53141284,3.129329205,3.169979095
17:10:18,2.530910492,3.128427267,3.169462919
17:10:18,2.530754089,3.129058123,3.168340683
17:10:18,2.531294584,3.128744602,3.167165279
17:10:18,2.530588388,3.128806353,3.166634321
17:10:18,2.530548334,3.129227877,3.165738583
17:10:18,2.52978158,3.129131556,3.1649189
17:10:18,2.529485941,3.128879309,3.164297104
17:10:18,2.529107809,3.129850864,3.165518045
17:10:18,2.52873826,3.129047155,3.164423943
17:10:18,2.528388023,3.129415512,3.16506958
17:10:18,2.52831769,3.129330397,3.164298058
17:10:18,2.52731967,3.128962994,3.16492486
17:10:18,2.527504206,3.128278732,3.165356636
17:10:18,2.527138948,3.128876686,3.165434361
17:10:18,2.527769566,3.129841089,3.164652109
17:10:18,2.52747035,3.129214525,3.164649963
17:10:18,2.527035236,3.128945827,3.16663146
17:10:18,2.526758432,3.129381895,3.166068554
17:10:18,2.527850389,3.128089428,3.168416023
17:10:18,2.527416706,3.128677368,3.169452429
17:10:18,2.526986837,3.129617929,3.170060635
17:10:18,2.52764082,3.13019228,3.170281172
17:10:18,2.527730227,3.129286528,3.171576023
17:10:18,2.527202129,3.129431248,3.171723604
17:10:18,2.527753115,3.129047155,3.17190671
17:10:18,2.528311253,3.128573179,3.172244072
17:10:18,2.528232336,3.128353119,3.173420906
17:10:18,2.528777361,3.128780365,3.172755957
17:10:18,2.528460026,3.129709244,3.173256874
17:10:18,2.527626514,3.129991531,3.175365686
17:10:18,2.526978731,3.128739357,3.17492485
17:10:18,2.526698351,3.129655361,3.173981905
17:10:18,2.526643038,3.129696608,3.173628807
17:10:18,2.526335716,3.128938198,3.173904181
17:10:18,2.525902748,3.129174232,3.17371273
17:10:18,2.525532007,3.129639626,3.173053265
17:10:18,2.525342703,3.128983021,3.173164129
17:10:18,2.524805784,3.129014969,3.173773527
17:10:18,2.525013447,3.129487991,3.173997879
17:10:18,2.524515867,3.128759384,3.172818184
17:10:18,2.524487972,3.128949642,3.173563719
17:10:18,2.524217606,3.129178286,3.172639608
17:10:18,2.524405956,3.129047155,3.172966003
17:10:18,2.525024414,3.128847837,3.173555613
17:10:18,2.525602341,3.129413366,3.172521114
17:10:18,2.526011944,3.128328323,3.172336817
17:10:18,2.52760911,3.129295349,3.171855927
17:10:18,2.527826548,3.129720926,3.173640013
17:10:18,2.527448893,3.129578114,3.174007654
17:10:18,2.527521133,3.130509377,3.171846151
17:10:18,2.529006004,3.129457712,3.170756578
17:10:18,2.529691935,3.130214453,3.172225714
17:10:18,2.528976202,3.129328728,3.171656609
17:10:18,2.529990435,3.129324675,3.170515299
17:10:18,2.530983448,3.12975955,3.169988394
17:10:18,2.531305552,3.129718542,3.170667887
17:10:18,2.531014204,3.129528999,3.169797421
17:10:18,2.531208515,3.129808187,3.168481112
17:10:18,2.530602455,3.129663467,3.16887784
17:10:18,2.530371428,3.128628731,3.168242693
17:10:18,2.531206369,3.130000114,3.168191195
17:10:18,2.529560328,3.129689217,3.168152809
17:10:18,2.530024529,3.129164457,3.166726589
17:10:18,2.530289173,3.129229784,3.166107416
17:10:18,2.529539347,3.129462242,3.16653347
17:10:18,2.529807091,3.129063606,3.16584444
17:10:18,2.529103041,3.129882097,3.165420771
17:10:18,2.528230429,3.129819393,3.165973902
17:10:18,2.528823376,3.129458189,3.166594267
17:10:18,2.527498484,3.129235268,3.166450262
17:10:18,2.528260708,3.129570484,3.165055752
17:10:18,2.52782774,3.129726648,3.165758848
17:10:18,2.527234316,3.129329205,3.166348457
17:10:18,2.527891874,3.129848719,3.165031672
17:10:18,2.527368069,3.129117966,3.167392492
17:10:18,2.527534008,3.128755569,3.167238712
17:10:18,2.527395964,3.129450321,3.167443037
17:10:18,2.527477264,3.12914443,3.16821146
17:10:18,2.52730298,3.128849983,3.169727087
17:10:18,2.526315451,3.129833221,3.169327497
17:10:18,2.527597427,3.128775835,3.168473482
17:10:18,2.52840066,3.12920475,3.171186924
17:10:18,2.528300285,3.129770756,3.171776533
17:10:18,2.527466774,3.129548073,3.171804428
17:10:18,2.528251171,3.129234076,3.171769857
17:10:18,2.528705597,3.128973484,3.172114611
17:10:18,2.528484106,3.130336523,3.173297644
17:10:18,2.527716637,3.129092932,3.172847748
17:10:18,2.526548147,3.129442215,3.173816919
17:10:18,2.527028084,3.128887177,3.172691822
17:10:18,2.527270555,3.128741741,3.174499512
17:10:18,2.527210951,3.12896347,3.174161434
17:10:18,2.526989698,3.1289289,3.173809528
17:10:18,2.526928663,3.128946304,3.174740791
17:10:18,2.525816441,3.128547668,3.173062801
17:10:18,2.525482893,3.129197359,3.172999859
17:10:18,2.525377512,3.128379583,3.172682047
17:10:18,2.5254004,3.129261971,3.172082424
17:10:18,2.525033951,3.129984856,3.172699451
17:10:18,2.525401592,3.128581762,3.173206568
17:10:18,2.525673389,3.128519297,3.172988176
17:10:18,2.525480032,3.128951311,3.172800541
17:10:18,2.526277781,3.128885031,3.172811031
17:10:18,2.526319265,3.128916979,3.172191143
17:10:18,2.527086496,3.129379988,3.171891212
17:10:18,2.526900291,3.129485846,3.172765255
17:10:18,2.527603626,3.129164457,3.171531439
17:10:18,2.526072502,3.128897429,3.171326876
17:10:18,2.52766037,3.128828526,3.172096491
17:10:18,2.528788328,3.129601002,3.17239809
17:10:18,2.528993607,3.128756762,3.171833277
17:10:18,2.530060768,3.129643679,3.170974731
17:10:18,2.529043198,3.128692389,3.171764374
17:10:19,2.530318975,3.129712105,3.170804024
17:10:19,2.530707836,3.129563808,3.168824911
17:10:19,2.530993938,3.129534483,3.169602156
17:10:19,2.530708313,3.13052702,3.169776917
17:10:19,2.529655218,3.129291773,3.168416023
17:10:19,2.530335903,3.129299402,3.169398785
17:10:19,2.530782223,3.129137993,3.169627905
17:10:19,2.530399799,3.129302263,3.167350054
17:10:19,2.530213118,3.129045963,3.167012691
17:10:19,2.529942513,3.129832029,3.167947054
17:10:19,2.529599428,3.129677057,3.166954994
17:10:19,2.528922081,3.129529715,3.167129517
17:10:19,2.529119968,3.12937355,3.165313482
17:10:19,2.529112339,3.128889322,3.166169167
17:10:19,2.527634621,3.129019022,3.165427923
17:10:19,2.528244972,3.128976822,3.166687965
17:10:19,2.526393175,3.129431248,3.166728973
17:10:19,2.527309895,3.128788471,3.166008472
17:10:19,2.527428627,3.128740549,3.165385008
17:10:19,2.526693821,3.129045248,3.16500926
17:10:19,2.527032852,3.130102158,3.166468143
17:10:19,2.527129173,3.129379511,3.165285826
17:10:19,2.527366877,3.129095793,3.167055607
17:10:19,2.526254416,3.129426003,3.166727304
17:10:19,2.527448893,3.129254341,3.169387817
17:10:19,2.527788639,3.129470825,3.168455601
17:10:19,2.527888775,3.129546165,3.169413805
17:10:19,2.528716087,3.1291852,3.170423985
17:10:19,2.528634787,3.129256725,3.171360493
17:10:19,2.528558969,3.129668474,3.171870947
17:10:19,2.527471781,3.129528999,3.17255187
17:10:19,2.528108835,3.12904954,3.172805786
17:10:19,2.528588057,3.129552126,3.174034834
17:10:19,2.528399467,3.129550457,3.173596144
17:10:19,2.527884722,3.128948689,3.173258066
17:10:19,2.528237343,3.129104614,3.174417973
17:10:19,2.527249336,3.129107475,3.173905849
17:10:19,2.527548313,3.129969597,3.17334938
17:10:19,2.525965929,3.128752708,3.173360825
17:10:19,2.526182175,3.128535032,3.173739195
17:10:19,2.526027679,3.129726171,3.173537731
17:10:19,2.525615692,3.129562616,3.173720121
17:10:19,2.524363995,3.128898382,3.17360425
17:10:19,2.525100708,3.128727198,3.173569679
17:10:19,2.525544643,3.129253149,3.173215866
17:10:19,2.526039839,3.129615784,3.172305584
17:10:19,2.525992155,3.128866911,3.173420906
17:10:19,2.526400566,3.129045963,3.171919823
17:10:19,2.525529385,3.12992239,3.171361685
17:10:19,2.525221109,3.129244566,3.171767235
17:10:19,2.52644372,3.129099131,3.173669577
17:10:19,2.526583672,3.129066467,3.173346758
17:10:19,2.527265072,3.13015461,3.173032045
17:10:19,2.528518915,3.129847765,3.17261076
17:10:19,2.528252363,3.129267216,3.171421528
17:10:19,2.528111696,3.129348755,3.171224594
17:10:19,2.529254913,3.12929821,3.172075033
17:10:19,2.528664827,3.12963295,3.170850992
17:10:19,2.529048443,3.129671812,3.172330618
17:10:19,2.530001879,3.129288912,3.170725584
17:10:19,2.52995491,3.129556656,3.170659781
17:10:19,2.529476643,3.129720211,3.170402288
17:10:19,2.530025959,3.12985158,3.169580698
17:10:19,2.530921221,3.128936529,3.167981625
17:10:19,2.531172514,3.129546165,3.168227911
17:10:19,2.531014204,3.129905224,3.169090748
17:10:19,2.53071332,3.129634142,3.16735816
17:10:19,2.53042841,3.129217625,3.166996956
17:10:19,2.529343605,3.129151106,3.166540623
17:10:19,2.528991222,3.12937355,3.167256355
17:10:19,2.529676676,3.128715992,3.166133642
17:10:19,2.529659271,3.129417896,3.165365934
17:10:19,2.529298067,3.12921524,3.166182756
17:10:19,2.528364658,3.129234791,3.165088177
17:10:19,2.527498484,3.129339695,3.165163994
17:10:19,2.528119802,3.129376411,3.164418459
17:10:19,2.528181314,3.129923582,3.164685488
17:10:19,2.527175426,3.129093647,3.164116383
17:10:19,2.526999712,3.129453182,3.165497065
17:10:19,2.527281523,3.129662752,3.166175604
17:10:19,2.527160168,3.128779888,3.16655302
17:10:19,2.527441978,3.128587961,3.167224407
17:10:19,2.527633429,3.129159927,3.168256283
17:10:19,2.528270006,3.129326344,3.168529749
17:10:19,2.528343201,3.128783941,3.168745279
17:10:19,2.528537035,3.129648209,3.168922186
17:10:19,2.528269291,3.129171848,3.169945955
17:10:19,2.52804184,3.129310369,3.172148943
17:10:19,2.527915716,3.128543139,3.17295146
17:10:19,2.528675795,3.128262997,3.173191309
17:10:19,2.528467655,3.129559517,3.174038887
17:10:19,2.528735161,3.12876153,3.17458415
17:10:19,2.528500795,3.128762007,3.172931671
17:10:19,2.528325796,3.129171848,3.174502611
17:10:19,2.528150558,3.129624128,3.173275232
17:10:19,2.527102709,3.1287148,3.173904657
17:10:19,2.527406454,3.129760742,3.173445225
17:10:19,2.526254416,3.129694939,3.174227476
17:10:19,2.525732994,3.129168034,3.172931671
17:10:19,2.526203156,3.128825426,3.172328472
17:10:19,2.525823355,3.129178286,3.171391726
17:10:19,2.52483201,3.129052162,3.17288661
17:10:19,2.525022268,3.128886461,3.171406984
17:10:19,2.524869919,3.128965139,3.171375513
17:10:19,2.525316,3.128920794,3.171744585
17:10:19,2.525152445,3.129141092,3.172303915
17:10:19,2.525417328,3.129216433,3.172635317
17:10:19,2.525359154,3.128889799,3.172321796
17:10:19,2.527087212,3.129250288,3.17298007
17:10:19,2.52597928,3.129027605,3.170638323
17:10:19,2.526628494,3.12937808,3.173060656
17:10:19,2.527200699,3.12934041,3.172316074
17:10:19,2.527983665,3.129774094,3.172981739
17:10:19,2.528789997,3.129439354,3.171870947
17:10:19,2.527908087,3.129468679,3.172115088
17:10:20,2.528944254,3.130306721,3.172151089
17:10:20,2.52939105,3.129379511,3.171672583
17:10:20,2.528416872,3.128967524,3.171397686
17:10:20,2.529922724,3.129482031,3.171661377
17:10:20,2.529641151,3.128645658,3.171360016
17:10:20,2.530101299,3.129290104,3.170171976
17:10:20,2.52987051,3.129852057,3.169171572
17:10:20,2.530797958,3.129071712,3.167932034
17:10:20,2.53037262,3.128873825,3.168429852
17:10:20,2.530199766,3.129963875,3.168197632
17:10:20,2.530122995,3.129910231,3.16782856
17:10:20,2.529577255,3.129566431,3.166987658
17:10:20,2.529970884,3.129387856,3.166716337
17:10:20,2.529409647,3.129254341,3.16639781
17:10:20,2.528924465,3.129342079,3.165201902
17:10:20,2.528913498,3.129397154,3.164771557
17:10:20,2.52966857,3.129678726,3.164199352
17:10:20,2.528787136,3.12991786,3.165197849
17:10:20,2.527970791,3.129191399,3.165257692
17:10:20,2.528399467,3.129836798,3.1650455
17:10:20,2.528281689,3.129286528,3.165077686
17:10:20,2.527730703,3.129171848,3.164614201
17:10:20,2.52741003,3.129253864,3.16565752
17:10:20,2.527544975,3.129045248,3.167644024
17:10:20,2.527007103,3.129769802,3.167420387
17:10:20,2.526896238,3.129260302,3.168240547
17:10:20,2.527584553,3.129009962,3.169061899
17:10:20,2.527849674,3.129561424,3.169225216
17:10:20,2.528193712,3.128906488,3.171204329
17:10:20,2.528515339,3.129301786,3.171392918
17:10:20,2.527809143,3.129484653,3.17171073
17:10:20,2.528399467,3.129710913,3.172970772
17:10:20,2.528777361,3.128378868,3.173223019
17:10:20,2.528708696,3.12942481,3.173281431
17:10:20,2.528450727,3.128503323,3.173772812
17:10:20,2.528067589,3.128683567,3.173204422
17:10:20,2.527725935,3.129342079,3.173500538
17:10:20,2.527809858,3.129141569,3.173959494
17:10:20,2.527282953,3.129019976,3.173297167
17:10:20,2.527774811,3.129187107,3.174201727
17:10:20,2.526449203,3.12919116,3.172454834
17:10:20,2.525767565,3.129443407,3.173267365
17:10:20,2.52592063,3.128741741,3.173776865
17:10:20,2.525814772,3.12974143,3.172673225
17:10:20,2.526731014,3.129814863,3.17327714
17:10:20,2.525712729,3.128605843,3.171958208
17:10:20,2.525136948,3.129382372,3.172468901
17:10:20,2.524428129,3.128880978,3.17219615
17:10:20,2.523753881,3.129361391,3.17253685
17:10:20,2.525192022,3.12937355,3.172578096
17:10:20,2.525407314,3.129724264,3.170832396
17:10:20,2.525908232,3.129798412,3.171254158
17:10:20,2.52538085,3.128881693,3.17318511
17:10:20,2.526486397,3.129275084,3.172123432
17:10:20,2.526455402,3.129447699,3.171644688
17:10:20,2.526645899,3.128686428,3.172999144
17:10:20,2.527780056,3.129631758,3.171684027
17:10:20,2.528076887,3.128582954,3.172061682
17:10:20,2.52819705,3.12930727,3.171250105
17:10:20,2.52799058,3.129055738,3.171705484
17:10:20,2.529320002,3.129728794,3.172459602
17:10:20,2.530538321,3.129753113,3.172419548
17:10:20,2.529890776,3.129288435,3.171443701
17:10:20,2.531007767,3.128880978,3.169765949
17:10:20,2.530231237,3.130062342,3.170265436
17:10:20,2.529927492,3.129114389,3.168733835
17:10:20,2.529942513,3.128769398,3.16778636
17:10:20,2.530370951,3.129487038,3.16786027
17:10:20,2.529727936,3.129690409,3.166966915
17:10:20,2.530008316,3.128888607,3.167201519
17:10:20,2.529855013,3.129515171,3.165834427
17:10:20,2.529658079,3.12980938,3.165754557
17:10:20,2.529488087,3.128829241,3.165157795
17:10:20,2.530025244,3.129366636,3.163878679
17:10:20,2.529393911,3.12936306,3.164259195
17:10:20,2.528764725,3.129787683,3.164642811
17:10:20,2.528657913,3.129198551,3.164808035
17:10:20,2.52852869,3.129626274,3.165623665
17:10:20,2.52749753,3.129353046,3.165266991
17:10:20,2.527813673,3.129015923,3.166640282
17:10:20,2.527830124,3.128481627,3.165696859
17:10:20,2.527426004,3.129284382,3.167551517
17:10:20,2.526825905,3.129304409,3.166783094
17:10:20,2.527598619,3.128394604,3.167652845
17:10:20,2.527898788,3.129949093,3.169191837
17:10:20,2.527308226,3.129850388,3.171077728
17:10:20,2.527704954,3.128577709,3.170646191
17:10:20,2.528284788,3.127845049,3.171175241
17:10:20,2.52868104,3.129904032,3.172424078
17:10:20,2.528886557,3.127915382,3.171971798
17:10:20,2.528113365,3.128223896,3.172551394
17:10:20,2.527589083,3.129659891,3.174117327
17:10:20,2.527695179,3.129109859,3.173423767
17:10:20,2.527632713,3.128635406,3.174268484
17:10:20,2.527830124,3.128619909,3.173233986
17:10:20,2.52733779,3.129179001,3.174770832
17:10:20,2.52728343,3.127933741,3.173980236
17:10:20,2.527717113,3.129037857,3.17500782
17:10:20,2.526811838,3.129007339,3.173843861
17:10:20,2.525700092,3.128654242,3.17271471
17:10:20,2.526501656,3.128278255,3.172317266
17:10:20,2.525486469,3.128564596,3.173081875
17:10:20,2.525271177,3.128302813,3.174024343
17:10:20,2.525005341,3.129108191,3.172698736
17:10:20,2.526123524,3.128041983,3.173396587
17:10:20,2.52550149,3.129294634,3.171417475
17:10:20,2.525284529,3.129890203,3.172925949
17:10:20,2.525432348,3.127991438,3.172692537
17:10:20,2.525387526,3.128771067,3.172813177
17:10:20,2.525747061,3.12950778,3.172294617
17:10:20,2.525080442,3.129331589,3.172358513
17:10:20,2.526306868,3.128286362,3.171948433
17:10:20,2.526614666,3.129924774,3.172633886
17:10:20,2.526695013,3.128730774,3.172444344
17:10:20,2.527360439,3.129053831,3.17270422
17:10:20,2.527402639,3.129078865,3.171687365
17:10:20,2.52786541,3.128617287,3.171844244
17:10:20,2.529222727,3.128939152,3.170947552
17:10:20,2.529586554,3.128970146,3.172442675
17:10:21,2.529483557,3.128653288,3.171101332
17:10:21,2.529841423,3.129350662,3.170993567
17:10:21,2.529859304,3.129482031,3.171760082
17:10:21,2.530381441,3.130278587,3.170609474
17:10:21,2.530289888,3.128976345,3.168717623
17:10:21,2.529918671,3.128988504,3.167911291
17:10:21,2.530330658,3.128954887,3.168585777
17:10:21,2.529672623,3.129211664,3.167639494
17:10:21,2.530462265,3.129014969,3.167488813
17:10:21,2.530402899,3.129392862,3.166053534
17:10:21,2.530869961,3.12968111,3.165738106
17:10:21,2.530092001,3.129889011,3.165040016
17:10:21,2.530224085,3.128945827,3.164644718
17:10:21,2.529794693,3.129810572,3.164095163
17:10:21,2.529613733,3.12970376,3.164577484
17:10:21,2.529122829,3.128607035,3.164169073
17:10:21,2.528841257,3.12946105,3.165056705
17:10:21,2.529212952,3.130331993,3.164585114
17:10:21,2.528090477,3.129746437,3.166607857
17:10:21,2.529028416,3.128818989,3.165844917
17:10:21,2.527513504,3.129024506,3.167006254
17:10:21,2.527012587,3.12954998,3.167753696
17:10:21,2.527940989,3.128798723,3.169220448
17:10:21,2.527853012,3.12908268,3.168995857
17:10:21,2.528169155,3.130338907,3.168806791
17:10:21,2.527923822,3.128530502,3.170460701
17:10:21,2.528239012,3.128825426,3.171146393
17:10:21,2.528311253,3.129649401,3.170415163
17:10:21,2.528965235,3.128768682,3.172841072
17:10:21,2.528126717,3.128073215,3.172053814
17:10:21,2.528354406,3.128714085,3.173181534
17:10:21,2.527866125,3.129637241,3.173432589
17:10:21,2.527988911,3.128140211,3.173230171
17:10:21,2.528666019,3.128065586,3.174139977
17:10:21,2.528175592,3.129249096,3.175013065
17:10:21,2.526963711,3.128479242,3.173726797
17:10:21,2.52678442,3.127806187,3.173402309
17:10:21,2.52664423,3.128291368,3.173057795
17:10:21,2.526420832,3.129050255,3.173848391
17:10:21,2.526138306,3.128521442,3.172859669
17:10:21,2.526402235,3.128110409,3.172278643
17:10:21,2.525695324,3.129214525,3.172538042
17:10:21,2.526169062,3.128291368,3.173389912
17:10:21,2.526689053,3.128667355,3.173342466
17:10:21,2.526142359,3.128388166,3.172530413
17:10:21,2.525846481,3.129250288,3.171067238
17:10:21,2.525729179,3.127757311,3.170756578
17:10:21,2.525063038,3.128731251,3.171931028
17:10:21,2.524975538,3.129986525,3.171325684
17:10:21,2.526021719,3.129023314,3.172869444
17:10:21,2.525934458,3.128372669,3.172185898
17:10:21,2.527202606,3.129246235,3.172165155
17:10:21,2.527199507,3.129627943,3.171482086
17:10:21,2.528041124,3.129040003,3.17082119
17:10:21,2.52822566,3.128599405,3.171810627
17:10:21,2.527472258,3.130742788,3.172172546
17:10:21,2.52903223,3.128215313,3.172025919
17:10:21,2.52924037,3.129066467,3.172665596
17:10:21,2.528871298,3.128909826,3.169769049
17:10:21,2.528741837,3.129199266,3.171568394
17:10:21,2.52935648,3.129270077,3.169958353
17:10:21,2.529602289,3.129205227,3.170495033
17:10:21,2.529912472,3.129410505,3.170426846
17:10:21,2.530457973,3.128836393,3.168322086
17:10:21,2.529760122,3.128669739,3.167702675
17:10:21,2.531467438,3.129143238,3.167455912
17:10:21,2.530224562,3.129294634,3.166217327
17:10:21,2.529854774,3.129426479,3.166092396
17:10:21,2.530344248,3.129287243,3.165847301
17:10:21,2.529017687,3.130081415,3.165108442
17:10:21,2.530022144,3.129345179,3.165117741
17:10:21,2.529901266,3.129134417,3.164575815
17:10:21,2.529547691,3.129662275,3.165290117
17:10:21,2.52903676,3.129611969,3.164645433
17:10:21,2.52868104,3.129603624,3.16454196
17:10:21,2.529004097,3.130018234,3.165253162
17:10:21,2.528699398,3.129696131,3.16603899
17:10:21,2.528362989,3.129188299,3.167232275
17:10:21,2.527869463,3.129072905,3.166151285
17:10:21,2.527652025,3.129524708,3.16704154
17:10:21,2.527507782,3.130324364,3.16805172
17:10:21,2.527355671,3.128710032,3.169372797
17:10:21,2.5274086,3.128987789,3.170353174
17:10:21,2.527599573,3.129879713,3.171000242
17:10:21,2.527814865,3.129278421,3.171051502
17:10:21,2.52836132,3.128740549,3.171648979
17:10:21,2.527936935,3.129084587,3.171502352
17:10:21,2.527390003,3.129822731,3.172155619
17:10:21,2.528448582,3.12895298,3.173989534
17:10:21,2.528053522,3.129565477,3.175411463
17:10:21,2.527298212,3.129824638,3.174361944
17:10:21,2.528523445,3.129106998,3.174779654
17:10:21,2.528953552,3.129528522,3.17591691
17:10:21,2.527448893,3.129729271,3.17453742
17:10:21,2.526731491,3.12985158,3.17379427
17:10:21,2.527226686,3.128706217,3.173843861
17:10:21,2.526573896,3.129737377,3.17452693
17:10:21,2.525936127,3.128634214,3.173965216
17:10:21,2.526343346,3.129024029,3.172959805
17:10:21,2.526325941,3.129006863,3.171985388
17:10:21,2.525377035,3.129092455,3.172522783
17:10:21,2.52529788,3.128930807,3.172084808
17:10:21,2.525863886,3.129159927,3.173261166
17:10:21,2.525460482,3.128817797,3.172461271
17:10:21,2.526129007,3.129379988,3.172461271
17:10:21,2.526506901,3.128353119,3.170657158
17:10:21,2.526104927,3.129070282,3.171993017
17:10:21,2.525733709,3.129029274,3.171702623
17:10:21,2.525484085,3.129812241,3.17166543
17:10:21,2.525928497,3.128972292,3.17199707
17:10:21,2.526106834,3.128792524,3.172567606
17:10:21,2.526322603,3.129427671,3.172942162
17:10:21,2.526629686,3.128855228,3.170460701
17:10:21,2.528084993,3.129839897,3.172019243
17:10:21,2.527476788,3.129348278,3.171256065
17:10:21,2.527531385,3.129885197,3.172414303
17:10:22,2.528924465,3.129388571,3.172360659
17:10:22,2.528733015,3.129202366,3.171093225
17:10:22,2.529368162,3.129207611,3.171077728
17:10:22,2.529855013,3.12917304,3.170374632
17:10:22,2.529928684,3.129850864,3.169313908
17:10:22,2.529805899,3.129540682,3.168835878
17:10:22,2.529310226,3.1288445,3.168264866
17:10:22,2.53050828,3.129085064,3.168319464
17:10:22,2.530480623,3.129401207,3.16744113
17:10:22,2.530046225,3.129299402,3.167290211
17:10:22,2.531148672,3.129438639,3.164799213
17:10:22,2.529713154,3.129219294,3.165120602
17:10:22,2.529693365,3.12931776,3.164668083
17:10:22,2.529957294,3.129188299,3.164627314
17:10:22,2.529359579,3.129353046,3.164848804
17:10:22,2.529070377,3.129475355,3.163905382
17:10:22,2.528664827,3.129349947,3.164947033
17:10:22,2.528170347,3.128897429,3.164501905
17:10:22,2.529179335,3.129319429,3.165804863
17:10:22,2.528539658,3.128617764,3.165882111
17:10:22,2.528385162,3.129084587,3.166127205
17:10:22,2.527685165,3.129563808,3.167746305
17:10:22,2.528066874,3.129466772,3.167474031
17:10:22,2.528087854,3.129538774,3.168382406
17:10:22,2.527992249,3.12819171,3.170098305
17:10:22,2.527544975,3.129254341,3.170436859
17:10:22,2.527460575,3.128924847,3.170794249
17:10:22,2.527802706,3.128593922,3.171756268
17:10:22,2.527698517,3.128654957,3.17282033
17:10:22,2.527989864,3.129610777,3.173123837
17:10:22,2.528022051,3.129521608,3.173538208
17:10:22,2.527742147,3.12866044,3.174048662
17:10:22,2.527240753,3.129585981,3.174426556
17:10:22,2.527180672,3.129011154,3.173799515
17:10:22,2.527237654,3.1288414,3.173567295
17:10:22,2.527372122,3.128824711,3.174051285
17:10:22,2.527311087,3.129501343,3.174928188
17:10:22,2.527780533,3.129163265,3.173594952
17:10:22,2.527442455,3.128727198,3.173760176
17:10:22,2.526998043,3.1299088,3.174391031
17:10:22,2.5271945,3.128940344,3.172112226
17:10:22,2.526322603,3.128530979,3.171700239
17:10:22,2.526095629,3.129638433,3.171832085
17:10:22,2.525947332,3.129372597,3.171675444
17:10:22,2.525274754,3.129199743,3.172102451
17:10:22,2.524941444,3.129654646,3.171085119
17:10:22,2.524937868,3.129004478,3.172227144
17:10:22,2.524617434,3.128877163,3.171329975
17:10:22,2.525901318,3.128757715,3.171141386
17:10:22,2.525972128,3.129411221,3.171751261
17:10:22,2.525379658,3.12902832,3.172478199
17:10:22,2.526217937,3.128967047,3.171495676
17:10:22,2.526875734,3.129731894,3.172059298
17:10:22,2.527117491,3.129379988,3.171169281
17:10:22,2.526839256,3.12866044,3.171113014
17:10:22,2.526449919,3.129169226,3.171164751
17:10:22,2.527059555,3.129003286,3.173236132
17:10:22,2.527126074,3.129835606,3.172365665
17:10:22,2.527720213,3.129135609,3.173005581
17:10:22,2.52845788,3.128662348,3.172282457
17:10:22,2.528662443,3.129539967,3.171531439
17:10:22,2.52867794,3.128911018,3.170730829
17:10:22,2.529253721,3.129346371,3.170260191
17:10:22,2.529288054,3.129983664,3.169689178
17:10:22,2.52895546,3.129230738,3.169157505
17:10:22,2.528800488,3.129199266,3.169245005
17:10:22,2.528947592,3.129522324,3.167190313
17:10:22,2.528759241,3.129067659,3.166652203
17:10:22,2.529499054,3.129457712,3.165438414
17:10:22,2.530071259,3.129221916,3.165869951
17:10:22,2.529788971,3.129530668,3.165589333
17:10:22,2.529364347,3.129198551,3.165269136
17:10:22,2.530014038,3.129001617,3.164194107
17:10:22,2.528153419,3.129192591,3.163284302
17:10:22,2.528820992,3.129583359,3.164357424
17:10:22,2.528853416,3.128714085,3.164346933
17:10:22,2.528308868,3.129554033,3.164178371
17:10:22,2.528282881,3.129117966,3.166849852
17:10:22,2.529201508,3.129297733,3.166241407
17:10:22,2.528155327,3.129538298,3.167577267
17:10:22,2.528810501,3.12904191,3.168312788
17:10:22,2.527523994,3.129483223,3.168872595
17:10:22,2.527667284,3.12858963,3.168733835
17:10:22,2.527769566,3.129194975,3.170543909
17:10:22,2.528323889,3.129014969,3.172019243
17:10:22,2.527807713,3.129166842,3.172110319
17:10:22,2.528215647,3.12929225,3.172534227
17:10:22,2.52803874,3.129027605,3.174636126
17:10:22,2.527834415,3.129284859,3.173567295
17:10:22,2.527966499,3.129047155,3.173006773
17:10:22,2.528425932,3.128862143,3.173876286
17:10:22,2.52857542,3.128288507,3.174936056
17:10:22,2.528896332,3.129380703,3.174543619
17:10:22,2.528274536,3.129477262,3.175058603
17:10:22,2.527541399,3.128522635,3.173976898
17:10:22,2.527347803,3.129267693,3.173876286
17:10:22,2.526695013,3.128398657,3.172305584
17:10:22,2.527458191,3.128798723,3.173992395
17:10:22,2.526262522,3.12938118,3.173593283
17:10:22,2.526301861,3.128943443,3.173394203
17:10:22,2.526689053,3.129437447,3.172132492
17:10:22,2.525292635,3.128913403,3.170281649
17:10:22,2.52556777,3.128806353,3.1705966
17:10:22,2.525695324,3.129526138,3.170863152
17:10:22,2.524922132,3.128856897,3.171605587
17:10:22,2.525886774,3.128570795,3.172091246
17:10:22,2.525774479,3.129457712,3.172356367
17:10:22,2.525334358,3.129397869,3.171495676
17:10:22,2.52502656,3.129123449,3.170125484
17:10:22,2.525624275,3.128546953,3.171081781
17:10:22,2.526149511,3.12875843,3.171412706
17:10:22,2.526548624,3.129443884,3.172747612
17:10:22,2.527062416,3.129018307,3.172878504
17:10:22,2.526998997,3.129264593,3.172190666
17:10:22,2.526767015,3.129544973,3.172409534
17:10:22,2.527469873,3.12909174,3.172079563
17:10:22,2.527736902,3.128839016,3.171541214
17:10:22,2.527618408,3.129106283,3.171414375
17:10:22,2.528013468,3.129110336,3.172303915
17:10:23,2.528636932,3.129464626,3.171724558
17:10:23,2.528946161,3.129068375,3.171609163
17:10:23,2.529691458,3.128622055,3.170055866
17:10:23,2.529761076,3.129077673,3.168432951
17:10:23,2.529918671,3.129055262,3.168185234
17:10:23,2.53076458,3.12891531,3.168170452
17:10:23,2.529338598,3.129417896,3.168010473
17:10:23,2.529164076,3.12971735,3.166979313
17:10:23,2.529044867,3.12967658,3.164993286
17:10:23,2.52878952,3.129988909,3.165776253
17:10:23,2.529601097,3.128831625,3.163291454
17:10:23,2.529019833,3.129200459,3.162600756
17:10:23,2.528659821,3.129522324,3.164233685
17:10:23,2.528948784,3.129462242,3.164708138
17:10:23,2.529154778,3.129220963,3.164524555
17:10:23,2.529196024,3.130070925,3.164631367
17:10:23,2.529467821,3.129906893,3.164871454
17:10:23,2.52863884,3.129146099,3.166601896
17:10:23,2.527959347,3.128849506,3.166126728
17:10:23,2.529276371,3.129838228,3.167863607
17:10:23,2.528679609,3.128867388,3.168495655
17:10:23,2.52865386,3.129327536,3.170421839
17:10:23,2.528666019,3.129506588,3.171414375
17:10:23,2.528382778,3.129891396,3.171538353
17:10:23,2.529283047,3.128609896,3.17209053
17:10:23,2.528351545,3.128652573,3.172716141
17:10:23,2.528318167,3.129888535,3.172721386
17:10:23,2.52782011,3.129162788,3.17264843
17:10:23,2.529096127,3.129609108,3.175013065
17:10:23,2.52891922,3.129194975,3.174601316
17:10:23,2.527537823,3.129382372,3.1737957
17:10:23,2.527857304,3.128828526,3.173853159
17:10:23,2.528307676,3.129609823,3.174789429
17:10:23,2.527723551,3.128991127,3.173877478
17:10:23,2.528255939,3.12906146,3.173676491
17:10:23,2.527421713,3.1295228,3.17411232
17:10:23,2.52735877,3.129246235,3.174049616
17:10:23,2.527630806,3.128955364,3.173527718
17:10:23,2.526446342,3.129635811,3.171966791
17:10:23,2.525383949,3.129821539,3.171838045
17:10:23,2.524733067,3.128036976,3.172556639
17:10:23,2.525827885,3.129580498,3.171967506
17:10:23,2.526015282,3.129143715,3.171082735
17:10:23,2.526407242,3.129214048,3.170661688
17:10:23,2.525813341,3.129211426,3.171033621
17:10:23,2.525997639,3.129735947,3.170595407
17:10:23,2.525620222,3.128856421,3.170574665
17:10:23,2.525857449,3.129898548,3.17135644
17:10:23,2.5258286,3.130029202,3.172618628
17:10:23,2.525832891,3.129652262,3.172218323
17:10:23,2.526120663,3.129216909,3.172550678
17:10:23,2.526571512,3.129291773,3.172086477
17:10:23,2.526425362,3.129379988,3.173217535
17:10:23,2.527384043,3.129075766,3.17304039
17:10:23,2.527336597,3.129110336,3.173599958
17:10:23,2.526680708,3.129245043,3.172279835
17:10:23,2.527681589,3.129742622,3.172934055
17:10:23,2.52831769,3.129295826,3.172761679
17:10:23,2.527240038,3.129171848,3.172260046
17:10:23,2.528818369,3.129734278,3.171491861
17:10:23,2.529181004,3.129889488,3.17118001
17:10:23,2.529010534,3.129670143,3.17105484
17:10:23,2.529214621,3.12931776,3.170126915
17:10:23,2.530119419,3.130070686,3.168522835
17:10:23,2.530129433,3.129460573,3.166934729
17:10:23,2.528835297,3.129903555,3.167028189
17:10:23,2.529350281,3.129354,3.166219711
17:10:23,2.528729439,3.130122185,3.163940668
17:10:23,2.528901815,3.130241156,3.165371418
17:10:23,2.529447794,3.130094051,3.164510965
17:10:23,2.529708862,3.129951715,3.164051294
17:10:23,2.529137373,3.129427671,3.163638115
17:10:23,2.528718472,3.129730225,3.164110422
17:10:23,2.530076265,3.130304813,3.164855719
17:10:23,2.528981924,3.129171133,3.164851665
17:10:23,2.529068232,3.12887311,3.165865421
17:10:23,2.52915287,3.128598928,3.166811466
17:10:23,2.528566122,3.128545284,3.167505741
17:10:23,2.529846907,3.129041195,3.167459249
17:10:23,2.52884078,3.128920317,3.168614149
17:10:23,2.529028177,3.129666567,3.168560505
17:10:23,2.528253078,3.129014254,3.170411348
17:10:23,2.528999329,3.128917694,3.171725273
17:10:23,2.528027773,3.129317045,3.171910763
17:10:23,2.528831482,3.129291296,3.172117233
17:10:23,2.528866291,3.129403591,3.173434258
17:10:23,2.528302431,3.129052639,3.173267841
17:10:23,2.528638124,3.129020452,3.17227602
17:10:23,2.528583527,3.128962994,3.173424959
17:10:23,2.528856277,3.128185511,3.174730301
17:10:23,2.528282881,3.128575802,3.174866199
17:10:23,2.528264046,3.128777981,3.173726797
17:10:23,2.527746201,3.128921986,3.174316406
17:10:23,2.527300596,3.128988981,3.173420906
17:10:23,2.528081894,3.129447222,3.173575401
17:10:23,2.526750803,3.129010677,3.172753572
17:10:23,2.526937962,3.128607512,3.17301774
17:10:23,2.526663303,3.12924695,3.173198938
17:10:23,2.525259018,3.129467964,3.170928955
17:10:23,2.525267124,3.128727198,3.170509338
17:10:23,2.525282383,3.128932953,3.170249462
17:10:23,2.525399208,3.128874302,3.171976089
17:10:23,2.524356604,3.129264593,3.170066595
17:10:23,2.525530815,3.128580093,3.170589685
17:10:23,2.525086164,3.129168749,3.170983076
17:10:23,2.525886774,3.128577232,3.171582937
17:10:23,2.525587797,3.128846884,3.169121742
17:10:23,2.525479555,3.129368544,3.169930458
17:10:23,2.526090384,3.129259109,3.171083927
17:10:23,2.526281357,3.128315687,3.171692133
17:10:23,2.526474476,3.129034281,3.17185235
17:10:23,2.526738644,3.129123449,3.171315193
17:10:23,2.527192831,3.128652573,3.172557592
17:10:23,2.527611017,3.128301382,3.172565222
17:10:23,2.528258085,3.129367828,3.172690153
17:10:24,2.528091192,3.128827572,3.172644377
17:10:24,2.527649879,3.129127741,3.171843052
17:10:24,2.529208183,3.12940073,3.171957016
17:10:24,2.528335571,3.130413771,3.171265841
17:10:24,2.529281139,3.1291399,3.170454741
17:10:24,2.52884078,3.128816366,3.169718504
17:10:24,2.529267073,3.128836393,3.169152498
17:10:24,2.529011488,3.129539967,3.16721034
17:10:24,2.529217005,3.128657579,3.168030977
17:10:24,2.529540539,3.129593134,3.166338682
17:10:24,2.5288167,3.12906146,3.166604757
17:10:24,2.528584003,3.129920721,3.164678335
17:10:24,2.529089212,3.129228592,3.163830996
17:10:24,2.528803587,3.129852057,3.163784504
17:10:24,2.528373003,3.129321098,3.164190054
17:10:24,2.528898001,3.128638744,3.163296938
17:10:24,2.529536963,3.129443884,3.162884235
17:10:24,2.529160738,3.129692078,3.163991451
17:10:24,2.530454159,3.128989935,3.165763855
17:10:24,2.52934289,3.12909174,3.165508747
17:10:24,2.530349731,3.129737377,3.166176796
17:10:24,2.529651403,3.129785299,3.166126728
17:10:24,2.529932022,3.129642487,3.167956352
17:10:24,2.530030966,3.129201889,3.167515039
17:10:24,2.529559135,3.129611492,3.16992569
17:10:24,2.529419422,3.129039049,3.17125845
17:10:24,2.529829502,3.129502058,3.171132088
17:10:24,2.529489756,3.129508495,3.173739195
17:10:24,2.528914452,3.129592657,3.173322678
17:10:24,2.529696465,3.128842592,3.17383337
17:10:24,2.528720856,3.129714489,3.1746521
17:10:24,2.529656887,3.129892349,3.173963785
17:10:24,2.528004169,3.129715919,3.173621416
17:10:24,2.52902627,3.129023314,3.173782825
17:10:24,2.527688742,3.12935853,3.173027754
17:10:24,2.527286053,3.129230738,3.174892902
17:10:24,2.527770758,3.12873888,3.173695087
17:10:24,2.527213812,3.129003763,3.173884392
17:10:24,2.526606083,3.129427195,3.173552036
17:10:24,2.526224136,3.129135609,3.173781633
17:10:24,2.525309801,3.128968716,3.173116446
17:10:24,2.525978565,3.129474878,3.172524929
17:10:24,2.525697708,3.129541874,3.171875715
17:10:24,2.525148392,3.12923789,3.170068502
17:10:24,2.52478528,3.128948689,3.171093225
17:10:24,2.524899483,3.129689217,3.171869993
17:10:24,2.52356863,3.129304886,3.170882463
17:10:24,2.525059938,3.128706217,3.171263456
17:10:24,2.525035143,3.128834724,3.171411991
17:10:24,2.525402069,3.128894329,3.173167706
17:10:24,2.525093079,3.128916502,3.172116756
17:10:24,2.525517702,3.128456593,3.17101264
17:10:24,2.525274754,3.129205227,3.171047211
17:10:24,2.527285576,3.129034281,3.170741796
17:10:24,2.527132273,3.128498793,3.172204494
17:10:24,2.52713728,3.128882885,3.171383142
17:10:24,2.528290272,3.128989935,3.172770262
17:10:24,2.527984142,3.128423452,3.172383308
17:10:24,2.52775979,3.129196882,3.173283339
17:10:24,2.526925802,3.129524946,3.172877789
17:10:24,2.528355837,3.129087448,3.171262264
17:10:24,2.528315783,3.129095316,3.172426462
17:10:24,2.529153585,3.128880501,3.171117067
17:10:24,2.529534101,3.12930727,3.168720484
17:10:24,2.528907299,3.129313707,3.168359756
17:10:24,2.529229879,3.129215717,3.168397427
17:10:24,2.529374838,3.1294415,3.167016029
17:10:24,2.529012203,3.128937006,3.16689229
17:10:24,2.530022144,3.128810883,3.165288925
17:10:24,2.528806925,3.129477262,3.164964914
17:10:24,2.530011177,3.129075289,3.162996292
17:10:24,2.530011177,3.129624128,3.16277504
17:10:24,2.52975893,3.129187107,3.162258148
17:10:24,2.529815197,3.130265713,3.162842274
17:10:24,2.530009985,3.128900766,3.16340065
17:10:24,2.530399799,3.129357338,3.162228823
17:10:24,2.530436754,3.129914522,3.163979769
17:10:24,2.529551506,3.128693581,3.166792393
17:10:24,2.530701876,3.128857851,3.167568207
17:10:24,2.530622721,3.129383802,3.167575359
17:10:24,2.53015542,3.13035655,3.16708684
17:10:24,2.530097008,3.128433466,3.168809414
17:10:24,2.529104948,3.129024982,3.169631243
17:10:24,2.52963233,3.13014698,3.170536757
17:10:24,2.528858185,3.128560305,3.170542717
17:10:24,2.529020786,3.12852931,3.171530724
17:10:24,2.529210806,3.129279137,3.173314571
17:10:24,2.528478146,3.128966331,3.17465353
17:10:24,2.529997349,3.12869978,3.17558217
17:10:24,2.528904676,3.129920006,3.175187349
17:10:24,2.527714252,3.129801512,3.176244497
17:10:24,2.527615309,3.128161669,3.174690723
17:10:24,2.528290987,3.129207134,3.174913168
17:10:24,2.526880503,3.129726648,3.174473047
17:10:24,2.527014494,3.129368544,3.17340064
17:10:24,2.526180029,3.129152298,3.173602343
17:10:24,2.525354385,3.129670143,3.173146725
17:10:24,2.526038647,3.128998995,3.173154354
17:10:24,2.525837898,3.128890991,3.172919035
17:10:24,2.525244951,3.129472733,3.173027039
17:10:24,2.525206566,3.129546642,3.173904181
17:10:24,2.524999619,3.129482031,3.172803402
17:10:24,2.525881529,3.12984705,3.169272184
17:10:24,2.524703741,3.130636215,3.171084642
17:10:24,2.524358273,3.129362106,3.170715094
17:10:24,2.524995804,3.128489494,3.170287848
17:10:24,2.524606705,3.129796267,3.170586586
17:10:24,2.525051117,3.128760815,3.170974731
17:10:24,2.525203228,3.129952908,3.171698093
17:10:24,2.525823355,3.128904343,3.171969891
17:10:24,2.527118683,3.128733873,3.172729015
17:10:24,2.526844978,3.129551649,3.171647787
17:10:24,2.527596235,3.1288445,3.171108961
17:10:24,2.528048754,3.129653454,3.172727823
17:10:24,2.527933836,3.129155874,3.172044039
17:10:24,2.527309895,3.129559994,3.171533585
17:10:24,2.527962208,3.128354311,3.173122883
17:10:24,2.527921915,3.128746986,3.172670364
17:10:24,2.527989864,3.12971282,3.172395229
17:10:25,2.528609753,3.128306389,3.171635866
17:10:25,2.529290438,3.129354477,3.170693159
17:10:25,2.530186415,3.129282236,3.169997215
17:10:25,2.529857159,3.129199266,3.169611454
17:10:25,2.530514479,3.130077839,3.167695045
17:10:25,2.529432535,3.129666328,3.167024851
17:10:25,2.52997303,3.130017042,3.166274786
17:10:25,2.529090643,3.128546476,3.164875507
17:10:25,2.529448748,3.129611969,3.165634632
17:10:25,2.52965641,3.130097151,3.164270163
17:10:25,2.529571295,3.130413294,3.164468288
17:10:25,2.530053854,3.129323959,3.162909269
17:10:25,2.530232906,3.130241156,3.163178682
17:10:25,2.530365705,3.130051374,3.163395882
17:10:25,2.530539513,3.129101038,3.16395998
17:10:25,2.530189276,3.129799128,3.165190458
17:10:25,2.530097485,3.129716396,3.16417551
17:10:25,2.529419899,3.129618883,3.165938377
17:10:25,2.529870987,3.129007339,3.166826725
17:10:25,2.529269457,3.129673004,3.168595552
17:10:25,2.528470039,3.129988194,3.168798685
17:10:25,2.529755116,3.129549265,3.169770479
17:10:25,2.529330015,3.129186392,3.170356035
17:10:25,2.529212952,3.129315376,3.171394587
17:10:25,2.529143095,3.129530191,3.171918869
17:10:25,2.528697014,3.128954172,3.172853231
17:10:25,2.52879262,3.129160643,3.172585011
17:10:25,2.528089046,3.129301786,3.173423767
17:10:25,2.52822566,3.129321814,3.174990416
17:10:25,2.526993036,3.129601002,3.174200535
17:10:25,2.528212786,3.12902832,3.17534256
17:10:25,2.527179241,3.129853964,3.174299717
17:10:25,2.528468132,3.129235744,3.173517466
17:10:25,2.528090477,3.12969327,3.174592972
17:10:25,2.525428772,3.129246235,3.172638416
17:10:25,2.526367426,3.129220963,3.172321796
17:10:25,2.526116848,3.130381107,3.172341585
17:10:25,2.52587986,3.130099297,3.172525883
17:10:25,2.525534868,3.129000425,3.172349215
17:10:25,2.525300026,3.129386187,3.171913385
17:10:25,2.526293993,3.129056931,3.170744181
17:10:25,2.524647713,3.129455805,3.172858953
17:10:25,2.524464369,3.128724575,3.170306206
17:10:25,2.524709225,3.130028009,3.17103672
17:10:25,2.523801088,3.130738974,3.170279503
17:10:25,2.52541852,3.128950119,3.170800447
17:10:25,2.525132895,3.128980637,3.17141819
17:10:25,2.525443077,3.12942338,3.170484543
17:10:25,2.524857521,3.129530191,3.172132492
17:10:25,2.525680542,3.129665136,3.172268152
17:10:25,2.526116848,3.129306078,3.17221427
17:10:25,2.52550149,3.129353046,3.172816277
17:10:25,2.527588129,3.128812551,3.172529936
17:10:25,2.527492523,3.129369736,3.172298908
17:10:25,2.527858496,3.12980938,3.172869444
17:10:25,2.528556824,3.130231857,3.170855045
17:10:25,2.528308868,3.129734278,3.172531605
17:10:25,2.528160572,3.129134417,3.172185421
17:10:25,2.528628826,3.128845692,3.171254635
17:10:25,2.52913928,3.128401518,3.17061162
17:10:25,2.528437138,3.129862547,3.169030428
17:10:25,2.529282331,3.130136013,3.169774055
17:10:25,2.52934742,3.128846884,3.168628931
17:10:25,2.529525518,3.128874302,3.167370558
17:10:25,2.529590607,3.130151749,3.1663661
17:10:25,2.528428555,3.128635883,3.165232182
17:10:25,2.529367685,3.128607035,3.166474104
17:10:25,2.529665709,3.129591942,3.164851189
17:10:25,2.528930187,3.129215717,3.164929867
17:10:25,2.529805183,3.129530191,3.164397001
17:10:25,2.530192614,3.130106688,3.164194822
17:10:25,2.528089046,3.130309105,3.163938046
17:10:25,2.53010416,3.129241943,3.162956715
17:10:25,2.530217171,3.128700733,3.164801359
17:10:25,2.530254126,3.129877567,3.164284945
17:10:25,2.529082537,3.129084587,3.165358782
17:10:25,2.529597044,3.129136324,3.165070057
17:10:25,2.529722452,3.129487991,3.167680264
17:10:25,2.528916121,3.129086971,3.169968128
17:10:25,2.52980423,3.128921986,3.168358088
17:10:25,2.529231071,3.128869534,3.170616627
17:10:25,2.529005527,3.129551649,3.172003984
17:10:25,2.529551029,3.128870726,3.170499086
17:10:25,2.528815031,3.128817558,3.172079563
17:10:25,2.529298067,3.129927158,3.172597647
17:10:25,2.528778315,3.129383802,3.173453808
17:10:25,2.528411865,3.128552437,3.173388481
17:10:25,2.529271364,3.128198385,3.174520969
17:10:25,2.528146744,3.129032612,3.17457056
17:10:25,2.527288914,3.128815413,3.173983097
17:10:25,2.527206421,3.129203558,3.174042463
17:10:25,2.527342558,3.129055262,3.174719334
17:10:25,2.526914358,3.128517628,3.173496008
17:10:25,2.526311636,3.128535032,3.173224688
17:10:25,2.527347803,3.128711939,3.171733379
17:10:25,2.525891304,3.128948689,3.172448397
17:10:25,2.525206089,3.129297733,3.171771049
17:10:25,2.524748802,3.128664732,3.172174454
17:10:25,2.525440931,3.129406214,3.173033476
17:10:25,2.524249077,3.128771067,3.171026468
17:10:25,2.525528193,3.129284382,3.172453642
17:10:25,2.524505615,3.128777027,3.171975613
17:10:25,2.525773287,3.129002094,3.171448231
17:10:25,2.52448678,3.129059792,3.171212435
17:10:25,2.525446892,3.129063129,3.170390606
17:10:25,2.525818825,3.129203558,3.170454025
17:10:25,2.524689913,3.128667355,3.171433449
17:10:25,2.525577307,3.128897905,3.172353029
17:10:25,2.525359631,3.129511833,3.171739101
17:10:25,2.526251078,3.128584146,3.174948215
17:10:25,2.526227236,3.129286051,3.172524452
17:10:25,2.526224852,3.129420996,3.173139334
17:10:25,2.528957367,3.129396677,3.171645164
17:10:25,2.527688742,3.128929615,3.17227149
17:10:25,2.52824235,3.129527807,3.173142672
17:10:25,2.527549982,3.128305197,3.171390295
17:10:26,2.528930664,3.129515171,3.171758175
17:10:26,2.528860331,3.129999876,3.169290304
17:10:26,2.529079676,3.128807068,3.169990301
17:10:26,2.529877424,3.129395485,3.168761015
17:10:26,2.529124498,3.129166126,3.169039726
17:10:26,2.529421091,3.12976861,3.167539358
17:10:26,2.529109478,3.129112244,3.167572975
17:10:26,2.529840231,3.129397869,3.166395187
17:10:26,2.529755831,3.129020452,3.165236235
17:10:26,2.529085636,3.129674435,3.165006638
17:10:26,2.529898882,3.129677534,3.16518116
17:10:26,2.528764725,3.129381895,3.164758205
17:10:26,2.529596329,3.129877567,3.164310694
17:10:26,2.529233217,3.12975359,3.164384604
17:10:26,2.529532433,3.12907815,3.165329218
17:10:26,2.529606819,3.129430056,3.164986372
17:10:26,2.529334545,3.129460573,3.165677071
17:10:26,2.529282331,3.129406214,3.166248083
17:10:26,2.529645443,3.129826784,3.166715622
17:10:26,2.529615641,3.129369736,3.167233229
17:10:26,2.529537916,3.129287243,3.166495085
17:10:26,2.530154943,3.12958765,3.168804646
17:10:26,2.529161692,3.129344225,3.169350624
17:10:26,2.529631138,3.128827095,3.170465946
17:10:26,2.528962374,3.129206419,3.172297955
17:10:26,2.528766155,3.12873435,3.172497511
17:10:26,2.529338598,3.129444361,3.172807932
17:10:26,2.528331757,3.129099607,3.173379421
17:10:26,2.528473616,3.129126072,3.173824072
17:10:26,2.529769182,3.128986597,3.174439192
17:10:26,2.529217005,3.128417492,3.173824072
17:10:26,2.528617859,3.128894329,3.172497511
17:10:26,2.528278828,3.129249811,3.17454195
17:10:26,2.527766705,3.128742218,3.173160553
17:10:26,2.527788639,3.129423857,3.174317598
17:10:26,2.526817799,3.128482103,3.173781157
17:10:26,2.526650667,3.129305601,3.173021793
17:10:26,2.526161432,3.12836051,3.172334671
17:10:26,2.52586937,3.128561497,3.172328949
17:10:26,2.525838375,3.128921986,3.172118425
17:10:26,2.525244236,3.129817247,3.171761751
17:10:26,2.525881052,3.12991333,3.170020342
17:10:26,2.525462151,3.129033089,3.171279669
17:10:26,2.524805307,3.129056931,3.171098471
17:10:26,2.524546623,3.128570795,3.17087245
17:10:26,2.523934126,3.128471136,3.171441793
17:10:26,2.524403572,3.12855196,3.172323465
17:10:26,2.525515795,3.128900766,3.171548128
17:10:26,2.524884224,3.129282236,3.171180964
17:10:26,2.527019262,3.129916906,3.171952963
17:10:26,2.526111364,3.129812956,3.17098403
17:10:26,2.526502848,3.128792524,3.172941685
17:10:26,2.527358294,3.129142046,3.170813322
17:10:26,2.526912928,3.128502131,3.172714233
17:10:26,2.527059555,3.129412889,3.172390223
17:10:26,2.526937962,3.129389048,3.173312187
17:10:26,2.527630329,3.128966331,3.173735142
17:10:26,2.528705597,3.129411697,3.172127247
17:10:26,2.527614832,3.129455805,3.172650099
17:10:26,2.529223442,3.128554821,3.170236588
17:10:26,2.528846502,3.129086256,3.168871403
17:10:26,2.52874136,3.129569292,3.168047905
17:10:26,2.529419422,3.129918575,3.169192553
17:10:26,2.529306412,3.129015446,3.167201042
17:10:26,2.529016495,3.129325151,3.16786623
17:10:26,2.529075146,3.129787683,3.168059826
17:10:26,2.528451443,3.12858963,3.165903807
17:10:26,2.528951645,3.129696131,3.167404175
17:10:26,2.528980255,3.130500555,3.165557623
17:10:26,2.529586554,3.130043983,3.164902687
17:10:26,2.529584885,3.128881693,3.163584709
17:10:26,2.530575037,3.129593134,3.164738894
17:10:26,2.529276371,3.130259275,3.164294243
17:10:26,2.529774189,3.12904191,3.164336443
17:10:26,2.529814482,3.129583359,3.165616035
17:10:26,2.529410124,3.129538774,3.16628623
17:10:26,2.528176308,3.129566431,3.166861773
17:10:26,2.530590057,3.129565954,3.169448137
17:10:26,2.529969215,3.129831553,3.168410063
17:10:26,2.530421972,3.130103111,3.16899991
17:10:26,2.530795813,3.129618883,3.169114828
17:10:26,2.530356646,3.129920006,3.169389009
17:10:26,2.530032158,3.129403114,3.170999765
17:10:26,2.529592991,3.128795385,3.171885014
17:10:26,2.528958082,3.128852367,3.173297167
17:10:26,2.529089212,3.129002094,3.17280221
17:10:26,2.529118061,3.12900281,3.174642563
17:10:26,2.528558493,3.129339218,3.173697233
17:10:26,2.528597593,3.129510164,3.173760176
17:10:26,2.52853775,3.129137993,3.174376488
17:10:26,2.52848959,3.129036188,3.174736738
17:10:26,2.528231859,3.129665136,3.173295498
17:10:26,2.528064489,3.128948927,3.173936844
17:10:26,2.526643753,3.128388166,3.173358679
17:10:26,2.52612114,3.128821373,3.17257452
17:10:26,2.525434256,3.129481316,3.173502684
17:10:26,2.524828911,3.128753901,3.172733784
17:10:26,2.525380135,3.12921977,3.173934221
17:10:26,2.52517271,3.129634142,3.171419144
17:10:26,2.526119471,3.129086971,3.171373129
17:10:26,2.525318384,3.129984856,3.169724226
17:10:26,2.525728703,3.128574133,3.170962572
17:10:26,2.524776459,3.129163265,3.169743299
17:10:26,2.525833845,3.129164457,3.170309782
17:10:26,2.524354219,3.128763199,3.171609163
17:10:26,2.526799679,3.129817247,3.170999765
17:10:26,2.526279449,3.129674911,3.172430754
17:10:26,2.526702404,3.12851882,3.171533108
17:10:26,2.527032375,3.129372597,3.171937943
17:10:26,2.527829409,3.12942934,3.172096491
17:10:26,2.526661634,3.128527403,3.171406984
17:10:26,2.527159214,3.128824234,3.172217131
17:10:26,2.528274536,3.128993511,3.171240091
17:10:26,2.528104782,3.129189968,3.17113781
17:10:26,2.527622461,3.128062248,3.172277689
17:10:26,2.52815485,3.130017042,3.17290616
17:10:26,2.527600765,3.128880024,3.170508862
17:10:26,2.528158903,3.128923655,3.173045158
17:10:26,2.528628349,3.128760338,3.171079874
17:10:27,2.529171467,3.128800392,3.170047522
17:10:27,2.529107094,3.129303217,3.169180393
17:10:27,2.529384136,3.128771544,3.16909337
17:10:27,2.5285182,3.129112244,3.166875839
17:10:27,2.527891159,3.128871202,3.167499304
17:10:27,2.528736353,3.128793716,3.166838169
17:10:27,2.528425932,3.129344225,3.166634321
17:10:27,2.528439283,3.129566431,3.166539431
17:10:27,2.528333426,3.129007816,3.165646315
17:10:27,2.528713226,3.129363537,3.16474247
17:10:27,2.528390169,3.129754782,3.163508177
17:10:27,2.528604269,3.129191399,3.164295435
17:10:27,2.529560328,3.128765583,3.165307522
17:10:27,2.528875351,3.129146576,3.164230824
17:10:27,2.530053854,3.129496813,3.166791916
17:10:27,2.529264688,3.129574537,3.16683197
17:10:27,2.529551983,3.129049778,3.166175604
17:10:27,2.53026557,3.129598618,3.167428493
17:10:27,2.529456139,3.129427671,3.168561697
17:10:27,2.530058861,3.128456593,3.168487787
17:10:27,2.53052783,3.12877059,3.169943333
17:10:27,2.530514002,3.130540371,3.171275854
17:10:27,2.531153202,3.128692865,3.171218634
17:10:27,2.530304432,3.128676653,3.171537638
17:10:27,2.528476477,3.129053831,3.172807932
17:10:27,2.52883029,3.128746033,3.17387414
17:10:27,2.528788805,3.12878561,3.17380023
17:10:27,2.528142929,3.129193783,3.17530489
17:10:27,2.527823448,3.129464626,3.175900698
17:10:27,2.527525902,3.128485918,3.175185442
17:10:27,2.52773571,3.128495932,3.173513889
17:10:27,2.527403116,3.129128456,3.172352076
17:10:27,2.526744127,3.128913403,3.17334342
17:10:27,2.527098179,3.128411293,3.172409534
17:10:27,2.526874542,3.128382683,3.173163652
17:10:27,2.525998354,3.129166842,3.173494816
17:10:27,2.525985241,3.128253937,3.173730612
17:10:27,2.525237322,3.128658056,3.171443701
17:10:27,2.525403261,3.129124641,3.171625614
17:10:27,2.524666071,3.128956079,3.17005682
17:10:27,2.526016474,3.128158569,3.170697689
17:10:27,2.525994539,3.128649235,3.17011714
17:10:27,2.525053024,3.129545689,3.171278954
17:10:27,2.525780439,3.129027605,3.170902014
17:10:27,2.525858402,3.128680229,3.17124939
17:10:27,2.525886297,3.129584551,3.169951916
17:10:27,2.526047945,3.128559113,3.170855045
17:10:27,2.526639223,3.128804684,3.170638323
17:10:27,2.527417421,3.128561497,3.172711611
17:10:27,2.527738333,3.129582167,3.172557592
17:10:27,2.527524471,3.129565954,3.1725595
17:10:27,2.528013945,3.128997564,3.17117238
17:10:27,2.528031349,3.129266024,3.171239138
17:10:27,2.527748108,3.12955904,3.170926094
17:10:27,2.528752327,3.128344297,3.171215773
17:10:27,2.527793407,3.128216505,3.171622515
17:10:27,2.52826643,3.129362583,3.172259569
17:10:27,2.527461052,3.129216433,3.171574354
17:10:27,2.529011011,3.12852931,3.17041254
17:10:27,2.528321743,3.130144835,3.168642521
17:10:27,2.52894187,3.12942481,3.168097258
17:10:27,2.528809071,3.128648043,3.16800642
17:10:27,2.528561115,3.129819393,3.167433739
17:10:27,2.528679132,3.129727125,3.167512894
17:10:27,2.52809,3.12929225,3.167305231
17:10:27,2.527693987,3.130405664,3.165236235
17:10:27,2.528194189,3.129463673,3.166931868
17:10:27,2.528156996,3.129828691,3.165587187
17:10:27,2.528445005,3.129983664,3.166669846
17:10:27,2.528134346,3.129613876,3.166888714
17:10:27,2.529622555,3.129491806,3.166142225
17:10:27,2.528871298,3.129337311,3.166152239
17:10:27,2.528989077,3.128774881,3.166942835
17:10:27,2.528712511,3.12959981,3.167217493
17:10:27,2.530186892,3.128437757,3.167386532
17:10:27,2.52997756,3.129513025,3.16839385
17:10:27,2.529977798,3.129602194,3.168973207
17:10:27,2.530698299,3.130223751,3.169617176
17:10:27,2.530950785,3.128938198,3.169043779
17:10:27,2.531446695,3.128906488,3.169622421
17:10:27,2.530531406,3.130185127,3.170438766
17:10:27,2.530079842,3.129325867,3.171030045
17:10:27,2.530469656,3.129047632,3.172224998
17:10:27,2.530712366,3.129447222,3.17157197
17:10:27,2.529352188,3.129503727,3.174673796
17:10:27,2.52964592,3.128833532,3.174758196
17:10:27,2.529112339,3.128413916,3.175275564
17:10:27,2.52827549,3.129015446,3.174988031
17:10:27,2.527386665,3.129078865,3.174357653
17:10:27,2.527529716,3.129439831,3.173591137
17:10:27,2.526126623,3.128293037,3.173299551
17:10:27,2.526323557,3.129508972,3.17193675
17:10:27,2.526539326,3.128246546,3.173028231
17:10:27,2.526221991,3.128273487,3.173511028
17:10:27,2.526493073,3.129240036,3.172430515
17:10:27,2.524890661,3.128923178,3.172868967
17:10:27,2.52520895,3.128442526,3.172178984
17:10:27,2.525053024,3.128586769,3.172963142
17:10:27,2.524967909,3.128480434,3.171170712
17:10:27,2.525234461,3.129147291,3.168996572
17:10:27,2.525607586,3.129196882,3.170598269
17:10:27,2.52547431,3.128653765,3.169450045
17:10:27,2.524812698,3.129068851,3.169621944
17:10:27,2.525799513,3.128632307,3.169886827
17:10:27,2.526510477,3.128417492,3.171570301
17:10:27,2.526581287,3.128690004,3.17006731
17:10:27,2.527783394,3.128176928,3.172654152
17:10:27,2.528358459,3.129155397,3.170262575
17:10:27,2.528066397,3.129181862,3.17128396
17:10:27,2.528999329,3.12917304,3.172219038
17:10:27,2.527543783,3.129147768,3.172210932
17:10:27,2.528713703,3.128697395,3.170564651
17:10:27,2.528809786,3.128456116,3.171489477
17:10:27,2.528877735,3.129001617,3.172037363
17:10:27,2.528745651,3.129154921,3.171823978
17:10:28,2.52767396,3.128926039,3.172432184
17:10:28,2.528172255,3.128851175,3.171359539
17:10:28,2.527925968,3.128305197,3.170543194
17:10:28,2.528175592,3.128858805,3.170577288
17:10:28,2.528984308,3.128556252,3.168923378
17:10:28,2.528039455,3.128248215,3.169045925
17:10:28,2.528415442,3.129450798,3.16817975
17:10:28,2.527547359,3.129810095,3.166569233
17:10:28,2.526966572,3.128316164,3.166099548
17:10:28,2.527198315,3.128548622,3.166215658
17:10:28,2.527387142,3.129005671,3.166621447
17:10:28,2.527414083,3.128628254,3.166345835
17:10:28,2.528121471,3.12907052,3.166105747
17:10:28,2.528468847,3.129106283,3.166398525
17:10:28,2.528896332,3.129430056,3.166214466
17:10:28,2.529496431,3.129541874,3.166770458
17:10:28,2.529304266,3.12872839,3.16544652
17:10:28,2.529466391,3.129048347,3.167111158
17:10:28,2.529534817,3.129061937,3.167188644
17:10:28,2.529932737,3.128939152,3.167379856
17:10:28,2.529508114,3.130060673,3.16754055
17:10:28,2.529956102,3.130390882,3.169176579
17:10:28,2.530227661,3.127832413,3.169317722
17:10:28,2.530415297,3.129418373,3.17049551
17:10:28,2.531296968,3.130191803,3.170478821
17:10:28,2.53068018,3.128193378,3.171896219
17:10:28,2.530514479,3.128238916,3.171574354
17:10:28,2.530786514,3.129350662,3.172205925
17:10:28,2.529075146,3.128083944,3.172677994
17:10:28,2.529499769,3.128977537,3.173272848
17:10:28,2.529069185,3.129340887,3.174024343
17:10:28,2.528294086,3.129241943,3.174715996
17:10:28,2.528308868,3.128397465,3.175468206
17:10:28,2.527590752,3.128979445,3.174736738
17:10:28,2.52783823,3.128964663,3.173841953
17:10:28,2.526067257,3.128524542,3.173230171
17:10:28,2.526180506,3.128754616,3.172864437
17:10:28,2.525163412,3.129106998,3.173581362
17:10:28,2.525997639,3.129491329,3.171262741
17:10:28,2.525122881,3.12945652,3.17171669
17:10:28,2.525676727,3.128880024,3.1726861
17:10:28,2.52573967,3.129631758,3.173531532
17:10:28,2.524957657,3.128777027,3.1717453
17:10:28,2.525742292,3.128760815,3.171420336
17:10:28,2.524660826,3.129592657,3.171215296
17:10:28,2.525151253,3.129229784,3.172389269
17:10:28,2.525302649,3.129142046,3.17007041
17:10:28,2.526051283,3.129448652,3.17013669
17:10:28,2.52589035,3.129319429,3.170730829
17:10:28,2.527563572,3.128429174,3.17187047
17:10:28,2.526720762,3.129509449,3.171445847
17:10:28,2.528005838,3.129171371,3.172386408
17:10:28,2.527226686,3.129991531,3.171850681
17:10:28,2.527355194,3.129299402,3.17122221
17:10:28,2.528052807,3.129225731,3.172719717
17:10:28,2.527767897,3.128740549,3.172642469
17:10:28,2.528596878,3.12886095,3.170383453
17:10:28,2.528322935,3.129496098,3.171182156
17:10:28,2.529178143,3.129926682,3.170521021
17:10:28,2.52870059,3.129636765,3.171235561
17:10:28,2.52875495,3.128712893,3.16924715
17:10:28,2.528327465,3.13019228,3.168990612
17:10:28,2.528306007,3.129964352,3.169643879
17:10:28,2.527987003,3.129112244,3.167869568
17:10:28,2.527172089,3.129431725,3.168894529
17:10:28,2.527596235,3.128779888,3.16806221
17:10:28,2.528171301,3.1299088,3.167742491
17:10:28,2.528117418,3.129457712,3.16565156
17:10:28,2.527649403,3.128525257,3.165056229
17:10:28,2.527876377,3.12936306,3.165314198
17:10:28,2.527949095,3.128854752,3.166274309
17:10:28,2.526781797,3.129041195,3.165329218
17:10:28,2.527606726,3.12962079,3.166027546
17:10:28,2.529294968,3.129100561,3.165828705
17:10:28,2.529814243,3.129196882,3.165980816
17:10:28,2.530324221,3.129448652,3.166923761
17:10:28,2.529809237,3.127980232,3.166250706
17:10:28,2.530392408,3.128903627,3.167461634
17:10:28,2.530083895,3.12984252,3.167524338
17:10:28,2.529983282,3.12918067,3.168591976
17:10:28,2.529789686,3.128570795,3.167982817
17:10:28,2.532289028,3.129187107,3.16988802
17:10:28,2.529474735,3.128382683,3.169754982
17:10:28,2.530895233,3.129462957,3.170401096
17:10:28,2.530049086,3.128708363,3.170470476
17:10:28,2.530552864,3.129987001,3.171802044
17:10:28,2.530455828,3.129148483,3.172314882
17:10:28,2.529536963,3.128795385,3.172312498
17:10:28,2.528753281,3.12934041,3.17342782
17:10:28,2.529189825,3.129095316,3.173519135
17:10:28,2.528459549,3.128524303,3.173255444
17:10:28,2.527589798,3.129102945,3.172385216
17:10:28,2.527522802,3.12872839,3.173793316
17:10:28,2.526749611,3.12877059,3.173160076
17:10:28,2.526376724,3.128494263,3.173177481
17:10:28,2.525220156,3.129479647,3.172657013
17:10:28,2.525538683,3.129242182,3.172686577
17:10:28,2.525081635,3.128876209,3.171451807
17:10:28,2.525060654,3.128612757,3.171684742
17:10:28,2.52609849,3.128871918,3.170047045
17:10:28,2.525660276,3.129360914,3.171729803
17:10:28,2.526161909,3.128736258,3.171181679
17:10:28,2.525331259,3.128880978,3.171214581
17:10:28,2.525712252,3.129333019,3.171038866
17:10:28,2.524629354,3.128795385,3.169287205
17:10:28,2.52483964,3.129306555,3.169587374
17:10:28,2.525794744,3.130017042,3.171078682
17:10:28,2.525748968,3.129064798,3.170263767
17:10:28,2.525774479,3.128030539,3.172045946
17:10:28,2.527401924,3.129500389,3.171822786
17:10:28,2.526475668,3.129131079,3.172057629
17:10:28,2.527177811,3.128593445,3.172441483
17:10:28,2.528077364,3.12962985,3.173259974
17:10:28,2.527925014,3.129616499,3.171205997
17:10:28,2.528093576,3.128695726,3.17325139
17:10:28,2.528397799,3.128855228,3.172237158
17:10:28,2.528231859,3.129757404,3.17171073
17:10:28,2.527971506,3.129699469,3.171624422
17:10:28,2.527922392,3.128972292,3.171092033
17:10:29,2.527083158,3.129316568,3.169331551
17:10:29,2.528241396,3.129673004,3.169539452
17:10:29,2.526938438,3.129772186,3.168888807
17:10:29,2.52799654,3.128564596,3.167421579
17:10:29,2.527002335,3.129873514,3.166684866
17:10:29,2.527820826,3.129030943,3.166901588
17:10:29,2.52787137,3.12866354,3.166199446
17:10:29,2.527466774,3.1294837,3.166504383
17:10:29,2.528059721,3.128966331,3.166535139
17:10:29,2.527233124,3.128499269,3.16488409
17:10:29,2.527202606,3.128828049,3.164508343
17:10:29,2.528258085,3.129232883,3.165971518
17:10:29,2.528201342,3.129094124,3.167063713
17:10:29,2.528781414,3.12937808,3.166128635
17:10:29,2.529606342,3.129542351,3.166486502
17:10:29,2.530787468,3.129728079,3.166977406
17:10:29,2.5297966,3.129304409,3.166910887
17:10:29,2.529923439,3.128370523,3.167775393
17:10:29,2.529715776,3.129436493,3.168813705
17:10:29,2.529669762,3.129601479,3.168447256
17:10:29,2.531015396,3.128834724,3.170083284
17:10:29,2.53108573,3.129823446,3.170884132
17:10:29,2.530688524,3.128940344,3.170417547
17:10:29,2.530433655,3.129273176,3.169826508
17:10:29,2.530620575,3.12917304,3.1708498
17:10:29,2.530619383,3.129719734,3.172156096
17:10:29,2.530594349,3.129337311,3.172718048
17:10:29,2.530678034,3.128837585,3.172075033
17:10:29,2.529585361,3.129208326,3.173662424
17:10:29,2.528838873,3.128545761,3.174284935
17:10:29,2.527927637,3.128498793,3.173094988
17:10:29,2.528336763,3.128829718,3.172952652
17:10:29,2.526334047,3.129122257,3.174141169
17:10:29,2.526785135,3.128768206,3.172932386
17:10:29,2.52654314,3.129199743,3.173560381
17:10:29,2.524890661,3.129627943,3.172522783
17:10:29,2.525373459,3.12864089,3.17201376
17:10:29,2.524930239,3.128582954,3.172856331
17:10:29,2.525152445,3.128379583,3.171721697
17:10:29,2.524685383,3.128775358,3.170877695
17:10:29,2.52482605,3.128592253,3.17062521
17:10:29,2.52520895,3.128779173,3.171845436
17:10:29,2.526088476,3.128871202,3.169976234
17:10:29,2.525378704,3.128528595,3.172036171
17:10:29,2.525549889,3.128986597,3.171481609
17:10:29,2.525856972,3.128677845,3.171405077
17:10:29,2.525856495,3.129216433,3.171172857
17:10:29,2.525862455,3.129159927,3.172558308
17:10:29,2.526363611,3.128852367,3.172609329
17:10:29,2.527308702,3.129290104,3.172053814
17:10:29,2.527532101,3.128824711,3.172518969
17:10:29,2.528123856,3.129348755,3.172519445
17:10:29,2.527739286,3.129386663,3.171848059
17:10:29,2.527452469,3.129427671,3.17296958
17:10:29,2.52816081,3.129498005,3.171955824
17:10:29,2.527802229,3.130040169,3.171320677
17:10:29,2.5284729,3.129389048,3.170367718
17:10:29,2.527718306,3.128321886,3.171328068
17:10:29,2.528432369,3.128677368,3.169206619
17:10:29,2.52842474,3.129128933,3.16892004
17:10:29,2.528322935,3.129367352,3.168237209
17:10:29,2.528407097,3.129355669,3.169494629
17:10:29,2.528002262,3.128927231,3.167804241
17:10:29,2.527168989,3.129384995,3.166624308
17:10:29,2.526900291,3.128465414,3.166385412
17:10:29,2.527549505,3.129394293,3.166436911
17:10:29,2.527910948,3.130073786,3.166160583
17:10:29,2.529046059,3.128979445,3.166202307
17:10:29,2.528049946,3.128733873,3.166913748
17:10:29,2.526925325,3.128976345,3.165292025
17:10:29,2.528360605,3.129616499,3.166320801
17:10:29,2.529071093,3.128922701,3.166659355
17:10:29,2.52948761,3.129091263,3.166544914
17:10:29,2.529438019,3.129332781,3.167894363
17:10:29,2.529564619,3.128609419,3.167817593
17:10:29,2.528896332,3.128527403,3.168515444
17:10:29,2.528877735,3.128407717,3.169084787
17:10:29,2.529053688,3.128607035,3.169546366
17:10:29,2.529946327,3.128094912,3.171818733
17:10:29,2.530582428,3.12871933,3.170309782
17:10:29,2.530545235,3.12869072,3.17017746
17:10:29,2.530318975,3.128572464,3.1717484
17:10:29,2.53084898,3.129483223,3.171143293
17:10:29,2.530457973,3.129790545,3.170603514
17:10:29,2.530123472,3.128950119,3.172350168
17:10:29,2.530769587,3.128686428,3.171895504
17:10:29,2.530557156,3.128969669,3.171530724
17:10:29,2.529495955,3.128617287,3.171132088
17:10:29,2.530122995,3.128852844,3.172379732
17:10:29,2.529374123,3.128475666,3.173069477
17:10:29,2.528397799,3.128912687,3.171219349
17:10:29,2.527176142,3.129386663,3.172952175
17:10:29,2.526941776,3.129022121,3.172039032
17:10:29,2.527664185,3.128695726,3.171784639
17:10:29,2.526544333,3.12882185,3.170865059
17:10:29,2.525844336,3.128790855,3.169958353
17:10:29,2.525618076,3.128870726,3.171200752
17:10:29,2.525058746,3.128489017,3.172136307
17:10:29,2.523941278,3.128695726,3.171403408
17:10:29,2.524414301,3.128706217,3.170838356
17:10:29,2.525013447,3.129120588,3.171265841
17:10:29,2.524003506,3.129180193,3.171525955
17:10:29,2.525643587,3.129116297,3.171600819
17:10:29,2.525687695,3.128476143,3.170848131
17:10:29,2.525336504,3.129822254,3.171596766
17:10:29,2.526445866,3.128635883,3.172595978
17:10:29,2.526716471,3.127941132,3.171782255
17:10:29,2.526517391,3.128710747,3.170833111
17:10:29,2.526884079,3.129538774,3.172366142
17:10:29,2.527812004,3.128675699,3.17256999
17:10:29,2.527948618,3.12874651,3.173419714
17:10:29,2.527155638,3.129956484,3.171694994
17:10:29,2.527761936,3.129360914,3.170911074
17:10:29,2.527789354,3.128437757,3.171688795
17:10:29,2.528228045,3.129346371,3.172155142
17:10:29,2.528290272,3.13021183,3.17109561
17:10:29,2.529130936,3.129724979,3.169214725
17:10:29,2.52884078,3.129247904,3.168579578
17:10:29,2.52831459,3.129596949,3.168426275
17:10:30,2.527335882,3.129540682,3.168392658
17:10:30,2.52773118,3.130106211,3.168482304
17:10:30,2.528239012,3.12936902,3.166420221
17:10:30,2.527616501,3.129662275,3.167665482
17:10:30,2.528422356,3.128726244,3.167123318
17:10:30,2.528190851,3.129281521,3.165288448
17:10:30,2.527589798,3.129217625,3.165608644
17:10:30,2.52788353,3.129110336,3.165991783
17:10:30,2.528933048,3.128947496,3.165972233
17:10:30,2.527686357,3.129356861,3.166941166
17:10:30,2.528280973,3.129650593,3.167423725
17:10:30,2.528529882,3.129067183,3.167160749
17:10:30,2.528284311,3.12937808,3.168418169
17:10:30,2.528216362,3.129515648,3.1686728
17:10:30,2.52929163,3.128599405,3.168654203
17:10:30,2.52970767,3.129353285,3.16848731
17:10:30,2.52960515,3.129177094,3.16853261
17:10:30,2.529261827,3.130023718,3.168162823
17:10:30,2.530283213,3.129010677,3.16979599
17:10:30,2.530008316,3.129511356,3.169979811
17:10:30,2.531049728,3.129035473,3.171667099
17:10:30,2.530059814,3.129341364,3.172482729
17:10:30,2.529441595,3.128919601,3.172952652
17:10:30,2.530350447,3.129187107,3.1716609
17:10:30,2.530690432,3.129152775,3.172104597
17:10:30,2.529396296,3.128784418,3.172226667
17:10:30,2.529196739,3.129487991,3.173441648
17:10:30,2.529226303,3.129365444,3.171496391
17:10:30,2.528203487,3.128818989,3.17287612
17:10:30,2.528078079,3.129281044,3.172505856
17:10:30,2.528170824,3.129215717,3.17317915
17:10:30,2.526910067,3.128623247,3.172323465
17:10:30,2.526548147,3.128483295,3.170252085
17:10:30,2.526343822,3.128652096,3.172239304
17:10:30,2.526013136,3.128539801,3.172628403
17:10:30,2.525319099,3.128885031,3.172041893
17:10:30,2.524591684,3.128763199,3.172502279
17:10:30,2.524811029,3.129135609,3.171752453
17:10:30,2.52532196,3.128793001,3.171663284
17:10:30,2.525207758,3.128742218,3.1709764
17:10:30,2.525269985,3.129853249,3.171670198
17:10:30,2.525892496,3.128868341,3.170068502
17:10:30,2.525530815,3.128933668,3.171263933
17:10:30,2.524882555,3.129356384,3.171156645
17:10:30,2.525613308,3.129116297,3.17183876
17:10:30,2.525994539,3.128458977,3.171339035
17:10:30,2.527246475,3.12968111,3.172037363
17:10:30,2.526823759,3.129548073,3.170281172
17:10:30,2.526976585,3.129203081,3.171352386
17:10:30,2.528713703,3.128954887,3.171732187
17:10:30,2.528018475,3.128793001,3.171005487
17:10:30,2.528004169,3.128976822,3.172576189
17:10:30,2.52769804,3.128829241,3.171413183
17:10:30,2.52861619,3.129207611,3.170794249
17:10:30,2.528963566,3.129907608,3.16966629
17:10:30,2.529007673,3.129303217,3.170639515
17:10:30,2.529147863,3.129253864,3.169103146
17:10:30,2.528218746,3.12952733,3.169342995
17:10:30,2.527978897,3.130364656,3.167854786
17:10:30,2.527742147,3.12858057,3.168443918
17:10:30,2.528059244,3.130000114,3.167167664
17:10:30,2.528711796,3.129461765,3.16775918
17:10:30,2.527839899,3.129588366,3.166579485
17:10:30,2.528005362,3.12914896,3.165400982
17:10:30,2.527535677,3.129203558,3.164474726
17:10:30,2.527748585,3.129651308,3.165723801
17:10:30,2.527770042,3.12882185,3.166205168
17:10:30,2.528482437,3.130241156,3.167354345
17:10:30,2.527685881,3.129521608,3.168278933
17:10:30,2.528512001,3.128673315,3.167512894
17:10:30,2.52852726,3.129545689,3.168066502
17:10:30,2.528859138,3.130007029,3.168906212
17:10:30,2.528395176,3.13007617,3.168436766
17:10:30,2.528839588,3.129113197,3.169386148
17:10:30,2.528392553,3.130049229,3.169959545
17:10:30,2.529126406,3.129295349,3.170299292
17:10:30,2.528848171,3.12942934,3.170583248
17:10:30,2.529159069,3.129158258,3.171113491
17:10:30,2.529198408,3.129780769,3.171981096
17:10:30,2.52970767,3.129213572,3.172170401
17:10:30,2.530020475,3.129353285,3.172519445
17:10:30,2.530019283,3.128998041,3.172310829
17:10:30,2.530275345,3.12956214,3.172661066
17:10:30,2.529576063,3.128800392,3.172433853
17:10:30,2.530801296,3.129511833,3.17285037
17:10:30,2.529789686,3.12869668,3.172185421
17:10:30,2.530212402,3.128911495,3.173246145
17:10:30,2.529299736,3.128889322,3.173228979
17:10:30,2.528916836,3.129541874,3.171581268
17:10:30,2.529228687,3.128567934,3.173309326
17:10:30,2.529284954,3.128638744,3.172277212
17:10:30,2.527716637,3.129919529,3.171829939
17:10:30,2.52763629,3.12943387,3.171208382
17:10:30,2.526941776,3.128653765,3.172761202
17:10:30,2.527931213,3.129254341,3.171798944
17:10:30,2.526917696,3.130111933,3.171362162
17:10:30,2.525837898,3.129281044,3.171972752
17:10:30,2.52637434,3.128783226,3.170861483
17:10:30,2.525751591,3.129205227,3.170806885
17:10:30,2.5257411,3.129321814,3.171900749
17:10:30,2.524313927,3.129542828,3.17070055
17:10:30,2.524483442,3.128520012,3.171337366
17:10:30,2.523078203,3.129146576,3.17025733
17:10:30,2.524272203,3.129757404,3.172114134
17:10:30,2.524506092,3.128899336,3.172232389
17:10:30,2.525465488,3.129808903,3.171807289
17:10:30,2.525983572,3.129888535,3.173154593
17:10:30,2.526152611,3.128574848,3.171527624
17:10:30,2.526795387,3.128339291,3.171215773
17:10:30,2.527229071,3.129825592,3.171932697
17:10:30,2.526898623,3.128919601,3.171415806
17:10:30,2.527296066,3.128327847,3.171262264
17:10:30,2.529194355,3.130415201,3.172051191
17:10:30,2.528703213,3.129803896,3.170773029
17:10:30,2.528807878,3.128849506,3.17007041
17:10:30,2.52864933,3.128390551,3.168659687
17:10:31,2.529497623,3.129333735,3.167509556
17:10:31,2.528568745,3.12945199,3.167013168
17:10:31,2.529523611,3.12904191,3.167433739
17:10:31,2.52852869,3.130090952,3.165664673
17:10:31,2.52842927,3.129653454,3.165622473
17:10:31,2.528561831,3.129208803,3.165136814
17:10:31,2.529177427,3.127845526,3.164578676
17:10:31,2.528617382,3.129544973,3.166189432
17:10:31,2.528634787,3.128917694,3.165409088
17:10:31,2.529298544,3.128999472,3.166831255
17:10:31,2.52821064,3.129962206,3.166312695
17:10:31,2.527933121,3.129323006,3.165745497
17:10:31,2.528285503,3.12945199,3.166373253
17:10:31,2.52845788,3.128595114,3.167671204
17:10:31,2.528387308,3.129092455,3.168634415
17:10:31,2.528947115,3.129480124,3.169764757
17:10:31,2.528748274,3.128325462,3.171341896
17:10:31,2.528401375,3.129121065,3.171044111
17:10:31,2.528205872,3.128882885,3.171743155
17:10:31,2.529154778,3.129744053,3.171536922
17:10:31,2.529406071,3.128595352,3.170473814
17:10:31,2.529182673,3.130100489,3.171017647
17:10:31,2.52952075,3.128763676,3.171993017
17:10:31,2.528122663,3.128477812,3.171204329
17:10:31,2.528530359,3.130105019,3.174237728
17:10:31,2.528116226,3.1288414,3.173959017
17:10:31,2.529119968,3.129029751,3.174799919
17:10:31,2.528606892,3.129094124,3.174955606
17:10:31,2.528584003,3.129435778,3.173484087
17:10:31,2.527328491,3.129319429,3.173331976
17:10:31,2.527832985,3.128522635,3.172359467
17:10:31,2.527028084,3.129581451,3.172736168
17:10:31,2.52714467,3.129077673,3.172737598
17:10:31,2.52738452,3.128285646,3.17263031
17:10:31,2.527276754,3.128929615,3.172326565
17:10:31,2.52589488,3.128596544,3.170718431
17:10:31,2.525878668,3.128574848,3.170924187
17:10:31,2.52605772,3.128145218,3.169808388
17:10:31,2.525227547,3.129373074,3.170546532
17:10:31,2.525209665,3.128906012,3.170518637
17:10:31,2.526462317,3.12876153,3.170994997
17:10:31,2.525047779,3.128763199,3.168659925
17:10:31,2.525972128,3.128780365,3.170195341
17:10:31,2.52559042,3.127846956,3.169136286
17:10:31,2.526878834,3.129229784,3.170945883
17:10:31,2.525583744,3.129191399,3.171310425
17:10:31,2.526006937,3.129033089,3.170650482
17:10:31,2.52690959,3.128838539,3.171421528
17:10:31,2.526649237,3.129302502,3.172406673
17:10:31,2.527106762,3.129203081,3.17031312
17:10:31,2.527920246,3.129243374,3.170432329
17:10:31,2.52806592,3.129437447,3.16992116
17:10:31,2.528679609,3.129356861,3.170531034
17:10:31,2.5281744,3.128763199,3.170489788
17:10:31,2.528011322,3.128962278,3.169826984
17:10:31,2.528628349,3.129158258,3.16882658
17:10:31,2.527493715,3.129571676,3.169983864
17:10:31,2.527399302,3.128800392,3.170292139
17:10:31,2.527695656,3.128725052,3.168514252
17:10:31,2.527454853,3.129462242,3.166089058
17:10:31,2.52790904,3.128661871,3.167692184
17:10:31,2.528017759,3.129260778,3.166342735
17:10:31,2.527377844,3.128918171,3.166816711
17:10:31,2.528386116,3.128907204,3.165611982
17:10:31,2.528047562,3.128601313,3.165232182
17:10:31,2.527911425,3.128500462,3.165358067
17:10:31,2.527078867,3.129227877,3.164290428
17:10:31,2.527887583,3.12846303,3.165606737
17:10:31,2.5281353,3.129144907,3.165170193
17:10:31,2.528931379,3.129024982,3.166358948
17:10:31,2.529114723,3.128440142,3.167043924
17:10:31,2.529619932,3.129300594,3.167165995
17:10:31,2.529597521,3.130106211,3.166831255
17:10:31,2.529320717,3.130004168,3.169724226
17:10:31,2.528562546,3.128863335,3.169672251
17:10:31,2.528712511,3.129201412,3.169818401
17:10:31,2.529203653,3.129454136,3.170317888
17:10:31,2.529202461,3.129585505,3.172755957
17:10:31,2.530031443,3.128681421,3.171843767
17:10:31,2.529914141,3.130138636,3.172399998
17:10:31,2.530233383,3.128608704,3.172029257
17:10:31,2.529442787,3.129711628,3.173473597
17:10:31,2.529830933,3.129950047,3.174310207
17:10:31,2.528764248,3.129646301,3.171806097
17:10:31,2.529788971,3.128238916,3.173042059
17:10:31,2.528277874,3.129291773,3.173467398
17:10:31,2.528651476,3.129536629,3.173415661
17:10:31,2.528840065,3.129032612,3.174055099
17:10:31,2.529075623,3.129290581,3.17460537
17:10:31,2.528907299,3.129829168,3.173772812
17:10:31,2.527697325,3.129389763,3.17356205
17:10:31,2.527395964,3.1283319,3.171850204
17:10:31,2.528310537,3.129715204,3.172292233
17:10:31,2.526924849,3.129921675,3.171487093
17:10:31,2.527171373,3.127972126,3.171435356
17:10:31,2.527449369,3.129699945,3.17042017
17:10:31,2.527361631,3.130085945,3.170217276
17:10:31,2.526700497,3.129799604,3.17112422
17:10:31,2.526416779,3.128473997,3.169687748
17:10:31,2.526956558,3.12978363,3.170141697
17:10:31,2.526872396,3.130013466,3.170025587
17:10:31,2.526496649,3.127665997,3.169202328
17:10:31,2.52590704,3.12969327,3.17078352
17:10:31,2.526083469,3.129563332,3.170988798
17:10:31,2.525577784,3.129789352,3.171548128
17:10:31,2.526458025,3.128215313,3.171162605
17:10:31,2.526421547,3.129868746,3.172555447
17:10:31,2.5266397,3.12950325,3.171155453
17:10:31,2.527024269,3.12792635,3.170392275
17:10:31,2.527559757,3.12914896,3.171569109
17:10:31,2.52646184,3.130089521,3.169797421
17:10:31,2.526697874,3.12968111,3.170898914
17:10:31,2.527628183,3.128777027,3.171322107
17:10:31,2.528140545,3.130223751,3.170424461
17:10:31,2.527680874,3.129797935,3.170674562
17:10:31,2.527544498,3.128726721,3.168870926
17:10:31,2.527801037,3.129498482,3.169351339
17:10:31,2.527033567,3.130001783,3.169183731
17:10:31,2.526823759,3.128640413,3.167655706
17:10:32,2.527895689,3.128694773,3.166662216
17:10:32,2.527853966,3.130839825,3.166912079
17:10:32,2.527340889,3.129530668,3.166932344
17:10:32,2.528460026,3.128281593,3.166914463
17:10:32,2.529048681,3.130688429,3.165678263
17:10:32,2.527616024,3.129321814,3.164435387
17:10:32,2.527844667,3.128301382,3.166316032
17:10:32,2.52875185,3.130335331,3.165353537
17:10:32,2.529047251,3.130201817,3.167404175
17:10:32,2.528381586,3.12798214,3.166615248
17:10:32,2.5295825,3.129266024,3.167913437
17:10:32,2.530016184,3.130883217,3.166789532
17:10:32,2.529489279,3.129006863,3.168879032
17:10:32,2.529562473,3.129112244,3.168531656
17:10:32,2.530053139,3.129841089,3.170177937
17:10:32,2.529242039,3.130129337,3.169216633
17:10:32,2.529793024,3.129042387,3.168979406
17:10:32,2.530466795,3.128397465,3.170618773
17:10:32,2.529856443,3.130763292,3.171804905
17:10:32,2.529463053,3.128772259,3.172811508
17:10:32,2.530194044,3.128774881,3.172297478
17:10:32,2.531172991,3.129737377,3.172348261
17:10:32,2.52927351,3.130290985,3.173149109
17:10:32,2.530486822,3.12942481,3.172920704
17:10:32,2.530186892,3.129188299,3.173760653
17:10:32,2.529063463,3.130534172,3.1728127
17:10:32,2.529083252,3.128862143,3.172762871
17:10:32,2.527943134,3.12907815,3.173790932
17:10:32,2.52781105,3.129557848,3.174118519
17:10:32,2.527005672,3.129208803,3.174867868
17:10:32,2.527104616,3.128852844,3.175595284
17:10:32,2.526596069,3.129215717,3.172472239
17:10:32,2.526735544,3.1306355,3.17350626
17:10:32,2.52573967,3.12886405,3.171883106
17:10:32,2.527340889,3.128732204,3.172005177
17:10:32,2.526198149,3.129546165,3.171616077
17:10:32,2.525580168,3.129273891,3.170837164
17:10:32,2.525308371,3.127951622,3.169869423
17:10:32,2.525987864,3.129443884,3.169487238
17:10:32,2.525467157,3.130777836,3.170679569
17:10:32,2.52526021,3.128716707,3.170753956
17:10:32,2.526172876,3.128752232,3.171536446
17:10:32,2.526680708,3.12984252,3.170885324
17:10:32,2.525368929,3.129910231,3.170892715
17:10:32,2.526782751,3.128872633,3.171197176
17:10:32,2.527192354,3.129555941,3.171140909
17:10:32,2.52571559,3.130327225,3.170557022
17:10:32,2.525905848,3.129312754,3.17125988
17:10:32,2.527044535,3.129526138,3.171570301
17:10:32,2.527854919,3.129983664,3.171264887
17:10:32,2.52677393,3.129075766,3.172387123
17:10:32,2.527553082,3.128115892,3.171892405
17:10:32,2.527934313,3.129238367,3.169763565
17:10:32,2.528450251,3.13039875,3.171409845
17:10:32,2.52879405,3.12869072,3.170001745
17:10:32,2.528972864,3.129613876,3.170386314
17:10:32,2.527000904,3.129812956,3.169070482
17:10:32,2.526857615,3.129628658,3.168532133
17:10:32,2.526819944,3.128966331,3.167600393
17:10:32,2.526547432,3.129969358,3.167610168
17:10:32,2.526077032,3.130340576,3.167579174
17:10:32,2.527182341,3.128395796,3.167220592
17:10:32,2.526833534,3.129033804,3.166997671
17:10:32,2.526932955,3.13006115,3.166912794
17:10:32,2.527184725,3.129451513,3.166285753
17:10:32,2.528170824,3.128418684,3.166562319
17:10:32,2.528284788,3.129380703,3.166185379
17:10:32,2.528909922,3.129380703,3.167364597
17:10:32,2.529051304,3.128697872,3.167059183
17:10:32,2.529537916,3.129386187,3.168143511
17:10:32,2.529153585,3.130206347,3.168320417
17:10:32,2.529257774,3.129435778,3.168411255
17:10:32,2.529669762,3.128066778,3.169209003
17:10:32,2.530240059,3.129710913,3.169161797
17:10:32,2.530979872,3.130297899,3.170601368
17:10:32,2.530930042,3.128391027,3.170110464
17:10:32,2.531155109,3.129374504,3.170213223
17:10:32,2.530548334,3.129595518,3.170922041
17:10:32,2.529378176,3.128651381,3.171550512
17:10:32,2.531433582,3.128142357,3.171913385
17:10:32,2.530576229,3.129308701,3.171684027
17:10:32,2.531494141,3.129177809,3.17064929
17:10:32,2.530996799,3.128376484,3.171301126
17:10:32,2.530658245,3.129094839,3.171252489
17:10:32,2.529923439,3.128962994,3.172127724
17:10:32,2.528869152,3.128535032,3.172094345
17:10:32,2.530333042,3.129568815,3.172011852
17:10:32,2.528088331,3.129221916,3.172250271
17:10:32,2.527429104,3.129435301,3.173135519
17:10:32,2.527407408,3.128001213,3.172601461
17:10:32,2.527608395,3.128808022,3.172792912
17:10:32,2.526828766,3.130148172,3.172665596
17:10:32,2.526530743,3.12897563,3.171456337
17:10:32,2.526161909,3.128307581,3.170570612
17:10:32,2.525225163,3.129232883,3.17023468
17:10:32,2.526076555,3.129585505,3.171305418
17:10:32,2.525109291,3.128290415,3.172126055
17:10:32,2.524781704,3.128774881,3.170482159
17:10:32,2.524311304,3.128671408,3.172145605
17:10:32,2.52492547,3.128630638,3.172132015
17:10:32,2.524676085,3.128666162,3.169545412
17:10:32,2.524316072,3.129260778,3.172375917
17:10:32,2.524977207,3.129654646,3.17038393
17:10:32,2.524429798,3.128962278,3.170873165
17:10:32,2.525172234,3.129249096,3.171616554
17:10:32,2.525327206,3.129503727,3.171207666
17:10:32,2.524795294,3.128822327,3.172568083
17:10:32,2.525959969,3.128896236,3.172031403
17:10:32,2.525811195,3.129159451,3.171246767
17:10:32,2.52668786,3.129356384,3.17192626
17:10:32,2.526028633,3.128837824,3.170965433
17:10:32,2.526895761,3.128981829,3.17025733
17:10:32,2.527844191,3.129164457,3.170144558
17:10:32,2.527797937,3.128662348,3.169073105
17:10:32,2.527557135,3.129182339,3.168525696
17:10:33,2.528646946,3.129164457,3.168268442
17:10:33,2.528042316,3.130004883,3.167711973
17:10:33,2.527869463,3.128993511,3.167348862
17:10:33,2.528405666,3.129675627,3.166630507
17:10:33,2.528709173,3.129413366,3.166793585
17:10:33,2.528930187,3.129326344,3.166309118
17:10:33,2.52994132,3.128386497,3.165720701
17:10:33,2.528904676,3.129153728,3.165688753
17:10:33,2.529197931,3.129146576,3.167010784
17:10:33,2.529773712,3.129287243,3.166401625
17:10:33,2.52969408,3.129386663,3.165970325
17:10:33,2.529303312,3.128820181,3.166801214
17:10:33,2.530136824,3.129038334,3.167683363
17:10:33,2.530057907,3.12907815,3.167575359
17:10:33,2.530183315,3.129586458,3.167762518
17:10:33,2.529963732,3.129089832,3.168233395
17:10:33,2.530313253,3.128399134,3.168371916
17:10:33,2.530836105,3.128804207,3.169883251
17:10:33,2.530578613,3.129306078,3.170156002
17:10:33,2.530748844,3.129443407,3.169898272
17:10:33,2.530290365,3.129440546,3.170041561
17:10:33,2.53015852,3.128947496,3.171376705
17:10:33,2.530826807,3.129426003,3.172943354
17:10:33,2.530709982,3.129115582,3.171063662
17:10:33,2.530391216,3.128822327,3.172029734
17:10:33,2.529920578,3.129294157,3.170876026
17:10:33,2.530950785,3.129339695,3.172294617
17:10:33,2.529314518,3.129635811,3.171774864
17:10:33,2.528932571,3.12883687,3.171709538
17:10:33,2.529845715,3.129083395,3.172021627
17:10:33,2.528698683,3.129513502,3.172275543
17:10:33,2.528359652,3.129464626,3.172548532
17:10:33,2.526990414,3.128979445,3.172930241
17:10:33,2.526690722,3.129275084,3.173649788
17:10:33,2.525830984,3.128526449,3.173955441
17:10:33,2.525359154,3.128701448,3.173481226
17:10:33,2.525494576,3.128808022,3.172881603
17:10:33,2.524470568,3.128987789,3.172812223
17:10:33,2.524972916,3.129402399,3.172528028
17:10:33,2.524380445,3.129548788,3.173047304
17:10:33,2.524972916,3.128781557,3.170986414
17:10:33,2.525365353,3.129047632,3.171791553
17:10:33,2.524831057,3.129444361,3.172837734
17:10:33,2.525180817,3.128808498,3.170651674
17:10:33,2.525113344,3.129367828,3.170941114
17:10:33,2.525897264,3.129634619,3.171589851
17:10:33,2.52596879,3.128512621,3.170922279
17:10:33,2.525714397,3.128466606,3.172242165
17:10:33,2.526295185,3.128806353,3.170977592
17:10:33,2.527020216,3.128760815,3.170891762
17:10:33,2.526901484,3.129296541,3.170336962
17:10:33,2.526808977,3.129420519,3.171513796
17:10:33,2.527025461,3.129624128,3.171342373
17:10:33,2.528180361,3.12906146,3.171178579
17:10:33,2.528132439,3.129071712,3.169754982
17:10:33,2.52772522,3.129823446,3.170506477
17:10:33,2.52889204,3.129366636,3.170420647
17:10:33,2.528128147,3.128856421,3.170152187
17:10:33,2.528702021,3.129835606,3.168709517
17:10:33,2.527441263,3.129882574,3.168795824
17:10:33,2.527981281,3.128640413,3.167476892
17:10:33,2.528934956,3.128969669,3.16702199
17:10:33,2.528287411,3.129692078,3.166516066
17:10:33,2.528532267,3.128968239,3.166676283
17:10:33,2.528134346,3.128713608,3.166281223
17:10:33,2.528162003,3.12959075,3.166328192
17:10:33,2.527612925,3.129647255,3.166521072
17:10:33,2.529470682,3.12842679,3.165769339
17:10:33,2.528988361,3.129066467,3.165998459
17:10:33,2.529018641,3.129611492,3.166253567
17:10:33,2.529717445,3.128603458,3.167845488
17:10:33,2.528776169,3.128635883,3.167207718
17:10:33,2.529386044,3.129219294,3.16850543
17:10:33,2.529362679,3.12991333,3.168928146
17:10:33,2.530399323,3.129309177,3.169156075
17:10:33,2.53064847,3.129039049,3.170608282
17:10:33,2.529926538,3.130348206,3.169898272
17:10:33,2.530533791,3.129626036,3.170338869
17:10:33,2.529884577,3.128295183,3.170601368
17:10:33,2.530858994,3.129534483,3.171095371
17:10:33,2.531122923,3.129678726,3.170855761
17:10:33,2.53120923,3.128876686,3.1706357
17:10:33,2.531321526,3.129200459,3.170912504
17:10:33,2.530202627,3.129159451,3.170672178
17:10:33,2.529969692,3.128775835,3.17259717
17:10:33,2.530257463,3.129024029,3.17155695
17:10:33,2.530387402,3.128522635,3.171291113
17:10:33,2.529545069,3.129297733,3.171272755
17:10:33,2.527844191,3.12935257,3.1719594
17:10:33,2.527085304,3.129181147,3.171236992
17:10:33,2.527460575,3.128888607,3.170718431
17:10:33,2.52711153,3.128966331,3.172170877
17:10:33,2.526273489,3.129032135,3.172697067
17:10:33,2.526541471,3.129491329,3.172616243
17:10:33,2.526260376,3.129274368,3.171664953
17:10:33,2.525653362,3.128560305,3.172227621
17:10:33,2.525640011,3.129565001,3.173384428
17:10:33,2.525196791,3.129206419,3.172535181
17:10:33,2.525099516,3.128499985,3.171463966
17:10:33,2.525470734,3.129244566,3.171530247
17:10:33,2.52488327,3.12946105,3.17074728
17:10:33,2.524359465,3.129044771,3.171086311
17:10:33,2.525307178,3.128900766,3.171740294
17:10:33,2.526137114,3.1288445,3.17117691
17:10:33,2.525602341,3.128351927,3.172221899
17:10:33,2.526046276,3.129105806,3.171436548
17:10:33,2.52701211,3.129526138,3.17214632
17:10:33,2.52653265,3.129076481,3.171360016
17:10:33,2.527050972,3.128940344,3.170937061
17:10:33,2.52649951,3.129601479,3.170082569
17:10:33,2.526426792,3.12953949,3.169857264
17:10:33,2.526050091,3.128668547,3.170426846
17:10:33,2.527255774,3.129909515,3.170974255
17:10:33,2.526883364,3.129342079,3.171240807
17:10:33,2.526799679,3.12955451,3.16964817
17:10:33,2.527481556,3.12953186,3.17031312
17:10:33,2.528209448,3.129645586,3.169907093
17:10:33,2.528059721,3.129293442,3.168980122
17:10:33,2.52767992,3.128437757,3.16780901
17:10:34,2.527831793,3.130478859,3.167784691
17:10:34,2.528068542,3.129496813,3.167269945
17:10:34,2.52799654,3.129098415,3.167671919
17:10:34,2.528421164,3.129162073,3.167049408
17:10:34,2.529316664,3.129575729,3.16760087
17:10:34,2.529025078,3.129313707,3.165812016
17:10:34,2.52913785,3.128964663,3.166935921
17:10:34,2.530052662,3.130062819,3.166852951
17:10:34,2.529728413,3.129443407,3.168549061
17:10:34,2.530047417,3.128884077,3.167109251
17:10:34,2.529708862,3.129093647,3.167400122
17:10:34,2.52935648,3.13001585,3.167458534
17:10:34,2.528775454,3.128779173,3.168230295
17:10:34,2.530349731,3.128589153,3.168242216
17:10:34,2.529628038,3.129529715,3.169966459
17:10:34,2.529273033,3.129255533,3.169990778
17:10:34,2.530083895,3.129217625,3.170856237
17:10:34,2.529939175,3.128509283,3.170674086
17:10:34,2.529571772,3.129772186,3.171422005
17:10:34,2.530082703,3.12920475,3.17094326
17:10:34,2.529706955,3.128757715,3.170208931
17:10:34,2.53079319,3.129169226,3.171332598
17:10:34,2.530651569,3.12931776,3.171614408
17:10:34,2.53082037,3.129097939,3.171041727
17:10:34,2.530390501,3.129087448,3.171706915
17:10:34,2.529949427,3.128468275,3.171904325
17:10:34,2.529566288,3.128893852,3.172828436
17:10:34,2.529317141,3.129006863,3.171149015
17:10:34,2.52771306,3.129184723,3.173072577
17:10:34,2.528498888,3.129186392,3.173027754
17:10:34,2.527908087,3.128699064,3.171368122
17:10:34,2.528411865,3.128410816,3.171979189
17:10:34,2.526066065,3.128634214,3.170151711
17:10:34,2.526998043,3.128578186,3.171275139
17:10:34,2.52726984,3.128491879,3.172376633
17:10:34,2.524640322,3.128463984,3.172218323
17:10:34,2.524341583,3.128061056,3.172576189
17:10:34,2.524216413,3.128797531,3.172935247
17:10:34,2.523971081,3.128672123,3.172016859
17:10:34,2.523929596,3.128813267,3.171952963
17:10:34,2.524424553,3.128926039,3.171613932
17:10:34,2.524968624,3.129232407,3.172333479
17:10:34,2.524386168,3.129399061,3.170704126
17:10:34,2.524663925,3.129276276,3.170502663
17:10:34,2.525957108,3.128872633,3.170550823
17:10:34,2.525639057,3.128718853,3.171171904
17:10:34,2.526021719,3.128624439,3.17193675
17:10:34,2.526888609,3.128467083,3.171895027
17:10:34,2.527717113,3.128950834,3.171206474
17:10:34,2.527772427,3.129674911,3.170960903
17:10:34,2.527825832,3.129298687,3.170500755
17:10:34,2.528898716,3.128171682,3.170009375
17:10:34,2.528416872,3.12900281,3.168640137
17:10:34,2.527892828,3.129457712,3.168339968
17:10:34,2.527380943,3.128798008,3.168094397
17:10:34,2.528468132,3.129338026,3.16963172
17:10:34,2.528329134,3.129162073,3.170508862
17:10:34,2.528218269,3.128820181,3.168231249
17:10:34,2.529031277,3.128515959,3.167859077
17:10:34,2.529080153,3.128775358,3.167505741
17:10:34,2.527989388,3.128820658,3.166511774
17:10:34,2.528001547,3.129180193,3.167079926
17:10:34,2.528421879,3.12906599,3.166219711
17:10:34,2.527949095,3.129477262,3.167152882
17:10:34,2.528296232,3.129131079,3.167119026
17:10:34,2.52879858,3.129340887,3.167641401
17:10:34,2.529065132,3.130168438,3.168986797
17:10:34,2.528514147,3.128677368,3.169191837
17:10:34,2.528781891,3.129095793,3.168756485
17:10:34,2.528998852,3.129012346,3.168473005
17:10:34,2.529072762,3.128967524,3.168920755
17:10:34,2.529431343,3.129069805,3.167963505
17:10:34,2.52904129,3.129383802,3.170635223
17:10:34,2.529334307,3.130292892,3.169035435
17:10:34,2.529313087,3.128627777,3.16971612
17:10:34,2.529708147,3.128409624,3.171086788
17:10:34,2.529439211,3.129559994,3.171580076
17:10:34,2.530510187,3.128808022,3.172206879
17:10:34,2.531376123,3.128089905,3.171077728
17:10:34,2.530029774,3.129434586,3.171088696
17:10:34,2.529644251,3.128760338,3.172081232
17:10:34,2.530228138,3.12850666,3.171018839
17:10:34,2.529943228,3.129433393,3.170911074
17:10:34,2.53071928,3.12921977,3.171947718
17:10:34,2.529575586,3.128942966,3.170615911
17:10:34,2.528911591,3.128823042,3.171504498
17:10:34,2.528540373,3.129336834,3.171091557
17:10:34,2.527528048,3.129762888,3.171538353
17:10:34,2.528203487,3.12839222,3.171005487
17:10:34,2.528131247,3.129095316,3.171897888
17:10:34,2.52764678,3.129927874,3.171630621
17:10:34,2.526358604,3.129068851,3.17137599
17:10:34,2.527791739,3.128159761,3.171192646
17:10:34,2.527189016,3.129500389,3.171189785
17:10:34,2.526813984,3.129521132,3.171178579
17:10:34,2.526622295,3.12806344,3.171402693
17:10:34,2.525772095,3.129099607,3.17194128
17:10:34,2.526043177,3.128618956,3.172330618
17:10:34,2.525013447,3.1280725,3.171554089
17:10:34,2.524610281,3.12824893,3.170732021
17:10:34,2.524862289,3.128559828,3.171463251
17:10:34,2.524141312,3.129816532,3.170746565
17:10:34,2.525681496,3.128974438,3.170338869
17:10:34,2.524874449,3.128483295,3.170884609
17:10:34,2.525061846,3.129920006,3.170790434
17:10:34,2.526511669,3.128938198,3.171510458
17:10:34,2.526482582,3.127882957,3.170588493
17:10:34,2.52671957,3.129439354,3.17070365
17:10:34,2.527354479,3.130029678,3.170670271
17:10:34,2.52701211,3.128621578,3.169525146
17:10:34,2.52711153,3.128899336,3.169986725
17:10:34,2.527461052,3.129648924,3.169389486
17:10:34,2.527947426,3.129143238,3.168283463
17:10:34,2.528414249,3.129272223,3.170042038
17:10:34,2.527427435,3.129336834,3.169336796
17:10:34,2.528201818,3.130153418,3.168734312
17:10:35,2.528978348,3.128640413,3.167656183
17:10:35,2.52891922,3.128663063,3.168166876
17:10:35,2.529711723,3.13001585,3.169748068
17:10:35,2.530039549,3.129006863,3.167797804
17:10:35,2.529525995,3.128888607,3.167784691
17:10:35,2.528584719,3.130032301,3.166501284
17:10:35,2.528474331,3.129959822,3.167050838
17:10:35,2.528357506,3.128968716,3.166240692
17:10:35,2.528490782,3.12938118,3.166500807
17:10:35,2.529183865,3.130558729,3.167852163
17:10:35,2.528210163,3.129637241,3.168919086
17:10:35,2.528941154,3.129722595,3.169137478
17:10:35,2.528864622,3.130415201,3.169353962
17:10:35,2.529043674,3.12989068,3.17021513
17:10:35,2.529362679,3.128939152,3.17021513
17:10:35,2.529320002,3.129942179,3.172081232
17:10:35,2.529205322,3.130548,3.171258688
17:10:35,2.530310392,3.129321098,3.171491861
17:10:35,2.529647112,3.128653288,3.172455311
17:10:35,2.530256271,3.129387379,3.172433853
17:10:35,2.529919386,3.129405737,3.172371149
17:10:35,2.530917645,3.129343033,3.172340393
17:10:35,2.53066802,3.129128933,3.172535658
17:10:35,2.530365944,3.129616499,3.172851563
17:10:35,2.531316757,3.129582644,3.171119452
17:10:35,2.53123641,3.129268885,3.171952963
17:10:35,2.530464411,3.129948378,3.172417641
17:10:35,2.530631304,3.129253149,3.171010256
17:10:35,2.529827833,3.128944635,3.171422958
17:10:35,2.529061794,3.129667282,3.170439959
17:10:35,2.528550148,3.128874302,3.172628403
17:10:35,2.52776289,3.129264116,3.171041727
17:10:35,2.52743721,3.129382849,3.171669483
17:10:35,2.52743721,3.128906488,3.17094636
17:10:35,2.527899265,3.129648924,3.171562672
17:10:35,2.526619196,3.129383564,3.172366619
17:10:35,2.526097298,3.128720045,3.171438932
17:10:35,2.525901794,3.128510952,3.172298431
17:10:35,2.525065899,3.129080296,3.171204329
17:10:35,2.525276423,3.128874302,3.170799971
17:10:35,2.525180817,3.128781557,3.170478106
17:10:35,2.524855614,3.12900281,3.171107292
17:10:35,2.524372339,3.129380703,3.173109055
17:10:35,2.524520159,3.128834724,3.171394587
17:10:35,2.524768591,3.129823923,3.171286345
17:10:35,2.525664568,3.129119635,3.170826197
17:10:35,2.525610924,3.12904644,3.169851303
17:10:35,2.525295496,3.12936306,3.170201778
17:10:35,2.52543807,3.128905535,3.169737577
17:10:35,2.525976896,3.128165245,3.169308424
17:10:35,2.526337862,3.129415989,3.169546366
17:10:35,2.526222467,3.1292665,3.169375658
17:10:35,2.526900768,3.128696203,3.169915199
17:10:35,2.527225494,3.128988981,3.168769836
17:10:35,2.527761936,3.129744768,3.168787241
17:10:35,2.527609348,3.128545761,3.167906523
17:10:35,2.528013468,3.129499197,3.168608427
17:10:35,2.528271675,3.129163265,3.168759346
17:10:35,2.527748585,3.129105091,3.167365551
17:10:35,2.528458357,3.129428387,3.168232203
17:10:35,2.528595686,3.129307747,3.167648077
17:10:35,2.528614283,3.128969193,3.166782618
17:10:35,2.528962374,3.130077362,3.167431355
17:10:35,2.528693199,3.129141569,3.168462038
17:10:35,2.527973652,3.129665136,3.166424274
17:10:35,2.528950453,3.129413843,3.166281939
17:10:35,2.529089212,3.130156279,3.166873932
17:10:35,2.528745651,3.12919116,3.16624403
17:10:35,2.529119968,3.129582167,3.167648077
17:10:35,2.52867794,3.129963398,3.167393208
17:10:35,2.529140472,3.12939024,3.169359922
17:10:35,2.52926755,3.129801035,3.170022011
17:10:35,2.529845238,3.130073786,3.168291092
17:10:35,2.52980113,3.129667282,3.171744585
17:10:35,2.529313803,3.129061937,3.171742678
17:10:35,2.529344082,3.129867077,3.173107147
17:10:35,2.529689074,3.129375696,3.171703815
17:10:35,2.529773474,3.128806353,3.172270536
17:10:35,2.531154394,3.129769087,3.17306757
17:10:35,2.530595303,3.129490376,3.172761679
17:10:35,2.530956268,3.1281147,3.17228961
17:10:35,2.53098464,3.129889011,3.173086166
17:10:35,2.530934095,3.129719734,3.172282934
17:10:35,2.530435562,3.12987709,3.174196959
17:10:35,2.530394077,3.12979579,3.171690941
17:10:35,2.530557632,3.130548,3.172654867
17:10:35,2.529577255,3.130343437,3.172474623
17:10:35,2.528837681,3.128784895,3.172430754
17:10:35,2.528532267,3.128993988,3.172259092
17:10:35,2.527981281,3.129950523,3.171670675
17:10:35,2.527476788,3.128934145,3.172231674
17:10:35,2.526690722,3.128757238,3.17136693
17:10:35,2.525622129,3.129858255,3.171512842
17:10:35,2.525633097,3.128795385,3.171909571
17:10:35,2.525771141,3.128912687,3.170727253
17:10:35,2.525631905,3.129836082,3.171713114
17:10:35,2.524973392,3.129348755,3.171585321
17:10:35,2.52475214,3.12847662,3.171248913
17:10:35,2.525260925,3.129342079,3.171722889
17:10:35,2.524768114,3.129175901,3.170812607
17:10:35,2.524759293,3.128632307,3.170958519
17:10:35,2.525448561,3.129674435,3.171415091
17:10:35,2.525145054,3.128736734,3.171602011
17:10:35,2.525523186,3.128320694,3.171024561
17:10:35,2.5261724,3.129230261,3.170303822
17:10:35,2.526734352,3.129373074,3.170267344
17:10:35,2.526055574,3.128824711,3.170526743
17:10:35,2.526280642,3.129128933,3.169890165
17:10:35,2.52627039,3.128590822,3.16985774
17:10:35,2.526506662,3.128788471,3.168561697
17:10:35,2.526414871,3.129010677,3.169118643
17:10:35,2.526900768,3.128125429,3.16903758
17:10:35,2.526968956,3.129657984,3.169066668
17:10:35,2.52727437,3.12962079,3.169291973
17:10:35,2.527471781,3.128380775,3.1690166
17:10:36,2.528187752,3.129101038,3.167548418
17:10:36,2.528237343,3.129459381,3.167781115
17:10:36,2.527995348,3.128827095,3.166697025
17:10:36,2.527934313,3.129394293,3.165952444
17:10:36,2.527733326,3.129667759,3.166878939
17:10:36,2.528651476,3.128867388,3.167634249
17:10:36,2.528932571,3.1292665,3.167912245
17:10:36,2.529994488,3.129841089,3.167695522
17:10:36,2.529627323,3.129143238,3.167446136
17:10:36,2.530388355,3.128393173,3.167305231
17:10:36,2.530131578,3.129205942,3.166871548
17:10:36,2.529217005,3.129128933,3.166546822
17:10:36,2.530170679,3.12942934,3.168058157
17:10:36,2.528465509,3.128383636,3.168016911
17:10:36,2.52989316,3.129517317,3.16942215
17:10:36,2.529737711,3.129242897,3.171402216
17:10:36,2.528988361,3.128271818,3.171627045
17:10:36,2.530170679,3.128512621,3.171351671
17:10:36,2.52920723,3.129702568,3.171517134
17:10:36,2.529026985,3.128903151,3.171413183
17:10:36,2.529830456,3.129295349,3.172574043
17:10:36,2.530024052,3.129194975,3.172415495
17:10:36,2.530189991,3.12919569,3.171077728
17:10:36,2.529391527,3.12883234,3.172278166
17:10:36,2.529266596,3.128740549,3.17257309
17:10:36,2.529980183,3.129345894,3.172119617
17:10:36,2.53000474,3.129589558,3.172794819
17:10:36,2.529083252,3.128222704,3.173582792
17:10:36,2.530504704,3.129683495,3.172632217
17:10:36,2.529679775,3.129700661,3.171639681
17:10:36,2.529957294,3.128244162,3.17202425
17:10:36,2.529389381,3.12887311,3.171724558
17:10:36,2.528414249,3.129914522,3.169949055
17:10:36,2.528127193,3.128273487,3.171696186
17:10:36,2.527921915,3.128771544,3.172348738
17:10:36,2.526805401,3.130444288,3.172422409
17:10:36,2.526603699,3.128482819,3.170048237
17:10:36,2.526571035,3.128454924,3.170736074
17:10:36,2.526438951,3.128280401,3.171657085
17:10:36,2.525568962,3.128909826,3.172456026
17:10:36,2.525026798,3.128836393,3.172153473
17:10:36,2.525702953,3.128415108,3.170968294
17:10:36,2.525610447,3.128783941,3.17257905
17:10:36,2.525372505,3.129175425,3.170428753
17:10:36,2.525589943,3.128722906,3.170989275
17:10:36,2.525720596,3.128775835,3.171792269
17:10:36,2.524563074,3.12891531,3.170519352
17:10:36,2.525473833,3.129290581,3.172245264
17:10:36,2.525084972,3.128306389,3.171005487
17:10:36,2.526449203,3.12973547,3.171561003
17:10:36,2.526411533,3.128262997,3.169274569
17:10:36,2.526785612,3.128650904,3.169932842
17:10:36,2.526763678,3.129867792,3.170578003
17:10:36,2.527115583,3.128736258,3.169270039
17:10:36,2.527170897,3.128590822,3.169005632
17:10:36,2.526783228,3.128972292,3.168479204
17:10:36,2.526684999,3.128629923,3.168740749
17:10:36,2.52749896,3.129415512,3.167654514
17:10:36,2.526860237,3.128406525,3.168320417
17:10:36,2.526866436,3.128985643,3.168426991
17:10:36,2.527166128,3.129229784,3.167892694
17:10:36,2.527066231,3.128937721,3.167791605
17:10:36,2.527848721,3.128985643,3.167550564
17:10:36,2.528644562,3.129356861,3.166480303
17:10:36,2.528768539,3.128913403,3.166814804
17:10:36,2.52835083,3.128898382,3.167015553
17:10:36,2.528645754,3.128996372,3.167380333
17:10:36,2.530028343,3.12923646,3.168313026
17:10:36,2.529733181,3.128298521,3.16875577
17:10:36,2.529960632,3.129225016,3.167433739
17:10:36,2.529380083,3.128289223,3.169527054
17:10:36,2.53009367,3.129086256,3.168509483
17:10:36,2.530073404,3.128828049,3.169360638
17:10:36,2.530555248,3.129053354,3.169965029
17:10:36,2.529861212,3.128407717,3.171809196
17:10:36,2.530242205,3.128945827,3.171503305
17:10:36,2.530029774,3.129187107,3.170547009
17:10:36,2.529673815,3.128810167,3.172517061
17:10:36,2.528620481,3.128297329,3.172203302
17:10:36,2.529297113,3.128912687,3.173215866
17:10:36,2.529702663,3.129689932,3.173375607
17:10:36,2.529310703,3.128718138,3.172335148
17:10:36,2.529746532,3.129720926,3.171422005
17:10:36,2.530333519,3.130139828,3.171535254
17:10:36,2.530076981,3.129163742,3.171318054
17:10:36,2.529917479,3.129601002,3.171589375
17:10:36,2.529908657,3.129495144,3.169780016
17:10:36,2.529411316,3.129682779,3.171988249
17:10:36,2.529386044,3.128877878,3.170785427
17:10:36,2.529209614,3.129514694,3.171382427
17:10:36,2.528814316,3.129802704,3.171469688
17:10:36,2.528571844,3.128459692,3.170861244
17:10:36,2.528393269,3.129370689,3.171105146
17:10:36,2.528402805,3.129216433,3.17122817
17:10:36,2.527387857,3.13000989,3.171564341
17:10:36,2.528768063,3.128916979,3.170770884
17:10:36,2.526949167,3.128991127,3.17237711
17:10:36,2.527390718,3.129620075,3.170866728
17:10:36,2.526682854,3.128082275,3.1714499
17:10:36,2.525420189,3.129232407,3.172360182
17:10:36,2.526287079,3.129029751,3.173032045
17:10:36,2.526045084,3.129100323,3.172849178
17:10:36,2.524585247,3.129309893,3.170713902
17:10:36,2.524945498,3.129142046,3.172039509
17:10:36,2.525738001,3.129131079,3.171945333
17:10:36,2.524556398,3.128522635,3.170717478
17:10:36,2.523614645,3.128484726,3.171215296
17:10:36,2.524825573,3.128718853,3.170791149
17:10:36,2.52398324,3.129957199,3.171026468
17:10:36,2.525215387,3.129799128,3.17027235
17:10:36,2.525485992,3.128762722,3.170386791
17:10:36,2.525225878,3.129291773,3.170675755
17:10:36,2.526112556,3.128966331,3.169659615
17:10:36,2.526064396,3.128942966,3.168635607
17:10:36,2.526125431,3.128950834,3.170065165
17:10:36,2.525630236,3.129579782,3.167581081
17:10:36,2.525820494,3.128774881,3.16745162
17:10:36,2.527179718,3.129221678,3.167072296
17:10:36,2.526896238,3.128774881,3.167591572
17:10:37,2.528539658,3.129318237,3.168064594
17:10:37,2.529888391,3.129500389,3.166980028
17:10:37,2.528195858,3.128560305,3.167005777
17:10:37,2.528356314,3.129319429,3.166995287
17:10:37,2.530035257,3.129919052,3.166919708
17:10:37,2.529901981,3.128700256,3.166806936
17:10:37,2.531021833,3.129153728,3.167660713
17:10:37,2.530200243,3.129723787,3.16841197
17:10:37,2.530484676,3.129574537,3.166752338
17:10:37,2.529203653,3.12863493,3.167227983
17:10:37,2.530009985,3.128821373,3.166978836
17:10:37,2.530446529,3.12947154,3.168298006
17:10:37,2.529424906,3.129224539,3.167881727
17:10:37,2.529819727,3.128556728,3.16880393
17:10:37,2.530099869,3.129752636,3.17100668
17:10:37,2.530418396,3.129408836,3.170806408
17:10:37,2.529396296,3.128329039,3.171155453
17:10:37,2.529774904,3.128054619,3.171402216
17:10:37,2.530266047,3.129379511,3.171867847
17:10:37,2.529258966,3.12858057,3.171113491
17:10:37,2.529923439,3.127929449,3.170992374
17:10:37,2.529775381,3.129533291,3.17169404
17:10:37,2.52973032,3.129135132,3.171835661
17:10:37,2.529252529,3.127904415,3.170848846
17:10:37,2.529385567,3.128093719,3.171278954
17:10:37,2.529905319,3.129740477,3.170446873
17:10:37,2.529455662,3.129610777,3.171698093
17:10:37,2.528809786,3.129295349,3.169924498
17:10:37,2.52963233,3.12960577,3.171596766
17:10:37,2.528352499,3.130078554,3.171800137
17:10:37,2.528370619,3.128623247,3.170752764
17:10:37,2.527714729,3.128348351,3.171780348
17:10:37,2.527443171,3.130181789,3.171804428
17:10:37,2.526875019,3.130029678,3.171421051
17:10:37,2.526734829,3.128302336,3.170612812
17:10:37,2.526747227,3.129604101,3.172780752
17:10:37,2.52563858,3.130062342,3.171378136
17:10:37,2.52494359,3.12847352,3.171445847
17:10:37,2.525720835,3.127714872,3.172160387
17:10:37,2.525331259,3.129915714,3.173238993
17:10:37,2.524536371,3.129159451,3.173149109
17:10:37,2.524423599,3.128132343,3.173383236
17:10:37,2.525642395,3.12909174,3.17186451
17:10:37,2.524894714,3.129405022,3.171430826
17:10:37,2.524520874,3.1289289,3.171311855
17:10:37,2.525424719,3.128564119,3.172156811
17:10:37,2.524558544,3.129844189,3.173083305
17:10:37,2.524837732,3.129332781,3.171430349
17:10:37,2.525588751,3.127803564,3.172053814
17:10:37,2.525896549,3.129831553,3.17164588
17:10:37,2.526348829,3.129182339,3.17046833
17:10:37,2.5261271,3.128539085,3.169100046
17:10:37,2.525533199,3.129455328,3.169783831
17:10:37,2.526655197,3.12959075,3.16912055
17:10:37,2.526582479,3.129482031,3.168996096
17:10:37,2.526373863,3.129300594,3.168108702
17:10:37,2.527459383,3.130164862,3.167835712
17:10:37,2.527983665,3.128839493,3.167659044
17:10:37,2.527612209,3.128834009,3.16761899
17:10:37,2.52782011,3.128901958,3.167006969
17:10:37,2.529001236,3.130152941,3.168491602
17:10:37,2.529497623,3.129101753,3.167742252
17:10:37,2.530082226,3.128651381,3.168762684
17:10:37,2.529525995,3.129231453,3.16801405
17:10:37,2.529885769,3.129232407,3.166801214
17:10:37,2.529545784,3.129009485,3.166302204
17:10:37,2.530051947,3.128720999,3.167103767
17:10:37,2.53078866,3.129007339,3.1674788
17:10:37,2.530792713,3.128848314,3.16836834
17:10:37,2.53191328,3.128842592,3.16697669
17:10:37,2.530519009,3.130117178,3.169300318
17:10:37,2.530512094,3.129599333,3.169713736
17:10:37,2.530679703,3.128092766,3.170010567
17:10:37,2.531052589,3.128595114,3.169194221
17:10:37,2.531006813,3.1299088,3.169932127
17:10:37,2.5309484,3.128627062,3.170248032
17:10:37,2.530427694,3.129621267,3.170902014
17:10:37,2.529004574,3.128976822,3.171104193
17:10:37,2.52915287,3.128573179,3.171068907
17:10:37,2.529630184,3.128308058,3.172755957
17:10:37,2.529719114,3.128638744,3.172525883
17:10:37,2.528447866,3.128525734,3.171563148
17:10:37,2.528104067,3.128831625,3.171753883
17:10:37,2.528601408,3.129056931,3.170985699
17:10:37,2.528617382,3.128942013,3.171168089
17:10:37,2.527893543,3.128700256,3.170250893
17:10:37,2.52870965,3.129174232,3.171580553
17:10:37,2.528366327,3.129572868,3.171524286
17:10:37,2.527806044,3.128530979,3.171299219
17:10:37,2.527907372,3.128597736,3.17074585
17:10:37,2.527462959,3.12869525,3.172544479
17:10:37,2.526420832,3.129466295,3.171790838
17:10:37,2.52592063,3.128769875,3.171507835
17:10:37,2.526915312,3.12875104,3.172149897
17:10:37,2.526924849,3.12907815,3.172002554
17:10:37,2.526291609,3.128302813,3.171077728
17:10:37,2.526058912,3.128396273,3.171147823
17:10:37,2.526356936,3.128629446,3.171352386
17:10:37,2.526741028,3.12871933,3.171737909
17:10:37,2.526200771,3.129032612,3.171395302
17:10:37,2.526649952,3.128465414,3.17210412
17:10:37,2.526369572,3.129544735,3.172101974
17:10:37,2.52581811,3.128686905,3.172344923
17:10:37,2.526675701,3.12865591,3.171542406
17:10:37,2.525482416,3.128748655,3.171466827
17:10:37,2.526113033,3.128514767,3.171118259
17:10:37,2.52555871,3.128149748,3.171461582
17:10:37,2.526205063,3.129300594,3.172807693
17:10:37,2.525868893,3.128940821,3.171278715
17:10:37,2.526928663,3.128973484,3.170180559
17:10:37,2.527139425,3.129015923,3.169264555
17:10:37,2.526736975,3.129576206,3.169656277
17:10:37,2.525973558,3.129528522,3.167271137
17:10:37,2.527084827,3.129386187,3.168991089
17:10:37,2.527138948,3.129099607,3.168792009
17:10:37,2.526551247,3.130668163,3.168477297
17:10:37,2.527553082,3.129087448,3.168630838
17:10:37,2.528086185,3.129588366,3.167817116
17:10:38,2.528276682,3.129838228,3.167932034
17:10:38,2.529314518,3.129499197,3.167834044
17:10:38,2.530137539,3.12927556,3.166586161
17:10:38,2.530489922,3.129576921,3.167404175
17:10:38,2.529835939,3.129338026,3.167607546
17:10:38,2.531252384,3.12838459,3.1674757
17:10:38,2.53134656,3.129219294,3.168094873
17:10:38,2.531090498,3.128989935,3.168714523
17:10:38,2.531275511,3.12913847,3.16795373
17:10:38,2.532128572,3.129496813,3.16843152
17:10:38,2.530902624,3.128613472,3.167672396
17:10:38,2.53066206,3.129832029,3.168067694
17:10:38,2.530664682,3.129246235,3.170709133
17:10:38,2.531253576,3.128638029,3.170014858
17:10:38,2.530337572,3.129081488,3.171324492
17:10:38,2.530228138,3.128680706,3.171070099
17:10:38,2.530107975,3.128724098,3.171228647
17:10:38,2.530101299,3.129272699,3.171159983
17:10:38,2.530112267,3.12933588,3.171594858
17:10:38,2.528947592,3.12907815,3.172395229
17:10:38,2.529254198,3.129657269,3.172188282
17:10:38,2.528319836,3.129159927,3.172663927
17:10:38,2.529088497,3.128847837,3.171990395
17:10:38,2.529172659,3.12928772,3.172025442
17:10:38,2.528903484,3.129492998,3.17192626
17:10:38,2.52840662,3.129474163,3.171328545
17:10:38,2.528997421,3.129112244,3.170974731
17:10:38,2.528335571,3.129150629,3.171513319
17:10:38,2.528119326,3.128483295,3.170732498
17:10:38,2.527707338,3.128815413,3.172102928
17:10:38,2.526640654,3.129103422,3.172327995
17:10:38,2.527146578,3.128793716,3.171732187
17:10:38,2.526148558,3.129050255,3.172534227
17:10:38,2.526768684,3.128577232,3.171200275
17:10:38,2.527083158,3.128079891,3.170844555
17:10:38,2.526420832,3.128787041,3.170973539
17:10:38,2.525505781,3.12846446,3.17079711
17:10:38,2.526108503,3.128500462,3.172058105
17:10:38,2.526572227,3.129282236,3.172429323
17:10:38,2.525816917,3.129349947,3.171770573
17:10:38,2.525281668,3.129164457,3.171442747
17:10:38,2.525467157,3.128604174,3.170537949
17:10:38,2.52542305,3.128883362,3.172112942
17:10:38,2.525589943,3.128172874,3.16995883
17:10:38,2.52589035,3.12921524,3.172354221
17:10:38,2.526261091,3.128691196,3.171784639
17:10:38,2.525846481,3.130197287,3.170874834
17:10:38,2.526332617,3.129312754,3.170190334
17:10:38,2.526442289,3.128446817,3.169463873
17:10:38,2.526712418,3.130087852,3.169700861
17:10:38,2.526707172,3.128593922,3.168890476
17:10:38,2.526198149,3.12806344,3.170087099
17:10:38,2.52688241,3.130014658,3.170553207
17:10:38,2.52637434,3.13027215,3.169090748
17:10:38,2.527649403,3.128718138,3.167711496
17:10:38,2.527031183,3.129038334,3.168565512
17:10:38,2.527500629,3.129496098,3.16856122
17:10:38,2.529138803,3.12865591,3.167159081
17:10:38,2.528917551,3.1285851,3.166827202
17:10:38,2.529096603,3.130329609,3.166172504
17:10:38,2.528931856,3.129161596,3.166806459
17:10:38,2.529062748,3.129420996,3.167484283
17:10:38,2.529896498,3.12850976,3.167342663
17:10:38,2.529400349,3.129919052,3.169149637
17:10:38,2.53066802,3.129455805,3.167529583
17:10:38,2.530548334,3.1286726,3.168453217
17:10:38,2.531094551,3.129261255,3.169113636
17:10:38,2.530541897,3.129674435,3.169485092
17:10:38,2.531283855,3.128968239,3.168262959
17:10:38,2.530419588,3.128722191,3.16845274
17:10:38,2.529411793,3.130224228,3.169245005
17:10:38,2.529108286,3.128389835,3.170237064
17:10:38,2.52946949,3.129202366,3.171873808
17:10:38,2.529595137,3.129794598,3.171200275
17:10:38,2.529627323,3.129879236,3.172576189
17:10:38,2.529801846,3.12836647,3.171533585
17:10:38,2.529251337,3.129229069,3.172089577
17:10:38,2.529276848,3.129975557,3.172184229
17:10:38,2.529628992,3.127935648,3.171759367
17:10:38,2.529744625,3.127720833,3.171514273
17:10:38,2.528409481,3.130057812,3.172061682
17:10:38,2.528720856,3.129942179,3.171740294
17:10:38,2.52832365,3.127874613,3.172439098
17:10:38,2.52843523,3.129475355,3.171702623
17:10:38,2.529197931,3.130470753,3.172992706
17:10:38,2.528273344,3.127752304,3.171612024
17:10:38,2.528976202,3.129431248,3.171334982
17:10:38,2.529267073,3.129175901,3.171308279
17:10:38,2.52840066,3.128992319,3.172626019
17:10:38,2.527774811,3.129092455,3.170762062
17:10:38,2.527752161,3.128856421,3.171124935
17:10:38,2.52786541,3.128537416,3.171190262
17:10:38,2.526829243,3.129022837,3.170597792
17:10:38,2.526278973,3.128535509,3.170898914
17:10:38,2.52553606,3.128957987,3.170637846
17:10:38,2.526024103,3.129374504,3.170986891
17:10:38,2.527257442,3.12913847,3.172240496
17:10:38,2.527020216,3.129142046,3.172545433
17:10:38,2.526724577,3.130656719,3.17090559
17:10:38,2.527641535,3.128862858,3.169950247
17:10:38,2.526995182,3.128876686,3.170812607
17:10:38,2.526528358,3.129660606,3.170945168
17:10:38,2.526486158,3.129112244,3.171438932
17:10:38,2.525886774,3.128302336,3.170781851
17:10:38,2.526271343,3.129239559,3.171099186
17:10:38,2.525331736,3.130390882,3.171444178
17:10:38,2.525608063,3.127932072,3.170482874
17:10:38,2.526141405,3.128279209,3.169965029
17:10:38,2.525979757,3.130371809,3.169966459
17:10:38,2.525734901,3.129965544,3.17011857
17:10:38,2.526833534,3.128744602,3.169188738
17:10:38,2.526694298,3.130442619,3.169677258
17:10:38,2.526852131,3.130677938,3.167432547
17:10:38,2.526874304,3.12891221,3.167710304
17:10:38,2.526652336,3.129674911,3.16975379
17:10:38,2.527135372,3.130749941,3.16912055
17:10:38,2.527549982,3.130325079,3.16846633
17:10:39,2.529140711,3.129590273,3.16742897
17:10:39,2.52935338,3.130582571,3.16724205
17:10:39,2.529133797,3.129832745,3.168107033
17:10:39,2.530302763,3.12893486,3.166547298
17:10:39,2.530699015,3.130546093,3.167447567
17:10:39,2.530153036,3.13019228,3.167212009
17:10:39,2.530804157,3.129464626,3.16742444
17:10:39,2.531340599,3.129376888,3.168386936
17:10:39,2.530999422,3.129272699,3.168636084
17:10:39,2.531077623,3.129730701,3.169797421
17:10:39,2.530608654,3.12920475,3.170171261
17:10:39,2.530782223,3.130230665,3.170515776
17:10:39,2.53064847,3.130214453,3.170043707
17:10:39,2.530895233,3.129009962,3.169639349
17:10:39,2.530128717,3.129229069,3.172127247
17:10:39,2.529597521,3.130539179,3.172157764
17:10:39,2.529296637,3.129598618,3.171936274
17:10:39,2.529811144,3.128756285,3.173272133
17:10:39,2.528859138,3.130049706,3.173115253
17:10:39,2.529676676,3.12939024,3.171832085
17:10:39,2.528927326,3.129160643,3.174045801
17:10:39,2.529153585,3.128979445,3.173132181
17:10:39,2.528535843,3.130660295,3.173320293
17:10:39,2.527282,3.129776955,3.173887968
17:10:39,2.527770758,3.128373146,3.17252636
17:10:39,2.526975632,3.129745245,3.1707232
17:10:39,2.527417898,3.129252195,3.171272755
17:10:39,2.52816987,3.129066467,3.171341896
17:10:39,2.52814889,3.130191803,3.171907187
17:10:39,2.527683258,3.130250931,3.17051816
17:10:39,2.527462959,3.129541874,3.170570612
17:10:39,2.527435064,3.129279137,3.17143178
17:10:39,2.527142286,3.129982948,3.170596123
17:10:39,2.526404619,3.129914999,3.170960188
17:10:39,2.526965857,3.128235579,3.170806885
17:10:39,2.526791573,3.13006568,3.170622826
17:10:39,2.525704622,3.129465818,3.169275045
17:10:39,2.526214361,3.128141642,3.170322895
17:10:39,2.527148247,3.129838705,3.171090364
17:10:39,2.525530815,3.129539967,3.170385599
17:10:39,2.526319742,3.128395796,3.170122623
17:10:39,2.52732563,3.127916336,3.170548201
17:10:39,2.52696085,3.129665613,3.171835661
17:10:39,2.527778864,3.129680634,3.171483517
17:10:39,2.527718782,3.128564119,3.170859098
17:10:39,2.5273664,3.129259109,3.170964241
17:10:39,2.527076006,3.129455805,3.169944048
17:10:39,2.525896549,3.128665924,3.170210123
17:10:39,2.525993347,3.128263712,3.16966939
17:10:39,2.525382519,3.129757404,3.168699503
17:10:39,2.526187181,3.12910223,3.169411182
17:10:39,2.526292086,3.128631115,3.169664145
17:10:39,2.526974201,3.129923582,3.168579578
17:10:39,2.525960684,3.130228281,3.168453932
17:10:39,2.526054382,3.129059792,3.168526411
17:10:39,2.527308702,3.128989935,3.169204235
17:10:39,2.527598143,3.13016367,3.168082952
17:10:39,2.527977705,3.129393816,3.167967319
17:10:39,2.527610064,3.129479647,3.168425322
17:10:39,2.528348923,3.129909515,3.167670012
17:10:39,2.527899265,3.12980628,3.167546511
17:10:39,2.52798295,3.129350662,3.168952227
17:10:39,2.529915333,3.128295183,3.167305231
17:10:39,2.528955936,3.13005662,3.168027401
17:10:39,2.529251337,3.129970312,3.167393684
17:10:39,2.529160976,3.129264593,3.169245481
17:10:39,2.530092001,3.130017519,3.169273853
17:10:39,2.529330492,3.129938602,3.16950345
17:10:39,2.530367851,3.129113197,3.169313431
17:10:39,2.5307374,3.128823519,3.169187069
17:10:39,2.531048775,3.130218506,3.169211149
17:10:39,2.529832125,3.129399538,3.170291662
17:10:39,2.530505896,3.128593445,3.169445753
17:10:39,2.528719664,3.129595757,3.171481609
17:10:39,2.528992414,3.129523516,3.170906782
17:10:39,2.528892517,3.128862858,3.172891617
17:10:39,2.529591084,3.128954887,3.172329903
17:10:39,2.529078245,3.130103827,3.173163652
17:10:39,2.529258251,3.129515648,3.173046112
17:10:39,2.529542208,3.129164934,3.172449112
17:10:39,2.529971838,3.130190849,3.173752069
17:10:39,2.529357195,3.129868746,3.173871756
17:10:39,2.529002428,3.12879014,3.172262669
17:10:39,2.529109478,3.129042387,3.171947241
17:10:39,2.528858185,3.13016367,3.172387123
17:10:39,2.528453827,3.129454613,3.172655582
17:10:39,2.528292179,3.129081488,3.171959877
17:10:39,2.528455734,3.129754782,3.171422482
17:10:39,2.528037786,3.129318953,3.170337677
17:10:39,2.528013945,3.128712893,3.170454741
17:10:39,2.527417898,3.129076481,3.170177937
17:10:39,2.526884317,3.128960133,3.170463085
17:10:39,2.527130604,3.128493309,3.170805931
17:10:39,2.526022434,3.128201008,3.17028451
17:10:39,2.526641369,3.129395485,3.169348955
17:10:39,2.527680874,3.128537893,3.170237064
17:10:39,2.52715683,3.128145218,3.170727968
17:10:39,2.527094603,3.129354477,3.16960454
17:10:39,2.526923656,3.129817247,3.170162678
17:10:39,2.526891708,3.128131151,3.171117067
17:10:39,2.526785135,3.127857208,3.171738625
17:10:39,2.526586771,3.129624128,3.171766043
17:10:39,2.526958466,3.128213644,3.172069788
17:10:39,2.527299404,3.127856731,3.170641899
17:10:39,2.527838707,3.128706217,3.170341969
17:10:39,2.526388168,3.128978014,3.170423508
17:10:39,2.525880337,3.128494263,3.169873953
17:10:39,2.525887966,3.128895044,3.169121265
17:10:39,2.525189161,3.129036665,3.169670582
17:10:39,2.524864912,3.12844348,3.168936968
17:10:39,2.525365353,3.128825426,3.168689251
17:10:39,2.525773764,3.129330397,3.170162678
17:10:39,2.526614189,3.128759384,3.168189526
17:10:39,2.526066542,3.128173828,3.167478323
17:10:39,2.525523901,3.128630638,3.167233229
17:10:40,2.526067257,3.128758907,3.16729784
17:10:40,2.526312351,3.128510952,3.169192553
17:10:40,2.527036428,3.129343033,3.167307138
17:10:40,2.528198957,3.129503727,3.167845488
17:10:40,2.528445482,3.129096985,3.167074203
17:10:40,2.528786421,3.128794193,3.168276072
17:10:40,2.52973032,3.129147768,3.167137623
17:10:40,2.529504538,3.12964201,3.167728424
17:10:40,2.529898882,3.12846446,3.168365955
17:10:40,2.530333519,3.128487825,3.167645216
17:10:40,2.530124664,3.129843712,3.168664455
17:10:40,2.530672789,3.128868341,3.170181274
17:10:40,2.531202555,3.129295826,3.169543028
17:10:40,2.53145647,3.129557133,3.168840647
17:10:40,2.531538486,3.128686428,3.170210123
17:10:40,2.530809402,3.128766775,3.169880867
17:10:40,2.530149221,3.129114389,3.169954062
17:10:40,2.531154394,3.130012989,3.171392441
17:10:40,2.528998852,3.12870717,3.170832396
17:10:40,2.529399157,3.128522635,3.172451258
17:10:40,2.529762983,3.129765272,3.172444344
17:10:40,2.529197931,3.129543543,3.173016071
17:10:40,2.529283524,3.128600121,3.172994375
17:10:40,2.530329466,3.129502058,3.172676086
17:10:40,2.529401541,3.130975723,3.172173262
17:10:40,2.528570414,3.128885746,3.173457623
17:10:40,2.528380394,3.129002094,3.172838688
17:10:40,2.529480457,3.130395889,3.172715187
17:10:40,2.529130936,3.128699064,3.171928167
17:10:40,2.528329134,3.128639221,3.172161579
17:10:40,2.528245926,3.129607439,3.172099829
17:10:40,2.527963877,3.129940033,3.172641993
17:10:40,2.529110432,3.128491879,3.170869827
17:10:40,2.528082371,3.129299402,3.17133832
17:10:40,2.527514696,3.130146503,3.171059608
17:10:40,2.526809692,3.128876209,3.169893026
17:10:40,2.527406931,3.128769875,3.169545412
17:10:40,2.526335239,3.129587173,3.170337677
17:10:40,2.526248932,3.130145311,3.169603825
17:10:40,2.526655197,3.128311872,3.170898914
17:10:40,2.527277946,3.128976345,3.170816898
17:10:40,2.527345896,3.129885674,3.171200752
17:10:40,2.526561737,3.129202366,3.170721054
17:10:40,2.526298046,3.128848314,3.171469212
17:10:40,2.526245594,3.129450798,3.171826363
17:10:40,2.525684834,3.130167961,3.171478271
17:10:40,2.526298046,3.12894702,3.170552015
17:10:40,2.526150227,3.129169941,3.171361685
17:10:40,2.52585578,3.129806757,3.171996355
17:10:40,2.525272131,3.128211975,3.170248032
17:10:40,2.525884151,3.129259586,3.17019105
17:10:40,2.525910616,3.129752636,3.170611143
17:10:40,2.523990154,3.129428387,3.170066118
17:10:40,2.525556326,3.128022909,3.169327974
17:10:40,2.525681496,3.129413366,3.168605328
17:10:40,2.524882555,3.129561424,3.167029142
17:10:40,2.526078463,3.128049135,3.166875601
17:10:40,2.526526213,3.128950119,3.166906357
17:10:40,2.52662158,3.129366636,3.167176485
17:10:40,2.526377678,3.130283594,3.168169022
17:10:40,2.52776432,3.128909349,3.168233395
17:10:40,2.527326107,3.12900281,3.168558121
17:10:40,2.52777195,3.130402803,3.168207645
17:10:40,2.529961586,3.12858963,3.166795015
17:10:40,2.530704737,3.129262924,3.167522669
17:10:40,2.530652761,3.130189657,3.168812752
17:10:40,2.529523134,3.129446507,3.16804409
17:10:40,2.530279398,3.128960609,3.16820693
17:10:40,2.530988216,3.129773378,3.168420076
17:10:40,2.531244516,3.129784822,3.168913364
17:10:40,2.530874729,3.128800869,3.169010878
17:10:40,2.530808926,3.129061937,3.17062974
17:10:40,2.531065464,3.130023718,3.169594765
17:10:40,2.529815674,3.129862547,3.169084072
17:10:40,2.530896425,3.129166842,3.171152592
17:10:40,2.530356646,3.129904032,3.171997547
17:10:40,2.530415297,3.129350662,3.171643972
17:10:40,2.530946255,3.129603624,3.170863867
17:10:40,2.530951977,3.1302917,3.17259717
17:10:40,2.529458046,3.129121065,3.172718048
17:10:40,2.529445648,3.129271746,3.173513412
17:10:40,2.529763937,3.129987001,3.173153639
17:10:40,2.529322863,3.129925251,3.173038006
17:10:40,2.527469158,3.128744602,3.172138214
17:10:40,2.527853966,3.130073309,3.172895193
17:10:40,2.528162003,3.129805565,3.17242527
17:10:40,2.527674675,3.128952503,3.172479391
17:10:40,2.527787447,3.129152775,3.17287302
17:10:40,2.527859688,3.13101387,3.171054363
17:10:40,2.527094603,3.129495144,3.170472383
17:10:40,2.526838541,3.128654957,3.170438051
17:10:40,2.527748585,3.130208731,3.170674562
17:10:40,2.526630878,3.130493402,3.1707232
17:10:40,2.527055264,3.128969193,3.171968699
17:10:40,2.526812553,3.128579378,3.17181468
17:10:40,2.527472258,3.129957199,3.169068098
17:10:40,2.52682519,3.13019228,3.170492649
17:10:40,2.526616335,3.128745317,3.170060635
17:10:40,2.526701927,3.129908085,3.170980453
17:10:40,2.5262568,3.130396366,3.170666456
17:10:40,2.526017427,3.128701925,3.169564486
17:10:40,2.525331736,3.128165245,3.171723604
17:10:40,2.525795937,3.130445242,3.171517134
17:10:40,2.526199341,3.129067659,3.170583963
17:10:40,2.525575638,3.128501654,3.171043396
17:10:40,2.526445389,3.130249023,3.171154976
17:10:40,2.526210546,3.129428864,3.172054529
17:10:40,2.525211334,3.127919436,3.170438051
17:10:40,2.525401115,3.129168749,3.170211077
17:10:40,2.525995016,3.129129648,3.169641018
17:10:40,2.525253057,3.128843069,3.170478821
17:10:40,2.525898933,3.128381491,3.168991089
17:10:40,2.524793863,3.129730701,3.168600082
17:10:40,2.524453163,3.129168034,3.16886735
17:10:40,2.525217056,3.128265858,3.16766715
17:10:40,2.524957657,3.129028797,3.169108868
17:10:40,2.526292801,3.12995553,3.168929338
17:10:40,2.527215719,3.12825799,3.167749166
17:10:40,2.527645588,3.128710747,3.168047905
17:10:41,2.527516603,3.129444838,3.167158365
17:10:41,2.527802229,3.129092455,3.167154312
17:10:41,2.527583838,3.129208803,3.166942835
17:10:41,2.529167652,3.127924442,3.167886019
17:10:41,2.529186249,3.129217625,3.16808939
17:10:41,2.528542042,3.127623558,3.168101072
17:10:41,2.530345678,3.12847662,3.167242765
17:10:41,2.530568838,3.130333424,3.167806625
17:10:41,2.530295134,3.128244638,3.16851306
17:10:41,2.531233311,3.128714085,3.168646097
17:10:41,2.532471895,3.129179478,3.169183731
17:10:41,2.5319736,3.128522635,3.170181751
17:10:41,2.531743765,3.129894733,3.170204639
17:10:41,2.5315907,3.127963066,3.169650793
17:10:41,2.530277014,3.129358053,3.17057991
17:10:41,2.530672073,3.129193068,3.172192812
17:10:41,2.531033993,3.128396749,3.170081377
17:10:41,2.531271935,3.12947917,3.171240807
17:10:41,2.53069973,3.128652096,3.170750618
17:10:41,2.529706478,3.129021645,3.171188354
17:10:41,2.530399799,3.129045963,3.170982599
17:10:41,2.528948069,3.128849983,3.172451258
17:10:41,2.529613733,3.129281521,3.172117949
17:10:41,2.529187441,3.128759384,3.17175889
17:10:41,2.528510094,3.129193068,3.171247482
17:10:41,2.5276618,3.129394293,3.173115253
17:10:41,2.526734829,3.129304409,3.171049833
17:10:41,2.528023958,3.128796577,3.170993567
17:10:41,2.526179075,3.129901171,3.172489405
17:10:41,2.526206732,3.128041267,3.172261238
17:10:41,2.526962042,3.128489017,3.171596766
17:10:41,2.526166677,3.130040169,3.171743155
17:10:41,2.525240898,3.129247427,3.17201376
17:10:41,2.524584293,3.128784418,3.17293644
17:10:41,2.526190281,3.128930807,3.170418501
17:10:41,2.524638414,3.129282236,3.170378685
17:10:41,2.526426792,3.12873888,3.172368526
17:10:41,2.526509285,3.128340483,3.172845364
17:10:41,2.526152611,3.129264593,3.170933962
17:10:41,2.525605917,3.128176928,3.171314716
17:10:41,2.527664185,3.12880969,3.171535254
17:10:41,2.525699615,3.129318953,3.173144102
17:10:41,2.525240898,3.130011797,3.171578884
17:10:41,2.525862932,3.129058599,3.169415712
17:10:41,2.526718378,3.129858494,3.171119928
17:10:41,2.525930405,3.129677534,3.172343254
17:10:41,2.526150227,3.129089832,3.169893026
17:10:41,2.525898933,3.128537416,3.170288324
17:10:41,2.525815725,3.128750324,3.169520855
17:10:41,2.525164604,3.129379511,3.167796135
17:10:41,2.526777506,3.128566742,3.169596434
17:10:41,2.526299953,3.128011465,3.16846323
17:10:41,2.52672267,3.129436493,3.168546915
17:10:41,2.527886868,3.128643274,3.167682886
17:10:41,2.526758909,3.128867388,3.169019461
17:10:41,2.526629686,3.128865004,3.167479515
17:10:41,2.52671957,3.129208326,3.168475389
17:10:41,2.527448416,3.12863636,3.168063879
17:10:41,2.52904439,3.128415108,3.168474674
17:10:41,2.528409481,3.129323959,3.16852808
17:10:41,2.529042006,3.128439426,3.167640209
17:10:41,2.528722525,3.128159761,3.167952299
17:10:41,2.529411793,3.12840271,3.168185949
17:10:41,2.530418396,3.12966466,3.169930458
17:10:41,2.530210257,3.12915659,3.168771744
17:10:41,2.53074789,3.128142357,3.167861938
17:10:41,2.532421112,3.130072117,3.170537233
17:10:41,2.530721664,3.128925562,3.169276237
17:10:41,2.531301022,3.128956079,3.168769836
17:10:41,2.531886578,3.128934145,3.167305231
17:10:41,2.531836987,3.129143715,3.170283556
17:10:41,2.530653477,3.129438162,3.170080185
17:10:41,2.531133652,3.129711628,3.171284437
17:10:41,2.530506372,3.129420519,3.170152187
17:10:41,2.530238867,3.12855792,3.170796633
17:10:41,2.53114152,3.128537416,3.17056632
17:10:41,2.529731989,3.128905535,3.171432257
17:10:41,2.529480457,3.129065514,3.170596123
17:10:41,2.528540373,3.129206419,3.170781136
17:10:41,2.530434847,3.129309893,3.172018051
17:10:41,2.528575897,3.129743338,3.172661066
17:10:41,2.530109167,3.129229784,3.172927141
17:10:41,2.528920412,3.12881422,3.171013355
17:10:41,2.529121161,3.129554033,3.170698166
17:10:41,2.527747393,3.130202293,3.171715498
17:10:41,2.52761364,3.129231691,3.171798468
17:10:41,2.527162075,3.129226685,3.172086477
17:10:41,2.526827097,3.129131079,3.171739101
17:10:41,2.525933981,3.129020929,3.17138195
17:10:41,2.5268507,3.129016638,3.171766043
17:10:41,2.525527716,3.127921104,3.171036243
17:10:41,2.526064396,3.128732681,3.171419144
17:10:41,2.525681496,3.12834549,3.171049118
17:10:41,2.525753021,3.128707886,3.172315359
17:10:41,2.525368214,3.12997961,3.171317577
17:10:41,2.525505781,3.129055738,3.171432257
17:10:41,2.526704788,3.129209757,3.172075033
17:10:41,2.526962042,3.129146099,3.17242527
17:10:41,2.526828766,3.129514217,3.171101332
17:10:41,2.527683735,3.129193783,3.170770884
17:10:41,2.52786088,3.129241943,3.170436859
17:10:41,2.527855635,3.129964352,3.170884609
17:10:41,2.52797842,3.129083395,3.169900894
17:10:41,2.526817083,3.129233599,3.170847654
17:10:41,2.527104616,3.129591942,3.170803547
17:10:41,2.526929379,3.129413366,3.168952227
17:10:41,2.526610851,3.128944635,3.169114828
17:10:41,2.527158737,3.130083084,3.169020653
17:10:41,2.527211428,3.129194975,3.168693542
17:10:41,2.52693367,3.129090309,3.169109344
17:10:41,2.527419329,3.129645586,3.16939187
17:10:41,2.526547194,3.130245447,3.168371201
17:10:41,2.527163267,3.129576921,3.169352531
17:10:41,2.52704978,3.129396677,3.168831348
17:10:41,2.527140379,3.129744768,3.170165062
17:10:41,2.527564287,3.12906599,3.168481827
17:10:41,2.528687716,3.12957859,3.168035507
17:10:41,2.528009653,3.128804207,3.167484999
17:10:41,2.52800703,3.12997365,3.167627335
17:10:42,2.529789686,3.129026175,3.167826414
17:10:42,2.52918458,3.128318548,3.169059515
17:10:42,2.528758764,3.129852057,3.169089556
17:10:42,2.529247999,3.129288912,3.168652296
17:10:42,2.530116081,3.129794598,3.169810295
17:10:42,2.530138731,3.129626274,3.169828176
17:10:42,2.529736519,3.129106283,3.169879913
17:10:42,2.530536652,3.12961483,3.169201136
17:10:42,2.530831814,3.129050255,3.169573784
17:10:42,2.530667543,3.12954998,3.169506311
17:10:42,2.530814886,3.129860878,3.170119762
17:10:42,2.53152585,3.129154921,3.17013073
17:10:42,2.530700207,3.129312754,3.170954466
17:10:42,2.530271292,3.130423069,3.170608759
17:10:42,2.531097651,3.129398346,3.170879126
17:10:42,2.530520678,3.128624439,3.172209024
17:10:42,2.529268742,3.12908864,3.171395779
17:10:42,2.529770374,3.128926754,3.171785831
17:10:42,2.528954744,3.129119158,3.172133684
17:10:42,2.529629707,3.128790855,3.171221018
17:10:42,2.528615713,3.129134417,3.171923399
17:10:42,2.529231071,3.128751516,3.170685053
17:10:42,2.5287714,3.12904191,3.171301603
17:10:42,2.528908253,3.12863493,3.171543598
17:10:42,2.527740479,3.128576279,3.171605587
17:10:42,2.527453423,3.129595518,3.171438456
17:10:42,2.527275324,3.128940821,3.17135644
17:10:42,2.527029514,3.12911725,3.171272755
17:10:42,2.526672125,3.129027605,3.171370029
17:10:42,2.526843786,3.128401995,3.173113585
17:10:42,2.526181698,3.12896347,3.17236352
17:10:42,2.525642872,3.129760742,3.172179461
17:10:42,2.52541256,3.128749847,3.171114922
17:10:42,2.525972128,3.128813267,3.171373844
17:10:42,2.526408195,3.128798723,3.170953035
17:10:42,2.525650978,3.129555464,3.17044282
17:10:42,2.525646687,3.128855705,3.171185732
17:10:42,2.526312828,3.129431725,3.170587301
17:10:42,2.52655077,3.129752636,3.170290947
17:10:42,2.526791096,3.128779173,3.172249794
17:10:42,2.526608706,3.128865004,3.170748949
17:10:42,2.526957989,3.129554033,3.170600176
17:10:42,2.527151346,3.129153728,3.170684338
17:10:42,2.527305841,3.129126072,3.170021534
17:10:42,2.527013302,3.129974842,3.169103861
17:10:42,2.526697874,3.129604816,3.168509007
17:10:42,2.527169704,3.128889799,3.168768644
17:10:42,2.526974678,3.12945652,3.168059826
17:10:42,2.52694726,3.130249023,3.168865681
17:10:42,2.526616335,3.129037142,3.17006588
17:10:42,2.52745986,3.129523516,3.170543909
17:10:42,2.526134253,3.128921509,3.169737577
17:10:42,2.527313948,3.129679441,3.17056179
17:10:42,2.526723862,3.129091263,3.168407917
17:10:42,2.527419806,3.129416704,3.168709517
17:10:42,2.527792931,3.129302263,3.167976618
17:10:42,2.5288167,3.129731417,3.168963194
17:10:42,2.528419733,3.129001617,3.168427467
17:10:42,2.528271675,3.129263401,3.169048548
17:10:42,2.529085159,3.130008936,3.168936253
17:10:42,2.529335022,3.129146576,3.16853714
17:10:42,2.529536963,3.128544331,3.169663668
17:10:42,2.529241562,3.129824638,3.169731617
17:10:42,2.530227661,3.129541159,3.169880867
17:10:42,2.529677868,3.129589558,3.169072151
17:10:42,2.529474735,3.129181862,3.170377493
17:10:42,2.529555321,3.130143642,3.16988802
17:10:42,2.529945612,3.129054308,3.170058489
17:10:42,2.530767441,3.12941432,3.170140505
17:10:42,2.529338598,3.129810095,3.170222044
17:10:42,2.530197382,3.128810167,3.171536922
17:10:42,2.529832125,3.12891221,3.171430349
17:10:42,2.529773712,3.128261566,3.172028065
17:10:42,2.530330658,3.129491806,3.172420502
17:10:42,2.530394077,3.128474474,3.170922279
17:10:42,2.530224085,3.129569292,3.171912193
17:10:42,2.529119253,3.129747868,3.17121172
17:10:42,2.527415276,3.128432512,3.171177387
17:10:42,2.528470516,3.128558636,3.172415972
17:10:42,2.528369427,3.12927556,3.170176268
17:10:42,2.527744293,3.129314899,3.170469522
17:10:42,2.527936459,3.128769875,3.171580076
17:10:42,2.52790904,3.128117561,3.171663284
17:10:42,2.52855134,3.129495621,3.172350883
17:10:42,2.52734828,3.128120184,3.171165466
17:10:42,2.527301073,3.128898382,3.171181679
17:10:42,2.527218103,3.128714085,3.171384811
17:10:42,2.526798487,3.129356861,3.170425177
17:10:42,2.526962519,3.128504276,3.169982672
17:10:42,2.525987387,3.128149748,3.169942141
17:10:42,2.526260376,3.129538774,3.1714046
17:10:42,2.526382685,3.128984213,3.171752453
17:10:42,2.525350809,3.128756285,3.170359612
17:10:42,2.527307034,3.128793716,3.171482563
17:10:42,2.525073528,3.129291773,3.171046019
17:10:42,2.526185751,3.128514767,3.170048237
17:10:42,2.525806427,3.128878117,3.17019105
17:10:42,2.525850296,3.129686356,3.169783831
17:10:42,2.527094603,3.12891221,3.169324398
17:10:42,2.526708841,3.12843132,3.17021513
17:10:42,2.527919054,3.128386497,3.169246197
17:10:42,2.52724576,3.129174232,3.169215441
17:10:42,2.528820992,3.128853559,3.169173956
17:10:42,2.52872014,3.129679441,3.169682741
17:10:42,2.528171301,3.129611492,3.169199228
17:10:42,2.52827239,3.12917304,3.168696165
17:10:42,2.527699232,3.129277945,3.168194532
17:10:42,2.527139902,3.129801512,3.167632103
17:10:42,2.526598692,3.130060673,3.166828871
17:10:42,2.528268099,3.128996849,3.169206142
17:10:42,2.527486801,3.129328728,3.169434309
17:10:42,2.527753592,3.12934041,3.1696527
17:10:42,2.527450085,3.129057646,3.170341015
17:10:42,2.527733326,3.129639626,3.170292616
17:10:42,2.527796745,3.12921977,3.170428753
17:10:42,2.527558804,3.129918575,3.170797825
17:10:43,2.528376341,3.129634142,3.169486523
17:10:43,2.528082371,3.129535913,3.170098782
17:10:43,2.528466702,3.130216122,3.169560909
17:10:43,2.528939009,3.128709555,3.169182777
17:10:43,2.528975725,3.129874706,3.169071198
17:10:43,2.528661489,3.129728079,3.170862675
17:10:43,2.52847743,3.129898548,3.169799328
17:10:43,2.528976202,3.129364967,3.17118001
17:10:43,2.52964592,3.129508495,3.170536757
17:10:43,2.528941154,3.13010788,3.170974731
17:10:43,2.528994799,3.129109144,3.171480656
17:10:43,2.529639482,3.129482508,3.171640396
17:10:43,2.530279875,3.129654169,3.170608759
17:10:43,2.528796911,3.12985158,3.170814991
17:10:43,2.530690432,3.129680634,3.173755646
17:10:43,2.530078411,3.129786253,3.173067093
17:10:43,2.530492783,3.129702091,3.172135353
17:10:43,2.530374289,3.128612757,3.172977924
17:10:43,2.529651403,3.128747463,3.172725677
17:10:43,2.529599428,3.130269766,3.17248106
17:10:43,2.528916836,3.12997961,3.171761274
17:10:43,2.528983116,3.128948689,3.170701742
17:10:43,2.528807878,3.129979849,3.172540903
17:10:43,2.527712584,3.129402399,3.171585798
17:10:43,2.528646946,3.128792048,3.171150208
17:10:43,2.528007269,3.129515171,3.170770168
17:10:43,2.527758598,3.129712105,3.17149353
17:10:43,2.5271945,3.129440546,3.171299219
17:10:43,2.527770042,3.129222393,3.171661377
17:10:43,2.527387857,3.129698277,3.17096138
17:10:43,2.526637793,3.129519939,3.170865059
17:10:43,2.527079344,3.129056931,3.170654297
17:10:43,2.526275396,3.129302502,3.16954422
17:10:43,2.526146889,3.129565954,3.170885801
17:10:43,2.526314974,3.12993288,3.170363665
17:10:43,2.52731514,3.128745317,3.170908213
17:10:43,2.526100159,3.129604101,3.171017647
17:10:43,2.527265072,3.129829168,3.170956135
17:10:43,2.526881218,3.129095316,3.169911861
17:10:43,2.526929855,3.128493786,3.170656681
17:10:43,2.526051998,3.129784107,3.170527935
17:10:43,2.526596785,3.129108667,3.17056632
17:10:43,2.527154684,3.128535032,3.169948339
17:10:43,2.526740313,3.129925251,3.169775724
17:10:43,2.527038097,3.129784107,3.169421673
17:10:43,2.52762413,3.128098488,3.170142889
17:10:43,2.526905537,3.128923655,3.168566704
17:10:43,2.526837349,3.129455805,3.169525623
17:10:43,2.526676416,3.12983036,3.169125319
17:10:43,2.527665377,3.128643274,3.168998718
17:10:43,2.527471781,3.129550457,3.170015097
17:10:43,2.527089834,3.130336046,3.16866231
17:10:43,2.527063131,3.129006863,3.168809891
17:10:43,2.526459217,3.129208803,3.16717124
17:10:43,2.526931763,3.12989068,3.167412281
17:10:43,2.526723385,3.12997365,3.168623447
17:10:43,2.527199507,3.129466295,3.168812752
17:10:43,2.527959347,3.13004446,3.168647766
17:10:43,2.528260708,3.129572868,3.170114994
17:10:43,2.528583527,3.128189564,3.169786692
17:10:43,2.528627872,3.130268574,3.169871092
17:10:43,2.528976202,3.129594803,3.170720339
17:10:43,2.52918148,3.129745722,3.169057131
17:10:43,2.529496908,3.129650593,3.168958426
17:10:43,2.52894187,3.129598618,3.1696558
17:10:43,2.529720306,3.128720999,3.169517994
17:10:43,2.529479504,3.129323006,3.170126915
17:10:43,2.529969215,3.130074501,3.171101332
17:10:43,2.529869795,3.129216433,3.171125889
17:10:43,2.529418945,3.129637957,3.172216415
17:10:43,2.529950142,3.129555941,3.172001839
17:10:43,2.530380249,3.129249811,3.171591043
17:10:43,2.529894352,3.128805161,3.172727108
17:10:43,2.530147314,3.128875494,3.171696901
17:10:43,2.529659271,3.129576206,3.172169685
17:10:43,2.530373335,3.129464626,3.170714617
17:10:43,2.529366493,3.129558325,3.171950579
17:10:43,2.52964282,3.129598141,3.172177315
17:10:43,2.530075788,3.129742622,3.172260046
17:10:43,2.529633522,3.129580975,3.171597958
17:10:43,2.529115915,3.129562616,3.171641827
17:10:43,2.528987885,3.129949331,3.171816587
17:10:43,2.528569937,3.129714489,3.171260595
17:10:43,2.528946161,3.12964654,3.170996189
17:10:43,2.528292179,3.129294634,3.17136693
17:10:43,2.527620316,3.129441023,3.170989275
17:10:43,2.527648449,3.129601479,3.172327995
17:10:43,2.527229071,3.129270077,3.172080755
17:10:43,2.52683568,3.129220486,3.171534061
17:10:43,2.526889324,3.128615379,3.171283007
17:10:43,2.526727676,3.129616499,3.169883966
17:10:43,2.52664423,3.129391909,3.172532558
17:10:43,2.525736094,3.129454136,3.17100215
17:10:43,2.525473833,3.129184723,3.171015263
17:10:43,2.526151419,3.129181862,3.171149492
17:10:43,2.525913,3.128795385,3.171834946
17:10:43,2.525902748,3.129323959,3.170717955
17:10:43,2.526741028,3.128265858,3.170593262
17:10:43,2.526631594,3.129683971,3.169949055
17:10:43,2.526722193,3.129306078,3.170214415
17:10:43,2.527241945,3.12929821,3.170082092
17:10:43,2.52679491,3.128373623,3.168339491
17:10:43,2.526723862,3.128887177,3.167921066
17:10:43,2.526231289,3.129370689,3.167704821
17:10:43,2.526755571,3.129358053,3.169699192
17:10:43,2.527362823,3.129244566,3.168886423
17:10:43,2.527194023,3.130042791,3.169357061
17:10:43,2.527475119,3.1292665,3.168931961
17:10:43,2.527596951,3.129361391,3.168607712
17:10:43,2.52705431,3.128985643,3.1705966
17:10:43,2.526945591,3.129056454,3.168623447
17:10:43,2.528487921,3.129232407,3.169801235
17:10:43,2.526139259,3.129765749,3.168890476
17:10:43,2.525713205,3.129184246,3.170306921
17:10:43,2.526238203,3.129009962,3.169838667
17:10:43,2.527647257,3.129216433,3.169860125
17:10:43,2.526612997,3.129706144,3.168392181
17:10:43,2.526137114,3.12828517,3.168854952
17:10:43,2.527169704,3.129482031,3.170217276
17:10:44,2.527686357,3.129762411,3.171123743
17:10:44,2.527835846,3.129921675,3.170105696
17:10:44,2.528484583,3.129799604,3.170348644
17:10:44,2.529206514,3.129706144,3.169101
17:10:44,2.528869629,3.12942338,3.169506311
17:10:44,2.529163361,3.129149675,3.169097424
17:10:44,2.529791832,3.129778385,3.17000246
17:10:44,2.530487299,3.130213261,3.169777632
17:10:44,2.530618906,3.129108667,3.170345783
17:10:44,2.530585051,3.12980628,3.170011044
17:10:44,2.531388283,3.129704237,3.171065807
17:10:44,2.530773878,3.129479647,3.171935558
17:10:44,2.531140566,3.129313707,3.171658993
17:10:44,2.530252695,3.129995584,3.172871351
17:10:44,2.530480146,3.129906416,3.171182871
17:10:44,2.530739546,3.129921198,3.172803402
17:10:44,2.530705214,3.129817247,3.172343969
17:10:44,2.529849052,3.129858255,3.17112112
17:10:44,2.529939651,3.129298687,3.171140909
17:10:44,2.530399799,3.129287243,3.171095371
17:10:44,2.529179335,3.12980938,3.171673059
17:10:44,2.528931379,3.128909826,3.171318769
17:10:44,2.528687239,3.128929615,3.171210527
17:10:44,2.528153896,3.129830837,3.170591354
17:10:44,2.528107643,3.129592657,3.171370029
17:10:44,2.528090477,3.129577398,3.171318769
17:10:44,2.527245283,3.129453897,3.170555353
17:10:44,2.527330399,3.13019228,3.170931816
17:10:44,2.526675701,3.129743338,3.171097279
17:10:44,2.527168036,3.1289711,3.171096087
17:10:44,2.526976585,3.129675627,3.172151804
17:10:44,2.526924849,3.129997969,3.171745777
17:10:44,2.527106762,3.12904954,3.170636892
17:10:44,2.526458502,3.129298687,3.171865702
17:10:44,2.526437044,3.129537821,3.170896292
17:10:44,2.525434732,3.12875843,3.172382116
17:10:44,2.526046991,3.127875805,3.171380997
17:10:44,2.525955439,3.129466772,3.171355247
17:10:44,2.525420189,3.129408836,3.170362473
17:10:44,2.525937319,3.128593922,3.170752287
17:10:44,2.525965929,3.128859997,3.17005372
17:10:44,2.525686741,3.129835606,3.17005372
17:10:44,2.525830984,3.128592253,3.167843342
17:10:44,2.526747942,3.128866911,3.169010162
17:10:44,2.525871038,3.129182339,3.169495344
17:10:44,2.525924683,3.129128456,3.167402983
17:10:44,2.526109457,3.128099918,3.168011665
17:10:44,2.525897264,3.129099131,3.167308331
17:10:44,2.526343346,3.129706621,3.166810989
17:10:44,2.526497126,3.128433466,3.167788029
17:10:44,2.528016329,3.128835201,3.167975903
17:10:44,2.528024435,3.129372597,3.168087959
17:10:44,2.527039289,3.128236532,3.168440342
17:10:44,2.527725935,3.128427982,3.168339968
17:10:44,2.527880192,3.12949729,3.168841839
17:10:44,2.52665472,3.129099607,3.169369221
17:10:44,2.528574228,3.128700733,3.168562889
17:10:44,2.52787447,3.129413843,3.169118166
17:10:44,2.527547359,3.129490376,3.169667959
17:10:44,2.529494047,3.127328634,3.169454098
17:10:44,2.529490948,3.129318953,3.170279503
17:10:44,2.529446363,3.129285336,3.170289993
17:10:44,2.52964282,3.128816843,3.170722723
17:10:44,2.530563831,3.129900694,3.170477629
17:10:44,2.529564619,3.12973237,3.168549061
17:10:44,2.530478001,3.12921977,3.169111252
17:10:44,2.530100822,3.129174232,3.16865468
17:10:44,2.529967546,3.130237579,3.170125484
17:10:44,2.529416561,3.128155708,3.170866728
17:10:44,2.528809071,3.129183054,3.170759678
17:10:44,2.531095028,3.129745722,3.171730518
17:10:44,2.530781031,3.129341364,3.172659874
17:10:44,2.530623198,3.128605843,3.17294383
17:10:44,2.531361103,3.129724979,3.171473742
17:10:44,2.530164242,3.130077362,3.171315193
17:10:44,2.530593634,3.128907204,3.172430515
17:10:44,2.529004097,3.129657984,3.17188096
17:10:44,2.528168678,3.129710436,3.171325684
17:10:44,2.529460192,3.127758026,3.171255589
17:10:44,2.52968359,3.129453897,3.17215395
17:10:44,2.529651403,3.128895044,3.171887398
17:10:44,2.528772593,3.129240036,3.171766758
17:10:44,2.53004384,3.12826848,3.1718328
17:10:44,2.528236866,3.12983942,3.170507193
17:10:44,2.525974274,3.129022837,3.170409679
17:10:44,2.527927637,3.129216909,3.17019701
17:10:44,2.527567625,3.129150629,3.170432806
17:10:44,2.527068853,3.129383802,3.170394897
17:10:44,2.527206421,3.129418373,3.171165466
17:10:44,2.526340008,3.128911495,3.171365738
17:10:44,2.526483059,3.130094528,3.172468901
17:10:44,2.527032852,3.129691601,3.170881748
17:10:44,2.527142286,3.128943443,3.171657801
17:10:44,2.526044607,3.129325867,3.17054534
17:10:44,2.525325775,3.129845858,3.17175436
17:10:44,2.526002645,3.129607439,3.171471596
17:10:44,2.525067091,3.129566431,3.170543909
17:10:44,2.525826931,3.129837751,3.171278715
17:10:44,2.525832891,3.129111528,3.170440912
17:10:44,2.526445866,3.128541946,3.170884132
17:10:44,2.525316954,3.129218578,3.169086456
17:10:44,2.525093794,3.129343033,3.169907093
17:10:44,2.525738955,3.128840208,3.169768333
17:10:44,2.52509737,3.129024982,3.168920755
17:10:44,2.526690245,3.129139423,3.169874668
17:10:44,2.527714729,3.129662275,3.168515444
17:10:44,2.525982141,3.128939152,3.168933153
17:10:44,2.526926279,3.129205942,3.168607235
17:10:44,2.527642012,3.129529715,3.167837381
17:10:44,2.527488947,3.1284132,3.16816783
17:10:44,2.526025772,3.129128456,3.169008017
17:10:44,2.527189732,3.129460573,3.168798685
17:10:44,2.526985407,3.128978014,3.16939187
17:10:44,2.527001381,3.128037453,3.170381308
17:10:44,2.528906107,3.129009962,3.170362473
17:10:45,2.528739452,3.129085064,3.170622826
17:10:45,2.528657913,3.12888217,3.169902086
17:10:45,2.529147387,3.128898382,3.169821501
17:10:45,2.529020309,3.129403591,3.169944763
17:10:45,2.528442144,3.129608631,3.169283867
17:10:45,2.528432369,3.128525734,3.169041634
17:10:45,2.529450417,3.129886389,3.168711424
17:10:45,2.530099154,3.129174232,3.171034098
17:10:45,2.529879808,3.128623962,3.171016455
17:10:45,2.530348539,3.12914896,3.169327021
17:10:45,2.531388283,3.129360914,3.170607567
17:10:45,2.530794382,3.129683495,3.169425488
17:10:45,2.531296968,3.129360437,3.169960022
17:10:45,2.529615641,3.129710436,3.169760466
17:10:45,2.529532909,3.12911272,3.170197725
17:10:45,2.530074596,3.129887581,3.171280861
17:10:45,2.530447006,3.130109787,3.171070576
17:10:45,2.531068325,3.13024497,3.172177792
17:10:45,2.52978611,3.128485441,3.171573162
17:10:45,2.530542374,3.129375696,3.172348261
17:10:45,2.529901981,3.129055738,3.170402527
17:10:45,2.529563189,3.129285336,3.170474768
17:10:45,2.528547525,3.128899336,3.170455456
17:10:45,2.529331684,3.129009485,3.170422554
17:10:45,2.528759956,3.129632235,3.170402288
17:10:45,2.527984858,3.12947917,3.171122313
17:10:45,2.52734828,3.129407167,3.170541525
17:10:45,2.528172255,3.128712893,3.170374632
17:10:45,2.527928829,3.129341364,3.172548532
17:10:45,2.528452635,3.12923646,3.170960903
17:10:45,2.526666403,3.129090786,3.171422005
17:10:45,2.527705431,3.12901783,3.169917583
17:10:45,2.526942253,3.129469156,3.171668768
17:10:45,2.526152134,3.129064798,3.171308756
17:10:45,2.52606988,3.129177094,3.170798779
17:10:45,2.525128126,3.129559517,3.171413183
17:10:45,2.524808168,3.128938675,3.172390938
17:10:45,2.525027275,3.128653765,3.17215991
17:10:45,2.525785923,3.129384518,3.172321796
17:10:45,2.525910616,3.129810572,3.171001196
17:10:45,2.525742292,3.128920317,3.171150208
17:10:45,2.526201487,3.129430532,3.171654463
17:10:45,2.525269032,3.129295349,3.171063662
17:10:45,2.525330544,3.128876209,3.168830872
17:10:45,2.525146723,3.128824711,3.169443607
17:10:45,2.524805307,3.129639149,3.169508696
17:10:45,2.525667429,3.128954172,3.169960737
17:10:45,2.525509119,3.128938198,3.170049906
17:10:45,2.526661634,3.128422976,3.168992758
17:10:45,2.527127981,3.129696131,3.169785023
17:10:45,2.527164936,3.128613472,3.169445276
17:10:45,2.52770257,3.129120588,3.169361115
17:10:45,2.526565075,3.13004446,3.168409109
17:10:45,2.527387857,3.128961086,3.169317722
17:10:45,2.527177095,3.128874302,3.168544292
17:10:45,2.527286768,3.128338814,3.16940856
17:10:45,2.52798295,3.128038645,3.17055583
17:10:45,2.528740168,3.130206347,3.16939187
17:10:45,2.529648781,3.129637241,3.168819904
17:10:45,2.528846979,3.12876749,3.170120955
17:10:45,2.529174566,3.128890276,3.167609215
17:10:45,2.529254913,3.129041195,3.168534994
17:10:45,2.529227734,3.128872633,3.167921543
17:10:45,2.529231071,3.129020452,3.16966939
17:10:45,2.52992177,3.129336834,3.168911934
17:10:45,2.530056,3.129274368,3.168187618
17:10:45,2.531514645,3.129533291,3.169014215
17:10:45,2.531212091,3.128871918,3.169637203
17:10:45,2.530471325,3.12870717,3.169357538
17:10:45,2.531891584,3.129461765,3.17002964
17:10:45,2.530055523,3.129957676,3.169774055
17:10:45,2.530486107,3.128526926,3.169435978
17:10:45,2.530761242,3.129577398,3.170982599
17:10:45,2.530702353,3.128706217,3.170281172
17:10:45,2.530259132,3.128617287,3.17120719
17:10:45,2.52923274,3.128673792,3.170930147
17:10:45,2.529242039,3.129500866,3.171009541
17:10:45,2.52857995,3.128884077,3.172193527
17:10:45,2.528397799,3.128034592,3.172831297
17:10:45,2.529384613,3.129095793,3.171766758
17:10:45,2.528753757,3.129600525,3.171469688
17:10:45,2.52777648,3.128652573,3.172492504
17:10:45,2.527280331,3.128912687,3.170106411
17:10:45,2.528113842,3.129822254,3.17040658
17:10:45,2.526298046,3.129444838,3.170039415
17:10:45,2.52708602,3.12876153,3.170989752
17:10:45,2.52731514,3.129019022,3.170241594
17:10:45,2.527606726,3.129267216,3.171348333
17:10:45,2.528375626,3.128695726,3.16936636
17:10:45,2.528325081,3.12935853,3.170289516
17:10:45,2.526968956,3.129219294,3.171456814
17:10:45,2.526068211,3.128586054,3.171730518
17:10:45,2.526446342,3.129490376,3.170638323
17:10:45,2.525765657,3.129713297,3.16984725
17:10:45,2.526320934,3.129889011,3.170059681
17:10:45,2.525925636,3.130279064,3.170461893
17:10:45,2.525885582,3.129146576,3.170926571
17:10:45,2.527147055,3.129724979,3.171722889
17:10:45,2.527274847,3.129842997,3.170594931
17:10:45,2.526635647,3.128912687,3.170833588
17:10:45,2.526745558,3.129251003,3.170893908
17:10:45,2.526892662,3.129535913,3.170020342
17:10:45,2.52733326,3.128904343,3.169788122
17:10:45,2.526906013,3.129159927,3.170002937
17:10:45,2.526130438,3.129777431,3.168618679
17:10:45,2.527122498,3.129430532,3.168824196
17:10:45,2.52714324,3.129474878,3.169254303
17:10:45,2.526453018,3.129342079,3.169818401
17:10:45,2.526432514,3.129898787,3.170683861
17:10:45,2.527444839,3.128528118,3.169880867
17:10:45,2.527892828,3.1299541,3.169626474
17:10:45,2.527772427,3.129869938,3.170700073
17:10:45,2.52773881,3.128775358,3.170284033
17:10:45,2.527699232,3.12937808,3.169812918
17:10:45,2.528089046,3.13007617,3.170350313
17:10:45,2.528496742,3.129706144,3.170627832
17:10:45,2.528255939,3.129123449,3.170959234
17:10:45,2.528894186,3.129183054,3.171538353
17:10:45,2.529090643,3.129251003,3.170753956
17:10:46,2.529631138,3.12819171,3.170063972
17:10:46,2.529501438,3.130326748,3.171937943
17:10:46,2.529221773,3.129393816,3.170958042
17:10:46,2.529122829,3.129918575,3.170899391
17:10:46,2.52994895,3.1295228,3.169621229
17:10:46,2.531174183,3.12935257,3.170005798
17:10:46,2.529153585,3.12918067,3.170078278
17:10:46,2.52924037,3.128808022,3.169660091
17:10:46,2.530159712,3.129310369,3.171917677
17:10:46,2.529801846,3.128542662,3.171940804
17:10:46,2.531010151,3.129338503,3.170912504
17:10:46,2.530163527,3.130029202,3.170035124
17:10:46,2.529768229,3.128377199,3.16980195
17:10:46,2.530248165,3.129671812,3.171352386
17:10:46,2.53097105,3.129054308,3.170579195
17:10:46,2.529592276,3.129020452,3.171378613
17:10:46,2.529198885,3.128119946,3.17113781
17:10:46,2.528027296,3.130573511,3.17093277
17:10:46,2.527722836,3.129107475,3.170269251
17:10:46,2.527918339,3.128143549,3.171929836
17:10:46,2.529040098,3.129044771,3.171504974
17:10:46,2.528629541,3.128777027,3.171273947
17:10:46,2.527605534,3.129411697,3.169872761
17:10:46,2.529097319,3.129127264,3.169865847
17:10:46,2.528130293,3.130059719,3.169282675
17:10:46,2.527989864,3.128884077,3.169359922
17:10:46,2.527379751,3.129039526,3.170325994
17:10:46,2.52733469,3.129716396,3.168860912
17:10:46,2.52710104,3.129532576,3.168515921
17:10:46,2.526400566,3.129137993,3.170117378
17:10:46,2.526670218,3.129524708,3.169856071
17:10:46,2.526092052,3.129442215,3.171828032
17:10:46,2.526978731,3.129181862,3.170474768
17:10:46,2.526479721,3.129620075,3.168733835
17:10:46,2.526577473,3.129889488,3.171187162
17:10:46,2.526271343,3.128768682,3.170470476
17:10:46,2.52577734,3.129594326,3.170675039
17:10:46,2.525214195,3.129214525,3.170275927
17:10:46,2.526669979,3.128591537,3.170547009
17:10:46,2.527578354,3.1296978,3.168868065
17:10:46,2.527499676,3.129281521,3.169293642
17:10:46,2.526967287,3.128518343,3.171063185
17:10:46,2.527521133,3.130122185,3.169993162
17:10:46,2.527364254,3.129936218,3.17046833
17:10:46,2.527843475,3.129344702,3.168567657
17:10:46,2.527981281,3.129514694,3.167727709
17:10:46,2.527908564,3.129353285,3.169485807
17:10:46,2.526386976,3.129330397,3.169459343
17:10:46,2.527078867,3.130103827,3.168004274
17:10:46,2.527709007,3.128988504,3.169332981
17:10:46,2.527502537,3.129060745,3.170402527
17:10:46,2.527892828,3.12966466,3.170153379
17:10:46,2.528025627,3.129914522,3.170166969
17:10:46,2.527881861,3.128887653,3.170736074
17:10:46,2.52803874,3.129742146,3.171047211
17:10:46,2.527991056,3.129711628,3.170480967
17:10:46,2.528201342,3.129843712,3.169572115
17:10:46,2.529062271,3.128967524,3.170680761
17:10:46,2.528376341,3.129454136,3.170626402
17:10:46,2.529092312,3.129671335,3.169448853
17:10:46,2.529301405,3.130128145,3.171785116
17:10:46,2.528965235,3.128662348,3.170147181
17:10:46,2.529370785,3.128941536,3.171111822
17:10:46,2.529857159,3.13050437,3.171340704
17:10:46,2.529084206,3.129022121,3.170722723
17:10:46,2.528759956,3.128883362,3.170949936
17:10:46,2.529231787,3.129380703,3.171431303
17:10:46,2.528449059,3.129103422,3.171377182
17:10:46,2.529692411,3.129675627,3.171712399
17:10:46,2.52913785,3.129514217,3.17219615
17:10:46,2.529515028,3.129958391,3.172009945
17:10:46,2.530085087,3.129168749,3.170726061
17:10:46,2.529940128,3.128636837,3.171869993
17:10:46,2.528774023,3.12925601,3.171546221
17:10:46,2.529344082,3.128837585,3.17257309
17:10:46,2.528994322,3.128104925,3.170964241
17:10:46,2.529069185,3.129603624,3.170349121
17:10:46,2.528697491,3.129350662,3.170999765
17:10:46,2.528037786,3.128616095,3.170779228
17:10:46,2.528274536,3.129554033,3.171421528
17:10:46,2.528324604,3.129861355,3.171761751
17:10:46,2.52819705,3.12824297,3.170767546
17:10:46,2.527385473,3.128945827,3.168437481
17:10:46,2.52775979,3.129433393,3.169599771
17:10:46,2.528087378,3.128577232,3.16899991
17:10:46,2.527484417,3.128584146,3.170185566
17:10:46,2.527742624,3.129333735,3.170094728
17:10:46,2.527699232,3.12971735,3.169602156
17:10:46,2.527804852,3.128981829,3.170134783
17:10:46,2.52767396,3.128808022,3.168022633
17:10:46,2.52714324,3.129916906,3.169010878
17:10:46,2.527209997,3.128723383,3.169852018
17:10:46,2.526947737,3.127717018,3.169897795
17:10:46,2.52649951,3.129640102,3.168242693
17:10:46,2.526546717,3.128896236,3.170161963
17:10:46,2.525814056,3.127643585,3.170750618
17:10:46,2.527446508,3.12917304,3.171247482
17:10:46,2.52718544,3.129364967,3.170168877
17:10:46,2.526907921,3.128485918,3.169649124
17:10:46,2.526493549,3.129083395,3.170780659
17:10:46,2.526648045,3.129024982,3.170127869
17:10:46,2.527265549,3.131027699,3.170354366
17:10:46,2.526287079,3.128051043,3.169370413
17:10:46,2.527192831,3.129703045,3.169830561
17:10:46,2.527376175,3.129835606,3.168946266
17:10:46,2.526842833,3.128895521,3.16815877
17:10:46,2.527455568,3.128240824,3.169584751
17:10:46,2.526921749,3.128896236,3.170000553
17:10:46,2.526422024,3.129576206,3.170016289
17:10:46,2.526492357,3.128638744,3.170083284
17:10:46,2.526988745,3.12964201,3.169504642
17:10:46,2.527202606,3.130415201,3.170076609
17:10:46,2.528512478,3.128587246,3.17037344
17:10:46,2.527919054,3.129431248,3.171237469
17:10:46,2.528520107,3.129647732,3.170326471
17:10:46,2.528746843,3.129953384,3.170642376
17:10:47,2.527882576,3.128153086,3.170465469
17:10:47,2.529323578,3.129879236,3.170659781
17:10:47,2.529314518,3.130203962,3.170675755
17:10:47,2.528846979,3.127608538,3.170715809
17:10:47,2.529386997,3.129636765,3.171087503
17:10:47,2.529757977,3.130637169,3.171078205
17:10:47,2.530005932,3.130259991,3.170045614
17:10:47,2.530008316,3.128887653,3.170537233
17:10:47,2.530102491,3.129905701,3.171305418
17:10:47,2.530018806,3.130823612,3.171192169
17:10:47,2.528759241,3.129314899,3.171825886
17:10:47,2.529374838,3.129418373,3.171095371
17:10:47,2.529622555,3.130688429,3.172398567
17:10:47,2.529012203,3.130546093,3.172069073
17:10:47,2.530225277,3.128322363,3.171979189
17:10:47,2.527886868,3.129883289,3.172044516
17:10:47,2.527902126,3.13006115,3.171480179
17:10:47,2.529304743,3.128859282,3.171355724
17:10:47,2.529045582,3.129618406,3.172532558
17:10:47,2.529217482,3.131020308,3.172090054
17:10:47,2.529099703,3.129475355,3.172685623
17:10:47,2.528682947,3.128595114,3.172280788
17:10:47,2.528556824,3.130375624,3.170748949
17:10:47,2.527600765,3.129492998,3.171283007
17:10:47,2.528100252,3.127968311,3.170199156
17:10:47,2.528694391,3.12993741,3.169792652
17:10:47,2.527001381,3.129653454,3.17188096
17:10:47,2.529059887,3.129235744,3.169792652
17:10:47,2.528219938,3.129479647,3.168713331
17:10:47,2.527610064,3.130316973,3.168915987
17:10:47,2.527564287,3.129750729,3.169331551
17:10:47,2.528228045,3.129353046,3.1701231
17:10:47,2.527324915,3.130045176,3.169061899
17:10:47,2.526945591,3.12911272,3.16885376
17:10:47,2.526374817,3.129885197,3.169398785
17:10:47,2.526945591,3.128782034,3.169676065
17:10:47,2.526703119,3.129788876,3.169932842
17:10:47,2.526343822,3.128979445,3.170113802
17:10:47,2.527574062,3.128837585,3.169625998
17:10:47,2.52687192,3.130176306,3.171129227
17:10:47,2.526755571,3.12949729,3.171686649
17:10:47,2.526854277,3.129037142,3.170461416
17:10:47,2.527693033,3.128907204,3.170355082
17:10:47,2.526432514,3.129905701,3.169745684
17:10:47,2.526709557,3.128850698,3.170108795
17:10:47,2.52742219,3.128630638,3.169799328
17:10:47,2.527330875,3.130489826,3.17017293
17:10:47,2.527649879,3.12846446,3.169826508
17:10:47,2.525808811,3.128764868,3.169106245
17:10:47,2.528327465,3.130073309,3.169526577
17:10:47,2.527525425,3.130056143,3.170138359
17:10:47,2.526684523,3.129504442,3.169600487
17:10:47,2.527414083,3.129799604,3.170989752
17:10:47,2.527462244,3.130644321,3.170131922
17:10:47,2.526380062,3.128513336,3.169873476
17:10:47,2.526730061,3.128955364,3.170669794
17:10:47,2.527227402,3.130218506,3.169724226
17:10:47,2.527550697,3.129856348,3.171634912
17:10:47,2.52763176,3.128511429,3.169883966
17:10:47,2.528304577,3.129781246,3.169923544
17:10:47,2.528169155,3.129611969,3.171075106
17:10:47,2.528466702,3.128337383,3.171621323
17:10:47,2.529153585,3.129141092,3.171219349
17:10:47,2.529118061,3.130272627,3.170386791
17:10:47,2.528194666,3.129181147,3.169623137
17:10:47,2.52898097,3.128378391,3.169651508
17:10:47,2.530382395,3.130522013,3.170446157
17:10:47,2.52892375,3.129983664,3.17045331
17:10:47,2.529961109,3.128447294,3.171201468
17:10:47,2.529826164,3.128289223,3.170690775
17:10:47,2.530175209,3.131088257,3.170717001
17:10:47,2.530344248,3.128720045,3.170910358
17:10:47,2.529474258,3.128666878,3.170938253
17:10:47,2.529239178,3.130117178,3.171823502
17:10:47,2.528996706,3.12974143,3.171979189
17:10:47,2.528699875,3.128545284,3.172469616
17:10:47,2.530086994,3.128381968,3.172234297
17:10:47,2.528397322,3.129413843,3.172676086
17:10:47,2.528312922,3.129901648,3.171127558
17:10:47,2.52887845,3.128440619,3.171332121
17:10:47,2.528934956,3.129982233,3.171725988
17:10:47,2.527647972,3.129690409,3.170153856
17:10:47,2.528666735,3.127823353,3.170712709
17:10:47,2.528289795,3.128839016,3.169496536
17:10:47,2.527923822,3.130313873,3.169786692
17:10:47,2.527784109,3.128374338,3.169945955
17:10:47,2.526246786,3.128082275,3.168943644
17:10:47,2.527399302,3.130017042,3.169491291
17:10:47,2.52763629,3.12929821,3.169098854
17:10:47,2.527307034,3.12852931,3.168707609
17:10:47,2.528648138,3.129390717,3.169253588
17:10:47,2.526838064,3.129323006,3.169694662
17:10:47,2.527230263,3.129609108,3.169078112
17:10:47,2.527359486,3.128862143,3.168553114
17:10:47,2.526469707,3.13022089,3.169348478
17:10:47,2.526857138,3.128596067,3.170300722
17:10:47,2.526672602,3.128296137,3.170273542
17:10:47,2.526939869,3.128803015,3.171093225
17:10:47,2.527291298,3.128906488,3.169534445
17:10:47,2.527863264,3.127282143,3.169913054
17:10:47,2.527292728,3.128850698,3.170175076
17:10:47,2.526586294,3.129075289,3.16975379
17:10:47,2.526870251,3.129351854,3.168202162
17:10:47,2.526710749,3.12777257,3.168038368
17:10:47,2.526988745,3.129068375,3.169107914
17:10:47,2.525283337,3.129473925,3.168016911
17:10:47,2.52523613,3.127667189,3.166782618
17:10:47,2.526964903,3.128415108,3.167853832
17:10:47,2.525883198,3.129285336,3.169564486
17:10:47,2.526406288,3.128918648,3.169739723
17:10:47,2.527540684,3.128144503,3.16932106
17:10:47,2.527740479,3.129368544,3.169894934
17:10:47,2.526238203,3.12962532,3.170511246
17:10:47,2.527400017,3.128133059,3.171037436
17:10:47,2.527544975,3.129328728,3.170114994
17:10:47,2.527413607,3.129060745,3.170120955
17:10:48,2.527377367,3.12898016,3.169534922
17:10:48,2.528521776,3.129403114,3.170800447
17:10:48,2.528227568,3.129739761,3.17070055
17:10:48,2.528981447,3.128454924,3.170292139
17:10:48,2.529293299,3.129350662,3.170659781
17:10:48,2.5297575,3.129799128,3.170436859
17:10:48,2.529962301,3.128488302,3.172343969
17:10:48,2.528733015,3.12893486,3.169736862
17:10:48,2.529326439,3.129064322,3.172019958
17:10:48,2.529383421,3.12993741,3.169724703
17:10:48,2.528438568,3.129348278,3.170664787
17:10:48,2.529482841,3.128959179,3.169574261
17:10:48,2.529567957,3.130754709,3.17128396
17:10:48,2.529927969,3.129714489,3.171682835
17:10:48,2.529630184,3.1288445,3.170662165
17:10:48,2.529649496,3.128927231,3.172580242
17:10:48,2.529229403,3.129547596,3.171859741
17:10:48,2.528722525,3.12958765,3.173074722
17:10:48,2.529170513,3.129402399,3.172071457
17:10:48,2.528679609,3.129384518,3.172278166
17:10:48,2.528563738,3.129410505,3.171796322
17:10:48,2.528823853,3.12851429,3.171877146
17:10:48,2.528426886,3.129799604,3.170475245
17:10:48,2.528924942,3.130004168,3.171423674
17:10:48,2.529019117,3.128895044,3.1702075
17:10:48,2.528413057,3.128932953,3.170926571
17:10:48,2.528376341,3.12968874,3.170939922
17:10:48,2.528718472,3.129343033,3.169717312
17:10:48,2.528131247,3.129231691,3.170275927
17:10:48,2.528514862,3.12950325,3.169878006
17:10:48,2.527965546,3.13087678,3.168267965
17:10:48,2.527736902,3.130082607,3.169757843
17:10:48,2.528409958,3.12947154,3.16831708
17:10:48,2.527619362,3.13011837,3.169048548
17:10:48,2.527517319,3.129342079,3.171430826
17:10:48,2.527156353,3.12991786,3.170585632
17:10:48,2.527152777,3.130842209,3.170983553
17:10:48,2.526573896,3.130148172,3.169545412
17:10:48,2.526664019,3.12892437,3.171173573
17:10:48,2.527255058,3.129754782,3.170737267
17:10:48,2.525960684,3.130735636,3.171168089
17:10:48,2.526342392,3.129150629,3.170651674
17:10:48,2.526438951,3.129386663,3.171032906
17:10:48,2.526449203,3.12967658,3.170676231
17:10:48,2.526316166,3.129375219,3.169374466
17:10:48,2.526875019,3.129231691,3.169723511
17:10:48,2.527362347,3.129559517,3.170603037
17:10:48,2.526043177,3.129354,3.168942451
17:10:48,2.527430296,3.129110813,3.167977333
17:10:48,2.52689743,3.129805088,3.168571472
17:10:48,2.526483059,3.129351377,3.168224096
17:10:48,2.526249409,3.12929821,3.169661283
17:10:48,2.527423382,3.129405022,3.169047832
17:10:48,2.52775979,3.129089832,3.170885324
17:10:48,2.526996851,3.129131556,3.16875577
17:10:48,2.527431011,3.12952733,3.169994831
17:10:48,2.526769876,3.128616571,3.169680357
17:10:48,2.527013302,3.129751444,3.171102047
17:10:48,2.527296543,3.129126072,3.169484377
17:10:48,2.527757406,3.129214525,3.171139002
17:10:48,2.527694464,3.128848314,3.171842098
17:10:48,2.527029991,3.129206419,3.171345472
17:10:48,2.528762817,3.128824711,3.170570612
17:10:48,2.527721643,3.128733873,3.17070365
17:10:48,2.52926755,3.129769802,3.169829845
17:10:48,2.529221296,3.129550934,3.171887398
17:10:48,2.53001833,3.128801584,3.170620918
17:10:48,2.529769182,3.129585028,3.171304226
17:10:48,2.5297122,3.12904191,3.170669794
17:10:48,2.529947281,3.12956214,3.170615435
17:10:48,2.530369043,3.129292727,3.171140909
17:10:48,2.528362513,3.129321098,3.170590878
17:10:48,2.530210972,3.129001617,3.170864344
17:10:48,2.530058861,3.129678249,3.170637846
17:10:48,2.528624296,3.128905535,3.172647715
17:10:48,2.529342413,3.130033493,3.171554804
17:10:48,2.53028512,3.128952026,3.171365023
17:10:48,2.530235052,3.130052328,3.170637131
17:10:48,2.529748678,3.129503727,3.171351194
17:10:48,2.530070543,3.129262209,3.171921968
17:10:48,2.528999329,3.129997492,3.170581102
17:10:48,2.528594017,3.129435778,3.170625925
17:10:48,2.52807951,3.128762007,3.171779633
17:10:48,2.529071093,3.129723787,3.169548035
17:10:48,2.528777361,3.129137993,3.169400454
17:10:48,2.528549671,3.129309177,3.169492483
17:10:48,2.528834343,3.129535437,3.169721842
17:10:48,2.528363705,3.128978014,3.16991806
17:10:48,2.527487755,3.129253864,3.169978619
17:10:48,2.526955605,3.129838705,3.169250727
17:10:48,2.528267384,3.130104303,3.170732498
17:10:48,2.526207924,3.129360914,3.170442104
17:10:48,2.527025461,3.128974438,3.171406507
17:10:48,2.526543617,3.128651381,3.171828032
17:10:48,2.526677608,3.129715204,3.171431303
17:10:48,2.526832104,3.129126549,3.17119956
17:10:48,2.526745558,3.12936306,3.169990301
17:10:48,2.52612114,3.128796577,3.171547651
17:10:48,2.526593685,3.129593611,3.171873331
17:10:48,2.525075197,3.129105806,3.170783043
17:10:48,2.525818825,3.128749371,3.170951605
17:10:48,2.52618885,3.129704237,3.171013832
17:10:48,2.526043177,3.128815413,3.170402288
17:10:48,2.526024103,3.128923178,3.170182228
17:10:48,2.525732517,3.129145622,3.170102835
17:10:48,2.526596069,3.129601002,3.17081809
17:10:48,2.52636838,3.129346371,3.170235872
17:10:48,2.525725603,3.129328728,3.169795513
17:10:48,2.527010202,3.12968874,3.168172598
17:10:48,2.52630496,3.129204273,3.169175625
17:10:48,2.526503563,3.128582954,3.17043066
17:10:48,2.527099848,3.129513025,3.169748068
17:10:48,2.526934147,3.129222393,3.169000387
17:10:48,2.526522636,3.129400015,3.169896126
17:10:48,2.527487278,3.128885746,3.170391083
17:10:48,2.526703119,3.128825903,3.171380281
17:10:48,2.528125048,3.128944159,3.170863867
17:10:48,2.527799129,3.128863335,3.170724392
17:10:49,2.527801752,3.129153728,3.170983076
17:10:49,2.527939796,3.128991127,3.170780659
17:10:49,2.528354645,3.128742218,3.170717001
17:10:49,2.5290308,3.129098415,3.170244694
17:10:49,2.529254198,3.128610611,3.171449423
17:10:49,2.52890563,3.128820658,3.171199083
17:10:49,2.530434847,3.128851652,3.171523571
17:10:49,2.530246019,3.129233599,3.170633078
17:10:49,2.529879808,3.129299879,3.168658972
17:10:49,2.530890942,3.128888369,3.170049906
17:10:49,2.530248165,3.12892437,3.170234203
17:10:49,2.529201984,3.128389835,3.170153856
17:10:49,2.530174494,3.128502846,3.169095039
17:10:49,2.530003071,3.129271269,3.170681477
17:10:49,2.528462887,3.128534555,3.170898914
17:10:49,2.528860331,3.12883687,3.170434475
17:10:49,2.5297122,3.128942013,3.170588493
17:10:49,2.530778646,3.129123449,3.170086384
17:10:49,2.530215502,3.129392862,3.16942215
17:10:49,2.529988289,3.12940073,3.170760393
17:10:49,2.529465437,3.128741741,3.168570518
17:10:49,2.529460907,3.129668951,3.169110775
17:10:49,2.528845787,3.128805161,3.16988802
17:10:49,2.528788328,3.128261566,3.168781042
17:10:49,2.527813196,3.129307747,3.170913696
17:10:49,2.529173136,3.12886095,3.169332027
17:10:49,2.529194355,3.128935814,3.17051363
17:10:49,2.529109478,3.129668474,3.170236588
17:10:49,2.527107477,3.129475355,3.170415878
17:10:49,2.527596235,3.128594637,3.170144558
17:10:49,2.527592659,3.129654646,3.170632601
17:10:49,2.526946068,3.130464554,3.16820693
17:10:49,2.526192665,3.128893375,3.169992447
17:10:49,2.526934624,3.129652262,3.171951771
17:10:49,2.525808811,3.129698753,3.171108246
17:10:49,2.525235176,3.129849911,3.170922041
17:10:49,2.525959492,3.128717422,3.17206502
17:10:49,2.525472641,3.129658461,3.170400381
17:10:49,2.525784254,3.130233288,3.172785521
17:10:49,2.525341034,3.128558636,3.170660973
17:10:49,2.526273489,3.128726244,3.170980453
17:10:49,2.525120497,3.129883766,3.170073986
17:10:49,2.524029493,3.129270077,3.169611454
17:10:49,2.525244951,3.128451109,3.16925931
17:10:49,2.525455236,3.129382849,3.171142817
17:10:49,2.526880503,3.130200624,3.169882774
17:10:49,2.526183367,3.129004478,3.169304609
17:10:49,2.52678442,3.129017115,3.170488596
17:10:49,2.526613474,3.129184723,3.169467926
17:10:49,2.527062416,3.129083395,3.168970346
17:10:49,2.527328491,3.129177809,3.168670893
17:10:49,2.527433872,3.12971282,3.169228077
17:10:49,2.527443647,3.130591631,3.169693947
17:10:49,2.527988911,3.129850864,3.169564009
17:10:49,2.528441429,3.128501177,3.170923471
17:10:49,2.528063774,3.128888369,3.171228647
17:10:49,2.527957916,3.128818989,3.170792818
17:10:49,2.528413057,3.128675699,3.169944763
17:10:49,2.529033899,3.128520489,3.171093225
17:10:49,2.528249025,3.130032301,3.172673941
17:10:49,2.528509617,3.129297018,3.171275139
17:10:49,2.528762817,3.129231691,3.170296431
17:10:49,2.529141903,3.129684687,3.169278622
17:10:49,2.530425549,3.128654242,3.169008493
17:10:49,2.530366659,3.128694057,3.170289516
17:10:49,2.529838324,3.129705429,3.170244694
17:10:49,2.529358387,3.13009882,3.169709444
17:10:49,2.531169653,3.128390551,3.170798779
17:10:49,2.530480623,3.129425287,3.169487715
17:10:49,2.530872345,3.130475044,3.170678377
17:10:49,2.530495405,3.129014969,3.17068553
17:10:49,2.531197071,3.128225565,3.169075489
17:10:49,2.53042388,3.130581379,3.170564175
17:10:49,2.529489756,3.130870342,3.169473886
17:10:49,2.529913664,3.128663063,3.171108961
17:10:49,2.529281855,3.129163742,3.170331001
17:10:49,2.529340267,3.130202293,3.170425653
17:10:49,2.528872728,3.129185915,3.171988249
17:10:49,2.529062271,3.128160715,3.171466827
17:10:49,2.52850771,3.129096985,3.171736002
17:10:49,2.52915287,3.130083799,3.169956207
17:10:49,2.52881217,3.129188776,3.170122147
17:10:49,2.528249502,3.129611492,3.168665171
17:10:49,2.527829409,3.130055666,3.168884754
17:10:49,2.527190208,3.129465103,3.169459343
17:10:49,2.527500629,3.128982306,3.170464516
17:10:49,2.528218269,3.130246639,3.170305014
17:10:49,2.528335571,3.129529715,3.170606613
17:10:49,2.528524637,3.129000425,3.170243502
17:10:49,2.527962208,3.129886389,3.170049429
17:10:49,2.527796745,3.129743338,3.170497894
17:10:49,2.526617527,3.128751516,3.169631243
17:10:49,2.526580811,3.129134417,3.169327021
17:10:49,2.526245594,3.129736423,3.171272755
17:10:49,2.526509762,3.1299932,3.169435263
17:10:49,2.525863409,3.129406214,3.170850754
17:10:49,2.526112556,3.129574537,3.170953035
17:10:49,2.525584936,3.129919052,3.170756578
17:10:49,2.526494265,3.128731251,3.169878006
17:10:49,2.526420355,3.129593611,3.169605017
17:10:49,2.526455641,3.129597425,3.170780182
17:10:49,2.5253613,3.129770279,3.171004295
17:10:49,2.527257442,3.129235268,3.170413494
17:10:49,2.52609849,3.129777908,3.170515299
17:10:49,2.525938511,3.130684853,3.169460535
17:10:49,2.527200699,3.129422188,3.169690847
17:10:49,2.527294874,3.128836393,3.169494629
17:10:49,2.527216196,3.130008936,3.171021938
17:10:49,2.52737093,3.12983036,3.169557333
17:10:49,2.528008461,3.130050659,3.168968201
17:10:49,2.528441429,3.130059004,3.169825315
17:10:49,2.527840614,3.129806757,3.169885635
17:10:49,2.527499676,3.128798008,3.169638157
17:10:49,2.527240753,3.129369736,3.170207024
17:10:49,2.528104067,3.12937808,3.170820713
17:10:49,2.527670145,3.13000536,3.170981169
17:10:49,2.52879858,3.128724098,3.171389103
17:10:49,2.528984308,3.129490376,3.17172718
17:10:49,2.527781248,3.129477978,3.171385288
17:10:50,2.529456854,3.12903142,3.171764851
17:10:50,2.529470682,3.129367352,3.17163372
17:10:50,2.529096127,3.13065505,3.171673536
17:10:50,2.528785467,3.12975955,3.170684338
17:10:50,2.529453278,3.129453897,3.17023468
17:10:50,2.530569315,3.129740477,3.169721127
17:10:50,2.528949261,3.129596949,3.170980453
17:10:50,2.530653477,3.128632784,3.170416355
17:10:50,2.529909611,3.129338026,3.171823978
17:10:50,2.530185223,3.129453182,3.170133591
17:10:50,2.530133486,3.129079342,3.170515776
17:10:50,2.53103447,3.129652262,3.170491934
17:10:50,2.530722857,3.129909039,3.170863867
17:10:50,2.530566454,3.129108191,3.169988394
17:10:50,2.529530048,3.128940821,3.170946836
17:10:50,2.528908253,3.129163265,3.170864344
17:10:50,2.529310226,3.129787207,3.169667959
17:10:50,2.528376341,3.129519463,3.169800997
17:10:50,2.529046059,3.129086971,3.171158791
17:10:50,2.528669834,3.12975955,3.1702075
17:10:50,2.528492212,3.129430056,3.171512842
17:10:50,2.5281744,3.1295228,3.168451548
17:10:50,2.52821207,3.130155087,3.170247555
17:10:50,2.527478456,3.129885674,3.169519663
17:10:50,2.528164148,3.128939867,3.170325518
17:10:50,2.526715279,3.130237579,3.170294523
17:10:50,2.528254747,3.128871918,3.169682741
17:10:50,2.526848555,3.128439426,3.169699669
17:10:50,2.52804184,3.129583836,3.169531345
17:10:50,2.52814126,3.129774094,3.16979146
17:10:50,2.528674841,3.1294837,3.170030117
17:10:50,2.52809,3.128521919,3.17074728
17:10:50,2.528161526,3.129456997,3.16928792
17:10:50,2.527536869,3.129622459,3.169360638
17:10:50,2.526510477,3.128336191,3.167878628
17:10:50,2.526453495,3.129097939,3.169588089
17:10:50,2.525151253,3.129922867,3.170680761
17:10:50,2.525785446,3.129477978,3.169039249
17:10:50,2.525677919,3.128934145,3.171299934
17:10:50,2.526708364,3.129903555,3.169775248
17:10:50,2.525680542,3.129947186,3.16903758
17:10:50,2.52547574,3.128161669,3.16993928
17:10:50,2.526923656,3.1295228,3.170208931
17:10:50,2.525429964,3.13053751,3.169886112
17:10:50,2.52607584,3.128545761,3.170260906
17:10:50,2.526181698,3.128350019,3.170038939
17:10:50,2.526369572,3.130369425,3.169878721
17:10:50,2.525124788,3.128599405,3.170469999
17:10:50,2.526882887,3.128696203,3.170228958
17:10:50,2.527149439,3.129892349,3.172344446
17:10:50,2.527667761,3.130549669,3.170647144
17:10:50,2.528336048,3.128723383,3.170266151
17:10:50,2.52902627,3.128445625,3.170576096
17:10:50,2.529246092,3.130558014,3.169199944
17:10:50,2.528583527,3.129673719,3.168243408
17:10:50,2.528230429,3.128948927,3.168961048
17:10:50,2.528781891,3.129949331,3.169610262
17:10:50,2.528434038,3.130633354,3.170811415
17:10:50,2.529559612,3.128640413,3.170338869
17:10:50,2.529143572,3.128949642,3.169919491
17:10:50,2.529238701,3.131506205,3.171981096
17:10:50,2.530127048,3.128735542,3.170464039
17:10:50,2.530160427,3.128354311,3.170409679
17:10:50,2.529649973,3.130402803,3.170469999
17:10:50,2.530636072,3.12955451,3.171080589
17:10:50,2.530253172,3.128674984,3.169699192
17:10:50,2.530219555,3.12856555,3.169979095
17:10:50,2.530110598,3.130316257,3.171248913
17:10:50,2.52955389,3.129575729,3.171405077
17:10:50,2.530314445,3.128261805,3.172246456
17:10:50,2.529976368,3.130075693,3.171897888
17:10:50,2.529019833,3.129727125,3.170433283
17:10:50,2.529125214,3.127739668,3.171881914
17:10:50,2.529783249,3.128827572,3.170159101
17:10:50,2.528450727,3.130683184,3.170231342
17:10:50,2.528780699,3.128584146,3.168908596
17:10:50,2.52848959,3.128253937,3.16920352
17:10:50,2.527571678,3.130004883,3.171573162
17:10:50,2.528127193,3.129141092,3.170505285
17:10:50,2.527308226,3.127440214,3.171102047
17:10:50,2.528404951,3.128957987,3.170675039
17:10:50,2.526723862,3.12998414,3.169437647
17:10:50,2.527881384,3.128347158,3.168447256
17:10:50,2.527555466,3.128846884,3.168442965
17:10:50,2.527771235,3.129603624,3.167945147
17:10:50,2.527550697,3.128541946,3.169793844
17:10:50,2.527215719,3.128235579,3.16899395
17:10:50,2.527313232,3.129377604,3.169046402
17:10:50,2.526375532,3.130149841,3.169249058
17:10:50,2.527518749,3.128518343,3.169337988
17:10:50,2.52631712,3.129216909,3.170769691
17:10:50,2.526802063,3.129618406,3.169087887
17:10:50,2.526663303,3.129593611,3.170175552
17:10:50,2.527195692,3.128535032,3.16874361
17:10:50,2.527050972,3.128448009,3.16912818
17:10:50,2.526749134,3.130017519,3.169878006
17:10:50,2.526077747,3.129297018,3.170709848
17:10:50,2.526106834,3.12896347,3.171961308
17:10:50,2.525029182,3.130116463,3.172780275
17:10:50,2.524968624,3.129502535,3.171996355
17:10:50,2.526555777,3.127374411,3.17031312
17:10:50,2.526536703,3.128904343,3.170123816
17:10:50,2.526383877,3.130151749,3.169699192
17:10:50,2.527025938,3.128151417,3.169464588
17:10:50,2.527413607,3.128737688,3.170099974
17:10:50,2.527726889,3.130012274,3.170275211
17:10:50,2.528165102,3.129152775,3.169167757
17:10:50,2.528726101,3.128529787,3.169151306
17:10:50,2.528024912,3.129649401,3.171451807
17:10:50,2.527734041,3.128909826,3.169319868
17:10:50,2.528488398,3.128595352,3.171441317
17:10:50,2.529080868,3.129469872,3.171031237
17:10:51,2.529110432,3.128912687,3.171489477
17:10:51,2.528552532,3.129217625,3.170787334
17:10:51,2.529044867,3.128935337,3.169271231
17:10:51,2.530008793,3.130011082,3.16961503
17:10:51,2.528852224,3.129778385,3.170885324
17:10:51,2.52799058,3.128281116,3.171303034
17:10:51,2.530074596,3.129673719,3.171586514
17:10:51,2.529336214,3.129144907,3.171016455
17:10:51,2.52930522,3.128690004,3.171615362
17:10:51,2.529019833,3.128360033,3.171155453
17:10:51,2.52980113,3.129331112,3.172599554
17:10:51,2.529035568,3.129491806,3.172953129
17:10:51,2.52929616,3.129813433,3.171121597
17:10:51,2.530779839,3.129395008,3.170609474
17:10:51,2.528585196,3.129481316,3.17214632
17:10:51,2.529564619,3.129383802,3.171623707
17:10:51,2.530059814,3.128350019,3.171515942
17:10:51,2.529755116,3.129486322,3.171132088
17:10:51,2.528895855,3.129949093,3.171111345
17:10:51,2.529071569,3.128292322,3.171122789
17:10:51,2.529124498,3.129015923,3.171696901
17:10:51,2.528856993,3.129709959,3.169090271
17:10:51,2.529979706,3.129133463,3.17031312
17:10:51,2.529876709,3.128082275,3.169835806
17:10:51,2.529304743,3.129510641,3.169983864
17:10:51,2.529135466,3.128727913,3.169660091
17:10:51,2.528452635,3.129000425,3.169049025
17:10:51,2.528908253,3.12968564,3.169761896
17:10:51,2.527246475,3.12875843,3.168848276
17:10:51,2.527812719,3.129452705,3.168306828
17:10:51,2.528590441,3.12962985,3.167804241
17:10:51,2.527919531,3.129553318,3.169167757
17:10:51,2.527756214,3.128765583,3.16991353
17:10:51,2.52826333,3.128521442,3.168832064
17:10:51,2.527656555,3.129366159,3.170035124
17:10:51,2.527105093,3.129089117,3.169388294
17:10:51,2.527747393,3.129092932,3.170233488
17:10:51,2.527825117,3.128271341,3.16950345
17:10:51,2.52724576,3.130309105,3.170036554
17:10:51,2.526791096,3.128449202,3.170117855
17:10:51,2.526709557,3.129482031,3.169887304
17:10:51,2.527946949,3.129175425,3.169821501
17:10:51,2.52694726,3.129626751,3.168776751
17:10:51,2.527126789,3.129384518,3.170346975
17:10:51,2.527060747,3.12911272,3.17029047
17:10:51,2.526904583,3.129096985,3.170633078
17:10:51,2.526955843,3.128984928,3.171905518
17:10:51,2.526874304,3.129431248,3.170597792
17:10:51,2.526514769,3.129309177,3.170670271
17:10:51,2.526053905,3.128341675,3.169803143
17:10:51,2.526510954,3.128803492,3.170913696
17:10:51,2.527844667,3.128739357,3.169240236
17:10:51,2.526808977,3.129766941,3.170122623
17:10:51,2.527524471,3.129137993,3.170282364
17:10:51,2.527519941,3.129198074,3.169500589
17:10:51,2.526754856,3.130037546,3.170292139
17:10:51,2.527240753,3.130214453,3.169701815
17:10:51,2.526932955,3.127949715,3.170240641
17:10:51,2.526563883,3.130001783,3.171963453
17:10:51,2.526385784,3.130787134,3.171018362
17:10:51,2.527488947,3.128911495,3.170718431
17:10:51,2.528024435,3.129766464,3.171813488
17:10:51,2.527908087,3.130625248,3.17043376
17:10:51,2.528909445,3.128645897,3.171868324
17:10:51,2.529104233,3.129447222,3.171724081
17:10:51,2.529259443,3.129760742,3.171025276
17:10:51,2.529721022,3.130665541,3.170934439
17:10:51,2.529494047,3.129607916,3.171577692
17:10:51,2.530791998,3.12938118,3.172532558
17:10:51,2.529246807,3.130131006,3.172608614
17:11:11,2.526316166,3.128952026,3.171553373
17:11:11,2.526576996,3.128806353,3.172093153
17:11:11,2.526093245,3.129722118,3.170512676
17:11:11,2.526989222,3.12983942,3.170952082
17:11:11,2.52843523,3.128297329,3.170482874
17:11:11,2.527074814,3.12883234,3.171809912
17:11:11,2.527175426,3.130231142,3.171674252
17:11:11,2.527402639,3.129443407,3.170696497
17:11:11,2.527037621,3.129099607,3.169054031
17:11:11,2.527784586,3.128909349,3.169311762
17:11:11,2.527694464,3.12977457,3.167756796
17:11:11,2.528035402,3.128850698,3.167735577
17:11:11,2.52820015,3.129175901,3.166468859
17:11:11,2.529037237,3.129626274,3.16900444
17:11:11,2.528780699,3.129185915,3.167418003
17:11:11,2.528964043,3.129559994,3.169193029
17:11:11,2.529086828,3.129758835,3.167607546
17:11:11,2.528425217,3.129808903,3.168079615
17:11:11,2.528178453,3.129011631,3.169044733
17:11:11,2.527774811,3.12957406,3.169280529
17:11:11,2.528773546,3.130315781,3.169818401
17:11:11,2.52823782,3.128789663,3.169750214
17:11:11,2.528075218,3.129140615,3.16972661
17:11:11,2.527296066,3.130273581,3.169115305
17:11:11,2.527981281,3.128423452,3.170104027
17:11:11,2.528267384,3.129791021,3.171347141
17:11:11,2.528660774,3.12942481,3.170934439
17:11:11,2.528074265,3.129078865,3.171758175
17:11:12,2.528682232,3.127785683,3.171816587
17:11:12,2.529391527,3.130162477,3.171431303
17:11:12,2.52930522,3.129571199,3.170715809
17:11:12,2.529498577,3.1291399,3.17100668
17:11:12,2.528841257,3.129297018,3.169199228
17:11:12,2.52850771,3.129223824,3.170077801
17:11:12,2.528723717,3.130227804,3.168988228
17:11:12,2.53029418,3.129657984,3.168840647
17:11:12,2.529258966,3.128013611,3.170084953
17:11:12,2.529540539,3.130357265,3.170737982
17:11:12,2.529618025,3.128255844,3.170989752
17:11:12,2.53028512,3.128189564,3.170353889
17:11:12,2.529563904,3.129622936,3.169684649
17:11:12,2.52999258,3.129365444,3.170324802
17:11:12,2.530334234,3.128672123,3.169106722
17:11:12,2.529334307,3.129988194,3.170328379
17:11:12,2.528376341,3.129965067,3.16997695
17:11:12,2.528748751,3.128816843,3.170421362
17:11:12,2.528582811,3.129199743,3.17135644
17:11:12,2.528018475,3.128988504,3.171397686
17:11:12,2.527171373,3.129535437,3.170894623
17:11:12,2.528353214,3.130266428,3.172021627
17:11:12,2.527768373,3.129576921,3.173118353
17:11:12,2.527368069,3.129780054,3.172956705
17:11:12,2.527355671,3.128437281,3.17093277
17:11:12,2.527878761,3.129122257,3.171821833
17:11:12,2.527728081,3.129530668,3.171609163
17:11:12,2.527353525,3.129279613,3.171566248
17:11:12,2.528197765,3.128357649,3.173404694
17:11:12,2.52635932,3.129330397,3.172600746
17:11:12,2.527519941,3.130059719,3.172099829
17:11:12,2.52749896,3.128425598,3.172048807
17:11:12,2.527361631,3.128783226,3.170600176
17:11:12,2.527965069,3.129438162,3.170675039
17:11:12,2.527113199,3.127455711,3.171136379
17:11:12,2.52776432,3.129029274,3.170816183
17:11:12,2.527080536,3.129583836,3.168943644
17:11:12,2.527048588,3.129188299,3.170662165
17:11:12,2.527251244,3.13008666,3.169550419
17:11:12,2.526659489,3.128644943,3.170168877
17:11:12,2.526423216,3.128843546,3.170133591
17:11:12,2.52623415,3.130363703,3.170072079
17:11:12,2.527229071,3.129538774,3.169831038
17:11:12,2.527420998,3.129692793,3.168392181
17:11:12,2.526965857,3.130247831,3.166652918
17:11:12,2.527357578,3.128255129,3.167584658
17:11:12,2.528350353,3.128959179,3.168013573
17:11:12,2.528193712,3.130325079,3.168455601
17:11:12,2.528645277,3.128381491,3.168801785
17:11:12,2.5289433,3.129084587,3.168923378
17:11:12,2.529186249,3.130704641,3.169950247
17:11:12,2.527744293,3.129171133,3.170826197
17:11:12,2.528211355,3.128931761,3.170470476
17:11:12,2.528409958,3.130081415,3.170726061
17:11:12,2.527811527,3.128687382,3.170179367
17:11:12,2.52765131,3.129777908,3.170646191
17:11:12,2.527879238,3.130867481,3.170870304
17:11:12,2.52843523,3.128541946,3.172946215
17:11:12,2.528598785,3.129858494,3.172852755
17:11:12,2.528421164,3.128236055,3.172406673
17:11:12,2.528924942,3.12842679,3.171588659
17:11:12,2.529916763,3.130621672,3.171692133
17:11:12,2.529812336,3.128939152,3.171535254
17:11:12,2.528648615,3.128726244,3.170865536
17:11:12,2.529162884,3.129799128,3.170392752
17:11:12,2.529060602,3.128775358,3.170142889
17:11:12,2.528988361,3.129304886,3.170931816
17:11:12,2.530079603,3.129781961,3.168542624
17:11:12,2.528806925,3.129555225,3.168415308
17:11:12,2.528997421,3.129393816,3.168348074
17:11:12,2.529761076,3.13026166,3.170788527
17:11:12,2.529342413,3.12953186,3.170988798
17:11:12,2.529082537,3.129163265,3.171496868
17:11:12,2.530745506,3.129244566,3.168832541
17:11:12,2.529338598,3.128280401,3.169770479
17:11:12,2.529701233,3.129044294,3.168929338
17:11:12,2.530613899,3.129221916,3.170127869
17:11:12,2.528704643,3.128733397,3.17127037
17:11:12,2.528688908,3.129808903,3.171003819
17:11:12,2.528487444,3.129375696,3.170590162
17:11:12,2.529540539,3.12795043,3.172785521
17:11:12,2.527833462,3.129500866,3.171337366
17:11:12,2.527088165,3.129302502,3.171153784
17:11:12,2.526502848,3.127718687,3.171898603
17:11:12,2.52769804,3.129415512,3.172255754
17:11:12,2.527231693,3.129439354,3.172116041
17:11:12,2.52743268,3.128875494,3.172260046
17:11:12,2.527757406,3.128883362,3.17054534
17:11:12,2.527919531,3.129148483,3.171823978
17:11:12,2.527268648,3.128918648,3.171962738
17:11:12,2.526547194,3.128637552,3.172672749
17:11:12,2.527253389,3.128659964,3.171104193
17:11:12,2.526592493,3.129067659,3.171524286
17:11:12,2.527966499,3.12877059,3.170203924
17:11:12,2.527555466,3.128159761,3.169957638
17:11:12,2.527446508,3.128647089,3.168895721
17:11:12,2.526994705,3.130045176,3.168691158
17:11:12,2.527249813,3.128535509,3.169649124
17:11:12,2.527456045,3.129443407,3.169293165
17:11:12,2.527117491,3.129720926,3.168478489
17:11:12,2.528096437,3.128543139,3.168161631
17:11:12,2.527263165,3.129702568,3.167843342
17:11:12,2.526723385,3.128676176,3.168078184
17:11:12,2.527398825,3.129879713,3.166614056
17:11:12,2.527433872,3.129498005,3.16750288
17:11:12,2.527856112,3.129355192,3.167467356
17:11:12,2.528244972,3.12939024,3.167798519
17:11:12,2.528576612,3.129271746,3.1674788
17:11:12,2.527030706,3.127944946,3.166882038
17:11:12,2.527812719,3.129089832,3.169258356
17:11:12,2.529450417,3.129569292,3.170030832
17:11:12,2.528542757,3.128137112,3.17163682
17:11:12,2.528342247,3.128902435,3.171562195
17:11:12,2.528944254,3.129157782,3.171135187
17:11:12,2.528648615,3.12787199,3.170691967
17:11:12,2.527997494,3.129159927,3.170794249
17:11:13,2.527507305,3.129678249,3.171258688
17:11:13,2.528162003,3.129280567,3.171742678
17:11:13,2.528290987,3.129304409,3.171336651
17:11:13,2.528277397,3.129682779,3.171658993
17:11:13,2.527552605,3.128908396,3.172461748
17:11:13,2.529210329,3.129133463,3.171360493
17:11:13,2.529515028,3.129027128,3.171213627
17:11:13,2.529175758,3.128918648,3.170026779
17:11:13,2.529268742,3.129674911,3.169893742
17:11:13,2.529058218,3.128908396,3.169685841
17:11:13,2.530183315,3.128523588,3.170140028
17:11:13,2.529598713,3.128413916,3.168483973
17:11:13,2.529687166,3.129233599,3.169727087
17:11:13,2.530547142,3.129020929,3.168335676
17:11:13,2.531068325,3.129991531,3.170377493
17:11:13,2.530136347,3.129038334,3.170643806
17:11:13,2.529729605,3.129537821,3.170562983
17:11:13,2.529750109,3.130024195,3.171081781
17:11:13,2.530431747,3.129220486,3.170024157
17:11:13,2.530365229,3.129359722,3.170334578
17:11:13,2.529700041,3.128639936,3.16870451
17:11:13,2.529393435,3.12911272,3.170016766
17:11:13,2.528481483,3.12958765,3.170906782
17:11:13,2.529048681,3.12826848,3.17151165
17:11:13,2.527954102,3.127989054,3.172612429
17:11:13,2.528622389,3.130382776,3.170701265
17:11:13,2.528401852,3.128018618,3.170954466
17:11:13,2.527893543,3.129043579,3.171976805
17:11:13,2.526704311,3.128917694,3.171052217
17:11:13,2.527029514,3.128632307,3.171972036
17:11:13,2.526993513,3.128803492,3.171994686
17:11:13,2.526918888,3.129260302,3.172194004
17:11:13,2.527168036,3.129316568,3.171244144
17:11:13,2.527007103,3.128214359,3.171733856
17:11:13,2.526982307,3.130177021,3.17110014
17:11:13,2.527980804,3.128604174,3.172049522
17:11:13,2.527178288,3.129454136,3.170466423
17:11:13,2.527685165,3.129019022,3.170831203
17:11:13,2.52653718,3.127487421,3.170082092
17:11:13,2.52773571,3.12919116,3.169131756
17:11:13,2.527262211,3.128923178,3.170127869
17:11:13,2.525779247,3.128631115,3.170492649
17:11:13,2.527478933,3.128286839,3.168807983
17:11:13,2.527010202,3.12989068,3.168002367
17:11:13,2.526480198,3.128948212,3.168049335
17:11:13,2.527144194,3.128900766,3.167971849
17:11:13,2.527594328,3.128231049,3.166994095
17:11:13,2.526967287,3.128638744,3.167405367
17:11:13,2.527455568,3.130053282,3.166719675
17:11:13,2.528069735,3.129190445,3.168196917
17:11:13,2.528578281,3.129032612,3.168861628
17:11:13,2.527669668,3.129770279,3.169083595
17:11:13,2.529098511,3.128555775,3.169807911
17:11:13,2.52903223,3.128386974,3.170620918
17:11:13,2.529518127,3.12966466,3.170982599
17:11:13,2.529459715,3.128724098,3.171231508
17:11:13,2.529710531,3.129087925,3.169956207
17:11:13,2.529408932,3.129273891,3.17030859
17:11:13,2.528056383,3.129371881,3.171259403
17:11:13,2.529028177,3.128748178,3.171349764
17:11:13,2.528386116,3.129703045,3.171785116
17:11:13,2.528734207,3.129296541,3.172307253
17:11:13,2.528250694,3.130903721,3.170814514
17:11:13,2.529422045,3.12911725,3.170894623
17:11:13,2.52804637,3.129171848,3.171584845
17:11:13,2.529221773,3.130717754,3.170477629
17:11:13,2.529541731,3.12855196,3.170962095
17:11:13,2.529772282,3.128777981,3.168358088
17:11:13,2.529829502,3.129897118,3.16903162
17:11:13,2.53022027,3.129290104,3.169455528
17:11:13,2.529264688,3.129487514,3.170383453
17:11:13,2.530421257,3.129792929,3.169822693
17:11:13,2.528991938,3.129750252,3.170452118
17:11:13,2.529939175,3.127767324,3.170173883
17:11:13,2.530446053,3.130551338,3.170360088
17:11:13,2.529927969,3.129476786,3.17062211
17:11:13,2.528905153,3.129275084,3.169182777
17:11:13,2.530050039,3.129134417,3.170504332
17:11:13,2.52962184,3.128595114,3.171046019
17:11:13,2.529432535,3.129875898,3.169271231
17:11:13,2.529043198,3.129059315,3.171229124
17:11:13,2.528794527,3.129737377,3.170184851
17:11:13,2.529594183,3.129299879,3.170611143
17:11:13,2.529543877,3.129100323,3.170873165
17:11:13,2.52922225,3.129059792,3.17105031
17:11:13,2.529135466,3.129681587,3.170922041
17:11:13,2.528015614,3.129396677,3.171894073
17:11:13,2.528017521,3.128880024,3.172061682
17:11:13,2.527755737,3.130245924,3.173038721
17:11:13,2.527849197,3.128759384,3.172817469
17:11:13,2.526989698,3.130210638,3.171299934
17:11:13,2.528291464,3.129915714,3.169989586
17:11:13,2.526229382,3.130054951,3.171270847
17:11:13,2.52648139,3.129569292,3.170413017
17:11:13,2.52700448,3.128646612,3.171356916
17:11:13,2.526190042,3.129581451,3.171336174
17:11:13,2.525566339,3.13023591,3.171229124
17:11:13,2.525826931,3.127937317,3.171152115
17:11:13,2.526896238,3.129473209,3.171229839
17:11:13,2.525623798,3.129994869,3.171228647
17:11:13,2.525978088,3.128591537,3.171233892
17:11:13,2.526265383,3.129075289,3.169873476
17:11:13,2.526422739,3.13024044,3.169532299
17:11:13,2.526774645,3.128038168,3.170122623
17:11:13,2.5266397,3.12849474,3.169625998
17:11:13,2.525987387,3.130020142,3.169425488
17:11:13,2.526072502,3.12864399,3.169701338
17:11:13,2.527439594,3.128419161,3.169113636
17:11:13,2.529387474,3.130114317,3.169346094
17:11:13,2.528855085,3.128497601,3.167999268
17:11:13,2.528887033,3.128726721,3.167457342
17:11:13,2.529929161,3.128532648,3.168392658
17:11:13,2.529840231,3.12920475,3.16916132
17:11:13,2.528268576,3.129286528,3.170871973
17:11:13,2.528807402,3.128357649,3.170140028
17:11:13,2.529402733,3.129202366,3.17041707
17:11:13,2.52984786,3.129594326,3.171854734
17:11:13,2.529048443,3.127726316,3.171574593
17:11:13,2.528030872,3.128249884,3.171138525
17:11:13,2.529448748,3.130194426,3.171488285
17:11:14,2.529350281,3.1289289,3.171607971
17:11:14,2.529924631,3.128911018,3.170763731
17:11:14,2.529667377,3.130176306,3.170774221
17:11:14,2.52970767,3.129541874,3.169590712
17:11:14,2.529573679,3.128836393,3.170711756
17:11:14,2.53036952,3.12944603,3.169705629
17:11:14,2.530105114,3.129256725,3.170119047
17:11:14,2.529904366,3.128644466,3.169847965
17:11:14,2.530887365,3.12896347,3.170170069
17:11:14,2.530066013,3.129777431,3.16872859
17:11:14,2.529591084,3.129329205,3.168800116
17:11:14,2.529766798,3.128601789,3.168670416
17:11:14,2.530128717,3.12913847,3.169011354
17:11:14,2.528734684,3.129656076,3.170150995
17:11:14,2.528946638,3.129885674,3.169024229
17:11:14,2.528460741,3.128129721,3.171214581
17:11:14,2.528470516,3.129572868,3.170536041
17:11:14,2.528157711,3.128817797,3.171442747
17:11:14,2.528347731,3.128325939,3.170666933
17:11:14,2.528815508,3.129447222,3.171067715
17:11:14,2.529282331,3.129751444,3.170479774
17:11:14,2.527949095,3.129420519,3.170835495
17:11:14,2.528768063,3.129187107,3.171105146
17:11:14,2.526985884,3.128695726,3.171082258
17:11:14,2.527103901,3.128036976,3.170687437
17:11:14,2.52812314,3.12909174,3.17137599
17:11:14,2.527829409,3.12876749,3.171029568
17:11:14,2.527216196,3.128115892,3.173075676
17:11:14,2.527153492,3.128749847,3.174302101
17:11:14,2.528404474,3.128113508,3.173287392
17:11:14,2.526291609,3.127887726,3.172184706
17:11:14,2.528045177,3.129322529,3.171982527
17:11:14,2.526358128,3.127932787,3.172391891
17:11:14,2.526373386,3.12959075,3.170626402
17:11:14,2.526987553,3.128480911,3.17011714
17:11:14,2.526495934,3.128404617,3.170493364
17:11:14,2.526665449,3.128939867,3.169917583
17:11:14,2.525625467,3.128931761,3.170049906
17:11:14,2.526091576,3.128720045,3.169360638
17:11:14,2.526748419,3.129172564,3.169635296
17:11:14,2.526571512,3.12897563,3.170310259
17:11:14,2.525714397,3.128608704,3.169691563
17:11:14,2.526902676,3.129395008,3.169623613
17:11:14,2.526295185,3.128609419,3.169639826
17:11:14,2.526730537,3.128275156,3.167959213
17:11:14,2.526855469,3.128388166,3.167575359
17:11:14,2.528386116,3.12865591,3.168463707
17:11:14,2.528355837,3.129177809,3.167670965
17:11:14,2.529416561,3.129243851,3.169521332
17:11:14,2.530496597,3.129210711,3.170314074
17:11:14,2.52908802,3.129589558,3.169964552
17:11:14,2.528860331,3.12877655,3.169132233
17:11:14,2.529507399,3.129192591,3.170000553
17:11:14,2.529218912,3.129259109,3.169656277
17:11:14,2.529347897,3.129345894,3.169870615
17:11:14,2.530449152,3.128493309,3.169601679
17:11:14,2.530054808,3.129393339,3.170646667
17:11:14,2.529950619,3.129185915,3.171503305
17:11:14,2.529081345,3.128156662,3.170529842
17:11:14,2.529709816,3.130216122,3.171329737
17:11:14,2.530070543,3.129295349,3.170392752
17:11:14,2.529592991,3.129475832,3.171164751
17:11:14,2.529509068,3.128311157,3.170005322
17:11:14,2.530190468,3.128859282,3.169603348
17:11:14,2.530447483,3.128840685,3.169281006
17:11:14,2.5297122,3.12846303,3.171005487
17:11:14,2.52973032,3.128766775,3.170623302
17:11:14,2.529843092,3.128708363,3.169639349
17:11:14,2.5298841,3.129588842,3.169856548
17:11:14,2.529133797,3.12854147,3.170150995
17:11:14,2.529943705,3.128532171,3.169983864
17:11:14,2.528985023,3.129023314,3.170098305
17:11:14,2.529488564,3.128175735,3.169076681
17:11:14,2.528423071,3.129537106,3.169674873
17:11:14,2.528318644,3.129372597,3.170287848
17:11:14,2.527994871,3.129350662,3.170996189
17:11:14,2.527797937,3.12937808,3.170808792
17:11:14,2.528664351,3.129197359,3.171700954
17:11:14,2.528341532,3.128984213,3.170330048
17:11:14,2.528024912,3.12914896,3.170713425
17:11:14,2.5284729,3.129518032,3.172894716
17:11:14,2.527810335,3.129675627,3.171528578
17:11:14,2.52767396,3.128438473,3.172500372
17:11:14,2.528531551,3.128788948,3.170740128
17:11:14,2.528091669,3.128908634,3.171818256
17:11:14,2.528402805,3.128468752,3.171532631
17:11:14,2.527322769,3.129412174,3.173444748
17:11:14,2.528759241,3.129235744,3.172732592
17:11:14,2.527430296,3.128340006,3.172070265
17:11:14,2.527363539,3.129405022,3.174561739
17:11:14,2.527874708,3.129297733,3.172210932
17:11:14,2.528883934,3.129225016,3.171013355
17:11:14,2.527234316,3.128398657,3.170476437
17:11:14,2.527190208,3.128489017,3.170051813
17:11:14,2.525557518,3.129067659,3.168711424
17:11:14,2.525850773,3.129199266,3.17051816
17:11:14,2.525633097,3.129462242,3.169148207
17:11:14,2.526596069,3.128913879,3.169378042
17:11:14,2.526804209,3.129264116,3.16982007
17:11:14,2.527210951,3.129284382,3.171221018
17:11:14,2.52704978,3.128264904,3.168422937
17:11:14,2.527760744,3.129027605,3.168715239
17:11:14,2.526849508,3.128833532,3.169286013
17:11:14,2.527547359,3.129716873,3.170742512
17:11:14,2.528357029,3.129466772,3.168713331
17:11:14,2.528787613,3.128450394,3.170247555
17:11:14,2.527759075,3.12903142,3.168762684
17:11:14,2.530093193,3.128741264,3.168729067
17:11:14,2.529099703,3.129915714,3.169172764
17:11:14,2.530113697,3.128825426,3.169420958
17:11:14,2.530352116,3.129464626,3.169850826
17:11:15,2.53045702,3.129177809,3.169136286
17:11:15,2.531016588,3.129361391,3.170104027
17:11:15,2.52992177,3.128671408,3.169443607
17:11:15,2.529721498,3.128739357,3.170654297
17:11:15,2.528969049,3.128972292,3.170865536
17:11:15,2.529722214,3.128050566,3.171610832
17:11:15,2.52963233,3.129359722,3.17113471
17:11:15,2.529643297,3.129569292,3.170962572
17:11:15,2.529178619,3.129027605,3.170800447
17:11:15,2.530341625,3.129183531,3.171889782
17:11:15,2.529394627,3.129206419,3.17111063
17:11:15,2.529090166,3.128853559,3.170432329
17:11:15,2.528442621,3.128696203,3.170351505
17:11:15,2.528894186,3.129887581,3.170464039
17:11:15,2.528506041,3.127496004,3.169752598
17:11:15,2.528377056,3.129077673,3.17226553
17:11:15,2.527805567,3.129728079,3.170133114
17:11:15,2.52846694,3.12847662,3.1709795
17:11:15,2.529201508,3.129444361,3.170868397
17:11:15,2.528296232,3.129898787,3.172040701
17:11:15,2.529028177,3.128723383,3.17025733
17:11:15,2.52931881,3.128332853,3.170077801
17:11:15,2.528481007,3.129194975,3.16890049
17:11:15,2.52733779,3.129669428,3.170145988
17:11:15,2.528036594,3.129068851,3.171096087
17:11:15,2.527930021,3.129316568,3.170823812
17:11:15,2.527578354,3.1287992,3.17206502
17:11:15,2.528045177,3.130092859,3.171528578
17:11:15,2.528762102,3.129642487,3.169716597
17:11:15,2.528084278,3.128670216,3.170072794
17:11:15,2.527899265,3.129415989,3.16848278
17:11:15,2.527159214,3.129353285,3.168998003
17:11:15,2.526445389,3.128342628,3.169468641
17:11:15,2.526077747,3.129643202,3.168248177
17:11:15,2.526259184,3.128862858,3.16927743
17:11:15,2.52628994,3.128133535,3.169484377
17:11:15,2.52606988,3.129524946,3.170385122
17:11:15,2.527152777,3.130224943,3.169403076
17:11:15,2.527175426,3.129336834,3.169203043
17:11:15,2.527567625,3.129344225,3.169206142
17:11:15,2.526880026,3.129899979,3.169140816
17:11:15,2.52810359,3.128796577,3.167925835
17:11:15,2.527689219,3.128585577,3.16731286
17:11:15,2.528920412,3.13020134,3.167984486
17:11:15,2.527967691,3.129739761,3.168660402
17:11:15,2.528886557,3.12955451,3.169700146
17:11:15,2.529709339,3.130049706,3.17067337
17:11:15,2.530620098,3.130476475,3.16953373
17:11:15,2.529644728,3.128957987,3.170931339
17:11:15,2.530235052,3.129389763,3.171659708
17:11:15,2.529594183,3.128361702,3.171343565
17:11:15,2.530102968,3.129697084,3.169591188
17:11:15,2.530072927,3.129726648,3.171199083
17:11:15,2.530226469,3.129247904,3.1707232
17:11:15,2.529380083,3.128649235,3.172819614
17:11:15,2.528994322,3.129511356,3.171241999
17:11:15,2.529326916,3.129319429,3.169727087
17:11:15,2.527898073,3.129596949,3.171441793
17:11:15,2.528137445,3.129141569,3.171390772
17:11:15,2.52983284,3.129068851,3.171615124
17:11:15,2.529798269,3.129391432,3.17029047
17:11:15,2.529573202,3.12928772,3.169754982
17:11:15,2.529589415,3.129330397,3.170603514
17:11:15,2.52929163,3.129616499,3.171354055
17:11:15,2.529628992,3.129989862,3.169842958
17:11:15,2.529346704,3.129044294,3.169361591
17:11:15,2.529150724,3.128916502,3.171056509
17:11:15,2.528167486,3.129315376,3.172141314
17:11:15,2.529299736,3.13028574,3.171257734
17:11:15,2.528753757,3.129083872,3.169136286
17:11:15,2.528557301,3.130448341,3.169564486
17:11:15,2.528586864,3.129162788,3.17138648
17:11:15,2.52824378,3.128838539,3.171469688
17:11:15,2.528698683,3.130030155,3.170848846
17:11:15,2.527673483,3.130247831,3.172980785
17:11:15,2.527647972,3.129382849,3.173465014
17:11:15,2.52798605,3.129012346,3.171976805
17:11:15,2.52792573,3.129540682,3.172969103
17:11:15,2.52681303,3.130008221,3.171693325
17:11:15,2.527074814,3.129187107,3.172049999
17:11:15,2.527690411,3.130161762,3.171923399
17:11:15,2.526945114,3.12943244,3.171364546
17:11:15,2.526547432,3.12986207,3.170197725
17:11:15,2.52694726,3.129033804,3.170538902
17:11:15,2.527066708,3.129332066,3.17161274
17:11:15,2.527114868,3.128690004,3.171929836
17:11:15,2.527262211,3.128777981,3.170786619
17:11:15,2.527245283,3.1289289,3.170960903
17:11:15,2.528382063,3.129802227,3.169923782
17:11:15,2.527828217,3.129730225,3.170258284
17:11:15,2.527682781,3.128635883,3.169768333
17:11:15,2.527732849,3.128578186,3.167781591
17:11:15,2.52679038,3.129374504,3.167586088
17:11:15,2.526998043,3.128948212,3.166434526
17:11:15,2.527240753,3.128993988,3.168230772
17:11:15,2.528268099,3.129229069,3.169574261
17:11:15,2.527882576,3.129920721,3.170931816
17:11:15,2.527124882,3.128864527,3.169871569
17:11:15,2.527789354,3.129570007,3.168848276
17:11:15,2.527601957,3.129641294,3.169243813
17:11:15,2.528116941,3.128453493,3.169142008
17:11:15,2.527332067,3.129205227,3.168056726
17:11:15,2.527234316,3.129728079,3.168187618
17:11:15,2.527650118,3.128764868,3.169223547
17:11:15,2.528620005,3.128035069,3.168525219
17:11:15,2.528825283,3.130062819,3.169179678
17:11:15,2.527898788,3.129250288,3.169425011
17:11:15,2.528695345,3.128695726,3.170717478
17:11:15,2.529526472,3.12980032,3.170805216
17:11:15,2.530360699,3.129412889,3.170387983
17:11:15,2.529509068,3.129393339,3.17059207
17:11:16,2.531067371,3.128951311,3.169883966
17:11:16,2.529706478,3.12911272,3.169932842
17:11:16,2.529889584,3.12858057,3.168653011
17:11:16,2.529942036,3.128610611,3.170397997
17:11:16,2.529540539,3.129781246,3.171318769
17:11:16,2.529194355,3.12923789,3.17222023
17:11:16,2.529730797,3.12856555,3.171798944
17:11:16,2.529978514,3.129591942,3.170288801
17:11:16,2.529843092,3.128146887,3.16932559
17:11:16,2.528982639,3.128451586,3.170859098
17:11:16,2.529531717,3.12967658,3.170009375
17:11:16,2.528493404,3.129295826,3.170136213
17:11:16,2.528358459,3.128665447,3.171525955
17:11:16,2.527780533,3.128857613,3.171001673
17:11:16,2.528511286,3.130378723,3.171813011
17:11:16,2.527808666,3.129571676,3.171461582
17:11:16,2.527830601,3.128485918,3.170926094
17:11:16,2.526929855,3.130514622,3.17181778
17:11:16,2.527850866,3.129152775,3.172195196
17:11:16,2.52822566,3.129689217,3.17183733
17:11:16,2.527868986,3.129555464,3.169950247
17:11:16,2.527919531,3.129245043,3.170385599
17:11:16,2.528228521,3.12911272,3.170957327
17:11:16,2.527066231,3.129743338,3.172087193
17:11:16,2.527092218,3.129885674,3.171476603
17:11:16,2.528153419,3.130604506,3.173512459
17:11:16,2.527694464,3.128849983,3.172315359
17:11:16,2.528484583,3.129592657,3.174179554
17:11:16,2.527839899,3.129090309,3.169976234
17:11:16,2.528796911,3.129940987,3.169978619
17:11:16,2.527100325,3.129278421,3.169970512
17:11:16,2.529141903,3.129929066,3.170618773
17:11:16,2.528617859,3.129571199,3.168721437
17:11:16,2.527372122,3.129124641,3.170868397
17:11:16,2.527799845,3.129788876,3.170155287
17:11:16,2.527131796,3.130133152,3.169401169
17:11:16,2.527242422,3.129586458,3.170740604
17:11:16,2.527057648,3.129582644,3.170993567
17:11:16,2.527300596,3.129155397,3.170436859
17:11:16,2.526934624,3.129319906,3.168092251
17:11:16,2.527342081,3.129304886,3.168016434
17:11:16,2.526731968,3.1289711,3.168358564
17:11:16,2.526715755,3.129843712,3.169106722
17:11:16,2.526902676,3.129604816,3.168019295
17:11:16,2.526653528,3.129755974,3.16830039
17:11:16,2.526932478,3.12961483,3.169883251
17:11:16,2.527940989,3.129208326,3.170503378
17:11:16,2.527605534,3.129637241,3.170080185
17:11:16,2.528577566,3.12941432,3.169380188
17:11:16,2.52785778,3.129745245,3.169567108
17:11:16,2.528373003,3.129447699,3.16894865
17:11:16,2.528673649,3.12876749,3.168207645
17:11:16,2.52809763,3.129710913,3.169584274
17:11:16,2.529540539,3.129229069,3.169749022
17:11:16,2.529455662,3.129153728,3.171311855
17:11:16,2.529353857,3.129518032,3.1712327
17:11:16,2.52910161,3.128920794,3.169873476
17:11:16,2.529360771,3.129274368,3.170024633
17:11:16,2.530399323,3.129234076,3.170075655
17:11:16,2.530454159,3.129649401,3.17100668
17:11:16,2.529929876,3.129659176,3.168678761
17:11:16,2.529919863,3.129100561,3.170239925
17:11:16,2.529706478,3.129328728,3.170693636
17:11:16,2.529824495,3.129280567,3.172322989
17:11:16,2.530666351,3.128556252,3.170955658
17:11:16,2.529895067,3.128711224,3.171877146
17:11:16,2.530213594,3.12924695,3.172502279
17:11:16,2.529484749,3.128809214,3.171862841
17:11:16,2.528691292,3.129788876,3.171150684
17:11:16,2.529471874,3.128942013,3.169970512
17:11:16,2.529308558,3.128608704,3.170155287
17:11:16,2.529031277,3.129147768,3.17086792
17:11:16,2.529573202,3.130420685,3.171155453
17:11:16,2.528629541,3.129734278,3.171817064
17:11:16,2.528634071,3.128518343,3.170782328
17:11:16,2.528029442,3.128748655,3.171492577
17:11:16,2.527787447,3.129480839,3.171524286
17:11:16,2.527935982,3.128860474,3.170585155
17:11:16,2.528160572,3.128819466,3.170099974
17:11:16,2.527724028,3.129199743,3.170815706
17:11:16,2.527718782,3.129256725,3.17078495
17:11:16,2.527517557,3.129044294,3.169850111
17:11:16,2.527451277,3.129699469,3.170669079
17:11:16,2.527516603,3.129489899,3.170301437
17:11:16,2.52718854,3.128961086,3.170319557
17:11:16,2.527300119,3.128926754,3.171706915
17:11:16,2.528167486,3.129296541,3.171340227
17:11:16,2.528398514,3.129508495,3.171628714
17:11:16,2.528233528,3.128748655,3.169641733
17:11:16,2.529066324,3.129559994,3.170142412
17:11:16,2.528586864,3.12981987,3.1698277
17:11:16,2.528564453,3.129376411,3.167932034
17:11:16,2.528939486,3.128740549,3.16928792
17:11:16,2.527593851,3.129272223,3.168792009
17:11:16,2.527892351,3.129822254,3.169110775
17:11:16,2.528075695,3.128956079,3.168828011
17:11:16,2.527189016,3.129288912,3.169401884
17:11:16,2.527534008,3.129550457,3.170098305
17:11:16,2.526834488,3.128675699,3.169080973
17:11:16,2.527109146,3.128820658,3.170176268
17:11:16,2.527171373,3.129678726,3.169218302
17:11:16,2.527438402,3.129636765,3.168429852
17:11:16,2.526117325,3.12857008,3.167992115
17:11:16,2.527083158,3.129637957,3.170043707
17:11:16,2.526684999,3.129544735,3.16991353
17:11:16,2.527971983,3.128535509,3.17021513
17:11:16,2.527264357,3.129607916,3.169972181
17:11:16,2.52716279,3.129596949,3.17088294
17:11:16,2.527416706,3.129692078,3.170363188
17:11:16,2.528920889,3.129271746,3.169584751
17:11:16,2.528659821,3.129880905,3.170730114
17:11:16,2.528254032,3.12983036,3.171163082
17:11:16,2.52938056,3.128748178,3.170377016
17:11:16,2.528908253,3.1296103,3.170606613
17:11:16,2.528364658,3.12930727,3.170304298
17:11:16,2.530001402,3.129347563,3.170153856
17:11:16,2.529140711,3.129201889,3.171294451
17:11:16,2.529764414,3.129083395,3.170167446
17:11:16,2.530037403,3.129356384,3.171223402
17:11:17,2.530645609,3.129026175,3.171121597
17:11:17,2.530659437,3.12902832,3.172166109
17:11:17,2.529634953,3.128674984,3.171044588
17:11:17,2.529547691,3.128984928,3.170359135
17:11:17,2.530147791,3.12923646,3.169486523
17:11:17,2.529634953,3.129294634,3.170422792
17:11:17,2.528517246,3.128628254,3.171772957
17:11:17,2.529500723,3.129188776,3.173209906
17:11:17,2.529001236,3.129826307,3.172820807
17:11:17,2.528876066,3.129229784,3.172625065
17:11:17,2.528627157,3.129784822,3.171512127
17:11:17,2.528726101,3.128981352,3.169574261
17:11:17,2.529470205,3.129427671,3.170402527
17:11:17,2.528344393,3.128909826,3.169680357
17:11:17,2.529191971,3.128997564,3.170831203
17:11:17,2.529187441,3.129344225,3.171617746
17:11:17,2.528411865,3.128987312,3.172011137
17:11:17,2.527936935,3.128711939,3.171761274
17:11:17,2.527628183,3.129982948,3.171145201
17:11:17,2.527665854,3.128717422,3.171008348
17:11:17,2.527522802,3.129011631,3.170121431
17:11:17,2.52857542,3.129380703,3.170514345
17:11:17,2.528117418,3.130861759,3.170752764
17:11:17,2.527350664,3.130364656,3.170983076
17:11:17,2.52747035,3.128775835,3.169418573
17:11:17,2.52927351,3.129654169,3.170286655
17:11:17,2.527949095,3.129259109,3.170879602
17:11:17,2.528936148,3.128241777,3.171208858
17:11:17,2.529022694,3.128836393,3.171266556
17:11:17,2.528772593,3.129260302,3.171063662
17:11:17,2.529055834,3.129008532,3.171930313
17:11:17,2.528411865,3.129455805,3.170239925
17:11:17,2.527306318,3.129052639,3.16863203
17:11:17,2.52761054,3.129698277,3.168577671
17:11:17,2.527746201,3.129956484,3.168752909
17:11:17,2.52782011,3.129174948,3.169748068
17:11:17,2.527711391,3.129358053,3.169040918
17:11:17,2.526358128,3.128867388,3.169317722
17:11:17,2.526736975,3.130342484,3.169794798
17:11:17,2.526643753,3.129515171,3.168991089
17:11:17,2.525584459,3.129318953,3.168383598
17:11:17,2.52646184,3.130704641,3.170195818
17:11:17,2.526920557,3.130186319,3.17092967
17:11:17,2.526473999,3.128555775,3.169118166
17:11:17,2.526781321,3.129923582,3.169692039
17:11:17,2.526876211,3.129631758,3.170281649
17:11:17,2.525762796,3.128679514,3.169919968
17:11:17,2.527157545,3.128544331,3.169777632
17:11:17,2.528137445,3.13095808,3.171104193
17:11:17,2.528716803,3.130973577,3.171517134
17:11:17,2.528099298,3.127048254,3.171607256
17:11:17,2.530152559,3.130595922,3.169143915
17:11:17,2.529233217,3.129002094,3.171931028
17:11:17,2.529292822,3.128552914,3.169864655
17:11:17,2.530543566,3.130097628,3.17017436
17:11:17,2.529327631,3.130548,3.168879032
17:11:17,2.529136658,3.129462242,3.17021513
17:11:17,2.53057909,3.128282309,3.170858622
17:11:17,2.529461384,3.129611969,3.171354532
17:11:17,2.528989077,3.129518032,3.171261549
17:11:17,2.530641317,3.129402399,3.17054534
17:11:17,2.529916286,3.128503323,3.171098471
17:11:17,2.528862715,3.130529881,3.172479391
17:11:17,2.530483723,3.129298687,3.171762228
17:11:17,2.530032158,3.12901783,3.170434952
17:11:17,2.529954433,3.129450321,3.170126915
17:11:17,2.529718161,3.129832029,3.171641111
17:11:17,2.52824831,3.12859273,3.171204805
17:11:17,2.527360439,3.129135609,3.171593428
17:11:17,2.528820992,3.130255222,3.17291379
17:11:17,2.530200958,3.130038977,3.171101332
17:11:17,2.527629614,3.128546953,3.171739101
17:11:17,2.528306484,3.130782843,3.169787645
17:11:17,2.528182507,3.13014102,3.171329975
17:11:17,2.529114008,3.12901783,3.169886827
17:11:17,2.528656721,3.12776947,3.170542717
17:11:17,2.529075623,3.131583929,3.169728756
17:11:17,2.529277563,3.131110668,3.169523001
17:11:17,2.527241468,3.127009392,3.169549704
17:11:17,2.529019117,3.13250494,3.172416687
17:11:17,2.527512312,3.126772642,3.169444561
17:11:17,2.526643038,3.126728773,3.170806408
17:11:17,2.528762102,3.130072117,3.167693853
17:11:17,2.528878927,3.131399155,3.17201066
17:11:17,2.529347897,3.129312992,3.17082119
17:11:17,2.526758432,3.126959085,3.171133041
17:11:17,2.529546499,3.133280039,3.167577982
17:11:17,2.526142836,3.126038551,3.172314405
17:11:17,2.526683807,3.126581669,3.172709227
17:11:17,2.527813196,3.130678654,3.167398214
17:11:17,2.525584936,3.130475044,3.169095039
17:11:17,2.527089119,3.129791021,3.167224407
17:11:17,2.529662132,3.128097773,3.168896437
17:11:17,2.525738001,3.132265806,3.167626619
17:11:17,2.528741837,3.127403259,3.167054892
17:11:17,2.528201342,3.127535582,3.168340683
17:11:17,2.526851654,3.130164146,3.16924262
17:11:17,2.526626348,3.130396366,3.169708014
17:11:17,2.526904583,3.129737139,3.16961503
17:11:17,2.526034594,3.127731562,3.170998573
17:11:17,2.525014162,3.134112358,3.171069622
17:11:17,2.527789354,3.125411749,3.171992064
17:11:17,2.526464701,3.127182007,3.16973877
17:11:17,2.526496649,3.132291317,3.169518471
17:11:17,2.527988911,3.129580975,3.170933485
17:11:17,2.528342724,3.129818201,3.171171188
17:11:17,2.526241302,3.128427982,3.171024561
17:11:17,2.527659655,3.131121635,3.170101643
17:11:17,2.528230906,3.127059221,3.170110941
17:11:17,2.527303457,3.128578901,3.172622919
17:11:17,2.528344393,3.131079674,3.171378613
17:11:17,2.530593634,3.129139423,3.17023015
17:11:17,2.530747175,3.12919569,3.171488285
17:11:17,2.529549837,3.128236532,3.172077179
17:11:17,2.532113314,3.132586956,3.169014215
17:11:17,2.528790474,3.12584424,3.171636343
17:11:18,2.528905153,3.126554489,3.171133518
17:11:18,2.530189276,3.131051302,3.172321796
17:11:18,2.530075312,3.128476143,3.172893524
17:11:18,2.530994654,3.128509283,3.171855927
17:11:18,2.530325174,3.129582167,3.17119956
17:11:18,2.531868935,3.130674839,3.170102835
17:11:18,2.530596018,3.127376318,3.171482086
17:11:18,2.529689074,3.127801895,3.171226263
17:11:18,2.529923916,3.130891085,3.171332121
17:11:18,2.529736042,3.129067183,3.170654297
17:11:18,2.527493238,3.12863183,3.17048502
17:11:18,2.528522968,3.128010273,3.172059298
17:11:18,2.528193712,3.131150007,3.171141386
17:11:18,2.528449535,3.126744509,3.171554327
17:11:18,2.52877903,3.126618147,3.170583963
17:11:18,2.528840065,3.131062031,3.171568394
17:11:18,2.527568579,3.127216816,3.169794798
17:11:18,2.527817011,3.126989841,3.170315027
17:11:18,2.527574062,3.129191399,3.169433355
17:11:18,2.526846647,3.130084991,3.170569897
17:11:18,2.528232336,3.125242949,3.171299219
17:11:18,2.528418064,3.127342939,3.170916796
17:11:18,2.52784276,3.130792618,3.17064929
17:11:18,2.527839422,3.127665043,3.169981003
17:11:18,2.52803421,3.127690554,3.170768738
17:11:18,2.527916193,3.129583359,3.169868708
17:11:18,2.529425383,3.129736423,3.170021534
17:11:18,2.528441429,3.128352642,3.170168877
17:11:18,2.527698517,3.126574993,3.169587374
17:11:18,2.527833939,3.130170822,3.169912577
17:11:18,2.528132439,3.128433466,3.169910669
17:11:18,2.528336048,3.127752304,3.168959856
17:11:18,2.527992964,3.129198074,3.168765068
17:11:18,2.528937101,3.129634619,3.168712139
17:11:18,2.527863264,3.127425909,3.169136763
17:11:18,2.527879238,3.128041267,3.167509556
17:11:18,2.527135372,3.130135536,3.168394804
17:11:18,2.527962208,3.127574682,3.167938948
17:11:18,2.526941776,3.127768993,3.167900085
17:11:18,2.527260065,3.129175901,3.168083668
17:11:18,2.527411699,3.129030943,3.169322729
17:11:18,2.527673483,3.128022432,3.167555571
17:11:18,2.526793718,3.127611876,3.170626402
17:11:18,2.526153326,3.130749464,3.170058489
17:11:18,2.527221203,3.128162384,3.172723293
17:11:18,2.52662015,3.128242493,3.171870947
17:11:18,2.527064562,3.128777504,3.16927743
17:11:18,2.527668476,3.130083084,3.169420242
17:11:18,2.527433872,3.128059864,3.171597481
17:11:18,2.526516914,3.128006935,3.17005372
17:11:18,2.52752924,3.129727602,3.169525623
17:11:18,2.52778244,3.127117157,3.171569586
17:11:18,2.528330803,3.12826252,3.170766354
17:11:18,2.530053854,3.129389763,3.172310352
17:11:18,2.530334234,3.12907052,3.170749426
17:11:18,2.52897048,3.129221916,3.171243668
17:11:18,2.529495239,3.128035784,3.170660973
17:11:18,2.530401707,3.129374504,3.170607567
17:11:18,2.530908823,3.12863183,3.170303106
17:11:18,2.530105591,3.128372669,3.170367718
17:11:18,2.529052973,3.128946304,3.170638323
17:11:18,2.530889034,3.129758358,3.171398401
17:11:18,2.529826641,3.129571676,3.170788527
17:11:18,2.531040907,3.12792635,3.171831608
17:11:18,2.529358387,3.128972292,3.169761896
17:11:18,2.530466318,3.129177094,3.172595978
17:11:18,2.530315876,3.128852367,3.171366215
17:11:18,2.530487299,3.12940073,3.169640541
17:11:18,2.529229403,3.129421473,3.171761274
17:11:18,2.529202938,3.129868746,3.170650005
17:11:18,2.5291996,3.128764391,3.171804905
17:11:18,2.528533459,3.129284382,3.170937777
17:11:18,2.52809763,3.129604101,3.171042919
17:11:18,2.527274847,3.128489017,3.171098471
17:11:18,2.528453827,3.129432917,3.171470881
17:11:18,2.527856827,3.129360914,3.171567202
17:11:18,2.528939009,3.129360437,3.170393944
17:11:18,2.527981281,3.129040003,3.169493437
17:11:18,2.528639317,3.129117966,3.168904066
17:11:18,2.52877903,3.129370213,3.170424461
17:11:18,2.528152227,3.129345894,3.169544697
17:11:18,2.528827667,3.12966156,3.168693066
17:11:18,2.527900934,3.129994392,3.171176434
17:11:18,2.528164625,3.12973237,3.171741486
17:11:18,2.528081179,3.129421473,3.172021151
17:11:18,2.528215647,3.128986597,3.170262098
17:11:18,2.52850914,3.129204273,3.171275854
17:11:18,2.527958393,3.129161596,3.17008543
17:11:18,2.52767396,3.128551245,3.170011044
17:11:18,2.528176785,3.129657269,3.169176579
17:11:18,2.527877092,3.130439758,3.168544292
17:11:18,2.526807785,3.129096508,3.169190884
17:11:18,2.526891708,3.129758835,3.169615507
17:11:18,2.526599407,3.129486322,3.169860125
17:11:18,2.527766705,3.128868818,3.16988802
17:11:18,2.528102875,3.129702091,3.168577671
17:11:18,2.527733326,3.12987709,3.168575287
17:11:18,2.52732563,3.129221678,3.16773057
17:11:18,2.528083801,3.130204439,3.167235613
17:11:18,2.528319359,3.130049706,3.169542313
17:11:18,2.528517962,3.12843895,3.168891191
17:11:18,2.527756691,3.128673315,3.170911074
17:11:18,2.528038025,3.129402399,3.169929266
17:11:18,2.528120995,3.128936529,3.170943737
17:11:18,2.527390718,3.129346371,3.170877695
17:11:18,2.528205872,3.129338026,3.170275211
17:11:18,2.527551889,3.129777431,3.171411514
17:11:18,2.52731514,3.129157782,3.170734167
17:11:18,2.528465509,3.12926507,3.170565367
17:11:18,2.528393269,3.129588842,3.169162989
17:11:18,2.52751112,3.128714085,3.170978308
17:11:18,2.528276205,3.128628254,3.171480656
17:11:18,2.529383421,3.128955364,3.170220852
17:11:18,2.529623032,3.130151033,3.170338869
17:11:18,2.529276371,3.12911272,3.170120239
17:11:18,2.530114174,3.129455805,3.168871403
17:11:18,2.530600309,3.130268574,3.170366526
17:11:18,2.531411171,3.129112244,3.170945168
17:11:18,2.530355215,3.129846573,3.16912818
17:11:19,2.529715776,3.128904819,3.169471502
17:11:19,2.529417753,3.129157782,3.169719458
17:11:19,2.529784679,3.129207611,3.168646574
17:11:19,2.52999258,3.128786087,3.171318769
17:11:19,2.529175758,3.128905535,3.171790123
17:11:19,2.529818058,3.129161119,3.170850754
17:11:19,2.530003548,3.129235744,3.171788931
17:11:19,2.530135155,3.12992239,3.169530153
17:11:19,2.529782534,3.129936934,3.170082092
17:11:19,2.52903223,3.129447222,3.170419693
17:11:19,2.528726101,3.129671335,3.170920372
17:11:19,2.528819323,3.1294415,3.17192626
17:11:19,2.527621508,3.129097939,3.171477318
17:11:19,2.527559757,3.129243851,3.171416998
17:11:19,2.527772665,3.12994504,3.171270847
17:11:19,2.526910782,3.1288445,3.170951605
17:11:19,2.527041674,3.128269196,3.169892788
17:11:19,2.528010368,3.129424334,3.171270847
17:11:19,2.527957201,3.129293442,3.171656132
17:11:19,2.527392626,3.128957272,3.170030832
17:11:19,2.528466225,3.128882885,3.170232534
17:11:19,2.528504372,3.12904954,3.170914173
17:11:19,2.527927637,3.129056931,3.170770168
17:11:19,2.528151035,3.129582644,3.171014786
17:11:19,2.527785778,3.129638433,3.172329426
17:11:19,2.528336048,3.128845692,3.171615124
17:11:19,2.528079033,3.128486633,3.170743465
17:11:19,2.52834487,3.128196239,3.170731306
17:11:19,2.528121948,3.129465103,3.168468714
17:11:19,2.527726412,3.129255056,3.169624329
17:11:19,2.527767181,3.129207134,3.169056177
17:11:19,2.527594328,3.129371405,3.16950798
17:11:19,2.5268085,3.129405737,3.169272661
17:11:19,2.526804209,3.128887653,3.168638945
17:11:19,2.527227402,3.129253864,3.170245647
17:11:19,2.527233124,3.129255533,3.169760466
17:11:19,2.526953936,3.129367828,3.169202328
17:11:19,2.527530909,3.128956079,3.169136286
17:11:19,2.528057814,3.129970789,3.168798685
17:11:19,2.527242899,3.129159451,3.16895771
17:11:19,2.527181149,3.128877163,3.169229269
17:11:19,2.528204679,3.129361391,3.168274164
17:11:19,2.527130604,3.129384995,3.169612169
17:11:19,2.527793407,3.128689289,3.169657469
17:11:19,2.528254747,3.129390717,3.17093873
17:11:19,2.528398991,3.1287992,3.17165041
17:11:19,2.52788949,3.129283667,3.171415091
17:11:19,2.528401375,3.128839493,3.169736862
17:11:19,2.528551817,3.129439354,3.171865702
17:11:19,2.528815508,3.129000902,3.168292522
17:11:19,2.529233217,3.129164457,3.169476509
17:11:19,2.528144121,3.128740549,3.169851303
17:11:19,2.528901815,3.129891872,3.169817209
17:11:19,2.528531075,3.129374027,3.170309782
17:11:19,2.529069185,3.128608227,3.170164585
17:11:19,2.52940774,3.129512548,3.169769526
17:11:19,2.529097795,3.12877059,3.170260191
17:11:19,2.530317068,3.128955364,3.170095921
17:11:19,2.52948761,3.129580975,3.170784235
17:11:19,2.52970171,3.128448009,3.168424845
17:11:19,2.529726267,3.129354477,3.168938637
17:11:19,2.530012846,3.128822327,3.168627501
17:11:19,2.530563354,3.129610777,3.17006588
17:11:19,2.530452967,3.129396677,3.170510054
17:11:19,2.529906273,3.129240751,3.170660496
17:11:19,2.530150414,3.12948513,3.169405222
17:11:19,2.529091835,3.128518343,3.170432329
17:11:19,2.52892971,3.129327536,3.171534538
17:11:19,2.529991388,3.129563808,3.171637535
17:11:19,2.529441595,3.128933668,3.170922041
17:11:19,2.529204845,3.129050255,3.171421528
17:11:19,2.528918505,3.129609108,3.171005487
17:11:19,2.528332949,3.129450798,3.172628403
17:11:19,2.52793932,3.128677368,3.173014879
17:11:19,2.526678085,3.129487514,3.170959234
17:11:19,2.527831316,3.129365444,3.171099663
17:11:19,2.527406931,3.129702568,3.173007965
17:11:19,2.526290655,3.129172564,3.170798302
17:11:19,2.527527094,3.129303217,3.170966148
17:11:19,2.52680254,3.129079342,3.171107769
17:11:19,2.526552916,3.128412008,3.170580387
17:11:19,2.527480125,3.128582954,3.17044425
17:11:19,2.52780056,3.128885746,3.170307398
17:11:19,2.527219772,3.129826307,3.171059132
17:11:19,2.527140379,3.129583359,3.172124386
17:11:19,2.528237343,3.129858971,3.171097994
17:11:19,2.527193546,3.128893852,3.170238733
17:11:19,2.527739286,3.129095316,3.169805288
17:11:19,2.527150869,3.128632784,3.168027401
17:11:19,2.528241396,3.129659176,3.168829679
17:11:19,2.527399302,3.130245447,3.168717623
17:11:19,2.528382063,3.128680706,3.168314219
17:11:19,2.528695822,3.129058123,3.167829752
17:11:19,2.529403687,3.130347252,3.166744709
17:11:19,2.528524637,3.129019976,3.168436766
17:11:19,2.527540207,3.130178213,3.169017076
17:11:19,2.528238535,3.12985158,3.16881609
17:11:19,2.528347254,3.128391027,3.169997692
17:11:19,2.528841257,3.129286051,3.169236898
17:11:19,2.52850914,3.129319429,3.170080185
17:11:19,2.528750658,3.129270077,3.16991353
17:11:19,2.528382063,3.128671408,3.171078205
17:11:19,2.52906394,3.129110813,3.172012806
17:11:19,2.52843523,3.129130602,3.172126055
17:11:19,2.528679609,3.129076958,3.170225382
17:11:19,2.528258085,3.129644871,3.170786619
17:11:19,2.529114723,3.129398346,3.170676231
17:11:19,2.5287323,3.129744768,3.170461416
17:11:19,2.52821517,3.129301786,3.170438766
17:11:19,2.528795242,3.128777027,3.170968294
17:11:19,2.529569387,3.129153728,3.172019243
17:11:20,2.529762268,3.128689289,3.170064688
17:11:20,2.528923273,3.129547596,3.172103643
17:11:20,2.529702187,3.129530668,3.170699358
17:11:20,2.528246641,3.129188299,3.171230316
17:11:20,2.530047894,3.129691601,3.169632912
17:11:20,2.5310812,3.129666328,3.169262409
17:11:20,2.529170513,3.12968874,3.169743299
17:11:20,2.529567957,3.12847662,3.169716597
17:11:20,2.529332161,3.128512144,3.168904066
17:11:20,2.52941823,3.130167961,3.171214581
17:11:20,2.529036283,3.129374504,3.17124629
17:11:20,2.52823782,3.129321098,3.169411182
17:11:20,2.529423714,3.130250454,3.170858622
17:11:20,2.527940989,3.12981987,3.169778347
17:11:20,2.528733492,3.129205942,3.170194149
17:11:20,2.529465437,3.129313707,3.170837641
17:11:20,2.527693033,3.128430843,3.170853853
17:11:20,2.529190302,3.129551649,3.171517134
17:11:20,2.528769732,3.129174948,3.172327042
17:11:20,2.528142452,3.129247427,3.170903921
17:11:20,2.527923107,3.128653765,3.171556234
17:11:20,2.528223753,3.128618956,3.171260595
17:11:20,2.527238846,3.129399061,3.172317743
17:11:20,2.528087854,3.129269361,3.170015812
17:11:20,2.528031349,3.128950834,3.17006731
17:11:20,2.528318644,3.128833532,3.169588089
17:11:20,2.527468681,3.129040003,3.169656992
17:11:20,2.528128624,3.128944635,3.17006278
17:11:20,2.527823448,3.129134417,3.170000076
17:11:20,2.527068377,3.129261971,3.170001268
17:11:20,2.526589394,3.129634619,3.170133591
17:11:20,2.52721858,3.129130125,3.169076681
17:11:20,2.528795719,3.12919569,3.168779612
17:11:20,2.527395964,3.130621672,3.168673277
17:11:20,2.528106451,3.129514694,3.168493986
17:11:20,2.529509068,3.129542351,3.168254614
17:11:20,2.527860165,3.129072905,3.167840481
17:11:20,2.527730703,3.129852772,3.168917894
17:11:20,2.527530909,3.129157066,3.170181274
17:11:20,2.527900934,3.129167557,3.169246197
17:11:20,2.527754307,3.129790068,3.170094252
17:11:20,2.52799654,3.129127264,3.170198441
17:11:20,2.528584003,3.129984856,3.170351505
17:11:20,2.528139591,3.129104137,3.169288397
17:11:20,2.529140711,3.129025698,3.169087887
17:11:20,2.528434515,3.128672123,3.167926311
17:11:20,2.527722836,3.12943244,3.168843269
17:11:20,2.528318644,3.129572153,3.170338154
17:11:20,2.527426004,3.129715204,3.170268536
17:11:20,2.527662992,3.130273104,3.171925068
17:11:20,2.528296232,3.129482508,3.172590256
17:11:20,2.527298212,3.129177809,3.172310352
17:11:20,2.527280331,3.129310846,3.172555923
17:11:20,2.527775288,3.130029202,3.170529842
17:11:20,2.528104067,3.128861666,3.17095089
17:11:20,2.527778864,3.12949729,3.171225071
17:11:20,2.527884722,3.129647732,3.171279669
17:11:20,2.528312445,3.128976345,3.170152187
17:11:20,2.528417587,3.129874706,3.171117067
17:11:20,2.529016495,3.129323959,3.171470165
17:11:20,2.528338909,3.129152775,3.171639204
17:11:20,2.52958703,3.129818201,3.171280146
17:11:20,2.529912472,3.129712105,3.171568394
17:11:20,2.529367685,3.129950523,3.170931339
17:11:20,2.528817892,3.129594803,3.170604229
17:11:20,2.528407574,3.130144835,3.170063972
17:11:20,2.528251171,3.128695726,3.170871019
17:11:20,2.529395819,3.129580975,3.170820713
17:11:20,2.528788328,3.129567623,3.169457912
17:11:20,2.529677868,3.12919426,3.170069933
17:11:20,2.529628992,3.129253149,3.169445276
17:11:20,2.529527187,3.129565001,3.170877218
17:11:20,2.529323578,3.128999472,3.171534538
17:11:20,2.529618025,3.128651381,3.170653582
17:11:20,2.528301239,3.128954887,3.170587301
17:11:20,2.527731895,3.129997969,3.170774937
17:11:20,2.528567791,3.129170418,3.170778036
17:11:20,2.527435064,3.12953496,3.171800852
17:11:20,2.527065754,3.130113602,3.171432972
17:11:20,2.52759552,3.129062414,3.1732862
17:11:20,2.528283596,3.128168106,3.172635317
17:11:20,2.527807236,3.129400015,3.173824072
17:11:20,2.526642561,3.128930807,3.171903372
17:11:20,2.527612209,3.128047228,3.171429634
17:11:20,2.52812314,3.128587961,3.171671867
17:11:20,2.528140068,3.130128145,3.170086145
17:11:20,2.528492212,3.129226208,3.170158625
17:11:20,2.528176308,3.128605366,3.171640396
17:11:20,2.528028727,3.129558325,3.170260191
17:11:20,2.52803874,3.128976822,3.169034004
17:11:20,2.528308868,3.128608227,3.17016077
17:11:20,2.526676893,3.128875017,3.169404507
17:11:20,2.52697134,3.13000989,3.168681383
17:11:20,2.526582479,3.129600525,3.167833567
17:11:20,2.527337074,3.127685547,3.168068647
17:11:20,2.526665449,3.12979579,3.167747498
17:11:20,2.527611732,3.128981829,3.16724205
17:11:20,2.527813673,3.128486633,3.168831348
17:11:20,2.529452801,3.129442215,3.169747353
17:11:20,2.52768755,3.130215645,3.168699026
17:11:20,2.528510809,3.127943993,3.168734312
17:11:20,2.52773881,3.12888217,3.169469833
17:11:20,2.527991056,3.12913394,3.169216633
17:11:20,2.527452469,3.128778696,3.169418573
17:11:20,2.529408932,3.128145218,3.168011665
17:11:20,2.528079033,3.129293442,3.17042017
17:11:20,2.528876066,3.12938118,3.171412706
17:11:20,2.528301239,3.128298998,3.171055317
17:11:20,2.527861357,3.12891531,3.170334578
17:11:20,2.527897596,3.129467487,3.170857906
17:11:20,2.528282881,3.128412008,3.171362162
17:11:20,2.527418852,3.127680302,3.171392918
17:11:20,2.527041674,3.128658772,3.172105074
17:11:20,2.526890993,3.129702568,3.171013832
17:11:20,2.526632071,3.128284454,3.171442747
17:11:20,2.526745558,3.129504919,3.170515299
17:11:20,2.527755737,3.12980938,3.169684649
17:11:20,2.528678417,3.12950325,3.17017746
17:11:20,2.528637648,3.129241228,3.170340538
17:11:21,2.528589964,3.129009485,3.170544386
17:11:21,2.528962851,3.128775358,3.170048714
17:11:21,2.529547215,3.129595757,3.17058444
17:11:21,2.529996634,3.128876686,3.170535088
17:11:21,2.529473066,3.129453182,3.171113491
17:11:21,2.529997826,3.129065514,3.170694351
17:11:21,2.529381275,3.129557848,3.169646978
17:11:21,2.530692101,3.12843585,3.169523716
17:11:21,2.530141592,3.129708767,3.170449257
17:11:21,2.529143095,3.129761696,3.170678854
17:11:21,2.529812336,3.129003763,3.171015263
17:11:21,2.529164076,3.129342556,3.172062159
17:11:21,2.529326916,3.129101753,3.17225337
17:11:21,2.529057741,3.128662348,3.171886921
17:11:21,2.528787613,3.128926754,3.173532963
17:11:21,2.528751135,3.129261255,3.171824694
17:11:21,2.529238701,3.128830433,3.171167374
17:11:21,2.528824806,3.128952026,3.171771049
17:11:21,2.52832675,3.128835201,3.172653675
17:11:21,2.527236462,3.129204273,3.170633078
17:11:21,2.527642727,3.127883673,3.172558784
17:11:21,2.526662827,3.129170418,3.172554731
17:11:21,2.526497126,3.129084587,3.172205925
17:11:21,2.525872946,3.129056931,3.172149897
17:11:21,2.527315617,3.129348755,3.170784235
17:11:21,2.527326584,3.129508972,3.16976428
17:11:21,2.527134895,3.128869534,3.170380831
17:11:21,2.528008461,3.129225016,3.1696527
17:11:21,2.526383877,3.129520655,3.169171095
17:11:21,2.527170897,3.129906416,3.169428349
17:11:21,2.527098656,3.128772259,3.169035435
17:11:21,2.528258801,3.129282236,3.16866827
17:11:21,2.527229071,3.129670143,3.170076132
17:11:21,2.528155327,3.129187107,3.168802261
17:11:21,2.527927637,3.129920721,3.168727398
17:11:21,2.528683424,3.130285263,3.168525696
17:11:21,2.527494431,3.128824234,3.168674469
17:11:21,2.527923822,3.129051447,3.16804409
17:11:21,2.527758598,3.129087925,3.168536425
17:11:21,2.528616667,3.129341364,3.16955471
17:11:21,2.527845144,3.129495621,3.170465469
17:11:21,2.526512146,3.129125357,3.169534922
17:11:21,2.529136658,3.129362583,3.169323206
17:11:21,2.528698683,3.129456997,3.171028614
17:11:21,2.527261257,3.129080296,3.169441938
17:11:21,2.528306484,3.130125761,3.169609785
17:11:21,2.529265881,3.129487991,3.170860052
17:11:21,2.527591944,3.129698277,3.170680761
17:11:21,2.528634787,3.128834724,3.169825792
17:11:21,2.528939486,3.12908864,3.169643879
17:11:21,2.528182507,3.129599333,3.171770573
17:11:21,2.527663469,3.12878561,3.171418667
17:11:21,2.528676987,3.128901482,3.171472788
17:11:21,2.528715611,3.129838228,3.172292233
17:11:21,2.526783228,3.128605366,3.172869444
17:11:21,2.528450251,3.129111528,3.172598362
17:11:21,2.528321743,3.129136324,3.170426369
17:11:21,2.52814126,3.128296614,3.16947794
17:11:21,2.528579235,3.12904048,3.169718504
17:11:21,2.528928518,3.129986525,3.169626474
17:11:21,2.528512001,3.12847352,3.170821905
17:11:21,2.527712584,3.129966736,3.170450926
17:11:21,2.529201984,3.128738165,3.171140194
17:11:21,2.529620647,3.128440619,3.171859026
17:11:21,2.528730154,3.128463745,3.170788527
17:11:21,2.529901981,3.128521442,3.171334982
17:11:21,2.529708147,3.129228592,3.171635389
17:11:21,2.528993607,3.128497601,3.168956757
17:11:21,2.529729128,3.129151583,3.169670582
17:11:21,2.529473066,3.129503727,3.169785023
17:11:21,2.529307842,3.128807068,3.171010971
17:11:21,2.530584335,3.128448486,3.171370506
17:11:21,2.529262781,3.128987789,3.172101974
17:11:21,2.529592276,3.129350662,3.171943665
17:11:21,2.530467272,3.129067659,3.172930717
17:11:21,2.529800653,3.128098965,3.172718048
17:11:21,2.529043198,3.129978418,3.172586203
17:11:21,2.528984308,3.128407717,3.171849728
17:11:21,2.527727604,3.128756762,3.171862364
17:11:21,2.528254032,3.1288445,3.171016455
17:11:21,2.527622461,3.129650593,3.172021627
17:11:21,2.526973009,3.12866807,3.172599554
17:11:21,2.526067734,3.12953496,3.170861959
17:11:21,2.526330233,3.130244255,3.169935465
17:11:21,2.525704145,3.128559828,3.169939756
17:11:21,2.526653528,3.128574848,3.170004845
17:11:21,2.525806427,3.129374504,3.169510365
17:11:21,2.526968241,3.130649805,3.17049551
17:11:21,2.527209997,3.128520489,3.169193029
17:11:21,2.527639151,3.129157066,3.169534445
17:11:21,2.526166677,3.12953496,3.168837309
17:11:21,2.526397467,3.128956079,3.167939663
17:11:21,2.526982784,3.127894163,3.168985605
17:11:21,2.526916504,3.129178286,3.169504642
17:11:21,2.527369261,3.13014102,3.16969347
17:11:21,2.527951241,3.129169226,3.169406891
17:11:21,2.527811527,3.129270077,3.167947054
17:11:21,2.528342247,3.129588842,3.16884017
17:11:21,2.528338432,3.128861666,3.167941332
17:11:21,2.528939962,3.129430056,3.169059038
17:11:21,2.528775454,3.129273891,3.169915676
17:11:21,2.528759241,3.129961014,3.170531034
17:11:21,2.528569221,3.128227711,3.170940638
17:11:21,2.5279634,3.129544735,3.170638323
17:11:21,2.528476477,3.129003286,3.169142723
17:11:21,2.528520107,3.128730774,3.170303822
17:11:21,2.528508186,3.128855228,3.170757771
17:11:21,2.528207779,3.129799128,3.170502663
17:11:21,2.528909922,3.129253149,3.170725584
17:11:21,2.528485298,3.127891779,3.170543194
17:11:21,2.529325247,3.12987709,3.171221018
17:11:21,2.528528214,3.129292727,3.171881437
17:11:21,2.529191971,3.128800869,3.171755075
17:11:21,2.529472351,3.128729582,3.170526743
17:11:21,2.528532743,3.129635334,3.1708951
17:11:21,2.528129339,3.129884481,3.170534611
17:11:22,2.5286026,3.129275084,3.171911478
17:11:22,2.527050972,3.130077362,3.170621634
17:11:22,2.529267073,3.129592657,3.171000242
17:11:22,2.52842617,3.129312038,3.170639038
17:11:22,2.529241085,3.128768206,3.17108345
17:11:22,2.528798103,3.129883766,3.17157197
17:11:22,2.529410839,3.129585505,3.171418667
17:11:22,2.529989004,3.129115105,3.170422792
17:11:22,2.529753447,3.129271746,3.170731306
17:11:22,2.529827356,3.129370689,3.169336081
17:11:22,2.529382944,3.128437757,3.170312405
17:11:22,2.529130936,3.128757715,3.170683861
17:11:22,2.529610872,3.130081415,3.171692848
17:11:22,2.52935338,3.129344225,3.171466112
17:11:22,2.529427052,3.129572153,3.17183876
17:11:22,2.529803276,3.128984928,3.171137333
17:11:22,2.528661966,3.130256414,3.170656681
17:11:22,2.530005932,3.128342628,3.170519829
17:11:22,2.529588938,3.128914833,3.171571255
17:11:22,2.528835773,3.130557537,3.170381784
17:11:22,2.52918458,3.129130602,3.171672583
17:11:22,2.528249025,3.128579378,3.170413494
17:11:22,2.527703762,3.129956007,3.171523571
17:11:22,2.527552605,3.129498482,3.170253754
17:11:22,2.526294708,3.128711939,3.17013669
17:11:22,2.525853157,3.130161762,3.17108798
17:11:22,2.526661158,3.130852461,3.171929836
17:11:22,2.526391268,3.129032612,3.171741009
17:11:22,2.525874853,3.129442215,3.168729782
17:11:22,2.526700497,3.130816936,3.170334101
17:11:22,2.526089191,3.129311562,3.169323206
17:11:22,2.52628994,3.129157782,3.16928196
17:11:22,2.526979446,3.129115105,3.169441462
17:11:22,2.526089907,3.129801035,3.169414997
17:11:22,2.525178194,3.12948513,3.168021679
17:11:22,2.527163267,3.129353046,3.169634581
17:11:22,2.526210546,3.129711628,3.169822216
17:11:22,2.5268507,3.130239248,3.169444323
17:11:22,2.527958393,3.128860474,3.169646978
17:11:22,2.527791739,3.129808903,3.169033527
17:11:22,2.527703762,3.130372763,3.168950558
17:11:22,2.529718637,3.129150152,3.168753624
17:11:22,2.529573679,3.12990284,3.168514729
17:11:22,2.528022766,3.129111528,3.168966532
17:11:22,2.528646231,3.129892349,3.169059992
17:11:22,2.529610395,3.129045248,3.170531034
17:11:22,2.529715776,3.130006552,3.171211243
17:11:22,2.529181957,3.130715609,3.171643019
17:11:22,2.529107809,3.128334522,3.171245337
17:11:22,2.529259443,3.129116774,3.169293642
17:11:22,2.52929163,3.130353451,3.169147253
17:11:22,2.528709173,3.128904343,3.169406414
17:11:22,2.529104948,3.129388571,3.169412851
17:11:22,2.529131413,3.129295349,3.170954466
17:11:22,2.528759241,3.129930496,3.172314405
17:11:22,2.528791189,3.129172564,3.171473742
17:11:22,2.529317856,3.129780769,3.171861649
17:11:22,2.527210951,3.129707575,3.172069788
17:11:22,2.52930212,3.129697084,3.171588659
17:11:22,2.528285503,3.129912853,3.170361996
17:11:22,2.527782917,3.129653454,3.170614719
17:11:22,2.527977228,3.129113197,3.169843912
17:11:22,2.528360128,3.128086567,3.168982983
17:11:22,2.530072927,3.129546642,3.170624495
17:11:22,2.529753447,3.129932165,3.16928196
17:11:22,2.529111862,3.12864852,3.169750214
17:11:22,2.529892683,3.129410505,3.172367811
17:11:22,2.529464245,3.129309893,3.171557426
17:11:22,2.530551195,3.129312038,3.170869112
17:11:22,2.529036283,3.128390551,3.169960022
17:11:22,2.529613256,3.129496813,3.17001152
17:11:22,2.529485941,3.129781961,3.17061758
17:11:22,2.52933979,3.128385782,3.169855356
17:11:22,2.529875278,3.129618883,3.170686722
17:11:22,2.528678417,3.12958765,3.170488596
17:11:22,2.52816081,3.128288507,3.171138525
17:11:22,2.527917862,3.128693581,3.171387434
17:11:22,2.52864337,3.129799128,3.171132088
17:11:22,2.527069569,3.129311562,3.171911478
17:11:22,2.527936935,3.128631115,3.172162771
17:11:22,2.527444363,3.129594326,3.173940182
17:11:22,2.526646614,3.128821373,3.170451403
17:11:22,2.527412891,3.129291296,3.169969797
17:11:22,2.527621031,3.128778696,3.16961503
17:11:22,2.526110172,3.129812956,3.170158625
17:11:22,2.526667118,3.129196882,3.169625282
17:11:22,2.525531292,3.128143549,3.170914888
17:11:22,2.526329041,3.129911423,3.170038223
17:11:22,2.525889635,3.129222393,3.170909166
17:11:22,2.525870085,3.128430128,3.170484543
17:11:22,2.527092218,3.127819777,3.170456171
17:11:22,2.526536226,3.129422188,3.168554068
17:11:22,2.526312351,3.128419876,3.168870926
17:11:22,2.526733875,3.128180265,3.169313431
17:11:22,2.527112722,3.130156279,3.168328285
17:11:22,2.526061296,3.129071712,3.168175936
17:11:22,2.527141094,3.128959179,3.168428183
17:11:22,2.52763176,3.128093719,3.168101072
17:11:22,2.527835846,3.129485846,3.170142889
17:11:22,2.527864933,3.128530502,3.16930294
17:11:22,2.528635263,3.128664732,3.169599056
17:11:22,2.530143261,3.130380392,3.169365644
17:11:22,2.527784586,3.128543139,3.168668747
17:11:22,2.528785944,3.127943516,3.168180704
17:11:22,2.528013945,3.129303694,3.168649197
17:11:22,2.52899313,3.128750324,3.171298504
17:11:22,2.528325081,3.129139423,3.170575619
17:11:22,2.529009819,3.128347874,3.172098637
17:11:22,2.529492617,3.129950523,3.170435667
17:11:22,2.528416872,3.128647089,3.170169592
17:11:22,2.528646946,3.128929615,3.169578075
17:11:22,2.528228045,3.128280401,3.171054363
17:11:22,2.528844595,3.129393816,3.171506882
17:11:22,2.529672623,3.129142523,3.171421051
17:11:22,2.528320551,3.129223824,3.171178579
17:11:22,2.528931379,3.130046368,3.170692444
17:11:22,2.528090477,3.129719257,3.169473886
17:11:22,2.528132439,3.129407167,3.170982599
17:11:22,2.528613567,3.128773451,3.170226574
17:11:23,2.527571201,3.129188776,3.169686556
17:11:23,2.527398109,3.129223824,3.1717062
17:11:23,2.527977228,3.129012346,3.170455456
17:11:23,2.529983282,3.129858971,3.169987917
17:11:23,2.529650927,3.129330397,3.169874668
17:11:23,2.529397488,3.129704237,3.170386791
17:11:23,2.529545069,3.128778696,3.171108246
17:11:23,2.530209541,3.129751444,3.170425177
17:11:23,2.52865386,3.129489183,3.170787811
17:11:23,2.529241562,3.129264116,3.170249701
17:11:23,2.52934289,3.1284554,3.170483351
17:11:23,2.529149055,3.128757715,3.17241168
17:11:23,2.528750658,3.129891872,3.171357632
17:11:23,2.52933979,3.129072428,3.171111345
17:11:23,2.527848005,3.128378868,3.170762062
17:11:23,2.528040171,3.12859726,3.171130896
17:11:23,2.528578281,3.128584623,3.171367407
17:11:23,2.526572227,3.128992319,3.171561003
17:11:23,2.526680708,3.129522324,3.171554089
17:11:23,2.528094292,3.128604174,3.171628237
17:11:23,2.52733326,3.128198862,3.171509981
17:11:23,2.527074814,3.128594637,3.171408176
17:11:23,2.526873589,3.128501654,3.170687437
17:11:23,2.526491404,3.128821373,3.171003819
17:11:23,2.526573181,3.129235268,3.16982007
17:11:23,2.526284218,3.129548788,3.169966459
17:11:23,2.526442289,3.129207611,3.169560909
17:11:23,2.526414871,3.129575491,3.169531345
17:11:23,2.526358604,3.12968564,3.168653011
17:11:23,2.526891708,3.129428387,3.169964075
17:11:23,2.526942253,3.129179001,3.169350624
17:11:23,2.526799202,3.129066467,3.169926167
17:11:23,2.526761293,3.129230261,3.168898106
17:11:23,2.527036905,3.129422665,3.170273066
17:11:23,2.527007818,3.128392696,3.170845747
17:11:23,2.526288271,3.129113913,3.170025587
17:11:23,2.528097153,3.13006568,3.17048502
17:11:23,2.527570486,3.128836393,3.168787718
17:11:23,2.528619051,3.129992008,3.168675661
17:11:23,2.529152393,3.129659176,3.169525146
17:11:23,2.528268099,3.129446507,3.168481827
17:11:23,2.528001547,3.12961483,3.169372797
17:11:23,2.529405117,3.129935026,3.168807507
17:11:23,2.528837204,3.128451109,3.170465946
17:11:23,2.529711008,3.128479242,3.170865059
17:11:23,2.52832365,3.129260302,3.169247866
17:11:23,2.530064821,3.129344225,3.170966625
17:11:23,2.528635263,3.129084587,3.171460867
17:11:23,2.529759407,3.128964186,3.169613123
17:11:23,2.529613733,3.128615141,3.170200348
17:11:23,2.528685808,3.128862858,3.170289516
17:11:23,2.529730797,3.129602671,3.1703794
17:11:23,2.528784752,3.129462242,3.170581102
17:11:23,2.528717756,3.128131866,3.171847343
17:11:23,2.528398991,3.129491806,3.170782328
17:11:23,2.529180527,3.12869525,3.171059608
17:11:23,2.529658556,3.12906146,3.171997547
17:11:23,2.527930021,3.129135609,3.170895576
17:11:23,2.528870821,3.12838769,3.170702934
17:11:23,2.528864145,3.129048824,3.170833588
17:11:23,2.528271675,3.128670931,3.170993567
17:11:23,2.527967691,3.128884554,3.171400785
17:11:23,2.527738333,3.128903151,3.169642687
17:11:23,2.529013872,3.128856421,3.170476437
17:11:23,2.528300762,3.129273891,3.172383308
17:11:23,2.528056383,3.128905535,3.171275854
17:11:23,2.529261351,3.129055262,3.170653105
17:11:23,2.529099941,3.128938198,3.171009541
17:11:23,2.528918028,3.128486633,3.170582771
17:11:23,2.528140068,3.128701925,3.171627522
17:11:23,2.528678417,3.128937721,3.17175746
17:11:23,2.529606342,3.12888217,3.170851707
17:11:23,2.528848886,3.129037857,3.171610832
17:11:23,2.528842926,3.128942013,3.172086
17:11:23,2.527891874,3.128793001,3.172269344
17:11:23,2.52864027,3.129325867,3.171648979
17:11:23,2.527625799,3.129043102,3.170993567
17:11:23,2.52730751,3.128406525,3.170657396
17:11:23,2.528236866,3.128425598,3.170145988
17:11:23,2.526664495,3.129020452,3.170902014
17:11:23,2.526563406,3.128949642,3.168967724
17:11:23,2.526019335,3.128236055,3.169888973
17:11:23,2.526701927,3.129158974,3.170297623
17:11:23,2.526318312,3.128755569,3.168802261
17:11:23,2.527504206,3.128569603,3.168979406
17:11:23,2.526012421,3.129204273,3.169620275
17:11:23,2.527301788,3.130085945,3.169537067
17:11:23,2.526658297,3.128958464,3.17057991
17:11:23,2.52725935,3.128870726,3.170341969
17:11:23,2.527498484,3.129079342,3.17081809
17:11:23,2.526582479,3.128742933,3.169837952
17:11:23,2.527326584,3.128989935,3.170659781
17:11:23,2.528121948,3.12891221,3.1700809
17:11:23,2.527384043,3.129858971,3.170256853
17:11:23,2.52777648,3.128706694,3.169506311
17:11:23,2.528011322,3.129009008,3.169062376
17:11:23,2.528842449,3.130245924,3.169663668
17:11:23,2.527589798,3.129208803,3.169185877
17:11:23,2.528521776,3.129613876,3.169030428
17:11:23,2.528409481,3.12919116,3.168317795
17:11:23,2.527954578,3.130107164,3.169110775
17:11:23,2.529340982,3.128180265,3.168586254
17:11:23,2.529301405,3.129022837,3.169245005
17:11:23,2.528696537,3.129307747,3.170203924
17:11:23,2.528887749,3.129499674,3.170239925
17:11:23,2.528835773,3.129661083,3.170271158
17:11:23,2.528972864,3.129989386,3.170715094
17:11:23,2.529215336,3.130213261,3.170026779
17:11:23,2.528168201,3.12887311,3.16990304
17:11:23,2.528618574,3.12832284,3.170990944
17:11:23,2.52838397,3.129716873,3.169683456
17:11:23,2.528733492,3.129790545,3.169929266
17:11:23,2.52828598,3.129087448,3.170479774
17:11:23,2.528600931,3.129384995,3.171554327
17:11:23,2.527840614,3.129286528,3.170837641
17:11:24,2.529598713,3.12915659,3.17078495
17:11:24,2.529249668,3.129482031,3.171458721
17:11:24,2.528567791,3.12929225,3.173068762
17:11:24,2.52798295,3.129029274,3.170346975
17:11:24,2.527495623,3.129606724,3.170998573
17:11:24,2.527650118,3.129548788,3.170000553
17:11:24,2.528350353,3.129455328,3.170280218
17:11:24,2.528724909,3.129223824,3.172527552
17:11:24,2.52819705,3.129020452,3.170394897
17:11:24,2.528239012,3.129634619,3.170871258
17:11:24,2.528796434,3.129615784,3.171600342
17:11:24,2.529947758,3.129350662,3.170861483
17:11:24,2.527966261,3.130023718,3.170810699
17:11:24,2.528630972,3.129770756,3.170745373
17:11:24,2.528597593,3.129564285,3.170088053
17:11:24,2.529252529,3.130001783,3.170752764
17:11:24,2.527721405,3.129422665,3.170503378
17:11:24,2.528680086,3.128787756,3.170175552
17:11:24,2.527718306,3.129132271,3.170747757
17:11:24,2.528257132,3.129189968,3.169933796
17:11:24,2.528621197,3.129067659,3.169878006
17:11:24,2.527978897,3.129745245,3.170809269
17:11:24,2.528121948,3.129858255,3.171099663
17:11:24,2.528197765,3.129221916,3.169645786
17:11:24,2.528240204,3.128836393,3.168514252
17:11:24,2.5273211,3.129519463,3.169311285
17:11:24,2.527594328,3.129817724,3.170180559
17:11:24,2.527228355,3.129104137,3.170193672
17:11:24,2.52861619,3.128894329,3.170227766
17:11:24,2.528197765,3.129459381,3.16873908
17:11:24,2.526432037,3.129163742,3.168266773
17:11:24,2.526589394,3.129918575,3.169324875
17:11:24,2.526192188,3.129391909,3.170000076
17:11:24,2.525882244,3.129986525,3.169591665
17:11:24,2.52670598,3.129276276,3.169469833
17:11:24,2.526482582,3.128571272,3.17116189
17:11:24,2.526371479,3.128766775,3.169577122
17:11:24,2.526855469,3.128820658,3.169094563
17:11:24,2.52692318,3.128910303,3.169689178
17:11:24,2.527984142,3.12936306,3.169667482
17:11:24,2.528098822,3.129564285,3.168558836
17:11:24,2.527559757,3.128602982,3.170027971
17:11:24,2.528543711,3.129126072,3.170117855
17:11:24,2.528503895,3.129496813,3.16862464
17:11:24,2.529048443,3.12852931,3.169118166
17:11:24,2.528788805,3.1288445,3.169915676
17:11:24,2.528947592,3.130004168,3.170223236
17:11:24,2.52985239,3.129803419,3.169395924
17:11:24,2.528962374,3.129086971,3.169135809
17:11:24,2.529703856,3.129950047,3.169949532
17:11:24,2.528492212,3.129460573,3.168754101
17:11:24,2.528434515,3.128823042,3.16926527
17:11:24,2.528855801,3.12923646,3.169794798
17:11:24,2.528324604,3.129307747,3.170604706
17:11:24,2.528421164,3.12907815,3.169327021
17:11:24,2.529208183,3.129060268,3.171413898
17:11:24,2.527885199,3.129878521,3.170397997
17:11:24,2.528851032,3.128887653,3.170592546
17:11:24,2.528553247,3.129192114,3.170680046
17:11:24,2.529605627,3.129622459,3.17056179
17:11:24,2.528911591,3.129356384,3.172257423
17:11:24,2.52867794,3.129002094,3.171405792
17:11:24,2.528181314,3.128755093,3.170780659
17:11:24,2.528526306,3.129751921,3.171305418
17:11:24,2.527762413,3.130015135,3.171004295
17:11:24,2.528244972,3.129027605,3.171353579
17:11:24,2.528785467,3.129610777,3.170138359
17:11:24,2.528224945,3.129231691,3.171473265
17:11:24,2.528469324,3.128816843,3.170946836
17:11:24,2.528418779,3.129293442,3.170526743
17:11:24,2.52890873,3.12906146,3.170656681
17:11:24,2.528772116,3.129219294,3.170161486
17:11:24,2.528332233,3.128729105,3.171573639
17:11:24,2.528706789,3.12919569,3.170712709
17:11:24,2.528967381,3.128991127,3.17065239
17:11:24,2.527373791,3.129518509,3.170600653
17:11:24,2.528679132,3.12943387,3.170891762
17:11:24,2.528346062,3.130265236,3.170315504
17:11:24,2.528887749,3.128715992,3.170739412
17:11:24,2.528311253,3.129184723,3.17158246
17:11:24,2.528628826,3.129256725,3.170175552
17:11:24,2.527424574,3.128964186,3.170489073
17:11:24,2.526872396,3.128948927,3.169238567
17:11:24,2.526799202,3.130478144,3.170055389
17:11:24,2.526395798,3.129489899,3.170920849
17:11:24,2.526871204,3.128603458,3.170362473
17:11:24,2.527266741,3.130959749,3.170454025
17:11:24,2.526466608,3.129338026,3.171150208
17:11:24,2.527949095,3.128816366,3.16998148
17:11:24,2.526668787,3.127819777,3.169823408
17:11:24,2.527056932,3.129735947,3.169013023
17:11:24,2.526643753,3.129369736,3.169112444
17:11:24,2.527685881,3.128216028,3.17013073
17:11:24,2.526727676,3.129419565,3.169343472
17:11:24,2.526632547,3.129648924,3.170429468
17:11:24,2.526854277,3.128840685,3.170071125
17:11:24,2.527917385,3.129408836,3.170804024
17:11:24,2.52568841,3.128984213,3.169890165
17:11:24,2.526192188,3.129130125,3.168656349
17:11:24,2.527639151,3.128040075,3.170369387
17:11:24,2.527906179,3.129735947,3.169798613
17:11:24,2.527699709,3.128861666,3.170785427
17:11:24,2.529202938,3.128363848,3.168589592
17:11:24,2.52828598,3.128742218,3.16859889
17:11:24,2.527678251,3.129366159,3.169510365
17:11:24,2.52894187,3.128403187,3.169311285
17:11:24,2.528497696,3.128695726,3.170552015
17:11:24,2.527933836,3.129357338,3.171767712
17:11:24,2.5286026,3.129086971,3.170195818
17:11:24,2.530194521,3.129231691,3.170748472
17:11:24,2.529237986,3.12899971,3.169955254
17:11:24,2.528453112,3.128491879,3.170548916
17:11:24,2.529096603,3.128864527,3.169458866
17:11:24,2.528124332,3.129024029,3.169928789
17:11:24,2.529410839,3.12883234,3.169465542
17:11:24,2.529084206,3.129226208,3.169351339
17:11:24,2.529813051,3.128757238,3.170793295
17:11:24,2.529456854,3.12831068,3.169557333
17:11:24,2.529048443,3.12882185,3.170812607
17:11:25,2.529144764,3.129190445,3.172047138
17:11:25,2.528641462,3.128445148,3.171009064
17:11:25,2.529746532,3.128015757,3.170854568
17:11:25,2.530156612,3.130070925,3.171076536
17:11:25,2.528436661,3.128904343,3.171174049
17:11:25,2.528545856,3.129135132,3.171066284
17:11:25,2.52907443,3.13010931,3.170282841
17:11:25,2.528887749,3.128895044,3.17079711
17:11:25,2.528314114,3.129220486,3.171625853
17:11:25,2.529919863,3.128570795,3.170752764
17:11:25,2.52863884,3.129444838,3.171458006
17:11:25,2.529145956,3.129103422,3.170069933
17:11:25,2.530157089,3.127966642,3.170803547
17:11:25,2.5289011,3.130604982,3.169387102
17:11:25,2.527889967,3.128688097,3.1706357
17:11:25,2.527733326,3.128059626,3.171868324
17:11:25,2.528313398,3.12948513,3.170270205
17:11:25,2.527852058,3.129905701,3.170368433
17:11:25,2.527912617,3.128101826,3.170998573
17:11:25,2.526102543,3.128607035,3.172226191
17:11:25,2.526617527,3.13022542,3.171880484
17:11:25,2.52700448,3.128118277,3.170169592
17:11:25,2.527266264,3.128249407,3.169887304
17:11:25,2.525779247,3.128828049,3.17127037
17:11:25,2.528260708,3.129959345,3.170187712
17:11:25,2.528820992,3.12883234,3.170590162
17:11:25,2.527142763,3.128143549,3.169750929
17:11:25,2.526611805,3.129986525,3.169916391
17:11:25,2.526816607,3.12908864,3.169274569
17:11:25,2.527081013,3.128103733,3.170829058
17:11:25,2.526896238,3.128691673,3.168843269
17:11:25,2.527975559,3.130457878,3.169304609
17:11:25,2.528226376,3.128782749,3.170533419
17:11:25,2.527518749,3.129055738,3.169350624
17:11:25,2.526772738,3.131021738,3.168651819
17:11:25,2.527327299,3.128698587,3.169771194
17:11:25,2.527672768,3.128913879,3.169342995
17:11:25,2.527370453,3.129571199,3.170217276
17:11:25,2.527158737,3.130389452,3.169572592
17:11:25,2.52848649,3.129443884,3.169874668
17:11:25,2.526925325,3.128755569,3.169774532
17:11:25,2.526833534,3.130569696,3.169022322
17:11:25,2.529221296,3.129009008,3.168360233
17:11:25,2.528997421,3.129987001,3.169961214
17:11:25,2.529363155,3.128959417,3.169801235
17:11:25,2.529227734,3.129366636,3.168777227
17:11:25,2.529441118,3.129282236,3.16848278
17:11:25,2.528489113,3.129313707,3.17085743
17:11:25,2.529744625,3.130184412,3.172291756
17:11:25,2.530036926,3.129485846,3.170661688
17:11:25,2.528753281,3.130181313,3.169964075
17:11:25,2.529284954,3.130153418,3.171152592
17:11:25,2.528558969,3.129893064,3.171785116
17:11:25,2.528249979,3.129956007,3.170439959
17:11:25,2.52897501,3.129790545,3.171461582
17:11:25,2.528307676,3.13110733,3.171566248
17:11:25,2.528825998,3.129626751,3.171343088
17:11:25,2.528476954,3.128349543,3.172055721
17:11:25,2.528781414,3.129647732,3.171347141
17:11:25,2.528061628,3.129834414,3.17171073
17:11:25,2.52876091,3.129466295,3.173012972
17:11:25,2.528539181,3.128934145,3.172366619
17:11:25,2.528655529,3.130087137,3.170511961
17:11:25,2.528642893,3.129123449,3.170263052
17:11:25,2.528557301,3.129145622,3.171779156
17:11:25,2.529190302,3.129679441,3.171336651
17:11:25,2.527429819,3.129208803,3.170989275
17:11:25,2.529000521,3.130018711,3.170746565
17:11:25,2.526904821,3.129627466,3.171534538
17:11:25,2.528407574,3.130182743,3.171397686
17:11:25,2.530560493,3.129938126,3.171211243
17:11:25,2.529291153,3.129170418,3.170997858
17:11:25,2.527858973,3.129425287,3.169662952
17:11:25,2.529750824,3.129085064,3.169485807
17:11:25,2.529929876,3.129360914,3.170780659
17:11:25,2.52806592,3.129109144,3.172155142
17:11:25,2.528645754,3.129805565,3.171521425
17:11:25,2.529211998,3.129410505,3.171921492
17:11:25,2.528662443,3.129767895,3.170844078
17:11:25,2.527488232,3.12980628,3.171116352
17:11:25,2.527189016,3.129053831,3.1690166
17:11:25,2.527505398,3.129688025,3.169588089
17:11:25,2.528090477,3.129785299,3.168872118
17:11:25,2.527672768,3.129547596,3.169565201
17:11:25,2.527632713,3.129651308,3.16962719
17:11:25,2.527629614,3.128554821,3.169794798
17:11:25,2.526634455,3.129543543,3.16997385
17:11:25,2.526996851,3.129068375,3.169350147
17:11:25,2.526913881,3.128378391,3.169662952
17:11:25,2.525631428,3.129639149,3.169240236
17:11:25,2.527132988,3.129961491,3.169033527
17:11:25,2.52766633,3.130465031,3.168886423
17:11:25,2.527332783,3.129001617,3.169650316
17:11:25,2.526752234,3.128657103,3.168907881
17:11:25,2.526721001,3.128430843,3.168061495
17:11:25,2.526988029,3.12921977,3.169852018
17:11:25,2.526159763,3.129405022,3.170512676
17:11:25,2.528286695,3.129192591,3.169469118
17:11:25,2.528892994,3.130145311,3.169541121
17:11:25,2.527324915,3.128673792,3.169154882
17:11:25,2.528118849,3.129455805,3.170060635
17:11:25,2.527116776,3.128980637,3.167945147
17:11:25,2.52907753,3.128811359,3.169452429
17:11:25,2.528147221,3.128681898,3.16992116
17:11:25,2.529798269,3.129612684,3.169770241
17:11:25,2.528288603,3.129499674,3.171974421
17:11:25,2.528799772,3.128620386,3.171663284
17:11:25,2.529706955,3.129331112,3.170608282
17:11:25,2.528636932,3.129220963,3.171728611
17:11:25,2.528586864,3.129397869,3.171907663
17:11:25,2.528150558,3.129276276,3.171911478
17:11:25,2.528456688,3.12970686,3.17068553
17:11:25,2.528332233,3.129086971,3.170992374
17:11:25,2.528211355,3.128500462,3.170645475
17:11:25,2.528889418,3.129315376,3.17092967
17:11:25,2.529495239,3.129059315,3.171179056
17:11:26,2.528067589,3.128712893,3.170572281
17:11:26,2.529165983,3.129124165,3.17241478
17:11:26,2.529189825,3.128372669,3.170966625
17:11:26,2.528832674,3.129816055,3.171739101
17:11:26,2.529071569,3.129108667,3.171513319
17:11:26,2.529099941,3.12900281,3.170290947
17:11:26,2.52867651,3.128512144,3.172650814
17:11:26,2.529410839,3.129020929,3.172394514
17:11:26,2.529357195,3.129673719,3.171422005
17:11:26,2.528098822,3.13006115,3.17134881
17:11:26,2.527545691,3.129552841,3.171725988
17:11:26,2.527294874,3.129200935,3.17072916
17:11:26,2.527318001,3.129105091,3.171286345
17:11:26,2.52902627,3.128611565,3.170772076
17:11:26,2.527142286,3.128508568,3.171304703
17:11:26,2.529450893,3.129953384,3.170633078
17:11:26,2.529241562,3.128855705,3.171293259
17:11:26,2.528697014,3.129110813,3.170620918
17:11:26,2.528161526,3.129475355,3.170783043
17:11:26,2.528137445,3.128397942,3.170386791
17:11:26,2.528194189,3.128737688,3.170816183
17:11:26,2.528005838,3.128636837,3.170316696
17:11:26,2.527346373,3.129726648,3.169634104
17:11:26,2.527541876,3.128421545,3.169290304
17:11:26,2.527504683,3.128931284,3.170396805
17:11:26,2.527191639,3.129545689,3.171363354
17:11:26,2.527827263,3.129230738,3.169264555
17:11:26,2.526868105,3.128957987,3.169012547
17:11:26,2.526420832,3.128443003,3.171061993
17:11:26,2.527318001,3.129318953,3.170506001
17:11:26,2.526465893,3.129071236,3.169536352
17:11:26,2.52699399,3.127749443,3.168479204
17:11:26,2.526393652,3.129615545,3.170357943
17:11:26,2.527825117,3.129358053,3.169326067
17:11:26,2.526232958,3.128677845,3.168982506
17:11:26,2.526601076,3.128852844,3.168582678
17:11:26,2.527864933,3.129024029,3.168532133
17:11:26,2.526892662,3.12823844,3.16874361
17:11:26,2.527667761,3.128214359,3.169331074
17:11:26,2.527390718,3.129769802,3.169905186
17:11:26,2.528633595,3.128839016,3.169469118
17:11:26,2.526584864,3.128286839,3.170594931
17:11:26,2.527701139,3.128092766,3.169572592
17:11:26,2.527553082,3.12888217,3.169601679
17:11:26,2.528024435,3.128325462,3.170027971
17:11:26,2.527907372,3.128750324,3.170697212
17:11:26,2.528309345,3.129194975,3.170260906
17:11:26,2.528594494,3.128881693,3.168328762
17:11:26,2.52859211,3.128587961,3.169942141
17:11:26,2.528346062,3.128730059,3.171014786
17:11:26,2.529467821,3.129572153,3.171656609
17:11:26,2.528192997,3.128202677,3.173181534
17:11:26,2.529183865,3.128505945,3.171617746
17:11:26,2.529563189,3.128741741,3.171939135
17:11:26,2.529056549,3.128467083,3.17192626
17:11:26,2.529396296,3.129450798,3.171403885
17:11:26,2.528900146,3.129238367,3.17049408
17:11:26,2.528848171,3.129353046,3.169659615
17:11:26,2.529363871,3.128556252,3.170973539
17:11:26,2.528360128,3.128901482,3.172120094
17:11:26,2.527713537,3.129141092,3.171156645
17:11:26,2.528860331,3.128868341,3.173042774
17:11:26,2.529840231,3.129090309,3.171254635
17:11:26,2.529675961,3.128989458,3.170838356
17:11:26,2.529233694,3.128862858,3.170571804
17:11:26,2.529384136,3.12821722,3.170844078
17:11:26,2.528631687,3.128640413,3.170655489
17:11:26,2.528415442,3.12990284,3.171026468
17:11:26,2.528716087,3.128954172,3.172341585
17:11:26,2.528284311,3.128644466,3.17162323
17:11:26,2.529084206,3.128935814,3.17027235
17:11:26,2.528736353,3.128849506,3.169712543
17:11:26,2.528636456,3.129386663,3.170744658
17:11:26,2.529317856,3.129417181,3.170403004
17:11:26,2.529685259,3.129032135,3.170370102
17:11:26,2.52929163,3.129155397,3.169534922
17:11:26,2.529475689,3.129143715,3.170214415
17:11:26,2.528266907,3.129586458,3.170065165
17:11:26,2.527934313,3.12881422,3.17033267
17:11:26,2.527626991,3.128550053,3.171210527
17:11:26,2.528095961,3.128583431,3.170827866
17:11:26,2.526822329,3.129093647,3.170906067
17:11:26,2.526438951,3.128920794,3.170428753
17:11:26,2.526798487,3.129583836,3.170145512
17:11:26,2.525726318,3.128570795,3.169147253
17:11:26,2.525158644,3.128608704,3.169760466
17:11:26,2.525940895,3.128573656,3.169140339
17:11:26,2.526616335,3.12915659,3.168995857
17:11:26,2.525582314,3.128709555,3.169756651
17:11:26,2.525129557,3.128550053,3.169651508
17:11:26,2.52628231,3.128452301,3.171452761
17:11:26,2.525812626,3.129400015,3.170249462
17:11:26,2.526629686,3.129160643,3.170315027
17:11:26,2.526984215,3.128703117,3.169774532
17:11:26,2.526824713,3.129403591,3.169287205
17:11:26,2.527102232,3.129785299,3.169711113
17:11:26,2.527061462,3.128036976,3.16843915
17:11:26,2.527071714,3.129106283,3.166922092
17:11:26,2.528547049,3.129854441,3.170260906
17:11:26,2.528049469,3.128811359,3.168713808
17:11:26,2.52864933,3.129148483,3.169812918
17:11:26,2.52875495,3.129997969,3.169660091
17:11:26,2.528633595,3.129677534,3.170410872
17:11:26,2.528133631,3.128453732,3.168638945
17:11:26,2.529794693,3.129263401,3.169095755
17:11:26,2.528553247,3.130216599,3.170252085
17:11:26,2.528383255,3.129108667,3.170037746
17:11:26,2.528784275,3.128679514,3.169408083
17:11:26,2.529458523,3.13029623,3.172860146
17:11:26,2.529149771,3.129665136,3.171737671
17:11:26,2.528617859,3.128283978,3.170987606
17:11:26,2.529134989,3.128735542,3.171177387
17:11:26,2.529447317,3.12906599,3.171698093
17:11:26,2.528737545,3.1284163,3.170890093
17:11:26,2.529905319,3.12913394,3.172115088
17:11:26,2.530012369,3.128831148,3.174870729
17:11:26,2.5287323,3.128559828,3.173006773
17:11:26,2.529487133,3.128361702,3.170952797
17:11:26,2.528917551,3.130070925,3.171733856
17:11:27,2.528800488,3.129394293,3.171694517
17:11:27,2.528249025,3.128419876,3.171949387
17:11:27,2.528619766,3.12972331,3.171413898
17:11:27,2.529126883,3.130264521,3.172772169
17:11:27,2.527795076,3.129032612,3.171701431
17:11:27,2.528880596,3.12889266,3.171581745
17:11:27,2.529107809,3.128923178,3.171228647
17:11:27,2.528422356,3.129164934,3.170643806
17:11:27,2.527875185,3.129122972,3.169960022
17:11:27,2.527488947,3.129454136,3.172237635
17:11:27,2.52799654,3.129946232,3.170568705
17:11:27,2.527421713,3.128373146,3.170280218
17:11:27,2.52695322,3.129430056,3.169965029
17:11:27,2.527778864,3.129312992,3.170935869
17:11:27,2.528370619,3.128749847,3.170758247
17:11:27,2.527537584,3.128658772,3.17116189
17:11:27,2.527031183,3.128855705,3.171982288
17:11:27,2.528571844,3.12945652,3.169789314
17:11:27,2.52800703,3.127507925,3.169243097
17:11:27,2.526740313,3.129403114,3.171399593
17:11:27,2.52795577,3.129219294,3.170648813
17:11:27,2.527431488,3.128119946,3.168810606
17:11:27,2.527216911,3.128928661,3.169719458
17:11:27,2.526949167,3.129942656,3.169384241
17:11:27,2.526574373,3.129415035,3.169707298
17:11:27,2.526366234,3.128439426,3.169369221
17:11:27,2.527382612,3.129135609,3.169024229
17:11:27,2.526095629,3.129277229,3.169828176
17:11:27,2.527019262,3.12876606,3.171196699
17:11:27,2.527063131,3.129391909,3.169278622
17:11:27,2.52717042,3.129951715,3.170282364
17:11:27,2.526103258,3.128492355,3.169692755
17:11:27,2.527155638,3.128396749,3.16979003
17:11:27,2.527173042,3.129715919,3.168748379
17:11:27,2.527098656,3.128457785,3.168618679
17:11:27,2.527361631,3.127895832,3.168843985
17:11:27,2.526486158,3.128906488,3.168890476
17:11:27,2.526536703,3.129585505,3.168977022
17:11:27,2.52791214,3.128546953,3.169452429
17:11:27,2.527894974,3.128304005,3.169693947
17:11:27,2.527655363,3.129891872,3.171248436
17:11:27,2.526813984,3.128146887,3.170253754
17:11:27,2.528191805,3.129047155,3.169014215
17:11:27,2.528790474,3.129407644,3.169923782
17:11:27,2.527485132,3.128331184,3.17069149
17:11:27,2.529281855,3.127983332,3.170799494
17:11:27,2.528100252,3.127991438,3.170450926
17:11:27,2.52920413,3.129116297,3.170253277
17:11:27,2.528924942,3.129620075,3.171068907
17:11:27,2.528593302,3.129004955,3.170214415
17:11:27,2.529094458,3.129583359,3.171157598
17:11:27,2.529545784,3.128764868,3.170901775
17:11:27,2.530166388,3.128333807,3.171853065
17:11:27,2.529485941,3.128594637,3.171646833
17:11:27,2.530193329,3.129067183,3.170603514
17:11:27,2.528973818,3.128950119,3.170720339
17:11:27,2.529275656,3.128234863,3.170651674
17:11:27,2.530145645,3.129171371,3.171158791
17:11:27,2.528671026,3.129078865,3.171484232
17:11:27,2.528600931,3.128480434,3.172221422
17:11:27,2.528113842,3.128746033,3.172288656
17:11:27,2.527632236,3.128937721,3.171954632
17:11:27,2.527404308,3.1292665,3.172414303
17:11:27,2.527614355,3.128502131,3.171678782
17:11:27,2.528060913,3.129523993,3.171227694
17:11:27,2.529066324,3.129784107,3.170824289
17:11:27,2.528211355,3.129354477,3.171900749
17:11:27,2.528381109,3.128710032,3.172816277
17:11:27,2.527327299,3.129299879,3.171607971
17:11:27,2.528100252,3.129166842,3.172048807
17:11:27,2.527452946,3.130172968,3.170606613
17:11:27,2.527791262,3.129259109,3.170958519
17:11:27,2.527793407,3.12873888,3.169897795
17:11:27,2.527652025,3.130477667,3.170898199
17:11:27,2.52801466,3.129456997,3.169445753
17:11:27,2.528450727,3.129287243,3.169825792
17:11:27,2.527452469,3.129168034,3.169413567
17:11:27,2.527753592,3.12914896,3.170688868
17:11:27,2.527197838,3.128880501,3.169869423
17:11:27,2.527607203,3.128664255,3.169929266
17:11:27,2.527410746,3.129580975,3.169602156
17:11:27,2.52725625,3.128666878,3.169399977
17:11:27,2.526731968,3.129639626,3.169341326
17:11:27,2.526568651,3.129040003,3.168813229
17:11:27,2.526792288,3.129339695,3.169603825
17:11:27,2.527096272,3.128322363,3.168726921
17:11:27,2.527068377,3.129899502,3.170464039
17:11:27,2.526721478,3.129333019,3.169379711
17:11:27,2.526687384,3.128744602,3.169597864
17:11:27,2.526934147,3.128697395,3.169409752
17:11:27,2.52645421,3.129734755,3.169106722
17:11:27,2.527087212,3.129538298,3.170264244
17:11:27,2.527481556,3.128580093,3.171153307
17:11:27,2.527106762,3.129905701,3.169892311
17:11:27,2.527060747,3.128987312,3.169878006
17:11:27,2.527332067,3.129020452,3.170024157
17:11:27,2.527241945,3.129878283,3.169842482
17:11:27,2.527311563,3.12988019,3.168926001
17:11:27,2.528556108,3.129094839,3.169108152
17:11:27,2.529361963,3.129563808,3.169852972
17:11:27,2.528866291,3.128729582,3.169144869
17:11:27,2.529196024,3.129956484,3.171783447
17:11:27,2.529598236,3.12912178,3.17121172
17:11:27,2.529811144,3.130509377,3.171376705
17:11:27,2.528407097,3.128534555,3.171515465
17:11:27,2.528528214,3.128875494,3.171633005
17:11:27,2.528091669,3.12826252,3.168788195
17:11:27,2.52879858,3.129511833,3.17054534
17:11:27,2.52880311,3.128962994,3.171398878
17:11:27,2.528514147,3.128808022,3.170626402
17:11:27,2.528277874,3.129654169,3.171185017
17:11:27,2.529911757,3.129044294,3.171881437
17:11:27,2.528546333,3.127492666,3.171080589
17:11:27,2.527956724,3.129089117,3.172838449
17:11:27,2.528421879,3.129141569,3.171896219
17:11:28,2.5274086,3.128220558,3.170381784
17:11:28,2.528040171,3.128190756,3.170168161
17:11:28,2.528073788,3.12941432,3.172089577
17:11:28,2.527711868,3.129232407,3.171079874
17:11:28,2.528679609,3.128606558,3.172443867
17:11:28,2.528266907,3.128705025,3.172012329
17:11:28,2.528314114,3.128564835,3.170863867
17:11:28,2.527299404,3.127964973,3.170562983
17:11:28,2.528090477,3.129015446,3.171624422
17:11:28,2.528293133,3.129384518,3.170208931
17:11:28,2.527585506,3.129517317,3.171602726
17:11:28,2.528538704,3.128485918,3.171398878
17:11:28,2.528063297,3.129328012,3.169903517
17:11:28,2.528706789,3.12947154,3.169539928
17:11:28,2.528913975,3.129205227,3.170499086
17:11:28,2.528720856,3.129485846,3.169660091
17:11:28,2.528767347,3.129555225,3.169208527
17:11:28,2.52799654,3.129530191,3.16953373
17:11:28,2.528070211,3.129065514,3.169117689
17:11:28,2.527880192,3.128822327,3.169975758
17:11:28,2.527489662,3.129391432,3.16892004
17:11:28,2.526615858,3.12949419,3.169743299
17:11:28,2.527338982,3.130113602,3.169122458
17:11:28,2.527742147,3.129149675,3.170341492
17:11:28,2.527955294,3.130369902,3.169444561
17:11:28,2.526230097,3.130194902,3.169518948
17:11:28,2.527128458,3.128993511,3.170004368
17:11:28,2.526934147,3.129920721,3.169113636
17:11:28,2.526156187,3.129005671,3.170574665
17:11:28,2.526686907,3.12946105,3.169961214
17:11:28,2.527178288,3.128700256,3.170533419
17:11:28,2.526827097,3.129252672,3.168783188
17:11:28,2.527069569,3.128225565,3.169556379
17:11:28,2.528276205,3.128807306,3.169165373
17:11:28,2.526350021,3.128852844,3.170299292
17:11:28,2.52694869,3.12800765,3.170028448
17:11:28,2.527866125,3.128639936,3.170446873
17:11:28,2.526905537,3.129027128,3.170658588
17:11:28,2.526350498,3.129660606,3.170780659
17:11:28,2.527942419,3.128396749,3.171082258
17:11:28,2.52766633,3.128621578,3.169818401
17:11:28,2.527238369,3.129855633,3.168835878
17:11:28,2.52852869,3.129167557,3.170585155
17:11:28,2.527817965,3.128461361,3.171427965
17:11:28,2.528083086,3.130352736,3.170206308
17:11:28,2.528329849,3.129523516,3.171300411
17:11:28,2.529333591,3.128479958,3.170631886
17:11:28,2.52935648,3.129843712,3.170081377
17:11:28,2.5287323,3.129771471,3.17095685
17:11:28,2.529154778,3.128703117,3.170089483
17:11:28,2.529196024,3.12998414,3.170478106
17:11:28,2.529181004,3.130274773,3.171431303
17:11:28,2.528949976,3.129891396,3.169917583
17:11:28,2.52960825,3.128835678,3.17006278
17:11:28,2.528933764,3.129253149,3.170489788
17:11:28,2.529363871,3.129607916,3.170732021
17:11:28,2.528940678,3.128417492,3.169836283
17:11:28,2.529655695,3.128087044,3.170026779
17:11:28,2.529310226,3.129853249,3.171448708
17:11:28,2.529932022,3.129262924,3.170854568
17:11:28,2.529014826,3.128918171,3.172274828
17:11:28,2.528255224,3.129450798,3.172911406
17:11:28,2.52867794,3.129439354,3.1714499
17:11:28,2.527746201,3.12909174,3.172847033
17:11:28,2.528413057,3.129407167,3.171642303
17:11:28,2.528181076,3.130707979,3.171819925
17:11:28,2.527103424,3.129131556,3.171728134
17:11:28,2.528264046,3.128405333,3.172121525
17:11:28,2.527268171,3.13052702,3.170678854
17:11:28,2.527512312,3.129205942,3.169790983
17:11:28,2.52794981,3.128467798,3.170383453
17:11:28,2.527602434,3.129487038,3.171679974
17:11:28,2.52731514,3.129708767,3.170241594
17:11:28,2.526526928,3.129342556,3.17056632
17:11:28,2.527482748,3.129763603,3.169744968
17:11:28,2.527051449,3.130421877,3.170939445
17:11:28,2.527246952,3.129393339,3.168696165
17:11:28,2.52773571,3.12957859,3.170623779
17:11:28,2.527266741,3.129353046,3.171141863
17:11:28,2.528177977,3.129740477,3.170588493
17:11:28,2.528482437,3.128295183,3.169327974
17:11:28,2.529331684,3.129062414,3.169140339
17:11:28,2.528409481,3.130827427,3.1682055
17:11:28,2.528152227,3.128805161,3.169446945
17:11:28,2.528244257,3.129047632,3.169893026
17:11:28,2.52718854,3.130844116,3.167408228
17:11:28,2.52755928,3.129840612,3.168398619
17:11:28,2.527540684,3.128730774,3.167965889
17:11:28,2.529283047,3.129582167,3.169871569
17:11:28,2.527163267,3.130040407,3.169163465
17:11:28,2.527696848,3.12912035,3.168341637
17:11:28,2.527916193,3.128518343,3.170058489
17:11:28,2.527410746,3.130286455,3.170345783
17:11:28,2.526915073,3.129050255,3.16973877
17:11:28,2.527832508,3.128774881,3.170387983
17:11:28,2.527124882,3.130302906,3.170696497
17:11:28,2.526970148,3.129387379,3.170087099
17:11:28,2.526337862,3.12935257,3.170002937
17:11:28,2.528004169,3.129201889,3.171011448
17:11:28,2.527558088,3.12980938,3.170778036
17:11:28,2.527578592,3.129686356,3.170589685
17:11:28,2.527045012,3.129142523,3.171061993
17:11:28,2.527401924,3.130092144,3.170454741
17:11:28,2.52715683,3.129635811,3.17118001
17:11:28,2.527116776,3.129450321,3.169645071
17:11:28,2.527984858,3.129312992,3.172558308
17:11:28,2.528562546,3.129160643,3.171690941
17:11:28,2.527989864,3.129056931,3.170891762
17:11:28,2.527784586,3.128441334,3.171523571
17:11:28,2.528146029,3.129990339,3.171504974
17:11:28,2.528528214,3.129883289,3.170719147
17:11:28,2.529317141,3.129465818,3.16981411
17:11:28,2.529181957,3.128756762,3.170311213
17:11:28,2.529325962,3.129589558,3.170591354
17:11:28,2.528853893,3.129164457,3.169983864
17:11:28,2.528476477,3.129973173,3.17132163
17:11:28,2.529048443,3.130100489,3.170233011
17:11:28,2.528711557,3.130241156,3.171550035
17:11:28,2.528773546,3.12925601,3.170791626
17:11:29,2.527920246,3.129236937,3.171592236
17:11:29,2.527989864,3.130122185,3.171929121
17:11:29,2.527981281,3.129055738,3.171835661
17:11:29,2.527748108,3.129500389,3.171892405
17:11:29,2.526946783,3.129515648,3.171660423
17:11:29,2.527447224,3.129389763,3.172113419
17:11:29,2.527216911,3.128869534,3.17048049
17:11:29,2.526862144,3.129228592,3.170413017
17:11:29,2.527284145,3.12987113,3.17108345
17:11:29,2.527527571,3.128627062,3.170224905
17:11:29,2.526744127,3.129354,3.16992569
17:11:29,2.527710676,3.12943244,3.171337843
17:11:29,2.527362347,3.129667282,3.170068979
17:11:29,2.527308226,3.129019022,3.17033577
17:11:29,2.527136564,3.129171848,3.170372009
17:11:29,2.52764082,3.129161596,3.170340538
17:11:29,2.528133154,3.128415108,3.170918465
17:11:29,2.528390169,3.129716396,3.171340704
17:11:29,2.528730869,3.129762411,3.170827389
17:11:29,2.527359486,3.128981829,3.17188096
17:11:29,2.528613091,3.129329205,3.171911478
17:11:29,2.528254747,3.128984928,3.169257641
17:11:29,2.528629541,3.128730059,3.169197321
17:11:29,2.528567791,3.128848791,3.167929649
17:11:29,2.527460575,3.128128529,3.167661905
17:11:29,2.528291464,3.128426075,3.16875577
17:11:29,2.527068377,3.128674507,3.169384241
17:11:29,2.527064562,3.127987623,3.168526411
17:11:29,2.527401447,3.128863335,3.169738054
17:11:29,2.52799058,3.129273176,3.167252064
17:11:29,2.527602434,3.128854036,3.168672085
17:11:29,2.526647329,3.128771067,3.16853857
17:11:29,2.526921749,3.129199266,3.168906212
17:11:29,2.526338339,3.130100965,3.170570612
17:11:29,2.52721858,3.129438162,3.169873476
17:11:29,2.527616501,3.130194426,3.170122623
17:11:29,2.526305676,3.129522324,3.169972181
17:11:29,2.526635647,3.128803015,3.169166565
17:11:29,2.526649237,3.128144503,3.169384956
17:11:29,2.527789354,3.129075766,3.170896769
17:11:29,2.526974678,3.129011631,3.169924498
17:11:29,2.528105736,3.127758026,3.171456337
17:11:29,2.527794361,3.129976034,3.170556307
17:11:29,2.528645754,3.129301786,3.170161486
17:11:29,2.527920723,3.129218578,3.169574976
17:11:29,2.527799845,3.128532648,3.169120073
17:11:29,2.528206825,3.129905224,3.170385599
17:11:29,2.52848649,3.129184723,3.169849157
17:11:29,2.528204679,3.129449129,3.17119956
17:11:29,2.528613567,3.129643679,3.171261072
17:11:29,2.528510809,3.130040169,3.170889616
17:11:29,2.529427528,3.128771067,3.171967983
17:11:29,2.529410124,3.128517628,3.171498775
17:11:29,2.529630184,3.129746914,3.170361519
17:11:29,2.528786421,3.128851652,3.170454025
17:11:29,2.528924465,3.128752708,3.170865059
17:11:29,2.528809071,3.129432917,3.171790123
17:11:29,2.528064966,3.13056922,3.171868801
17:11:29,2.528507233,3.128982306,3.172324181
17:11:29,2.52935338,3.129188776,3.172304392
17:11:29,2.528621674,3.129538774,3.172389269
17:11:29,2.528266907,3.128901482,3.171740294
17:11:29,2.5286026,3.128862143,3.1714046
17:11:29,2.526955605,3.129846573,3.172470093
17:11:29,2.528941154,3.129331112,3.172047615
17:11:29,2.528222561,3.129570007,3.171174765
17:11:29,2.527707338,3.129098415,3.171454668
17:11:29,2.527602434,3.128559828,3.170506477
17:11:29,2.527094603,3.129332781,3.172241688
17:11:29,2.527787447,3.12925148,3.17136693
17:11:29,2.527343988,3.130097151,3.170795918
17:11:29,2.527079821,3.129418373,3.170534134
17:11:29,2.527304173,3.129674435,3.171153307
17:11:29,2.52764082,3.128798008,3.16991353
17:11:29,2.528853893,3.129412174,3.17048049
17:11:29,2.527297735,3.1284132,3.167933226
17:11:29,2.527880669,3.128530502,3.169382095
17:11:29,2.526133537,3.128939152,3.170732021
17:11:29,2.527198792,3.128475666,3.171229124
17:11:29,2.527601957,3.128912687,3.169982672
17:11:29,2.52773881,3.129725456,3.170102358
17:11:29,2.529234409,3.129399061,3.169848442
17:11:29,2.528924942,3.129273176,3.168239594
17:11:29,2.529812336,3.128658772,3.167743683
17:11:29,2.528152704,3.128720999,3.168535709
17:11:29,2.527689934,3.128475666,3.16888237
17:11:29,2.527928352,3.128304005,3.169373035
17:11:29,2.527983665,3.128559828,3.168535709
17:11:29,2.52787137,3.129643679,3.167685747
17:11:29,2.527683735,3.129384518,3.168837309
17:11:29,2.528429985,3.129408121,3.168666363
17:11:29,2.527458191,3.129534483,3.170609951
17:11:29,2.527084827,3.129402399,3.169807911
17:11:29,2.526926279,3.128702641,3.168670416
17:11:29,2.52713418,3.129019499,3.167523146
17:11:29,2.526994705,3.12898016,3.168891668
17:11:29,2.526869535,3.129079342,3.168345451
17:11:29,2.527926445,3.128405809,3.170088053
17:11:29,2.52799654,3.130100012,3.170968294
17:11:29,2.526483059,3.129316568,3.172056437
17:11:29,2.527868271,3.128766775,3.170890808
17:11:29,2.528102398,3.128721714,3.171086311
17:11:29,2.527361155,3.129561424,3.170693636
17:11:29,2.527209997,3.128553629,3.170669794
17:11:29,2.528310537,3.130277634,3.170024157
17:11:29,2.527456999,3.128844976,3.171278715
17:11:29,2.527350187,3.128543139,3.171443701
17:11:29,2.528454304,3.128577709,3.171391249
17:11:29,2.52816081,3.129869223,3.171199083
17:11:29,2.528848886,3.127651691,3.171649694
17:11:29,2.529248476,3.128642082,3.17179513
17:11:29,2.528556824,3.129109144,3.171588659
17:11:29,2.529279709,3.128659248,3.17191267
17:11:29,2.529019833,3.129444838,3.170106888
17:11:29,2.529957294,3.129430056,3.170651197
17:11:29,2.528442144,3.129787683,3.170695543
17:11:30,2.527513981,3.128731251,3.172221422
17:11:30,2.528184414,3.128236055,3.17001152
17:11:30,2.528824091,3.128895521,3.17280221
17:11:30,2.527840614,3.128564835,3.17350316
17:11:30,2.528017759,3.128237247,3.17105031
17:11:30,2.5285182,3.129056454,3.172278166
17:11:30,2.528545141,3.129849195,3.172135353
17:11:30,2.528915167,3.128945112,3.171051502
17:11:30,2.52819705,3.128613949,3.171332121
17:11:30,2.528844118,3.128650188,3.171631813
17:11:30,2.528112173,3.128626585,3.171521425
17:11:30,2.528495073,3.128181696,3.171434402
17:11:30,2.528541565,3.129101038,3.170817375
17:11:30,2.527989864,3.129084587,3.171423674
17:11:30,2.526970625,3.128413439,3.169640541
17:11:30,2.528459549,3.127990246,3.171281338
17:11:30,2.52842927,3.1292274,3.17100215
17:11:30,2.527376175,3.12899971,3.170041561
17:11:30,2.527600765,3.129030943,3.170586586
17:11:30,2.527152061,3.129331112,3.169936657
17:11:30,2.526745558,3.129266024,3.170993805
17:11:30,2.52695322,3.128135204,3.169718504
17:11:30,2.526041508,3.128521919,3.170558214
17:11:30,2.527262211,3.129530191,3.169587374
17:11:30,2.526900768,3.128691196,3.169842958
17:11:30,2.526815176,3.128504276,3.17087245
17:11:30,2.528796434,3.129090309,3.169625282
17:11:30,2.527575254,3.129721403,3.168091059
17:11:30,2.528215647,3.128031015,3.166446686
17:11:30,2.52754879,3.12849474,3.167605877
17:11:30,2.527543783,3.129135609,3.168409586
17:11:30,2.527312994,3.128659964,3.169646978
17:11:30,2.527699709,3.129515171,3.170606613
17:11:30,2.527282953,3.128434181,3.16924262
17:11:30,2.527324438,3.12967658,3.169994831
17:11:30,2.52680254,3.128911018,3.170340538
17:11:30,2.526490211,3.129306555,3.16894865
17:11:30,2.526637316,3.128353596,3.170286655
17:11:30,2.528421164,3.1288414,3.170877695
17:11:30,2.527863264,3.12873435,3.170161963
17:11:30,2.527788639,3.129315853,3.169313431
17:11:30,2.527253866,3.130227804,3.168647289
17:11:30,2.528539658,3.129366159,3.170576096
17:11:30,2.527417898,3.129262924,3.17108798
17:11:30,2.527751684,3.129467487,3.170871019
17:11:30,2.528752327,3.129177094,3.170902014
17:11:30,2.528903484,3.128803015,3.172563553
17:11:30,2.528319359,3.130002975,3.173201323
17:11:30,2.527872562,3.128662348,3.171109438
17:11:30,2.527729511,3.129463673,3.171085835
17:11:30,2.527897596,3.129056931,3.171323299
17:11:30,2.528385162,3.128885746,3.172564745
17:11:30,2.529254198,3.129071712,3.171215296
17:11:30,2.528581619,3.128426075,3.17148304
17:11:30,2.528794527,3.129251003,3.170797825
17:11:30,2.528124332,3.128721714,3.171037912
17:11:30,2.530631304,3.129962683,3.172002792
17:11:30,2.53044796,3.12978363,3.171553373
17:11:30,2.530094385,3.129858494,3.170198441
17:11:30,2.529305935,3.128722906,3.170912027
17:11:30,2.529374123,3.12908268,3.171547651
17:11:30,2.528048754,3.129043102,3.171044827
17:11:30,2.527415514,3.12873435,3.169390202
17:11:30,2.527248144,3.12969327,3.171223402
17:11:30,2.527620316,3.130476475,3.172344923
17:11:30,2.528428555,3.128911018,3.172507763
17:11:30,2.528883934,3.129332066,3.171014786
17:11:30,2.529114008,3.129796267,3.170718431
17:11:30,2.527425528,3.13000989,3.171507359
17:11:30,2.527191639,3.128571987,3.169904232
17:11:30,2.527841568,3.129583359,3.170357943
17:11:30,2.527276754,3.129636049,3.170042515
17:11:30,2.526908398,3.12953949,3.172070265
17:11:30,2.52841258,3.129169941,3.1712327
17:11:30,2.527593136,3.128654957,3.17102313
17:11:30,2.528871298,3.129823923,3.169048548
17:11:30,2.528569937,3.128581762,3.16992116
17:11:30,2.528644085,3.130212069,3.170963764
17:11:30,2.52706027,3.129984856,3.169845581
17:11:30,2.527618885,3.127924442,3.170468807
17:11:30,2.527262211,3.129395485,3.169710636
17:11:30,2.526762962,3.129302263,3.170012236
17:11:30,2.526518583,3.128919125,3.169619083
17:11:30,2.526469707,3.128318548,3.168370724
17:11:30,2.527401924,3.129726648,3.169197321
17:11:30,2.526346922,3.129313707,3.1702528
17:11:30,2.526616335,3.128956079,3.169926167
17:11:30,2.528208971,3.128848791,3.168619156
17:11:30,2.52747345,3.130423069,3.168467522
17:11:30,2.528479338,3.129482031,3.168330193
17:11:30,2.527294874,3.128996372,3.168111563
17:11:30,2.526569128,3.129225731,3.168835163
17:11:30,2.526924372,3.12983036,3.169237375
17:11:30,2.526676893,3.128875494,3.171180487
17:11:30,2.527213812,3.129807949,3.170156002
17:11:30,2.527040482,3.129540682,3.170553207
17:11:30,2.527210951,3.128160715,3.169468641
17:11:30,2.527211428,3.129499197,3.169237375
17:11:30,2.528326273,3.129274368,3.169795513
17:11:30,2.527707338,3.128898859,3.169522524
17:11:30,2.527032375,3.129328728,3.169115305
17:11:30,2.52846241,3.129382849,3.169643402
17:11:30,2.529500246,3.129653454,3.169736862
17:11:30,2.529048443,3.12894702,3.169427156
17:11:30,2.528364182,3.129234076,3.170280218
17:11:30,2.529450893,3.129473925,3.170861244
17:11:30,2.528647423,3.128286362,3.171117544
17:11:30,2.528480291,3.129074097,3.171552896
17:11:30,2.528044224,3.128989458,3.170686245
17:11:30,2.528332233,3.128913403,3.170913696
17:11:30,2.528347254,3.128454447,3.171144485
17:11:30,2.529101133,3.129174232,3.170231819
17:11:30,2.52874136,3.128569603,3.171256065
17:11:30,2.528105259,3.128435135,3.172288656
17:11:30,2.528449059,3.129151106,3.172051191
17:11:30,2.528252363,3.12873888,3.172152996
17:11:30,2.528800488,3.128150463,3.171826839
17:11:30,2.527901649,3.128617287,3.171570778
17:11:30,2.528671741,3.129702568,3.171036243
17:11:31,2.529269457,3.128926754,3.172211409
17:11:31,2.528918028,3.129087925,3.1708498
17:11:31,2.528478622,3.12934351,3.171129227
17:11:31,2.527971983,3.12854147,3.171569586
17:11:31,2.528169155,3.128536701,3.17057395
17:11:31,2.528287411,3.128618479,3.170515299
17:11:31,2.528351545,3.128828049,3.169653893
17:11:31,2.527379036,3.128553629,3.17135644
17:11:31,2.527229548,3.129319429,3.171444178
17:11:31,2.527501822,3.12862587,3.171225071
17:11:31,2.528848171,3.129198074,3.170263767
17:11:31,2.527967691,3.128880024,3.16975379
17:11:31,2.528609753,3.128831148,3.167644501
17:11:31,2.528379202,3.128922701,3.169152021
17:11:31,2.527981281,3.128673315,3.168997526
17:11:31,2.527486324,3.12792635,3.170049429
17:11:31,2.527950525,3.12935853,3.169778824
17:11:31,2.527639151,3.128167629,3.169075489
17:11:31,2.527966261,3.128919601,3.170701265
17:11:31,2.5285182,3.129481316,3.168965101
17:11:31,2.527813673,3.129868269,3.16981411
17:11:31,2.527308702,3.129268885,3.16767931
17:11:31,2.528550863,3.129508495,3.167920589
17:11:31,2.527961016,3.128273487,3.169064283
17:11:31,2.5275774,3.129106998,3.168729067
17:11:31,2.52692318,3.12843132,3.168251038
17:11:31,2.526366711,3.129490376,3.16942668
17:11:31,2.526393652,3.129593134,3.169017076
17:11:31,2.528267384,3.129056931,3.168422937
17:11:31,2.52710557,3.129397154,3.169687748
17:11:31,2.527166843,3.130335331,3.169553518
17:11:31,2.5275774,3.128815413,3.168278217
17:11:31,2.527713537,3.129652262,3.168771744
17:11:31,2.528121471,3.129321098,3.168450832
17:11:31,2.527486324,3.129914522,3.170104027
17:11:31,2.526756048,3.128326654,3.170690775
17:11:31,2.527528524,3.128362656,3.171174049
17:11:31,2.528048277,3.12969327,3.1707232
17:11:31,2.528260708,3.128868818,3.170165777
17:11:31,2.528542042,3.129139423,3.170452118
17:11:31,2.52864933,3.128564596,3.170426846
17:11:31,2.5281353,3.129433393,3.171231031
17:11:31,2.528973341,3.129881382,3.171427965
17:11:31,2.528811693,3.129506111,3.170363188
17:11:31,2.529411316,3.129164934,3.170202971
17:11:31,2.528893709,3.128459692,3.171564817
17:11:31,2.52928853,3.130095959,3.17141819
17:11:31,2.529524326,3.129103422,3.172041893
17:11:31,2.529222727,3.12993741,3.172374725
17:11:31,2.529042006,3.128692865,3.172874451
17:11:31,2.529467344,3.129682302,3.172627211
17:11:31,2.529888391,3.129011154,3.171914101
17:11:31,2.527970314,3.12930727,3.170508862
17:11:31,2.528866768,3.129654169,3.170334578
17:11:31,2.527996063,3.12907815,3.170725584
17:11:31,2.528522968,3.129220486,3.172109842
17:11:31,2.527479649,3.130097151,3.171930313
17:11:31,2.5281353,3.129610777,3.172368526
17:11:31,2.527640343,3.129291773,3.172894716
17:11:31,2.52822566,3.130022049,3.170985222
17:11:31,2.527427435,3.128818274,3.17142725
17:11:31,2.527820826,3.129226685,3.170510054
17:11:31,2.52763629,3.128901482,3.171452284
17:11:31,2.528210163,3.129231691,3.172119617
17:11:31,2.528105259,3.129286528,3.172561169
17:11:31,2.528198957,3.129105091,3.171973228
17:11:31,2.52950573,3.129127741,3.171139717
17:11:31,2.528774977,3.129514217,3.17010808
17:11:31,2.528004646,3.128968239,3.170104742
17:11:31,2.528405905,3.128399134,3.171146393
17:11:31,2.528463602,3.128711224,3.170032263
17:11:31,2.528425217,3.129304886,3.169616699
17:11:31,2.527387142,3.13005662,3.169537067
17:11:31,2.528120995,3.129822731,3.168713331
17:11:31,2.526708841,3.129548073,3.168827057
17:11:31,2.526757717,3.129115582,3.168343544
17:11:31,2.526696682,3.128868818,3.168080807
17:11:31,2.527024269,3.129511356,3.16893816
17:11:31,2.526947737,3.130097151,3.169584274
17:11:31,2.526292086,3.128685474,3.169262409
17:11:31,2.526568651,3.129243374,3.168496132
17:11:31,2.527021885,3.129762411,3.169121742
17:11:31,2.527358294,3.129000902,3.16789031
17:11:31,2.526739836,3.128647089,3.168562889
17:11:31,2.526811361,3.129584551,3.168716908
17:11:31,2.526150227,3.129274368,3.167823553
17:11:31,2.527177811,3.129565477,3.168346643
17:11:31,2.527440786,3.129771471,3.169071198
17:11:31,2.527284145,3.129838228,3.169624805
17:11:31,2.527662277,3.129175901,3.171176434
17:11:31,2.528021574,3.128544331,3.17021513
17:11:31,2.527134895,3.129548788,3.169682741
17:11:31,2.52761364,3.129415989,3.170356035
17:11:31,2.527373314,3.128959179,3.169603348
17:11:31,2.52773571,3.129191399,3.17018652
17:11:31,2.526463509,3.129752636,3.169879198
17:11:31,2.526760101,3.128629446,3.17017889
17:11:31,2.527701855,3.127972126,3.170546532
17:11:31,2.528336048,3.130060196,3.170660973
17:11:31,2.528195858,3.127898455,3.170111656
17:11:31,2.527249813,3.128837585,3.172578573
17:11:31,2.529022694,3.130216122,3.170445442
17:11:31,2.528384447,3.129216433,3.171273232
17:11:31,2.528788805,3.128482103,3.171580553
17:11:31,2.529659271,3.12789917,3.172001362
17:11:31,2.52940464,3.129713297,3.172695637
17:11:31,2.528496742,3.12918067,3.171830416
17:11:31,2.528979778,3.128740549,3.171314001
17:11:31,2.529078722,3.129405022,3.172129393
17:11:31,2.529195547,3.130550861,3.172721386
17:11:31,2.529504538,3.128446341,3.173487902
17:11:31,2.529178619,3.129245043,3.171347141
17:11:31,2.52935338,3.130519152,3.172570467
17:11:31,2.528763056,3.129071236,3.17177701
17:11:31,2.52862668,3.129115582,3.170688152
17:11:32,2.528165817,3.129602194,3.170387506
17:11:32,2.527215242,3.129830837,3.170678854
17:11:32,2.528068542,3.128472805,3.170172453
17:11:32,2.526740313,3.128485918,3.170942545
17:11:32,2.527065754,3.129677534,3.171238422
17:11:32,2.527321815,3.129567623,3.172025442
17:11:32,2.527933121,3.128216505,3.172207355
17:11:32,2.528162718,3.129507303,3.170124292
17:11:32,2.526917696,3.129275084,3.170883417
17:11:32,2.527419806,3.128187895,3.169004917
17:11:32,2.52734375,3.128690004,3.170343876
17:11:32,2.527517557,3.129689217,3.171392918
17:11:32,2.527621031,3.128959417,3.17087245
17:11:32,2.528029919,3.128817797,3.17072916
17:11:32,2.528538704,3.13014698,3.170355082
17:11:32,2.52842927,3.128883362,3.172204018
17:11:32,2.528727055,3.128127098,3.170092344
17:11:32,2.528838396,3.128544331,3.169910669
17:11:32,2.528824806,3.128305197,3.168881178
17:11:32,2.52768755,3.129049778,3.16808629
17:11:32,2.526360989,3.128170013,3.169709206
17:11:32,2.52733469,3.129550934,3.169823408
17:11:32,2.526209116,3.12873435,3.168000221
17:11:32,2.526085854,3.128485918,3.168110371
17:11:32,2.525995731,3.128618956,3.169732332
17:11:32,2.527293921,3.128004551,3.169755459
17:11:32,2.52733469,3.12958765,3.169341326
17:11:32,2.527280331,3.128185034,3.169961691
17:11:32,2.527243614,3.129392862,3.1714499
17:11:32,2.526140213,3.128079653,3.168798208
17:11:32,2.527480125,3.12787509,3.169540405
17:11:32,2.527210474,3.129383564,3.168866158
17:11:32,2.527227879,3.129495144,3.169008017
17:11:32,2.52666831,3.130035877,3.171257734
17:11:32,2.528310537,3.129048347,3.169546366
17:11:32,2.528319359,3.129117966,3.170547724
17:11:32,2.527420521,3.127839327,3.169876337
17:11:32,2.528366804,3.128676653,3.171072483
17:11:32,2.528266907,3.129328012,3.171654463
17:11:32,2.527594805,3.128815413,3.171613932
17:11:32,2.528063297,3.129292727,3.170882463
17:11:32,2.52824831,3.12863183,3.170020342
17:11:32,2.528393984,3.129827499,3.171090364
17:11:32,2.5277493,3.12874341,3.171742678
17:11:32,2.527803183,3.128901482,3.170794249
17:11:32,2.528501987,3.130081415,3.171567917
17:11:32,2.528027296,3.129585981,3.170978308
17:11:32,2.528948784,3.128939152,3.171085119
17:11:32,2.528684616,3.129216433,3.171153784
17:11:32,2.528900146,3.128258705,3.172964811
17:11:32,2.528245449,3.129011631,3.171604156
17:11:32,2.529281855,3.128293514,3.171694994
17:11:32,2.528762817,3.12983489,3.171702623
17:11:32,2.52837491,3.128924847,3.173496485
17:11:32,2.528575897,3.1291399,3.172344923
17:11:32,2.529025793,3.12925601,3.172636509
17:11:32,2.527825117,3.128938198,3.17334342
17:11:32,2.528872013,3.129847765,3.172241688
17:11:32,2.528206825,3.129252195,3.172431707
17:11:32,2.529075623,3.128948212,3.170702934
17:11:32,2.529463768,3.128085852,3.171212435
17:11:32,2.529147387,3.129636765,3.170683146
17:11:32,2.529132605,3.129676104,3.170643091
17:11:32,2.527726889,3.129218102,3.169847965
17:11:32,2.528538227,3.129359722,3.170386791
17:11:32,2.528331757,3.12921977,3.170920849
17:11:32,2.527853489,3.129258394,3.170666456
17:11:32,2.527605534,3.128123045,3.170767069
17:11:32,2.528817177,3.129556656,3.168385744
17:11:32,2.528250694,3.129111528,3.169236898
17:11:32,2.527637959,3.129334927,3.170829058
17:11:32,2.527852058,3.129076958,3.169556379
17:11:32,2.52780056,3.129053831,3.169649124
17:11:32,2.527365685,3.130164146,3.169494152
17:11:32,2.527797461,3.128771067,3.170785427
17:11:32,2.528144121,3.129384995,3.169199944
17:11:32,2.528634787,3.130258799,3.170386791
17:11:32,2.52828598,3.12925148,3.17052865
17:11:32,2.528099298,3.128544569,3.17023468
17:11:32,2.527237177,3.129546165,3.17139411
17:11:32,2.527312517,3.12894702,3.171368122
17:11:32,2.526239634,3.128796101,3.168869734
17:11:32,2.526847363,3.130548477,3.168642044
17:11:32,2.526114225,3.130092859,3.169024229
17:11:32,2.526294708,3.128333807,3.170478821
17:11:32,2.527844667,3.129737139,3.16995883
17:11:32,2.527218103,3.129565477,3.170089483
17:11:32,2.526866913,3.129253149,3.170655966
17:11:32,2.528115749,3.130064726,3.169162273
17:11:32,2.527227402,3.128970146,3.168239594
17:11:32,2.526536226,3.129652977,3.169670582
17:11:32,2.527403593,3.129531384,3.16925931
17:11:32,2.526607752,3.130084991,3.169875145
17:11:32,2.526721001,3.129715204,3.170284033
17:11:32,2.527138472,3.129605293,3.169855356
17:11:32,2.527248144,3.129311562,3.170853376
17:11:32,2.527471781,3.130357265,3.170349121
17:11:32,2.52793169,3.128287315,3.171921968
17:11:32,2.528811216,3.128385782,3.169361591
17:11:32,2.528218269,3.130877972,3.169743299
17:11:32,2.528083801,3.129929304,3.169651985
17:11:32,2.527924538,3.128962278,3.171716213
17:11:32,2.528261423,3.129924059,3.171295404
17:11:32,2.528355837,3.129686356,3.169620275
17:11:32,2.528778315,3.129198551,3.170720339
17:11:32,2.529360771,3.130807638,3.17028451
17:11:32,2.529350281,3.129141569,3.171772957
17:11:32,2.530019283,3.129570007,3.171207666
17:11:32,2.528934956,3.129812241,3.172589064
17:11:32,2.529587746,3.130022526,3.170998573
17:11:32,2.529827833,3.129727602,3.171743155
17:11:32,2.529350281,3.129819393,3.171830893
17:11:32,2.529342413,3.129321098,3.172823191
17:11:32,2.528026104,3.129681587,3.171301126
17:11:32,2.527925968,3.129992008,3.17217207
17:11:32,2.526625156,3.128577709,3.171965122
17:11:32,2.528854847,3.13064599,3.172308445
17:11:32,2.528805017,3.129789352,3.170434952
17:11:32,2.529263258,3.128760815,3.171031237
17:11:33,2.528955936,3.129559517,3.171638012
17:11:33,2.529525995,3.130416393,3.169902563
17:11:33,2.529120207,3.129318953,3.170863867
17:11:33,2.52831769,3.128517151,3.170280457
17:11:33,2.527335882,3.129546642,3.170855045
17:11:33,2.5271945,3.128993988,3.171084642
17:11:33,2.526804209,3.128556728,3.171780825
17:11:33,2.527908564,3.130133629,3.169433832
17:11:33,2.527425051,3.129583359,3.169405222
17:11:33,2.526871204,3.130144835,3.170304298
17:11:33,2.527388334,3.129288435,3.170950413
17:11:33,2.527227879,3.12904191,3.170391798
17:11:33,2.527742624,3.130069494,3.169364691
17:11:33,2.526593685,3.128406525,3.170421362
17:11:33,2.527059555,3.128925562,3.169880867
17:11:33,2.527622938,3.129213572,3.169658899
17:11:33,2.52802062,3.128409624,3.171150208
17:11:33,2.527703285,3.129502535,3.16975832
17:11:33,2.527169704,3.130037546,3.16899991
17:11:33,2.52637434,3.129260778,3.170633078
17:11:33,2.527240038,3.129282475,3.169878006
17:11:33,2.527201653,3.129987717,3.170749426
17:11:33,2.527751684,3.127907515,3.16972661
17:11:33,2.526608706,3.130041122,3.170164585
17:11:33,2.526613474,3.128536701,3.168271303
17:11:33,2.52614522,3.128847837,3.171515465
17:11:33,2.526601076,3.129105806,3.169444323
17:11:33,2.527821302,3.12776351,3.171078205
17:11:33,2.527846336,3.129427195,3.169942141
17:11:33,2.527498484,3.129460573,3.170036554
17:11:33,2.527692556,3.128769398,3.168845654
17:11:33,2.528260708,3.12984705,3.168499708
17:11:33,2.527854919,3.130158663,3.170170069
17:11:33,2.526999712,3.12850666,3.168104649
17:11:33,2.528495789,3.129181862,3.169168472
17:11:33,2.527938604,3.129848242,3.169735193
17:11:33,2.527313232,3.128827572,3.168879032
17:11:33,2.528074265,3.128856421,3.168654203
17:11:33,2.528485775,3.129440546,3.168643713
17:11:33,2.527963877,3.129444838,3.169611454
17:11:33,2.52832222,3.128381968,3.170511961
17:11:33,2.52864337,3.12911272,3.168956041
17:11:33,2.52930522,3.130064726,3.169777632
17:11:33,2.528444529,3.129410028,3.169207335
17:11:33,2.52895689,3.129171848,3.168592691
17:11:33,2.530028582,3.128900051,3.169858932
17:11:33,2.52933979,3.129154921,3.170330048
17:11:33,2.528617382,3.129064322,3.172173262
17:11:33,2.529224396,3.128978491,3.171528578
17:11:33,2.528645754,3.129848719,3.172221422
17:11:33,2.529234886,3.128702641,3.171940327
17:11:33,2.528443336,3.128507376,3.172035217
17:11:33,2.529065132,3.12947154,3.171285629
17:11:33,2.528877258,3.129663944,3.173195124
17:11:33,2.528249502,3.128532171,3.173588991
17:11:33,2.528975725,3.129092455,3.171469212
17:11:33,2.527114868,3.130149364,3.171811819
17:11:33,2.52705574,3.128336906,3.172711611
17:11:33,2.526976585,3.129584551,3.17245841
17:11:33,2.528193712,3.128601313,3.171332121
17:11:33,2.528282166,3.127748966,3.172145367
17:11:33,2.527527571,3.12855792,3.170448542
17:11:33,2.529136658,3.129110336,3.170254469
17:11:33,2.527362347,3.129578114,3.170826197
17:11:33,2.527710676,3.129449844,3.170156479
17:11:33,2.529633999,3.129183054,3.170094252
17:11:33,2.528011322,3.129738569,3.167000294
17:11:33,2.527179718,3.130980968,3.170879602
17:11:33,2.528536558,3.129150629,3.170701742
17:11:33,2.528321028,3.128304482,3.169812918
17:11:33,2.527311087,3.131241322,3.171073675
17:11:33,2.529149771,3.128457308,3.170582056
17:11:33,2.528139591,3.129106998,3.170264244
17:11:33,2.52773118,3.129178286,3.170157671
17:11:33,2.528043509,3.128380775,3.1696527
17:11:33,2.528158188,3.129190445,3.169096947
17:11:33,2.527086496,3.12926507,3.170554399
17:11:33,2.52641964,3.129632235,3.171223402
17:11:33,2.527416706,3.128993511,3.16977644
17:11:33,2.527714252,3.129208803,3.169867039
17:11:33,2.527347088,3.128771544,3.169883966
17:11:33,2.526745081,3.129244566,3.170824289
17:11:33,2.526979446,3.128169298,3.169927835
17:11:33,2.527291775,3.129095316,3.17071104
17:11:33,2.52718854,3.130385876,3.170632601
17:11:33,2.526916504,3.128777504,3.169039726
17:11:33,2.526864052,3.129098415,3.170488596
17:11:33,2.526776791,3.130126476,3.169983864
17:11:33,2.527730703,3.129243851,3.170449734
17:11:33,2.528165102,3.128806353,3.169441938
17:11:33,2.527330399,3.13004756,3.170089483
17:11:33,2.52820015,3.128149748,3.168406725
17:11:33,2.528230906,3.128666162,3.16932869
17:11:33,2.528332949,3.12918067,3.169343472
17:11:33,2.527693987,3.129079342,3.170526743
17:11:33,2.527293444,3.128782034,3.169164658
17:11:33,2.527350664,3.130181789,3.168069601
17:11:33,2.528124332,3.129500866,3.168814898
17:11:33,2.527876377,3.129102945,3.169745684
17:11:33,2.528416872,3.129720211,3.169483185
17:11:33,2.528782368,3.128602982,3.170627832
17:11:33,2.528859854,3.128955364,3.171473265
17:11:33,2.529062748,3.130198956,3.169973373
17:11:33,2.529694557,3.128546476,3.170970201
17:11:33,2.530751228,3.129939556,3.171470881
17:11:33,2.528158188,3.129658461,3.172101974
17:11:33,2.529018641,3.12933588,3.171185017
17:11:33,2.529465437,3.130323172,3.171443701
17:11:33,2.52892971,3.129095793,3.171900272
17:11:33,2.529201031,3.127941608,3.17138195
17:11:33,2.529588223,3.129376888,3.171969175
17:11:33,2.529227018,3.129044294,3.171724558
17:11:33,2.530139208,3.129230261,3.172622919
17:11:33,2.528937101,3.129152775,3.172802925
17:11:33,2.528470993,3.128092766,3.172328949
17:11:33,2.527607203,3.129130125,3.173471928
17:11:34,2.528437138,3.128825903,3.170963049
17:11:34,2.527565241,3.129018307,3.169990778
17:11:34,2.528064489,3.129638433,3.170522928
17:11:34,2.527343035,3.129605293,3.169672251
17:11:34,2.52763629,3.127891779,3.170126438
17:11:34,2.527740002,3.129019499,3.171426296
17:11:34,2.52773118,3.128799915,3.169390202
17:11:34,2.52730751,3.128544569,3.170620918
17:11:34,2.527564764,3.128527403,3.169488907
17:11:34,2.528878927,3.129985332,3.170245647
17:11:34,2.527493238,3.128046274,3.169113636
17:11:34,2.527966499,3.129307747,3.169846773
17:11:34,2.528574228,3.130184412,3.170359135
17:11:34,2.52884078,3.129247427,3.169902563
17:11:34,2.527207613,3.128325462,3.173119545
17:11:34,2.52784276,3.129051447,3.169777632
17:11:34,2.528836489,3.130604982,3.171121597
17:11:34,2.527357101,3.128521442,3.17194891
17:11:34,2.528386831,3.129332781,3.170845747
17:11:34,2.527519941,3.129699469,3.170676947
17:11:34,2.527819157,3.128857851,3.170403719
17:11:34,2.527976036,3.130049229,3.170659304
17:11:34,2.527866602,3.128684282,3.169305325
17:11:34,2.52668786,3.129762888,3.170112848
17:11:34,2.528297901,3.128817558,3.169377327
17:11:34,2.528628349,3.130015135,3.169115305
17:11:34,2.527035236,3.129629135,3.168141842
17:11:34,2.526880026,3.12813592,3.168724537
17:11:34,2.527974367,3.129161596,3.168572664
17:11:34,2.526962519,3.129043102,3.169425011
17:11:34,2.526764154,3.129286051,3.169725418
17:11:34,2.528188467,3.12831974,3.168777227
17:11:34,2.526843548,3.129313707,3.169102192
17:11:34,2.526554108,3.12957859,3.168471813
17:11:34,2.526640654,3.127760172,3.1695714
17:11:34,2.528017759,3.128935337,3.168831348
17:11:34,2.526955128,3.128414631,3.169775724
17:11:34,2.52707386,3.129143715,3.168942928
17:11:34,2.528550863,3.128389835,3.169178724
17:11:34,2.527323484,3.128497124,3.170708418
17:11:34,2.526200771,3.129408836,3.170213223
17:11:34,2.527118683,3.129210711,3.170565367
17:11:34,2.528173208,3.127809286,3.168843985
17:11:34,2.527490854,3.129261255,3.169133902
17:11:34,2.527390718,3.130167246,3.169836283
17:11:34,2.529081345,3.127866507,3.170024633
17:11:34,2.526968956,3.129499197,3.170366526
17:11:34,2.528905153,3.130631447,3.171318054
17:11:34,2.529103756,3.128392696,3.170639515
17:11:34,2.5287714,3.129419088,3.172249794
17:11:34,2.529214144,3.129899502,3.172654152
17:11:34,2.528902292,3.128814936,3.171785116
17:11:34,2.528737068,3.128747463,3.173431396
17:11:34,2.529557467,3.129738092,3.172828436
17:11:34,2.529229403,3.130181789,3.172719717
17:11:34,2.529159069,3.12909174,3.171653271
17:11:34,2.530036926,3.129283667,3.171583652
17:11:34,2.528710842,3.130085468,3.17274189
17:11:34,2.528158188,3.128330708,3.172721386
17:11:34,2.528185606,3.130109787,3.172785997
17:11:34,2.529068232,3.12954998,3.172100544
17:11:34,2.528301239,3.12875104,3.170741796
17:11:34,2.528402805,3.126557827,3.169709444
17:11:34,2.528332233,3.128986597,3.170730114
17:11:34,2.528409481,3.130493879,3.171053886
17:11:34,2.528368711,3.127510548,3.170387983
17:11:34,2.528776169,3.128335714,3.169036865
17:11:34,2.527279139,3.130346298,3.169518948
17:11:34,2.526535034,3.127497911,3.169876337
17:11:34,2.527007103,3.128198385,3.169852972
17:11:34,2.527452469,3.128876209,3.169851303
17:11:34,2.526563406,3.129253149,3.16839385
17:11:34,2.527326107,3.128533363,3.170372486
17:11:34,2.528012037,3.128775835,3.170127869
17:11:34,2.527173042,3.12942338,3.169236898
17:11:34,2.52754283,3.128296614,3.169918537
17:11:34,2.528335571,3.130067825,3.170137405
17:11:34,2.527290821,3.130380392,3.171865225
17:11:34,2.52816987,3.12928772,3.169821262
17:11:34,2.528172255,3.128847361,3.171946526
17:11:34,2.52766037,3.12913847,3.171307802
17:11:34,2.526905537,3.129965544,3.170936584
17:11:34,2.52857542,3.129013777,3.169059038
17:11:34,2.527508974,3.129730225,3.170048714
17:11:34,2.526190996,3.129720926,3.169811726
17:11:34,2.527182341,3.129598618,3.170775652
17:11:34,2.527481556,3.129722118,3.16942215
17:11:34,2.527108908,3.12940383,3.168439627
17:11:34,2.526300907,3.129626036,3.170966148
17:11:34,2.527394772,3.129169941,3.168599367
17:11:34,2.5273664,3.130703449,3.16719389
17:11:34,2.526910067,3.130077839,3.16821146
17:11:34,2.527517319,3.128876209,3.168521643
17:11:34,2.525426626,3.129758835,3.168038368
17:11:34,2.526851654,3.130972385,3.168464422
17:11:34,2.527903318,3.128311872,3.16850543
17:11:34,2.52623415,3.128647089,3.170184851
17:11:34,2.525905371,3.127869606,3.171208382
17:11:34,2.527748585,3.1288414,3.171825171
17:11:34,2.527539492,3.128174543,3.170650482
17:11:34,2.525835991,3.129239082,3.17037344
17:11:34,2.526879311,3.129651308,3.17107296
17:11:34,2.5277493,3.129092455,3.16900444
17:11:34,2.528652668,3.128871918,3.169291496
17:11:34,2.528169155,3.128659964,3.170219898
17:11:34,2.529191732,3.12868309,3.170507193
17:11:34,2.52827239,3.129272223,3.171812534
17:11:34,2.529490471,3.129449129,3.173273325
17:11:34,2.529273033,3.128574133,3.172157764
17:11:34,2.528571367,3.128521442,3.171670198
17:11:34,2.529122114,3.128862143,3.172568083
17:11:34,2.530287027,3.129654169,3.170888901
17:11:34,2.529823542,3.128544331,3.172237158
17:11:34,2.528447866,3.12929225,3.171163559
17:11:34,2.530551195,3.129218578,3.171666145
17:11:35,2.529097319,3.129914999,3.172472239
17:11:35,2.52821517,3.129940987,3.170382738
17:11:35,2.528186083,3.128584146,3.17266798
17:11:35,2.530569315,3.129294157,3.170698643
17:11:35,2.530254126,3.130111933,3.171192646
17:11:35,2.528256416,3.129327536,3.170944691
17:11:35,2.529064655,3.129254341,3.171340227
17:11:35,2.528522253,3.129871845,3.170493364
17:11:35,2.526906013,3.129882574,3.170459032
17:11:35,2.528528214,3.128512144,3.168638945
17:11:35,2.526568651,3.128979445,3.168607235
17:11:35,2.526324272,3.129410028,3.17108345
17:11:35,2.529047251,3.129090309,3.167984962
17:11:35,2.527615309,3.12840414,3.170048237
17:11:35,2.527755737,3.130271435,3.169035912
17:11:35,2.527267218,3.130151749,3.170753956
17:11:35,2.528781414,3.129704952,3.169064999
17:11:35,2.527528048,3.128440142,3.169978619
17:11:35,2.52762413,3.12942338,3.171119452
17:11:35,2.527667284,3.128819466,3.169821262
17:11:35,2.527244091,3.1294415,3.169525623
17:11:35,2.527773619,3.129555941,3.170990467
17:11:35,2.526645422,3.130379915,3.169512033
17:11:35,2.52731514,3.129921675,3.169978619
17:11:35,2.527397633,3.129439831,3.170787334
17:11:35,2.528713226,3.130433559,3.171374321
17:11:35,2.527969599,3.129250288,3.171018839
17:11:35,2.527614832,3.12962985,3.169797421
17:11:35,2.526943922,3.129969358,3.169198513
17:11:35,2.527928829,3.12907052,3.168804646
17:11:35,2.525987864,3.129415989,3.169933796
17:11:35,2.525126457,3.128936529,3.170041561
17:11:35,2.526662827,3.130158663,3.168678045
17:11:35,2.526937485,3.130473614,3.170105696
17:11:35,2.527018309,3.128767014,3.168413877
17:11:35,2.525763512,3.130186319,3.170091391
17:11:35,2.526870728,3.129616499,3.169893026
17:11:35,2.527115583,3.128609419,3.170276403
17:11:35,2.527681589,3.128670931,3.16866827
17:11:35,2.527587652,3.129380703,3.170363665
17:11:35,2.526685715,3.128973961,3.169469833
17:11:35,2.528013945,3.128609896,3.1698277
17:11:35,2.527206898,3.12904954,3.171936274
17:11:35,2.52571559,3.128779173,3.170515776
17:11:35,2.527718306,3.129533291,3.171392918
17:11:35,2.529274702,3.130822659,3.171415091
17:11:35,2.528841734,3.128216505,3.170711756
17:11:35,2.529144287,3.12908864,3.171162605
17:11:35,2.529636145,3.128511429,3.172119617
17:11:35,2.530040264,3.128608704,3.17027235
17:11:35,2.530323744,3.129362106,3.169490576
17:11:35,2.528074265,3.130133629,3.171419859
17:11:35,2.530147791,3.129297018,3.17096138
17:11:35,2.529289246,3.129079819,3.173141003
17:11:35,2.531224728,3.129450321,3.172382832
17:11:35,2.529789686,3.128700733,3.172693491
17:11:35,2.529179811,3.129578114,3.171399593
17:11:35,2.530565023,3.129729271,3.171865702
17:11:35,2.53176713,3.128918171,3.171662569
17:11:35,2.529748678,3.128652096,3.172366619
17:11:35,2.528449535,3.129921198,3.170972347
17:11:35,2.528365612,3.12866807,3.170705318
17:11:35,2.528683424,3.128554106,3.170300722
17:11:35,2.530317068,3.129108667,3.170906067
17:11:35,2.526225328,3.129801512,3.171979904
17:11:35,2.528040648,3.128706694,3.17023015
17:11:35,2.526626348,3.129663944,3.171150684
17:11:35,2.529431343,3.129887581,3.170482159
17:11:35,2.529008627,3.129767895,3.171074629
17:11:35,2.528510094,3.12775135,3.170380831
17:11:35,2.527829409,3.128741264,3.170432806
17:11:35,2.528162718,3.129279613,3.170412064
17:11:35,2.526522636,3.128106594,3.169832706
17:11:35,2.527435064,3.129377604,3.168598413
17:11:35,2.527860165,3.127746105,3.16866684
17:11:35,2.525860071,3.129616976,3.170334578
17:11:35,2.526360989,3.12980032,3.170061827
17:11:35,2.526250601,3.130113602,3.170040131
17:11:35,2.528215647,3.128652573,3.170991898
17:11:35,2.52621603,3.128399849,3.171105146
17:11:35,2.526769876,3.129226208,3.170286655
17:11:35,2.526409864,3.128653288,3.171401501
17:11:35,2.527505875,3.129887581,3.170536041
17:11:35,2.527481079,3.128948689,3.169966459
17:11:35,2.526947737,3.129333019,3.169708014
17:11:35,2.527345181,3.130254269,3.170410395
17:11:35,2.527179241,3.130024195,3.169837475
17:11:35,2.528543711,3.129205227,3.169471979
17:11:35,2.526198149,3.129168034,3.169628382
17:11:35,2.527853489,3.12978673,3.169036627
17:11:35,2.527423382,3.128401995,3.169104338
17:11:35,2.52639699,3.128883362,3.168433666
17:11:35,2.527480125,3.130017519,3.170402527
17:11:35,2.527342081,3.129391432,3.170127392
17:11:35,2.52658844,3.128732681,3.171518564
17:11:35,2.52607131,3.130155087,3.170331001
17:11:35,2.52782011,3.130042315,3.16980958
17:11:35,2.52643609,3.128499985,3.170425177
17:11:35,2.526931763,3.127808809,3.169845104
17:11:35,2.527433157,3.129592657,3.170166254
17:11:35,2.526827574,3.12978673,3.170237541
17:11:35,2.526934147,3.129158974,3.171320677
17:11:35,2.528398991,3.130013466,3.170422554
17:11:35,2.527205944,3.129174948,3.170755148
17:11:35,2.527162075,3.129142523,3.171096087
17:11:35,2.527929544,3.129883289,3.172056437
17:11:35,2.5287714,3.130334854,3.171471596
17:11:35,2.529286146,3.128896236,3.172000647
17:11:35,2.528820276,3.12765336,3.170450211
17:11:35,2.531014919,3.130753994,3.171573639
17:11:35,2.52939105,3.129771471,3.172237158
17:11:35,2.529798985,3.12928772,3.170487404
17:11:35,2.530939817,3.129718065,3.172240973
17:11:35,2.530056715,3.130862236,3.171849251
17:11:35,2.529246807,3.12898016,3.172960758
17:11:35,2.53041625,3.128889322,3.170755148
17:11:35,2.529247999,3.130301476,3.17263341
17:11:35,2.529666185,3.130210638,3.17169404
17:11:35,2.530679226,3.128118753,3.171051025
17:11:36,2.527724743,3.129183531,3.173009634
17:11:36,2.528308868,3.130889416,3.170737267
17:11:36,2.528142929,3.12943244,3.170641184
17:11:36,2.527480125,3.12871933,3.16985774
17:11:36,2.528876543,3.130014181,3.171804428
17:11:36,2.527997255,3.129441023,3.16952014
17:11:36,2.527335882,3.129794598,3.169983864
17:11:36,2.527315617,3.129534006,3.168775558
17:11:36,2.526895761,3.130023003,3.170035124
17:11:36,2.527848721,3.130161047,3.170238256
17:11:36,2.525576353,3.128488302,3.169607401
17:11:36,2.525914192,3.130378008,3.1703794
17:11:36,2.527976036,3.130298615,3.169587374
17:11:36,2.526906729,3.129528522,3.17017889
17:11:36,2.526994705,3.130094528,3.168981791
17:11:36,2.527155161,3.130620003,3.170137405
17:11:36,2.526929379,3.129755974,3.169831038
17:11:36,2.526439428,3.128109455,3.171383619
17:11:36,2.528485775,3.130399942,3.171233177
17:11:36,2.526441097,3.129192591,3.171005487
17:11:36,2.526025295,3.128127098,3.16970849
17:11:36,2.52879262,3.129408836,3.170100689
17:11:36,2.527897596,3.130331278,3.171055317
17:11:36,2.526041508,3.129257202,3.169438839
17:11:36,2.528846502,3.129644871,3.169439554
17:11:36,2.52760005,3.130186796,3.169226885
17:11:36,2.526601791,3.12859726,3.169778824
17:11:36,2.527063131,3.127906322,3.169397116
17:11:36,2.527791739,3.129836082,3.170250416
17:11:36,2.526936769,3.127869129,3.168935776
17:11:36,2.5260818,3.128515959,3.167232752
17:11:36,2.52757287,3.128223896,3.169610262
17:11:36,2.527131081,3.130481243,3.168707609
17:11:36,2.525511503,3.130489349,3.169078588
17:11:36,2.526002169,3.128423929,3.168164968
17:11:36,2.5267694,3.130124569,3.170990467
17:11:36,2.525557041,3.129976511,3.170683146
17:11:36,2.525961161,3.127596855,3.171491385
17:11:36,2.527453423,3.128792524,3.171485901
17:11:36,2.525525093,3.129017115,3.171883821
17:11:36,2.526609898,3.127804995,3.171854734
17:11:36,2.528149605,3.128674984,3.17204833
17:11:36,2.52706027,3.130206347,3.170769691
17:11:36,2.526754379,3.129319429,3.172219515
17:11:36,2.528702497,3.128848791,3.172091246
17:11:36,2.528787613,3.127529383,3.169860601
17:11:36,2.529433012,3.129555941,3.170258284
17:11:36,2.529376268,3.128831148,3.171768188
17:11:36,2.530087709,3.127902746,3.171875
17:11:36,2.530943394,3.128730774,3.171874523
17:11:36,2.53141284,3.129379988,3.170928478
17:11:36,2.531401157,3.12791419,3.170861244
17:11:36,2.528837204,3.128692865,3.169434786
17:11:36,2.531126022,3.130667448,3.170618057
17:11:36,2.528609753,3.128654957,3.171262264
17:11:36,2.529148579,3.128831625,3.170353174
17:11:36,2.529940128,3.130273581,3.169993162
17:11:36,2.529482365,3.129312992,3.169585466
17:11:36,2.529009819,3.128297806,3.169960022
17:11:36,2.530739546,3.128149271,3.169403553
17:11:36,2.530473709,3.130139828,3.169951439
17:11:36,2.528558969,3.129300594,3.169737577
17:11:36,2.529123306,3.129735947,3.17001915
17:11:36,2.525289297,3.129402399,3.170148134
17:11:36,2.527736187,3.128712416,3.169200659
17:11:36,2.526326418,3.127905607,3.169086456
17:11:36,2.529614449,3.129558325,3.169516087
17:11:36,2.52747035,3.129251003,3.169657469
17:11:36,2.528302431,3.129268408,3.168196917
17:11:36,2.528276682,3.128057718,3.169518948
17:11:36,2.528244972,3.131135941,3.169435263
17:11:36,2.528405666,3.13023448,3.171113491
17:11:36,2.527154684,3.129274368,3.170472383
17:11:36,2.526934624,3.12942481,3.169850826
17:11:36,2.525954247,3.130290508,3.170737267
17:11:36,2.525847673,3.130155087,3.171059608
17:11:36,2.526240587,3.128014326,3.170320749
17:11:36,2.527908087,3.129706621,3.171441317
17:11:36,2.526550055,3.127365828,3.171316862
17:11:36,2.528905153,3.127548456,3.169783354
17:11:36,2.526200771,3.127178192,3.170086145
17:11:36,2.529791832,3.128961802,3.168984652
17:11:36,2.526880026,3.129000902,3.168515921
17:11:36,2.525266647,3.128232002,3.168107748
17:11:36,2.527384043,3.130023718,3.168909788
17:11:36,2.525351524,3.129313707,3.168520451
17:11:36,2.526921272,3.127552032,3.168586969
17:11:36,2.525845289,3.12775588,3.170361996
17:11:36,2.527961493,3.130509853,3.169624805
17:11:36,2.52843523,3.12882638,3.171995878
17:11:36,2.528076172,3.12924695,3.168579578
17:11:36,2.526749611,3.129492998,3.170503855
17:11:36,2.526829243,3.128600597,3.170609474
17:11:36,2.527364016,3.128620386,3.169944048
17:11:36,2.527784586,3.129208803,3.169390678
17:11:37,2.526506662,3.127736807,3.171453476
17:11:37,2.525776148,3.12897563,3.171031713
17:11:37,2.526404142,3.128819466,3.171164274
17:11:37,2.526329756,3.129189968,3.173407555
17:11:37,2.527319193,3.129797459,3.171269655
17:11:37,2.529079437,3.129310369,3.171262741
17:11:37,2.529561281,3.13011241,3.172348738
17:11:37,2.52958703,3.130766153,3.170583248
17:11:37,2.529566288,3.129425287,3.171285152
17:11:37,2.528918505,3.130759239,3.170675039
17:11:37,2.528656721,3.129297733,3.169657469
17:11:37,2.529198408,3.129000902,3.171403408
17:11:37,2.529473543,3.130001783,3.172026873
17:11:37,2.529934406,3.129524708,3.172354221
17:11:37,2.530221939,3.128825426,3.171482563
17:11:37,2.530945539,3.129743338,3.171146631
17:11:37,2.529355526,3.130083084,3.170948744
17:11:37,2.530597687,3.128329515,3.169667482
17:11:37,2.530801296,3.129890203,3.168929338
17:11:37,2.529860497,3.131520748,3.169304609
17:11:37,2.528555632,3.128544569,3.171236992
17:11:37,2.529579401,3.128840208,3.170443773
17:11:37,2.529551506,3.130492687,3.170680046
17:11:37,2.528393269,3.129430056,3.169835806
17:11:37,2.52875185,3.127776623,3.171222687
17:11:37,2.528947115,3.128556728,3.168872595
17:11:37,2.528828621,3.129064322,3.170263767
17:11:37,2.528730154,3.128685474,3.170006514
17:11:37,2.527925014,3.129427671,3.169874668
17:11:37,2.526256084,3.130159855,3.171171188
17:11:37,2.527001381,3.131043196,3.169110775
17:11:37,2.5268085,3.130387783,3.170195341
17:11:37,2.526900291,3.130502462,3.168750048
17:11:37,2.526468515,3.129241228,3.169443607
17:11:37,2.527578592,3.129076958,3.170744658
17:11:37,2.526929379,3.128405333,3.169875145
17:11:37,2.528265238,3.129563808,3.169349432
17:11:37,2.527878761,3.129137516,3.169790983
17:11:37,2.526958466,3.129370689,3.169607639
17:11:37,2.527342558,3.129461765,3.167724133
17:11:37,2.526527882,3.127399445,3.170438766
17:11:37,2.525037289,3.130191326,3.167769432
17:11:37,2.526738167,3.129101753,3.167291403
17:11:37,2.527038097,3.129058599,3.168761492
17:11:37,2.52780056,3.128676653,3.167292595
17:11:37,2.527314425,3.129191399,3.168518782
17:11:37,2.528321028,3.130665541,3.168623924
17:11:37,2.527618408,3.130824327,3.171925068
17:11:37,2.526853323,3.129105806,3.169812918
17:11:37,2.528359652,3.128817558,3.172543526
17:11:37,2.527503729,3.130917788,3.172158718
17:11:37,2.525844336,3.126909018,3.169880867
17:11:37,2.527038097,3.128093243,3.171116352
17:11:37,2.528282166,3.130352259,3.171472788
17:11:37,2.526179552,3.129642487,3.171370506
17:11:37,2.528320551,3.128677845,3.170712709
17:11:37,2.52876687,3.131449938,3.17232585
17:11:37,2.527305126,3.130258322,3.170986414
17:11:37,2.530139685,3.13100338,3.172841072
17:11:37,2.52930522,3.131244659,3.172708035
17:11:37,2.527507305,3.130833626,3.172855854
17:11:37,2.526472807,3.128914833,3.170178175
17:11:37,2.530568123,3.128777027,3.172124386
17:11:37,2.527180672,3.128432035,3.17006278
17:11:37,2.528008461,3.129176617,3.171638012
17:11:37,2.529618025,3.128763676,3.170004845
17:11:37,2.529603958,3.128652573,3.170819759
17:11:37,2.527962685,3.13183403,3.171567202
17:11:37,2.529790163,3.130136013,3.171351671
17:11:37,2.529903173,3.131213665,3.171117544
17:11:37,2.528179169,3.131064415,3.170816898
17:11:37,2.52968955,3.13046217,3.170165062
17:11:37,2.529361486,3.129063129,3.169368744
17:11:37,2.529019117,3.128855228,3.16992569
17:11:37,2.528870344,3.129241943,3.168400288
17:11:37,2.529802322,3.12822938,3.168650627
17:11:37,2.528449059,3.128117561,3.169158936
17:11:37,2.528869152,3.128707886,3.170661688
17:11:37,2.530014038,3.129548788,3.169405699
17:11:37,2.527823448,3.129364491,3.169572592
17:11:37,2.528328657,3.129258394,3.169682741
17:11:37,2.527476788,3.130168438,3.171497583
17:11:37,2.527368546,3.129116774,3.170432329
17:11:37,2.527912617,3.128189087,3.168487787
17:11:37,2.528476477,3.129615784,3.169493437
17:11:37,2.526715279,3.129099131,3.169188738
17:11:37,2.529257774,3.128203869,3.169627905
17:11:37,2.528287888,3.129136324,3.169558525
17:11:37,2.527535677,3.12903142,3.170670271
17:11:37,2.525625467,3.129270077,3.170765638
17:11:37,2.527914286,3.129315376,3.171901703
17:11:37,2.527089119,3.129171848,3.1712327
17:11:37,2.525683165,3.128783226,3.170216799
17:11:37,2.527343035,3.129151583,3.169074297
17:11:37,2.52668786,3.128861666,3.169198513
17:11:37,2.52609849,3.129212856,3.168748856
17:11:37,2.526388168,3.128820658,3.169301748
17:11:37,2.528340101,3.129299402,3.16831708
17:11:37,2.525583744,3.129188299,3.169419765
17:11:37,2.52575469,3.129079342,3.16899991
17:11:37,2.527477264,3.12938571,3.169271708
17:11:37,2.526228905,3.128066301,3.168544292
17:11:37,2.525288105,3.129181147,3.168419361
17:11:37,2.527626514,3.1284132,3.167349339
17:11:37,2.527758598,3.128489017,3.169315577
17:11:37,2.526562929,3.128539801,3.169187546
17:11:37,2.528170824,3.129347086,3.170917273
17:11:37,2.528110504,3.128345966,3.169970989
17:11:37,2.526585579,3.129355669,3.170208931
17:11:37,2.527734995,3.130117655,3.172965288
17:11:37,2.529167652,3.130673647,3.172885418
17:11:37,2.528642178,3.130141735,3.172065735
17:11:37,2.527991056,3.131136656,3.172639132
17:11:37,2.528112173,3.130623341,3.171995401
17:11:37,2.527762413,3.129281521,3.16902709
17:11:37,2.527469873,3.130989075,3.171349764
17:11:37,2.527839899,3.130101442,3.171907187
17:11:37,2.526668787,3.128517151,3.169186354
17:11:37,2.529129505,3.130343437,3.170660973
17:11:37,2.529415607,3.130758047,3.171373129
17:11:37,2.529537916,3.129683971,3.172068119
17:11:37,2.529981136,3.130450726,3.170748472
17:11:37,2.528983831,3.130561829,3.170051336
17:11:37,2.528717279,3.129218102,3.169332981
17:11:37,2.528780699,3.129930496,3.170039415
17:11:37,2.528822184,3.130209446,3.168992281
17:11:37,2.529376268,3.128788948,3.168774843
17:11:37,2.530057192,3.129653454,3.169613123
17:11:37,2.529901266,3.128931761,3.169111252
17:11:37,2.529566765,3.128885031,3.172009945
17:11:37,2.5289855,3.128424406,3.17181778
17:11:37,2.529523611,3.129746437,3.171082735
17:11:38,2.528543234,3.128797531,3.172131538
17:11:38,2.529922724,3.128956079,3.173356533
17:11:38,2.52863884,3.128712416,3.173091173
17:11:38,2.527476311,3.128977537,3.172161579
17:11:38,2.526936293,3.129926682,3.169061899
17:11:38,2.528115749,3.129412889,3.172143698
17:11:38,2.528033733,3.129052162,3.169297695
17:11:38,2.527171373,3.129946232,3.170026779
17:11:38,2.527593851,3.129714489,3.168227911
17:11:38,2.528211355,3.129083872,3.170173883
17:11:38,2.528185606,3.129557133,3.170465946
17:11:38,2.528292656,3.128821373,3.171052217
17:11:38,2.527065754,3.128807306,3.169684172
17:11:38,2.526446342,3.12895298,3.170149803
17:11:38,2.526352882,3.128591537,3.171130419
17:11:38,2.527262688,3.12912178,3.169434786
17:11:38,2.526242256,3.128794193,3.170088053
17:11:38,2.526626348,3.128792048,3.170187712
17:11:38,2.527793884,3.129682302,3.17034626
17:11:38,2.52646184,3.128493786,3.168015242
17:11:38,2.526129723,3.127640009,3.16870594
17:11:38,2.525877476,3.129114389,3.167498112
17:11:38,2.527558804,3.129480124,3.169930458
17:11:38,2.527652502,3.128245354,3.168954611
17:11:38,2.527570009,3.128926039,3.169047832
17:11:38,2.527662992,3.130289793,3.168727398
17:11:38,2.528998852,3.128847361,3.169704437
17:11:38,2.528591633,3.128013611,3.168261528
17:11:38,2.527693987,3.129703045,3.169543028
17:11:38,2.527290821,3.130137444,3.170115709
17:11:38,2.527634621,3.12800765,3.16724658
17:11:38,2.527578354,3.128729582,3.171300411
17:11:38,2.526878834,3.129106283,3.169164181
17:11:38,2.526451588,3.127693653,3.170104742
17:11:38,2.527190208,3.128358841,3.168283463
17:11:38,2.527928352,3.128901482,3.170092344
17:11:38,2.526932478,3.129211426,3.169715405
17:11:38,2.527209282,3.128809214,3.170698166
17:11:38,2.527225018,3.128937006,3.171125889
17:11:38,2.528489113,3.130151033,3.172614098
17:11:38,2.527154684,3.129415035,3.171940327
17:11:38,2.527716637,3.128028154,3.171238184
17:11:38,2.528608084,3.129646301,3.17206502
17:11:38,2.528282881,3.12913847,3.171452761
17:11:38,2.527998686,3.127884865,3.172358036
17:11:38,2.527980804,3.128501177,3.16988802
17:11:38,2.52788806,3.129976511,3.170609951
17:11:38,2.528483629,3.129595518,3.169405222
17:11:38,2.528124332,3.127231121,3.169762373
17:11:38,2.528461218,3.129981518,3.170076609
17:11:38,2.527948618,3.129558325,3.172075033
17:11:38,2.527925968,3.127838612,3.171137333
17:11:38,2.5289855,3.129474878,3.173537016
17:11:38,2.529127359,3.129590273,3.170585632
17:11:38,2.529406786,3.127443314,3.171118736
17:11:38,2.529376268,3.128560781,3.172803402
17:11:38,2.529750109,3.128787756,3.171597958
17:11:38,2.529842615,3.128171682,3.17181921
17:11:38,2.530171633,3.128153086,3.171303034
17:11:38,2.529232264,3.130032301,3.171783447
17:11:38,2.529484749,3.129271746,3.172123432
17:11:38,2.529761791,3.129602194,3.170636415
17:11:38,2.528681755,3.12937808,3.170004368
17:11:38,2.52775979,3.129496098,3.170860052
17:11:38,2.527897596,3.129634142,3.169785023
17:11:38,2.528651476,3.129698277,3.170509338
17:11:38,2.52777195,3.12970686,3.171679974
17:11:38,2.527822018,3.129793406,3.17146039
17:11:38,2.528139114,3.12889266,3.169353962
17:11:38,2.527703285,3.129466772,3.169592381
17:11:38,2.527261734,3.129720211,3.171244144
17:11:38,2.527125359,3.129281521,3.16886735
17:11:38,2.528326273,3.129690886,3.17051816
17:11:38,2.528026104,3.13013196,3.169555187
17:11:38,2.52665782,3.129067183,3.170259237
17:11:38,2.527239561,3.12840271,3.170133114
17:11:38,2.526935339,3.129166842,3.170795918
17:11:38,2.526989222,3.129817724,3.169999361
17:11:38,2.526300907,3.128689289,3.170413017
17:11:38,2.526755571,3.128689289,3.170836449
17:11:38,2.527640343,3.129842997,3.171452284
17:11:38,2.526965857,3.127901316,3.170666456
17:11:38,2.527744293,3.127906322,3.169519663
17:11:38,2.52669549,3.129569292,3.168976307
17:11:38,2.527498484,3.129841089,3.169245481
17:11:38,2.526804686,3.128927231,3.168570518
17:11:38,2.527271509,3.129685163,3.167047501
17:11:38,2.527334213,3.129740953,3.168402672
17:11:38,2.527435064,3.127654552,3.167891026
17:11:38,2.528331757,3.129319906,3.169133902
17:11:38,2.528644085,3.129467964,3.170040131
17:11:38,2.527037621,3.128617764,3.169487715
17:11:38,2.527643204,3.12895298,3.16997695
17:11:38,2.52760911,3.128680706,3.170145988
17:11:38,2.526443005,3.127897501,3.169117689
17:11:38,2.527637959,3.129007816,3.169240236
17:11:38,2.528004169,3.130497694,3.169363737
17:11:38,2.528875351,3.129284382,3.169695139
17:11:38,2.527798414,3.129147768,3.169294834
17:11:38,2.52803421,3.129039526,3.170859098
17:11:38,2.527985334,3.12985754,3.171221018
17:11:38,2.528438568,3.129277945,3.17179513
17:11:38,2.527988911,3.128334522,3.171809196
17:11:38,2.528925896,3.129549265,3.171005487
17:11:38,2.527965069,3.128685951,3.170800447
17:11:38,2.528445005,3.128765583,3.170468807
17:11:38,2.528347254,3.128539801,3.170194626
17:11:38,2.52857542,3.12943387,3.17216444
17:11:38,2.529610872,3.129435301,3.172705889
17:11:38,2.529252052,3.128446817,3.172202826
17:11:38,2.528513193,3.12919116,3.17094636
17:11:38,2.529336214,3.129272699,3.172719717
17:11:38,2.528680801,3.128298521,3.171973228
17:11:38,2.527803659,3.129706144,3.172433376
17:11:38,2.528610229,3.129181147,3.172348738
17:11:38,2.529018164,3.127869606,3.170828342
17:11:38,2.529392242,3.127923965,3.170927763
17:11:38,2.529195547,3.129498005,3.171228647
17:11:38,2.529687166,3.130058527,3.171056032
17:11:39,2.530007362,3.127989531,3.171390295
17:11:39,2.529987812,3.129083872,3.17128849
17:11:39,2.531105518,3.12940073,3.171787977
17:11:39,2.530222654,3.127610207,3.171094418
17:11:39,2.529785633,3.128448009,3.17071104
17:11:39,2.529196739,3.129393816,3.169678926
17:11:39,2.528297186,3.128744602,3.170903206
17:11:39,2.528973818,3.127691984,3.168534994
17:11:39,2.527509928,3.130363703,3.168910265
17:11:39,2.527878284,3.130057812,3.170081377
17:11:39,2.528968573,3.129141569,3.170387506
17:11:39,2.528010845,3.129188776,3.169777632
17:11:39,2.528768063,3.129442215,3.168858767
17:11:39,2.528294086,3.129508972,3.170422554
17:11:39,2.528032541,3.128534555,3.169493437
17:11:39,2.527364016,3.131011486,3.170691967
17:11:39,2.528308868,3.130049706,3.168433666
17:11:39,2.526441097,3.127690077,3.168537855
17:11:39,2.527858973,3.130550146,3.168595552
17:11:39,2.526839256,3.129962206,3.168394804
17:11:39,2.526547432,3.127754688,3.168433666
17:11:39,2.52673912,3.127479315,3.168551207
17:11:39,2.526777506,3.128760338,3.170731306
17:11:39,2.526380062,3.12854147,3.168322563
17:11:39,2.527667761,3.129330397,3.1715765
17:11:39,2.528660536,3.128756285,3.169084787
17:11:39,2.526739836,3.128972292,3.169431448
17:11:39,2.527835846,3.12925601,3.168969154
17:11:39,2.527676582,3.128903151,3.169502258
17:11:39,2.527102709,3.129711628,3.169318199
17:11:39,2.526535034,3.128709555,3.16823411
17:11:39,2.52785778,3.128302336,3.169612169
17:11:39,2.526682854,3.129249096,3.17001152
17:11:39,2.526868105,3.129332781,3.169707298
17:11:39,2.52693367,3.128427982,3.172675133
17:11:39,2.527785778,3.128327131,3.170366049
17:11:39,2.526803017,3.129996061,3.170119762
17:11:39,2.528327942,3.129802227,3.172224522
17:11:39,2.526955128,3.129927158,3.171933889
17:11:39,2.528428555,3.128981352,3.170316219
17:11:39,2.528856993,3.129721403,3.171905518
17:11:39,2.527589798,3.129457712,3.17215395
17:11:39,2.52891922,3.128128052,3.169693947
17:11:39,2.528187275,3.129575491,3.171733379
17:11:39,2.528578281,3.12938571,3.171129227
17:11:39,2.528341532,3.128919601,3.171231031
17:11:39,2.529587746,3.127150297,3.171393394
17:11:39,2.528817177,3.130900383,3.171299219
17:11:39,2.527582169,3.129526615,3.172235489
17:11:39,2.529346704,3.127519608,3.172085524
17:11:39,2.528278828,3.129815578,3.170173883
17:11:39,2.529143095,3.129314184,3.172479391
17:11:39,2.530972958,3.129221916,3.172097683
17:11:39,2.529361963,3.12878561,3.172388077
17:11:39,2.529289246,3.129906893,3.170766354
17:11:39,2.528767347,3.12865591,3.172382116
17:11:39,2.529100657,3.129315853,3.170507669
17:11:39,2.529373169,3.12950778,3.169962883
17:11:39,2.530177116,3.130485058,3.168659925
17:11:39,2.529888868,3.129137516,3.167323589
17:11:39,2.529584885,3.127275944,3.170253277
17:11:39,2.528920889,3.130464554,3.169295311
17:11:39,2.528829098,3.129029274,3.170251608
17:11:39,2.528237343,3.127080202,3.168647766
17:11:39,2.530107975,3.130696535,3.170882463
17:11:39,2.530426264,3.1304245,3.171220541
17:11:39,2.529639006,3.128076553,3.169643402
17:11:39,2.527868271,3.129006863,3.169952393
17:11:39,2.527405739,3.130259275,3.170809984
17:11:39,2.526680708,3.128342628,3.168164968
17:11:39,2.527039289,3.127956867,3.167566776
17:11:39,2.52738905,3.129307747,3.170183182
17:11:39,2.527533293,3.129884481,3.169064999
17:11:39,2.528269291,3.128950119,3.17149806
17:11:39,2.527748108,3.128645658,3.171718359
17:11:39,2.526884317,3.131022215,3.171157598
17:11:39,2.526436567,3.128657579,3.170098305
17:11:39,2.527183533,3.128686905,3.171205521
17:11:39,2.525478363,3.130215645,3.168695211
17:11:39,2.525714397,3.129949093,3.168738365
17:11:39,2.526231766,3.127869606,3.17015481
17:11:39,2.526342869,3.129158258,3.170156002
17:11:39,2.525928497,3.130288124,3.169104338
17:11:39,2.525168896,3.12761426,3.168984652
17:11:39,2.525732517,3.129207611,3.170048237
17:11:39,2.526566267,3.129704237,3.170082569
17:11:39,2.527554989,3.13000536,3.169248343
17:11:39,2.528002739,3.129777908,3.168898582
17:11:39,2.527395964,3.129196405,3.168970346
17:11:39,2.527109623,3.130629778,3.167170048
17:11:39,2.527315617,3.128167629,3.168889999
17:11:39,2.526235819,3.129027605,3.168533802
17:11:39,2.526628017,3.12943697,3.169701815
17:11:39,2.526986837,3.130010366,3.168982506
17:11:39,2.527040482,3.128718138,3.169960022
17:11:39,2.527200699,3.129500389,3.169955254
17:11:39,2.52780056,3.130565405,3.170318365
17:11:39,2.528058529,3.12862277,3.170423508
17:11:39,2.527801037,3.128927708,3.170823336
17:11:39,2.527934313,3.130371094,3.171792746
17:11:39,2.528379202,3.129439354,3.17099452
17:11:39,2.528845787,3.129604101,3.170224905
17:11:39,2.527884722,3.129475355,3.171898603
17:11:39,2.52813673,3.130149841,3.171523333
17:11:39,2.530576229,3.128720045,3.170753479
17:11:39,2.52980113,3.129094839,3.172583818
17:11:39,2.530269623,3.129683495,3.171878099
17:11:39,2.53045702,3.129978895,3.172413588
17:11:39,2.529436827,3.128669739,3.171016455
17:11:39,2.529335022,3.129875898,3.172589064
17:11:39,2.528799772,3.129978418,3.171132088
17:11:39,2.528621674,3.128071547,3.171834946
17:11:39,2.528035402,3.128976345,3.171653986
17:11:39,2.52889204,3.129450798,3.171018362
17:11:39,2.529524803,3.128996849,3.17267108
17:11:40,2.529389858,3.128489494,3.171947718
17:11:40,2.528440952,3.129152298,3.172318935
17:11:40,2.529084206,3.129272699,3.172147512
17:11:40,2.528400183,3.129486322,3.170261383
17:11:40,2.529048443,3.129009485,3.169024229
17:11:40,2.52785778,3.12976408,3.171140909
17:11:40,2.529529572,3.130046844,3.168926477
17:11:40,2.528836489,3.128579378,3.168035507
17:11:40,2.52995944,3.128885031,3.169378042
17:11:40,2.529959917,3.130289316,3.170001268
17:11:40,2.529294968,3.128374815,3.169719458
17:11:40,2.529197931,3.128711224,3.169883251
17:11:40,2.52757287,3.129814386,3.1682477
17:11:40,2.528629541,3.127954483,3.168921232
17:11:40,2.52721858,3.129318953,3.170609474
17:11:40,2.527334213,3.130111217,3.169922829
17:11:40,2.527600765,3.129523516,3.16916132
17:11:40,2.527898073,3.129225016,3.168537378
17:11:40,2.52778697,3.129922867,3.169740915
17:11:40,2.526932478,3.128553629,3.169202328
17:11:40,2.525951862,3.129066467,3.168221951
17:11:40,2.526786089,3.129739285,3.169920683
17:11:40,2.52707839,3.128149748,3.169966936
17:11:40,2.525396109,3.130556345,3.168569326
17:11:40,2.525644541,3.128555775,3.170838833
17:11:40,2.527475834,3.129239559,3.16917038
17:11:40,2.525510311,3.130161524,3.169152498
17:11:40,2.526881695,3.129354,3.167619944
17:11:40,2.527140379,3.128835678,3.169677734
17:11:40,2.526977539,3.12992239,3.170106411
17:11:40,2.527211428,3.129895449,3.169085741
17:11:40,2.528315783,3.129351854,3.169821262
17:11:40,2.528550148,3.128948689,3.170910358
17:11:40,2.528081179,3.129249096,3.169743299
17:11:40,2.527819157,3.130557537,3.169415712
17:11:40,2.527912617,3.128669739,3.170104742
17:11:40,2.526988029,3.129488707,3.17067337
17:11:40,2.527494431,3.130373716,3.169728756
17:11:40,2.526700497,3.128937721,3.170756578
17:11:40,2.527837038,3.12853384,3.170779705
17:11:40,2.528032064,3.130203962,3.170297623
17:11:40,2.52870369,3.129764795,3.171520948
17:11:40,2.52841568,3.129506111,3.169562101
17:11:40,2.52845192,3.129588366,3.170606613
17:11:40,2.529421091,3.13026309,3.171629906
17:11:40,2.528385639,3.130228281,3.171425104
17:11:40,2.528426886,3.129024982,3.171204805
17:11:40,2.528292656,3.130111933,3.172780275
17:11:40,2.527939796,3.129658461,3.172256947
17:11:40,2.529516697,3.129492998,3.172511339
17:11:40,2.529512167,3.129731417,3.174369574
17:11:40,2.529557467,3.130609989,3.172376633
17:11:40,2.529481173,3.1282022,3.173875093
17:11:40,2.530365944,3.130023718,3.171125412
17:11:40,2.529557467,3.131159067,3.171382427
17:11:40,2.528055668,3.128688574,3.170251608
17:11:40,2.529191971,3.12875843,3.172019243
17:11:40,2.528267384,3.129348755,3.171624899
17:11:40,2.528807878,3.12990284,3.169050217
17:11:40,2.527863979,3.129104614,3.169961691
17:11:40,2.529542923,3.130003691,3.171885014
17:11:40,2.528891325,3.130048037,3.170144558
17:11:40,2.529610872,3.129039526,3.16994524
17:11:40,2.5290308,3.129724979,3.168518305
17:11:40,2.530162334,3.130156279,3.168030977
17:11:40,2.529512167,3.129726648,3.168456078
17:11:40,2.52876091,3.12847662,3.168686867
17:11:40,2.527626514,3.129444361,3.170153379
17:11:40,2.526394129,3.130231142,3.169225216
17:11:40,2.528513193,3.128756762,3.170606613
17:11:40,2.528230906,3.129869223,3.170224905
17:11:40,2.529089212,3.130758762,3.17035675
17:11:40,2.527801752,3.12978673,3.171336651
17:11:40,2.528859854,3.128819466,3.168803453
17:11:40,2.528030872,3.129868269,3.169791937
17:11:40,2.52671957,3.129407167,3.167467356
17:11:40,2.527521133,3.12929821,3.168483973
17:11:40,2.527363539,3.130089045,3.171123743
17:11:40,2.526954412,3.129974842,3.170192957
17:11:40,2.525758743,3.128816366,3.169383287
17:11:40,2.526324272,3.128368139,3.171221018
17:11:40,2.527074814,3.12980032,3.169052601
17:11:40,2.527192831,3.128654242,3.169839859
17:11:40,2.525811195,3.128446341,3.170328379
17:11:40,2.527391195,3.12886405,3.169970989
17:11:40,2.526324749,3.130212069,3.169478416
17:11:40,2.525886297,3.127915382,3.170034409
17:11:40,2.526277781,3.128586054,3.170353174
17:11:40,2.526823044,3.12984705,3.16926074
17:11:40,2.526424408,3.129506111,3.170475245
17:11:40,2.527620316,3.129443407,3.169449568
17:11:40,2.528647423,3.13014245,3.170604229
17:11:40,2.528166294,3.130939245,3.169017792
17:11:40,2.528253555,3.128877878,3.168598413
17:11:40,2.528160095,3.13031745,3.166911602
17:11:40,2.528953552,3.129687309,3.17006588
17:11:40,2.527106762,3.128273487,3.170010567
17:11:40,2.528235674,3.129491806,3.169731617
17:11:40,2.527654171,3.128217697,3.170672894
17:11:40,2.528058529,3.129340887,3.170199156
17:11:40,2.527374983,3.127703905,3.169843912
17:11:40,2.527955294,3.129370689,3.171025753
17:11:40,2.52810955,3.128783941,3.169206619
17:11:40,2.528770924,3.128448486,3.170187712
17:11:40,2.529124022,3.129860878,3.172209024
17:11:40,2.52867794,3.129836082,3.168707132
17:11:40,2.528836489,3.128848791,3.172405481
17:11:40,2.527908087,3.128325462,3.169810772
17:11:40,2.529390335,3.129241943,3.171187878
17:11:40,2.528133154,3.130103111,3.172845364
17:11:40,2.528694391,3.129286051,3.172322989
17:11:40,2.528366804,3.127732038,3.171527624
17:11:40,2.52944684,3.128985643,3.171938419
17:11:40,2.528647423,3.129184723,3.172291756
17:11:40,2.52920413,3.128238916,3.172586679
17:11:40,2.529109716,3.129712105,3.170353889
17:11:40,2.52913785,3.130216599,3.170639038
17:11:40,2.528482437,3.128896236,3.170792341
17:11:40,2.52842617,3.129492998,3.168735504
17:11:41,2.529541016,3.129720211,3.170096874
17:11:41,2.52880311,3.128961802,3.170960188
17:11:41,2.529361486,3.128903627,3.170287132
17:11:41,2.529037952,3.128153086,3.171367407
17:11:41,2.528232336,3.129033804,3.1693995
17:11:41,2.529241085,3.129189253,3.168539762
17:11:41,2.528582335,3.129347563,3.169296503
17:11:41,2.528515339,3.129207134,3.170104742
17:11:41,2.52798605,3.129740477,3.168482304
17:11:41,2.528071404,3.128845692,3.169676542
17:11:41,2.528306484,3.12934351,3.169882298
17:11:41,2.5279603,3.12904954,3.170077801
17:11:41,2.526403427,3.128649235,3.171158314
17:11:41,2.528235674,3.129086971,3.16988492
17:11:41,2.526898623,3.129294634,3.16849041
17:11:41,2.527062416,3.130215645,3.169389486
17:11:41,2.526001453,3.130342484,3.169152498
17:11:41,2.52766037,3.127969265,3.169613838
17:11:41,2.525771141,3.128737211,3.170087099
17:11:41,2.525950909,3.129027605,3.170260906
17:11:41,2.526786089,3.12799716,3.170647144
17:11:41,2.52699399,3.129519939,3.169986725
17:11:41,2.526575565,3.12937808,3.171366215
17:11:41,2.526331902,3.128447294,3.170246363
17:11:41,2.52714467,3.129055262,3.167952299
17:11:41,2.526978254,3.129401207,3.170585155
17:11:41,2.52683568,3.128945827,3.169425964
17:11:41,2.526808977,3.12920475,3.169744492
17:11:41,2.527895689,3.130275965,3.168432236
17:11:41,2.527142763,3.128245354,3.168628693
17:11:41,2.527594805,3.129560709,3.168737888
17:11:41,2.526848555,3.129142046,3.168240547
17:11:41,2.527270555,3.12789464,3.169810772
17:11:41,2.529206038,3.12985754,3.170033216
17:11:41,2.528566122,3.129171848,3.170273542
17:11:41,2.528829098,3.12900281,3.171444178
17:11:41,2.528461218,3.12973547,3.168956757
17:11:41,2.528787136,3.128664255,3.168427467
17:11:41,2.528372288,3.129015446,3.169847965
17:11:41,2.527508974,3.128763676,3.170576096
17:11:41,2.528449059,3.12973237,3.169419765
17:11:41,2.528309345,3.128680229,3.170329571
17:11:41,2.529517889,3.130019188,3.172937632
17:11:41,2.529301405,3.129458666,3.171033621
17:11:41,2.527972698,3.128907204,3.170615435
17:11:41,2.52908802,3.128507376,3.171972752
17:11:41,2.530017138,3.129590273,3.171286345
17:11:41,2.530059338,3.128741741,3.171396732
17:11:41,2.528753281,3.128768206,3.171931267
17:11:41,2.527730703,3.128260374,3.171496391
17:11:41,2.527407408,3.129511356,3.172660589
17:11:41,2.527090549,3.128361702,3.172523737
17:11:41,2.527987719,3.128346682,3.172399282
17:11:41,2.528240919,3.128512144,3.171893597
17:11:41,2.529243708,3.128381968,3.172080755
17:11:41,2.528808594,3.129204273,3.171560287
17:11:41,2.527954578,3.12913847,3.172456026
17:11:41,2.527744293,3.129064322,3.171590567
17:11:41,2.528084993,3.128854752,3.169629335
17:11:41,2.529141903,3.128927708,3.170425653
17:11:41,2.527482271,3.128564119,3.170274258
17:11:41,2.527554274,3.129413366,3.172819614
17:11:41,2.529054642,3.129766941,3.172669172
17:11:41,2.52841258,3.128439426,3.170576096
17:11:41,2.528753757,3.129203081,3.170120239
17:11:41,2.528094292,3.129659891,3.169744492
17:11:41,2.528821468,3.128564119,3.168511391
17:11:41,2.528585911,3.130081892,3.168884754
17:11:41,2.528564453,3.129618406,3.169953585
17:11:41,2.527698517,3.129611492,3.169860125
17:11:41,2.527509928,3.129747868,3.170809269
17:11:41,2.528240204,3.129098415,3.170918465
17:11:41,2.528345346,3.129160643,3.169526577
17:11:41,2.527844191,3.128880024,3.169852018
17:11:41,2.527175426,3.128639221,3.16913271
17:11:41,2.528162003,3.128320217,3.169045925
17:11:41,2.526817799,3.128777981,3.168127298
17:11:41,2.526432037,3.129662752,3.169955254
17:11:41,2.526708841,3.129593134,3.169392586
17:11:41,2.527612209,3.128984213,3.168783188
17:11:41,2.527225018,3.128763676,3.170034409
17:11:41,2.526917696,3.128412008,3.169515133
17:11:41,2.526681423,3.128996372,3.171161413
17:11:41,2.526680708,3.128828049,3.170414209
17:11:41,2.527102709,3.129085779,3.169598579
17:11:41,2.527058125,3.129686594,3.168800592
17:11:41,2.527844191,3.129045963,3.169476509
17:11:41,2.52892971,3.12962532,3.168679953
17:11:41,2.52760005,3.12913847,3.168336391
17:11:41,2.527699709,3.12931776,3.170406103
17:11:41,2.528053522,3.129081964,3.16899395
17:11:41,2.527543306,3.129282236,3.169828176
17:11:41,2.528315783,3.127820969,3.169986725
17:11:41,2.528896332,3.129596949,3.16994524
17:11:41,2.52864027,3.129141569,3.168824911
17:11:41,2.529189825,3.128867388,3.170228243
17:11:41,2.529144287,3.129544973,3.17092514
17:11:41,2.528356314,3.128406525,3.172112226
17:11:41,2.529241085,3.128959417,3.170448065
17:11:41,2.528670311,3.12873435,3.170422554
17:11:41,2.527455568,3.128909826,3.170873642
17:11:41,2.528084993,3.129654169,3.170770884
17:11:41,2.528954744,3.128688574,3.171460867
17:11:41,2.528681755,3.128582239,3.171674728
17:11:41,2.528977156,3.129155397,3.171205521
17:11:41,2.528810501,3.128694773,3.171865702
17:11:41,2.529574871,3.127794027,3.172598362
17:11:41,2.528573036,3.13050437,3.172590256
17:11:41,2.529574871,3.129600525,3.172301054
17:11:41,2.527890682,3.128543854,3.172183037
17:11:41,2.528332949,3.129258394,3.171085835
17:11:41,2.527912617,3.128813744,3.172453165
17:11:41,2.527678251,3.128259182,3.172101021
17:11:41,2.528268099,3.128121376,3.171968699
17:11:41,2.526966572,3.128467083,3.172544479
17:11:41,2.528364182,3.129119635,3.172754049
17:11:42,2.528012037,3.129077673,3.17146039
17:11:42,2.528325796,3.128987789,3.171216965
17:11:42,2.528091192,3.130182743,3.170106888
17:11:42,2.529170513,3.128255129,3.170581579
17:11:42,2.528006554,3.12921524,3.169921875
17:11:42,2.528666019,3.129868269,3.171020746
17:11:42,2.527486324,3.128968239,3.171088696
17:11:42,2.527448893,3.129516363,3.171703815
17:11:42,2.529028177,3.129663944,3.171218157
17:11:42,2.528698683,3.130259991,3.169929981
17:11:42,2.529096127,3.128930807,3.168077469
17:11:42,2.528465509,3.130245447,3.168824196
17:11:42,2.528981924,3.129367828,3.168287039
17:11:42,2.528292656,3.128466606,3.168726206
17:11:42,2.529164076,3.130369425,3.170439243
17:11:42,2.528892994,3.130053759,3.17019105
17:11:42,2.527675152,3.129452705,3.170300007
17:11:42,2.527971506,3.13000989,3.170814991
17:11:42,2.5276618,3.130106211,3.169769049
17:11:42,2.528409481,3.1292274,3.168956041
17:11:42,2.527807236,3.129290581,3.169057131
17:11:42,2.527752399,3.129151106,3.169439554
17:11:42,2.528519392,3.129459858,3.168795347
17:11:42,2.527758598,3.129009008,3.169090748
17:11:42,2.527926445,3.129050255,3.170620918
17:11:42,2.526223183,3.130046844,3.169229746
17:11:42,2.526951075,3.13011241,3.169677734
17:11:42,2.526515245,3.128486633,3.168621063
17:11:42,2.526912451,3.128908396,3.168928146
17:11:42,2.526748419,3.12956214,3.169979095
17:11:42,2.526955128,3.129301786,3.168779612
17:11:42,2.527375698,3.129377604,3.171459198
17:11:42,2.526554108,3.130141258,3.169966459
17:11:42,2.526925802,3.128679037,3.169080496
17:11:42,2.52717495,3.128009081,3.168166161
17:11:42,2.528153419,3.129568815,3.169721842
17:11:42,2.528970957,3.129775763,3.170720339
17:11:42,2.528333426,3.129235744,3.17001152
17:11:42,2.528752565,3.129339695,3.171079397
17:11:42,2.527946949,3.129715204,3.170261383
17:11:42,2.527693987,3.129560709,3.1684165
17:11:42,2.528400183,3.128465891,3.170889616
17:11:42,2.529672623,3.130033016,3.170372009
17:11:42,2.52889204,3.129518509,3.170685053
17:11:42,2.528191328,3.127785206,3.17032218
17:11:42,2.528672934,3.130070925,3.171164751
17:11:42,2.528778315,3.129997969,3.171519279
17:11:42,2.528652191,3.128393173,3.172036648
17:11:42,2.528773546,3.129590273,3.172727823
17:11:42,2.529276371,3.128388643,3.170090675
17:11:42,2.528532267,3.128652096,3.1711483
17:11:42,2.528598309,3.128074408,3.170552015
17:11:42,2.529633999,3.129272223,3.171670198
17:11:42,2.528234959,3.129014254,3.172161579
17:11:42,2.527129889,3.12872839,3.173897266
17:11:42,2.527381897,3.129540682,3.173429251
17:11:42,2.527790308,3.129613161,3.173613071
17:11:42,2.527849197,3.130099297,3.172872305
17:11:42,2.528222084,3.128101826,3.171324492
17:11:42,2.528184414,3.129300594,3.171737671
17:11:42,2.528219461,3.130288601,3.170844078
17:11:42,2.527986765,3.127850294,3.171188354
17:11:42,2.528258085,3.129476786,3.170590162
17:11:42,2.52995491,3.130068302,3.171257734
17:11:42,2.529078245,3.12914896,3.169897079
17:11:42,2.529261351,3.130357265,3.169269323
17:11:42,2.527726412,3.129726648,3.169490576
17:11:42,2.528619766,3.129155874,3.170157909
17:11:42,2.527817965,3.129887581,3.169313908
17:11:42,2.528434515,3.128282785,3.16803956
17:11:42,2.528820276,3.128203154,3.168578625
17:11:42,2.529951811,3.129589558,3.168890476
17:11:42,2.529543877,3.12839222,3.169962883
17:11:42,2.529022694,3.130467892,3.170165062
17:11:42,2.529195547,3.130376339,3.168713808
17:11:42,2.528780222,3.128499985,3.168992281
17:11:42,2.52874279,3.129523993,3.169438124
17:11:42,2.526724577,3.130805492,3.169253111
17:11:42,2.527233124,3.127966642,3.168895721
17:11:42,2.526844501,3.1295228,3.168633223
17:11:42,2.527826548,3.130688429,3.168420076
17:11:42,2.527633429,3.128962278,3.168579578
17:11:42,2.527561903,3.129894733,3.167871237
17:11:42,2.527557135,3.129043102,3.167301178
17:11:42,2.526681423,3.128588438,3.169148207
17:11:42,2.527663469,3.128919601,3.168708801
17:11:42,2.527328968,3.129001617,3.169698715
17:11:42,2.524862289,3.128151894,3.170304298
17:11:42,2.526497602,3.129408836,3.170233011
17:11:42,2.524805784,3.12907362,3.170083284
17:11:42,2.526317835,3.130294561,3.168362617
17:11:42,2.526596785,3.129494667,3.170098782
17:11:42,2.52768755,3.129260778,3.169281483
17:11:42,2.528149605,3.130381107,3.169260025
17:11:42,2.527597427,3.129121065,3.17052412
17:11:42,2.527120113,3.128029108,3.170967817
17:11:42,2.526255608,3.129006147,3.171128035
17:11:42,2.526868105,3.12968874,3.171680689
17:11:42,2.528581619,3.128891468,3.170663595
17:11:42,2.529062271,3.129815578,3.170463562
17:11:42,2.529622555,3.129794598,3.170508385
17:11:42,2.528823853,3.12903142,3.170129538
17:11:42,2.529485464,3.128781557,3.169375658
17:11:42,2.529552698,3.12964201,3.169620752
17:11:42,2.530646563,3.129297018,3.169864655
17:11:42,2.529396772,3.128736734,3.171478271
17:11:42,2.528635263,3.129654646,3.170869827
17:11:42,2.529618025,3.129703045,3.171076536
17:11:42,2.529113054,3.128434658,3.17252326
17:11:42,2.529294968,3.128519297,3.171301126
17:11:42,2.5281744,3.129923582,3.171409369
17:11:42,2.52909565,3.129575729,3.171678782
17:11:42,2.528545141,3.128926754,3.171932697
17:11:42,2.528972864,3.130126476,3.171808958
17:11:42,2.528599262,3.130570889,3.171726704
17:11:43,2.527649403,3.128792524,3.17098403
17:11:43,2.527588844,3.128723383,3.1722157
17:11:43,2.527823448,3.130357742,3.173060179
17:11:43,2.528244972,3.129153728,3.172158718
17:11:43,2.528167009,3.128808498,3.172539711
17:11:43,2.528179646,3.129133463,3.171536922
17:11:43,2.528484583,3.129915714,3.172240496
17:11:43,2.527718782,3.128658056,3.169719934
17:11:43,2.529006004,3.129285336,3.170499563
17:11:43,2.528259277,3.130527735,3.169900417
17:11:43,2.528778315,3.130181789,3.170587301
17:11:43,2.528063774,3.128540754,3.17004323
17:11:43,2.52742219,3.129694462,3.170387983
17:11:43,2.527674675,3.130075693,3.16955471
17:11:43,2.528087854,3.128824711,3.169348478
17:11:43,2.52843976,3.128750324,3.169623137
17:11:43,2.527748108,3.129310846,3.16937089
17:11:43,2.528591633,3.128693581,3.168680191
17:11:43,2.528001547,3.128825903,3.16812396
17:11:43,2.528353214,3.129910707,3.168225288
17:11:43,2.526936293,3.130181313,3.169187546
17:11:43,2.527752399,3.129199266,3.168303251
17:11:43,2.527894974,3.129572868,3.168881178
17:11:43,2.527500629,3.129182339,3.168752909
17:11:43,2.527287722,3.129310369,3.168374538
17:11:43,2.527239561,3.129622936,3.168199539
17:11:43,2.527345896,3.128907204,3.168375254
17:11:43,2.527064562,3.130231142,3.167108536
17:11:43,2.527172565,3.129900694,3.167470694
17:11:43,2.526741982,3.12938118,3.169068098
17:11:43,2.526040316,3.130402088,3.16918087
17:11:43,2.526524067,3.128635406,3.169594049
17:11:43,2.527296543,3.128514767,3.168572664
17:11:43,2.526261806,3.130496025,3.171541214
17:11:43,2.525661945,3.129007339,3.169981003
17:11:43,2.527812004,3.129079342,3.169466019
17:11:43,2.525957823,3.129541159,3.16944623
17:11:43,2.526525259,3.129006863,3.170050383
17:11:43,2.527671099,3.129391432,3.170969486
17:11:43,2.527317286,3.129595518,3.170758247
17:11:43,2.527745485,3.129106283,3.170798779
17:11:43,2.528099298,3.129407167,3.172371626
17:11:43,2.52900672,3.130430937,3.171756744
17:11:43,2.527006865,3.128881693,3.171582937
17:11:43,2.528438568,3.129719734,3.172101021
17:11:43,2.528510809,3.129093647,3.171007872
17:11:43,2.529676676,3.129334211,3.170828342
17:11:43,2.528685808,3.130289316,3.171546221
17:11:43,2.528585196,3.128004074,3.169254303
17:11:43,2.529833317,3.129559994,3.170351505
17:11:43,2.530008316,3.129253149,3.171239614
17:11:43,2.528709173,3.129358053,3.170415163
17:11:43,2.53024745,3.129164934,3.172770977
17:11:43,2.528769016,3.129319429,3.172267675
17:11:43,2.52850318,3.129243851,3.172884703
17:11:43,2.528234482,3.129214048,3.170975447
17:11:43,2.528723717,3.130626202,3.171789646
17:11:43,2.528589487,3.129006863,3.17177701
17:11:43,2.528176308,3.128940821,3.171712399
17:11:43,2.529113054,3.128519297,3.170789003
17:11:43,2.528716087,3.129501343,3.171385288
17:11:43,2.527528048,3.12896347,3.171719551
17:11:43,2.528644562,3.129304409,3.171196699
17:11:43,2.527908087,3.130447865,3.171268225
17:11:43,2.527173042,3.128214359,3.171210051
17:11:43,2.527450562,3.128787041,3.171129227
17:11:43,2.527844667,3.128170013,3.171318769
17:11:43,2.528185606,3.130043507,3.171485901
17:11:43,2.528900146,3.129341364,3.170169592
17:11:43,2.528335571,3.129426003,3.169505835
17:11:43,2.528393984,3.13101387,3.170879126
17:11:43,2.529044867,3.129864216,3.169826984
17:11:43,2.527544975,3.128635406,3.169188738
17:11:43,2.528084278,3.128208399,3.169641733
17:11:43,2.52755785,3.1287992,3.169047356
17:11:43,2.527860165,3.128090382,3.169475317
17:11:43,2.527407408,3.12913847,3.16962719
17:11:43,2.528800964,3.12936902,3.167922735
17:11:43,2.528255939,3.128731251,3.168945074
17:11:43,2.527055264,3.130444288,3.169783354
17:11:43,2.528128624,3.129150152,3.167985678
17:11:43,2.526656628,3.12850666,3.167711973
17:11:43,2.526328564,3.12970686,3.168480635
17:11:43,2.526494741,3.127885342,3.168048859
17:11:43,2.526615858,3.128392696,3.168902159
17:11:43,2.526795387,3.129598618,3.16872859
17:11:43,2.527530909,3.129442692,3.169409275
17:11:43,2.526927471,3.129328728,3.168630838
17:11:43,2.526979923,3.129679441,3.167811155
17:11:43,2.5268085,3.128939152,3.167615652
17:11:43,2.527257442,3.128991604,3.169794321
17:11:43,2.52776885,3.129909515,3.170446157
17:11:43,2.527184725,3.128140926,3.170621634
17:11:43,2.526377678,3.129730701,3.171783447
17:11:43,2.527307034,3.128337383,3.170254469
17:11:43,2.527227402,3.129063129,3.170935392
17:11:43,2.526269674,3.130238056,3.17056632
17:11:43,2.527400017,3.128008842,3.17118454
17:11:43,2.526936769,3.129564285,3.170339346
17:11:43,2.527024746,3.129090309,3.169308424
17:11:43,2.527891159,3.127996445,3.171537638
17:11:43,2.528397322,3.128796101,3.172042608
17:11:43,2.528596163,3.129861355,3.17178154
17:11:43,2.527626514,3.129455328,3.172189474
17:11:43,2.528609753,3.128291368,3.172068119
17:11:43,2.528223276,3.130409718,3.169565678
17:11:43,2.530642271,3.128704071,3.169562101
17:11:43,2.529881954,3.129021645,3.171208858
17:11:43,2.529799938,3.129048824,3.170467615
17:11:43,2.530339479,3.129487991,3.172174931
17:11:43,2.530228138,3.129640818,3.170199633
17:11:43,2.529421091,3.128375292,3.172094345
17:11:43,2.529024124,3.129600525,3.171971798
17:11:43,2.529189825,3.129318237,3.172055244
17:11:43,2.527796745,3.128777504,3.171247959
17:11:43,2.528990269,3.127699852,3.171724558
17:11:43,2.528763771,3.129832745,3.172051668
17:11:43,2.528983831,3.129115105,3.170843601
17:11:43,2.527749777,3.128673315,3.169459343
17:11:44,2.528076887,3.12923789,3.171054363
17:11:44,2.526347637,3.129643202,3.171636343
17:11:44,2.526849508,3.127654552,3.172139645
17:11:44,2.527976751,3.127767801,3.171421528
17:11:44,2.52624464,3.130812883,3.172161579
17:11:44,2.526974201,3.128512621,3.171903372
17:11:44,2.528172731,3.129164934,3.170489788
17:11:44,2.528473616,3.130089045,3.170062304
17:11:44,2.528050423,3.129105091,3.168657064
17:11:44,2.529015779,3.128840685,3.168463707
17:11:44,2.528576612,3.128752232,3.167416811
17:11:44,2.528123856,3.128971577,3.169222116
17:11:44,2.527825117,3.127652168,3.169120073
17:11:44,2.528674841,3.128167629,3.170256853
17:11:44,2.527405262,3.130175114,3.16926527
17:11:44,2.528540373,3.12937355,3.168062687
17:11:44,2.527689219,3.128412485,3.169098377
17:11:44,2.528526306,3.129678726,3.168636799
17:11:44,2.528292179,3.128842592,3.167766571
17:11:44,2.528563738,3.128477812,3.166418076
17:11:44,2.527832508,3.129754305,3.167546988
17:11:44,2.527172565,3.129438639,3.168192863
17:11:44,2.527279139,3.128090858,3.170016766
17:11:44,2.526988745,3.129289627,3.169589996
17:11:44,2.526484966,3.128774881,3.16743207
17:11:44,2.525687218,3.13006711,3.16872859
17:11:44,2.526513815,3.128989935,3.16827774
17:11:44,2.526043892,3.129201889,3.168781042
17:11:44,2.527313232,3.129336834,3.167533159
17:11:44,2.526413441,3.128546953,3.166658878
17:11:44,2.527248144,3.12886405,3.167775869
17:11:44,2.527197123,3.129130602,3.168719769
17:11:44,2.52705574,3.129883289,3.170548201
17:11:44,2.527634621,3.128389835,3.169595242
17:11:44,2.527563572,3.128938675,3.17194438
17:11:44,2.527286053,3.130833626,3.17136097
17:11:44,2.527209997,3.128070593,3.169518948
17:11:44,2.526742935,3.128930092,3.171181679
17:11:44,2.527107477,3.128897905,3.170767546
17:11:44,2.527452469,3.129164934,3.172608137
17:11:44,2.527677059,3.128126621,3.170414686
17:11:44,2.529002905,3.128620386,3.171400785
17:11:44,2.528084278,3.129338503,3.171971083
17:11:44,2.528146029,3.128952503,3.169996023
17:11:44,2.528829098,3.128741264,3.17049551
17:11:44,2.529560328,3.130593538,3.172629356
17:11:44,2.528997421,3.129030228,3.171546936
17:11:44,2.530047894,3.128281116,3.169709921
17:11:44,2.528529406,3.130436182,3.170844078
17:11:44,2.528723717,3.12928319,3.170297623
17:11:44,2.529828548,3.128024101,3.170589209
17:11:44,2.529227018,3.129472733,3.170116186
17:11:44,2.530631304,3.12984705,3.172659397
17:11:44,2.529728413,3.129188776,3.172156811
17:11:44,2.529343605,3.127979755,3.172110796
17:11:44,2.529375792,3.129792929,3.171275854
17:11:44,2.52865839,3.129850388,3.171624899
17:11:44,2.527150869,3.128281116,3.17164731
17:11:44,2.528036594,3.13006568,3.172321796
17:11:44,2.528145552,3.128829718,3.172280788
17:11:44,2.528414249,3.128009081,3.171016455
17:11:44,2.528240919,3.12967658,3.170693159
17:11:44,2.528927326,3.12962079,3.170704603
17:11:44,2.528229713,3.129974842,3.17219758
17:11:44,2.529322386,3.128737211,3.170449734
17:11:44,2.528752327,3.129297733,3.171086311
17:11:44,2.528095961,3.1312325,3.171566248
17:11:44,2.528870344,3.128736258,3.169963598
17:11:44,2.527830601,3.128409624,3.170706511
17:11:44,2.528376341,3.12937355,3.169245005
17:11:44,2.527204514,3.130367041,3.169394255
17:11:44,2.5270679,3.128101826,3.168122768
17:11:44,2.527266741,3.12966156,3.169851303
17:11:44,2.526557684,3.128781557,3.170385122
17:11:44,2.527086496,3.128043175,3.1687181
17:11:44,2.527365685,3.129224539,3.169844389
17:11:44,2.528569221,3.128835678,3.168143511
17:11:44,2.526496649,3.128512144,3.169110775
17:11:44,2.527547359,3.130131006,3.168055773
17:11:44,2.528098822,3.1289289,3.167507887
17:11:44,2.527991772,3.130385876,3.169077158
17:11:44,2.52778244,3.128986597,3.169643879
17:11:44,2.527017117,3.128849506,3.169256449
17:11:44,2.527468681,3.128964186,3.168699026
17:11:44,2.526111841,3.130391359,3.169828176
17:11:44,2.52731514,3.128538609,3.168690681
17:11:44,2.526353359,3.128764391,3.169515133
17:11:44,2.52693367,3.129499197,3.169031143
17:11:44,2.526964188,3.128205061,3.169596434
17:11:44,2.525709391,3.129615784,3.168604851
17:11:44,2.527312994,3.129415512,3.168519974
17:11:44,2.527130604,3.129005671,3.170735359
17:11:44,2.52784276,3.128752708,3.170823812
17:11:44,2.527978897,3.129439354,3.171668768
17:11:44,2.527014971,3.129704237,3.172391415
17:11:44,2.527369738,3.12876749,3.170988798
17:11:44,2.526493073,3.129516363,3.172486782
17:11:44,2.528199673,3.128649235,3.171312809
17:11:44,2.527187586,3.12915659,3.171411991
17:11:44,2.529246807,3.129739285,3.172229528
17:11:44,2.529985189,3.128192902,3.172064543
17:11:44,2.528740644,3.130537987,3.170327663
17:11:44,2.528194189,3.129065514,3.171517134
17:11:44,2.528446436,3.129280567,3.171146631
17:11:44,2.529170513,3.13022089,3.170990467
17:11:44,2.529861689,3.129922867,3.170853376
17:11:44,2.530419588,3.127690077,3.170981169
17:11:44,2.528882027,3.129216433,3.17146492
17:11:44,2.529939175,3.128351212,3.17161727
17:11:44,2.530060768,3.128645897,3.169691563
17:11:44,2.529137373,3.129797935,3.169023514
17:11:44,2.529415607,3.128257036,3.16863203
17:11:44,2.528019428,3.128329515,3.169363737
17:11:44,2.529703856,3.129909039,3.171507359
17:11:44,2.528819799,3.127600193,3.17245245
17:11:44,2.526927471,3.128729582,3.171117544
17:11:44,2.52843523,3.129841089,3.173275232
17:11:44,2.529105902,3.128581285,3.171441793
17:11:44,2.527667284,3.130271435,3.171545029
17:11:45,2.528110504,3.129896402,3.171392441
17:11:45,2.526711702,3.127562284,3.171627045
17:11:45,2.527415276,3.130425692,3.169629335
17:11:45,2.528040171,3.129455328,3.169588566
17:11:45,2.527984142,3.128668547,3.172138214
17:11:45,2.526006937,3.130081892,3.172793627
17:11:45,2.526726723,3.128460169,3.171052694
17:11:45,2.527339697,3.128688574,3.171411514
17:11:45,2.5275774,3.129591465,3.170199156
17:11:45,2.527740002,3.129298687,3.169774532
17:11:45,2.528113842,3.130299091,3.168881893
17:11:45,2.526754856,3.130177498,3.1677351
17:11:45,2.526811838,3.128192902,3.167204857
17:11:45,2.527296066,3.128927231,3.16868186
17:11:45,2.527817965,3.129557848,3.166345835
17:11:45,2.527927637,3.129236937,3.168829679
17:11:45,2.529317141,3.128879309,3.168695211
17:11:45,2.528080702,3.129829645,3.167490005
17:11:45,2.52810955,3.128744125,3.168448925
17:11:45,2.528421164,3.128929615,3.168457031
17:11:45,2.528282881,3.130105019,3.16759038
17:11:45,2.526803493,3.129339695,3.168801785
17:11:45,2.52864027,3.129155874,3.166025162
17:11:45,2.52867651,3.129530668,3.168640137
17:11:45,2.527494431,3.129161119,3.167669535
17:11:45,2.528782368,3.128760338,3.167711496
17:11:45,2.528743267,3.129570484,3.167826891
17:11:45,2.526252031,3.128671408,3.170245171
17:11:45,2.527930498,3.129141092,3.170084238
17:11:45,2.527756214,3.128669739,3.169873953
17:11:45,2.526326418,3.127509356,3.171214581
17:11:45,2.528482914,3.130383253,3.170559645
17:11:45,2.528050423,3.128206253,3.170708179
17:11:45,2.527179241,3.128983498,3.170750618
17:11:45,2.52766037,3.13043046,3.171380997
17:11:45,2.527131796,3.128377676,3.171504974
17:11:45,2.526758432,3.128503323,3.172451973
17:11:45,2.526931286,3.130078554,3.173581362
17:11:45,2.528181076,3.12850976,3.17244792
17:11:45,2.527998209,3.128475666,3.171722412
17:11:45,2.527989388,3.12953496,3.172891617
17:11:45,2.528493404,3.129210234,3.172631502
17:11:45,2.527923822,3.127722979,3.171714783
17:11:45,2.528430462,3.130284548,3.169804096
17:11:45,2.529528856,3.129611492,3.172258377
17:11:45,2.529113054,3.130369902,3.17056942
17:11:45,2.529765606,3.13008666,3.171750069
17:11:45,2.53004384,3.129631758,3.172210932
17:11:45,2.529572725,3.130030155,3.170597792
17:11:45,2.528868437,3.129654646,3.170882463
17:11:45,2.528375626,3.129682302,3.169472694
17:11:45,2.528721333,3.130043507,3.16936636
17:11:45,2.528873444,3.129334211,3.170647144
17:11:45,2.529149771,3.128889799,3.171004295
17:11:45,2.52939868,3.1304214,3.171558619
17:11:45,2.528482437,3.129474878,3.172413588
17:11:45,2.528959274,3.129056931,3.171937227
17:11:45,2.528069019,3.130380392,3.172114134
17:11:45,2.528743982,3.130358458,3.17158246
17:11:45,2.528155327,3.129914999,3.17113471
17:11:45,2.528276682,3.129225731,3.171461582
17:11:45,2.528941154,3.130205631,3.171316385
17:11:45,2.527836561,3.130156994,3.170710564
17:11:45,2.528381586,3.129079819,3.169906378
17:11:45,2.528487444,3.129291773,3.170774937
17:11:45,2.527404308,3.129095793,3.171813488
17:11:45,2.529124022,3.129312992,3.172137022
17:11:45,2.527484417,3.128907204,3.170226574
17:11:45,2.528013468,3.12980032,3.17062211
17:11:45,2.526171207,3.129903555,3.171373844
17:11:45,2.528339624,3.128885746,3.169016361
17:11:45,2.526643753,3.12959981,3.168154001
17:11:45,2.527502537,3.129431725,3.169359922
17:11:45,2.527060747,3.12906146,3.170113325
17:11:45,2.526880503,3.129606724,3.167750835
17:11:45,2.526050806,3.129239559,3.168493271
17:11:45,2.526347637,3.129513025,3.168909073
17:11:45,2.52717495,3.129022837,3.168665171
17:11:45,2.526596069,3.129420996,3.168242216
17:11:45,2.527340889,3.129568815,3.16861248
17:11:45,2.527654171,3.129787207,3.170102358
17:11:45,2.527783394,3.129593134,3.169727087
17:11:45,2.527485132,3.129317045,3.169521332
17:11:45,2.528648615,3.13018322,3.168673754
17:11:45,2.528548956,3.129220486,3.169010878
17:11:45,2.528634787,3.130062342,3.168591976
17:11:45,2.528237343,3.129915714,3.169075489
17:11:45,2.528172255,3.129644871,3.168930531
17:11:45,2.528493881,3.129563808,3.168441534
17:11:45,2.528666735,3.129302502,3.168483973
17:11:45,2.529202938,3.129415989,3.168927193
17:11:45,2.528987169,3.130539179,3.171197653
17:11:45,2.528834581,3.130091667,3.171463966
17:11:45,2.527453423,3.129426479,3.169612646
17:11:45,2.527642727,3.129010677,3.171398401
17:11:45,2.527587652,3.129914999,3.171836138
17:11:45,2.527486324,3.128574133,3.170912027
17:11:45,2.526958466,3.129045248,3.17132163
17:11:45,2.528330326,3.129990816,3.172429323
17:11:45,2.528394461,3.129863024,3.172733307
17:11:45,2.527791262,3.129189968,3.17171669
17:11:45,2.528251171,3.128544569,3.17215991
17:11:45,2.528342247,3.130153418,3.170978308
17:11:45,2.527782917,3.128524542,3.17051363
17:11:45,2.528994799,3.129282475,3.171649694
17:11:45,2.528645754,3.129951,3.171196222
17:11:45,2.527280807,3.129868269,3.170979977
17:11:45,2.527872086,3.129269361,3.17275238
17:11:45,2.527647257,3.129164934,3.170660973
17:11:45,2.528200865,3.130395889,3.171699762
17:11:45,2.529932737,3.129100561,3.171053171
17:11:45,2.529544592,3.129229784,3.170041561
17:11:45,2.52839613,3.130539179,3.171016455
17:11:45,2.5291152,3.130069494,3.171020269
17:11:45,2.528403282,3.129226208,3.169772863
17:11:45,2.527760744,3.12824893,3.171568394
17:11:46,2.527780533,3.129872322,3.171692848
17:11:46,2.528748274,3.129152775,3.173224688
17:11:46,2.528020144,3.129210711,3.173348188
17:11:46,2.52756834,3.130354881,3.172001839
17:11:46,2.527749777,3.129837751,3.171687365
17:11:46,2.528144598,3.128736734,3.169589996
17:11:46,2.528337955,3.128569603,3.17017889
17:11:46,2.527221918,3.130716324,3.169831038
17:11:46,2.526749134,3.128603458,3.171755075
17:11:46,2.527198792,3.129043579,3.170301437
17:11:46,2.52651906,3.130040407,3.170836449
17:11:46,2.526701927,3.128105402,3.170366526
17:11:46,2.527423382,3.128661156,3.168650627
17:11:46,2.52745986,3.128630638,3.167916536
17:11:46,2.526220798,3.130161047,3.168152332
17:11:46,2.527401447,3.129294157,3.168302298
17:11:46,2.527246952,3.129572153,3.168596745
17:11:46,2.526853323,3.129950523,3.169338465
17:11:46,2.526377201,3.129408836,3.16879034
17:11:46,2.527225494,3.128300667,3.167365074
17:11:46,2.526992083,3.12908864,3.168218613
17:11:46,2.528068542,3.130360603,3.168772697
17:11:46,2.527151346,3.128094912,3.169180393
17:11:46,2.52799654,3.128494263,3.167252064
17:11:46,2.529014826,3.12962985,3.166985989
17:11:46,2.528532267,3.129192114,3.167321444
17:11:46,2.529473543,3.128992796,3.167280436
17:11:46,2.528653383,3.129226685,3.168130636
17:11:46,2.528565407,3.130321264,3.166365147
17:11:46,2.52922225,3.128871918,3.166197062
17:11:46,2.528370619,3.128938198,3.169472694
17:11:46,2.527894974,3.129415035,3.170659781
17:11:46,2.528418064,3.129744768,3.170074463
17:11:46,2.528646231,3.129021645,3.168896437
17:11:46,2.529213428,3.129299879,3.171062469
17:11:46,2.527776957,3.129568815,3.170218945
17:11:46,2.528271675,3.129692793,3.170481682
17:11:46,2.528219461,3.128658772,3.171383619
17:11:46,2.527574539,3.129899979,3.170970678
17:11:46,2.527527094,3.129348755,3.172376633
17:11:46,2.527953386,3.128546953,3.171121597
17:11:46,2.528585911,3.129303694,3.170861244
17:11:46,2.527189016,3.129510164,3.171485424
17:11:46,2.529124022,3.128473997,3.172289133
17:11:46,2.528407097,3.128440142,3.172228813
17:11:46,2.527796745,3.130941391,3.171216965
17:11:46,2.528145552,3.129109144,3.1705966
17:11:46,2.52906394,3.128600121,3.170117855
17:11:46,2.528042316,3.129651308,3.17093873
17:11:46,2.528172255,3.128327847,3.170717001
17:11:46,2.527522802,3.129232883,3.17181468
17:11:46,2.528988361,3.128774166,3.172311306
17:11:46,2.527508974,3.128984928,3.172240973
17:11:46,2.527877092,3.130295038,3.172378778
17:11:46,2.528008461,3.128674507,3.172387123
17:11:46,2.527303457,3.129083395,3.170876026
17:11:46,2.527360439,3.129417896,3.172472239
17:11:46,2.52802062,3.12866807,3.172326565
17:11:46,2.528218746,3.129682302,3.17229104
17:11:46,2.528343201,3.129576206,3.172122717
17:11:46,2.528578758,3.128374338,3.171755075
17:11:46,2.528360128,3.128294706,3.17175889
17:11:46,2.528514147,3.129163742,3.172397375
17:11:46,2.528431177,3.12843895,3.172706366
17:11:46,2.528069735,3.128993988,3.171075106
17:11:46,2.527967691,3.129178286,3.170256138
17:11:46,2.528608084,3.129285336,3.170636892
17:11:46,2.527244091,3.128194571,3.170269728
17:11:46,2.528453827,3.129663944,3.169707298
17:11:46,2.527944088,3.127921581,3.169435263
17:11:46,2.527659178,3.129178286,3.169750214
17:11:46,2.528503895,3.128981352,3.168000221
17:11:46,2.52824378,3.128167629,3.169135094
17:11:46,2.526665926,3.127935648,3.169657469
17:11:46,2.528479338,3.128101349,3.168959856
17:11:46,2.528393984,3.128414631,3.168105841
17:11:46,2.527754307,3.129921198,3.168813705
17:11:46,2.527619839,3.128458977,3.167392015
17:11:46,2.527672291,3.128788471,3.167187929
17:11:46,2.52759552,3.129578114,3.166667461
17:11:46,2.527153492,3.128923655,3.168430567
17:11:46,2.527244091,3.128105402,3.166831255
17:11:46,2.528249502,3.129731417,3.167961121
17:11:46,2.528715611,3.129355192,3.168425322
17:11:46,2.528691292,3.128605366,3.167367458
17:11:46,2.529066801,3.130111217,3.169197321
17:11:46,2.528177261,3.128657103,3.167907715
17:11:46,2.52851367,3.129223108,3.16663146
17:11:46,2.52884078,3.129023314,3.167713642
17:11:46,2.528496742,3.128442526,3.166924953
17:11:46,2.528723001,3.129865408,3.168504953
17:11:46,2.527941942,3.129053831,3.170529842
17:11:46,2.528599739,3.128892183,3.17057991
17:11:46,2.528534651,3.129295349,3.171668768
17:11:46,2.528787613,3.128674984,3.172743082
17:11:46,2.528809786,3.130218506,3.170970678
17:11:46,2.528306007,3.128264904,3.171096087
17:11:46,2.527826548,3.129329205,3.170737267
17:11:46,2.527169704,3.129247904,3.171227694
17:11:46,2.526069403,3.12826705,3.170529842
17:11:46,2.5273664,3.12877059,3.172297478
17:11:46,2.526985407,3.128620386,3.171993017
17:11:46,2.527287722,3.129058123,3.172605753
17:11:46,2.526824713,3.129644156,3.173031092
17:11:46,2.525954962,3.128677845,3.172776222
17:11:46,2.527747393,3.128489494,3.172188759
17:11:46,2.528663635,3.129036188,3.172566414
17:11:46,2.528401852,3.129177094,3.172365665
17:11:46,2.528272867,3.127474546,3.171238422
17:11:46,2.528029919,3.129101753,3.170672178
17:11:46,2.527868271,3.129121065,3.171250582
17:11:46,2.52683568,3.129627466,3.17356205
17:11:46,2.527470827,3.129489183,3.172612429
17:11:46,2.528661966,3.129245758,3.172244787
17:11:46,2.529262781,3.129506111,3.17232132
17:11:46,2.530221462,3.129164457,3.172015667
17:11:46,2.528524637,3.129085779,3.170387983
17:11:46,2.530435562,3.129976511,3.169973373
17:11:46,2.52862668,3.129720926,3.17129612
17:11:47,2.529626131,3.128552437,3.171950102
17:11:47,2.528249025,3.129452705,3.170282364
17:11:47,2.527754784,3.130337715,3.172026873
17:11:47,2.527659178,3.128351212,3.170897722
17:11:47,2.528186083,3.130151749,3.17177701
17:11:47,2.529495955,3.130217791,3.171625614
17:11:47,2.528007984,3.128745317,3.16983366
17:11:47,2.527835369,3.129314899,3.168753624
17:11:47,2.528173208,3.130393744,3.168092966
17:11:47,2.527400017,3.128888369,3.168643713
17:11:47,2.527452946,3.128427982,3.168590069
17:11:47,2.526815891,3.130089045,3.169621229
17:11:47,2.526228189,3.129746914,3.17028451
17:11:47,2.526428938,3.129981041,3.170254469
17:11:47,2.527799129,3.129626036,3.170560122
17:11:47,2.527898788,3.131043196,3.170341969
17:11:47,2.528856993,3.13010788,3.169486523
17:11:47,2.52855134,3.129524708,3.167257786
17:11:47,2.529025793,3.130203962,3.167603254
17:11:47,2.527217388,3.130287647,3.167062521
17:11:47,2.527706146,3.129142523,3.166111231
17:11:47,2.527837038,3.12967062,3.16912055
17:11:47,2.526786089,3.130043507,3.16851759
17:11:47,2.528239727,3.128590822,3.170309782
17:11:47,2.528238535,3.128401995,3.169529438
17:11:47,2.528809071,3.129821539,3.169152021
17:11:47,2.528165102,3.129854918,3.168684244
17:11:47,2.527547836,3.128385782,3.167997599
17:11:47,2.528584719,3.12962532,3.166734219
17:11:47,2.52835083,3.130247831,3.167914629
17:11:47,2.528809071,3.129334211,3.167411566
17:11:47,2.528500795,3.129116774,3.169183731
17:11:47,2.528469324,3.130268097,3.169701338
17:11:47,2.527505875,3.128871918,3.170913696
17:11:47,2.526991606,3.128271341,3.171504974
17:11:47,2.527614832,3.129879713,3.171927452
17:11:47,2.527323723,3.129500389,3.171641111
17:11:47,2.526227713,3.128872633,3.172102451
17:11:47,2.527746916,3.129108191,3.170884609
17:11:47,2.528308868,3.129480839,3.171717644
17:11:47,2.527147532,3.129406214,3.171622515
17:11:47,2.528015614,3.127895117,3.171604156
17:11:47,2.527919054,3.129828215,3.173310995
17:11:47,2.527757883,3.129524946,3.172784805
17:11:47,2.527619362,3.129100323,3.172245979
17:11:47,2.527818441,3.129001617,3.172812223
17:11:47,2.527937651,3.129261971,3.172275543
17:11:47,2.528026104,3.128837824,3.171651125
17:11:47,2.528517246,3.12880969,3.171356916
17:11:47,2.528874636,3.129812241,3.171131611
17:11:47,2.527481079,3.128909826,3.172005653
17:11:47,2.527930021,3.129079819,3.171099186
17:11:47,2.528013468,3.129477262,3.173028946
17:11:47,2.527411699,3.12940383,3.173062801
17:11:47,2.526906013,3.12907815,3.171989202
17:11:47,2.527602911,3.128353119,3.172161579
17:11:47,2.528656721,3.130506992,3.171154976
17:11:47,2.528061628,3.128959179,3.172031403
17:11:47,2.527709007,3.128432035,3.171223402
17:11:47,2.527701139,3.129613161,3.170105696
17:11:47,2.527280331,3.130766153,3.169876814
17:11:47,2.527770758,3.128673315,3.169668913
17:11:47,2.527344704,3.128351212,3.169837475
17:11:47,2.52754283,3.13056469,3.170933485
17:11:47,2.527478456,3.1287148,3.170279503
17:11:47,2.527135372,3.128301382,3.171058416
17:11:47,2.528114557,3.130128622,3.168329477
17:11:47,2.529250145,3.129487514,3.169346094
17:11:47,2.528599739,3.128682613,3.16949296
17:11:47,2.528279781,3.128549576,3.167001486
17:11:47,2.528951168,3.129769087,3.16806221
17:11:47,2.528385639,3.129192114,3.167209387
17:11:47,2.527704954,3.129039049,3.166949272
17:11:47,2.529480457,3.130265236,3.169528246
17:11:47,2.527678967,3.129601479,3.169904709
17:11:47,2.526801586,3.128430128,3.169745684
17:11:47,2.527539015,3.128037453,3.169172764
17:11:47,2.527487278,3.130107164,3.168065071
17:11:47,2.526638746,3.128726244,3.165693521
17:11:47,2.527413607,3.128724098,3.166718006
17:11:47,2.525969982,3.130029678,3.167320967
17:11:47,2.528053999,3.1291852,3.166951656
17:11:47,2.526906729,3.128760338,3.167147398
17:11:47,2.529133797,3.128797531,3.167104244
17:11:47,2.527849197,3.129761696,3.168271303
17:11:47,2.52730751,3.128495216,3.168618202
17:11:47,2.528885841,3.128617287,3.168534517
17:11:47,2.528625488,3.12997365,3.168575764
17:11:47,2.528368711,3.129359722,3.16857481
17:11:47,2.529630661,3.128853559,3.168371916
17:11:47,2.528888226,3.128528595,3.168661118
17:11:47,2.528020144,3.129640818,3.171688795
17:11:47,2.528164148,3.127902746,3.170328856
17:11:47,2.527191162,3.129204273,3.171094418
17:11:47,2.528562546,3.129922867,3.17254734
17:11:47,2.527482748,3.128357649,3.170846939
17:11:47,2.5296731,3.129169226,3.171960831
17:11:47,2.529169321,3.129605293,3.172709942
17:11:47,2.527679443,3.12899518,3.171360016
17:11:47,2.527695179,3.128177404,3.170697212
17:11:47,2.527949095,3.129019976,3.170760393
17:11:47,2.526125908,3.129570007,3.172565699
17:11:47,2.527503729,3.127724171,3.171987772
17:11:47,2.527436733,3.128452778,3.173792124
17:11:47,2.527722836,3.1280756,3.172402382
17:11:47,2.528246641,3.128255844,3.172332287
17:11:47,2.528595686,3.128141642,3.171779156
17:11:47,2.52851367,3.128784418,3.171322107
17:11:47,2.528162718,3.129685163,3.171542406
17:11:47,2.528414965,3.128435135,3.171642303
17:11:47,2.529028177,3.129106998,3.171957016
17:11:47,2.528007984,3.129518509,3.171196699
17:11:47,2.528137445,3.128908396,3.172909737
17:11:47,2.528606176,3.127554655,3.172796965
17:11:47,2.528986692,3.130182266,3.172128201
17:11:48,2.528422356,3.130475283,3.171378613
17:11:48,2.528669119,3.127376318,3.171325684
17:11:48,2.529762268,3.12931776,3.171536446
17:11:48,2.529689074,3.128638029,3.170536041
17:11:48,2.528507233,3.128251553,3.168454409
17:11:48,2.528799772,3.129356861,3.16835475
17:11:48,2.52821207,3.128299713,3.168263912
17:11:48,2.527662277,3.128692865,3.168811083
17:11:48,2.528418064,3.128555059,3.169501066
17:11:48,2.528718472,3.129560709,3.170541525
17:11:48,2.527619839,3.129581451,3.170130253
17:11:48,2.528222084,3.129409313,3.166977882
17:11:48,2.528855085,3.128720999,3.167882204
17:11:48,2.527741671,3.128841877,3.167755604
17:11:48,2.527231455,3.129095316,3.167708635
17:11:48,2.527987003,3.126945496,3.167684078
17:11:48,2.527450562,3.129287243,3.166620493
17:11:48,2.527838707,3.129579306,3.168706656
17:11:48,2.526733875,3.127495527,3.16928196
17:11:48,2.526575089,3.128650904,3.170158625
17:11:48,2.527490854,3.129043579,3.171252966
17:11:48,2.526898623,3.128535509,3.169149637
17:11:48,2.526839256,3.129179478,3.168336868
17:11:48,2.527187109,3.129875898,3.168852806
17:11:48,2.527671099,3.129267693,3.168030977
17:11:48,2.527309179,3.12800169,3.167513847
17:11:48,2.52842474,3.128131866,3.167274475
17:11:48,2.527193546,3.12935853,3.168518305
17:11:48,2.527175426,3.128054142,3.170217991
17:11:48,2.527878284,3.128303528,3.171343088
17:11:48,2.528799295,3.12940073,3.170542717
17:11:48,2.527856827,3.12988019,3.170281172
17:11:48,2.529390335,3.128423929,3.168317795
17:11:48,2.529310226,3.128945112,3.170026064
17:11:48,2.529304743,3.129163742,3.167567492
17:11:48,2.528454781,3.128314972,3.168434858
17:11:48,2.529045582,3.129162788,3.169255972
17:11:48,2.529004097,3.129626274,3.171606064
17:11:48,2.52798295,3.129790068,3.171139717
17:11:48,2.528759956,3.129261255,3.171818256
17:11:48,2.529009342,3.129735947,3.172925949
17:11:48,2.527881384,3.129502058,3.172292948
17:11:48,2.52832675,3.129004478,3.171303034
17:11:48,2.528027296,3.129208803,3.171390772
17:11:48,2.528652668,3.128760815,3.172048807
17:11:48,2.529175758,3.129130125,3.172019243
17:11:48,2.528671026,3.128872633,3.170820236
17:11:48,2.529014826,3.128777981,3.173233271
17:11:48,2.529115915,3.129074812,3.172992706
17:11:48,2.529578447,3.12914443,3.171275139
17:11:48,2.528411865,3.129473925,3.173120737
17:11:48,2.528507233,3.130317926,3.173088551
17:11:48,2.527630329,3.128939867,3.170495033
17:11:48,2.529633522,3.128351212,3.171096802
17:11:48,2.529004574,3.129780769,3.171741962
17:11:48,2.527688742,3.129795313,3.172114134
17:11:48,2.528062105,3.129431248,3.172246456
17:11:48,2.529020786,3.130103111,3.17263341
17:11:48,2.527361155,3.128445148,3.171721697
17:11:48,2.527946949,3.129523993,3.172950983
17:11:48,2.528955936,3.128829718,3.171554089
17:11:48,2.527975559,3.129141569,3.171153307
17:11:48,2.527906895,3.130013466,3.171931267
17:11:48,2.528788805,3.128606558,3.170435667
17:11:48,2.529020786,3.129013062,3.169266939
17:11:48,2.528683424,3.130737543,3.169725418
17:11:48,2.528869629,3.129595757,3.169000864
17:11:48,2.527659178,3.128561497,3.168048143
17:11:48,2.526463509,3.129940987,3.170216799
17:11:48,2.526653528,3.130021334,3.169103146
17:11:48,2.528259277,3.128044367,3.168865681
17:11:48,2.528153896,3.128923178,3.169199944
17:11:48,2.527687073,3.129781246,3.169512033
17:11:48,2.527253389,3.129740477,3.169764757
17:11:48,2.528936148,3.129751444,3.167821884
17:11:48,2.528725386,3.130055666,3.168293953
17:11:48,2.52782774,3.128923178,3.168358564
17:11:48,2.526930332,3.12943697,3.168824196
17:11:48,2.526608229,3.129989862,3.169313908
17:11:48,2.527268648,3.13011241,3.170210123
17:11:48,2.526334047,3.129111528,3.169291973
17:11:48,2.526925802,3.130215645,3.169782162
17:11:48,2.526063681,3.130184412,3.169184923
17:11:48,2.526628494,3.129760742,3.170015812
17:11:48,2.527126789,3.129498482,3.1677351
17:11:48,2.526916504,3.130451918,3.16937089
17:11:48,2.526526213,3.129807949,3.168302774
17:11:48,2.527316809,3.128952026,3.168620348
17:11:48,2.527343988,3.130175829,3.168399096
17:11:48,2.527812719,3.129535913,3.169261694
17:11:48,2.528494596,3.129052639,3.17005372
17:11:48,2.529312611,3.128798723,3.169828176
17:11:48,2.52984786,3.129731894,3.168898582
17:11:48,2.529463053,3.129136324,3.168752909
17:11:48,2.529822826,3.129645586,3.1690557
17:11:48,2.529877424,3.128509283,3.169498682
17:11:48,2.528597593,3.128701448,3.170292139
17:11:48,2.529385567,3.129164457,3.170022011
17:11:48,2.529899359,3.128733873,3.170871258
17:11:48,2.528293133,3.130480051,3.172661066
17:11:48,2.529100657,3.130177498,3.172138691
17:11:48,2.529241085,3.128933668,3.172208548
17:11:48,2.528386116,3.129574537,3.172460794
17:11:48,2.527935505,3.130036354,3.17142725
17:11:48,2.528125048,3.128835201,3.172827959
17:11:48,2.528657913,3.128899336,3.172344923
17:11:48,2.529353857,3.130796194,3.173090458
17:11:48,2.528520107,3.128889322,3.172905684
17:11:48,2.527450085,3.129491329,3.173372269
17:11:48,2.52845788,3.130847454,3.171854734
17:11:48,2.527626991,3.129259109,3.174185753
17:11:48,2.526975632,3.12906146,3.17250967
17:11:48,2.527680874,3.129722595,3.172076225
17:11:48,2.527752399,3.130151749,3.172421455
17:11:48,2.52831769,3.12981987,3.172723293
17:11:48,2.528502703,3.128843546,3.172792912
17:11:48,2.52712369,3.129722595,3.173016548
17:11:48,2.528521299,3.130525827,3.173130035
17:11:48,2.527284145,3.129418373,3.172809124
17:11:49,2.526522636,3.129509449,3.172366142
17:11:49,2.52853775,3.130895615,3.171459913
17:11:49,2.527010202,3.128956795,3.170453548
17:11:49,2.527573347,3.129515648,3.169672251
17:11:49,2.528438568,3.129889011,3.168966055
17:11:49,2.528377056,3.129267693,3.169173956
17:11:49,2.528569221,3.129158258,3.16877389
17:11:49,2.528170824,3.128934145,3.169374943
17:11:49,2.52846241,3.12971282,3.169847965
17:11:49,2.52776289,3.129939556,3.169368744
17:11:49,2.527727604,3.128944159,3.169179678
17:11:49,2.527304649,3.12968874,3.167447567
17:11:49,2.526284695,3.129148483,3.168972015
17:11:49,2.527366877,3.128896236,3.169224739
17:11:49,2.527467489,3.128749371,3.168904066
17:11:49,2.526109457,3.129544973,3.16757369
17:11:49,2.526525259,3.129692793,3.167659044
17:11:49,2.527860165,3.129219294,3.169416189
17:11:49,2.527070522,3.12904954,3.169477224
17:11:49,2.526298761,3.130116463,3.168753624
17:11:49,2.526906729,3.128625393,3.169888496
17:11:49,2.527119637,3.130331278,3.169010162
17:11:49,2.526941776,3.128937721,3.168375254
17:11:49,2.526731491,3.12862587,3.16916585
17:11:49,2.527142763,3.128596544,3.16911912
17:11:49,2.527138948,3.130289316,3.169957161
17:11:49,2.527257442,3.128745317,3.169230223
17:11:49,2.526947737,3.128849506,3.168880701
17:11:49,2.5281744,3.129236937,3.169323683
17:11:49,2.528086662,3.129925251,3.169878006
17:11:49,2.529132605,3.128472328,3.169420958
17:11:49,2.528438568,3.12913847,3.17099905
17:11:49,2.52861619,3.12954998,3.169665575
17:11:49,2.528625488,3.12889266,3.168465853
17:11:49,2.529186726,3.129011631,3.169214725
17:11:49,2.529091835,3.129873514,3.170326471
17:11:49,2.529369116,3.128952503,3.170017958
17:11:49,2.529957533,3.129098415,3.169435263
17:11:49,2.52978158,3.129657984,3.169169426
17:11:49,2.529443979,3.129334211,3.17082119
17:11:49,2.52859211,3.129108191,3.171332598
17:11:49,2.528917551,3.128816843,3.172673225
17:11:49,2.527929544,3.129931688,3.170735359
17:11:49,2.527967691,3.128748655,3.172057629
17:11:49,2.528058529,3.128665924,3.171971798
17:11:49,2.528187275,3.128867388,3.171808481
17:11:49,2.529103756,3.128123045,3.171575546
17:11:49,2.528514147,3.129426479,3.172319412
17:11:49,2.528995275,3.128913879,3.173675299
17:11:49,2.52821064,3.129207611,3.172616243
17:11:49,2.528191328,3.129943848,3.172115088
17:11:49,2.527701855,3.129433393,3.172540903
17:11:49,2.527633429,3.129739285,3.172676802
17:11:49,2.527906895,3.129616976,3.172324657
17:11:49,2.52832675,3.128425121,3.171753883
17:11:49,2.528121471,3.129470825,3.1717484
17:11:49,2.527835846,3.129214048,3.172695875
17:11:49,2.528653383,3.129152298,3.172019243
17:11:49,2.528604269,3.129508495,3.172663927
17:11:49,2.5278759,3.129942656,3.170934439
17:11:49,2.527975559,3.129315853,3.170300722
17:11:49,2.527841091,3.129386663,3.169930935
17:11:49,2.527077198,3.128230572,3.170614719
17:11:49,2.528183699,3.129419565,3.168865681
17:11:49,2.527539015,3.129219294,3.169942617
17:11:49,2.528558969,3.129231691,3.16863203
17:11:49,2.527625799,3.130004883,3.169480324
17:11:49,2.528409958,3.129511356,3.170375824
17:11:49,2.529011488,3.128952026,3.16817832
17:11:49,2.529008627,3.129229069,3.169015408
17:11:49,2.526252747,3.129259109,3.169075966
17:11:49,2.528342724,3.128410101,3.170260191
17:11:49,2.526278973,3.129235268,3.169524431
17:11:49,2.526498795,3.129979849,3.170686245
17:11:49,2.52630496,3.129192591,3.169532299
17:11:49,2.526552916,3.129399538,3.169509172
17:11:49,2.526873112,3.129310846,3.169373989
17:11:49,2.526679277,3.130216122,3.169826508
17:11:49,2.526237011,3.128590107,3.168699026
17:11:49,2.526701212,3.128712416,3.169419765
17:11:49,2.526182175,3.129646301,3.169499874
17:11:49,2.527851582,3.129580975,3.170511961
17:11:49,2.527145863,3.128755569,3.169692039
17:11:49,2.527069569,3.129408121,3.17084527
17:11:49,2.528235674,3.12912178,3.168652296
17:11:49,2.527858973,3.129217625,3.168752909
17:11:49,2.527944803,3.129865408,3.168683767
17:11:49,2.527956724,3.130787611,3.169403553
17:11:49,2.529600382,3.129286051,3.170339346
17:11:49,2.529395819,3.128971577,3.17138648
17:11:49,2.528991938,3.129053354,3.170428276
17:11:49,2.529665709,3.129897118,3.171682358
17:11:49,2.527694464,3.129450798,3.170964956
17:11:49,2.528315783,3.128915787,3.171955824
17:11:49,2.527757883,3.129904032,3.171397209
17:11:49,2.527561188,3.129865408,3.171805382
17:11:49,2.527527094,3.129448652,3.172217846
17:11:49,2.528548479,3.129755974,3.171749115
17:11:49,2.528500795,3.129269361,3.171599865
17:11:49,2.527944803,3.127990723,3.171174049
17:11:49,2.528898001,3.127478123,3.172624111
17:11:49,2.527732134,3.128608704,3.17239809
17:11:49,2.52813077,3.129338503,3.172273159
17:11:49,2.527690887,3.129009485,3.171667099
17:11:49,2.526923656,3.128767014,3.171814203
17:11:49,2.526940584,3.130397558,3.170886993
17:11:50,2.528428555,3.128022432,3.172000647
17:11:50,2.527449369,3.12833333,3.172510147
17:11:50,2.52727747,3.130030632,3.172385931
17:11:50,2.527793407,3.12957859,3.171802044
17:11:50,2.526950359,3.128649235,3.171088696
17:11:50,2.52726388,3.1289289,3.171199083
17:11:50,2.52723074,3.129577398,3.17158699
17:11:50,2.527304173,3.128000259,3.169677258
17:11:50,2.527248144,3.129280567,3.169988394
17:11:50,2.528365612,3.129287243,3.169152498
17:11:50,2.528194666,3.128718853,3.168227911
17:11:50,2.527877569,3.128586769,3.168764591
17:11:50,2.528084993,3.128855705,3.169017076
17:11:50,2.528347731,3.130002499,3.169757128
17:11:50,2.527902842,3.12975359,3.169532299
17:11:50,2.527376175,3.12872839,3.168236017
17:11:50,2.526552439,3.128567219,3.168249846
17:11:50,2.526533365,3.129865408,3.169615507
17:11:50,2.525635481,3.127482891,3.16906929
17:11:50,2.526626348,3.128851175,3.16904521
17:11:50,2.526169062,3.130393267,3.17023468
17:11:50,2.52800107,3.129024506,3.167882204
17:11:50,2.528634787,3.128354788,3.168999195
17:11:50,2.527946949,3.130484104,3.169744492
17:11:50,2.527312994,3.128577232,3.170861244
17:11:50,2.527052641,3.128670931,3.16908288
17:11:50,2.528045177,3.130062819,3.169831991
17:11:50,2.527543783,3.12966156,3.168956041
17:11:50,2.527626991,3.128673792,3.169353247
17:11:50,2.529626846,3.128634214,3.168824196
17:11:50,2.52858901,3.129267216,3.168870926
17:11:50,2.529563904,3.128991604,3.169885635
17:11:50,2.530402899,3.12894702,3.167987823
17:11:50,2.529453993,3.128543139,3.169215441
17:11:50,2.529149771,3.129499674,3.167348146
17:11:50,2.528688908,3.12869978,3.169607639
17:11:50,2.528999329,3.129304886,3.17107296
17:11:50,2.528672934,3.12958765,3.170713425
17:11:50,2.529376268,3.128336906,3.170574665
17:11:50,2.529555321,3.128859282,3.170370102
17:11:50,2.528573036,3.129757404,3.170137405
17:11:50,2.52881217,3.129858255,3.170432806
17:11:50,2.529601574,3.128605366,3.170339346
17:11:50,2.528901815,3.129785299,3.170385599
17:11:50,2.527939796,3.129225731,3.171020746
17:11:50,2.527374506,3.128615141,3.171452761
17:11:50,2.528117895,3.129832029,3.172781944
17:11:50,2.528776169,3.128803492,3.172791243
17:11:50,2.52797842,3.129529715,3.173215866
17:11:50,2.527732134,3.128341675,3.172196865
17:11:50,2.528140068,3.130001307,3.171543837
17:11:50,2.528672457,3.129884481,3.172093153
17:11:50,2.528300762,3.128950119,3.171663761
17:11:50,2.528045893,3.128613949,3.171071768
17:11:50,2.528319359,3.129377604,3.172561646
17:11:50,2.526388884,3.1302495,3.170613527
17:11:50,2.527313948,3.129000425,3.170187235
17:11:50,2.527286768,3.128847361,3.171083927
17:11:50,2.527500629,3.12970376,3.169888496
17:11:50,2.527980804,3.128926039,3.169597864
17:11:50,2.527612209,3.128986597,3.170083284
17:11:50,2.526747942,3.129591942,3.169362307
17:11:50,2.527917385,3.130001307,3.169558525
17:11:50,2.52752924,3.129456997,3.168044806
17:11:50,2.527932405,3.129919052,3.168291092
17:11:50,2.528461218,3.130389452,3.168861628
17:11:50,2.529471874,3.127832413,3.169705153
17:11:50,2.527899265,3.128818274,3.168185949
17:11:50,2.527756214,3.129739285,3.169674158
17:11:50,2.528076887,3.129172564,3.168907404
17:11:50,2.527769566,3.128907681,3.169742107
17:11:50,2.528030872,3.130059719,3.168259144
17:11:50,2.527754784,3.12994504,3.168533325
17:11:50,2.527532578,3.128817797,3.169148207
17:11:50,2.527027607,3.129009008,3.169212341
17:11:50,2.525834322,3.130253553,3.170096874
17:11:50,2.527435064,3.128977537,3.169605732
17:11:50,2.527772665,3.12919116,3.170183659
17:11:50,2.527704954,3.12980628,3.169831038
17:11:50,2.527971506,3.129827499,3.168116808
17:11:50,2.527905464,3.129718542,3.1703794
17:11:50,2.527864933,3.129836798,3.169849157
17:11:50,2.527463675,3.129826307,3.16808629
17:11:50,2.527270555,3.128942013,3.16920948
17:11:50,2.528402805,3.129782915,3.170603037
17:11:50,2.528197765,3.129214048,3.170738935
17:11:50,2.527933836,3.129179001,3.170334578
17:11:50,2.529680252,3.12971735,3.169686556
17:11:50,2.528684616,3.129336834,3.170352697
17:11:50,2.528787613,3.129991531,3.171384096
17:11:50,2.528264523,3.128907681,3.170202255
17:12:11,2.528011322,3.130017519,3.169479609
17:12:11,2.529279232,3.12983942,3.168407202
17:12:11,2.528687239,3.128465891,3.168901682
17:12:11,2.527410746,3.129190445,3.168840647
17:12:11,2.526758909,3.128655434,3.170461893
17:12:11,2.526055574,3.129227877,3.172227621
17:12:11,2.52636838,3.129528999,3.172056437
17:12:11,2.526934624,3.128685474,3.173578262
17:12:11,2.526320934,3.129072428,3.172729015
17:12:11,2.526367903,3.129472733,3.172848225
17:12:11,2.526104212,3.129202366,3.172963142
17:12:11,2.527088165,3.129102945,3.172759771
17:12:11,2.527145863,3.128463745,3.173313379
17:12:11,2.527273178,3.129342079,3.173707247
17:12:11,2.527611017,3.127795696,3.173087358
17:12:11,2.528299093,3.1291852,3.174069881
17:12:11,2.527464151,3.128306866,3.173511267
17:12:11,2.527707338,3.129179001,3.172335148
17:12:11,2.528137445,3.129295349,3.174052238
17:12:11,2.528777838,3.12874341,3.173128843
17:12:11,2.529332161,3.129886866,3.172586679
17:12:11,2.528302431,3.128976345,3.171182871
17:12:11,2.528514862,3.129093647,3.170591354
17:12:11,2.52918458,3.128577232,3.170680046
17:12:11,2.527404308,3.129671812,3.172286987
17:12:11,2.528117418,3.129159451,3.171067238
17:12:11,2.527345896,3.129852057,3.170183659
17:12:11,2.528181314,3.128520012,3.170415878
17:12:11,2.528549671,3.128718138,3.170880795
17:12:11,2.527258635,3.129199266,3.170600176
17:12:11,2.527902126,3.128639936,3.17021513
17:12:11,2.528172731,3.128749847,3.169502258
17:12:11,2.527480125,3.129143238,3.16830492
17:12:11,2.528328657,3.129348755,3.168682575
17:12:11,2.528043509,3.128642797,3.168236494
17:12:11,2.528959751,3.129224539,3.169208527
17:12:11,2.527461052,3.129665136,3.169573784
17:12:11,2.528296232,3.129267693,3.167885542
17:12:11,2.529476643,3.129000425,3.167984009
17:12:11,2.527989864,3.129606724,3.168562412
17:12:11,2.528292179,3.129862547,3.169249535
17:12:11,2.529512644,3.128584146,3.168426275
17:12:11,2.528659105,3.128677845,3.168043137
17:12:11,2.529433489,3.13007617,3.168858767
17:12:11,2.528875351,3.1288445,3.167655706
17:12:11,2.527760267,3.129512548,3.168759346
17:12:11,2.528293133,3.13065958,3.169122458
17:12:11,2.528509617,3.12817502,3.16924119
17:12:11,2.528711796,3.128699064,3.167250156
17:12:11,2.529371977,3.129134417,3.167386532
17:12:11,2.528590918,3.129601479,3.169420242
17:12:11,2.527721405,3.128241539,3.168543816
17:12:11,2.527967691,3.129185915,3.170138359
17:12:11,2.527114868,3.130117178,3.168187618
17:12:11,2.527837515,3.129643202,3.171389103
17:12:11,2.526561737,3.12875843,3.169372082
17:12:11,2.52716279,3.129139423,3.170635223
17:12:11,2.528168201,3.129277229,3.171670675
17:12:11,2.527616501,3.128790855,3.171392918
17:12:11,2.527633429,3.128961802,3.172001362
17:12:11,2.526024103,3.129397869,3.172709227
17:12:11,2.527057648,3.128089428,3.171341419
17:12:11,2.52764082,3.128571987,3.173126698
17:12:11,2.526905537,3.129864216,3.174708843
17:12:11,2.527444839,3.12869668,3.173980236
17:12:11,2.525017023,3.128820181,3.172614574
17:12:11,2.52678442,3.130081892,3.172151089
17:12:11,2.528624773,3.13026309,3.172833443
17:12:11,2.527611017,3.128166914,3.173829079
17:12:11,2.52717042,3.128109932,3.172660589
17:12:11,2.527793407,3.130430937,3.17304039
17:12:11,2.528403759,3.128935337,3.175095558
17:12:11,2.527732849,3.128354311,3.172966003
17:12:11,2.527657986,3.131044388,3.172275543
17:12:11,2.52797842,3.130051851,3.171901703
17:12:11,2.528722525,3.12908268,3.172897577
17:12:11,2.528312445,3.128283978,3.170985699
17:12:11,2.528546333,3.129975557,3.171075106
17:12:11,2.528988361,3.130693674,3.171117067
17:12:11,2.527936459,3.127075195,3.171225786
17:12:11,2.527574539,3.129529715,3.170126438
17:12:11,2.52798605,3.131922007,3.168946743
17:12:11,2.52799654,3.128217697,3.169376135
17:12:11,2.528250694,3.128758907,3.169567108
17:12:11,2.528255224,3.130781651,3.169954538
17:12:11,2.528883219,3.128686428,3.167042255
17:12:11,2.529018164,3.128504276,3.168841362
17:12:11,2.527664185,3.130000114,3.170330048
17:12:11,2.527253389,3.129390717,3.168246508
17:12:11,2.528941154,3.128938198,3.1682446
17:12:11,2.527966261,3.129410028,3.168821096
17:12:11,2.52762866,3.130186319,3.169085741
17:12:11,2.527505398,3.13020134,3.169608355
17:12:11,2.527789354,3.128122091,3.168407917
17:12:11,2.528126717,3.129841089,3.167979717
17:12:11,2.527458668,3.130949736,3.169906378
17:12:11,2.529880285,3.127999306,3.168776751
17:12:11,2.528021574,3.127847433,3.170531034
17:12:11,2.527683258,3.13039875,3.168028593
17:12:11,2.529532909,3.128381491,3.170926571
17:12:11,2.52908206,3.128375292,3.169688702
17:12:12,2.528016806,3.131472111,3.167529583
17:12:12,2.527420521,3.128466606,3.168516397
17:12:12,2.529280663,3.128666878,3.168078661
17:12:12,2.527823448,3.129113197,3.16815877
17:12:12,2.528053999,3.129443884,3.168468714
17:12:12,2.529806376,3.127744913,3.166668177
17:12:12,2.529675961,3.127918243,3.168139935
17:12:12,2.528206825,3.129423857,3.168230772
17:12:12,2.527570009,3.127864838,3.168980598
17:12:12,2.527797937,3.129287243,3.167619944
17:12:12,2.527249813,3.126727104,3.169958353
17:12:12,2.526158571,3.128119946,3.171064377
17:12:12,2.52720809,3.130039692,3.169745684
17:12:12,2.527516603,3.126821041,3.170472383
17:12:12,2.527051449,3.129109859,3.171277523
17:12:12,2.527062416,3.128461838,3.170853376
17:12:12,2.527399302,3.129270077,3.171874523
17:12:12,2.527556658,3.127904415,3.172024965
17:12:12,2.527700424,3.127530098,3.172925472
17:12:12,2.525742292,3.129382849,3.172611237
17:12:12,2.527713537,3.127922297,3.173433542
17:12:12,2.527115583,3.126789331,3.176092863
17:12:12,2.526824713,3.128625393,3.173896074
17:12:12,2.527684689,3.130130529,3.173600435
17:12:12,2.528490305,3.12750864,3.173831463
17:12:12,2.52800107,3.127925158,3.173653841
17:12:12,2.526841402,3.129642487,3.173034668
17:12:12,2.528752565,3.126887798,3.171171188
17:12:12,2.527718306,3.127111673,3.171293736
17:12:12,2.527428627,3.128807068,3.172682524
17:12:12,2.527433157,3.128316164,3.171875715
17:12:12,2.528611183,3.128337383,3.172404289
17:12:12,2.529405117,3.127961397,3.170861959
17:12:12,2.528037071,3.130129814,3.171900272
17:12:12,2.529410839,3.128293037,3.16976428
17:12:12,2.527742624,3.127348661,3.168922186
17:12:12,2.527485132,3.129455805,3.168438673
17:12:12,2.528321743,3.129304409,3.169705153
17:12:12,2.527293444,3.128736258,3.168557644
17:12:12,2.527513504,3.127572775,3.169128418
17:12:12,2.528208971,3.129638433,3.170505285
17:12:12,2.528512478,3.12843132,3.170696497
17:12:12,2.527354002,3.127151012,3.168465853
17:12:12,2.527208805,3.129238367,3.167881727
17:12:12,2.529072762,3.128980637,3.168145895
17:12:12,2.528013468,3.13014245,3.16935873
17:12:12,2.527100325,3.12749958,3.169246674
17:12:12,2.528449059,3.129516363,3.169071674
17:12:12,2.528356314,3.130351543,3.1677742
17:12:12,2.527450562,3.127774715,3.168982506
17:12:12,2.52952075,3.129736423,3.169727564
17:12:12,2.529550314,3.130865335,3.168502092
17:12:12,2.529151917,3.129480124,3.16767478
17:12:12,2.529363155,3.128264189,3.169940948
17:12:12,2.528697491,3.130631447,3.16916132
17:12:12,2.527726889,3.129323483,3.169051409
17:12:12,2.528221607,3.128137589,3.168834686
17:12:12,2.528873444,3.130145788,3.169275045
17:12:12,2.529530764,3.129864931,3.168845654
17:12:12,2.528692007,3.128975153,3.170109272
17:12:12,2.528234959,3.129709244,3.166301012
17:12:12,2.529256105,3.129598141,3.167867422
17:12:12,2.528582811,3.128961802,3.168076992
17:12:12,2.527654886,3.129162073,3.167390823
17:12:12,2.528642178,3.129081488,3.167635441
17:12:12,2.526957989,3.1304667,3.168542624
17:12:12,2.528479338,3.128372669,3.168526411
17:12:12,2.527989864,3.128129244,3.171388626
17:12:12,2.528068542,3.129992008,3.169685841
17:12:12,2.527579784,3.128908396,3.169780731
17:12:12,2.527870178,3.127852678,3.171738625
17:12:12,2.527623653,3.129523993,3.171770573
17:12:12,2.527286768,3.129901648,3.172064543
17:12:12,2.52621913,3.12953186,3.172827482
17:12:12,2.526430845,3.129266024,3.172255278
17:12:12,2.52681303,3.129984856,3.172255754
17:12:12,2.527042866,3.128300667,3.173633337
17:12:12,2.527196407,3.128109455,3.172787189
17:12:12,2.526807785,3.129063606,3.173801422
17:12:12,2.527471781,3.129803419,3.173001528
17:12:12,2.526201487,3.129257202,3.173776865
17:12:12,2.527906179,3.12936902,3.173488379
17:12:12,2.527902126,3.130171299,3.173449516
17:12:12,2.528650999,3.128913879,3.172071457
17:12:12,2.528809071,3.128736258,3.172441483
17:12:12,2.527948618,3.130567312,3.171844959
17:12:12,2.528142929,3.129507303,3.172459602
17:12:12,2.52738905,3.128567934,3.172484875
17:12:12,2.528730869,3.12957406,3.170802116
17:12:12,2.527516603,3.129742622,3.171430826
17:12:12,2.528179169,3.128676176,3.169630051
17:12:12,2.529217005,3.129839897,3.171627045
17:12:12,2.529129505,3.128717422,3.171181679
17:12:12,2.528371811,3.128835201,3.171416283
17:12:12,2.528723001,3.129459381,3.169993639
17:12:12,2.528220415,3.129413843,3.169240713
17:12:12,2.528226376,3.128940344,3.169551611
17:12:12,2.528151512,3.129386663,3.169177771
17:12:12,2.527341366,3.128959179,3.170860052
17:12:12,2.528062105,3.129362583,3.170850754
17:12:12,2.527305126,3.128652096,3.170525789
17:12:12,2.527379751,3.129719734,3.170702457
17:12:12,2.528364658,3.128906488,3.168914318
17:12:12,2.527545691,3.12968874,3.167848349
17:12:12,2.527018785,3.129518509,3.168663502
17:12:12,2.52781415,3.129900694,3.168510199
17:12:12,2.528472185,3.129819393,3.168720484
17:12:12,2.528702021,3.12877655,3.169284821
17:12:12,2.52827549,3.129536629,3.167818785
17:12:12,2.529061079,3.129124165,3.168052435
17:12:12,2.528895855,3.129699469,3.169638157
17:12:12,2.527450562,3.128980637,3.168677568
17:12:12,2.528575897,3.129334211,3.169294119
17:12:12,2.528148413,3.129498005,3.169219494
17:12:12,2.529133797,3.129081488,3.169264555
17:12:12,2.528094292,3.128730774,3.168601036
17:12:13,2.52846694,3.129726171,3.169810295
17:12:13,2.529187441,3.129883289,3.168756485
17:12:13,2.529168367,3.128790855,3.169331074
17:12:13,2.528268099,3.129565477,3.167197943
17:12:13,2.52702713,3.129347563,3.16808629
17:12:13,2.527304173,3.128781557,3.168362617
17:12:13,2.527326107,3.12881422,3.168518782
17:12:13,2.528667212,3.129787683,3.16945076
17:12:13,2.527460575,3.129089117,3.168708801
17:12:13,2.528110504,3.128200054,3.169061184
17:12:13,2.529121637,3.129169226,3.169385433
17:12:13,2.528074265,3.128763676,3.170780182
17:12:13,2.527887583,3.12870574,3.170742989
17:12:13,2.527566433,3.128828526,3.173044443
17:12:13,2.526454687,3.128448009,3.171591759
17:12:13,2.525980949,3.128890276,3.173184633
17:12:13,2.527237177,3.128808498,3.173309326
17:12:13,2.527258635,3.129299879,3.173121929
17:12:13,2.525757074,3.128835201,3.172189474
17:12:13,2.527752161,3.128677368,3.173809528
17:12:13,2.527377844,3.1284163,3.171890259
17:12:13,2.528424025,3.128932953,3.172868013
17:12:13,2.526766539,3.128948927,3.172692537
17:12:13,2.527745485,3.128865719,3.172616243
17:12:13,2.527471781,3.130255222,3.173730612
17:12:13,2.527288914,3.129152298,3.173266649
17:12:13,2.527417421,3.129656076,3.173656702
17:12:13,2.527907372,3.128784895,3.172283649
17:12:13,2.528254032,3.128909826,3.171977997
17:12:13,2.527546167,3.128573656,3.172072649
17:12:13,2.526994705,3.128046751,3.171680689
17:12:13,2.528062582,3.129296541,3.171529055
17:12:13,2.528886557,3.129817247,3.171293259
17:12:13,2.528488398,3.128403664,3.171275139
17:12:13,2.528264523,3.129381895,3.170798779
17:12:13,2.527246475,3.129276752,3.171224594
17:12:13,2.528727055,3.128536701,3.170181751
17:12:13,2.528763771,3.128816843,3.171342373
17:12:13,2.527929544,3.129080296,3.170168877
17:12:13,2.528627157,3.128560305,3.169121742
17:12:13,2.52846694,3.129438162,3.17084527
17:12:13,2.527802706,3.129300594,3.169605017
17:12:13,2.527768373,3.12950778,3.169661283
17:12:13,2.528493404,3.129081488,3.16805768
17:12:13,2.527525425,3.129417896,3.167312384
17:12:13,2.527847528,3.129224539,3.168796301
17:12:13,2.528628349,3.129821539,3.169376135
17:12:13,2.528084993,3.128100872,3.167513847
17:12:13,2.52912569,3.12915659,3.170047045
17:12:13,2.528859854,3.128942013,3.167961597
17:12:13,2.528734684,3.129334927,3.167592764
17:12:13,2.529389381,3.129737377,3.166182518
17:12:13,2.527810335,3.129003286,3.16783452
17:12:13,2.528392076,3.12975359,3.168019772
17:12:13,2.527855635,3.129226685,3.168418169
17:12:13,2.528940678,3.129585505,3.168658972
17:12:13,2.527957916,3.129395962,3.168371916
17:12:13,2.528331757,3.129619598,3.169744492
17:12:13,2.528385639,3.129934072,3.168431044
17:12:13,2.528299093,3.128797531,3.169164658
17:12:13,2.528652668,3.12906146,3.168814421
17:12:13,2.528657436,3.130183935,3.169410467
17:12:13,2.527920723,3.130270958,3.169271708
17:12:13,2.527889967,3.129236937,3.168893814
17:12:13,2.528173923,3.129645586,3.169271231
17:12:13,2.528368711,3.129201889,3.169014931
17:12:13,2.527967215,3.129733086,3.169706821
17:12:13,2.527678251,3.128371,3.170433283
17:12:13,2.527444363,3.129382849,3.16885376
17:12:13,2.528161526,3.129226208,3.170325518
17:12:13,2.528032541,3.129444361,3.171834946
17:12:13,2.527740479,3.129636765,3.171606779
17:12:13,2.527675152,3.12930727,3.172098637
17:12:13,2.528191328,3.128922701,3.172836781
17:12:13,2.527685881,3.128376484,3.174012899
17:12:13,2.527642012,3.12923789,3.173270464
17:12:13,2.527688742,3.129048347,3.172473907
17:12:13,2.528075218,3.12869525,3.172836065
17:12:13,2.5264678,3.129127264,3.172883749
17:12:13,2.527617693,3.128961086,3.17320013
17:12:13,2.526807308,3.128777027,3.174031019
17:12:13,2.526990414,3.12919116,3.17318511
17:12:13,2.526990414,3.129080296,3.172224998
17:12:13,2.52786231,3.129442692,3.173610926
17:12:13,2.527632236,3.129264116,3.171900272
17:12:13,2.528466225,3.128972292,3.171574593
17:12:13,2.528237343,3.129132271,3.171430826
17:12:13,2.528785944,3.128796101,3.171570778
17:12:13,2.529154778,3.12906146,3.171797991
17:12:13,2.527067423,3.129947901,3.17128253
17:12:13,2.52839613,3.130625248,3.1711483
17:12:13,2.528375626,3.12959981,3.172099352
17:12:13,2.528543234,3.128828526,3.17143774
17:12:13,2.527885675,3.12950778,3.171592236
17:12:13,2.5278759,3.1294415,3.171287298
17:12:13,2.52835083,3.128827572,3.170073271
17:12:13,2.528934956,3.129328728,3.171477318
17:12:13,2.527454376,3.129455328,3.171032906
17:12:13,2.527699232,3.128213167,3.169120073
17:12:13,2.527353048,3.129216909,3.169682741
17:12:13,2.527019262,3.129722118,3.169761896
17:12:13,2.527154684,3.128889799,3.168421268
17:12:13,2.526818275,3.129668951,3.168855429
17:12:13,2.527145863,3.129659176,3.169627905
17:12:13,2.527158737,3.12953496,3.16943717
17:12:13,2.527531385,3.128769398,3.166651249
17:12:13,2.527736902,3.129666567,3.167551041
17:12:13,2.527515173,3.13009882,3.167591095
17:12:13,2.529117584,3.12763381,3.168130636
17:12:13,2.52862668,3.128873825,3.167034149
17:12:13,2.52839613,3.129813433,3.167984486
17:12:13,2.527935982,3.12840271,3.168256283
17:12:13,2.528873444,3.12978363,3.168253183
17:12:13,2.529050112,3.129400015,3.16860652
17:12:13,2.528408289,3.129371405,3.167973995
17:12:14,2.52846694,3.130133152,3.168194532
17:12:14,2.528288603,3.128748178,3.167963028
17:12:14,2.529073238,3.129591942,3.168177128
17:12:14,2.528516531,3.130208731,3.168293476
17:12:14,2.528113365,3.129163265,3.168777227
17:12:14,2.52797842,3.12881422,3.168620348
17:12:14,2.5278759,3.129521608,3.168945074
17:12:14,2.528423548,3.128914833,3.169310093
17:12:14,2.528933048,3.129212856,3.168943644
17:12:14,2.527668953,3.128661156,3.169345379
17:12:14,2.527660608,3.129192591,3.170120955
17:12:14,2.528113365,3.128961086,3.169077158
17:12:14,2.527772427,3.128966331,3.1705513
17:12:14,2.528963566,3.129155874,3.168625832
17:12:14,2.52864027,3.12848711,3.171139717
17:12:14,2.528092384,3.129000902,3.171477795
17:12:14,2.527579308,3.130109787,3.171698093
17:12:14,2.528339624,3.129068851,3.173282623
17:12:14,2.527276754,3.128139496,3.174826384
17:12:14,2.526898623,3.129101753,3.172986984
17:12:14,2.527919054,3.129286528,3.172547817
17:12:14,2.528184891,3.128283262,3.172706366
17:12:14,2.527314425,3.130018711,3.172769547
17:12:14,2.527165651,3.12904191,3.171294451
17:12:14,2.526661158,3.129270554,3.173652172
17:12:14,2.527380943,3.128837585,3.173928738
17:12:14,2.527112722,3.129671335,3.173397779
17:12:14,2.527064562,3.128228664,3.171919346
17:12:14,2.527258635,3.129110813,3.171730995
17:12:14,2.527509928,3.12968564,3.172510624
17:12:14,2.526742935,3.128744125,3.172489405
17:12:14,2.526053905,3.129035473,3.170386791
17:12:14,2.52714467,3.129448652,3.171416998
17:12:14,2.527179241,3.129449129,3.170893431
17:12:14,2.527750969,3.128320694,3.172018051
17:12:14,2.527089834,3.131153107,3.170252085
17:12:14,2.527581453,3.129360437,3.170651674
17:12:14,2.527433157,3.12912035,3.17226553
17:12:14,2.527614355,3.128285646,3.170772076
17:12:14,2.528622389,3.129718542,3.17258954
17:12:14,2.527534008,3.12988019,3.169197321
17:12:14,2.52773571,3.128084421,3.170686722
17:12:14,2.527652502,3.129181147,3.169182062
17:12:14,2.527419329,3.130269289,3.17198658
17:12:14,2.527856827,3.12761426,3.168759823
17:12:14,2.529214144,3.129058599,3.168019295
17:12:14,2.527500153,3.129558325,3.167742491
17:12:14,2.527769566,3.128762722,3.169959545
17:12:14,2.528053522,3.13006568,3.168059826
17:12:14,2.527475834,3.129076958,3.166906595
17:12:14,2.528015614,3.130126476,3.167976379
17:12:14,2.528607368,3.128827095,3.168895245
17:12:14,2.528228521,3.128690004,3.167133331
17:12:14,2.529037237,3.13019371,3.166634321
17:12:14,2.528818369,3.128223896,3.167719126
17:12:14,2.52917695,3.128159046,3.168555498
17:12:14,2.528535843,3.129074097,3.169084787
17:12:14,2.53000474,3.12926507,3.168325901
17:12:14,2.528662443,3.129491806,3.167954922
17:12:14,2.528474808,3.129671812,3.169352531
17:12:14,2.527955294,3.129550457,3.169465542
17:12:14,2.527493715,3.129147768,3.169874668
17:12:14,2.528608561,3.128594637,3.169982672
17:12:14,2.528287888,3.130181789,3.170627356
17:12:14,2.528179169,3.130050659,3.168798208
17:12:14,2.528386831,3.129303217,3.169927359
17:12:14,2.528447866,3.128573656,3.168812275
17:12:14,2.527166843,3.129659176,3.169734001
17:12:14,2.528699398,3.130150557,3.168862104
17:12:14,2.527755737,3.129182339,3.170355082
17:12:14,2.52775979,3.129189968,3.172142982
17:12:14,2.528440952,3.12968564,3.171293736
17:12:14,2.527678251,3.129092455,3.171714783
17:12:14,2.529149771,3.129684687,3.172860146
17:12:14,2.528105736,3.128747463,3.171982288
17:12:14,2.527596951,3.128919125,3.172520638
17:12:14,2.527818441,3.129096508,3.171185017
17:12:14,2.528353214,3.129624128,3.172177315
17:12:14,2.528203964,3.129514694,3.17387104
17:12:14,2.526812553,3.128308535,3.173856735
17:12:14,2.5275352,3.128472328,3.173177004
17:12:14,2.527290821,3.129778862,3.17333889
17:12:14,2.526939869,3.128940344,3.171976089
17:12:14,2.526639223,3.128102541,3.174018145
17:12:14,2.527490854,3.129801035,3.172992706
17:12:14,2.528218269,3.130051374,3.172293901
17:12:14,2.52715683,3.128202677,3.172843456
17:12:14,2.52742672,3.12850666,3.171692133
17:12:14,2.527711868,3.130738497,3.172278643
17:12:14,2.527938128,3.127923489,3.172243595
17:12:14,2.52848649,3.129342556,3.173041105
17:12:14,2.527287722,3.129974842,3.171973944
17:12:14,2.527517319,3.128969669,3.172570467
17:12:14,2.527622461,3.128462553,3.171063662
17:12:14,2.528181314,3.12888217,3.171025276
17:12:14,2.527229548,3.129029274,3.169961691
17:12:14,2.528125525,3.129231691,3.169550419
17:12:14,2.527423859,3.128148079,3.169039726
17:12:14,2.528558969,3.127995968,3.169387102
17:12:14,2.528436184,3.130320072,3.168848753
17:12:14,2.52721858,3.128880978,3.168455124
17:12:14,2.526982784,3.129262924,3.168077469
17:12:14,2.526878357,3.12927556,3.169425964
17:12:14,2.528053999,3.129359245,3.169501066
17:12:14,2.52824235,3.129286051,3.16742444
17:12:14,2.528906107,3.129356861,3.167978525
17:12:14,2.528249979,3.129320621,3.1685009
17:12:14,2.528963566,3.129165649,3.168644905
17:12:14,2.529090643,3.12888217,3.167357445
17:12:14,2.529608727,3.129949093,3.167884827
17:12:14,2.528393984,3.129477262,3.167233229
17:12:14,2.528548002,3.129141092,3.168026924
17:12:14,2.52901268,3.128823042,3.168197632
17:12:14,2.529439926,3.13046217,3.167885542
17:12:14,2.528784752,3.129190445,3.168246508
17:12:14,2.529211521,3.129282475,3.167640924
17:12:14,2.528780222,3.13070631,3.166909218
17:12:14,2.52900815,3.129036188,3.167411566
17:12:14,2.52781415,3.129267693,3.168208122
17:12:15,2.528244972,3.129449844,3.169309616
17:12:15,2.527756691,3.129098415,3.168327093
17:12:15,2.528144121,3.129196882,3.168054581
17:12:15,2.527877092,3.129651308,3.168731928
17:12:15,2.527301788,3.129475832,3.168530941
17:12:15,2.527806759,3.129742622,3.170968294
17:12:15,2.528863192,3.129115582,3.170204639
17:12:15,2.527775288,3.129760742,3.169687033
17:12:15,2.526818991,3.129119635,3.169469118
17:12:15,2.527186394,3.129153728,3.170520544
17:12:15,2.528268576,3.12902832,3.171729326
17:12:15,2.527750492,3.128771067,3.171291113
17:12:15,2.528685093,3.130539179,3.171584129
17:12:15,2.528255224,3.128865719,3.171604156
17:12:15,2.529237032,3.128412008,3.173466921
17:12:15,2.529466391,3.129908085,3.172518253
17:12:15,2.528634787,3.129286051,3.171580553
17:12:15,2.528325081,3.129520655,3.172300339
17:12:15,2.528037786,3.128972292,3.174637794
17:12:15,2.527938604,3.12961483,3.173666
17:12:15,2.527756691,3.129841089,3.173646212
17:12:15,2.52711606,3.128298998,3.174337864
17:12:15,2.527665854,3.130603313,3.173998356
17:12:15,2.52682519,3.130166054,3.173994303
17:12:15,2.526946068,3.129228592,3.173109055
17:12:15,2.526835203,3.129321814,3.172241688
17:12:15,2.525901794,3.130009413,3.172712803
17:12:15,2.527600765,3.127827168,3.173460245
17:12:15,2.527832508,3.129482031,3.172512293
17:12:15,2.52764082,3.130340099,3.17293644
17:12:15,2.52715683,3.128880978,3.173463106
17:12:15,2.527930021,3.128405809,3.172199249
17:12:15,2.527239561,3.129319429,3.171809196
17:12:15,2.526520252,3.129367352,3.172501564
17:12:15,2.527091742,3.128793716,3.171114445
17:12:15,2.52787447,3.129515171,3.169124603
17:12:15,2.527450085,3.128865004,3.169006824
17:12:15,2.52701664,3.129466295,3.169676542
17:12:15,2.527543783,3.128620386,3.170308113
17:12:15,2.527607918,3.128969669,3.169018269
17:12:15,2.528082371,3.129738569,3.168177128
17:12:15,2.527296066,3.129482031,3.169057846
17:12:15,2.528618574,3.128270864,3.169363737
17:12:15,2.527290821,3.129632235,3.168800592
17:12:15,2.528930187,3.129836798,3.167280912
17:12:15,2.529011488,3.129056454,3.167968512
17:12:15,2.527638674,3.129401207,3.168259144
17:12:15,2.529271364,3.129820585,3.168098927
17:12:15,2.528817892,3.128986597,3.166757345
17:12:15,2.52821517,3.128635406,3.167763472
17:12:15,2.528512478,3.129805565,3.168260813
17:12:15,2.528316975,3.129708767,3.166884184
17:12:15,2.528253078,3.130045176,3.167053223
17:12:15,2.528611898,3.129549265,3.166763783
17:12:15,2.529085636,3.130724669,3.167207718
17:12:15,2.529079676,3.128530502,3.167523861
17:12:15,2.528094769,3.128539085,3.168131113
17:12:15,2.527876377,3.129845381,3.16693306
17:12:15,2.528233051,3.128920317,3.167419672
17:12:15,2.528262377,3.129101038,3.168143034
17:12:15,2.527272463,3.129663944,3.16943717
17:12:15,2.527682066,3.128784418,3.169977903
17:12:15,2.527643919,3.12869072,3.168961525
17:12:15,2.528735161,3.129189968,3.1705513
17:12:15,2.528992414,3.129108667,3.168531656
17:12:15,2.528749466,3.128632784,3.170079708
17:12:15,2.528440475,3.129075766,3.169618368
17:12:15,2.528231621,3.129019976,3.170052528
17:12:15,2.527384996,3.129623652,3.169900417
17:12:15,2.528584719,3.128768682,3.170087576
17:12:15,2.528155327,3.128798008,3.171456337
17:12:15,2.527910948,3.128094435,3.17162323
17:12:15,2.528357029,3.128806353,3.171529531
17:12:15,2.528181314,3.129243851,3.172266245
17:12:15,2.528110981,3.128709555,3.172729015
17:12:15,2.528237343,3.128784418,3.172146797
17:12:15,2.527819633,3.128726244,3.172249794
17:12:15,2.527151346,3.129151583,3.171063662
17:12:15,2.527663469,3.128923178,3.172761679
17:12:15,2.528369904,3.129242897,3.172136307
17:12:15,2.526792526,3.129680634,3.173244953
17:12:15,2.526610851,3.128461838,3.173033953
17:12:15,2.527498484,3.129270077,3.174065113
17:12:15,2.527474165,3.129013777,3.170597315
17:12:15,2.527132988,3.129067183,3.172480583
17:12:15,2.527599096,3.129425287,3.173139334
17:12:15,2.527456999,3.129617929,3.173064709
17:12:15,2.527082443,3.129434586,3.17147541
17:12:15,2.527345181,3.129949093,3.171965122
17:12:15,2.52711153,3.129223824,3.172040701
17:12:15,2.526881695,3.129403591,3.171938419
17:12:15,2.526857615,3.128435135,3.172028542
17:12:15,2.526527882,3.129890203,3.171770573
17:12:15,2.527219296,3.129030228,3.172574997
17:12:15,2.526811838,3.130218506,3.172525883
17:12:15,2.52800703,3.130002499,3.17143774
17:12:15,2.527059555,3.12889266,3.169644594
17:12:15,2.527807236,3.130001783,3.169204235
17:12:15,2.528045177,3.129175901,3.168787241
17:12:15,2.527813196,3.129379988,3.16966629
17:12:15,2.527964354,3.129627466,3.169730425
17:12:15,2.527457714,3.129592657,3.168794155
17:12:15,2.528411388,3.129223824,3.168135405
17:12:15,2.52807951,3.129080772,3.167940855
17:12:15,2.527867079,3.129838705,3.168267965
17:12:15,2.528807878,3.129175901,3.165985584
17:12:15,2.527888775,3.130102634,3.16728425
17:12:15,2.529675961,3.130755186,3.166938782
17:12:15,2.528560162,3.129141092,3.16687274
17:12:15,2.529523611,3.129431725,3.167215824
17:12:15,2.529422522,3.130066395,3.166347504
17:12:15,2.528017521,3.129544973,3.167354822
17:12:15,2.528915644,3.128692389,3.166261673
17:12:15,2.529149055,3.129040003,3.167226315
17:12:15,2.52810955,3.130016327,3.168040037
17:12:15,2.529728413,3.12977457,3.168781042
17:12:15,2.529887915,3.13005662,3.167765379
17:12:15,2.52793169,3.129393339,3.168560028
17:12:15,2.528157711,3.130127668,3.168797016
17:12:16,2.527783394,3.12921524,3.167165995
17:12:16,2.528618574,3.129834414,3.169985056
17:12:16,2.527870893,3.130252123,3.16902566
17:12:16,2.527801037,3.129273891,3.169152021
17:12:16,2.529201984,3.130552053,3.169039726
17:12:16,2.528504848,3.129027605,3.171014786
17:12:16,2.527722836,3.130228281,3.170773029
17:12:16,2.529586554,3.130442619,3.169591665
17:12:16,2.528479338,3.129395962,3.171380281
17:12:16,2.527940989,3.130572081,3.172025442
17:12:16,2.528706789,3.129193783,3.172446251
17:12:16,2.527499676,3.128936529,3.171979904
17:12:16,2.527981758,3.12927556,3.17316699
17:12:16,2.527213097,3.130568027,3.17241025
17:12:16,2.527947426,3.129997969,3.172067404
17:12:16,2.527616501,3.129411697,3.173704863
17:12:16,2.527307034,3.130089521,3.175218821
17:12:16,2.527828217,3.128060341,3.174469709
17:12:16,2.527351379,3.130571365,3.173994303
17:12:16,2.527520418,3.12953496,3.17329073
17:12:16,2.526237011,3.128762007,3.173484087
17:12:16,2.52819705,3.129542351,3.172231197
17:12:16,2.527430296,3.130864143,3.173466921
17:12:16,2.526726246,3.129547596,3.175282717
17:12:16,2.526711702,3.128259897,3.174163818
17:12:16,2.527807236,3.130683899,3.175117731
17:12:16,2.528052807,3.130072117,3.174903154
17:12:16,2.525559664,3.130040407,3.173054934
17:12:16,2.52714324,3.13100934,3.172926664
17:12:16,2.52688241,3.129699469,3.17308569
17:12:16,2.525934458,3.129997969,3.172766209
17:12:16,2.526129723,3.128783941,3.172362328
17:12:16,2.526160717,3.129933357,3.17227149
17:12:16,2.52690196,3.128921986,3.169673443
17:12:16,2.526075363,3.128253222,3.170375347
17:12:16,2.527110815,3.130344391,3.171897888
17:12:16,2.527172565,3.131078243,3.170755148
17:12:16,2.528158188,3.128497124,3.169771194
17:12:16,2.529092312,3.129401207,3.169701338
17:12:16,2.52858758,3.130744457,3.169923544
17:12:16,2.528022766,3.12790823,3.168264866
17:12:16,2.527541399,3.128063917,3.16681385
17:12:16,2.528485775,3.131301165,3.166751862
17:12:16,2.526928663,3.128916979,3.167272329
17:12:16,2.528966904,3.129463673,3.168865681
17:12:16,2.529720306,3.129772902,3.167673111
17:12:16,2.527672291,3.127612591,3.166159868
17:12:16,2.528464079,3.129405737,3.167641401
17:12:16,2.529028416,3.129832029,3.167591095
17:12:36,2.527326584,3.129309893,3.173028231
17:12:36,2.52682519,3.128880501,3.172675371
17:12:36,2.527159214,3.129023314,3.171814203
17:12:36,2.52631712,3.128530502,3.171859741
17:12:36,2.526880503,3.129698753,3.171949387
17:12:36,2.526720762,3.128774881,3.170449257
17:12:36,2.526889324,3.12893486,3.170721531
17:12:36,2.52718854,3.12967658,3.168166161
17:12:36,2.527333736,3.129886389,3.167001963
17:12:36,2.526746273,3.129515648,3.166245222
17:12:36,2.527169704,3.128409147,3.167237997
17:12:36,2.527292728,3.129770756,3.164839029
17:12:36,2.527260542,3.129878283,3.165513754
17:12:36,2.526821852,3.128962994,3.165234804
17:12:36,2.526549339,3.12974143,3.165207148
17:12:36,2.526878357,3.13028574,3.165681839
17:12:36,2.526736259,3.128014326,3.16516304
17:12:36,2.527761459,3.127867699,3.16693306
17:12:36,2.529211521,3.13055253,3.165187597
17:12:36,2.528673649,3.129331589,3.165415287
17:12:36,2.529433489,3.128882885,3.166363955
17:12:36,2.530209064,3.130717516,3.167872429
17:12:36,2.529214621,3.129932165,3.167436361
17:12:36,2.529578924,3.129009008,3.167120457
17:12:36,2.531502962,3.128082275,3.168092251
17:12:36,2.530407429,3.130457401,3.169340134
17:12:36,2.530732155,3.128621578,3.170661688
17:12:36,2.530578613,3.128013134,3.16925478
17:12:36,2.531350613,3.131298304,3.170284033
17:12:36,2.530714512,3.129891872,3.171083927
17:12:36,2.531345367,3.12839365,3.170829058
17:12:36,2.531517029,3.128752708,3.171441793
17:12:36,2.53074789,3.129648209,3.172745943
17:12:36,2.531129599,3.128692389,3.172691822
17:12:36,2.530480623,3.128364325,3.172246456
17:12:37,2.530030251,3.130316257,3.172809839
17:12:37,2.528974533,3.128497124,3.172329426
17:12:37,2.529685259,3.128521919,3.171951532
17:12:37,2.529136181,3.129470348,3.173404694
17:12:37,2.528377056,3.128931761,3.172508955
17:12:37,2.527896643,3.12888217,3.172500372
17:12:37,2.528012037,3.128786087,3.17264843
17:12:37,2.525938511,3.129949331,3.172352076
17:12:37,2.527166843,3.128623247,3.171455145
17:12:37,2.526055574,3.127941132,3.172402382
17:12:37,2.52554059,3.129074097,3.172738314
17:12:37,2.526000261,3.128647089,3.172468185
17:12:37,2.525307894,3.127521276,3.173177958
17:12:37,2.525447369,3.128139973,3.171901226
17:12:37,2.525151253,3.129814386,3.171692133
17:12:37,2.525505304,3.128063917,3.172713518
17:12:37,2.52532506,3.128203154,3.170658112
17:12:37,2.525759935,3.1292665,3.172598839
17:12:37,2.525473833,3.128085375,3.173086882
17:12:37,2.525664091,3.128186703,3.172803879
17:12:37,2.525366068,3.128835201,3.172290564
17:12:37,2.525780916,3.129069805,3.173963308
17:12:37,2.525273561,3.12825799,3.173730612
17:12:37,2.526377201,3.128410101,3.173191309
17:12:37,2.526558876,3.129347563,3.172389269
17:12:37,2.525855303,3.12763834,3.172325373
17:12:37,2.526031733,3.128163576,3.17085743
17:12:37,2.527521133,3.129067183,3.171127558
17:12:37,2.526483059,3.128866911,3.17121172
17:12:37,2.527066708,3.129310846,3.169794321
17:12:37,2.527745485,3.128616095,3.16930294
17:12:37,2.526930332,3.130789757,3.169121742
17:12:37,2.527217388,3.127938747,3.166748047
17:12:37,2.526405573,3.128304005,3.166232586
17:12:37,2.527967215,3.129487038,3.165011883
17:12:37,2.527278662,3.128874302,3.167095661
17:12:37,2.527050972,3.128065109,3.164346457
17:12:37,2.528211355,3.129437447,3.164305687
17:12:37,2.528105736,3.129098415,3.164223671
17:12:37,2.527400494,3.12862277,3.164321899
17:12:37,2.528111696,3.129037142,3.165635824
17:12:37,2.528424025,3.129196405,3.165266275
17:12:37,2.528797626,3.128291368,3.165525675
17:12:37,2.529239893,3.128946304,3.165990829
17:12:37,2.529586077,3.129426003,3.166066885
17:12:37,2.529052973,3.129366159,3.166451454
17:12:37,2.530523777,3.128582954,3.167476892
17:12:37,2.529945135,3.128693581,3.167031288
17:12:37,2.530699015,3.129818678,3.167813301
17:12:37,2.530805349,3.128111601,3.168626308
17:12:37,2.530816317,3.128062248,3.170962095
17:12:37,2.53145051,3.128811359,3.16997695
17:12:37,2.531454325,3.129434586,3.170883417
17:12:37,2.531371355,3.12836051,3.170911074
17:12:37,2.531431913,3.128758907,3.171730995
17:12:37,2.531156301,3.13039875,3.172055244
17:12:37,2.531153917,3.12858057,3.172838688
17:12:37,2.532617807,3.129184246,3.172109842
17:12:37,2.530801296,3.129782915,3.173914671
17:12:37,2.530504704,3.129613161,3.173508167
17:12:37,2.529033899,3.128442526,3.17282939
17:12:37,2.528769016,3.128914833,3.173393726
17:12:37,2.529510021,3.130144835,3.172653675
17:12:37,2.528418064,3.12945199,3.172749281
17:12:37,2.529104948,3.128792524,3.173541307
17:12:37,2.527405739,3.129581451,3.173479557
17:12:37,2.527122498,3.129701138,3.172890902
17:12:37,2.526187658,3.128919601,3.172956705
17:12:37,2.525242567,3.129338026,3.172737122
17:12:37,2.526191473,3.130241156,3.172946215
17:12:37,2.526221037,3.128429651,3.173406363
17:12:37,2.525428772,3.130266905,3.173049212
17:12:37,2.524646521,3.129659891,3.173405886
17:12:37,2.52363205,3.129720211,3.173959017
17:12:37,2.525533676,3.128528595,3.172908545
17:12:37,2.525647879,3.129929304,3.173158884
17:12:37,2.526147366,3.129747391,3.173089027
17:12:37,2.525925159,3.12831068,3.173426628
17:12:37,2.526138783,3.128979445,3.175036907
17:12:37,2.525893927,3.12956214,3.173741102
17:12:37,2.525434256,3.129130602,3.174580336
17:12:37,2.52578187,3.128503323,3.174247026
17:12:37,2.524841309,3.129121065,3.173869133
17:12:37,2.525784254,3.12919116,3.173710108
17:12:37,2.527286053,3.128639936,3.171214104
17:12:37,2.527047157,3.129275084,3.172914267
17:12:37,2.526255608,3.129436493,3.172105074
17:12:37,2.52605629,3.129367828,3.171406984
17:12:37,2.527523994,3.128180265,3.168518305
17:12:37,2.526889801,3.129249096,3.168306828
17:12:37,2.526823282,3.1295681,3.168113947
17:12:37,2.527809143,3.128037453,3.16731286
17:12:37,2.526611805,3.129117966,3.166505098
17:12:37,2.526256084,3.129347086,3.166565895
17:12:37,2.526874542,3.129906416,3.16570735
17:12:37,2.527950525,3.12857008,3.163751602
17:12:37,2.52810359,3.129678249,3.163774014
17:12:37,2.527987719,3.130477667,3.16392827
17:12:37,2.529168844,3.128582239,3.16486764
17:12:37,2.528740644,3.129745722,3.164550781
17:12:37,2.52750659,3.129667282,3.165437222
17:12:37,2.52870369,3.129408121,3.166737795
17:12:37,2.529397488,3.128998041,3.166759491
17:12:37,2.529460907,3.129249811,3.166252375
17:12:37,2.529021978,3.130319118,3.167144537
17:12:37,2.530619383,3.128697395,3.167277575
17:12:37,2.531920671,3.129406214,3.168088913
17:12:37,2.530660629,3.130440235,3.168964386
17:12:37,2.530603409,3.129221678,3.168693542
17:12:37,2.531172514,3.129223824,3.169282675
17:12:37,2.53158927,3.130316257,3.170427799
17:12:37,2.531601191,3.129199266,3.170576096
17:12:37,2.532029152,3.12984252,3.171078205
17:12:37,2.531883001,3.129026175,3.171895504
17:12:37,2.531042576,3.129086971,3.172858715
17:12:37,2.53144002,3.128988981,3.172593355
17:12:37,2.530384302,3.128913879,3.172717333
17:12:37,2.530755281,3.129780054,3.172683716
17:12:37,2.529819727,3.130005836,3.172329426
17:12:37,2.529150248,3.128843069,3.173056126
17:12:37,2.528917551,3.129725456,3.173293591
17:12:37,2.52845192,3.129465818,3.172915459
17:12:37,2.528294086,3.129499674,3.172382832
17:12:38,2.527778149,3.129386187,3.172721386
17:12:38,2.527171373,3.129260302,3.172608614
17:12:38,2.525569677,3.128825903,3.173393726
17:12:38,2.526842356,3.128762007,3.172399759
17:12:38,2.52589488,3.129807472,3.172518969
17:12:38,2.524687529,3.130097151,3.17254734
17:12:38,2.526261568,3.129140615,3.173438549
17:12:38,2.52530098,3.129627466,3.173526049
17:12:38,2.524878979,3.129888535,3.172780275
17:12:38,2.525168419,3.129196882,3.17360425
17:12:38,2.525564432,3.129096985,3.172681332
17:12:38,2.525381804,3.129567623,3.173761845
17:12:38,2.524750948,3.129923582,3.173536539
17:12:38,2.525560379,3.128176928,3.173638821
17:12:38,2.52557826,3.129022121,3.173817635
17:12:38,2.524730444,3.129044771,3.174732685
17:12:38,2.525784254,3.128890991,3.173074722
17:12:38,2.526245117,3.12977457,3.174876928
17:12:38,2.524980307,3.129841566,3.172488689
17:12:38,2.525644064,3.129043579,3.17318964
17:12:38,2.525886774,3.128827572,3.172264338
17:12:38,2.526161909,3.128891468,3.170578003
17:12:38,2.524446011,3.128984928,3.171010256
17:12:38,2.525767565,3.12887311,3.169520855
17:12:38,2.526562214,3.129656792,3.169737577
17:12:38,2.526669979,3.129213572,3.168311596
17:12:38,2.52662921,3.129542828,3.16817975
17:12:38,2.526562214,3.128541946,3.167568922
17:12:38,2.526143312,3.129821062,3.167152882
17:12:38,2.526235819,3.129578114,3.165316343
17:12:38,2.52627039,3.129308701,3.165288448
17:12:38,2.527084827,3.129253864,3.16607666
17:12:38,2.527122498,3.129056454,3.165075302
17:12:38,2.528522253,3.129686356,3.16454649
17:12:38,2.529094458,3.130092859,3.16564393
17:12:38,2.529192686,3.129857063,3.165624857
17:12:38,2.528947592,3.129463673,3.166031837
17:12:38,2.529495239,3.128979206,3.165363312
17:12:38,2.529721498,3.129609108,3.166511059
17:12:38,2.530839682,3.12925148,3.166636944
17:12:38,2.530284166,3.128697395,3.166844368
17:12:38,2.530514479,3.128944159,3.167869568
17:12:38,2.531845808,3.129537821,3.168737173
17:12:38,2.532497883,3.129140615,3.168309689
17:12:38,2.531605482,3.128984928,3.167950153
17:12:38,2.531955719,3.129510641,3.170165777
17:12:38,2.532288551,3.129094839,3.170438051
17:12:38,2.532068491,3.128962994,3.170175076
17:12:38,2.532050848,3.129571199,3.171164751
17:12:38,2.530794621,3.13005662,3.171092749
17:12:38,2.531767607,3.128996372,3.171508551
17:12:38,2.532305241,3.129052162,3.171026945
17:12:38,2.53089571,3.129890203,3.172349215
17:12:38,2.530357361,3.128898859,3.172023058
17:12:38,2.530166388,3.129083872,3.173373222
17:12:38,2.530571938,3.129036665,3.17288661
17:12:38,2.528010368,3.129507303,3.172745943
17:12:38,2.528282166,3.128959179,3.172456026
17:12:38,2.527787447,3.12935257,3.172390223
17:12:38,2.525919914,3.129723787,3.172247171
17:12:38,2.526813984,3.128474474,3.171931267
17:12:38,2.526892662,3.129228592,3.171973944
17:12:38,2.526877403,3.128883362,3.171119928
17:12:38,2.525465012,3.129338503,3.173388481
17:12:38,2.52541852,3.128592253,3.173881531
17:12:38,2.52602458,3.129020452,3.17360425
17:12:38,2.524908066,3.129665136,3.172764063
17:12:38,2.525091887,3.128081083,3.172996998
17:12:38,2.524636507,3.128724575,3.172739506
17:12:38,2.524228811,3.129672527,3.172720194
17:12:38,2.52545166,3.128469467,3.174113035
17:12:38,2.52467823,3.128412008,3.17412734
17:12:38,2.52542448,3.128666162,3.172940969
17:12:38,2.525285244,3.129565954,3.173694611
17:12:38,2.526142836,3.128769398,3.174648762
17:12:38,2.525794744,3.128733873,3.174046516
17:12:38,2.525904417,3.129148483,3.172759056
17:12:38,2.525160074,3.129137516,3.172826767
17:12:38,2.52515769,3.128252745,3.172683239
17:12:38,2.526676416,3.12823844,3.17216444
17:12:38,2.526057482,3.128575802,3.171100855
17:12:38,2.526951075,3.128605843,3.170658588
17:12:38,2.526808977,3.12881422,3.169852018
17:12:38,2.526459694,3.129433393,3.169689655
17:12:38,2.525847673,3.128955364,3.167280436
17:12:38,2.525798321,3.128077269,3.167420387
17:12:38,2.526251078,3.12949419,3.168249846
17:12:38,2.526945591,3.129254341,3.166270256
17:12:38,2.527338982,3.128711939,3.16559577
17:12:38,2.527420998,3.129891396,3.164691448
17:12:38,2.527526379,3.129609108,3.165480852
17:12:38,2.52807951,3.128189564,3.165060759
17:12:38,2.527762413,3.12943244,3.16439271
17:12:38,2.528302431,3.129291773,3.165544748
17:12:38,2.530115366,3.129190445,3.166511774
17:12:38,2.529539347,3.129126072,3.167015076
17:12:38,2.530295134,3.129312754,3.165884018
17:12:38,2.530326605,3.130072117,3.166518927
17:12:38,2.530819893,3.128610611,3.166850328
17:12:38,2.530982256,3.129367352,3.167129517
17:12:38,2.530903339,3.129773378,3.167092085
17:12:38,2.531963825,3.129153728,3.168546915
17:12:38,2.532102108,3.129116297,3.167921066
17:12:38,2.531873703,3.129353285,3.168678761
17:12:38,2.532169104,3.129240036,3.169674873
17:12:38,2.531541348,3.127844334,3.169327021
17:12:38,2.532906055,3.129342556,3.16926074
17:12:38,2.53239131,3.129539967,3.17005372
17:12:38,2.531580448,3.129444361,3.171393394
17:12:38,2.531605959,3.129492998,3.170819759
17:12:38,2.531754017,3.12908268,3.170632601
17:12:38,2.5315907,3.129129648,3.172278166
17:12:38,2.530056715,3.128215313,3.171782255
17:12:38,2.53034687,3.128938198,3.172605276
17:12:38,2.529559612,3.130151749,3.172755957
17:12:39,2.528012037,3.128659964,3.173283339
17:12:39,2.527117491,3.128639936,3.172803879
17:12:39,2.527484417,3.128972292,3.172683239
17:12:39,2.527071238,3.12943244,3.17145586
17:12:39,2.526712894,3.128220081,3.171559811
17:12:39,2.5261724,3.128410101,3.17352128
17:12:39,2.525824547,3.129477978,3.172736645
17:12:39,2.525221109,3.128161192,3.173345566
17:12:39,2.524813414,3.128132343,3.172927618
17:12:39,2.524821758,3.129162788,3.172753572
17:12:39,2.523896217,3.128896236,3.17292881
17:12:39,2.524369478,3.128841877,3.173289537
17:12:39,2.525634766,3.128593445,3.173500776
17:12:39,2.525261164,3.12870574,3.173386574
17:12:39,2.524869204,3.128257513,3.174676657
17:12:39,2.524753332,3.128419876,3.172786713
17:12:39,2.523569345,3.129643202,3.173582792
17:12:39,2.523863077,3.129682302,3.173169851
17:12:39,2.524750948,3.128480434,3.173646212
17:12:39,2.524461269,3.129011154,3.173547983
17:12:39,2.524533987,3.129259109,3.173538923
17:12:39,2.526121616,3.128607512,3.172147512
17:12:39,2.526520252,3.128650904,3.171531916
17:12:39,2.527209282,3.12943697,3.17223382
17:12:39,2.526115656,3.129606247,3.170603037
17:12:39,2.526867628,3.128612757,3.169986725
17:12:39,2.525779963,3.129656076,3.169779539
17:12:39,2.526281834,3.129884481,3.16884017
17:12:39,2.525645971,3.128510952,3.168080091
17:12:39,2.526598454,3.128625393,3.168019295
17:12:39,2.526539326,3.129660606,3.167968035
17:12:39,2.526566982,3.129311562,3.167457342
17:12:39,2.527336597,3.127887964,3.164801359
17:12:39,2.528250694,3.128901482,3.164498568
17:12:39,2.527723551,3.130137444,3.164874315
17:12:39,2.528533459,3.12874341,3.164903402
17:12:39,2.528862238,3.12897563,3.16572237
17:12:39,2.529857635,3.130581379,3.165863991
17:12:39,2.529050112,3.130178213,3.16667676
17:12:39,2.530014753,3.128498793,3.166275978
17:12:39,2.529879808,3.129268408,3.166043758
17:12:39,2.531135798,3.13052392,3.16676116
17:12:39,2.531126022,3.129267693,3.167813301
17:12:39,2.531706572,3.129502535,3.167247295
17:12:39,2.532013893,3.130221367,3.168302774
17:12:39,2.532043457,3.129428864,3.16720891
17:12:39,2.531815529,3.129327059,3.169137478
17:12:39,2.530687332,3.129952908,3.169016361
17:12:39,2.530744314,3.129441023,3.17109108
17:12:39,2.531974792,3.1292665,3.170306206
17:12:39,2.532605648,3.130002499,3.170610666
17:12:39,2.531081676,3.129451513,3.171043396
17:12:39,2.531188965,3.129642487,3.171161413
17:12:39,2.531366825,3.128737211,3.171034575
17:12:39,2.530258656,3.129737139,3.171634912
17:12:39,2.529780388,3.129857063,3.171668768
17:12:39,2.529647112,3.129131079,3.172381639
17:12:39,2.52846694,3.129094124,3.173029423
17:12:39,2.52875185,3.129450798,3.172533751
17:12:39,2.527974367,3.129206419,3.173455715
17:12:39,2.527750969,3.128883362,3.173598766
17:12:39,2.527350664,3.128684759,3.173616648
17:12:39,2.526262522,3.129170418,3.17322588
17:12:39,2.52643609,3.128588438,3.172364235
17:12:39,2.525269032,3.129074097,3.173519135
17:12:39,2.52559042,3.129370213,3.172682047
17:12:39,2.524167776,3.12891531,3.173446894
17:12:39,2.525812626,3.129252672,3.172472239
17:12:39,2.525440454,3.128098965,3.172532082
17:12:39,2.524039984,3.129353285,3.172515869
17:12:39,2.525905848,3.128337383,3.17256999
17:12:39,2.524730206,3.128439426,3.173642159
17:12:39,2.524781704,3.129036665,3.172925949
17:12:39,2.524266481,3.128043175,3.172369719
17:12:39,2.524927139,3.129055738,3.173246145
17:12:39,2.525296211,3.128815413,3.172771454
17:12:39,2.524589777,3.128440619,3.172752857
17:12:39,2.52469635,3.129018307,3.173559189
17:12:39,2.52554822,3.128973961,3.172934055
17:12:39,2.525794744,3.128913403,3.172303915
17:12:39,2.52504611,3.129316568,3.172884703
17:12:39,2.52599287,3.129169226,3.170767069
17:12:39,2.526821852,3.127684355,3.171541214
17:12:39,2.526365042,3.129467964,3.169900417
17:12:39,2.527062416,3.128814936,3.168869019
17:12:39,2.526145697,3.129141569,3.16874361
17:12:39,2.526860237,3.128938198,3.168000221
17:12:39,2.526940584,3.1291399,3.168728113
17:12:39,2.526400089,3.128916502,3.166283131
17:12:39,2.526862144,3.129217625,3.165412903
17:12:39,2.527436733,3.130169153,3.166239977
17:12:39,2.52733469,3.129419088,3.164969683
17:12:39,2.528004646,3.129284859,3.164805412
17:12:39,2.528265238,3.12973547,3.165388346
17:12:39,2.528595686,3.129407167,3.165137291
17:12:39,2.529281139,3.129103422,3.165367365
17:12:39,2.52876091,3.12908864,3.165815353
17:12:39,2.52918458,3.129930973,3.164862633
17:12:39,2.529763937,3.129158974,3.165868759
17:12:39,2.530826807,3.128900051,3.166327
17:12:39,2.530885935,3.130234957,3.165850878
17:12:39,2.531073093,3.130095243,3.16734767
17:12:39,2.531479836,3.129643679,3.168954611
17:12:39,2.531719446,3.129199266,3.169226885
17:12:39,2.53161478,3.130518675,3.168915033
17:12:39,2.531345367,3.129321098,3.169621229
17:12:39,2.532601833,3.129434586,3.170808077
17:12:39,2.531928062,3.130081892,3.171297312
17:12:39,2.531899691,3.129384518,3.170986891
17:12:39,2.531936407,3.129033089,3.171221018
17:12:39,2.531139374,3.129311562,3.172963142
17:12:39,2.530522108,3.130488396,3.172621012
17:12:39,2.530935764,3.129464626,3.171233177
17:12:39,2.530427694,3.128802299,3.172893524
17:12:39,2.530406475,3.129158258,3.173448324
17:12:39,2.529782534,3.129866123,3.172567606
17:12:39,2.529445648,3.128818989,3.171714306
17:12:39,2.528492212,3.129242897,3.172805786
17:12:39,2.529384136,3.129891396,3.172095776
17:12:40,2.527153492,3.129905701,3.171671867
17:12:40,2.526383162,3.129128933,3.172237635
17:12:40,2.527379751,3.129748583,3.172665596
17:12:40,2.525959015,3.129585981,3.172266722
17:12:40,2.524882078,3.127225161,3.172946215
17:12:40,2.524718046,3.128657579,3.173248291
17:12:40,2.524238586,3.129671812,3.172879934
17:12:40,2.523877144,3.128984928,3.172475815
17:12:40,2.524946451,3.128254652,3.173664331
17:12:40,2.525499344,3.129777908,3.172048807
17:12:40,2.524721861,3.129014254,3.173053265
17:12:40,2.524754047,3.128686905,3.173235178
17:12:40,2.524283171,3.128418684,3.173625708
17:12:40,2.523890734,3.129718542,3.175000906
17:12:40,2.525763988,3.128739357,3.173792601
17:12:40,2.526033878,3.128648043,3.172604084
17:12:40,2.526460409,3.129936934,3.173077583
17:12:40,2.525951385,3.12942934,3.173867941
17:12:40,2.525488853,3.128051758,3.172700644
17:12:40,2.525196314,3.129491806,3.172518253
17:12:40,2.526242256,3.129677057,3.171471596
17:12:40,2.525766373,3.129374027,3.17083478
17:12:40,2.526353359,3.128722191,3.17142415
17:12:40,2.526247978,3.130062342,3.170145512
17:12:40,2.52585578,3.128990412,3.168245316
17:12:40,2.527476311,3.128504992,3.166600227
17:12:40,2.526399374,3.128817558,3.16689229
17:12:40,2.52630806,3.12943244,3.166750193
17:12:40,2.526831627,3.129210234,3.164984226
17:12:40,2.526894569,3.129637957,3.164815187
17:12:40,2.527392149,3.129942656,3.165483713
17:12:40,2.526538849,3.12847352,3.165598631
17:12:40,2.528027296,3.129253864,3.164409161
17:12:40,2.528099775,3.129391909,3.164708853
17:12:40,2.529583693,3.129777908,3.16481781
17:12:40,2.529202938,3.128991604,3.165146589
17:12:40,2.530349731,3.129173756,3.164573908
17:12:40,2.529934406,3.130022049,3.165114164
17:12:40,2.529408455,3.128880501,3.166028738
17:12:40,2.530439854,3.129038334,3.166383028
17:12:40,2.531696081,3.129034281,3.167003393
17:12:40,2.530915976,3.129413366,3.166615248
17:12:40,2.531293631,3.129499197,3.168114662
17:12:40,2.532089949,3.129614353,3.168856859
17:12:40,2.531603098,3.129348755,3.171392441
17:12:40,2.531718493,3.1286726,3.171089888
17:12:40,2.531507254,3.130043507,3.170453548
17:12:40,2.532227993,3.128820181,3.170522451
17:12:40,2.532017946,3.129086971,3.17094326
17:12:40,2.531487226,3.130098343,3.171935558
17:12:40,2.531259775,3.12976861,3.173326969
17:12:40,2.531149864,3.129284382,3.172115088
17:12:40,2.531030416,3.128903627,3.172173738
17:12:40,2.53082037,3.129849911,3.173563719
17:12:40,2.529623747,3.129661083,3.174084187
17:12:40,2.529978991,3.128354311,3.172870636
17:12:40,2.52852416,3.128795385,3.17305088
17:12:40,2.528270006,3.129731417,3.173567295
17:12:40,2.527305841,3.129185915,3.172596455
17:12:40,2.527395964,3.128326654,3.17146039
17:12:40,2.526686907,3.129939079,3.173068762
17:12:40,2.526259184,3.129698277,3.173411131
17:12:40,2.525980473,3.128820658,3.173434734
17:12:40,2.524720669,3.129304409,3.172828436
17:12:40,2.524826765,3.12891531,3.171681643
17:12:40,2.525233269,3.12935257,3.173101425
17:12:40,2.524851799,3.128549576,3.172276735
17:12:40,2.525259018,3.128546953,3.173391342
17:12:40,2.524404049,3.128374338,3.173676968
17:12:40,2.52410984,3.12934351,3.174421072
17:12:40,2.524934769,3.12895298,3.173975706
17:12:40,2.525477886,3.128475666,3.173342466
17:12:40,2.524475098,3.128671408,3.172614574
17:12:40,2.525471449,3.128304482,3.17286396
17:12:40,2.525810003,3.129316568,3.173623085
17:12:40,2.525581121,3.129214525,3.17372632
17:12:40,2.525064707,3.128937721,3.173680544
17:12:40,2.525562763,3.129349232,3.170654774
17:12:40,2.525391817,3.128843546,3.17178297
17:12:40,2.526705265,3.129132748,3.172672033
17:12:40,2.526302338,3.128265858,3.171482086
17:12:40,2.526350498,3.130092859,3.169376135
17:12:40,2.52562499,3.129785299,3.168096066
17:12:40,2.525677919,3.128923655,3.16792345
17:12:40,2.526764154,3.129916191,3.167665958
17:12:40,2.525792122,3.12955451,3.166677952
17:12:40,2.526539326,3.128353119,3.166115522
17:12:40,2.526100159,3.128217697,3.165700436
17:12:40,2.528111696,3.129416704,3.164120913
17:12:40,2.527923822,3.129853249,3.165541649
17:12:40,2.527266741,3.129063129,3.164784431
17:12:40,2.528040171,3.130019188,3.163247585
17:12:40,2.528972864,3.12978673,3.163605452
17:12:40,2.529501438,3.128953695,3.165245533
17:12:40,2.529606342,3.128443956,3.164684534
17:12:40,2.52904439,3.129712105,3.164978981
17:12:40,2.529768229,3.12981987,3.165964127
17:12:40,2.529844761,3.129389048,3.166915655
17:12:40,2.530755997,3.129119635,3.168198824
17:12:40,2.530871153,3.129594326,3.166906357
17:12:40,2.531438828,3.129584551,3.16812849
17:12:40,2.53153944,3.128049612,3.168509483
17:12:40,2.531439543,3.130115509,3.170114994
17:12:40,2.531092167,3.130388975,3.170337677
17:12:40,2.531583071,3.129152298,3.170113802
17:12:40,2.532362938,3.130692005,3.171793222
17:12:40,2.53097105,3.129866123,3.171373844
17:12:40,2.53139019,3.128993511,3.172016144
17:12:40,2.531551361,3.128441334,3.17227006
17:12:40,2.53155756,3.130476475,3.173285007
17:12:40,2.529770374,3.128609419,3.173057795
17:12:40,2.530436754,3.128630638,3.174128532
17:12:40,2.530092001,3.130315781,3.173784018
17:12:40,2.529202461,3.129666328,3.172520638
17:12:40,2.529481649,3.128534555,3.170646191
17:12:40,2.528887033,3.128373146,3.172315359
17:12:41,2.528795242,3.130004168,3.173652172
17:12:41,2.527802706,3.129028797,3.171627522
17:12:41,2.527320385,3.128057241,3.17223978
17:12:41,2.52590704,3.129966736,3.172261238
17:12:41,2.526495934,3.12989068,3.174044132
17:12:41,2.526002645,3.129128456,3.172999859
17:12:41,2.525960684,3.128457785,3.172246456
17:12:41,2.525103569,3.129333019,3.17372632
17:12:41,2.525457859,3.128421068,3.174055815
17:12:41,2.525292158,3.128730774,3.174287558
17:12:41,2.525307178,3.128931761,3.173751354
17:12:41,2.524059296,3.129029274,3.173504114
17:12:41,2.525702238,3.128590107,3.173173428
17:12:41,2.524936676,3.128274202,3.173237801
17:12:41,2.524955273,3.129359245,3.174406528
17:12:41,2.52515316,3.128309727,3.173137426
17:12:41,2.526048899,3.127973557,3.1729877
17:12:41,2.524536371,3.129242897,3.173209906
17:12:41,2.524311781,3.128372192,3.172314405
17:12:41,2.525312901,3.128148079,3.173776865
17:12:41,2.52503252,3.128991604,3.171062469
17:12:41,2.525598049,3.128779888,3.171574593
17:12:41,2.525717497,3.129132748,3.170487404
17:12:41,2.526369095,3.127913475,3.170805216
17:12:41,2.525364161,3.13026309,3.169654846
17:12:41,2.52560854,3.128238916,3.167765379
17:12:41,2.526064873,3.127857447,3.169837475
17:12:41,2.526120663,3.128898382,3.16724205
17:12:41,2.525542974,3.128432035,3.166102886
17:12:41,2.525947332,3.128503323,3.164950848
17:12:41,2.52717495,3.128871918,3.165570736
17:12:41,2.526680708,3.129110813,3.166018724
17:12:41,2.527470827,3.127542257,3.165300846
17:12:41,2.528620481,3.129159451,3.164933205
17:12:41,2.528777838,3.13009882,3.164066792
17:12:41,2.529122114,3.128845692,3.164337158
17:12:41,2.528911591,3.129115105,3.16557312
17:12:41,2.528666735,3.128133535,3.163998842
17:12:41,2.529085159,3.129834414,3.165597439
17:12:41,2.530554533,3.127785683,3.166496992
17:12:41,2.530795813,3.127998352,3.167435646
17:12:41,2.530322552,3.130146503,3.167918682
17:12:41,2.530812263,3.128686905,3.166376591
17:12:41,2.531451702,3.129081964,3.167334557
17:12:41,2.532269955,3.128742218,3.167812586
17:12:41,2.530515194,3.129084587,3.169421673
17:12:41,2.531231403,3.128839493,3.168288231
17:12:41,2.532220364,3.12865591,3.169851303
17:12:41,2.531754971,3.129526138,3.170175552
17:12:41,2.531792164,3.127913475,3.172874928
17:12:41,2.53140521,3.128474951,3.171806097
17:12:41,2.531520844,3.129391432,3.17261076
17:12:41,2.530474901,3.12863183,3.172594309
17:12:41,2.531124353,3.127760172,3.172471285
17:12:41,2.53126049,3.128451586,3.172938824
17:12:41,2.531117916,3.129572153,3.173589468
17:12:41,2.529708862,3.128268003,3.171521425
17:12:41,2.529705048,3.128405809,3.172141314
17:12:41,2.529165983,3.129419088,3.172085524
17:12:41,2.527541399,3.128437757,3.172705412
17:12:41,2.527543306,3.128054619,3.172872305
17:12:41,2.527853489,3.12789917,3.171950579
17:12:41,2.527233601,3.129594803,3.172651768
17:12:41,2.526325941,3.128194094,3.173046827
17:12:41,2.52656579,3.127886534,3.171477318
17:12:41,2.52592802,3.129401922,3.1725595
17:12:41,2.525069475,3.128621578,3.172191143
17:12:41,2.525882244,3.128583431,3.172359228
17:12:41,2.52609849,3.129600525,3.172927141
17:12:41,2.525504112,3.129814386,3.173605442
17:12:41,2.525521994,3.127577066,3.173871756
17:12:41,2.525616169,3.128789663,3.174118042
17:12:41,2.5262537,3.129866123,3.174009323
17:12:41,2.524643421,3.1284163,3.173115253
17:12:41,2.525435209,3.128061056,3.172331095
17:12:41,2.526171923,3.129529715,3.173790932
17:12:41,2.52567625,3.130440712,3.174019098
17:12:41,2.526171207,3.129204273,3.17201066
17:12:41,2.524933338,3.128564835,3.172084332
17:12:41,2.52586174,3.129982233,3.171297789
17:12:41,2.525503397,3.128840208,3.171214581
17:12:41,2.525679111,3.128593445,3.16973567
17:12:41,2.526191473,3.12975359,3.170392752
17:12:41,2.526338339,3.129698277,3.169685841
17:12:41,2.525574207,3.128244638,3.168434858
17:12:41,2.525919199,3.128857613,3.169299603
17:12:41,2.52545619,3.129744768,3.167239904
17:12:41,2.526313782,3.128679037,3.165943146
17:12:41,2.52630806,3.12800169,3.164763212
17:12:41,2.525845289,3.128854752,3.165147781
17:12:41,2.526397943,3.130623341,3.1645751
17:12:41,2.528386831,3.12973237,3.164721012
17:12:41,2.528539658,3.129074097,3.164863825
17:12:41,2.528565407,3.129232883,3.166894197
17:12:41,2.529060602,3.129815578,3.166601181
17:12:41,2.529230595,3.128045559,3.166540623
17:12:41,2.529689074,3.129470348,3.165418148
17:12:41,2.529599428,3.129997969,3.166419506
17:12:41,2.529604435,3.128496408,3.16704464
17:12:41,2.531009674,3.128679037,3.167421579
17:12:41,2.531718969,3.129881382,3.167333364
17:12:41,2.531949759,3.129416704,3.16734004
17:12:41,2.531927586,3.128069639,3.169675589
17:12:41,2.531885862,3.129440546,3.170485735
17:12:41,2.530931711,3.130440712,3.171126366
17:12:41,2.531794071,3.128438473,3.169775724
17:12:41,2.532387257,3.128706694,3.171063662
17:12:41,2.531845808,3.129047632,3.17244029
17:12:41,2.530969381,3.128552437,3.171877146
17:12:41,2.530756474,3.128546953,3.171002865
17:12:41,2.531588554,3.129089117,3.172809839
17:12:41,2.530272484,3.130049229,3.17275691
17:12:41,2.531323195,3.12767005,3.172683716
17:12:41,2.530286312,3.128664732,3.172435045
17:12:41,2.529439211,3.129701138,3.172716856
17:12:41,2.528640032,3.129076958,3.171987772
17:12:41,2.528893709,3.128405809,3.170755148
17:12:41,2.528489113,3.129137516,3.170643806
17:12:41,2.528097153,3.129252195,3.171521425
17:12:42,2.5273211,3.127983809,3.170990467
17:12:42,2.52688694,3.129122972,3.170195818
17:12:42,2.526849031,3.130030632,3.171182871
17:12:42,2.525984049,3.12789011,3.171464443
17:12:42,2.525252581,3.128837824,3.171998501
17:12:42,2.525251389,3.129172564,3.17178154
17:12:42,2.524908066,3.12855792,3.174162388
17:12:42,2.525542498,3.128948927,3.172713518
17:12:42,2.525594711,3.128620386,3.171570301
17:12:42,2.525733709,3.129462957,3.172983885
17:12:42,2.52594161,3.128837585,3.173428535
17:12:42,2.52545023,3.128956079,3.173396587
17:12:42,2.52528286,3.129619598,3.17310214
17:12:42,2.524790764,3.128624439,3.174167395
17:12:42,2.52478528,3.128518343,3.174666882
17:12:42,2.526824713,3.128575802,3.174547195
17:12:42,2.526491404,3.129135132,3.173663855
17:12:42,2.525471449,3.128414631,3.17150569
17:12:42,2.525470734,3.12860465,3.170403004
17:12:42,2.524937391,3.12899971,3.170165777
17:12:42,2.525312424,3.128054619,3.170296431
17:12:42,2.52540803,3.129710913,3.169697523
17:12:42,2.524423599,3.130267382,3.168859243
17:12:42,2.525441885,3.128653765,3.16994524
17:12:42,2.52626729,3.128686428,3.168809414
17:12:42,2.525765657,3.129483223,3.166559935
17:12:42,2.524740934,3.129604816,3.167383909
17:12:42,2.525969982,3.128848791,3.165914774
17:12:42,2.525985718,3.129089117,3.166191816
17:12:42,2.526334047,3.130246639,3.164496183
17:12:42,2.526695013,3.129603624,3.165094614
17:12:42,2.527838707,3.12899971,3.164973021
17:12:42,2.528112173,3.129474163,3.165190458
17:12:42,2.527313948,3.129598141,3.165423393
17:12:42,2.528918505,3.12967062,3.165715933
17:12:42,2.530315876,3.129997015,3.165734291
17:12:42,2.530715704,3.131184816,3.166893005
17:12:42,2.529164076,3.129163742,3.167886019
17:12:42,2.531059742,3.129233599,3.167876244
17:12:42,2.532041788,3.130045176,3.167406321
17:12:42,2.53182888,3.1296978,3.168081999
17:12:42,2.53078866,3.129114389,3.16866684
17:12:42,2.532298326,3.128750324,3.169501066
17:12:42,2.533265829,3.130066395,3.169984341
17:12:42,2.532305956,3.130262613,3.168744802
17:12:42,2.53177309,3.129914999,3.172256231
17:12:42,2.533243895,3.129637957,3.173842669
17:12:42,2.531469107,3.130192995,3.173010349
17:12:42,2.531555414,3.128555775,3.171986103
17:12:42,2.531662226,3.129807472,3.171312332
17:12:42,2.531647444,3.130741358,3.171770573
17:12:42,2.531185865,3.129504919,3.171648979
17:12:42,2.531200409,3.128209114,3.171831608
17:12:42,2.529654026,3.130123615,3.171784639
17:12:42,2.529591799,3.130246639,3.172413111
17:12:42,2.528783083,3.129102945,3.173374414
17:12:42,2.527343988,3.129805565,3.174132824
17:12:42,2.52767396,3.129430056,3.171882629
17:12:42,2.52837801,3.128865719,3.171473265
17:12:42,2.526875734,3.128911018,3.170120239
17:12:42,2.525795937,3.129779577,3.171988249
17:12:42,2.52673912,3.129356861,3.171093941
17:12:42,2.525808334,3.128504276,3.169978619
17:12:42,2.525543451,3.129389048,3.172478914
17:12:42,2.525105476,3.130131006,3.172660589
17:12:42,2.524811029,3.129191399,3.172954321
17:12:42,2.524341583,3.12904954,3.173372269
17:12:42,2.525046825,3.12893486,3.173103571
17:12:42,2.525182009,3.129260778,3.173716545
17:12:42,2.524955034,3.128921509,3.17211175
17:12:42,2.525031567,3.129981041,3.172461271
17:12:42,2.525216579,3.130043507,3.173597336
17:12:42,2.525699615,3.129576921,3.173317194
17:12:42,2.526068687,3.12915659,3.172439098
17:12:42,2.525679111,3.129344225,3.171343565
17:12:42,2.525330067,3.12863493,3.172868013
17:12:42,2.52583909,3.128165245,3.171905994
17:12:42,2.525817633,3.128513336,3.172157288
17:12:42,2.526026964,3.129358053,3.171890736
17:12:42,2.525823832,3.128807306,3.170149803
17:12:42,2.524506569,3.129479647,3.169522524
17:12:42,2.524545193,3.129334927,3.169405699
17:12:42,2.525136232,3.129141569,3.169646502
17:12:42,2.525796652,3.128335714,3.167195559
17:12:42,2.524646997,3.129859686,3.167554617
17:12:42,2.525421381,3.128830433,3.166134119
17:12:42,2.524924278,3.128047943,3.167245388
17:12:42,2.527252197,3.130070925,3.165281773
17:12:42,2.526376009,3.12951684,3.165125132
17:12:42,2.526138783,3.128598928,3.164478779
17:12:42,2.527268171,3.128233671,3.164754868
17:12:42,2.528081894,3.130357265,3.16412735
17:12:42,2.528230429,3.128679037,3.165603399
17:12:42,2.528408766,3.128017426,3.165668964
17:12:42,2.530673981,3.130529404,3.168859959
17:12:42,2.529342413,3.129594803,3.168489933
17:12:42,2.53087759,3.129072905,3.167950153
17:12:42,2.530853271,3.128246546,3.16819644
17:12:42,2.530899525,3.130188465,3.16700387
17:12:42,2.532145262,3.129563808,3.168568611
17:12:42,2.5319314,3.128617287,3.169985533
17:12:42,2.533029556,3.130092144,3.170489788
17:12:42,2.531599522,3.129572153,3.170026779
17:12:42,2.533039808,3.128247023,3.169251919
17:12:42,2.532768488,3.128451109,3.171398878
17:12:42,2.532171011,3.12944603,3.171155453
17:12:42,2.532163382,3.128621578,3.171177864
17:12:42,2.532315254,3.128781557,3.171251297
17:12:42,2.532148838,3.129238367,3.170694351
17:12:42,2.530557156,3.128871202,3.172096491
17:12:42,2.531564713,3.128614664,3.171812534
17:12:42,2.530962467,3.128796101,3.172033548
17:12:42,2.528911114,3.129299879,3.170609474
17:12:42,2.529009342,3.128926039,3.171182156
17:12:42,2.528763056,3.127918243,3.172260046
17:12:43,2.526846647,3.129331112,3.172110319
17:12:43,2.527416706,3.128816843,3.171063185
17:12:43,2.52745986,3.128560781,3.171895504
17:12:43,2.526934147,3.128700733,3.171721697
17:12:43,2.525349855,3.129012346,3.172454834
17:12:43,2.525265932,3.128190756,3.171233892
17:12:43,2.524798155,3.128167629,3.172360659
17:12:43,2.524859428,3.129264116,3.172727823
17:12:43,2.524621964,3.128601789,3.172783136
17:12:43,2.525559664,3.128777504,3.173157692
17:12:43,2.52531147,3.128679037,3.173735142
17:12:43,2.524605751,3.128526926,3.174042463
17:12:43,2.524765015,3.128685951,3.174808502
17:12:43,2.524296045,3.128290415,3.17391777
17:12:43,2.524418354,3.128205538,3.172713518
17:12:43,2.524404049,3.127999306,3.171729803
17:12:43,2.525250912,3.12797308,3.173146725
17:12:43,2.525014162,3.128189564,3.172114611
17:12:43,2.524760962,3.129320621,3.172230005
17:12:43,2.526578426,3.128380775,3.171947241
17:12:43,2.52567625,3.128485918,3.172426939
17:12:43,2.525345087,3.128096104,3.170778036
17:12:43,2.525684357,3.12911725,3.168783188
17:12:43,2.526640654,3.129839897,3.170166969
17:12:43,2.526863813,3.129626751,3.169028282
17:12:43,2.52661705,3.128937721,3.168417215
17:12:43,2.525246859,3.128835201,3.16674757
17:12:43,2.526512861,3.128829718,3.166349649
17:12:43,2.525687218,3.129079342,3.167100668
17:12:43,2.527162075,3.12935853,3.167104244
17:12:43,2.526314259,3.12882185,3.166124344
17:12:43,2.527745485,3.129263401,3.16694665
17:12:43,2.527503014,3.128538609,3.164512873
17:12:43,2.527756691,3.129234076,3.166232109
17:12:43,2.528648615,3.128397942,3.164994478
17:12:43,2.529117107,3.129991531,3.165114164
17:12:43,2.529954433,3.129167557,3.166209698
17:12:43,2.530100107,3.128946304,3.16681385
17:12:43,2.529943228,3.130022526,3.166519165
17:12:43,2.529698849,3.12955451,3.168237209
17:12:43,2.531279087,3.128768682,3.168744326
17:12:43,2.530813456,3.128001213,3.169231415
17:12:43,2.531615257,3.129674911,3.171531916
17:12:43,2.531386375,3.127897978,3.170421362
17:12:43,2.53208828,3.128824234,3.170852184
17:12:43,2.530500412,3.130440712,3.169106245
17:12:43,2.53251791,3.129331112,3.170769215
17:12:43,2.532251358,3.128922701,3.170643806
17:12:43,2.532016754,3.129669428,3.171228647
17:12:43,2.531625032,3.129607916,3.172414303
17:12:43,2.532796144,3.129737139,3.171735287
17:12:43,2.532262325,3.128220081,3.173178673
17:12:43,2.531556606,3.130545616,3.171877623
17:12:43,2.530118227,3.128909349,3.17148757
17:12:43,2.530803204,3.12901783,3.171149015
17:12:43,2.531671286,3.129706621,3.17265892
17:12:43,2.528601408,3.12834549,3.172535181
17:12:43,2.529098988,3.129060268,3.17105031
17:12:43,2.528450727,3.128957272,3.172151089
17:12:43,2.527425528,3.129407167,3.173208237
17:12:43,2.525494099,3.128103733,3.172433376
17:12:43,2.526540041,3.128595352,3.174184084
17:12:43,2.526685715,3.13007164,3.172506571
17:12:43,2.526205063,3.128264904,3.171733856
17:12:43,2.525187492,3.128805161,3.171329737
17:12:43,2.524941444,3.12958765,3.171565294
17:12:43,2.524291039,3.129353046,3.172964811
17:12:43,2.525070429,3.128281116,3.172134876
17:12:43,2.524679422,3.128587961,3.172200918
17:12:43,2.52487278,3.129230261,3.172250986
17:12:43,2.524442911,3.127629042,3.172430754
17:12:43,2.525041342,3.128092766,3.172592163
17:12:43,2.5251019,3.1286726,3.173549891
17:12:43,2.525234461,3.129628658,3.174183846
17:12:43,2.525570154,3.128619909,3.17260766
17:12:43,2.526868105,3.128661156,3.172366619
17:12:43,2.526261091,3.129206419,3.172297001
17:12:43,2.525890827,3.128591537,3.170285702
17:12:43,2.525014639,3.128050089,3.170676231
17:12:43,2.526795387,3.12927556,3.170466423
17:12:43,2.525571346,3.128611088,3.171163559
17:12:43,2.526760101,3.128764868,3.169271231
17:12:43,2.526292086,3.128900051,3.168839455
17:12:43,2.526508093,3.130048513,3.168805599
17:12:43,2.525823832,3.12830019,3.168404579
17:12:43,2.52520895,3.128329992,3.166975021
17:12:43,2.526208639,3.129364491,3.165808439
17:12:43,2.525874853,3.129502535,3.165751696
17:12:43,2.526136398,3.128425121,3.166001797
17:12:43,2.526590586,3.129760742,3.166228294
17:12:43,2.527091742,3.129828691,3.166731596
17:12:43,2.52824378,3.128931761,3.166614532
17:12:43,2.528745651,3.129035473,3.166812658
17:12:43,2.528730869,3.12937808,3.166001797
17:12:43,2.529535294,3.129465103,3.165537834
17:12:43,2.529620409,3.129280567,3.16601944
17:12:43,2.529710531,3.129424334,3.165998459
17:12:43,2.529833317,3.128991127,3.167387724
17:12:43,2.531945229,3.128600121,3.166518927
17:12:43,2.5311625,3.130028486,3.167496443
17:12:43,2.531927586,3.129787207,3.168371201
17:12:43,2.531556606,3.129960299,3.169789314
17:12:43,2.531988382,3.129295826,3.168414354
17:12:43,2.531573772,3.12937808,3.170530319
17:12:43,2.531795979,3.129266024,3.171035051
17:12:43,2.532352924,3.128834724,3.172767162
17:12:43,2.532031775,3.129289627,3.171220541
17:12:43,2.53194356,3.129253864,3.170201778
17:12:43,2.532080173,3.129845858,3.170501947
17:12:43,2.532502413,3.128954887,3.171159983
17:12:43,2.531827688,3.128866911,3.170808792
17:12:43,2.531010866,3.130029678,3.172159195
17:12:43,2.53064847,3.129283667,3.173630714
17:12:43,2.530576944,3.129417896,3.172531605
17:12:43,2.529438019,3.12913394,3.173215389
17:12:43,2.529467821,3.129697084,3.172995806
17:12:43,2.528429985,3.128960133,3.171799421
17:12:43,2.528365135,3.129565001,3.170888901
17:12:43,2.527523994,3.129045248,3.171808481
17:12:44,2.527070045,3.12904191,3.173280239
17:12:44,2.526753664,3.130349398,3.174274206
17:12:44,2.526066065,3.12943697,3.173642159
17:12:44,2.525597811,3.128358364,3.173807621
17:12:44,2.525599241,3.129383564,3.174214363
17:12:44,2.525363445,3.129467964,3.174387455
17:12:44,2.524934292,3.129344702,3.172943354
17:12:44,2.525018215,3.129379511,3.172033072
17:12:44,2.524882555,3.129158258,3.172915459
17:12:44,2.524483919,3.129351377,3.17333889
17:12:44,2.524656296,3.128700256,3.173223019
17:12:44,2.524569988,3.12942481,3.172986984
17:12:44,2.524384975,3.128900051,3.174215317
17:12:44,2.525089741,3.128908634,3.173336744
17:12:44,2.526048422,3.129069805,3.173884392
17:12:44,2.525801897,3.129493475,3.172406673
17:12:44,2.525540113,3.128197432,3.172016859
17:12:44,2.525300026,3.128577709,3.17087841
17:12:44,2.525594234,3.129555464,3.170387506
17:12:44,2.525717497,3.12904191,3.169266462
17:12:44,2.526243448,3.129465818,3.169462919
17:12:44,2.526336432,3.128680706,3.168151617
17:12:44,2.526619196,3.129252672,3.168334484
17:12:44,2.526109457,3.129339218,3.168116331
17:12:44,2.525595903,3.129382849,3.168090582
17:12:44,2.52635169,3.128903627,3.166561842
17:12:44,2.526033401,3.129217625,3.165876627
17:12:44,2.527301073,3.129075766,3.16628933
17:12:44,2.526941776,3.128983021,3.165160894
17:12:44,2.526899099,3.129289627,3.165522575
17:12:44,2.527450085,3.129243374,3.165434837
17:12:44,2.528532267,3.129514217,3.165498495
17:12:44,2.528567791,3.128860474,3.167269945
17:12:44,2.529438496,3.129180193,3.166247368
17:12:44,2.528916836,3.129565477,3.167006254
17:12:44,2.530541182,3.128599405,3.166153193
17:12:44,2.530193329,3.129351854,3.166891336
17:12:44,2.530915976,3.129328728,3.166346788
17:12:44,2.530853271,3.129421473,3.167691469
17:12:44,2.531698465,3.128489971,3.168982983
17:12:44,2.531325102,3.128201008,3.169677734
17:12:44,2.530323744,3.129824638,3.169067621
17:12:44,2.531206846,3.129137993,3.169313908
17:12:44,2.530970573,3.128920317,3.171510458
17:12:44,2.531511068,3.128787041,3.171386003
17:12:44,2.53175211,3.129098415,3.171144485
17:12:44,2.532625914,3.129307747,3.171221018
17:12:44,2.53251791,3.128659964,3.17054534
17:12:44,2.531397581,3.128747463,3.171506882
17:12:44,2.531378269,3.128669262,3.172064543
17:12:44,2.530425549,3.128609419,3.172706366
17:12:44,2.530288219,3.129670143,3.171322107
17:12:44,2.530754805,3.129962206,3.17221427
17:12:44,2.529090643,3.129728794,3.17092514
17:12:44,2.529130459,3.128736258,3.17416358
17:12:44,2.52842474,3.12919426,3.172343254
17:12:44,2.528255939,3.128561974,3.171477795
17:12:44,2.527280331,3.129271269,3.171769381
17:12:44,2.527697325,3.129226685,3.172916651
17:12:44,2.527098179,3.128760338,3.171972036
17:12:44,2.52627182,3.129299402,3.172178984
17:12:44,2.525957823,3.128817558,3.172223568
17:12:44,2.525702953,3.129507303,3.171955824
17:12:44,2.526033401,3.128344297,3.171868324
17:12:44,2.525578976,3.128962994,3.170417547
17:12:44,2.525564909,3.128716469,3.173624039
17:12:44,2.525304317,3.129651308,3.173419476
17:12:44,2.525439978,3.128976822,3.173049688
17:12:44,2.525341034,3.128417969,3.173398256
17:12:44,2.525215387,3.13041091,3.173302889
17:12:44,2.524657011,3.128664255,3.172680378
17:12:44,2.525037766,3.128217697,3.173439026
17:12:44,2.524979591,3.128720045,3.172748566
17:12:44,2.524750233,3.130014658,3.17424345
17:12:44,2.525573015,3.129095316,3.170848131
17:12:44,2.526087523,3.128451109,3.171973944
17:12:44,2.525848389,3.128797054,3.171926975
17:12:44,2.526080608,3.129086256,3.170310259
17:12:44,2.526150942,3.129152775,3.169987202
17:12:44,2.526880503,3.129216433,3.169850111
17:12:44,2.525898457,3.129864931,3.168887138
17:12:44,2.525850296,3.128805876,3.168205023
17:12:44,2.525878191,3.128472328,3.168141365
17:12:44,2.5268538,3.128748655,3.16821146
17:12:44,2.526063681,3.128867865,3.165948629
17:12:44,2.526752234,3.128778696,3.166702986
17:12:44,2.52612114,3.128050566,3.166702509
17:12:44,2.527014494,3.128999472,3.166739702
17:12:44,2.528073788,3.128725052,3.164873123
17:12:44,2.528071404,3.128503323,3.16540432
17:12:44,2.527927637,3.129337311,3.165369749
17:12:44,2.528081894,3.128989935,3.166109562
17:12:44,2.528670311,3.129922867,3.165958881
17:12:44,2.529690266,3.129078865,3.166947126
17:12:44,2.528821468,3.128798723,3.167354345
17:12:44,2.5313344,3.129761696,3.166437864
17:12:44,2.530903816,3.12838006,3.167147398
17:12:44,2.531305552,3.129299879,3.167135715
17:12:44,2.532249451,3.129514217,3.169187069
17:12:44,2.531457663,3.129694462,3.170149326
17:12:44,2.531578779,3.128799915,3.169517279
17:12:44,2.531624556,3.129557848,3.167948246
17:12:44,2.531455278,3.129459381,3.171370506
17:12:44,2.531630039,3.12920475,3.171923399
17:12:44,2.532035351,3.129001617,3.172021151
17:12:44,2.532350063,3.128652573,3.171436548
17:12:44,2.53183794,3.129607916,3.17248559
17:12:44,2.531544924,3.130314589,3.172668695
17:12:44,2.531720638,3.128577232,3.173334599
17:12:44,2.531270266,3.129735947,3.172105789
17:12:44,2.530523777,3.129200459,3.173007488
17:12:44,2.530184746,3.129598618,3.171323299
17:12:44,2.528735161,3.129033089,3.174118042
17:12:44,2.528795719,3.129532576,3.174156189
17:12:44,2.528183222,3.128590107,3.173940659
17:12:44,2.527664185,3.129184246,3.173074007
17:12:45,2.527326107,3.129321814,3.173382044
17:12:45,2.528156042,3.12943244,3.172665596
17:12:45,2.527358294,3.129841089,3.172755241
17:12:45,2.52679801,3.128651381,3.171383142
17:12:45,2.52619338,3.129055262,3.17277503
17:12:45,2.524661541,3.129247427,3.172132015
17:12:45,2.525144339,3.130017519,3.171663284
17:12:45,2.524875641,3.129338026,3.17282939
17:12:45,2.525228977,3.129247904,3.173811197
17:12:45,2.526027679,3.12887001,3.172542572
17:12:45,2.526028633,3.129323483,3.173593998
17:12:45,2.525937796,3.129079819,3.173623562
17:12:45,2.5252316,3.12974143,3.174442053
17:12:45,2.525950193,3.129050255,3.171277523
17:12:45,2.525482416,3.129359245,3.172498465
17:12:45,2.523940563,3.128351927,3.173324347
17:12:45,2.523990631,3.129318237,3.173198938
17:12:45,2.524529934,3.128653288,3.17306304
17:12:45,2.525128603,3.129163265,3.171995878
17:12:45,2.524952888,3.128987789,3.171106577
17:12:45,2.525030851,3.128895521,3.170590162
17:12:45,2.52650857,3.129221678,3.169908285
17:12:45,2.525015116,3.129599333,3.169029474
17:12:45,2.525517225,3.12912178,3.168895245
