Time,X,Y,Z
16:32:39,2.558278561,3.502564192,2.555254221
16:32:39,2.557937145,3.502789259,2.554567814
16:32:39,2.558457613,3.503392458,2.554810524
16:32:39,2.558550596,3.501915932,2.555432796
16:32:39,2.557859898,3.50263238,2.555333614
16:32:39,2.55793643,3.501797438,2.554001808
16:32:39,2.558614969,3.501863718,2.554096222
16:32:39,2.557782412,3.502193451,2.554588795
16:32:39,2.557234049,3.502080441,2.554102898
16:32:39,2.557911396,3.502300739,2.554753304
16:32:39,2.558445692,3.501644135,2.555205345
16:32:39,2.557933569,3.50190258,2.555792093
16:32:39,2.558032036,3.503493786,2.554926395
16:32:39,2.55807066,3.502969265,2.55520463
16:32:39,2.556353331,3.501111507,2.554559231
16:32:39,2.557367563,3.502050638,2.555161715
16:32:39,2.558090925,3.50336194,2.556387186
16:32:39,2.558917761,3.503018141,2.555526972
16:32:39,2.55740428,3.501610041,2.554477215
16:32:39,2.558246374,3.502960205,2.554985285
16:32:39,2.558212042,3.502438545,2.553442955
16:32:39,2.557753325,3.501485109,2.555040121
16:32:39,2.557809591,3.501954079,2.555846453
16:32:39,2.558866024,3.501224518,2.554498911
16:32:39,2.557162046,3.50037384,2.554569244
16:32:39,2.558210373,3.499933243,2.554970026
16:32:39,2.557812214,3.499272585,2.55492878
16:32:39,2.557818174,3.499263048,2.554528713
16:32:39,2.557894707,3.498650074,2.553902388
16:32:39,2.557448149,3.498407125,2.555086851
16:32:39,2.558846235,3.498549223,2.554448128
16:32:39,2.557994604,3.498734713,2.553938866
16:32:39,2.55843997,3.497687578,2.554986
16:32:39,2.558447838,3.499312878,2.554553986
16:32:39,2.557964802,3.498433352,2.555076838
16:32:39,2.558532238,3.498342037,2.555383682
16:32:39,2.55800581,3.498166561,2.555317163
16:32:39,2.557220697,3.49809885,2.554286242
16:32:40,2.557204247,3.498387098,2.553659201
16:32:40,2.558497906,3.500780344,2.554631233
16:32:40,2.558278084,3.500462294,2.554874897
16:32:40,2.558853388,3.501050234,2.554352283
16:32:40,2.558505774,3.500190496,2.553782701
16:32:40,2.557277441,3.501028538,2.555372
16:32:40,2.558359385,3.501763582,2.554243326
16:32:40,2.55877471,3.504296303,2.554028273
16:32:40,2.5588727,3.503611803,2.554453373
16:32:40,2.55862999,3.503878117,2.55471611
16:32:40,2.559051037,3.505446672,2.554830313
16:32:40,2.559199572,3.505871058,2.554971218
16:32:40,2.558380365,3.5054636,2.554606915
16:32:40,2.558648586,3.505817413,2.554190159
16:32:40,2.558650017,3.5067451,2.555002928
16:32:40,2.558258772,3.506230116,2.55385828
16:32:40,2.558285952,3.506596327,2.555618048
16:32:40,2.557941675,3.505813122,2.556324244
16:32:40,2.559251785,3.505017042,2.556053877
16:32:40,2.558424473,3.505173922,2.555655241
16:32:40,2.558938742,3.503894329,2.554672241
16:32:40,2.558138609,3.503903389,2.554713964
16:32:40,2.5574646,3.503265619,2.555213451
16:32:40,2.557610035,3.503739595,2.554564476
16:32:40,2.558204651,3.502030849,2.554196119
16:32:40,2.558182955,3.502182245,2.555069208
16:32:40,2.557164431,3.501057625,2.555240393
16:32:40,2.557386637,3.500783443,2.554749012
16:32:40,2.557504177,3.500103712,2.554741859
16:32:40,2.55794692,3.499492407,2.554340363
16:32:40,2.557975292,3.498760223,2.554315329
16:32:40,2.557767153,3.498613358,2.554065228
16:32:40,2.557352781,3.498158693,2.553757906
16:32:40,2.55685544,3.497684956,2.554461479
16:32:40,2.55751729,3.497741699,2.552813292
16:32:40,2.557560444,3.498398066,2.554664373
16:32:40,2.557238579,3.49861598,2.555501699
16:32:40,2.556934834,3.498094082,2.554375887
16:32:40,2.558479548,3.499472141,2.555375338
16:32:40,2.557824135,3.500006437,2.55483675
16:32:40,2.55870676,3.499377251,2.554365635
16:32:40,2.558054686,3.498437166,2.554969311
16:32:40,2.55760479,3.499941826,2.554055214
16:32:40,2.557879448,3.500020027,2.554094315
16:32:40,2.558156252,3.499736309,2.554542065
16:32:40,2.557734966,3.50099802,2.554477215
16:32:40,2.558028221,3.4994874,2.554645777
16:32:40,2.557835817,3.500312567,2.555655241
16:32:40,2.558594465,3.502733469,2.555153847
16:32:40,2.558733702,3.502010107,2.555664301
16:32:40,2.559339762,3.501203537,2.554786682
16:32:40,2.558535814,3.50071764,2.554824352
16:32:40,2.558988333,3.501501083,2.553841114
16:32:40,2.558692694,3.501340151,2.554516792
16:32:40,2.557926416,3.502271414,2.553745747
16:32:40,2.557291508,3.501848459,2.5538342
16:32:40,2.558030844,3.502231121,2.553774118
16:32:40,2.558313131,3.502982855,2.555071354
16:32:40,2.558894396,3.503706455,2.554327965
16:32:40,2.557130337,3.503077984,2.555067062
16:32:40,2.558258772,3.503082752,2.554729223
16:32:40,2.557399988,3.502523661,2.554429531
16:32:40,2.558148384,3.502357244,2.555233717
16:32:40,2.557756662,3.501941681,2.554049492
16:32:40,2.55750823,3.503286362,2.554712534
16:32:40,2.557532787,3.502243519,2.55444479
16:32:40,2.558144569,3.501536369,2.554952621
16:32:40,2.557159424,3.50182271,2.553697586
16:32:40,2.556570768,3.500320911,2.553901911
16:32:40,2.556316376,3.499744654,2.554171801
16:32:40,2.556642532,3.499338865,2.554938316
16:32:40,2.556163549,3.498077631,2.553556681
16:32:40,2.556968927,3.498957157,2.553671122
16:32:40,2.557380438,3.498559237,2.554145098
16:32:40,2.557381392,3.498443127,2.554276228
16:32:40,2.557477236,3.49886775,2.554686308
16:32:40,2.556736469,3.497630119,2.553139448
16:32:40,2.557095289,3.498034716,2.553925753
16:32:40,2.557366133,3.498235464,2.553954124
16:32:40,2.55786109,3.498351812,2.554171801
16:32:40,2.557089329,3.498151541,2.553994417
16:32:40,2.557306767,3.498760223,2.554177523
16:32:40,2.557243347,3.499394417,2.555383682
16:32:40,2.557843924,3.499170065,2.554658413
16:32:40,2.558094978,3.499296665,2.554281473
16:32:40,2.556954622,3.499596596,2.554359674
16:32:40,2.55811882,3.500730753,2.555559635
16:32:40,2.558317661,3.500713587,2.554394484
16:32:40,2.557880163,3.50192523,2.556088924
16:32:40,2.558282614,3.501308918,2.554021597
16:32:40,2.557083368,3.5016675,2.554980755
16:32:40,2.557827234,3.502356529,2.554167032
16:32:40,2.558060884,3.502933979,2.555073738
16:32:40,2.55750823,3.502648115,2.555559635
16:32:40,2.557600498,3.50461936,2.555797338
16:32:40,2.557121754,3.503535032,2.555449486
16:32:40,2.55851531,3.50358057,2.554381132
16:32:40,2.556912184,3.50337553,2.554584265
16:32:40,2.557977915,3.504799843,2.559450626
16:32:40,2.561294556,3.510261059,2.558293343
16:32:40,2.561342955,3.509067774,2.55913043
16:32:40,2.561451197,3.507978201,2.558439255
16:32:40,2.561767101,3.508368969,2.557740211
16:32:40,2.561680794,3.507629633,2.558432102
16:32:40,2.560876608,3.507339954,2.557389021
16:32:40,2.560668468,3.506685734,2.556081772
16:32:40,2.561395168,3.506904125,2.557419777
16:32:40,2.561946869,3.507046938,2.556829929
16:32:40,2.560887814,3.506602049,2.557603359
16:32:40,2.561408758,3.505430937,2.557440281
16:32:40,2.561376572,3.50559783,2.558598518
16:32:40,2.561384678,3.505397558,2.558634996
16:32:40,2.562073708,3.504662275,2.558228254
16:32:40,2.561390638,3.503276587,2.557617188
16:32:40,2.561370611,3.50393486,2.557567835
16:32:40,2.561102629,3.503688097,2.557404995
16:32:40,2.56105423,3.503232718,2.55777669
16:32:40,2.562048435,3.505095005,2.557309866
16:32:40,2.560622454,3.503528357,2.556716919
16:32:41,2.562260866,3.503913164,2.558675528
16:32:41,2.560683727,3.503634691,2.55747962
16:32:41,2.560811758,3.504625797,2.557271242
16:32:41,2.561154127,3.504443169,2.558539152
16:32:41,2.5618577,3.505406141,2.557726622
16:32:41,2.561902761,3.504636765,2.558728218
16:32:41,2.561854362,3.505130768,2.558579445
16:32:41,2.561063051,3.505145073,2.558187962
16:32:41,2.561230659,3.504620075,2.558099508
16:32:41,2.562131166,3.506572723,2.558800459
16:32:41,2.561742067,3.506494999,2.559307814
16:32:41,2.562490702,3.507593155,2.559192657
16:32:41,2.562586546,3.507402658,2.559187889
16:32:41,2.561697721,3.507528543,2.558604002
16:32:41,2.561831951,3.507062912,2.559454679
16:32:41,2.561754465,3.507118225,2.558764458
16:32:41,2.561772346,3.50638485,2.558403015
16:32:41,2.561848402,3.507190704,2.559205294
16:32:41,2.561816692,3.508392334,2.558505297
16:32:41,2.5617764,3.507590055,2.557709217
16:32:41,2.562491894,3.509217739,2.557945967
16:32:41,2.562420368,3.508731842,2.557926655
16:32:41,2.560832977,3.508875847,2.558606148
16:32:41,2.562189579,3.509870291,2.557825565
16:32:41,2.56149435,3.509346247,2.558885813
16:32:41,2.562458992,3.509744406,2.558570862
16:32:41,2.562245369,3.509435177,2.558496714
16:32:41,2.562156916,3.50861764,2.558823586
16:32:41,2.561610699,3.508340836,2.557552576
16:32:41,2.561157465,3.507338762,2.557875872
16:32:41,2.562412024,3.507950306,2.557765484
16:32:41,2.562719822,3.507261038,2.558600664
16:32:41,2.562352419,3.507970333,2.558267117
16:32:41,2.561423779,3.506661654,2.557052612
16:32:41,2.561746836,3.506851196,2.557684898
16:32:41,2.56192255,3.506578684,2.558562279
16:32:41,2.561797619,3.50389123,2.558041811
16:32:41,2.562021494,3.504278183,2.559593916
16:32:41,2.561421394,3.503774881,2.55864954
16:32:41,2.561338902,3.50307107,2.558854103
16:32:41,2.562689543,3.50419116,2.557790041
16:32:41,2.5616014,3.503834248,2.559379101
16:32:41,2.562900305,3.50371623,2.559678555
16:32:41,2.560943842,3.503727913,2.557393074
16:32:41,2.562626123,3.50415802,2.559974909
16:32:41,2.561756849,3.504164457,2.558532
16:32:41,2.562144995,3.503701925,2.559412956
16:32:41,2.562124491,3.504009247,2.558235645
16:32:41,2.561847687,3.504299641,2.558026075
16:32:41,2.561689138,3.504992008,2.559149027
16:32:41,2.561987638,3.505352736,2.558989048
16:32:41,2.562202215,3.504720211,2.55927515
16:32:41,2.562196016,3.507371187,2.559408903
16:32:41,2.5626266,3.506561041,2.558801651
16:32:41,2.561755419,3.506771803,2.558554411
16:32:41,2.562591791,3.507276058,2.558240175
16:32:41,2.563389778,3.510696888,2.559998035
16:32:41,2.563919544,3.510886192,2.560996771
16:32:41,2.564188719,3.512283802,2.560147524
16:32:41,2.563848495,3.511662483,2.560134411
16:32:41,2.563231945,3.51187253,2.559522629
16:32:41,2.563097954,3.511905432,2.560244799
16:32:41,2.563245773,3.511325121,2.559714317
16:32:41,2.563251019,3.5126791,2.560835361
16:32:41,2.56395936,3.511203051,2.559369802
16:32:41,2.563379288,3.511759043,2.559842825
16:32:41,2.563203812,3.510540247,2.559529066
16:32:41,2.563417673,3.51165843,2.560751438
16:32:41,2.563702345,3.511499166,2.559803009
16:32:41,2.563647985,3.510864735,2.559318066
16:32:41,2.563841105,3.510849476,2.559477329
16:32:41,2.562847376,3.510167122,2.560221434
16:32:41,2.563694477,3.510902405,2.560366392
16:32:41,2.563887358,3.508940935,2.560487747
16:32:41,2.56304574,3.508374691,2.559960604
16:32:41,2.563269615,3.508971214,2.559043646
16:32:41,2.56283617,3.508644104,2.560889721
16:32:41,2.561451912,3.50645256,2.558104038
16:32:41,2.562375069,3.50619173,2.558916092
16:32:41,2.562339306,3.505618811,2.557760239
16:32:41,2.562006712,3.504298449,2.558988333
16:32:41,2.562102795,3.504689693,2.5593009
16:32:41,2.561723471,3.505169153,2.558897018
16:32:41,2.56200242,3.504001379,2.55831027
16:32:41,2.561307907,3.503613949,2.557410717
16:32:41,2.561457396,3.503769875,2.558747053
16:32:41,2.562141657,3.50327301,2.559091568
16:32:41,2.561310053,3.503453493,2.557963133
16:32:41,2.561582327,3.503820658,2.558410406
16:32:41,2.561667442,3.504736185,2.558375835
16:32:41,2.561348915,3.504492044,2.558614492
16:32:41,2.561078548,3.504557133,2.557746887
16:32:41,2.561385393,3.503566742,2.557868004
16:32:41,2.562308788,3.504632235,2.55743885
16:32:41,2.561218739,3.504320383,2.558707714
16:32:41,2.562113285,3.504206896,2.557840109
16:32:41,2.561778545,3.504295826,2.55820322
16:32:41,2.562003136,3.505040884,2.558294535
16:32:41,2.56128931,3.505034685,2.557797909
16:32:41,2.561397076,3.506237984,2.557418823
16:32:41,2.561649084,3.505885601,2.558029413
16:32:41,2.562213659,3.507676601,2.557715178
16:32:41,2.561942339,3.508008242,2.557995558
16:32:41,2.561801434,3.506919146,2.558223724
16:32:41,2.561781168,3.50770998,2.558633089
16:32:41,2.562526226,3.507759571,2.559357882
16:32:41,2.561884642,3.507879496,2.55977416
16:32:41,2.562053204,3.508411169,2.558474779
16:32:41,2.562092304,3.508263111,2.558463097
16:32:41,2.562005043,3.509092093,2.558192015
16:32:41,2.560849667,3.508708,2.558181524
16:32:41,2.562887669,3.508376837,2.557624578
16:32:41,2.561307192,3.510187864,2.55782032
16:32:41,2.561320543,3.50838542,2.559425831
16:32:41,2.562003851,3.509922266,2.559394121
16:32:42,2.562132359,3.50881958,2.55892849
16:32:42,2.561444044,3.507670641,2.55949235
16:32:42,2.561018467,3.507236481,2.557706594
16:32:42,2.561206818,3.507676601,2.557591677
16:32:42,2.561020613,3.506598711,2.557724953
16:32:42,2.561989784,3.505873203,2.55819273
16:32:42,2.561373472,3.505436182,2.558517218
16:32:42,2.561448336,3.505860806,2.557447433
16:32:42,2.560819626,3.504859924,2.55630374
16:32:42,2.560352087,3.503759384,2.557639599
16:32:42,2.561004162,3.50472641,2.558201313
16:32:42,2.561117649,3.502835989,2.558077097
16:32:42,2.560343742,3.501915455,2.55777812
16:32:42,2.560436964,3.502656698,2.558279037
16:32:42,2.560410023,3.504308224,2.558082581
16:32:42,2.561254978,3.504699469,2.557838917
16:32:42,2.561167955,3.50464201,2.557510853
16:32:42,2.561479807,3.50472641,2.557622671
16:32:42,2.561621904,3.506033182,2.557315826
16:32:42,2.562242985,3.505633831,2.557570934
16:32:42,2.561643124,3.505959511,2.558926105
16:32:42,2.560818911,3.504116774,2.558209896
16:32:42,2.561360121,3.505372286,2.557199955
16:32:42,2.560929298,3.505350351,2.558957338
16:32:42,2.562217236,3.505290031,2.559499502
16:32:42,2.561549902,3.507175446,2.557991028
16:32:42,2.561661005,3.506675243,2.557940483
16:32:42,2.561600685,3.505576372,2.558684587
16:32:42,2.561758041,3.505724669,2.556625128
16:32:42,2.561036825,3.506587744,2.558332205
16:32:42,2.561355114,3.506949425,2.557471752
16:32:42,2.561012745,3.50609827,2.557729244
16:32:42,2.561813354,3.507498503,2.558449984
16:32:42,2.56152463,3.507640123,2.558655739
16:32:42,2.561661005,3.508194923,2.559871912
16:32:42,2.561551094,3.507592678,2.55916214
16:32:42,2.562994003,3.50770998,2.558804989
16:32:42,2.561557055,3.506896973,2.558167458
16:32:42,2.562019348,3.508135319,2.558976412
16:32:42,2.561253786,3.507566929,2.557872534
16:32:42,2.561911106,3.507884026,2.558018208
16:32:42,2.561647415,3.506653786,2.558302402
16:32:42,2.56109786,3.50770092,2.558443785
16:32:42,2.561489105,3.508138657,2.557955265
16:32:42,2.561473846,3.508267164,2.558099985
16:32:42,2.562232256,3.508126974,2.559641123
16:32:42,2.560849667,3.50592041,2.558651447
16:32:42,2.56087184,3.505786419,2.557111979
16:32:42,2.561475039,3.507182837,2.557665825
16:32:42,2.561186314,3.505712032,2.557760239
16:32:42,2.561203003,3.50562644,2.558659554
16:32:42,2.561347723,3.506499529,2.5567801
16:32:42,2.561147451,3.505729675,2.55706811
16:32:42,2.5608356,3.5043118,2.556992292
16:32:42,2.560782671,3.505132914,2.557699203
16:32:42,2.561680079,3.504474401,2.557472944
16:32:42,2.560775518,3.504159212,2.558332205
16:32:42,2.562374353,3.503845453,2.558382273
16:32:42,2.561929703,3.50443244,2.558644295
16:32:42,2.56149292,3.504078865,2.55798173
16:32:42,2.561038494,3.504791498,2.558447838
16:32:42,2.561840534,3.504622698,2.558612585
16:32:42,2.562061787,3.504330158,2.558381081
16:32:42,2.562071085,3.503460646,2.558302402
16:32:42,2.561148167,3.503380299,2.55857563
16:32:42,2.561897993,3.50406146,2.558794975
16:32:42,2.562203884,3.504655123,2.55774641
16:32:42,2.562467575,3.503475428,2.558092594
16:32:42,2.56196785,3.504071712,2.557375193
16:32:42,2.561399698,3.504927397,2.558449984
16:32:42,2.561999083,3.503384113,2.558737516
16:32:42,2.561491013,3.504014969,2.557908773
16:32:42,2.561880112,3.504272699,2.558498859
16:32:42,2.561621904,3.505335808,2.559218168
16:32:42,2.561482906,3.504942179,2.557510853
16:32:42,2.561168671,3.505966663,2.557334423
16:32:42,2.561192274,3.504834652,2.556580305
16:32:42,2.56071353,3.506042957,2.556448698
16:32:42,2.560127258,3.50562644,2.557356119
16:32:42,2.56119895,3.505887508,2.557569742
16:32:42,2.561568975,3.507116318,2.557160854
16:32:42,2.561231375,3.506804228,2.557834864
16:32:42,2.561185837,3.507028103,2.557760239
16:32:42,2.562188625,3.507372379,2.557999372
16:32:42,2.560561419,3.506922483,2.555896521
16:32:42,2.560731888,3.507693052,2.557799816
16:32:42,2.560699463,3.507751703,2.557936668
16:32:42,2.56221199,3.508827448,2.557794571
16:32:42,2.561310768,3.507758856,2.558618069
16:32:42,2.56115675,3.507725716,2.557391167
16:32:42,2.561617136,3.507627726,2.55845499
16:32:42,2.561955929,3.509467125,2.558674097
16:32:42,2.561337709,3.508262634,2.558681965
16:32:42,2.561728001,3.507958651,2.558973551
16:32:42,2.561557055,3.507575512,2.557507515
16:32:42,2.561787844,3.507866144,2.558794975
16:32:42,2.56137991,3.507137775,2.558104038
16:32:42,2.562009573,3.507115602,2.558857918
16:32:42,2.562306881,3.506049633,2.559616566
16:32:42,2.562538147,3.507331371,2.557730198
16:32:42,2.561681986,3.506418943,2.559385538
16:32:42,2.561896086,3.506269217,2.558557749
16:32:42,2.562087059,3.506409883,2.557696819
16:32:42,2.561208963,3.505677462,2.557735682
16:32:42,2.561586857,3.506250858,2.558508158
16:32:42,2.562633991,3.506333113,2.559145451
16:32:42,2.561925888,3.506236076,2.559099436
16:32:42,2.562717915,3.504902363,2.559006929
16:32:42,2.561843872,3.505288839,2.558727503
16:32:42,2.56307888,3.50700736,2.557857275
16:32:42,2.561676502,3.506071568,2.559049845
16:32:42,2.563157797,3.505362988,2.559250593
16:32:42,2.563062191,3.50532794,2.559277296
16:32:42,2.561765909,3.504581928,2.55840826
16:32:42,2.561968565,3.505575657,2.558420897
16:32:42,2.5625,3.505783796,2.558431387
16:32:42,2.561354399,3.504841566,2.55892849
16:32:42,2.561592817,3.504841566,2.559330225
16:32:42,2.562248945,3.505828381,2.559394121
16:32:43,2.562626123,3.504861355,2.559664011
16:32:43,2.562746286,3.506211281,2.559228182
16:32:43,2.561768532,3.507017136,2.558619261
16:32:43,2.562181473,3.507436514,2.559963465
16:32:43,2.562707424,3.50709939,2.55874896
16:32:43,2.562937737,3.507807255,2.558650255
16:32:43,2.561722755,3.506949902,2.558801651
16:32:43,2.562774658,3.507820129,2.559597969
16:32:43,2.562129259,3.506906748,2.558877707
16:32:43,2.561549187,3.506835699,2.557965755
16:32:43,2.561372757,3.507820129,2.558640957
16:32:43,2.562339783,3.508367777,2.559568882
16:32:43,2.562452793,3.508251429,2.558398485
16:32:43,2.562084913,3.507348061,2.557426929
16:32:43,2.561547995,3.507176638,2.557765484
16:32:43,2.562006235,3.50854826,2.558245659
16:32:43,2.561218023,3.50707984,2.558163643
16:32:43,2.561984062,3.508117199,2.557143211
16:32:43,2.561506987,3.507457256,2.558035374
16:32:43,2.561907291,3.507764339,2.558406115
16:32:43,2.561228752,3.507989883,2.558859825
16:32:43,2.561719656,3.507127285,2.558650255
16:32:43,2.561029196,3.507674217,2.558228254
16:32:43,2.562051296,3.507276773,2.557840109
16:32:43,2.561839342,3.507537603,2.558449268
16:32:43,2.561463118,3.50653553,2.557981014
16:32:43,2.561355591,3.505270481,2.558139086
16:32:43,2.560676813,3.505045652,2.555897236
16:32:43,2.561064243,3.505689859,2.556802988
16:32:43,2.560740948,3.504888058,2.557932138
16:32:43,2.56141758,3.505281448,2.55799675
16:32:43,2.560352087,3.504352331,2.556264162
16:32:43,2.56138134,3.504798889,2.557822466
16:32:43,2.561081171,3.504340649,2.558273315
16:32:43,2.561276197,3.505115747,2.558969975
16:32:43,2.561329126,3.505190134,2.558163166
16:32:43,2.561813354,3.505250931,2.55851531
16:32:43,2.561918259,3.504413605,2.557650328
16:32:43,2.561099052,3.50500536,2.558283806
16:32:43,2.561100245,3.504789114,2.558540583
16:32:43,2.562338591,3.504554987,2.558307171
16:32:43,2.561144114,3.504839897,2.5575881
16:32:43,2.560780764,3.505166769,2.558224678
16:32:43,2.560820341,3.504342556,2.557088375
16:32:43,2.561371565,3.505817413,2.557923555
16:32:43,2.560951948,3.504827499,2.558132648
16:32:43,2.560529232,3.505786419,2.556272268
16:32:43,2.561454773,3.504839182,2.558163166
16:32:43,2.560980797,3.506091118,2.558043718
16:32:43,2.561707735,3.505600452,2.557760239
16:32:43,2.561140776,3.505509138,2.557422876
16:32:43,2.560688734,3.505770206,2.558166027
16:32:43,2.560854673,3.506629944,2.558437347
16:32:43,2.562503576,3.50690341,2.558775902
16:32:43,2.562083721,3.506724596,2.558690071
16:32:43,2.562172174,3.50612402,2.557421446
16:32:43,2.562171459,3.507255316,2.5586133
16:32:43,2.561082125,3.50629735,2.557812929
16:32:43,2.561758995,3.507066488,2.558051586
16:32:43,2.560573816,3.50603199,2.55772233
16:32:43,2.561165333,3.506851912,2.558658838
16:32:43,2.561356783,3.506742239,2.558088779
16:32:43,2.560386181,3.506676197,2.558004141
16:32:43,2.562208652,3.50797534,2.558484316
16:32:43,2.561603308,3.506577253,2.558680296
16:32:43,2.56058836,3.507289648,2.558089733
16:32:43,2.56107688,3.507212877,2.558190107
16:32:43,2.561715126,3.506703138,2.558111906
16:32:43,2.561547041,3.505613089,2.55895257
16:32:43,2.561605215,3.506125689,2.559057713
16:32:43,2.561582804,3.505013466,2.557914972
16:32:43,2.561509371,3.504824877,2.558799028
16:32:43,2.560822248,3.504463196,2.558313608
16:32:43,2.560435295,3.504639626,2.558311701
16:32:43,2.560434103,3.504882813,2.558969259
16:32:43,2.561687231,3.504723072,2.556471109
16:32:43,2.560932636,3.503713131,2.557555676
16:32:43,2.560920954,3.505142689,2.557182074
16:32:43,2.561713696,3.504747868,2.557176113
16:32:43,2.561439991,3.504725695,2.558729887
16:32:43,2.561374664,3.504888773,2.558957338
16:32:43,2.561392546,3.505396843,2.55717206
16:32:43,2.561223269,3.504974127,2.558353186
16:32:43,2.561602592,3.505513668,2.559067726
16:32:43,2.561052322,3.505466223,2.557842255
16:32:43,2.560560226,3.505264521,2.558076143
16:32:43,2.561602592,3.505320549,2.557272911
16:32:43,2.560072422,3.505312681,2.557816982
16:32:43,2.562299728,3.506969452,2.55765152
16:32:43,2.561950445,3.506896973,2.557263613
16:32:43,2.561905861,3.507632256,2.557574511
16:32:43,2.562782764,3.50865221,2.558732748
16:32:43,2.56216836,3.5087533,2.558668852
16:32:43,2.561464548,3.508812666,2.557822704
16:32:43,2.561352491,3.507254124,2.557535648
16:32:43,2.561746836,3.508603573,2.557852268
16:32:43,2.563426971,3.50794673,2.55853796
16:32:43,2.562198639,3.508027792,2.557927847
16:32:43,2.562269211,3.508986712,2.558664799
16:32:43,2.561620474,3.508927584,2.55944705
16:32:43,2.562083721,3.509185791,2.558549643
16:32:43,2.562272072,3.508706808,2.559682131
16:32:43,2.562666416,3.508276463,2.557878971
16:32:43,2.561734676,3.506968737,2.558045626
16:32:43,2.56102252,3.507191896,2.558356762
16:32:43,2.561520576,3.506125212,2.558627844
16:32:43,2.561310053,3.506020308,2.558697224
16:32:43,2.561797619,3.506486654,2.559728861
16:32:43,2.561950445,3.506523609,2.55826664
16:32:43,2.561220884,3.505314112,2.558436632
16:32:43,2.56161499,3.50595212,2.558306456
16:32:43,2.561175823,3.506308079,2.558169603
16:32:43,2.561553478,3.505789757,2.558465719
16:32:43,2.56189537,3.505695343,2.558065653
16:32:43,2.562312365,3.506333828,2.559051037
16:32:43,2.56203413,3.505143166,2.559248209
16:32:44,2.561091185,3.504153252,2.558474302
16:32:44,2.56044507,3.502778053,2.557965755
16:32:44,2.561552286,3.504025221,2.558991909
16:32:44,2.561347723,3.503851891,2.557734966
16:32:44,2.562000275,3.503916025,2.558488131
16:32:44,2.56122756,3.504206896,2.558496714
16:32:44,2.561816692,3.503713131,2.558284521
16:32:44,2.561574221,3.504081726,2.558033228
16:32:44,2.56170702,3.504781008,2.557878971
16:32:44,2.562559366,3.504015446,2.557276487
16:32:44,2.561810493,3.504566431,2.557244062
16:32:44,2.561593294,3.503602743,2.559516907
16:32:44,2.562111855,3.504026175,2.559361219
16:32:44,2.562482595,3.505561352,2.558350563
16:32:44,2.56188941,3.50603056,2.558733463
16:32:44,2.561880827,3.506127596,2.558725595
16:32:44,2.562770128,3.505972147,2.559018135
16:32:44,2.562202215,3.50736022,2.558696508
16:32:44,2.562751055,3.507192612,2.55901742
16:32:44,2.561784267,3.507423401,2.557729244
16:32:44,2.561739922,3.507677317,2.557239532
16:32:44,2.561308622,3.505950928,2.557352781
16:32:44,2.561617136,3.507066488,2.558134317
16:32:44,2.561006784,3.507115602,2.557735682
16:32:44,2.561537266,3.508359194,2.558662176
16:32:44,2.561244965,3.507300138,2.557256222
16:32:44,2.561930895,3.508509398,2.556830883
16:32:44,2.561523438,3.507796049,2.55845046
16:32:44,2.561428308,3.507734776,2.557783365
16:32:44,2.560465813,3.507381678,2.557955265
16:32:44,2.561174393,3.507739305,2.5577178
16:32:44,2.561514139,3.509451151,2.558741808
16:32:44,2.561416388,3.510758638,2.558982134
16:32:44,2.561617851,3.510267973,2.559507847
16:32:44,2.562180281,3.510274172,2.558585405
16:32:44,2.563382626,3.508964539,2.558906317
16:32:44,2.56174469,3.50902319,2.558946609
16:32:44,2.561441422,3.509313822,2.55856967
16:32:44,2.562078238,3.50843811,2.558990717
16:32:44,2.56253767,3.508648872,2.558656931
16:32:44,2.561578035,3.509209156,2.558413267
16:32:44,2.562996387,3.509026051,2.559146881
16:32:44,2.562014341,3.508421659,2.559867382
16:32:44,2.562663078,3.507003307,2.559524536
16:32:44,2.562994003,3.509103537,2.559798479
16:32:44,2.562795401,3.507654667,2.560588121
16:32:44,2.561551094,3.506874323,2.559900761
16:32:44,2.562852144,3.506970882,2.559630394
16:32:44,2.562593937,3.506279707,2.56095624
16:32:44,2.56239152,3.506084442,2.559834957
16:32:44,2.562922716,3.505470037,2.559344769
16:32:44,2.561812878,3.505852222,2.558702469
16:32:44,2.562238216,3.505739927,2.559649467
16:32:44,2.561900139,3.505298615,2.558418751
16:32:44,2.562345982,3.50453496,2.559621811
16:32:44,2.563064098,3.506145477,2.559936047
16:32:44,2.562124014,3.505009651,2.558536291
16:32:44,2.562012196,3.505763769,2.55854249
16:32:44,2.562444925,3.505411863,2.559995413
16:32:44,2.562563419,3.50653863,2.55978632
16:32:44,2.561890125,3.50621438,2.559583426
16:32:44,2.563127756,3.507770538,2.559295893
16:32:44,2.562547445,3.507090807,2.561072826
16:32:44,2.562747717,3.506842136,2.560357332
16:32:44,2.562198639,3.507309914,2.558941126
16:32:44,2.563545704,3.507481098,2.559905529
16:32:44,2.562842607,3.506561041,2.559244871
16:32:44,2.56276083,3.506356955,2.55799222
16:32:44,2.56162405,3.507252455,2.560402155
16:32:44,2.562989473,3.508030891,2.560119152
16:32:44,2.563477039,3.506658077,2.559367895
16:32:44,2.562910318,3.507038593,2.560113192
16:32:44,2.563109159,3.506504297,2.557698727
16:32:44,2.562337875,3.507897377,2.559242725
16:32:44,2.562575102,3.507881403,2.558981657
16:32:44,2.56232667,3.507677794,2.557817698
16:32:44,2.562608242,3.508221626,2.558941126
16:32:44,2.562128782,3.508387327,2.559591293
16:32:44,2.562088251,3.509369135,2.559473753
16:32:44,2.562467098,3.508498907,2.558979034
16:32:44,2.562565804,3.509123564,2.558705807
16:32:44,2.562375784,3.509406567,2.558858633
16:32:44,2.563161373,3.508759022,2.558153629
16:32:44,2.562416792,3.508613348,2.560143709
16:32:44,2.562205076,3.508005619,2.558378696
16:32:44,2.561964273,3.508170605,2.558563709
16:32:44,2.562452316,3.508584738,2.559322834
16:32:44,2.562076569,3.506511688,2.558508873
16:32:44,2.562336206,3.506400585,2.559126377
16:32:44,2.562089682,3.506265402,2.559181213
16:32:44,2.562426567,3.506211281,2.558176756
16:32:44,2.561821222,3.505400419,2.558212519
16:32:44,2.562272787,3.506519794,2.558859348
16:32:44,2.562007666,3.506330013,2.55823946
16:32:44,2.561953545,3.504712105,2.558325052
16:32:44,2.561668634,3.504770517,2.558982849
16:32:44,2.562605143,3.505237103,2.558486938
16:32:44,2.562515736,3.505543232,2.559173584
16:32:44,2.562870741,3.505663872,2.559201956
16:32:44,2.562986374,3.505643606,2.558632374
16:32:44,2.56218195,3.504945517,2.559803009
16:32:44,2.561803341,3.505877972,2.559148312
16:32:44,2.562446356,3.505791664,2.558661461
16:32:44,2.561811209,3.506087303,2.559155703
16:32:44,2.561758518,3.505623579,2.559124947
16:32:44,2.56279397,3.505625963,2.55866766
16:32:44,2.561734676,3.505682707,2.558708429
16:32:44,2.562190294,3.506260633,2.559212446
16:32:44,2.561618567,3.506579876,2.559309721
16:32:44,2.562482595,3.507595539,2.559391737
16:32:44,2.562087536,3.506772995,2.559780598
16:32:44,2.562036037,3.507030725,2.559405565
16:32:45,2.561084747,3.506685972,2.558166742
16:32:45,2.561136246,3.506705046,2.558570862
16:32:45,2.561982155,3.506813526,2.559062958
16:32:45,2.562501669,3.507506371,2.559305668
16:32:45,2.561878204,3.506551266,2.558096886
16:32:45,2.562479496,3.508547783,2.558382273
16:32:45,2.562675714,3.507812977,2.558043242
16:32:45,2.562451601,3.507540941,2.559420109
16:32:45,2.56235671,3.506730556,2.558873177
16:32:45,2.561466694,3.507416248,2.559205294
16:32:45,2.561628342,3.508133888,2.559180737
16:32:45,2.561880827,3.507601738,2.559256792
16:32:45,2.561608553,3.508490801,2.559666157
16:32:45,2.562411308,3.508522034,2.559826851
16:32:45,2.56322217,3.508332968,2.558560848
16:32:45,2.561967373,3.508953571,2.557838917
16:32:45,2.562752247,3.508678675,2.558336258
16:32:45,2.562149763,3.508710861,2.559025288
16:32:45,2.562758923,3.508455753,2.558353186
16:32:45,2.562097549,3.507999182,2.557932138
16:32:45,2.562446356,3.508620739,2.558887005
16:32:45,2.561821938,3.507793665,2.558129787
16:32:45,2.561685801,3.507520676,2.558943033
16:32:45,2.56248188,3.5076437,2.559532404
16:32:45,2.562134027,3.507200956,2.559066057
16:32:45,2.56250906,3.507593155,2.558057785
16:32:45,2.561594009,3.507249832,2.558196545
16:32:45,2.562904358,3.507082939,2.558309555
16:32:45,2.560655117,3.508789778,2.558571577
16:32:45,2.562072515,3.507245541,2.558763981
16:32:45,2.561376572,3.506118536,2.559064865
16:32:45,2.561570406,3.506092548,2.558557034
16:32:45,2.561893225,3.50548172,2.558724403
16:32:45,2.562212467,3.505246401,2.559331656
16:32:45,2.56257844,3.505068779,2.559076786
16:32:45,2.56256938,3.505618811,2.559652805
16:32:45,2.561783075,3.505832672,2.557883263
16:32:45,2.562157631,3.505796909,2.557039261
16:32:45,2.563162088,3.50677371,2.559174776
16:32:45,2.562670231,3.506173372,2.559154272
16:32:45,2.562372446,3.507414341,2.558377028
16:32:45,2.562456369,3.506609917,2.559171438
16:32:45,2.562560558,3.507960558,2.559118509
16:32:45,2.562147141,3.506494999,2.557617903
16:32:45,2.562527657,3.507519484,2.559068918
16:32:45,2.561989784,3.507050514,2.558898211
16:32:45,2.562204599,3.506975412,2.558209896
16:32:45,2.561739922,3.506617785,2.558589458
16:32:45,2.56150198,3.505788565,2.559045792
16:32:45,2.561473131,3.506474018,2.559045792
16:32:45,2.561122894,3.507070541,2.559369326
16:32:45,2.561516285,3.507576704,2.559252739
16:32:45,2.562026501,3.50727725,2.559338808
16:32:45,2.562567949,3.507225037,2.558281183
16:32:45,2.562113285,3.508308649,2.559579611
16:32:45,2.562881947,3.508502007,2.559602022
16:32:45,2.56202364,3.508006811,2.559606552
16:32:45,2.56221056,3.507879019,2.559495449
16:32:45,2.56147027,3.508349895,2.559168577
16:32:45,2.562077761,3.508330345,2.56057024
16:32:45,2.560841322,3.508430719,2.560060978
16:32:45,2.562824726,3.509357929,2.559847593
16:32:45,2.562452793,3.507618666,2.560348511
16:32:45,2.562366009,3.507688284,2.559503555
16:32:45,2.562617302,3.506712914,2.559462547
16:32:45,2.562426567,3.507026196,2.560134888
16:32:45,2.562263966,3.506819963,2.559655428
16:32:45,2.562325954,3.506508827,2.559705019
16:32:45,2.562642813,3.50687933,2.560363054
16:32:45,2.562580585,3.50690341,2.558891535
16:32:45,2.562085629,3.506472588,2.560082912
16:32:45,2.562371492,3.506892443,2.559278727
16:32:45,2.561802149,3.507407188,2.558896542
16:32:45,2.56340766,3.50831008,2.559247017
16:32:45,2.561837435,3.507640839,2.558832169
16:32:45,2.562602282,3.508403301,2.558706522
16:32:45,2.562458992,3.506855249,2.558886528
16:32:45,2.561454058,3.507265091,2.559229612
16:32:45,2.561629057,3.506528378,2.558544636
16:32:45,2.56238699,3.5070889,2.557970285
16:32:45,2.561982632,3.507243395,2.558557749
16:32:45,2.561749935,3.507154226,2.559293032
16:32:45,2.562039375,3.506094694,2.558498144
16:32:45,2.561912775,3.506668568,2.558588028
16:32:45,2.562597513,3.506793976,2.559324026
16:32:45,2.562009096,3.50672555,2.559452534
16:32:45,2.562033653,3.506622314,2.559342384
16:32:45,2.562230349,3.507405996,2.558895826
16:32:45,2.562302351,3.507296324,2.558251619
16:32:45,2.562259436,3.507632256,2.558417559
16:32:45,2.561906576,3.507265091,2.558489561
16:32:45,2.561939001,3.507793665,2.55913949
16:32:45,2.56280303,3.508352041,2.559381962
16:32:45,2.561802864,3.507131815,2.558080196
16:32:45,2.560406685,3.506416082,2.557992935
16:32:45,2.560723305,3.50707984,2.557434082
16:32:45,2.561242104,3.507507086,2.55830884
16:32:45,2.561748505,3.507507801,2.559746742
16:32:45,2.561424255,3.506616354,2.559033632
16:32:45,2.561629772,3.507603407,2.558951855
16:32:45,2.561469078,3.507230282,2.559284449
16:32:45,2.562191963,3.507886887,2.559083462
16:32:45,2.561247826,3.506169558,2.557928562
16:32:45,2.561580896,3.506048918,2.557015657
16:32:45,2.561206818,3.50628686,2.558166027
16:32:45,2.561555147,3.506241798,2.558116674
16:32:45,2.561736107,3.507055521,2.557602644
16:32:45,2.562281132,3.507371902,2.55875349
16:32:45,2.560683727,3.505490303,2.558211088
16:32:45,2.561369896,3.506180525,2.559695721
16:32:45,2.561242104,3.50551486,2.558014631
16:32:45,2.5606637,3.505297899,2.557856798
16:32:45,2.561744213,3.50440073,2.557049751
16:32:45,2.561074018,3.504688978,2.557512283
16:32:45,2.561201572,3.504930496,2.559762001
16:32:46,2.561460495,3.505319357,2.558442831
16:32:46,2.561320543,3.505190849,2.558098078
16:32:46,2.561171293,3.505433321,2.558306456
16:32:46,2.560717344,3.504879713,2.558959723
16:32:46,2.56199193,3.504073858,2.558901072
16:32:46,2.561946154,3.504314661,2.557387829
16:32:46,2.561496973,3.504216671,2.558240891
16:32:46,2.561648369,3.505596638,2.55901885
16:32:46,2.561120987,3.504672766,2.55778861
16:32:46,2.560568094,3.504235029,2.557239532
16:32:46,2.561242342,3.504698753,2.558874369
16:32:46,2.560819626,3.504759073,2.558547735
16:32:46,2.562062502,3.505491734,2.558442831
16:32:46,2.562041283,3.505497456,2.557985783
16:32:46,2.562942028,3.506668568,2.556779146
16:32:46,2.562146425,3.506677628,2.558205605
16:32:46,2.562786579,3.505975723,2.559468985
16:32:46,2.562404871,3.507166862,2.558916807
16:32:46,2.562880993,3.508919001,2.559509516
16:32:46,2.56250453,3.509388685,2.559794426
16:32:46,2.563424349,3.508562088,2.558914185
16:32:46,2.561784267,3.509242535,2.55872035
16:32:46,2.562920809,3.509762049,2.559936523
16:32:46,2.563047647,3.50876689,2.560115099
16:32:46,2.56201148,3.508238554,2.558750153
16:32:46,2.562001228,3.508230686,2.559100628
16:32:46,2.562265396,3.50890255,2.559654713
16:32:46,2.562457561,3.508126974,2.559824944
16:32:46,2.562946558,3.508066177,2.558208466
16:32:46,2.562427759,3.508592606,2.559083462
16:32:46,2.562875986,3.508740187,2.55878067
16:32:46,2.562625647,3.50850606,2.559632301
16:32:46,2.562080145,3.508851051,2.560318708
16:32:46,2.562164068,3.508728266,2.559141636
16:32:46,2.562293291,3.509161711,2.560188532
16:32:46,2.562874317,3.510267973,2.560665369
16:32:46,2.562106133,3.509369135,2.56020236
16:32:46,2.562262058,3.508590937,2.558754683
16:32:46,2.562243938,3.508823156,2.559113979
16:32:46,2.562966824,3.508061171,2.55999279
16:32:46,2.562957764,3.507646561,2.559676647
16:32:46,2.561909199,3.508481026,2.558096886
16:32:46,2.561631203,3.508144379,2.559494257
16:32:46,2.562665701,3.507955313,2.559587955
16:32:46,2.563059092,3.507399321,2.559701204
16:32:46,2.56294775,3.506351471,2.559052944
16:32:46,2.56192255,3.505926132,2.558897018
16:32:46,2.562315702,3.505574465,2.559652805
16:32:46,2.562194586,3.505352736,2.559342384
16:32:46,2.561810493,3.504481792,2.558986187
16:32:46,2.56144762,3.505456448,2.558422089
16:32:46,2.56247282,3.505702257,2.559352398
16:32:46,2.56221056,3.505052567,2.558688641
16:32:46,2.562874317,3.505693913,2.557657003
16:32:46,2.562632799,3.506951094,2.558114529
16:32:46,2.563047647,3.506718874,2.558629513
16:32:46,2.562862635,3.505511284,2.559973478
16:32:46,2.562523603,3.505988836,2.560339451
16:32:46,2.562192678,3.506049633,2.558746099
16:32:46,2.561793566,3.505349398,2.559719801
16:32:46,2.563380718,3.506738901,2.561425209
16:32:46,2.56350565,3.50682807,2.558586121
16:32:46,2.5627563,3.506947994,2.558816195
16:32:46,2.562621355,3.506361246,2.55950737
16:32:46,2.562202215,3.506192207,2.557936192
16:32:46,2.562143564,3.506860256,2.557879686
16:32:46,2.562412024,3.507674932,2.558233738
16:32:46,2.562542439,3.508426428,2.558895826
16:32:46,2.56148243,3.50724864,2.558339357
16:32:46,2.561719656,3.507942915,2.558832645
16:32:46,2.562160969,3.507917404,2.559414625
16:32:46,2.562095642,3.507846355,2.560696363
16:32:46,2.563075304,3.508211851,2.559063435
16:32:46,2.562369585,3.508261204,2.559832811
16:32:46,2.560852051,3.508841991,2.557899714
16:32:46,2.561646223,3.509226799,2.558939934
16:32:46,2.561357975,3.50834775,2.558234453
16:32:46,2.562396049,3.509693623,2.559118509
16:32:46,2.561442852,3.509459734,2.558932781
16:32:46,2.562003136,3.509335995,2.559393644
16:32:46,2.563312531,3.508146524,2.559227705
16:32:46,2.562156916,3.507364988,2.55841279
16:32:46,2.561338902,3.507693768,2.558674097
16:32:46,2.561648369,3.508455753,2.558304548
16:32:46,2.561539173,3.506891012,2.559197903
16:32:46,2.561570406,3.506397963,2.558443069
16:32:46,2.561446905,3.50639987,2.557041883
16:32:46,2.561785698,3.505977631,2.558909416
16:32:46,2.561914444,3.50544858,2.560153961
16:32:46,2.561418772,3.50583744,2.557303905
16:32:46,2.561249733,3.50568676,2.559668541
16:32:46,2.561101913,3.506584167,2.55843401
16:32:46,2.561036348,3.504944801,2.558418274
16:32:46,2.561095953,3.505081892,2.557546377
16:32:46,2.560725689,3.505500793,2.557600737
16:32:46,2.562115431,3.505621672,2.558845997
16:32:46,2.562349319,3.505532742,2.558658838
16:32:46,2.561768055,3.506272078,2.558588028
16:32:46,2.562215805,3.506761074,2.560197115
16:32:46,2.561830044,3.507198572,2.559006214
16:32:46,2.56188941,3.506917953,2.559923887
16:32:46,2.5623703,3.507000685,2.55989027
16:32:46,2.563160181,3.507184744,2.558419466
16:32:46,2.561057568,3.506329298,2.559710979
16:32:46,2.562447786,3.507657766,2.559573412
16:32:46,2.562452316,3.507321835,2.558432102
16:32:46,2.562191486,3.506893158,2.558755398
16:32:46,2.561874628,3.504983902,2.558754683
16:32:46,2.562747002,3.506217718,2.559986115
16:32:46,2.561893225,3.505283356,2.558673382
16:32:46,2.562057495,3.506600857,2.559600115
16:32:46,2.561811209,3.505425453,2.559746027
16:32:46,2.561777115,3.505610943,2.558853388
16:32:46,2.561935425,3.506204128,2.558828115
16:32:46,2.561814785,3.506694078,2.55919981
16:32:46,2.56188345,3.506598234,2.557998896
16:32:46,2.562434435,3.506634235,2.559887648
16:32:46,2.562476873,3.50789237,2.558823586
16:32:46,2.562769651,3.507164001,2.55881691
16:32:47,2.562297821,3.506482363,2.559418201
16:32:47,2.562971592,3.507603407,2.559419394
16:32:47,2.562308073,3.507794857,2.560392141
16:32:47,2.562727928,3.507708788,2.559545994
16:32:47,2.56207037,3.506736755,2.559137583
16:32:47,2.561376095,3.506821871,2.55879426
16:32:47,2.562306166,3.507046938,2.558941841
16:32:47,2.561320543,3.507050514,2.558020592
16:32:47,2.561888933,3.50632143,2.557962418
16:32:47,2.561422348,3.506635904,2.559006214
16:32:47,2.563134909,3.507965565,2.55867815
16:32:47,2.562635899,3.508205175,2.559746742
16:32:47,2.562305212,3.507129192,2.55854702
16:32:47,2.56218338,3.506587744,2.558848619
16:32:47,2.561837912,3.50701046,2.558262825
16:32:47,2.561338902,3.506478786,2.559662104
16:32:47,2.562283993,3.506720781,2.558915615
16:32:47,2.561310053,3.506651163,2.55886054
16:32:47,2.562446356,3.508609772,2.558840752
16:32:47,2.562672853,3.507711887,2.559220314
16:32:47,2.56225729,3.507057428,2.557348728
16:32:47,2.562381029,3.506571531,2.559252739
16:32:47,2.562117338,3.507593155,2.560525179
16:32:47,2.562933445,3.505849838,2.56044054
16:32:47,2.562109947,3.506983519,2.559093475
16:32:47,2.561942339,3.507428646,2.557934046
16:32:47,2.562465429,3.507081747,2.557333708
16:32:47,2.561877489,3.506494999,2.556592941
16:32:47,2.560832262,3.506548405,2.557910204
16:32:47,2.560735941,3.507179499,2.558154106
16:32:47,2.562313557,3.506589651,2.558484793
16:32:47,2.562026501,3.507757425,2.55886054
16:32:47,2.562263489,3.50737977,2.558013916
16:32:47,2.561581612,3.508195877,2.558248758
16:32:47,2.562297106,3.507185936,2.559640408
16:32:47,2.562517881,3.50857234,2.559036493
16:32:47,2.561274767,3.50714612,2.558551788
16:32:47,2.561861038,3.508066654,2.559124947
16:32:47,2.562445641,3.506692886,2.558225155
16:32:47,2.560573339,3.507136345,2.557827473
16:32:47,2.561030388,3.507722378,2.557169676
16:32:47,2.561695814,3.507080317,2.55892992
16:32:47,2.561869621,3.506886482,2.558419466
16:32:47,2.56182313,3.507314682,2.558178663
16:32:47,2.561573505,3.508356571,2.557075739
16:32:47,2.561687231,3.507427454,2.558929205
16:32:47,2.561202288,3.505192757,2.558077812
16:32:47,2.561771154,3.505321264,2.556776047
16:32:47,2.560844898,3.505432129,2.559114933
16:32:47,2.561999559,3.507134676,2.558238268
16:32:47,2.561770439,3.505465508,2.558583498
16:32:47,2.56148982,3.505399227,2.55847764
16:32:47,2.561165333,3.505696535,2.558128595
16:32:47,2.56149435,3.506160498,2.556963205
16:32:47,2.561284781,3.506067038,2.558624029
16:32:47,2.561436176,3.50727725,2.557719469
16:32:47,2.561640978,3.50639534,2.557120562
16:32:47,2.561558962,3.505388498,2.558710098
16:32:47,2.561176538,3.504781008,2.559502602
16:32:47,2.56167078,3.506367922,2.558111429
16:32:47,2.560721874,3.504873037,2.55940032
16:32:47,2.561617136,3.505298615,2.557702541
16:32:47,2.561141968,3.504844427,2.557897568
16:32:47,2.561053038,3.506629467,2.557291269
16:32:47,2.561633825,3.506652355,2.55717206
16:32:47,2.561245918,3.504963636,2.558606863
16:32:47,2.560997486,3.505467415,2.5565207
16:32:47,2.561193466,3.505150318,2.556493044
16:32:47,2.559386492,3.503699064,2.556965113
16:32:47,2.560198069,3.503509521,2.557105303
16:32:47,2.560699463,3.503608704,2.556593418
16:32:47,2.561426878,3.505440235,2.558625937
16:32:47,2.560823441,3.505061626,2.558077097
16:32:47,2.560458899,3.505657673,2.556329489
16:32:47,2.561969995,3.506624937,2.55783534
16:32:47,2.561288834,3.50595212,2.557359934
16:32:47,2.560986042,3.505152225,2.558523893
16:32:47,2.560702085,3.504645348,2.556742907
16:32:47,2.560958385,3.5072577,2.558351278
16:32:47,2.56123662,3.507182837,2.557781219
16:32:47,2.560647964,3.505339622,2.557463169
16:32:47,2.561267614,3.50545454,2.558231831
16:32:47,2.562421083,3.506543159,2.559170008
16:32:47,2.56202817,3.50712657,2.559355974
16:32:47,2.561040401,3.506024599,2.558533907
16:32:47,2.560796022,3.506185055,2.558357954
16:32:47,2.562322855,3.507143021,2.557434797
16:32:47,2.561098337,3.506613016,2.558258057
16:32:47,2.560961723,3.50699091,2.557963848
16:32:47,2.561249256,3.507730722,2.557924271
16:32:47,2.561223984,3.508127451,2.557494879
16:32:47,2.560967684,3.506964684,2.558903694
16:32:47,2.56166935,3.505568504,2.557466507
16:32:47,2.561088562,3.508010149,2.557475805
16:32:47,2.561322689,3.50630331,2.559936523
16:32:47,2.561484337,3.506204128,2.559024572
16:32:47,2.562260151,3.505069971,2.557908773
16:32:47,2.562072515,3.507176638,2.55946517
16:32:47,2.560608864,3.506459951,2.559044361
16:32:47,2.561161757,3.505774736,2.55792141
16:32:47,2.560897589,3.506090641,2.558438063
16:32:47,2.560696125,3.506596327,2.559299707
16:32:47,2.561662912,3.507399797,2.559928179
16:32:47,2.562195063,3.506692886,2.558590651
16:32:47,2.561927795,3.508441925,2.558471918
16:32:47,2.562064648,3.507846832,2.559849977
16:32:47,2.562097073,3.505635738,2.559587479
16:32:47,2.562992096,3.506926298,2.558129072
16:32:47,2.561701775,3.50755167,2.558158875
16:32:47,2.561541796,3.506387472,2.560042381
16:32:47,2.561692715,3.50620079,2.558794975
16:32:47,2.561869621,3.506014824,2.559042454
16:32:47,2.560849667,3.506541491,2.557834864
16:32:47,2.559997797,3.505731583,2.559396267
16:32:47,2.561850548,3.506080151,2.557973862
16:32:47,2.560127258,3.50592351,2.55799365
16:32:48,2.560232401,3.505742788,2.557850122
16:32:48,2.561831951,3.506019354,2.558756113
16:32:48,2.561429501,3.507139683,2.558794975
16:32:48,2.560647011,3.504811525,2.557847261
16:32:48,2.561240196,3.505962372,2.558644295
16:32:48,2.561903238,3.505109787,2.557352066
16:32:48,2.561414957,3.504757643,2.558472395
16:32:48,2.560796022,3.504840851,2.557271242
16:32:48,2.561742783,3.505710125,2.55877161
16:32:48,2.562312365,3.505869389,2.559395552
16:32:48,2.561127186,3.505170584,2.559004545
16:32:48,2.560918331,3.505887032,2.558455706
16:32:48,2.561367273,3.505804062,2.558679581
16:32:48,2.561970711,3.506622314,2.558790684
16:32:48,2.561656713,3.506208658,2.559243441
16:32:48,2.562400103,3.506467819,2.558394909
16:32:48,2.562151432,3.506997585,2.55798173
16:32:48,2.561354399,3.506686687,2.558070183
16:32:48,2.561315775,3.507201672,2.557791233
16:32:48,2.561798811,3.50615263,2.557721853
16:32:48,2.561536551,3.507135153,2.556866646
16:32:48,2.561575413,3.506216764,2.556579113
16:32:48,2.560962677,3.50630188,2.557963133
16:32:48,2.561902046,3.50663662,2.558041096
16:32:48,2.561047554,3.506711006,2.558416128
16:32:48,2.560934544,3.507238865,2.558284521
16:32:48,2.561554432,3.50626421,2.557534456
16:32:48,2.560872316,3.505674839,2.556913137
16:32:48,2.560784101,3.506164312,2.557747602
16:32:48,2.561270237,3.504784822,2.557690144
16:32:48,2.560561895,3.504568338,2.557968378
16:32:48,2.561303616,3.505420685,2.557810545
16:32:48,2.559524059,3.501225233,2.554019928
16:32:48,2.557873011,3.501605034,2.553580523
16:32:48,2.557855606,3.499928713,2.555107355
16:32:48,2.557241917,3.501084089,2.554624081
16:32:48,2.55772686,3.501443863,2.554432869
16:32:48,2.55809164,3.500099182,2.553733826
16:32:48,2.558516026,3.500397682,2.554206133
16:32:48,2.557478428,3.499738216,2.555224419
16:32:48,2.556736469,3.498301506,2.553812742
16:32:48,2.556274891,3.499244213,2.553548813
16:32:48,2.557235718,3.499538422,2.554156542
16:32:48,2.558482885,3.500981808,2.555067778
16:32:48,2.558227539,3.499922276,2.553360701
16:32:48,2.558279037,3.500403881,2.55495882
16:32:48,2.558439255,3.500622272,2.556633472
16:32:48,2.557862997,3.499768257,2.55423975
16:32:48,2.557765961,3.499746084,2.553919077
16:32:48,2.55841136,3.499791861,2.554067135
16:32:48,2.558295965,3.49928093,2.555813074
16:32:48,2.558532238,3.5003829,2.555595636
16:32:48,2.557434082,3.499563217,2.555777788
16:32:48,2.558269978,3.500016928,2.555173635
16:32:48,2.558119535,3.500198364,2.555212736
16:32:48,2.557933092,3.500289679,2.553961277
16:32:48,2.559632301,3.500678539,2.555313826
16:32:48,2.558071136,3.500813961,2.554778814
16:32:48,2.558477402,3.500750303,2.55575037
16:32:48,2.557804108,3.501513004,2.554682016
16:32:48,2.558428526,3.500335217,2.555104733
16:32:48,2.55819726,3.500576735,2.553296089
16:32:48,2.557642937,3.501358271,2.55512476
16:32:48,2.558641195,3.501529694,2.554128647
16:32:48,2.557865381,3.502123594,2.555096865
16:32:48,2.557633877,3.500572681,2.554032087
16:32:48,2.557523489,3.501253843,2.554438353
16:32:48,2.557268381,3.501773834,2.553741693
16:32:48,2.557635784,3.501127481,2.554855585
16:32:48,2.559280634,3.502866268,2.553740025
16:32:48,2.557862997,3.502375603,2.555190802
16:32:48,2.558383703,3.503961086,2.554037333
16:32:48,2.558643341,3.502330542,2.553692102
16:32:48,2.558656454,3.50297451,2.55472517
16:32:48,2.557102442,3.503445387,2.554517508
16:32:48,2.558131456,3.502453089,2.554951906
16:32:48,2.558256865,3.503103018,2.554851532
16:32:48,2.558009624,3.503210545,2.553217411
16:32:48,2.557626724,3.501796722,2.554714441
16:32:48,2.557651758,3.502382755,2.55310154
16:32:48,2.558145046,3.503042459,2.553548098
16:32:48,2.557875633,3.502831697,2.554734468
16:32:48,2.556941986,3.501774549,2.554307938
16:32:48,2.558110714,3.502675056,2.553461313
16:32:48,2.558262825,3.502249002,2.554549456
16:32:48,2.558124065,3.501801491,2.554338455
16:32:48,2.557482004,3.501867771,2.554298639
16:32:48,2.557200432,3.50034833,2.554161072
16:32:48,2.556540966,3.500829935,2.55420351
16:32:48,2.556646824,3.499304295,2.553878546
16:32:48,2.557535172,3.500578403,2.55480051
16:32:48,2.557215452,3.500099182,2.553925753
16:32:48,2.557157993,3.499336958,2.554667234
16:32:48,2.557514668,3.499366283,2.554861307
16:32:48,2.558094978,3.500814676,2.554790735
16:32:48,2.557706356,3.499583721,2.553979158
16:32:48,2.557178974,3.499085903,2.553806782
16:32:48,2.557787657,3.500215292,2.554354191
16:32:48,2.557192564,3.499068975,2.553921938
16:32:48,2.55757761,3.498800039,2.553806782
16:32:48,2.557466507,3.499027967,2.554464579
16:32:48,2.55782342,3.500528097,2.554529428
16:32:48,2.55797267,3.499564171,2.555571795
16:32:48,2.556823015,3.498360872,2.553178549
16:32:48,2.556874514,3.49917078,2.553527355
16:32:48,2.556617975,3.499425173,2.553287268
16:32:48,2.557497501,3.499565363,2.553693533
16:32:48,2.557576895,3.499420404,2.553505182
16:32:48,2.556873322,3.501200438,2.554126024
16:32:48,2.557855129,3.501941681,2.554514408
16:32:48,2.557794094,3.501321793,2.554623365
16:32:48,2.557524204,3.501058817,2.55480504
16:32:48,2.55629468,3.502323866,2.554243326
16:32:48,2.556860685,3.50187254,2.554454565
16:32:48,2.556640625,3.502030134,2.552466869
16:32:48,2.557906151,3.502824306,2.554229975
16:32:48,2.557429552,3.502543926,2.554774046
16:32:48,2.557655573,3.502681494,2.552706957
16:32:48,2.55733633,3.501840591,2.555167437
16:32:49,2.557511568,3.503422976,2.555788517
16:32:49,2.557881594,3.502442837,2.553355694
16:32:49,2.557509661,3.50190568,2.553884745
16:32:49,2.556931973,3.502554893,2.552755356
16:32:49,2.55704236,3.500346899,2.554409266
16:32:49,2.557008505,3.500840902,2.553888559
16:32:49,2.557199717,3.501265049,2.554141283
16:32:49,2.557948351,3.501819134,2.553596973
16:32:49,2.557847738,3.500393391,2.553627968
16:32:49,2.558105469,3.501462698,2.553788185
16:32:49,2.557319164,3.500080109,2.553178549
16:32:49,2.558000326,3.499327183,2.55523324
16:32:49,2.557272911,3.498967409,2.553759813
16:32:49,2.557820082,3.498996496,2.554787874
16:32:49,2.557867527,3.499451637,2.553354979
16:32:49,2.558489561,3.498656511,2.553951502
16:32:49,2.558043957,3.500472069,2.554581165
16:32:49,2.558398724,3.499506712,2.554807901
16:32:49,2.559137583,3.500395775,2.55437541
16:32:49,2.557588816,3.498773336,2.554897308
16:32:49,2.557751894,3.500113487,2.555484056
16:32:49,2.558326244,3.499279022,2.554970503
16:32:49,2.558936119,3.499693871,2.555128574
16:32:49,2.558002234,3.49906373,2.554275513
16:32:49,2.558882475,3.499891758,2.554791451
16:32:49,2.55848527,3.500102282,2.554583073
16:32:49,2.557859898,3.499615669,2.555245876
16:32:49,2.558178663,3.500299454,2.554466486
16:32:49,2.558441162,3.500100136,2.55574894
16:32:49,2.558516026,3.501769304,2.556034088
16:32:49,2.557948351,3.501353025,2.555971861
16:32:49,2.558552265,3.503262043,2.554662466
16:32:49,2.558580399,3.50270915,2.554834366
16:32:49,2.558638811,3.502897978,2.55450964
16:32:49,2.558718681,3.503866196,2.554798603
16:32:49,2.558980465,3.504075289,2.555084944
16:32:49,2.55907011,3.503623009,2.555171728
16:32:49,2.558548689,3.504151344,2.555321693
16:32:49,2.558186769,3.50522542,2.553886652
16:32:49,2.558029652,3.504676104,2.556094408
16:32:49,2.558154821,3.50563693,2.554289818
16:32:49,2.558773041,3.504909039,2.555021524
16:32:49,2.558788061,3.50604105,2.556237698
16:32:49,2.558679819,3.504714489,2.554701328
16:32:49,2.558309555,3.505677462,2.553282976
16:32:49,2.559368134,3.504153252,2.554955482
16:32:49,2.558359385,3.503298759,2.555368662
16:32:49,2.558345318,3.50241971,2.555128574
16:32:49,2.558029652,3.503843546,2.553736448
16:32:49,2.557940245,3.502112389,2.554691553
16:32:49,2.558254242,3.502466679,2.556218624
16:32:49,2.558208466,3.501013994,2.554593801
16:32:49,2.558054686,3.500841618,2.554227114
16:32:49,2.558217049,3.500386715,2.554801464
16:32:49,2.558447123,3.499981642,2.554774761
16:32:49,2.557676554,3.498935223,2.55434227
16:32:49,2.557622433,3.499260664,2.554741144
16:32:49,2.558012962,3.498182297,2.554939032
16:32:49,2.557306767,3.497236013,2.553740025
16:32:49,2.557626724,3.497362614,2.552863359
16:32:49,2.55769515,3.497662783,2.554587126
16:32:49,2.557663441,3.497221708,2.556156397
16:32:49,2.557976723,3.49673295,2.55398798
16:32:49,2.557837248,3.49766922,2.555510283
16:32:49,2.55859375,3.499122858,2.55571866
16:32:49,2.557881594,3.498871803,2.554354191
16:32:49,2.557768583,3.498863459,2.553640604
16:32:49,2.557442188,3.498022079,2.553974628
16:32:49,2.556848288,3.498062134,2.555176973
16:32:49,2.556910992,3.498954058,2.554297447
16:32:49,2.557680607,3.502153158,2.553486586
16:32:49,2.556963205,3.501004696,2.555709839
16:32:49,2.558114052,3.501225233,2.556067228
16:32:49,2.558982134,3.50178051,2.554538012
16:32:49,2.559101343,3.503613234,2.555717945
16:32:49,2.558629036,3.503430367,2.556658983
16:32:49,2.558638096,3.503193617,2.554530859
16:32:49,2.558601618,3.504442453,2.554061651
16:32:49,2.55825758,3.506481886,2.556094885
16:32:49,2.558462858,3.504248857,2.555562258
16:32:49,2.558906317,3.504664183,2.553453445
16:32:49,2.559001923,3.506068468,2.554674864
16:32:49,2.558383703,3.50326395,2.554889917
16:32:49,2.557076693,3.502184391,2.552785635
16:32:49,2.558445215,3.504651785,2.554001808
16:32:49,2.557922602,3.504981518,2.555649996
16:32:49,2.55780673,3.502637148,2.555100203
16:32:49,2.558332682,3.501384974,2.555288076
16:32:49,2.557964087,3.505638838,2.554644585
16:32:49,2.557828665,3.50369215,2.556001663
16:32:49,2.558019638,3.502346754,2.555063248
16:32:49,2.557805538,3.50238061,2.553540945
16:32:49,2.5574646,3.503296852,2.553828955
16:32:49,2.556472063,3.499936581,2.554352999
16:32:49,2.557195663,3.49837923,2.553665161
16:32:49,2.557500124,3.501091957,2.553740501
16:32:49,2.557415724,3.500511408,2.555132866
16:32:49,2.557604074,3.496870518,2.554989815
16:32:49,2.556990862,3.496498346,2.552878857
16:32:49,2.556649208,3.498345852,2.554089069
16:32:49,2.557297945,3.497651815,2.555590391
16:32:49,2.557630301,3.496982098,2.553799629
16:32:49,2.556478262,3.49632144,2.552751064
16:32:49,2.556774855,3.497897625,2.553768396
16:32:49,2.556050539,3.495688438,2.552790642
16:32:49,2.557666302,3.494775772,2.553347588
16:32:49,2.55731535,3.496871233,2.552298784
16:32:49,2.5580163,3.496577263,2.555841684
16:32:49,2.557456732,3.497582436,2.55469203
16:32:49,2.558005095,3.496812582,2.554582357
16:32:49,2.557458162,3.498152018,2.552755356
16:32:49,2.558104992,3.49689436,2.554409981
16:32:49,2.55773735,3.498159885,2.554366112
16:32:49,2.557026625,3.4990592,2.552845001
16:32:49,2.55680871,3.500278711,2.553954124
16:32:50,2.557287455,3.501010418,2.555122852
16:32:50,2.55710578,3.501273394,2.553689003
16:32:50,2.557012558,3.502787828,2.553583145
16:32:50,2.557507038,3.502394915,2.554655313
16:32:50,2.557498217,3.503477335,2.554350138
16:32:50,2.558099031,3.504776478,2.555770636
16:32:50,2.55831027,3.504064798,2.55457902
16:32:50,2.557219505,3.504622698,2.553580523
16:32:50,2.557605267,3.503271818,2.553838968
16:32:50,2.558338881,3.505285263,2.554094315
16:32:50,2.55838418,3.504184961,2.55376029
16:32:50,2.557327271,3.506026506,2.554682732
16:32:50,2.55840826,3.504326344,2.555029631
16:32:50,2.558217525,3.506217718,2.554325819
16:32:50,2.557676077,3.503405094,2.554514408
16:32:50,2.556421995,3.503232718,2.555078506
16:32:50,2.557357073,3.503422022,2.554059505
16:32:50,2.556740522,3.504457951,2.554630518
16:32:50,2.557593346,3.503408909,2.554840326
16:32:50,2.557224989,3.501844168,2.554331541
16:32:50,2.556925535,3.501938105,2.55368948
16:32:50,2.557995796,3.501577139,2.554187536
16:32:50,2.556583405,3.50109911,2.554846764
16:32:50,2.557458162,3.499820471,2.553468227
16:32:50,2.556050539,3.500369787,2.553380489
16:32:50,2.557687283,3.499326468,2.553828955
16:32:50,2.557121038,3.498921394,2.553368807
16:32:50,2.556694031,3.498672009,2.553008318
16:32:50,2.557442188,3.497374296,2.554268837
16:32:50,2.557234049,3.498319149,2.554421902
16:32:50,2.557889938,3.498317003,2.554718018
16:32:50,2.557856321,3.497385025,2.554807901
16:32:50,2.557321787,3.496175766,2.554356098
16:32:50,2.556996822,3.496398211,2.555073261
16:32:50,2.556463003,3.4971416,2.553696871
16:32:50,2.556096792,3.496579885,2.552716017
16:32:50,2.557316542,3.496103287,2.552834511
16:32:50,2.557054281,3.497504234,2.552235842
16:32:50,2.556881189,3.49678278,2.554044008
16:32:50,2.557053804,3.497359276,2.553955555
16:32:50,2.557183266,3.499029636,2.554056644
16:32:50,2.55772686,3.498999119,2.553446293
16:32:50,2.556871414,3.499468088,2.553261042
16:32:50,2.557193756,3.498192549,2.554481983
16:32:50,2.557670832,3.498565197,2.553075314
16:32:50,2.557889223,3.499492407,2.553353071
16:32:50,2.556293964,3.499775887,2.553701401
16:32:50,2.556511879,3.500812292,2.553085089
16:32:50,2.557125568,3.500988245,2.553474665
16:32:50,2.557385206,3.502441406,2.554237127
16:32:50,2.557183981,3.501195669,2.554039717
16:32:50,2.55761838,3.503047943,2.55437541
16:32:50,2.556928873,3.502131939,2.553952932
16:32:50,2.557602167,3.502012968,2.553514957
16:32:50,2.557798386,3.501655102,2.553874254
16:32:50,2.557462931,3.503280401,2.554163933
16:32:50,2.557810307,3.502834797,2.555815935
16:32:50,2.557470083,3.503141403,2.554894686
16:32:50,2.557436705,3.503500223,2.554536104
16:32:50,2.557601452,3.50272131,2.553316116
16:32:50,2.557362318,3.50284791,2.553902388
16:32:50,2.557057619,3.50233674,2.554155827
16:32:50,2.558585882,3.504983902,2.555198669
16:32:50,2.557404995,3.502747536,2.55585289
16:32:50,2.558463812,3.502752542,2.554856777
16:32:50,2.558328152,3.501105309,2.554068565
16:32:50,2.558220387,3.500862598,2.55466485
16:32:50,2.557812929,3.499218225,2.554325104
16:32:50,2.557927132,3.498190641,2.554964066
16:32:50,2.55755043,3.499374866,2.554347754
16:32:50,2.557482719,3.500288486,2.555245876
16:32:50,2.558092594,3.498239756,2.554141998
16:32:50,2.557572365,3.497667313,2.554690361
16:32:50,2.558460236,3.498130083,2.555168867
16:32:50,2.557442665,3.496637106,2.554315329
16:32:50,2.557775736,3.49740386,2.553912401
16:32:50,2.556774139,3.496496201,2.5543859
16:32:50,2.557109118,3.496253014,2.554188251
16:32:50,2.557056427,3.496412754,2.553619385
16:32:50,2.557360172,3.4973979,2.55354166
16:32:50,2.557226658,3.497536182,2.554360867
16:32:50,2.557601452,3.49846983,2.55395937
16:32:50,2.557918549,3.497617245,2.554717302
16:32:50,2.558008432,3.499801636,2.554556131
16:32:50,2.558957815,3.501567125,2.555252314
16:32:50,2.558265448,3.501087666,2.554618359
16:32:50,2.559677839,3.502389193,2.554707289
16:32:50,2.558636665,3.501625299,2.554600954
16:32:50,2.558521271,3.501401424,2.554492474
16:32:50,2.558704853,3.50168705,2.554562569
16:32:50,2.559431553,3.502135515,2.555706739
16:32:50,2.55795145,3.501884222,2.554731846
16:32:50,2.558888435,3.501895905,2.554008007
16:32:50,2.557853222,3.502359152,2.553073168
16:32:50,2.557881594,3.502676964,2.554049492
16:32:50,2.556761503,3.503365755,2.554930925
16:32:50,2.557316542,3.502943993,2.554399252
16:32:50,2.558512449,3.503941298,2.553962708
16:32:50,2.558137894,3.50414753,2.554785967
16:32:50,2.557319164,3.50319767,2.554422379
16:32:50,2.558138609,3.50502491,2.554521561
16:32:50,2.557970524,3.503977776,2.555567265
16:32:50,2.558031321,3.505759478,2.55544734
16:32:50,2.557843924,3.505427837,2.55498004
16:32:50,2.558270693,3.50541091,2.554537535
16:32:50,2.558770895,3.505167246,2.555936813
16:32:50,2.558140516,3.505443096,2.554790735
16:32:50,2.557969332,3.504378557,2.555091619
16:32:50,2.558633566,3.503457785,2.555334091
16:32:50,2.559185028,3.501886845,2.555132866
16:32:50,2.558769464,3.502184868,2.55493021
16:32:50,2.558199406,3.50190568,2.554941893
16:32:50,2.558303118,3.50178957,2.554974556
16:32:50,2.557989359,3.500479221,2.555492401
16:32:50,2.558269978,3.500101566,2.555841684
16:32:50,2.557922602,3.500678539,2.554754972
16:32:50,2.558212757,3.499299765,2.554510832
16:32:50,2.55822587,3.498976946,2.554438353
16:32:50,2.557509661,3.499290705,2.554993629
16:32:51,2.558068514,3.498347044,2.554596901
16:32:51,2.55731535,3.49803257,2.555141926
16:32:51,2.557633877,3.497888565,2.554881334
16:32:51,2.558163643,3.49675703,2.553736448
16:32:51,2.558267355,3.497952461,2.554173946
16:32:51,2.556963682,3.497492313,2.554424286
16:32:51,2.557006121,3.495857477,2.553128004
16:32:51,2.558133364,3.498276711,2.554666519
16:32:51,2.558186769,3.49789238,2.554639816
16:32:51,2.557744741,3.498661041,2.555202723
16:32:51,2.557321787,3.497611284,2.554538727
16:32:51,2.557086706,3.498357534,2.554153681
16:32:51,2.556683064,3.498409748,2.55461216
16:32:51,2.557712317,3.498946905,2.551780224
16:32:51,2.556747198,3.501049042,2.552919149
16:32:51,2.557110548,3.501294851,2.553963423
16:32:51,2.557138205,3.501428843,2.55469203
16:32:51,2.557479858,3.503461838,2.555098295
16:32:51,2.558296442,3.503326178,2.554986
16:32:51,2.55789876,3.504060745,2.555018902
16:32:51,2.558704138,3.504532576,2.555205345
16:32:51,2.558950424,3.505151749,2.553680182
16:32:51,2.558158398,3.506031275,2.555045128
16:32:51,2.557818174,3.506181955,2.554485798
16:32:51,2.558335304,3.506080866,2.555062056
16:32:51,2.559819937,3.506843328,2.555991173
16:32:51,2.560002565,3.507293701,2.555499554
16:32:51,2.558945179,3.507994175,2.554596901
16:32:51,2.559978485,3.50686717,2.556752205
16:32:51,2.559742928,3.506089211,2.555354834
16:32:51,2.558258057,3.504043102,2.554775953
16:32:51,2.558881283,3.504188538,2.554747105
16:32:51,2.559144974,3.502914906,2.554999113
16:32:51,2.557860374,3.501380444,2.555422544
16:32:51,2.558180809,3.502065659,2.554143429
16:32:51,2.557485104,3.501384258,2.554287434
16:32:51,2.558120728,3.500807047,2.555285931
16:32:51,2.558217525,3.501107931,2.556389809
16:32:51,2.558271885,3.50017333,2.55554533
16:32:51,2.55794692,3.500555754,2.553950787
16:32:51,2.558505774,3.500050068,2.555336952
16:32:51,2.558185577,3.499607801,2.555605412
16:32:51,2.557925224,3.498897314,2.554629326
16:32:51,2.558079004,3.498492002,2.554415703
16:32:51,2.556876421,3.497577906,2.55352354
16:32:51,2.557868242,3.497759342,2.554594278
16:32:51,2.55747366,3.497208118,2.555132866
16:32:51,2.557717085,3.498792887,2.554181814
16:32:51,2.557831287,3.499071836,2.55422616
16:32:51,2.558922052,3.498701811,2.555400372
16:32:51,2.558547497,3.498909473,2.555526257
16:32:51,2.557911873,3.499294281,2.555093765
16:32:51,2.558640718,3.499613047,2.554031372
16:32:51,2.55809164,3.499556303,2.555213451
16:32:51,2.558270693,3.499850512,2.555235147
16:32:51,2.558059931,3.500953674,2.554888487
16:32:51,2.557795525,3.501291275,2.55333972
16:32:51,2.557709217,3.500411034,2.554922342
16:32:51,2.558006525,3.501330853,2.554910898
16:32:51,2.558125257,3.502397537,2.554150105
16:32:51,2.557869673,3.501438618,2.554597616
16:32:51,2.557206869,3.50178051,2.554587841
16:32:51,2.557445526,3.502460957,2.55424571
16:32:51,2.556702852,3.502593994,2.554711819
16:32:51,2.556521893,3.503402472,2.553692818
16:32:51,2.557230234,3.502312183,2.554210901
16:32:51,2.556904554,3.502749443,2.554301977
16:32:51,2.55820322,3.503292084,2.554460049
16:32:51,2.557301521,3.503551722,2.554398537
16:32:51,2.556766987,3.503068209,2.553337574
16:32:51,2.556601763,3.504252434,2.554648638
16:32:51,2.558108091,3.503384113,2.55513835
16:32:51,2.558577538,3.503834248,2.554445505
16:32:51,2.557469368,3.504290342,2.5537076
16:32:51,2.557992458,3.503170013,2.553317785
16:32:51,2.558071852,3.502297878,2.55458045
16:32:51,2.558059931,3.501687765,2.554763079
16:32:51,2.55764842,3.502566099,2.554797888
16:32:51,2.557055712,3.501407862,2.555389166
16:32:51,2.55705905,3.500433207,2.553611517
16:32:51,2.555888653,3.500346899,2.554397345
16:32:51,2.557518005,3.500197649,2.554234505
16:32:51,2.557163477,3.499195337,2.553396702
16:32:51,2.557275057,3.499399662,2.554209948
16:32:51,2.557282925,3.498880863,2.554128647
16:32:51,2.557479143,3.49898839,2.553716183
16:32:51,2.557102919,3.497932911,2.554362774
16:32:51,2.557029724,3.496831656,2.553832531
16:32:51,2.557326555,3.496296406,2.5542624
16:32:51,2.55696249,3.496170044,2.553972721
16:32:51,2.557106495,3.495786905,2.554277897
16:32:51,2.557359695,3.495285988,2.554625511
16:32:51,2.556980848,3.495653391,2.554189444
16:32:51,2.556867361,3.496494293,2.553846121
16:32:51,2.556420565,3.495541573,2.554253101
16:32:51,2.558321476,3.499046803,2.55284071
16:32:51,2.558300495,3.499721289,2.554464579
16:32:51,2.556780815,3.499139547,2.553630114
16:32:51,2.557378769,3.499817133,2.554430962
16:32:51,2.557374001,3.500512838,2.555389881
16:32:51,2.557732582,3.499666691,2.554091215
16:32:51,2.557600498,3.501180649,2.554439545
16:32:51,2.557162762,3.500496864,2.554244518
16:32:51,2.557173491,3.500463009,2.553139448
16:32:51,2.557687998,3.501139402,2.552558899
16:32:51,2.556625366,3.499904633,2.552852392
16:32:51,2.557429552,3.501724958,2.554357529
16:32:51,2.557323694,3.502094269,2.553781033
16:32:51,2.557607651,3.501520634,2.554048777
16:32:51,2.557766676,3.501279354,2.553291559
16:32:51,2.556982279,3.501237631,2.552748442
16:32:51,2.557541847,3.502892733,2.554657221
16:32:51,2.558107376,3.503367901,2.554503202
16:32:51,2.557676554,3.503283739,2.554489136
16:32:51,2.557586908,3.503561497,2.554569721
16:32:51,2.558055878,3.504146338,2.55496645
16:32:52,2.558285236,3.50241518,2.554641247
16:32:52,2.558161736,3.50326395,2.554988623
16:32:52,2.557547808,3.502230406,2.555154562
16:32:52,2.558287382,3.502658129,2.555905104
16:32:52,2.558172941,3.500846148,2.553828955
16:32:52,2.558096886,3.501485109,2.554256439
16:32:52,2.558244944,3.50155139,2.55475688
16:32:52,2.557840586,3.500979185,2.554594994
16:32:52,2.558537483,3.501544237,2.554427624
16:32:52,2.557809591,3.499649763,2.555332184
16:32:52,2.556984186,3.498753071,2.554556131
16:32:52,2.557686567,3.498792887,2.555719852
16:32:52,2.55775404,3.499475956,2.553703547
16:32:52,2.558865309,3.498425007,2.554600239
16:32:52,2.558151722,3.498233557,2.554879189
16:32:52,2.558403969,3.498827934,2.554498196
16:32:52,2.558910131,3.499735594,2.553972006
16:32:52,2.558297157,3.499866724,2.55403614
16:32:52,2.557512045,3.49895668,2.554815769
16:32:52,2.557559013,3.498534679,2.55320096
16:32:52,2.557727814,3.4993186,2.553928375
16:32:52,2.558221102,3.499633074,2.552768946
16:32:52,2.556789637,3.498986006,2.554662943
16:32:52,2.557354927,3.499369621,2.55264926
16:32:52,2.557024717,3.499833107,2.554497719
16:32:52,2.557824612,3.500164747,2.55410552
16:32:52,2.558600903,3.500487804,2.555029631
16:32:52,2.557567596,3.50100708,2.553533554
16:32:52,2.558655262,3.502538443,2.554401875
16:32:52,2.558215857,3.502885103,2.554792166
16:32:52,2.558385611,3.502776146,2.555482388
16:32:52,2.557633877,3.50299716,2.555939674
16:32:52,2.557251215,3.50211668,2.5538342
16:32:52,2.558623552,3.503708839,2.55379796
16:32:52,2.557487488,3.504590511,2.555830956
16:32:52,2.557751417,3.504062891,2.556666851
16:32:52,2.556956053,3.50334692,2.554307222
16:32:52,2.559581518,3.505229712,2.55393219
16:32:52,2.560057878,3.506825209,2.556028605
16:32:52,2.559590816,3.505783319,2.555715084
16:32:52,2.55924964,3.50563693,2.553553581
16:32:52,2.559158087,3.506059408,2.554422855
16:32:52,2.560341358,3.505554199,2.554751873
16:32:52,2.558578014,3.505009651,2.554894686
16:32:52,2.558883667,3.504748344,2.555837631
16:32:52,2.558168411,3.503482103,2.555278778
16:32:52,2.558785439,3.503728867,2.555274248
16:32:52,2.557988644,3.502241611,2.555401087
16:32:52,2.558402777,3.502537727,2.554376841
16:32:52,2.557001352,3.500300169,2.553880215
16:32:52,2.55764699,3.500609875,2.555378675
16:32:52,2.558022022,3.499866724,2.555678844
16:32:52,2.558278084,3.499598742,2.554250479
16:32:52,2.557155371,3.49907279,2.554372072
16:32:52,2.557209492,3.498425722,2.554987192
16:32:52,2.556923628,3.496792555,2.554387808
16:32:52,2.55748105,3.497377634,2.553321362
16:32:52,2.55750823,3.497871637,2.552919626
16:32:52,2.557628393,3.498292446,2.555054665
16:32:52,2.558614254,3.499732971,2.555266142
16:32:52,2.558898449,3.499186277,2.555160999
16:32:52,2.55949831,3.498835087,2.555552483
16:32:52,2.559018135,3.499663115,2.555278778
16:32:52,2.559257269,3.499304295,2.55704546
16:32:52,2.558407545,3.498932362,2.554826498
16:32:52,2.559155464,3.499444246,2.554008484
16:32:52,2.557697296,3.499301672,2.554181814
16:32:52,2.558531523,3.500016928,2.555257797
16:32:52,2.557638407,3.498499155,2.554424286
16:32:52,2.557422876,3.499201775,2.554997921
16:32:52,2.557237387,3.49992609,2.554039717
16:32:52,2.558714628,3.500102282,2.555144548
16:32:52,2.558315039,3.499364376,2.554712534
16:32:52,2.556896448,3.49979043,2.553001881
16:32:52,2.55722928,3.501873732,2.553818703
16:32:52,2.557407141,3.502676249,2.555034876
16:32:52,2.557555199,3.502741337,2.555278778
16:32:52,2.558355093,3.503436327,2.554145813
16:32:52,2.557594776,3.504112959,2.553747892
16:32:52,2.558598518,3.50495863,2.554140091
16:32:52,2.558490038,3.505215645,2.554255247
16:32:52,2.557482004,3.503766537,2.555426121
16:32:52,2.557668924,3.503694057,2.555349588
16:32:52,2.558360577,3.505436897,2.555143118
16:32:52,2.558402777,3.50404191,2.553741693
16:32:52,2.558369875,3.503666162,2.554234505
16:32:52,2.557888031,3.504113674,2.555371284
16:32:52,2.558102846,3.503426552,2.555040121
16:32:52,2.558001041,3.503153086,2.553905725
16:32:52,2.557528734,3.50320673,2.553897381
16:32:52,2.558408737,3.502449274,2.553847551
16:32:52,2.557471275,3.501814365,2.554811239
16:32:52,2.557779074,3.500843525,2.554496288
16:32:52,2.557259798,3.500638723,2.554368734
16:32:52,2.557329655,3.500784636,2.555072546
16:32:52,2.558238983,3.5007658,2.554907322
16:32:52,2.558466196,3.500795841,2.554366112
16:32:52,2.557382107,3.500412226,2.55471158
16:32:52,2.55771637,3.499605179,2.554479122
16:32:52,2.557985306,3.499660015,2.554789543
16:32:52,2.557495594,3.49944067,2.554331064
16:32:52,2.556848764,3.499089003,2.55395937
16:32:52,2.557603359,3.498890638,2.555423021
16:32:52,2.558086395,3.499058485,2.553947449
16:32:52,2.55663228,3.49788332,2.554164886
16:32:52,2.557719707,3.497839689,2.553668976
16:32:52,2.557059526,3.497427702,2.554504395
16:32:52,2.557580709,3.497018814,2.554177046
16:32:52,2.557498217,3.497298002,2.554971695
16:32:52,2.556838751,3.49905777,2.555983782
16:32:52,2.557312012,3.498101711,2.555868149
16:32:52,2.558499098,3.498551846,2.554964066
16:32:52,2.55884552,3.499145746,2.555091143
16:32:52,2.558216572,3.500344038,2.554299355
16:32:52,2.557389975,3.50015378,2.554748297
16:32:52,2.557898045,3.501428843,2.554323196
16:32:52,2.558415413,3.50152421,2.555747747
16:32:52,2.558199406,3.501929998,2.554694176
16:32:52,2.557695866,3.501089334,2.554046154
16:32:53,2.558521271,3.502293348,2.554687023
16:32:53,2.558232307,3.502509117,2.553711891
16:32:53,2.558467388,3.503050566,2.554610014
16:32:53,2.556807756,3.50308609,2.553686857
16:32:53,2.557979345,3.50263238,2.554078579
16:32:53,2.557693243,3.502937078,2.554977894
16:32:53,2.558045387,3.503409624,2.553813934
16:32:53,2.557026625,3.502830505,2.553428411
16:32:53,2.557459354,3.503670454,2.553907156
16:32:53,2.557559013,3.502653599,2.55412817
16:32:53,2.557184219,3.502634525,2.55475831
16:32:53,2.55801487,3.503214598,2.555282116
16:32:53,2.558463812,3.502914906,2.5543437
16:32:53,2.558024168,3.502194166,2.553905249
16:32:53,2.557457447,3.502719879,2.553028822
16:32:53,2.557873726,3.503069639,2.554512501
16:32:53,2.556846857,3.502235889,2.554749727
16:32:53,2.557504654,3.502447844,2.553747892
16:32:53,2.557760715,3.502677679,2.55444026
16:32:53,2.557381392,3.501952648,2.554333925
16:32:53,2.557099342,3.501663685,2.553880692
16:32:53,2.557700396,3.500282526,2.554971695
16:32:53,2.557864904,3.499366283,2.553879499
16:32:53,2.557774305,3.500168324,2.554270267
16:32:53,2.557540655,3.499515772,2.555464745
16:32:53,2.558078289,3.499456406,2.554662943
16:32:53,2.557771921,3.499016762,2.553483248
16:32:53,2.557543993,3.498753548,2.554463625
16:32:53,2.556966543,3.498147011,2.554569721
16:32:53,2.557088137,3.498171091,2.554413795
16:32:53,2.557822227,3.498142719,2.552830696
16:32:53,2.558213234,3.497744083,2.554931641
16:32:53,2.557798862,3.498306036,2.554887533
16:32:53,2.557580709,3.497518063,2.554740667
16:32:53,2.557835817,3.498031378,2.553716183
16:32:53,2.558487892,3.498865843,2.556236982
16:32:53,2.558206558,3.49825716,2.554667711
16:32:53,2.558496714,3.49930501,2.554287434
16:32:53,2.558079004,3.49916935,2.555093765
16:32:53,2.557804108,3.499863625,2.554744244
16:32:53,2.558144569,3.500885725,2.554248333
16:32:53,2.558817625,3.501593113,2.555204153
16:32:53,2.558514595,3.50317359,2.5548594
16:32:53,2.558351994,3.502146006,2.554411888
16:32:53,2.558999062,3.501809359,2.553171158
16:32:53,2.55866313,3.502659082,2.555217981
16:32:53,2.558816433,3.503118038,2.554224014
16:32:53,2.559241772,3.503093243,2.555607557
16:32:53,2.55845499,3.503951073,2.554612875
16:32:53,2.558173418,3.502889633,2.555069208
16:32:53,2.55722928,3.502464771,2.555301905
16:32:53,2.558687687,3.503232718,2.554177046
16:32:53,2.558340073,3.504197121,2.556017399
16:32:53,2.558541536,3.503798485,2.555013418
16:32:53,2.559245348,3.504478216,2.55537653
16:32:53,2.557868242,3.503765106,2.554020882
16:32:53,2.558773041,3.50504446,2.555304527
16:32:53,2.558918238,3.50487113,2.555860043
16:32:53,2.559471369,3.503764391,2.5550704
16:32:53,2.558947802,3.504425526,2.554011583
16:32:53,2.557209492,3.504874945,2.555989742
16:32:53,2.558581114,3.504049063,2.555024147
16:32:53,2.558728695,3.503909349,2.553894043
16:32:53,2.5578022,3.503166437,2.554560423
16:32:53,2.558297157,3.502382994,2.554344893
16:32:53,2.558382273,3.501376629,2.554102898
16:32:53,2.558315516,3.500496864,2.554268122
16:32:53,2.55897212,3.502082586,2.554744244
16:32:53,2.557383299,3.50061512,2.554479837
16:32:53,2.558325529,3.500297546,2.553960085
16:32:53,2.557945728,3.500174046,2.553574562
16:32:53,2.557777882,3.499473333,2.555226564
16:32:53,2.557441473,3.497741699,2.555372
16:32:53,2.557277441,3.498537779,2.555221796
16:32:53,2.558017731,3.499322891,2.553866863
16:32:53,2.558886051,3.498588562,2.553672314
16:32:53,2.557565212,3.49921298,2.553473473
16:32:53,2.558168411,3.498813868,2.555520296
16:32:53,2.557378769,3.499922991,2.555460691
16:32:53,2.557439566,3.499347925,2.555341959
16:32:53,2.557674646,3.498428583,2.554061174
16:32:53,2.55790472,3.499538183,2.555912256
16:32:53,2.558436394,3.498888016,2.555496454
16:32:53,2.558690548,3.500092268,2.55450964
16:32:53,2.558614969,3.500846148,2.555131912
16:32:53,2.559286833,3.500501156,2.555143118
16:32:53,2.558034658,3.500724077,2.554611444
16:32:53,2.558579206,3.501139164,2.554308653
16:32:53,2.558796406,3.501606941,2.554069519
16:32:53,2.558365107,3.502065659,2.555174828
16:32:53,2.558560133,3.502102613,2.556114674
16:32:53,2.55787158,3.502006054,2.554109573
16:32:53,2.558030844,3.503234148,2.555729866
16:32:53,2.558334112,3.503376961,2.556331873
16:32:53,2.55874896,3.503497124,2.555079222
16:32:53,2.558145761,3.503458977,2.555782795
16:32:53,2.557801008,3.5035882,2.553950787
16:32:53,2.557687998,3.503835678,2.554744959
16:32:53,2.558746338,3.504302025,2.554346323
16:32:53,2.557047844,3.503113985,2.554032087
16:32:53,2.557345629,3.503215075,2.553775072
16:32:53,2.558176041,3.503614426,2.554221153
16:32:53,2.558082581,3.503592253,2.553913832
16:32:53,2.55783391,3.501681805,2.55507493
16:32:53,2.557004929,3.502536058,2.555221796
16:32:53,2.557930946,3.50180769,2.555967093
16:32:53,2.558072329,3.501656532,2.556091785
16:32:53,2.557976007,3.500829935,2.554582357
16:32:53,2.558017015,3.499277115,2.553223848
16:32:53,2.556567192,3.499796391,2.554869413
16:32:53,2.557220221,3.49946022,2.554534197
16:32:53,2.558026791,3.499454498,2.556245804
16:32:53,2.5577178,3.498622417,2.554882765
16:32:53,2.558110714,3.498529196,2.555404425
16:32:53,2.557917356,3.497962952,2.555289507
16:32:54,2.557085991,3.498961926,2.554602146
16:32:54,2.558127165,3.497774601,2.554141998
16:32:54,2.557669401,3.498379946,2.554314375
16:32:54,2.558690548,3.498749971,2.555488825
16:32:54,2.556485891,3.498092175,2.554780245
16:32:54,2.558014154,3.499563217,2.556143761
16:32:54,2.557137489,3.498728752,2.555047512
16:32:54,2.557522058,3.498109818,2.554501057
16:32:54,2.556932688,3.498100042,2.555475235
16:32:54,2.557714224,3.49767518,2.554307938
16:32:54,2.557880163,3.498434067,2.553860903
16:32:54,2.557328463,3.499153614,2.554436922
16:32:54,2.55703187,3.499894857,2.553637743
16:32:54,2.557576895,3.500211239,2.554202795
16:32:54,2.558082819,3.500473738,2.554213524
16:32:54,2.557373285,3.500921965,2.555516958
16:32:54,2.557845592,3.501657724,2.555182934
16:32:54,2.55848527,3.501821756,2.553909063
16:32:54,2.558408737,3.502714634,2.555007696
16:32:54,2.558685541,3.502603769,2.554288149
16:32:54,2.558157682,3.503039598,2.554612875
16:32:54,2.557940722,3.503899097,2.555676937
16:32:54,2.558465481,3.503723383,2.554396629
16:32:54,2.557333708,3.504235506,2.555339575
16:32:54,2.55848527,3.503756046,2.554259539
16:32:54,2.556977034,3.50429225,2.555059433
16:32:54,2.559181929,3.504211426,2.55485487
16:32:54,2.558531523,3.503822565,2.554181099
16:32:54,2.558701515,3.503172874,2.55388546
16:32:54,2.557882786,3.502801418,2.555305958
16:32:54,2.558593035,3.503091335,2.555106163
16:32:54,2.558004618,3.502027512,2.555777788
16:32:54,2.558346033,3.50254035,2.554125547
16:32:54,2.558020353,3.50334549,2.554465294
16:32:54,2.558276653,3.501710415,2.554283381
16:32:54,2.557012081,3.500675201,2.55371809
16:32:54,2.558151722,3.500384331,2.554173946
16:32:54,2.556637764,3.501460075,2.554347038
16:32:54,2.557085514,3.500157833,2.55412817
16:32:54,2.557095766,3.499964237,2.554946899
16:32:54,2.558509827,3.4989779,2.552905083
16:32:54,2.556644917,3.499258757,2.552737951
16:32:54,2.556691647,3.499067545,2.55341506
16:32:54,2.556967735,3.498939514,2.553982496
16:32:54,2.558051348,3.499034882,2.554988623
16:32:54,2.556841135,3.499145031,2.553494453
16:32:54,2.556649923,3.498610258,2.55264926
16:32:54,2.557501078,3.50031352,2.555185556
16:32:54,2.560252905,3.499212027,2.556292772
16:32:54,2.558388472,3.499525547,2.55518961
16:32:54,2.55747509,3.499796391,2.554781437
16:32:54,2.557700872,3.501436949,2.555819511
16:32:54,2.559821367,3.500669479,2.555733204
16:32:54,2.559132338,3.500328064,2.555088282
16:32:54,2.559192181,3.501721621,2.555639267
16:32:54,2.557768583,3.501585245,2.556182146
16:32:54,2.558450222,3.503063202,2.55444479
16:32:54,2.559852362,3.503507614,2.556172371
16:32:54,2.559559107,3.503629446,2.556401014
16:32:54,2.558807135,3.503278494,2.555703878
16:32:54,2.557559729,3.50377965,2.555291176
16:32:54,2.559294939,3.503765106,2.555852175
16:32:54,2.559473991,3.504101992,2.55659461
16:32:54,2.559277058,3.504425526,2.556432724
16:32:54,2.558973789,3.505616188,2.555428267
16:32:54,2.559246063,3.505352736,2.556467295
16:32:54,2.55885148,3.503652811,2.555513382
16:32:54,2.559429646,3.503979921,2.555379391
16:32:54,2.557688475,3.503697395,2.555297375
16:32:54,2.558297157,3.504327536,2.555069685
16:32:54,2.558452606,3.503805161,2.555083036
16:32:54,2.559807301,3.502345324,2.555260181
16:32:54,2.557778597,3.503302574,2.553733349
16:32:54,2.557413816,3.503148556,2.554062366
16:32:54,2.558242083,3.501332283,2.554843903
16:32:54,2.558325529,3.501085758,2.555311918
16:32:54,2.556677103,3.500541449,2.5534482
16:32:54,2.558579922,3.500570059,2.555157661
16:32:54,2.55913353,3.500902891,2.554128647
16:32:54,2.559019327,3.501445055,2.556288719
16:32:54,2.559058189,3.500144005,2.555711985
16:32:54,2.557965994,3.499565363,2.554483891
16:32:54,2.558124542,3.500068426,2.554821968
16:32:54,2.557235479,3.499802828,2.554618359
16:32:54,2.557457447,3.500219107,2.556305647
16:32:54,2.557482719,3.497626305,2.554071665
16:32:54,2.55724597,3.498512983,2.555702686
16:32:54,2.557515383,3.499743938,2.554730654
16:32:54,2.558763742,3.500133038,2.554918528
16:32:54,2.557887316,3.498732805,2.554473877
16:32:54,2.558210373,3.498523951,2.553976059
16:32:54,2.557688475,3.498372078,2.55303216
16:32:54,2.557293653,3.498968124,2.554411888
16:32:54,2.557008505,3.498118877,2.553523064
16:32:54,2.557498217,3.498301506,2.554569721
16:32:54,2.557528019,3.499696493,2.553414583
16:32:54,2.557670832,3.501142263,2.554914951
16:32:54,2.557244778,3.500323296,2.554807901
16:32:54,2.558293819,3.500638008,2.554563284
16:32:54,2.557964087,3.501370668,2.554362774
16:32:54,2.558315516,3.501173496,2.55568099
16:32:54,2.558484793,3.502843142,2.554301977
16:32:54,2.558250189,3.502249002,2.555542469
16:32:54,2.557683468,3.501037836,2.555771351
16:32:54,2.558120012,3.502592802,2.554660082
16:32:54,2.558446407,3.504148245,2.555143833
16:32:54,2.557830095,3.503754616,2.553925037
16:32:54,2.558478832,3.503491879,2.554701805
16:32:54,2.558606386,3.503896952,2.55458045
16:32:54,2.558301687,3.505471945,2.555771351
16:32:54,2.559255838,3.5052073,2.556290627
16:32:54,2.558216572,3.504699945,2.556092978
16:32:54,2.558537483,3.504454136,2.556870699
16:32:54,2.558421373,3.504256487,2.555221796
16:32:54,2.558298349,3.503564358,2.554633856
16:32:54,2.559114456,3.503592253,2.554815769
16:32:54,2.559297562,3.50449276,2.556020737
16:32:54,2.558545828,3.504021645,2.555438757
16:32:54,2.557887316,3.50370717,2.554368734
16:32:55,2.558789253,3.503767252,2.555375814
16:32:55,2.558040857,3.503374338,2.555289507
16:32:55,2.558256865,3.502590179,2.554581165
16:32:55,2.557062864,3.50129056,2.554939508
16:32:55,2.558271408,3.500226974,2.554442167
16:32:55,2.558120012,3.50205183,2.555081844
16:32:55,2.558063745,3.501405716,2.555798531
16:32:55,2.558359861,3.499804497,2.555106163
16:32:55,2.55748558,3.498689175,2.555112123
16:32:55,2.557803631,3.498159409,2.554905415
16:32:55,2.558655977,3.49857235,2.555114985
16:32:55,2.557663441,3.497707129,2.554648638
16:32:55,2.556325674,3.497083426,2.554295301
16:32:55,2.558023691,3.498265743,2.55454421
16:32:55,2.558293104,3.499267817,2.555014133
16:32:55,2.558494568,3.499400377,2.554624796
16:32:55,2.558089018,3.497858524,2.553520918
16:32:55,2.557884216,3.498018503,2.553061485
16:32:55,2.557210684,3.498054981,2.553832531
16:32:55,2.556642532,3.497965574,2.554145813
16:32:55,2.55705905,3.498885393,2.555107355
16:32:55,2.557089329,3.498694897,2.553897381
16:32:55,2.556912184,3.499808073,2.553846836
16:32:55,2.557986736,3.500705242,2.554196596
16:32:55,2.557393074,3.500487089,2.553957224
16:32:55,2.557851076,3.499710321,2.553403139
16:32:55,2.557476521,3.500896931,2.553979874
16:32:55,2.557354927,3.501963854,2.5537889
16:32:55,2.558614969,3.502278328,2.553124189
16:32:55,2.557856321,3.501525402,2.554258108
16:32:55,2.556897163,3.501992464,2.553637743
16:32:55,2.556159019,3.501376629,2.553735733
16:32:55,2.556356668,3.500949144,2.553136826
16:32:55,2.557071924,3.501288414,2.553819895
16:32:55,2.556802511,3.500947237,2.553022861
16:32:55,2.556167603,3.501766682,2.553174973
16:32:55,2.556151152,3.502526045,2.553282976
16:32:55,2.556420088,3.502562046,2.553249836
16:32:55,2.557949543,3.502158642,2.553991795
16:32:55,2.556811333,3.501904964,2.553390026
16:32:55,2.556380987,3.501569748,2.553013086
16:32:55,2.557316065,3.502245665,2.553711891
16:32:55,2.55714345,3.501571655,2.553699017
16:32:55,2.557998657,3.502398968,2.553869486
16:32:55,2.557632208,3.502151489,2.55230093
16:32:55,2.557140827,3.502177715,2.55319047
16:32:55,2.557432175,3.501294374,2.55435133
16:32:55,2.557594776,3.501602888,2.554594278
16:32:55,2.557568312,3.500788927,2.554919004
16:32:55,2.55801487,3.498576164,2.553806067
16:32:55,2.556638718,3.501105785,2.555124044
16:32:55,2.558019161,3.501344442,2.555476427
16:32:55,2.559164762,3.500697374,2.556771278
16:32:55,2.559669971,3.500495911,2.556563616
16:32:55,2.557798386,3.500651598,2.554789543
16:32:55,2.55838418,3.500713587,2.55654192
16:32:55,2.557287455,3.499514341,2.554825068
16:32:55,2.559041023,3.499791861,2.555454254
16:32:55,2.558734417,3.499353409,2.554016352
16:32:55,2.557547808,3.500513315,2.555268288
16:32:55,2.557710648,3.499657393,2.555533409
16:32:55,2.558906317,3.499223948,2.556490183
16:32:55,2.559373379,3.49767065,2.555557489
16:32:55,2.559448719,3.499143839,2.556932688
16:32:55,2.558513165,3.49875617,2.554799318
16:32:55,2.558546305,3.499157667,2.55531311
16:32:55,2.558516264,3.498294592,2.555590391
16:32:55,2.558597326,3.500242472,2.555371284
16:32:55,2.558838844,3.500611067,2.553940058
16:32:55,2.558577538,3.502585649,2.554791451
16:32:55,2.558425903,3.502454996,2.555037498
16:32:55,2.558297873,3.501407146,2.555414915
16:32:55,2.558459759,3.501720905,2.556102037
16:32:55,2.558170319,3.503049374,2.554813385
16:32:55,2.558405876,3.502417803,2.555292606
16:32:55,2.558570623,3.50390029,2.555498362
16:32:55,2.558516264,3.50250721,2.557040691
16:32:55,2.558480024,3.50370121,2.554636717
16:32:55,2.558296442,3.503973484,2.555259466
16:32:55,2.558602333,3.505152225,2.554563999
16:32:55,2.559849739,3.504574299,2.55567503
16:32:55,2.559119701,3.506232023,2.555553198
16:32:55,2.558215857,3.505839825,2.55651021
16:32:55,2.558709621,3.506582499,2.555197477
16:32:55,2.558630705,3.504812956,2.555360317
16:32:55,2.559551716,3.505408287,2.556837559
16:32:55,2.558876038,3.504617214,2.555698872
16:32:55,2.55819726,3.504525185,2.553934574
16:32:55,2.55802083,3.505158901,2.5548594
16:32:55,2.55888319,3.505038738,2.554249763
16:32:55,2.559904575,3.50420022,2.555907965
16:32:55,2.558763742,3.50338459,2.555595636
16:32:55,2.558258057,3.503585815,2.554249048
16:32:55,2.558401108,3.502646923,2.554153681
16:32:55,2.55804944,3.501772642,2.555104256
16:32:55,2.559170008,3.501158714,2.557042599
16:32:55,2.558357954,3.50085187,2.555135727
16:32:55,2.55755043,3.501204729,2.555636406
16:32:55,2.557907104,3.500564814,2.555828333
16:32:55,2.558555603,3.501225948,2.55602932
16:32:55,2.560031652,3.501182795,2.554773569
16:32:55,2.557900667,3.500619411,2.553714037
16:32:55,2.55708456,3.499454021,2.55467844
16:32:55,2.558765411,3.500870943,2.5564394
16:32:55,2.558687687,3.498899221,2.556285381
16:32:55,2.557337284,3.498119593,2.554626703
16:32:55,2.557216644,3.497464418,2.554497004
16:32:55,2.557635784,3.49763155,2.555248976
16:32:55,2.557462931,3.498300076,2.555541992
16:32:55,2.558495522,3.498530388,2.554600954
16:32:55,2.557718992,3.498647451,2.554900408
16:32:55,2.557878971,3.498764515,2.554447412
16:32:55,2.557786942,3.50105691,2.55415988
16:32:55,2.558895111,3.501857519,2.554610968
16:32:55,2.558293104,3.500749588,2.552881479
16:32:55,2.556759119,3.499473333,2.553511143
16:32:56,2.55855298,3.500832558,2.554824352
16:32:56,2.55971694,3.501067877,2.555310488
16:32:56,2.558198452,3.501316309,2.556196213
16:32:56,2.558594942,3.502158165,2.555848837
16:32:56,2.558597803,3.502603054,2.555339098
16:32:56,2.557816744,3.503194332,2.555819511
16:32:56,2.558811903,3.503261328,2.555232525
16:32:56,2.558223009,3.503271818,2.555673361
16:32:56,2.557282209,3.503121138,2.555649996
16:32:56,2.557159424,3.50249815,2.554890394
16:32:56,2.557732105,3.503281593,2.554977894
16:32:56,2.559205532,3.503387451,2.556082964
16:32:56,2.558571339,3.503961086,2.554322481
16:32:56,2.557529926,3.503447294,2.5553298
16:32:56,2.559242487,3.502795696,2.554574013
16:32:56,2.559170008,3.503619671,2.555319786
16:32:56,2.55953002,3.50323081,2.554884672
16:32:56,2.558196545,3.502739668,2.554049492
16:32:56,2.556894541,3.502088308,2.553300619
16:32:56,2.558259964,3.502967834,2.554985285
16:32:56,2.559260368,3.502196074,2.554479837
16:32:56,2.5584023,3.502004385,2.55453229
16:32:56,2.557228565,3.501434088,2.554835081
16:32:56,2.557070255,3.501105785,2.554701328
16:32:56,2.557206154,3.501592398,2.554948092
16:32:56,2.559250593,3.501514435,2.55566287
16:32:56,2.55833602,3.501283884,2.553920269
16:32:56,2.557419777,3.500456095,2.554318666
16:32:56,2.557574272,3.501237631,2.554330349
16:32:56,2.557570934,3.50116992,2.555963278
16:32:56,2.557479143,3.499842882,2.554133892
16:32:56,2.557088137,3.49946928,2.55454421
16:32:56,2.55704236,3.500097752,2.554191589
16:32:56,2.558085442,3.501289368,2.555426121
16:32:56,2.557445526,3.500861168,2.555014133
16:32:56,2.556637287,3.498864651,2.554390192
16:32:56,2.556877136,3.499491692,2.554546118
16:32:56,2.557825804,3.500244617,2.554302454
16:32:56,2.557958126,3.501282454,2.554596424
16:32:56,2.558342457,3.500654936,2.554290771
16:32:56,2.557573557,3.499661207,2.553356409
16:32:56,2.557348967,3.501315117,2.55391717
16:32:56,2.558012962,3.500626326,2.555342436
16:32:56,2.558391571,3.502231836,2.555220604
16:32:56,2.55769372,3.501158714,2.553782701
16:32:56,2.558006525,3.50115943,2.553419828
16:32:56,2.557018757,3.501182079,2.554744244
16:32:56,2.558429956,3.502017736,2.553755045
16:32:56,2.558185816,3.502220154,2.555827379
16:32:56,2.558068514,3.501322985,2.553993702
16:32:56,2.557662725,3.50332284,2.554872036
16:32:56,2.5580585,3.502994776,2.554161072
16:32:56,2.558283806,3.502851963,2.554549456
16:32:56,2.558035612,3.501733303,2.554050446
16:32:56,2.558205605,3.501306534,2.554542065
16:32:56,2.558543444,3.501576185,2.554596424
16:32:56,2.558898926,3.50229001,2.553910017
16:32:56,2.557541847,3.500255585,2.554246426
16:32:56,2.556737185,3.500832558,2.55382514
16:32:56,2.557746887,3.50226593,2.554536104
16:32:56,2.558247089,3.501689911,2.555625439
16:32:56,2.558030367,3.500740528,2.555046797
16:32:56,2.557892084,3.50060606,2.555548668
16:32:56,2.558188677,3.50169611,2.554342985
16:32:56,2.557706356,3.502944946,2.555590868
16:32:56,2.558723927,3.503537416,2.554866076
16:32:56,2.557788372,3.502729177,2.555025339
16:32:56,2.55801177,3.502577543,2.555228949
16:32:56,2.558195591,3.501076698,2.554891109
16:32:56,2.5594697,3.502052546,2.55429697
16:32:56,2.557468414,3.501116991,2.555869818
16:32:56,2.557681799,3.501102448,2.555226088
16:32:56,2.558461666,3.501952171,2.555657148
16:32:56,2.55870676,3.501656532,2.556041956
16:32:56,2.558857203,3.501322985,2.556851864
16:32:56,2.558119535,3.499939919,2.555601358
16:32:56,2.557590246,3.499830961,2.555309296
16:32:56,2.558323383,3.500977278,2.55584836
16:32:56,2.559598207,3.501369476,2.556016684
16:32:56,2.559232712,3.50086689,2.555633307
16:32:56,2.558864594,3.50156045,2.556635857
16:32:56,2.558002949,3.501885414,2.554782867
16:32:56,2.55908227,3.502584934,2.555594206
16:32:56,2.559882164,3.503178358,2.557160854
16:32:56,2.55928421,3.502367735,2.556550503
16:32:56,2.558583975,3.502936602,2.555473328
16:32:56,2.559091806,3.503788233,2.556640625
16:32:56,2.561057568,3.50407052,2.556262016
16:32:56,2.559560299,3.505186319,2.556937456
16:32:56,2.55969429,3.505166769,2.555999756
16:32:56,2.55985117,3.50502634,2.555239677
16:32:56,2.560217857,3.506177902,2.55612731
16:32:56,2.560379744,3.506705761,2.558418274
16:32:56,2.560845613,3.5071311,2.558148861
16:32:56,2.56152463,3.50509429,2.556490898
16:32:56,2.561989307,3.503797293,2.555696726
16:32:56,2.560158253,3.505007982,2.557256222
16:32:56,2.560003042,3.504286528,2.556975603
16:32:56,2.559588909,3.505663872,2.55678463
16:32:56,2.559844494,3.502941847,2.555263042
16:32:56,2.560382366,3.503833055,2.554907799
16:32:56,2.560196638,3.504696369,2.557540655
16:32:56,2.559736013,3.503971577,2.557944059
16:32:56,2.561249256,3.503913641,2.557409048
16:32:56,2.56019187,3.503960133,2.55730319
16:32:56,2.560123205,3.504015446,2.556283951
16:32:56,2.559714079,3.504011154,2.556097269
16:32:56,2.560934544,3.504389048,2.556707144
16:32:56,2.559486866,3.502385378,2.555184364
16:32:56,2.559473991,3.503151178,2.555866718
16:32:56,2.559597492,3.503653526,2.555582285
16:32:56,2.5593853,3.502815247,2.555297375
16:32:56,2.559072256,3.502258062,2.556153774
16:32:56,2.558893204,3.503452778,2.555918217
16:32:56,2.559165955,3.503981352,2.557533264
16:32:56,2.559641123,3.504677296,2.557315826
16:32:56,2.560157776,3.504227161,2.557126522
16:32:56,2.559892893,3.503791094,2.557361841
16:32:56,2.559161186,3.503023386,2.556742191
16:32:57,2.558771372,3.50298357,2.556073904
16:32:57,2.559994459,3.502223969,2.556266785
16:32:57,2.559627056,3.502586842,2.556731224
16:32:57,2.559533119,3.504662991,2.556337595
16:32:57,2.559400558,3.502066851,2.556472301
16:32:57,2.560038805,3.504676819,2.556801081
16:32:57,2.559293985,3.50440979,2.556612015
16:32:57,2.560714722,3.504197121,2.556190014
16:32:57,2.558573246,3.504192352,2.557389021
16:32:57,2.560112953,3.503368616,2.557051182
16:32:57,2.56088233,3.50488472,2.556118727
16:32:57,2.560457468,3.504550695,2.556760788
16:32:57,2.560454369,3.504784822,2.556874514
16:32:57,2.560052633,3.505541325,2.556542635
16:32:57,2.560831547,3.506020308,2.556923151
16:32:57,2.559877634,3.506113529,2.55622983
16:32:57,2.560625315,3.50666213,2.557003021
16:32:57,2.560584307,3.504378557,2.556648254
16:32:57,2.559540033,3.504863262,2.555983782
16:32:57,2.559557199,3.504259348,2.556427002
16:32:57,2.55993104,3.503734589,2.555730581
16:32:57,2.559732914,3.503024817,2.556178331
16:32:57,2.559985876,3.503304005,2.557494879
16:32:57,2.559036493,3.504204988,2.557008743
16:32:57,2.560405493,3.503834963,2.556007624
16:32:57,2.558659315,3.50320673,2.556897879
16:32:57,2.560783386,3.503414154,2.556170702
16:32:57,2.559449434,3.503009558,2.556107283
16:32:57,2.559762716,3.503574133,2.55712986
16:32:57,2.560110807,3.503853798,2.557376623
16:32:57,2.55910182,3.503952026,2.556306362
16:32:57,2.559689283,3.503268242,2.556506872
16:32:57,2.559749365,3.503004551,2.556344986
16:32:57,2.560194731,3.503754616,2.556465149
16:32:57,2.560121298,3.503560305,2.555438042
16:32:57,2.559629202,3.50225687,2.555457115
16:32:57,2.558258772,3.50263834,2.555389166
16:32:57,2.558047295,3.501490116,2.554442167
16:32:57,2.55830431,3.502338409,2.555182457
16:32:57,2.558751583,3.501601458,2.555410385
16:32:57,2.55913949,3.501324177,2.554466009
16:32:57,2.557414293,3.501212597,2.555485249
16:32:57,2.558392286,3.50112009,2.556254864
16:32:57,2.55838418,3.499982357,2.554721594
16:32:57,2.557928324,3.501249313,2.55602479
16:32:57,2.558768272,3.501670122,2.555358648
16:32:57,2.558327675,3.502661705,2.553620815
16:32:57,2.558359861,3.501700163,2.554606915
16:32:57,2.559300184,3.502000809,2.55403614
16:32:57,2.558902264,3.501955032,2.554916382
16:32:57,2.558222294,3.501895189,2.555356264
16:32:57,2.558466911,3.502287388,2.555590868
16:32:57,2.558351994,3.501766682,2.556184292
16:32:57,2.558558702,3.502210379,2.555571079
16:32:57,2.55952549,3.503053427,2.557185173
16:32:57,2.559134245,3.503593683,2.556783915
16:32:57,2.559186459,3.503351688,2.557462454
16:32:57,2.5599792,3.50343442,2.556761265
16:32:57,2.559142828,3.501920938,2.555822372
16:32:57,2.558190107,3.501873016,2.554788828
16:32:57,2.558131933,3.501223087,2.556753635
16:32:57,2.559131622,3.501529694,2.555178165
16:32:57,2.558673143,3.501656532,2.555048704
16:32:57,2.559384584,3.501857519,2.557067156
16:32:57,2.559055567,3.502971888,2.555867434
16:32:57,2.559527636,3.502418518,2.556106329
16:32:57,2.559309483,3.502147198,2.556965113
16:32:57,2.55856204,3.502086401,2.556488514
16:32:57,2.559096575,3.501694918,2.556819916
16:32:57,2.559149265,3.503525257,2.556459188
16:32:57,2.559031248,3.502859592,2.556543827
16:32:57,2.558871269,3.502171278,2.555546761
16:32:57,2.5590868,3.502295256,2.555363894
16:32:57,2.559311867,3.503693581,2.555844784
16:32:57,2.558856726,3.504363537,2.556264162
16:32:57,2.559716463,3.505149841,2.556981087
16:32:57,2.560054064,3.504443169,2.556014061
16:32:57,2.559762001,3.503722906,2.55661869
16:32:57,2.559121132,3.506181955,2.556016684
16:32:57,2.559467793,3.50488615,2.556463957
16:32:57,2.559589863,3.505507708,2.555929661
16:32:57,2.558491945,3.504789352,2.555924892
16:32:57,2.559874296,3.505255461,2.555197477
16:32:57,2.560001135,3.503966808,2.555244446
16:32:57,2.559597492,3.504118919,2.556156397
16:32:57,2.559711695,3.505648613,2.556270838
16:32:57,2.55972147,3.504294157,2.557217121
16:32:57,2.55932498,3.504153252,2.556118011
16:32:57,2.559919834,3.503643036,2.555574894
16:32:57,2.559308052,3.502635956,2.558160305
16:32:57,2.559132338,3.504155636,2.556522846
16:32:57,2.560677528,3.503715038,2.556233883
16:32:57,2.559690475,3.501349926,2.556770802
16:32:57,2.560221672,3.501795292,2.555946827
16:32:57,2.559373379,3.501381636,2.555853605
16:32:57,2.559675932,3.502117872,2.555859089
16:32:57,2.559924603,3.501152754,2.557071686
16:32:57,2.559244633,3.502146482,2.556389809
16:32:57,2.560065746,3.502476692,2.557233572
16:32:57,2.559311152,3.501840591,2.556920767
16:32:57,2.560153723,3.501333952,2.557356834
16:32:57,2.559340477,3.502047062,2.556467295
16:32:57,2.558933258,3.502077103,2.556989193
16:32:57,2.55924654,3.500146627,2.556383848
16:32:57,2.559631586,3.502409458,2.556750298
16:32:57,2.559145927,3.503048658,2.556794643
16:32:57,2.559708357,3.502697229,2.556632757
16:32:57,2.560876608,3.502342224,2.556308508
16:32:57,2.55979085,3.503590345,2.556930304
16:32:57,2.558951139,3.504414797,2.556562424
16:32:57,2.559399128,3.502292633,2.55598259
16:32:57,2.558912277,3.503423214,2.556785822
16:32:57,2.559426069,3.503535509,2.555932283
16:32:57,2.559036493,3.503577709,2.556178331
16:32:57,2.559837341,3.505184174,2.555893183
16:32:58,2.559891224,3.505619287,2.556025982
16:32:58,2.560223579,3.506454468,2.555887222
16:32:58,2.559512854,3.505396366,2.554964542
16:32:58,2.557934284,3.504935741,2.556027412
16:32:58,2.558998108,3.505449772,2.555786848
16:32:58,2.558600187,3.505566597,2.556967735
16:32:58,2.559015989,3.505873919,2.556038618
16:32:58,2.559259653,3.505360842,2.55565238
16:32:58,2.558825016,3.504082441,2.554399967
16:32:58,2.558828115,3.504903078,2.55557847
16:32:58,2.55924654,3.504239559,2.556014776
16:32:58,2.558514595,3.5035882,2.555469751
16:32:58,2.557967663,3.503715515,2.555197477
16:32:58,2.558152437,3.50463891,2.555135727
16:32:58,2.559405088,3.502853632,2.555268288
16:32:58,2.559453487,3.503636122,2.55582118
16:32:58,2.559543133,3.50283885,2.555792093
16:32:58,2.559755802,3.501886129,2.556379795
16:32:58,2.558122635,3.501041174,2.555230379
16:32:58,2.558785915,3.500317574,2.555409908
16:32:58,2.558425188,3.499618292,2.555787802
16:32:58,2.558021307,3.501126766,2.555011511
16:32:58,2.558557749,3.500266552,2.554433584
16:32:58,2.55830574,3.50052309,2.555563211
16:32:58,2.559205532,3.50071764,2.555310488
16:32:58,2.558651686,3.500299454,2.556201935
16:32:58,2.55894208,3.500153065,2.556861877
16:32:58,2.558213949,3.498719931,2.555299997
16:32:58,2.559253693,3.498805285,2.557418823
16:32:58,2.559484482,3.499688148,2.55620265
16:32:58,2.559316635,3.499681234,2.555784941
16:32:58,2.560021639,3.500114679,2.555861235
16:32:58,2.559872866,3.500184298,2.556050062
16:32:58,2.559928417,3.500479937,2.556075096
16:32:58,2.559206486,3.501000643,2.556473255
16:32:58,2.558433294,3.501859426,2.555827379
16:32:58,2.558961868,3.502097607,2.555631876
16:32:58,2.558419228,3.502295732,2.555559397
16:32:58,2.558666468,3.502500057,2.555351019
16:32:58,2.558899641,3.502876043,2.556203365
16:32:58,2.559198856,3.502539873,2.556401014
16:32:58,2.558338165,3.503466845,2.555079699
16:32:58,2.558703423,3.504998207,2.556846857
16:32:58,2.560091496,3.50419116,2.5580616
16:32:58,2.558684349,3.505143166,2.558237076
16:32:58,2.559239149,3.504615307,2.55472517
16:32:58,2.559675217,3.506768227,2.555469751
16:32:58,2.55970192,3.505774736,2.554945469
16:32:58,2.558945179,3.507178068,2.556567669
16:32:58,2.559312344,3.507534504,2.557157755
16:32:58,2.558509827,3.507852793,2.555582285
16:32:58,2.559777021,3.507024765,2.557004213
16:32:58,2.55968523,3.50734663,2.555876017
16:32:58,2.559623241,3.506507397,2.555814505
16:32:58,2.558887243,3.504888773,2.555747747
16:32:58,2.558771372,3.505521774,2.555081129
16:32:58,2.559138298,3.506057978,2.556393385
16:32:58,2.559208155,3.505299807,2.555708647
16:32:58,2.559586287,3.505008936,2.556141138
16:32:58,2.55954504,3.504831076,2.556597471
16:32:58,2.559702396,3.504106998,2.556373358
16:32:58,2.559973717,3.503210545,2.555725098
16:32:58,2.559374571,3.503184557,2.556155682
16:32:58,2.558982134,3.500831842,2.555975914
16:32:58,2.557210684,3.500787973,2.556008339
16:32:58,2.55826664,3.501182795,2.557228327
16:32:58,2.559705734,3.501243591,2.555387259
16:32:58,2.558778763,3.500776768,2.554755688
16:32:58,2.559867144,3.499654055,2.555604696
16:32:58,2.559272289,3.498894691,2.556322336
16:32:58,2.55873847,3.497888565,2.556157112
16:32:58,2.558987617,3.499391794,2.556456804
16:32:58,2.559434891,3.500188589,2.55783534
16:32:58,2.558811188,3.499577284,2.556183338
16:32:58,2.557263136,3.499913216,2.555681705
16:32:58,2.559068203,3.499971151,2.5562675
16:32:58,2.558560133,3.499106646,2.555775642
16:32:58,2.55837369,3.500026703,2.554419994
16:32:58,2.55820775,3.499894142,2.55595088
16:32:58,2.558943987,3.50039506,2.556067705
16:32:58,2.558468819,3.500513315,2.55547905
16:32:58,2.559821844,3.5025177,2.555238008
16:32:58,2.558813095,3.50158143,2.555713415
16:32:58,2.559290648,3.50228548,2.555498362
16:32:58,2.558557749,3.503434896,2.555402517
16:32:58,2.559050322,3.504200935,2.556725264
16:32:58,2.558164358,3.503137112,2.555715084
16:32:58,2.559195757,3.505969763,2.556009531
16:32:58,2.55833745,3.504687309,2.555344105
16:32:58,2.55902648,3.506023169,2.554764271
16:32:58,2.559221983,3.506495714,2.556081772
16:32:58,2.558850765,3.505754471,2.555746794
16:32:58,2.559060097,3.505112648,2.555214167
16:32:58,2.558496714,3.505421162,2.55658555
16:32:58,2.559435368,3.505888939,2.555866241
16:32:58,2.560321569,3.506833076,2.555645704
16:32:58,2.560067654,3.507103205,2.557961226
16:32:58,2.560347319,3.506620407,2.556158304
16:32:58,2.559481621,3.506134272,2.557197332
16:32:58,2.560166359,3.505432129,2.556767464
16:32:58,2.559371471,3.504846334,2.556421518
16:32:58,2.559932232,3.504670858,2.555662632
16:32:58,2.55868268,3.504853487,2.556835651
16:32:58,2.55849719,3.50381422,2.556381941
16:32:58,2.56007576,3.504043102,2.556607246
16:32:58,2.558894396,3.502549648,2.55768013
16:32:58,2.559976578,3.502971172,2.55664444
16:32:58,2.559725523,3.501619101,2.555958033
16:32:58,2.558843613,3.501252651,2.556098938
16:32:58,2.558636189,3.500987053,2.556022882
16:32:58,2.559677124,3.499658108,2.557569742
16:32:58,2.558528423,3.499783754,2.557090044
16:32:58,2.559259653,3.499339581,2.555902958
16:32:58,2.559345722,3.499385357,2.555254221
16:32:58,2.558457613,3.499825716,2.556148529
16:32:58,2.558706045,3.499999046,2.556762934
16:32:58,2.558489561,3.500583172,2.555638552
16:32:58,2.558667183,3.500924349,2.557065725
16:32:58,2.55890584,3.501203537,2.555873394
16:32:59,2.55964613,3.500453234,2.556721926
16:32:59,2.559378624,3.500443459,2.556600809
16:32:59,2.558710098,3.501307249,2.556609392
16:32:59,2.559184551,3.50169158,2.556178331
16:32:59,2.558462858,3.502760887,2.554697037
16:32:59,2.558711529,3.502892733,2.556595325
16:32:59,2.55919385,3.502596617,2.556462049
16:32:59,2.559735537,3.503988266,2.55555582
16:32:59,2.558696032,3.504091501,2.556654453
16:32:59,2.559237242,3.505184889,2.55661869
16:32:59,2.559395313,3.505152941,2.55670476
16:32:59,2.558945894,3.505524635,2.557035923
16:32:59,2.559104443,3.505181074,2.556201935
16:32:59,2.559465408,3.506695986,2.555369377
16:32:59,2.558849335,3.50765276,2.556637049
16:32:59,2.560580015,3.509586334,2.555570364
16:32:59,2.559265137,3.50804019,2.555425406
16:32:59,2.559860945,3.507394314,2.556057215
16:32:59,2.560519218,3.507080317,2.556945086
16:32:59,2.559288263,3.50584054,2.555325031
16:32:59,2.558566093,3.505749702,2.556364775
16:32:59,2.559226751,3.504178762,2.557403088
16:32:59,2.558847189,3.503932238,2.556500196
16:32:59,2.558896303,3.504105806,2.557052612
16:32:59,2.560806036,3.504244804,2.556588888
16:32:59,2.560289383,3.504644156,2.555942535
16:32:59,2.558807611,3.502539873,2.556664467
16:32:59,2.559374571,3.503707886,2.55571723
16:32:59,2.559202194,3.501545668,2.555601358
16:32:59,2.557780504,3.501916647,2.555062056
16:32:59,2.558739185,3.50116992,2.557059765
16:32:59,2.559110403,3.500773668,2.556446075
16:32:59,2.5587008,3.499702692,2.555966616
16:32:59,2.558665276,3.499764204,2.556321859
16:32:59,2.55859375,3.498837709,2.557538509
16:32:59,2.558765411,3.500300169,2.555653572
16:32:59,2.557695866,3.500225067,2.555797338
16:32:59,2.559397221,3.500041008,2.555408955
16:32:59,2.559420347,3.501001358,2.557170868
16:32:59,2.558949471,3.499661207,2.556357384
16:32:59,2.558538198,3.499867201,2.55658102
16:32:59,2.55913949,3.499602556,2.557829618
16:32:59,2.559671402,3.501401424,2.555905104
16:32:59,2.558741331,3.501467943,2.557577372
16:32:59,2.559273005,3.500530243,2.555224419
16:32:59,2.558192015,3.501283884,2.555448055
16:32:59,2.558853388,3.502472639,2.554293394
16:32:59,2.558355093,3.503206015,2.554787874
16:32:59,2.558455467,3.503502846,2.555324554
16:32:59,2.557341576,3.50247407,2.553794622
16:32:59,2.557557821,3.503437042,2.55576086
16:32:59,2.558288813,3.504904985,2.555026054
16:32:59,2.559058189,3.505553722,2.55593276
16:32:59,2.559199572,3.505702972,2.555860758
16:32:59,2.559067249,3.506844759,2.555234432
16:32:59,2.558924913,3.506521463,2.557519436
16:32:59,2.559598923,3.506121159,2.556638718
16:32:59,2.559591532,3.506005764,2.555841684
16:32:59,2.559157372,3.505096674,2.554929495
16:32:59,2.559140921,3.505725861,2.555464029
16:32:59,2.558885336,3.50484705,2.555383444
16:32:59,2.560024023,3.505081892,2.556586266
16:32:59,2.559664726,3.503872633,2.556370735
16:32:59,2.558767557,3.504729986,2.556546688
16:32:59,2.559556484,3.503588915,2.554976463
16:32:59,2.55881381,3.503578424,2.556115389
16:32:59,2.559169292,3.504328251,2.556674242
16:32:59,2.559003353,3.502597332,2.556425095
16:32:59,2.559156179,3.50335598,2.556967735
16:32:59,2.559083939,3.502252579,2.555685282
16:32:59,2.559342146,3.500604153,2.556252956
16:32:59,2.559520483,3.500986338,2.557036638
16:32:59,2.559679508,3.500553131,2.556934118
16:32:59,2.558586597,3.500639677,2.555526972
16:32:59,2.559123039,3.500452757,2.55677557
16:32:59,2.557594776,3.497721672,2.555134773
16:32:59,2.558131456,3.49877429,2.555799246
16:32:59,2.558096886,3.498964548,2.554704666
16:32:59,2.559236526,3.498448849,2.556658983
16:32:59,2.558968544,3.499366283,2.555132866
16:32:59,2.558415413,3.499019146,2.555238724
16:32:59,2.559091806,3.499915123,2.556766748
16:32:59,2.559215546,3.499705076,2.555149078
16:32:59,2.558798552,3.499568701,2.555752277
16:32:59,2.559695005,3.500118732,2.555799961
16:32:59,2.559592009,3.500055313,2.555993795
16:32:59,2.559717655,3.500192165,2.5552423
16:32:59,2.559356213,3.4991014,2.554815769
16:32:59,2.558478117,3.499012709,2.555766106
16:32:59,2.559170485,3.501139402,2.556194067
16:32:59,2.559731007,3.501625299,2.556313753
16:32:59,2.558200598,3.504449606,2.556119919
16:32:59,2.558624029,3.50403595,2.555398464
16:32:59,2.558906317,3.505543232,2.555599451
16:32:59,2.558366537,3.505766869,2.555665016
16:32:59,2.55883503,3.505517006,2.55598855
16:32:59,2.559303284,3.505752087,2.554688215
16:32:59,2.558416605,3.505875349,2.555536032
16:32:59,2.558656454,3.505674362,2.556015968
16:32:59,2.559343576,3.506364584,2.556314945
16:32:59,2.558989048,3.506860256,2.554591417
16:32:59,2.55833745,3.50529933,2.555611134
16:32:59,2.559681416,3.507374763,2.555056572
16:32:59,2.559068918,3.507736206,2.555096388
16:32:59,2.558910131,3.507572412,2.555720568
16:32:59,2.559374571,3.505820274,2.55561471
16:32:59,2.558762312,3.50583744,2.555792093
16:32:59,2.559570074,3.505036831,2.556319237
16:32:59,2.558748484,3.505117655,2.557291985
16:32:59,2.559311867,3.504501343,2.555732489
16:32:59,2.559008598,3.503651619,2.554471493
16:32:59,2.559688568,3.50474596,2.556009531
16:32:59,2.55978632,3.503310442,2.555777311
16:32:59,2.559638262,3.503732443,2.557139158
16:32:59,2.560210466,3.50261879,2.556880713
16:32:59,2.559066772,3.502795696,2.555665493
16:33:00,2.559233904,3.501253843,2.556432247
16:33:00,2.559537888,3.501745224,2.556511402
16:33:00,2.558268785,3.500848055,2.556351662
16:33:00,2.559181213,3.499952078,2.556448698
16:33:00,2.55929327,3.498620033,2.555878162
16:33:00,2.559434414,3.498488665,2.556750298
16:33:00,2.560116529,3.49919939,2.555413723
16:33:00,2.558876514,3.499648333,2.555211306
16:33:00,2.559381962,3.499789953,2.556831598
16:33:00,2.5594666,3.499660015,2.556755781
16:33:00,2.55974865,3.500450611,2.556306362
16:33:00,2.560129881,3.499693155,2.556391001
16:33:00,2.558867216,3.498624325,2.555309296
16:33:00,2.559273005,3.498779774,2.555811167
16:33:00,2.558956623,3.499283314,2.555901766
16:33:00,2.55899024,3.500228882,2.556557178
16:33:00,2.559911251,3.501238346,2.557178736
16:33:00,2.559308767,3.502240419,2.55761075
16:33:00,2.559372187,3.502266645,2.55640173
16:33:00,2.558876514,3.502672434,2.556241274
16:33:00,2.560170889,3.503846645,2.557081699
16:33:00,2.559361458,3.504955292,2.556737185
16:33:00,2.559950352,3.505086899,2.557682037
16:33:00,2.560077667,3.505542517,2.55672121
16:33:00,2.560438395,3.507510424,2.556037426
16:33:00,2.559631586,3.507870436,2.556069136
16:33:00,2.560052633,3.508470297,2.556262732
16:33:00,2.559520006,3.509697914,2.557825565
16:33:00,2.560634613,3.509667873,2.55720973
16:33:00,2.561002254,3.510032654,2.558180094
16:33:00,2.559934855,3.509232283,2.557474613
16:33:00,2.5599792,3.507357121,2.556285381
16:33:00,2.559581995,3.506290197,2.55798769
16:33:00,2.560777187,3.506815434,2.556732416
16:33:00,2.56003809,3.506395817,2.556783915
16:33:00,2.560345888,3.506898403,2.556703329
16:33:00,2.559410334,3.507048368,2.556833506
16:33:00,2.559589386,3.50709343,2.55747509
16:33:00,2.56003952,3.507165194,2.556822777
16:33:00,2.560210466,3.507376671,2.556738377
16:33:00,2.559329271,3.506424427,2.556157827
16:33:00,2.560255289,3.506896257,2.557250977
16:33:00,2.560489893,3.504985332,2.557533264
16:33:00,2.559327126,3.505746841,2.556938648
16:33:00,2.560471535,3.503792524,2.557287931
16:33:00,2.559478521,3.500169039,2.556568384
16:33:00,2.560448885,3.499395609,2.556333065
16:33:00,2.560165644,3.498873234,2.557260275
16:33:00,2.560402393,3.498728037,2.557837486
16:33:00,2.559283018,3.497816563,2.555022955
16:33:00,2.559283018,3.497321606,2.555389881
16:33:00,2.560198069,3.496836901,2.556152344
16:33:00,2.558980465,3.498354435,2.557084799
16:33:00,2.559283018,3.498267651,2.556659698
16:33:00,2.559547424,3.497488737,2.557831764
16:33:00,2.558770895,3.496475458,2.556239843
16:33:00,2.558392286,3.498206139,2.556807756
16:33:00,2.558855534,3.49849081,2.554946184
16:33:00,2.558386326,3.499168634,2.555128098
16:33:00,2.55891943,3.500483513,2.555243015
16:33:00,2.560352802,3.502139091,2.557204723
16:33:00,2.559677839,3.501275301,2.555967093
16:33:00,2.559475183,3.50241971,2.555776119
16:33:00,2.5601511,3.502654076,2.556074619
16:33:00,2.559380054,3.502843142,2.556567192
16:33:00,2.559996367,3.50383234,2.556723118
16:33:00,2.559452772,3.503926277,2.555799246
16:33:00,2.559987307,3.504679918,2.555151939
16:33:00,2.558744907,3.504810333,2.556692123
16:33:00,2.558990955,3.507457256,2.557018042
16:33:00,2.559570074,3.507741928,2.555853605
16:33:00,2.559222698,3.509389877,2.556296587
16:33:00,2.559163332,3.508984804,2.556278706
16:33:00,2.559302092,3.507457256,2.5576756
16:33:00,2.559005499,3.506052017,2.556443453
16:33:00,2.560245514,3.506359339,2.556907654
16:33:00,2.558516979,3.506365299,2.557028532
16:33:00,2.559841633,3.5104177,2.556574345
16:33:00,2.560284615,3.510234833,2.556676149
16:33:00,2.559418917,3.51079154,2.556444168
16:33:00,2.559311867,3.509507418,2.555475235
16:33:00,2.559494257,3.509294987,2.556184292
16:33:00,2.559982538,3.507936954,2.555435419
16:33:00,2.558756351,3.505013943,2.555474043
16:33:00,2.559023857,3.501752138,2.556646347
16:33:00,2.559553146,3.502411366,2.556427002
16:33:00,2.560072422,3.502113819,2.556217909
16:33:00,2.560427904,3.502055168,2.556993008
16:33:00,2.560539484,3.501322508,2.556313753
16:33:00,2.55982995,3.499928713,2.555728436
16:33:00,2.559941053,3.499889135,2.556729078
16:33:00,2.55890584,3.500570059,2.556400537
16:33:00,2.559248686,3.500048876,2.556343794
16:33:00,2.559008598,3.49836421,2.556932688
16:33:00,2.558948755,3.49946928,2.556280136
16:33:00,2.559432983,3.498638868,2.557455778
16:33:00,2.559201002,3.499402285,2.556233168
16:33:00,2.558460951,3.49860692,2.556533813
16:33:00,2.557743311,3.497741222,2.555040836
16:33:00,2.558106184,3.498620033,2.555837631
16:33:00,2.558383703,3.499244928,2.55589056
16:33:00,2.559090614,3.500225544,2.554767609
16:33:00,2.559611082,3.500129938,2.555448771
16:33:00,2.559623241,3.501292229,2.555852175
16:33:00,2.559954643,3.501655817,2.556362152
16:33:00,2.559586763,3.501561165,2.557669401
16:33:00,2.560076475,3.501096249,2.556339502
16:33:00,2.559260845,3.501219988,2.556734324
16:33:00,2.559862375,3.502804756,2.556442738
16:33:00,2.560768843,3.503884554,2.556557655
16:33:00,2.559963942,3.503307104,2.556130648
16:33:00,2.558884382,3.502915621,2.555081129
16:33:00,2.559409857,3.50472641,2.556633472
16:33:00,2.560231447,3.505443096,2.556150436
16:33:00,2.559187412,3.504653215,2.555665016
16:33:00,2.558804035,3.507017136,2.5569098
16:33:00,2.560217142,3.507796049,2.55706811
16:33:00,2.559932232,3.505902052,2.555631399
16:33:00,2.560064077,3.505787134,2.555245161
16:33:01,2.559208155,3.508468866,2.556590319
16:33:01,2.56025672,3.508724689,2.556535482
16:33:01,2.560248852,3.50840497,2.556047678
16:33:01,2.558426619,3.506005049,2.555686235
16:33:01,2.559292078,3.505597115,2.555615425
16:33:01,2.559837818,3.505679607,2.555714369
16:33:01,2.559265852,3.505181074,2.555942535
16:33:01,2.558538675,3.503683805,2.556412935
16:33:01,2.558670759,3.503842831,2.557116032
16:33:01,2.558970928,3.503521204,2.555804729
16:33:01,2.557647705,3.502111912,2.555630922
16:33:01,2.557964087,3.503134251,2.556533813
16:33:01,2.55936861,3.502993345,2.555834532
16:33:01,2.559048176,3.501062155,2.556174278
16:33:01,2.559179068,3.501043081,2.555530071
16:33:01,2.55838418,3.499948978,2.556485891
16:33:01,2.55841136,3.499689341,2.556005716
16:33:01,2.558090925,3.498620033,2.555670261
16:33:01,2.558221817,3.499029636,2.555496454
16:33:01,2.558684349,3.499913216,2.555774212
16:33:01,2.559311867,3.498993158,2.554871321
16:33:01,2.559642315,3.501253366,2.556588888
16:33:01,2.559403181,3.502006769,2.555548668
16:33:01,2.558907032,3.501725674,2.555880547
16:33:01,2.559719563,3.500946522,2.556251764
16:33:01,2.559586287,3.500455379,2.555438042
16:33:01,2.559620619,3.500408411,2.555652857
16:33:01,2.559204817,3.500167131,2.554837465
16:33:01,2.559444666,3.501047611,2.555953979
16:33:01,2.559785843,3.502442837,2.557446003
16:33:01,2.560333014,3.502177715,2.555794001
16:33:01,2.560354471,3.502731562,2.555758238
16:33:01,2.560000658,3.503620386,2.556472301
16:33:01,2.559414387,3.503709555,2.556330919
16:33:01,2.560042143,3.504386902,2.555033922
16:33:01,2.559592724,3.50466156,2.557459831
16:33:01,2.558835745,3.504311085,2.556033373
16:33:01,2.559173822,3.504561186,2.556525946
16:33:01,2.559889317,3.507405281,2.55632472
16:33:01,2.558798552,3.50733614,2.556288719
16:33:01,2.559922934,3.508391619,2.555945396
16:33:01,2.558794737,3.509094954,2.556096792
16:33:01,2.559144258,3.508785963,2.555975914
16:33:01,2.559572935,3.507540941,2.556425571
16:33:01,2.560254097,3.507635593,2.55643487
16:33:01,2.559675932,3.506632805,2.555225372
16:33:01,2.559681416,3.504738331,2.555952549
16:33:01,2.559705019,3.504736185,2.555919886
16:33:01,2.558763981,3.504843712,2.555248976
16:33:01,2.559244633,3.503772974,2.55595994
16:33:01,2.559717655,3.503126621,2.554811239
16:33:01,2.558587313,3.503079176,2.556324244
16:33:01,2.559696436,3.504017115,2.556921721
16:33:01,2.559767962,3.503542662,2.556984425
16:33:01,2.559586763,3.502790928,2.556500912
16:33:01,2.560294867,3.503355265,2.557243109
16:33:01,2.559565783,3.501298189,2.556851864
16:33:01,2.5603652,3.501692295,2.557900429
16:33:01,2.559853554,3.5018332,2.556955099
16:33:01,2.559884071,3.502854824,2.556506157
16:33:01,2.56011796,3.50222683,2.556860924
16:33:01,2.559472561,3.501174927,2.557063818
16:33:01,2.559666157,3.501321077,2.556973934
16:33:01,2.559211493,3.499929428,2.555948019
16:33:01,2.560367823,3.499708176,2.556171656
16:33:01,2.560166359,3.4993577,2.556469202
16:33:01,2.558788061,3.496757746,2.554581642
16:33:01,2.557721138,3.496111155,2.553816557
16:33:01,2.557856321,3.497193575,2.555018902
16:33:01,2.55804348,3.498094082,2.556171656
16:33:01,2.558830976,3.499661207,2.554697037
16:33:01,2.55957365,3.501271725,2.557308197
16:33:01,2.560419798,3.502682686,2.557425737
16:33:01,2.559695005,3.504739046,2.557807922
16:33:01,2.560982943,3.503992319,2.557270765
16:33:01,2.560306311,3.503885746,2.557520151
16:33:01,2.559939146,3.502539158,2.556926012
16:33:01,2.558572054,3.503846169,2.557022095
16:33:01,2.558557749,3.503001213,2.555184364
16:33:01,2.558701992,3.502647638,2.556697369
16:33:01,2.559579134,3.506130934,2.55621314
16:33:01,2.559524059,3.507813692,2.556529522
16:33:01,2.559742928,3.50876689,2.555818319
16:33:01,2.559383869,3.50879693,2.555596828
16:33:01,2.559156656,3.508355141,2.555968761
16:33:01,2.560333014,3.507151365,2.556702614
16:33:01,2.558863401,3.507167578,2.556475878
16:33:01,2.559220791,3.506949902,2.555574894
16:33:01,2.559314728,3.50653863,2.556609392
16:33:01,2.559816122,3.505971909,2.556582212
16:33:01,2.560358524,3.506471634,2.555053949
16:33:01,2.559125662,3.506320715,2.556809187
16:33:01,2.560288429,3.507483482,2.558237553
16:33:01,2.559498787,3.508005619,2.555782795
16:33:01,2.560359955,3.506488562,2.556310415
16:33:01,2.559150219,3.505290508,2.557538509
16:33:01,2.559144974,3.506842852,2.558257341
16:33:01,2.560227156,3.505535126,2.556699276
16:33:01,2.559575558,3.503986835,2.557035446
16:33:01,2.559434414,3.503091812,2.556698561
16:33:01,2.559522867,3.502405405,2.556090832
16:33:01,2.558798552,3.500318289,2.55622983
16:33:01,2.559581518,3.501006126,2.556610107
16:33:01,2.559188366,3.499453306,2.55495739
16:33:01,2.558325529,3.500087976,2.557195187
16:33:01,2.559755325,3.49932909,2.556129932
16:33:01,2.559093475,3.499047518,2.556181431
16:33:01,2.558869839,3.499429703,2.555589199
16:33:01,2.560456276,3.49758172,2.557281256
16:33:01,2.55994153,3.497980595,2.557191372
16:33:01,2.558516026,3.497749567,2.55743885
16:33:01,2.559088707,3.497132778,2.556797981
16:33:01,2.560276747,3.500925541,2.55640173
16:33:01,2.560248852,3.50237298,2.557293177
16:33:01,2.559104919,3.502195358,2.557230473
16:33:02,2.558779478,3.501163721,2.557104111
16:33:02,2.558604479,3.502716064,2.557850122
16:33:02,2.5594697,3.5030334,2.556885242
16:33:02,2.559717655,3.50312376,2.556634426
16:33:02,2.559995651,3.504096031,2.555374622
16:33:02,2.560868025,3.50419116,2.556795359
16:33:02,2.559976578,3.505309105,2.555358648
16:33:02,2.560062647,3.505309582,2.557538509
16:33:02,2.559770346,3.505016565,2.556766748
16:33:02,2.558763027,3.504357576,2.556490183
16:33:02,2.559915066,3.503872633,2.555598259
16:33:02,2.558748484,3.505190134,2.556528807
16:33:02,2.559484482,3.506377697,2.555852175
16:33:02,2.560052156,3.505917549,2.555522919
16:33:02,2.559401989,3.507537603,2.557272196
16:33:02,2.559700489,3.508221626,2.557025433
16:33:02,2.559988022,3.508481741,2.557016134
16:33:02,2.559784412,3.508484364,2.555504322
16:33:02,2.559340477,3.507559061,2.557164192
16:33:02,2.559107065,3.50863266,2.556771994
16:33:02,2.55936861,3.507947445,2.556113482
16:33:02,2.559683084,3.50690341,2.556316376
16:33:02,2.558815241,3.507249117,2.556307793
16:33:02,2.559344053,3.507619381,2.555597544
16:33:02,2.559475899,3.506572723,2.557847261
16:33:02,2.559767962,3.505065441,2.556910515
16:33:02,2.559885502,3.503284454,2.556774139
16:33:02,2.559462547,3.50161624,2.556923628
16:33:02,2.559490442,3.500425816,2.557077169
16:33:02,2.558535814,3.499200583,2.55602026
16:33:02,2.559968233,3.499987364,2.554911852
16:33:02,2.559995651,3.499016762,2.555865526
16:33:02,2.558722734,3.499839306,2.556582689
16:33:02,2.557794809,3.500386715,2.556050539
16:33:02,2.558077097,3.501043797,2.55547142
16:33:02,2.5594275,3.499249697,2.554731131
16:33:02,2.558431149,3.498854876,2.55563736
16:33:02,2.558391094,3.498733997,2.55499506
16:33:02,2.5580585,3.498518944,2.555512905
16:33:02,2.556704044,3.498463392,2.553901196
16:33:02,2.557614803,3.497891188,2.555780172
16:33:02,2.559041739,3.499443531,2.556394577
16:33:02,2.559005499,3.497840405,2.555559397
16:33:02,2.558076382,3.499684811,2.556550503
16:33:02,2.558065176,3.499333858,2.555567741
16:33:02,2.559002638,3.499989271,2.554436922
16:33:02,2.557249308,3.498468399,2.554956913
16:33:02,2.558567762,3.499061584,2.555873871
16:33:02,2.557646513,3.499393225,2.555393934
16:33:02,2.558285236,3.500650406,2.555102348
16:33:02,2.557855606,3.500887156,2.555900812
16:33:02,2.55847621,3.501404047,2.555472612
16:33:02,2.558720589,3.50248313,2.555106163
16:33:02,2.559936523,3.504403114,2.555938959
16:33:02,2.55954504,3.505380869,2.555904388
16:33:02,2.559232712,3.505138397,2.555940866
16:33:02,2.560087681,3.506715775,2.556456804
16:33:02,2.558907032,3.507078409,2.556351662
16:33:02,2.558939457,3.506643295,2.556827068
16:33:02,2.559150696,3.506239891,2.555263042
16:33:02,2.559499502,3.507588625,2.557293177
16:33:02,2.559616566,3.507720947,2.555452824
16:33:02,2.559270859,3.507600307,2.555906296
16:33:02,2.559337616,3.507548809,2.556529522
16:33:02,2.558297157,3.506295443,2.555044651
16:33:02,2.558888912,3.507279158,2.556385279
16:33:02,2.55917716,3.506493807,2.555756092
16:33:02,2.558449745,3.505176544,2.556061268
16:33:02,2.559976101,3.505205393,2.556169033
16:33:02,2.559339285,3.505995989,2.556313276
16:33:02,2.558959246,3.503797293,2.556881905
16:33:02,2.558907747,3.504107475,2.555755615
16:33:02,2.558888912,3.503143311,2.556337595
16:33:02,2.559535265,3.50289607,2.554450989
16:33:02,2.558429956,3.501049042,2.556017399
16:33:02,2.558748484,3.500456572,2.555854082
16:33:02,2.558713913,3.500818014,2.554491758
16:33:02,2.55730629,3.499161005,2.555422544
16:33:02,2.558860779,3.499389172,2.554234505
16:33:02,2.558176041,3.500590324,2.555687428
16:33:02,2.557897329,3.500381708,2.554411173
16:33:02,2.557973385,3.498548269,2.555698872
16:33:02,2.55850625,3.498569012,2.555304527
16:33:02,2.557468414,3.499134064,2.554414511
16:33:02,2.558802605,3.499835491,2.554908991
16:33:02,2.558681488,3.499392509,2.556394577
16:33:02,2.558787346,3.499064445,2.555434465
16:33:02,2.558280468,3.498642683,2.555057764
16:33:02,2.558963776,3.498794079,2.554598808
16:33:02,2.558324099,3.498332262,2.554797411
16:33:02,2.558428049,3.498574257,2.555811882
16:33:02,2.559700489,3.500491858,2.5552876
16:33:02,2.558975697,3.499617577,2.556289434
16:33:02,2.558532238,3.499481916,2.555580854
16:33:02,2.558773041,3.499760628,2.555508852
16:33:02,2.559150219,3.502040863,2.55761981
16:33:02,2.558923483,3.501832008,2.555366039
16:33:02,2.559481144,3.503876686,2.555589676
16:33:02,2.559705019,3.506382942,2.55616641
16:33:02,2.558892488,3.506259918,2.556824446
16:33:02,2.558768749,3.506786823,2.556664467
16:33:02,2.559036493,3.507041931,2.555460691
16:33:02,2.558865309,3.505645752,2.554225445
16:33:02,2.55787015,3.505263329,2.556097269
16:33:02,2.558299065,3.505555868,2.555810452
16:33:02,2.558154345,3.505109787,2.555629253
16:33:02,2.557743311,3.504130602,2.554949999
16:33:02,2.558443069,3.504854202,2.555749655
16:33:02,2.55866313,3.505160093,2.556373835
16:33:02,2.559159279,3.505316257,2.555974245
16:33:02,2.558361053,3.505599737,2.555135489
16:33:02,2.558814526,3.505058289,2.555576563
16:33:02,2.558108807,3.503839493,2.554762363
16:33:02,2.558540344,3.503232718,2.554760456
16:33:02,2.558045387,3.502870083,2.556325674
16:33:02,2.558799982,3.501384974,2.555248976
16:33:02,2.557877302,3.500277042,2.555314541
16:33:02,2.5581882,3.500124454,2.555162907
16:33:02,2.557424068,3.499789238,2.55581522
16:33:03,2.558403492,3.500696182,2.555105448
16:33:03,2.55733037,3.499737501,2.555067062
16:33:03,2.558004618,3.49963522,2.55492568
16:33:03,2.557913303,3.499611139,2.555239677
16:33:03,2.557556152,3.499853134,2.555326939
16:33:03,2.558454275,3.500559568,2.554999113
16:33:03,2.558947802,3.49846077,2.554285049
16:33:03,2.556073904,3.497061253,2.554523468
16:33:03,2.557999849,3.496702433,2.554131508
16:33:03,2.557929039,3.497468948,2.554887533
16:33:03,2.557806015,3.496828318,2.55331707
16:33:03,2.558936119,3.49871707,2.555006266
16:33:03,2.557834864,3.49797821,2.553767681
16:33:03,2.558135748,3.499246836,2.55616951
16:33:03,2.558136702,3.498706102,2.555481672
16:33:03,2.55769372,3.499473333,2.55398345
16:33:03,2.557961464,3.499471426,2.555616617
16:33:03,2.558408737,3.500399828,2.55424571
16:33:03,2.557880878,3.500903606,2.555495024
16:33:03,2.558124065,3.501323462,2.55598855
16:33:03,2.557964087,3.501359701,2.555014133
16:33:03,2.557930946,3.502726316,2.556185484
16:33:03,2.558117151,3.503647327,2.555289507
16:33:03,2.558106184,3.50347662,2.554483414
16:33:03,2.557764292,3.503941298,2.555096865
16:33:03,2.558109999,3.504768133,2.554769516
16:33:03,2.558202028,3.505774021,2.554520369
16:33:03,2.558837414,3.505697012,2.555015326
16:33:03,2.557886362,3.506736994,2.555041552
16:33:03,2.557131767,3.505819321,2.555871248
16:33:03,2.558898926,3.506192207,2.555768728
16:33:03,2.558736563,3.505931854,2.556570292
16:33:03,2.558723927,3.504164457,2.555301905
16:33:03,2.557348251,3.504515409,2.554128647
16:33:03,2.558371782,3.503452778,2.554091215
16:33:03,2.558230162,3.503187895,2.554535389
16:33:03,2.556901693,3.502737761,2.554175615
16:33:03,2.557692528,3.502965212,2.554468632
16:33:03,2.558982134,3.502779961,2.555075645
16:33:03,2.557662725,3.502209902,2.554695368
16:33:03,2.558492661,3.501709461,2.555262327
16:33:03,2.557820797,3.502373934,2.555656433
16:33:03,2.558238983,3.499545813,2.555532932
16:33:03,2.557031155,3.499221802,2.554311991
16:33:03,2.55786705,3.499372244,2.554429054
16:33:03,2.557166576,3.499273539,2.554657221
16:33:03,2.557545424,3.498538494,2.554595709
16:33:03,2.557652235,3.498952866,2.555552006
16:33:03,2.5573318,3.4982481,2.556141138
16:33:03,2.557656765,3.498482227,2.556805849
16:33:03,2.558377743,3.499113798,2.555444717
16:33:03,2.557533503,3.498551846,2.554994345
16:33:03,2.558579922,3.499126911,2.555249691
16:33:03,2.55881381,3.500106335,2.554873943
16:33:03,2.557763815,3.498427391,2.555144548
16:33:03,2.558975697,3.499585629,2.556746483
16:33:03,2.557856321,3.499034882,2.555082321
16:33:03,2.558100939,3.500484228,2.5555439
16:33:03,2.558567524,3.498710871,2.55429697
16:33:03,2.557721138,3.498584032,2.554794788
16:33:03,2.55927825,3.500117302,2.557023525
16:33:03,2.558185816,3.500100136,2.556886435
16:33:03,2.559179783,3.501586914,2.556328297
16:33:03,2.559161186,3.501527786,2.555907249
16:33:03,2.559351683,3.502442837,2.555859089
16:33:03,2.559719563,3.503098965,2.555780172
16:33:03,2.559182644,3.503422976,2.55664587
16:33:03,2.557794809,3.504271984,2.556374788
16:33:03,2.558866024,3.504921913,2.55616641
16:33:03,2.559001923,3.505417347,2.554923773
16:33:03,2.559179068,3.505492449,2.555685282
16:33:03,2.559104443,3.506609917,2.555273294
16:33:03,2.558975697,3.506104946,2.55629921
16:33:03,2.559284925,3.506290197,2.555464029
16:33:03,2.55923605,3.506608486,2.556071758
16:33:03,2.559200287,3.505023241,2.555879354
16:33:03,2.559331179,3.506330013,2.555586338
16:33:03,2.560169697,3.506667137,2.556238413
16:33:03,2.560273886,3.506658077,2.556722403
16:33:03,2.559867144,3.506582499,2.556123495
16:33:03,2.559746504,3.505903959,2.556006193
16:33:03,2.55939579,3.502716064,2.556056499
16:33:03,2.558792114,3.503160954,2.556167841
16:33:03,2.558889627,3.503068924,2.557679415
16:33:03,2.559401989,3.502437353,2.556256056
16:33:03,2.558883667,3.501691103,2.556636333
16:33:03,2.5584867,3.501954079,2.557061672
16:33:03,2.559493065,3.503875971,2.555422544
16:33:03,2.558403969,3.50428319,2.5552423
16:33:03,2.558414698,3.50357151,2.555707932
16:33:03,2.559267044,3.505002499,2.555729866
16:33:03,2.558134079,3.503730059,2.55619216
16:33:03,2.559146643,3.502724409,2.555739641
16:33:03,2.558877707,3.501882076,2.555385828
16:33:03,2.55826354,3.501884699,2.555168867
16:33:03,2.559256315,3.499624729,2.554594278
16:33:03,2.558631897,3.500840902,2.55589056
16:33:03,2.558961153,3.500480652,2.555854797
16:33:03,2.559997082,3.500085354,2.554506302
16:33:03,2.559299469,3.500590801,2.555697918
16:33:03,2.559576273,3.500611782,2.556102037
16:33:03,2.559418917,3.500067949,2.555044651
16:33:03,2.558234453,3.499627829,2.556952715
16:33:03,2.558838844,3.499642849,2.555449963
16:33:03,2.557492971,3.500487089,2.555757523
16:33:03,2.558964968,3.501592398,2.555618763
16:33:03,2.55949831,3.502286673,2.556572199
16:33:03,2.558212042,3.502691984,2.556733131
16:33:03,2.558235645,3.50178051,2.555746794
16:33:03,2.558163166,3.503054857,2.555570364
16:33:03,2.558542252,3.502783298,2.554884672
16:33:03,2.558140516,3.503777742,2.555522919
16:33:03,2.558893204,3.505753994,2.555049896
16:33:03,2.557790518,3.505781889,2.555971861
16:33:03,2.558702469,3.504295826,2.55506134
16:33:03,2.559389353,3.504949331,2.555486441
16:33:04,2.558242083,3.504950047,2.555126667
16:33:04,2.558368444,3.503472328,2.556058407
16:33:04,2.559565067,3.50513649,2.556145668
16:33:04,2.559118986,3.504430056,2.555332899
16:33:04,2.558437109,3.505665779,2.556982279
16:33:04,2.558886528,3.504965067,2.555094242
16:33:04,2.558367014,3.504056215,2.556096792
16:33:04,2.559446096,3.505222321,2.556264162
16:33:04,2.558376551,3.503276587,2.555900335
16:33:04,2.558460236,3.50400281,2.557230473
16:33:04,2.559225559,3.503786802,2.557025433
16:33:04,2.558707952,3.503109455,2.557227612
16:33:04,2.559273481,3.50254035,2.555699587
16:33:04,2.559441566,3.503140688,2.555181503
16:33:04,2.558680534,3.501639366,2.556194067
16:33:04,2.558908224,3.502298355,2.555194378
16:33:04,2.558355808,3.50190115,2.555267572
16:33:04,2.558569908,3.501384258,2.554047346
16:33:04,2.557950735,3.500352144,2.55472517
16:33:04,2.557822943,3.501041174,2.555897236
16:33:04,2.558449745,3.499904633,2.556615353
16:33:04,2.558679819,3.499638557,2.555612803
16:33:04,2.558333397,3.499013901,2.556929588
16:33:04,2.558554888,3.499064922,2.555243015
16:33:04,2.558604479,3.498602867,2.55516696
16:33:04,2.558324814,3.499434948,2.555425406
16:33:04,2.558252811,3.499135256,2.556425095
16:33:04,2.558568478,3.499025583,2.55584693
16:33:04,2.558322191,3.50159502,2.555764914
16:33:04,2.557282209,3.501068592,2.555858374
16:33:04,2.55736804,3.502678871,2.555062056
16:33:04,2.558216572,3.502085209,2.555692434
16:33:04,2.558191299,3.502185583,2.554975986
16:33:04,2.558114052,3.502601147,2.556800365
16:33:04,2.559331656,3.502650023,2.555031538
16:33:04,2.558728695,3.502321482,2.555512905
16:33:04,2.558600903,3.504542351,2.556295872
16:33:04,2.558443069,3.504812241,2.555086851
16:33:04,2.558876038,3.505851507,2.555940151
16:33:04,2.559802294,3.505702972,2.556094885
16:33:04,2.559663296,3.50633502,2.556848288
16:33:04,2.55982542,3.506607294,2.55480504
16:33:04,2.559611082,3.505076647,2.554950714
16:33:04,2.55902195,3.504671335,2.554873943
16:33:04,2.559300184,3.502995014,2.554784298
16:33:04,2.558823109,3.502868891,2.554913759
16:33:04,2.558688164,3.503355265,2.557031155
16:33:04,2.559656858,3.502908468,2.556387901
16:33:04,2.558567524,3.502394438,2.555788517
16:33:04,2.558578014,3.501777887,2.55577302
16:33:04,2.558093548,3.501892805,2.556458473
16:33:04,2.558597326,3.502914906,2.55649972
16:33:04,2.559446096,3.503445387,2.555626631
16:33:04,2.559114456,3.503208637,2.555896521
16:33:04,2.558538198,3.503175497,2.555952072
16:33:04,2.558732033,3.502990007,2.555766106
16:33:04,2.558427334,3.500446796,2.555696726
16:33:04,2.55862999,3.501043797,2.553931713
16:33:04,2.558947325,3.501826525,2.555687428
16:33:04,2.559028387,3.500673771,2.555668354
16:33:04,2.558176756,3.501103878,2.555795908
16:33:04,2.558405876,3.500660181,2.554870844
16:33:04,2.558762312,3.500964165,2.555510759
16:33:04,2.559411049,3.500446796,2.556185484
16:33:04,2.55982542,3.500141382,2.555707932
16:33:04,2.559429646,3.500951052,2.556219816
16:33:04,2.558279037,3.499674797,2.556759357
16:33:04,2.558763981,3.499259472,2.554956913
16:33:04,2.558676958,3.49911046,2.556395292
16:33:04,2.558200598,3.498380423,2.555399179
16:33:04,2.558478117,3.499898911,2.555321693
16:33:04,2.558095455,3.499596596,2.555077791
16:33:04,2.55722928,3.501169205,2.555207491
16:33:04,2.558202744,3.500856638,2.555099487
16:33:04,2.557946205,3.501028538,2.554754257
16:33:04,2.557446003,3.501308918,2.554760456
16:33:04,2.557465792,3.500907898,2.554332256
16:33:04,2.558407545,3.501815557,2.554467916
16:33:04,2.559070826,3.502187014,2.555824518
16:33:04,2.55815053,3.50082922,2.554432392
16:33:04,2.558061838,3.502403498,2.55574131
16:33:04,2.5575459,3.501627207,2.554790735
16:33:04,2.559378147,3.503749132,2.555479765
16:33:04,2.558792114,3.50356245,2.555481195
16:33:04,2.558124542,3.504168987,2.555630922
16:33:04,2.558609009,3.503863573,2.553454876
16:33:04,2.558936834,3.503749132,2.555440187
16:33:04,2.559627056,3.506184578,2.556037426
16:33:04,2.559471846,3.505993366,2.55595088
16:33:04,2.559342861,3.506898403,2.555586338
16:33:04,2.558460951,3.505353212,2.555573702
16:33:04,2.560023546,3.507188797,2.555241585
16:33:04,2.558250904,3.50602293,2.555104256
16:33:04,2.558522463,3.506272554,2.555686235
16:33:04,2.557397127,3.503947258,2.554840326
16:33:04,2.55866313,3.50300765,2.554735184
16:33:04,2.55815959,3.50241518,2.555363894
16:33:04,2.558240175,3.502733469,2.554491758
16:33:04,2.558888912,3.501565218,2.55432868
16:33:04,2.55825758,3.501472473,2.554442167
16:33:04,2.558197737,3.499646902,2.55307126
16:33:04,2.557556152,3.498948097,2.553416967
16:33:04,2.557984591,3.499605894,2.554054499
16:33:04,2.557614088,3.498559237,2.55272603
16:33:04,2.557769299,3.499288082,2.55395484
16:33:04,2.556985617,3.497408152,2.554427147
16:33:04,2.557089329,3.498143435,2.555045843
16:33:04,2.558483601,3.496416569,2.554366827
16:33:04,2.557935953,3.496757746,2.556138277
16:33:04,2.559008121,3.496434927,2.555360317
16:33:04,2.557607651,3.496920109,2.554266453
16:33:04,2.557649374,3.496740103,2.55543685
16:33:04,2.557699919,3.499241114,2.555681705
16:33:04,2.558547497,3.500170708,2.556822777
16:33:04,2.558930635,3.501008987,2.555998325
16:33:04,2.558153868,3.49999094,2.55553937
16:33:04,2.558443785,3.500433207,2.555014849
16:33:04,2.558535099,3.502676249,2.556416273
16:33:04,2.558564901,3.502785921,2.555758715
16:33:05,2.559769154,3.503414154,2.555842161
16:33:05,2.559845209,3.502765656,2.554575205
16:33:05,2.559093475,3.503176689,2.555557966
16:33:05,2.56028223,3.503697395,2.555983067
16:33:05,2.559528112,3.502877951,2.555670977
16:33:05,2.559765339,3.503243923,2.555651903
16:33:05,2.559809446,3.503400564,2.555533409
16:33:05,2.559389353,3.504262209,2.556335449
16:33:05,2.559399128,3.503550529,2.556447268
16:33:05,2.559514046,3.504322529,2.557221174
16:33:05,2.559434891,3.505779982,2.555513382
16:33:05,2.559541941,3.505688667,2.556057215
16:33:05,2.558899641,3.505499363,2.55509901
16:33:05,2.558591127,3.507174253,2.556036711
16:33:05,2.558082581,3.506967545,2.555847645
16:33:05,2.558699608,3.506333113,2.554638624
16:33:05,2.558782101,3.50546217,2.55517745
16:33:05,2.558363199,3.504710436,2.555894375
16:33:05,2.558735847,3.503765106,2.554348469
16:33:05,2.557812929,3.504699945,2.55568409
16:33:05,2.557832718,3.503540039,2.55420208
16:33:05,2.558786631,3.504018307,2.556047201
16:33:05,2.558675051,3.503812313,2.554643154
16:33:05,2.558982134,3.503098965,2.55572176
16:33:05,2.559520006,3.502955914,2.556323051
16:33:05,2.559228182,3.502796412,2.555773497
16:33:05,2.559827328,3.501960516,2.555546761
16:33:05,2.558768749,3.500995636,2.55624485
16:33:05,2.558787346,3.500296831,2.555915594
16:33:05,2.559640646,3.500689745,2.556027889
16:33:05,2.559122324,3.499830961,2.556113482
16:33:05,2.557935953,3.498803377,2.555003405
16:33:05,2.558557272,3.50086832,2.555413008
16:33:05,2.558688879,3.499622822,2.55571723
16:33:05,2.558822632,3.499727726,2.556698561
16:33:05,2.559154749,3.49957943,2.555190802
16:33:05,2.558158875,3.498280048,2.555153847
16:33:05,2.557983875,3.499084473,2.555806637
16:33:05,2.55866003,3.498049021,2.554775238
16:33:05,2.559117556,3.498913527,2.555188179
16:33:05,2.558046579,3.499271154,2.556207895
16:33:05,2.559076071,3.499607086,2.555711985
16:33:05,2.558660746,3.500012398,2.555234432
16:33:05,2.558409452,3.500210047,2.554822445
16:33:05,2.558874607,3.501116276,2.55488801
16:33:05,2.559813499,3.502688646,2.555762291
16:33:05,2.558686972,3.502977848,2.554831028
16:33:05,2.558643818,3.503053427,2.556367159
16:33:05,2.558694124,3.503922939,2.55532217
16:33:05,2.557924509,3.50325346,2.555565119
16:33:05,2.558135033,3.50229907,2.555591583
16:33:05,2.559280634,3.502992153,2.555420876
16:33:05,2.558051348,3.50404954,2.555365324
16:33:05,2.558846235,3.504565716,2.554178953
16:33:05,2.55847168,3.505681515,2.554753542
16:33:05,2.55819416,3.507074356,2.555403948
16:33:05,2.559625864,3.506664753,2.554835081
16:33:05,2.557699919,3.50603056,2.555040121
16:33:05,2.557964087,3.504663706,2.555086851
16:33:05,2.558180094,3.506459951,2.55561471
16:33:05,2.55931592,3.506266832,2.555927038
16:33:05,2.559369326,3.507313967,2.554962635
16:33:05,2.559231997,3.506618977,2.55450511
16:33:05,2.558980465,3.504308701,2.554357529
16:33:05,2.55903554,3.50469017,2.554656506
16:33:05,2.55847621,3.502999306,2.555272102
16:33:05,2.558933973,3.502539873,2.556555748
16:33:05,2.557964087,3.501445055,2.554390192
16:33:05,2.559190273,3.50190115,2.554080486
16:33:05,2.557883501,3.500571251,2.554978609
16:33:05,2.558683395,3.50009656,2.556297302
16:33:05,2.559289694,3.500346899,2.557351351
16:33:05,2.558989048,3.500515461,2.55703783
16:33:05,2.558445215,3.499425888,2.556096315
16:33:05,2.558947325,3.498918056,2.55545187
16:33:05,2.558127165,3.498943567,2.556529522
16:33:05,2.558296442,3.499034166,2.554495811
16:33:05,2.557398558,3.499156475,2.554326534
16:33:05,2.558225155,3.499598026,2.554799795
16:33:05,2.557773113,3.499863625,2.554162025
16:33:05,2.559063435,3.500912666,2.556225061
16:33:05,2.559465408,3.501665592,2.55568099
16:33:05,2.558838844,3.501405716,2.554882765
16:33:05,2.558480024,3.501603603,2.555804729
16:33:05,2.558955908,3.500865698,2.555181503
16:33:05,2.558171034,3.501092672,2.554513693
16:33:05,2.558598518,3.50064373,2.556203365
16:33:05,2.559013844,3.501738071,2.554356098
16:33:05,2.557649374,3.50272131,2.555505037
16:33:05,2.558784008,3.501790524,2.554524422
16:33:05,2.558740616,3.502139091,2.554661036
16:33:05,2.558204651,3.500290871,2.55493474
16:33:05,2.558141232,3.501578093,2.554806471
16:33:05,2.557241917,3.500632763,2.555104733
16:33:05,2.558147669,3.502086401,2.555011511
16:33:05,2.55754137,3.501038313,2.555537462
16:33:05,2.558071852,3.501656532,2.556271553
16:33:05,2.557826519,3.501137257,2.554215908
16:33:05,2.557713509,3.503565073,2.55519557
16:33:05,2.558865309,3.502267122,2.554174662
16:33:05,2.557851076,3.503876686,2.556033373
16:33:05,2.558652639,3.503926277,2.554692745
16:33:05,2.557442665,3.503334522,2.555356264
16:33:05,2.558118105,3.50201416,2.555160284
16:33:05,2.557311058,3.502620697,2.554184675
16:33:05,2.557923794,3.502807379,2.555069685
16:33:05,2.557793617,3.503493786,2.555351496
16:33:05,2.558176756,3.503583193,2.553913116
16:33:05,2.557091951,3.504193306,2.555014133
16:33:05,2.557240009,3.502828121,2.554652452
16:33:05,2.559803486,3.505160093,2.555537939
16:33:05,2.560171604,3.505698919,2.555192709
16:33:05,2.559037924,3.503024817,2.556323767
16:33:05,2.559274197,3.502627373,2.557235003
16:33:05,2.559676647,3.500931025,2.556442261
16:33:06,2.558857203,3.501021624,2.555559397
16:33:06,2.558797359,3.500221491,2.556324244
16:33:06,2.559308052,3.499996662,2.555847645
16:33:06,2.558932781,3.499382019,2.555673361
16:33:06,2.558371782,3.499726534,2.555587769
16:33:06,2.558897972,3.50086832,2.555969954
16:33:06,2.558605671,3.500371218,2.555151939
16:33:06,2.558624744,3.499913692,2.55423069
16:33:06,2.55782938,3.500381708,2.554404974
16:33:06,2.558714628,3.499238491,2.554752588
16:33:06,2.558490753,3.498086929,2.554893255
16:33:06,2.55841589,3.500102997,2.554458857
16:33:06,2.559012651,3.500468254,2.555820227
16:33:06,2.558886528,3.500456095,2.557498217
16:33:06,2.55840826,3.50229001,2.556139708
16:33:06,2.558940411,3.503305197,2.556522131
16:33:06,2.559286833,3.502682209,2.556475163
16:33:06,2.559286833,3.503412247,2.556557178
16:33:06,2.559798956,3.504310369,2.556236982
16:33:06,2.560183525,3.504424095,2.556067705
16:33:06,2.560254812,3.505001068,2.555469751
16:33:06,2.559815407,3.503577709,2.557578087
16:33:06,2.560013533,3.50407958,2.556544542
16:33:06,2.560627937,3.505790949,2.557064533
16:33:06,2.560556173,3.506182671,2.557003021
16:33:06,2.560292244,3.506045341,2.55703783
16:33:06,2.559821844,3.505869389,2.555288076
16:33:06,2.559904575,3.505804777,2.556431532
16:33:06,2.55986166,3.50686574,2.556381226
16:33:06,2.559596777,3.507474899,2.556383371
16:33:06,2.559547901,3.507775307,2.556346655
16:33:06,2.559434414,3.507342577,2.557039976
16:33:06,2.560203314,3.50770998,2.555977821
16:33:06,2.55917716,3.506799221,2.556417704
16:33:06,2.558163166,3.505981684,2.555593491
16:33:06,2.559342146,3.505256176,2.556568384
16:33:06,2.55949831,3.504163027,2.557039261
16:33:06,2.5594275,3.504586458,2.556475878
16:33:06,2.559135914,3.503266811,2.554465294
16:33:06,2.559108496,3.501589298,2.556064606
16:33:06,2.559056282,3.502599955,2.557781935
16:33:06,2.560402393,3.502311707,2.557927847
16:33:06,2.558478832,3.49991107,2.556633472
16:33:06,2.559004545,3.499377966,2.55615449
16:33:06,2.559364796,3.499620676,2.556358814
16:33:06,2.559183121,3.499416113,2.555760384
16:33:06,2.559509516,3.500153065,2.556341648
16:33:06,2.559411764,3.500331879,2.556138277
16:33:06,2.558844328,3.500799894,2.5552876
16:33:06,2.559413671,3.501436472,2.555322886
16:33:06,2.559265137,3.500316381,2.554924488
16:33:06,2.558202744,3.500677347,2.555557966
16:33:06,2.558678389,3.499897242,2.554614067
16:33:06,2.558153152,3.499630451,2.553841114
16:33:06,2.557450294,3.500588417,2.555430174
16:33:06,2.558048725,3.499288797,2.554677486
16:33:06,2.558125973,3.500459909,2.555504322
16:33:06,2.557826519,3.498944998,2.555557966
16:33:06,2.557558537,3.499519587,2.555358171
16:33:06,2.558192968,3.498761654,2.554412365
16:33:06,2.558214664,3.501213312,2.553657293
16:33:06,2.557097197,3.501149416,2.554073095
16:33:06,2.557071209,3.500883341,2.554632664
16:33:06,2.557748079,3.500973225,2.554061651
16:33:06,2.557988644,3.500503063,2.553972006
16:33:06,2.558112383,3.499232054,2.554672241
16:33:06,2.556815147,3.499555111,2.554603577
16:33:06,2.557709932,3.499002218,2.553810596
16:33:06,2.556652546,3.499548912,2.553735256
16:33:06,2.558267355,3.5,2.553693533
16:33:06,2.55826354,3.503198624,2.556264877
16:33:06,2.557901382,3.504106998,2.554920197
16:33:06,2.558051348,3.503528357,2.554954767
16:33:06,2.557568312,3.505305767,2.555660963
16:33:06,2.558343172,3.507256031,2.554232597
16:33:06,2.557546377,3.506657362,2.554906607
16:33:06,2.558275461,3.507142544,2.554584265
16:33:06,2.558358669,3.505635262,2.555705309
16:33:06,2.558809042,3.506313562,2.555832863
16:33:06,2.558990955,3.507383823,2.555341005
16:33:06,2.559107065,3.50583148,2.555416346
16:33:06,2.559760571,3.504313231,2.555876017
16:33:06,2.558589935,3.50357008,2.555494308
16:33:06,2.558604956,3.503416777,2.55547905
16:33:06,2.558441877,3.501775742,2.556805849
16:33:06,2.559933662,3.504056215,2.557660818
16:33:06,2.559065342,3.503112793,2.556327105
16:33:06,2.560003042,3.502585649,2.557170391
16:33:06,2.559114933,3.50211525,2.556137323
16:33:06,2.559159994,3.501124144,2.556150913
16:33:06,2.558466196,3.501055479,2.557149172
16:33:06,2.559269905,3.500450611,2.556770086
16:33:06,2.559341192,3.500433207,2.555235147
16:33:06,2.558410883,3.499435663,2.555029631
16:33:06,2.558713198,3.500696182,2.554336548
16:33:06,2.558688164,3.500384331,2.554627419
16:33:06,2.557996988,3.500230312,2.555098295
16:33:06,2.55787158,3.500724792,2.554844379
16:33:06,2.558729887,3.501103878,2.555722475
16:33:06,2.558970928,3.500360012,2.554884672
16:33:06,2.558281183,3.501407146,2.556032181
16:33:06,2.559066772,3.502090216,2.555688143
16:33:06,2.558552265,3.501634359,2.556488991
16:33:06,2.55902195,3.501229763,2.555723429
16:33:06,2.557718277,3.50108695,2.555329084
16:33:06,2.558754921,3.503223658,2.556467295
16:33:06,2.558202744,3.502656221,2.554735899
16:33:06,2.558546305,3.502646446,2.555332184
16:33:06,2.559622526,3.503340721,2.556001186
16:33:06,2.558794022,3.502460241,2.555300713
16:33:06,2.558984041,3.503147364,2.556647062
16:33:06,2.559354067,3.50346756,2.555584908
16:33:06,2.559384584,3.502539873,2.554763079
16:33:06,2.557813406,3.503396511,2.554841042
16:33:06,2.557825804,3.503484488,2.555188179
16:33:06,2.558346748,3.505246878,2.555337667
16:33:06,2.558864117,3.505090952,2.553770304
16:33:06,2.55802083,3.504129887,2.554804802
16:33:06,2.558307171,3.504140377,2.554523468
16:33:07,2.558392286,3.505285263,2.55556035
16:33:07,2.558017731,3.504145622,2.555546761
16:33:07,2.559087992,3.502803564,2.554789543
16:33:07,2.558770895,3.503311634,2.556280136
16:33:07,2.558892488,3.503884554,2.554556131
16:33:07,2.557844639,3.501479626,2.553678989
16:33:07,2.557676554,3.501854658,2.553941011
16:33:07,2.557986736,3.502687454,2.555600882
16:33:07,2.557906151,3.501245499,2.554073095
16:33:07,2.557938099,3.501330376,2.554776907
16:33:07,2.558101654,3.500833511,2.555668354
16:33:07,2.558737755,3.49909687,2.555541992
16:33:07,2.557861805,3.499540567,2.556420326
16:33:07,2.558413506,3.499230862,2.556032896
16:33:07,2.557847738,3.498505592,2.554794788
16:33:07,2.557576418,3.497543335,2.555371284
16:33:07,2.558852673,3.50019145,2.555166483
16:33:07,2.557337284,3.499040604,2.556503773
16:33:07,2.557518005,3.500282526,2.555670977
16:33:07,2.55862546,3.501670837,2.554867268
16:33:07,2.558716774,3.502672434,2.554772854
16:33:07,2.558268785,3.501473665,2.555510759
16:33:07,2.557515383,3.501672745,2.555263519
16:33:07,2.559293985,3.501875639,2.556479216
16:33:07,2.559224606,3.501448393,2.55581522
16:33:07,2.558820963,3.500148058,2.55605197
16:33:07,2.559962034,3.500174522,2.555939674
16:33:07,2.55856204,3.499363184,2.554558516
16:33:07,2.559741497,3.499579191,2.555503607
16:33:07,2.558093548,3.500273705,2.556179047
16:33:07,2.5594697,3.49946022,2.555151224
16:33:07,2.558388472,3.499324083,2.555448055
16:33:07,2.557679415,3.500681639,2.555302382
16:33:07,2.557969332,3.500501633,2.556233168
16:33:07,2.558248043,3.4994874,2.556827545
16:33:07,2.558081865,3.502778769,2.556015491
16:33:07,2.558328867,3.503085375,2.556722403
16:33:07,2.558704853,3.505222797,2.556171656
16:33:07,2.558894396,3.505684614,2.556182146
16:33:07,2.559244633,3.507591963,2.555462599
16:33:07,2.560277462,3.508228779,2.55642271
16:33:07,2.559314013,3.508638382,2.555291176
16:33:07,2.560227156,3.508048534,2.5562675
16:33:07,2.559271574,3.508209705,2.556309223
16:33:07,2.559818029,3.50737381,2.554270744
16:33:07,2.559187412,3.506985188,2.55595994
16:33:07,2.558804035,3.505542517,2.556053162
16:33:07,2.559264421,3.504013062,2.556869984
16:33:07,2.559290409,3.504605055,2.555477142
16:33:07,2.559886217,3.504463196,2.556356668
16:33:07,2.55978632,3.505080462,2.556639194
16:33:07,2.560527563,3.503904104,2.556817293
16:33:07,2.560452461,3.503505945,2.555824995
16:33:07,2.559954643,3.502453089,2.5566504
16:33:07,2.55920887,3.500935316,2.55657196
16:33:07,2.559479713,3.501442432,2.556699753
16:33:07,2.559789658,3.498996973,2.556973934
16:33:07,2.558959246,3.499500036,2.556362152
16:33:07,2.55863142,3.499659538,2.556205273
16:33:07,2.559077263,3.500005245,2.557250261
16:33:07,2.559467793,3.499466896,2.556521177
16:33:07,2.558825731,3.500032425,2.555859089
16:33:07,2.558986902,3.500160933,2.556577206
16:33:07,2.558794737,3.500673771,2.555301905
16:33:07,2.558842897,3.50121069,2.555689573
16:33:07,2.558635473,3.501035929,2.555812359
16:33:07,2.558542252,3.501227856,2.555476427
16:33:07,2.559325933,3.502119541,2.555555105
16:33:07,2.558394909,3.501315117,2.554596424
16:33:07,2.558648586,3.500968695,2.554632664
16:33:07,2.558874607,3.501553297,2.557253838
16:33:07,2.559011459,3.501605034,2.555574894
16:33:07,2.558024168,3.500925541,2.555502415
16:33:07,2.559275627,3.501092672,2.556853294
16:33:07,2.559371471,3.501333237,2.556280613
16:33:07,2.559479713,3.502693892,2.557312965
16:33:07,2.558604479,3.503320217,2.556838989
16:33:07,2.558505774,3.505127907,2.555245161
16:33:07,2.558714628,3.505555391,2.55580759
16:33:07,2.558682203,3.506596327,2.554735899
16:33:07,2.559175968,3.507097244,2.556809187
16:33:07,2.559350252,3.507846355,2.555487633
16:33:07,2.559384584,3.50797677,2.555102348
16:33:07,2.558853388,3.507649183,2.55620122
16:33:07,2.559154034,3.505296707,2.55615449
16:33:07,2.558784008,3.505229235,2.5558846
16:33:07,2.559341192,3.505337,2.556384563
16:33:07,2.559586287,3.505743504,2.556344509
16:33:07,2.559144258,3.504811525,2.556463957
16:33:07,2.558713913,3.504333496,2.555225372
16:33:07,2.55855298,3.50493288,2.556702137
16:33:07,2.559409857,3.505233288,2.555006266
16:33:07,2.559667587,3.503670454,2.556196928
16:33:07,2.559455872,3.50420928,2.555518627
16:33:07,2.55903244,3.503294706,2.556863308
16:33:07,2.560012579,3.503552675,2.556685925
16:33:07,2.559958935,3.502830982,2.55730629
16:33:07,2.5598979,3.503210068,2.557147026
16:33:07,2.559201717,3.501199245,2.554812431
16:33:07,2.55913949,3.499782801,2.555808306
16:33:07,2.558610201,3.499757051,2.554815769
16:33:07,2.558668375,3.499900103,2.556385279
16:33:07,2.557925224,3.499686718,2.556049347
16:33:07,2.558823109,3.500383615,2.556092262
16:33:07,2.559444666,3.501104593,2.556318283
16:33:07,2.559593439,3.502874374,2.556052685
16:33:07,2.559826851,3.501451015,2.556164265
16:33:07,2.559210062,3.501729727,2.55474782
16:33:07,2.559516191,3.502460957,2.555445433
16:33:07,2.55902648,3.500922441,2.555339098
16:33:07,2.559288979,3.499712706,2.554376841
16:33:07,2.55897975,3.499011278,2.554916382
16:33:07,2.558781385,3.498595238,2.555104256
16:33:07,2.559023142,3.498984098,2.555091143
16:33:07,2.558540344,3.499685526,2.555842876
16:33:07,2.558688879,3.499787807,2.555179596
16:33:08,2.558399439,3.500453234,2.556764841
16:33:08,2.55879283,3.501727581,2.556533813
16:33:08,2.558844805,3.502323866,2.556920767
16:33:08,2.559316635,3.503252268,2.555188894
16:33:08,2.558213234,3.503199339,2.555428982
16:33:08,2.558468819,3.503200769,2.555384398
16:33:08,2.558723211,3.503121138,2.554470778
16:33:08,2.55858469,3.504771233,2.555466652
16:33:08,2.558401108,3.504977942,2.553904057
16:33:08,2.557872295,3.504822016,2.55591774
16:33:08,2.557762384,3.506139994,2.555679798
16:33:08,2.558734417,3.506738901,2.556035757
16:33:08,2.558468103,3.506635904,2.554395914
16:33:08,2.558450222,3.506930351,2.555046797
16:33:08,2.558090925,3.505696535,2.556007624
16:33:08,2.558917046,3.505368233,2.555393219
16:33:08,2.558342457,3.505043507,2.554256439
16:33:08,2.558467388,3.503679514,2.555403948
16:33:08,2.558108807,3.502955914,2.555701494
16:33:08,2.558285952,3.503795862,2.556075811
16:33:08,2.558713198,3.505010128,2.554474354
16:33:08,2.559039831,3.505938053,2.555030346
16:33:08,2.55890584,3.504270792,2.555510283
16:33:08,2.559584856,3.503679514,2.554641247
16:33:08,2.557796955,3.499736786,2.554556847
16:33:08,2.559527636,3.500977278,2.555714369
16:33:08,2.557414293,3.498283148,2.556121111
16:33:08,2.558607578,3.498354435,2.555589676
16:33:08,2.558443069,3.498084307,2.554730654
16:33:08,2.557851076,3.496735096,2.554127455
16:33:08,2.557614803,3.498527527,2.555276155
16:33:08,2.558057308,3.499392509,2.555119276
16:33:08,2.558068514,3.499797583,2.554250479
16:33:08,2.557853937,3.498771906,2.555290222
16:33:08,2.55786109,3.498440981,2.555632591
16:33:08,2.557600021,3.499019146,2.554117441
16:33:08,2.557476521,3.497949123,2.553756475
16:33:08,2.557971239,3.498296261,2.554593801
16:33:08,2.558094263,3.49849081,2.554044008
16:33:08,2.558571339,3.498351812,2.553702831
16:33:08,2.558401585,3.49857235,2.555796862
16:33:08,2.557782888,3.497772455,2.554435492
16:33:08,2.558255434,3.498689651,2.555928946
16:33:08,2.558413982,3.49981904,2.556032896
16:33:08,2.558003664,3.498639584,2.555570364
16:33:08,2.5577631,3.500670195,2.556483746
16:33:08,2.558214664,3.500267982,2.555199385
16:33:08,2.558044672,3.500435591,2.555760384
16:33:08,2.558340073,3.500238657,2.555253029
16:33:08,2.558297873,3.502400875,2.555238724
16:33:08,2.558312178,3.502920151,2.55444932
16:33:08,2.557998657,3.503627539,2.553845644
16:33:08,2.55753994,3.50402689,2.553595543
16:33:08,2.558823109,3.503951073,2.553046227
16:33:08,2.556809187,3.503415585,2.554337025
16:33:08,2.556806564,3.503057718,2.552963734
16:33:08,2.557309151,3.502610922,2.555439472
16:33:08,2.557894707,3.502109766,2.553150654
16:33:08,2.556718588,3.501730204,2.554008007
16:33:08,2.557145357,3.501069307,2.554548502
16:33:08,2.557004929,3.502204418,2.553928375
16:33:08,2.557775021,3.504644632,2.556015968
16:33:08,2.558275461,3.504765987,2.554787397
16:33:08,2.557721138,3.507842302,2.555351496
16:33:08,2.558855534,3.507906437,2.555388451
16:33:08,2.558583975,3.50757885,2.555946112
16:33:08,2.558249235,3.504190445,2.555755138
16:33:08,2.557794094,3.503012896,2.555983782
16:33:08,2.558353901,3.50215435,2.554788828
16:33:08,2.558158875,3.501915932,2.554821968
16:33:08,2.558706045,3.500534296,2.554092884
16:33:08,2.559147358,3.500021458,2.553073883
16:33:08,2.555035353,3.49728632,2.552720785
16:33:08,2.556310177,3.497549295,2.552671909
16:33:08,2.556346655,3.49613142,2.551973104
16:33:08,2.556737185,3.495549679,2.552042961
16:33:08,2.556360483,3.496151924,2.552582741
16:33:08,2.555834055,3.495909691,2.553163767
16:33:08,2.557226658,3.495303392,2.554700851
16:33:08,2.555771112,3.494096279,2.551843643
16:33:08,2.554854155,3.495124102,2.553267479
16:33:08,2.555834055,3.495877028,2.552774429
16:33:08,2.555638552,3.495456934,2.551582575
16:33:08,2.556230545,3.496375561,2.553058624
16:33:08,2.555332422,3.494874239,2.552788258
16:33:08,2.555180073,3.495861292,2.552518368
16:33:08,2.554979563,3.496072531,2.552776337
16:33:08,2.556071997,3.496614933,2.55437541
16:33:08,2.555962801,3.496206522,2.553492069
16:33:08,2.556139231,3.496409893,2.55190134
16:33:08,2.555680513,3.496054411,2.552894592
16:33:08,2.556275368,3.498695612,2.553363562
16:33:08,2.556259394,3.499008656,2.55355072
16:33:08,2.555818796,3.500082016,2.553200245
16:33:08,2.555535316,3.50120759,2.55360961
16:33:08,2.556369066,3.500484228,2.553668976
16:33:08,2.555123806,3.501071215,2.551826239
16:33:08,2.556147099,3.500965118,2.552522182
16:33:08,2.555388451,3.500893116,2.552158833
16:33:08,2.555805445,3.500673056,2.552007198
16:33:08,2.554814577,3.498580456,2.552296162
16:33:08,2.555151224,3.500459194,2.552724838
16:33:08,2.555574894,3.499865294,2.553451061
16:33:08,2.556135416,3.500196934,2.553359509
16:33:08,2.556311131,3.499653339,2.553355694
16:33:08,2.555817366,3.501048326,2.55268693
16:33:08,2.556087732,3.502126455,2.552892208
16:33:08,2.555713177,3.501214027,2.552829266
16:33:08,2.556712627,3.500824928,2.55309248
16:33:08,2.55569911,3.500261068,2.553321362
16:33:08,2.556338072,3.500983238,2.551939726
16:33:08,2.55636096,3.500544071,2.552806139
16:33:08,2.55630374,3.498246908,2.552127123
16:33:08,2.556047678,3.497484684,2.552664518
16:33:08,2.555320024,3.497463226,2.550922632
16:33:08,2.556153774,3.495236158,2.551584482
16:33:08,2.554992914,3.49599576,2.552891493
16:33:08,2.555685997,3.495289087,2.552488089
16:33:08,2.556236267,3.495516062,2.552253008
16:33:09,2.554827213,3.493412495,2.552236557
16:33:09,2.55565691,3.495163918,2.553291559
16:33:09,2.556035042,3.496010542,2.552611589
16:33:09,2.554242134,3.495713234,2.551949024
16:33:09,2.553944111,3.494971275,2.552186966
16:33:09,2.555096865,3.495531321,2.552222013
16:33:09,2.555748224,3.496417999,2.553155899
16:33:09,2.554710627,3.496016741,2.552626848
16:33:09,2.554562807,3.495358229,2.551734209
16:33:09,2.555033922,3.496928453,2.552916527
16:33:09,2.556651354,3.496671915,2.552673817
16:33:09,2.555130243,3.496518373,2.553009033
16:33:09,2.556653261,3.497815371,2.552260399
16:33:09,2.555187225,3.497596264,2.552870274
16:33:09,2.55659771,3.499021053,2.552200317
16:33:09,2.55619216,3.498071909,2.552042961
16:33:09,2.555605888,3.498432875,2.55190444
16:33:09,2.555501223,3.49612236,2.552820444
16:33:09,2.554986715,3.496529579,2.55158329
16:33:09,2.55551219,3.497365236,2.553568602
16:33:09,2.555364132,3.497823954,2.552750349
16:33:09,2.555517435,3.498426199,2.552868843
16:33:09,2.555483103,3.499242544,2.55202961
16:33:09,2.55544281,3.499273062,2.551109076
16:33:09,2.555690527,3.500044823,2.55196023
16:33:09,2.555159569,3.501220703,2.552896023
16:33:09,2.555330515,3.50074625,2.552253008
16:33:09,2.556082249,3.500187159,2.552896023
16:33:09,2.554717302,3.499665737,2.552428484
16:33:09,2.555885553,3.500105619,2.552346945
16:33:09,2.55449605,3.499776602,2.552716017
16:33:09,2.554871321,3.500477314,2.552954197
16:33:09,2.556209087,3.501921415,2.552308083
16:33:09,2.555998325,3.5010674,2.551967621
16:33:09,2.555501223,3.501669168,2.551992893
16:33:09,2.556133747,3.500404358,2.552252531
16:33:09,2.556450605,3.499459505,2.551032305
16:33:09,2.554270744,3.497829914,2.551541567
16:33:09,2.555495024,3.496449232,2.552572012
16:33:09,2.555463314,3.496919394,2.553257704
16:33:09,2.55597806,3.497916698,2.551463604
16:33:09,2.555901289,3.497246504,2.552531481
16:33:09,2.555403709,3.496562004,2.553119659
16:33:09,2.55606246,3.496739626,2.553353071
16:33:09,2.556843996,3.495774746,2.552337885
16:33:09,2.555886745,3.494677067,2.554879904
16:33:09,2.555984735,3.494669437,2.553496361
16:33:09,2.555408001,3.494251251,2.552293062
16:33:09,2.555329323,3.494784117,2.552585125
16:33:09,2.554519892,3.496056318,2.553571224
16:33:09,2.555429459,3.497353554,2.553227425
16:33:09,2.555739403,3.497653723,2.553366899
16:33:09,2.555764675,3.496159792,2.55310154
16:33:09,2.555515528,3.495515585,2.551638126
16:33:09,2.555129051,3.495426655,2.553179741
16:33:09,2.556244373,3.495203018,2.55137825
16:33:09,2.556598902,3.496032953,2.552355528
16:33:09,2.555943727,3.496438265,2.552399397
16:33:09,2.556255579,3.497458458,2.552550793
16:33:09,2.556231737,3.501811266,2.554657698
16:33:09,2.555907726,3.50083971,2.552592993
16:33:09,2.555637836,3.501561165,2.552903891
16:33:09,2.555345774,3.502179146,2.553485155
16:33:09,2.556025505,3.500858545,2.552801847
16:33:09,2.555657625,3.501522779,2.553670406
16:33:09,2.55603981,3.50011158,2.553028822
16:33:09,2.555679321,3.499729633,2.553678513
16:33:09,2.55580759,3.501062632,2.553330421
16:33:09,2.555979967,3.50075078,2.55245018
16:33:09,2.556044102,3.500605345,2.554140091
16:33:09,2.556536913,3.500889063,2.55314064
16:33:09,2.556209803,3.50260973,2.553821325
16:33:09,2.556616306,3.502614975,2.551642656
16:33:09,2.557041883,3.501523495,2.55281806
16:33:09,2.556155682,3.500803471,2.552662134
16:33:09,2.556314468,3.500867605,2.552399874
16:33:09,2.556498528,3.500560999,2.55260253
16:33:09,2.555461407,3.499307632,2.553423643
16:33:09,2.556297541,3.500756741,2.554754257
16:33:09,2.555670261,3.499430895,2.552558184
16:33:09,2.555783033,3.499341726,2.553358316
16:33:09,2.55584383,3.498531103,2.552635193
16:33:09,2.556426764,3.497849464,2.553566694
16:33:09,2.555687666,3.497293711,2.55320096
16:33:09,2.556179047,3.494876146,2.552398682
16:33:09,2.555650949,3.495440483,2.552957535
16:33:09,2.555780888,3.495309353,2.553632021
16:33:09,2.555962086,3.496593952,2.554079771
16:33:09,2.555641651,3.496899843,2.552131414
16:33:09,2.555696011,3.495257139,2.552500248
16:33:09,2.55556035,3.495915413,2.553616762
16:33:09,2.55619216,3.496713877,2.553779602
16:33:09,2.556997776,3.496718168,2.552645922
16:33:09,2.555785656,3.495494604,2.552940369
16:33:09,2.556204081,3.495623827,2.55303812
16:33:09,2.555427074,3.495335579,2.552924871
16:33:09,2.556016445,3.495229721,2.554012775
16:33:09,2.555943012,3.495333433,2.553578615
16:33:09,2.556872845,3.494832277,2.553595066
16:33:09,2.555980682,3.494754314,2.554011583
16:33:09,2.55629468,3.496307373,2.553686857
16:33:09,2.557485104,3.498944283,2.552964926
16:33:09,2.556885004,3.500549316,2.553289652
16:33:09,2.556874037,3.501271725,2.553657293
16:33:09,2.55728817,3.502201319,2.554547071
16:33:09,2.556298494,3.502503395,2.553759813
16:33:09,2.557111263,3.503356695,2.554871321
16:33:09,2.557625771,3.50319767,2.553869486
16:33:09,2.556077719,3.502036333,2.554061174
16:33:09,2.556112051,3.502376795,2.55529952
16:33:09,2.556304455,3.502078533,2.553456306
16:33:09,2.556084156,3.501404047,2.553508997
16:33:09,2.55598712,3.500664711,2.553244352
16:33:09,2.555984735,3.500981092,2.552612305
16:33:09,2.556082964,3.501481533,2.55303216
16:33:10,2.555197716,3.500588894,2.553301573
16:33:10,2.556004524,3.499670982,2.551884174
16:33:10,2.556386232,3.499982357,2.553314686
16:33:10,2.55576396,3.499764204,2.552945614
16:33:10,2.556585789,3.500786066,2.554246902
16:33:10,2.556591749,3.50061512,2.553775072
16:33:10,2.556083679,3.501715183,2.552766562
16:33:10,2.557222843,3.503950357,2.553499222
16:33:10,2.557056427,3.50213623,2.553723335
16:33:10,2.556708336,3.501953363,2.552798271
16:33:10,2.557032347,3.50052762,2.553503513
16:33:10,2.556100845,3.498593807,2.554135799
16:33:10,2.557351589,3.497905731,2.554430962
16:33:10,2.557009935,3.497202873,2.55444622
16:33:10,2.557187796,3.498203516,2.554391384
16:33:10,2.555903912,3.498416424,2.553714037
16:33:10,2.556412697,3.49708581,2.553329706
16:33:10,2.556728125,3.497557163,2.553090811
16:33:10,2.556493998,3.495429993,2.551738501
16:33:10,2.556108713,3.494968176,2.552810669
16:33:10,2.557089329,3.493998766,2.553105116
16:33:10,2.556104183,3.495093346,2.553370714
16:33:10,2.55570507,3.495125294,2.552306175
16:33:10,2.555590153,3.493930101,2.552830935
16:33:10,2.55667901,3.494701862,2.552919149
16:33:10,2.5558002,3.498213053,2.553725481
16:33:10,2.556692123,3.498805761,2.55444479
16:33:10,2.556488752,3.499654055,2.5532341
16:33:10,2.556130886,3.501414537,2.552991152
16:33:10,2.556082964,3.50095582,2.553515434
16:33:10,2.556953907,3.500788927,2.553709984
16:33:10,2.557738781,3.500260353,2.554337025
16:33:10,2.557482004,3.499799013,2.554192066
16:33:10,2.556837559,3.500199556,2.554561377
16:33:10,2.556893826,3.49995923,2.554093599
16:33:10,2.556771517,3.50176096,2.553676605
16:33:10,2.556377888,3.501456738,2.554318666
16:33:10,2.557024717,3.503312349,2.553385973
16:33:10,2.556742907,3.502749443,2.554276943
16:33:10,2.557140827,3.503225565,2.553212881
16:33:10,2.556963205,3.502482414,2.554084301
16:33:10,2.556966543,3.503397226,2.553728104
16:33:10,2.556698799,3.501328468,2.553338528
16:33:10,2.55673337,3.501008987,2.55299592
16:33:10,2.556354523,3.500903606,2.552252054
16:33:10,2.555802822,3.501580715,2.554524422
16:33:10,2.55805254,3.502445698,2.552250624
16:33:10,2.556910992,3.503025532,2.553382874
16:33:10,2.557631016,3.504715204,2.553974628
16:33:10,2.557924509,3.504005671,2.553078651
16:33:10,2.557029486,3.502933502,2.554610968
16:33:10,2.557307959,3.5038414,2.554699421
16:33:10,2.55705142,3.502402067,2.554233313
16:33:10,2.55602169,3.502012014,2.554042578
16:33:10,2.557667494,3.502873659,2.553944111
16:33:10,2.556363821,3.502074003,2.55429697
16:33:10,2.556624889,3.498999119,2.551757574
16:33:10,2.555300713,3.497381449,2.552761793
16:33:10,2.555989027,3.497297287,2.553576231
16:33:10,2.556711197,3.496796131,2.553191185
16:33:10,2.556258678,3.495014429,2.55372858
16:33:10,2.557123661,3.494296312,2.553249836
16:33:10,2.556934357,3.49412775,2.553982496
16:33:10,2.556230545,3.493364334,2.551528931
16:33:10,2.556863308,3.495697021,2.5532341
16:33:10,2.55588603,3.495129824,2.551657915
16:33:10,2.556724548,3.496428251,2.552597761
16:33:10,2.555755377,3.497612476,2.552716732
16:33:10,2.55562067,3.49835515,2.554035425
16:33:10,2.55623126,3.497452736,2.552721977
16:33:10,2.555766582,3.497328758,2.55355525
16:33:10,2.5557096,3.497126579,2.55393672
16:33:10,2.555122375,3.497157812,2.553302765
16:33:10,2.556295156,3.497494936,2.553159237
16:33:10,2.556091547,3.498414516,2.552399874
16:33:10,2.557109833,3.49920702,2.553623438
16:33:10,2.557016134,3.49896884,2.557374477
16:33:10,2.559327841,3.501957893,2.557627678
16:33:10,2.558905125,3.501726389,2.556881905
16:33:10,2.559872866,3.502177715,2.556232214
16:33:10,2.559286118,3.502291441,2.555602074
16:33:10,2.558453083,3.501772642,2.555509567
16:33:10,2.558591127,3.502881765,2.555081844
16:33:10,2.558259249,3.503129721,2.55534482
16:33:10,2.558108091,3.502009392,2.555875301
16:33:10,2.558088303,3.502591372,2.554740667
16:33:10,2.558503389,3.503176689,2.555700064
16:33:10,2.558965683,3.503432751,2.556646347
16:33:10,2.558342457,3.505502939,2.556871653
16:33:10,2.559155464,3.50552249,2.55580759
16:33:10,2.55848527,3.505836725,2.554493904
16:33:10,2.559270859,3.507742643,2.555454731
16:33:10,2.559208155,3.507562637,2.556076288
16:33:10,2.557602882,3.505604744,2.554714441
16:33:10,2.558985472,3.505488873,2.554839134
16:33:10,2.558332205,3.505480528,2.555692911
16:33:10,2.55841136,3.505802155,2.556227207
16:33:10,2.559275627,3.503757477,2.555074215
16:33:10,2.557119131,3.500178814,2.556247711
16:33:10,2.558108807,3.499649763,2.55448699
16:33:10,2.557301998,3.499977589,2.555528641
16:33:10,2.55751276,3.499290705,2.554513216
16:33:10,2.558276176,3.497473478,2.553568602
16:33:10,2.557585716,3.49823308,2.555341005
16:33:10,2.558989048,3.497347116,2.555467129
16:33:10,2.557574987,3.496688843,2.555737734
16:33:10,2.557930946,3.497728109,2.555033922
16:33:10,2.557387352,3.497976542,2.555700064
16:33:10,2.558261395,3.499546528,2.553761482
16:33:10,2.559268951,3.501037121,2.55472517
16:33:10,2.558506966,3.500122547,2.553603172
16:33:10,2.559053421,3.500149488,2.555063248
16:33:10,2.558423042,3.499260187,2.556967735
16:33:10,2.557973385,3.499237061,2.555815935
16:33:10,2.558221817,3.499966621,2.555703402
16:33:10,2.557799578,3.499584436,2.556123972
16:33:10,2.558395624,3.500749588,2.554750919
16:33:10,2.558165073,3.501587391,2.555344105
16:33:10,2.558278561,3.502034426,2.554910183
16:33:11,2.558622837,3.500196457,2.551644087
16:33:11,2.557369709,3.499492407,2.554258108
16:33:11,2.558381081,3.500366449,2.554910183
16:33:11,2.558298349,3.500300169,2.556359291
16:33:11,2.55926156,3.501480341,2.556446075
16:33:11,2.558964491,3.499848366,2.555699587
16:33:11,2.558343172,3.501129866,2.555872679
16:33:11,2.558736563,3.504043818,2.555850029
16:33:11,2.559296131,3.505428314,2.556168318
16:33:11,2.56008029,3.506072283,2.556392431
16:33:11,2.559334993,3.506207228,2.554860115
16:33:11,2.558467388,3.505790472,2.556033373
16:33:11,2.558809996,3.506091118,2.556871653
16:33:11,2.558878422,3.504937649,2.556270838
16:33:11,2.559145927,3.505304337,2.556340933
16:33:11,2.558715343,3.505086422,2.556246281
16:33:11,2.558747768,3.506932735,2.555493116
16:33:11,2.558918715,3.505830765,2.555794001
16:33:11,2.559235334,3.506827354,2.556319237
16:33:11,2.558145046,3.504460096,2.555315018
16:33:11,2.558141708,3.505261898,2.555751085
16:33:11,2.558382988,3.501987934,2.555317163
16:33:11,2.557896137,3.502123594,2.557364702
16:33:11,2.559090614,3.501642227,2.554610014
16:33:11,2.558187485,3.500420094,2.556796551
16:33:11,2.558986902,3.498946905,2.554880857
16:33:11,2.55775404,3.499785662,2.554396629
16:33:11,2.55772543,3.499738932,2.55378747
16:33:11,2.5586164,3.50118947,2.554734468
16:33:11,2.558108807,3.501233816,2.554823875
16:33:11,2.557397127,3.501993656,2.554724455
16:33:11,2.558386803,3.501472473,2.55496645
16:33:11,2.558382988,3.502087355,2.556665421
16:33:11,2.558641195,3.502953768,2.555469036
16:33:11,2.557623148,3.501369476,2.555366755
16:33:11,2.558428526,3.502183676,2.55396986
16:33:11,2.55773139,3.500272512,2.553819895
16:33:11,2.557508945,3.500627518,2.553660393
16:33:11,2.556996107,3.499234438,2.554534912
16:33:11,2.55689311,3.496718168,2.554098845
16:33:11,2.556071043,3.49704814,2.554820538
16:33:11,2.55747056,3.496025801,2.554286957
16:33:11,2.557419777,3.496381998,2.554718018
16:33:11,2.556686878,3.495214224,2.552955389
16:33:11,2.556189537,3.494753599,2.552164555
16:33:11,2.556241512,3.494694948,2.550829887
16:33:11,2.556009769,3.495472908,2.552615404
16:33:11,2.556892633,3.496404171,2.553427696
16:33:11,2.5560534,3.497074842,2.553800821
16:33:11,2.557763815,3.501638174,2.555424452
16:33:11,2.557417631,3.502081871,2.555042267
16:33:11,2.55798316,3.50263238,2.555356264
16:33:11,2.557948828,3.504419088,2.555999756
16:33:11,2.558416605,3.504579306,2.552927017
16:33:11,2.557206154,3.50642252,2.552914619
16:33:11,2.557207584,3.506469727,2.552649975
16:33:11,2.559726715,3.505510569,2.555253029
16:33:11,2.558756828,3.504498482,2.555734873
16:33:11,2.558510542,3.503821135,2.556412935
16:33:11,2.558957815,3.502660513,2.555944681
16:33:11,2.558215857,3.501624584,2.555650711
16:33:11,2.557096481,3.501094818,2.555467844
16:33:11,2.558195591,3.501808405,2.554918528
16:33:11,2.557536364,3.500106335,2.553306103
16:33:11,2.557911873,3.500112772,2.55327177
16:33:11,2.557853222,3.50096035,2.553875446
16:33:11,2.557027817,3.500821352,2.553028107
16:33:11,2.557494402,3.499011278,2.554854155
16:33:11,2.557037115,3.498960257,2.554534912
16:33:11,2.55638361,3.498787642,2.555734873
16:33:11,2.558109999,3.50146389,2.554922342
16:33:11,2.55718255,3.502290726,2.554264307
16:33:11,2.55701685,3.502617598,2.553699017
16:33:11,2.557306767,3.503927708,2.553157806
16:33:11,2.558276653,3.503887415,2.554861307
16:33:11,2.559046984,3.503984928,2.553957939
16:33:11,2.557813406,3.502676964,2.553419352
16:33:11,2.557629585,3.500651121,2.556241274
16:33:11,2.558312178,3.500607967,2.554508924
16:33:11,2.559049129,3.500016212,2.555838346
16:33:11,2.558843613,3.500967503,2.555182934
16:33:11,2.558079958,3.500812292,2.554929495
16:33:11,2.559668064,3.50015378,2.556391716
16:33:11,2.558650494,3.500756025,2.555309772
16:33:11,2.558934689,3.500647783,2.555784941
16:33:11,2.558122635,3.499006271,2.555733919
16:33:11,2.558145761,3.497175455,2.554804087
16:33:11,2.557172537,3.497262239,2.554315329
16:33:11,2.557525158,3.498984098,2.554480553
16:33:11,2.557441473,3.502114296,2.554123163
16:33:11,2.558134079,3.502739668,2.554663658
16:33:11,2.558853388,3.502665281,2.554366827
16:33:11,2.559339762,3.503221035,2.555819035
16:33:11,2.559363365,3.502954721,2.555956841
16:33:11,2.559207678,3.502716541,2.556103468
16:33:11,2.557508945,3.502449989,2.554554701
16:33:11,2.558581114,3.503378391,2.554353714
16:33:11,2.558530331,3.503634691,2.555118084
16:33:11,2.558512449,3.504436493,2.555265665
16:33:11,2.558653831,3.504386187,2.554280758
16:33:11,2.558678389,3.503512621,2.555253029
16:33:11,2.558752298,3.503038883,2.556489468
16:33:11,2.55859375,3.50142169,2.555337667
16:33:11,2.559953451,3.50001502,2.555027962
16:33:11,2.557960272,3.498816967,2.555046797
16:33:11,2.559471369,3.498912811,2.555792093
16:33:11,2.559232712,3.499510527,2.554325104
16:33:11,2.558811903,3.500941277,2.554862022
16:33:11,2.558414698,3.501548052,2.554723263
16:33:11,2.559406281,3.502862692,2.554682732
16:33:11,2.558462858,3.503472328,2.554737806
16:33:11,2.55841589,3.50348711,2.556462049
16:33:11,2.558898926,3.503280401,2.556454897
16:33:11,2.557703257,3.50331378,2.556711197
16:33:11,2.558271885,3.504032135,2.556595325
16:33:11,2.558365822,3.505419254,2.556821585
16:33:12,2.557302713,3.505196095,2.5542624
16:33:12,2.557560444,3.504596949,2.55634284
16:33:12,2.557368994,3.505514383,2.553981066
16:33:12,2.558549404,3.503717661,2.553673744
16:33:12,2.558467388,3.501751423,2.554626703
16:33:12,2.559381247,3.501603603,2.553812742
16:33:12,2.557594776,3.501029253,2.554287434
16:33:12,2.558060884,3.498074532,2.5546875
16:33:12,2.556771517,3.497728109,2.555032253
16:33:12,2.558575869,3.497889042,2.555438757
16:33:12,2.557555199,3.497584343,2.554647923
16:33:12,2.557484388,3.497840405,2.554619312
16:33:12,2.556605101,3.497327328,2.553917646
16:33:12,2.557424068,3.49814415,2.553978443
16:33:12,2.557000637,3.498258591,2.555652857
16:33:12,2.557774305,3.49917841,2.554460049
16:33:12,2.558492661,3.500388622,2.555690765
16:33:12,2.558431149,3.502883434,2.554932117
16:33:12,2.557663918,3.503586292,2.554987907
16:33:12,2.557196856,3.504557133,2.553813219
16:33:12,2.558102369,3.505062819,2.554387331
16:33:12,2.558270693,3.505035877,2.552976608
16:33:12,2.558077097,3.505192041,2.554313898
16:33:12,2.55809617,3.50452733,2.55414772
16:33:12,2.557916164,3.504281282,2.554804802
16:33:12,2.558646202,3.503679037,2.556448698
16:33:12,2.558012247,3.503858328,2.555914402
16:33:12,2.558329582,3.503982544,2.556873798
16:33:12,2.55911684,3.504386187,2.554964542
16:33:12,2.559314013,3.502740622,2.555430174
16:33:12,2.55782938,3.502475023,2.554752588
16:33:12,2.559167147,3.501183987,2.555497169
16:33:12,2.558195591,3.501347303,2.555955887
16:33:12,2.558509827,3.501408339,2.554833174
16:33:12,2.558485985,3.500123739,2.555842876
16:33:12,2.557713509,3.5006001,2.555986881
16:33:12,2.558054686,3.502298355,2.555495977
16:33:12,2.558057308,3.501451731,2.555484056
16:33:12,2.558193445,3.500312567,2.554923773
16:33:12,2.557650089,3.500990868,2.554985285
16:33:12,2.557958603,3.500574589,2.555173635
16:33:12,2.55663228,3.499546528,2.554211617
16:33:12,2.557385921,3.500134945,2.554176331
16:33:12,2.557724237,3.500808954,2.55483675
16:33:12,2.556754351,3.500757456,2.554125547
16:33:12,2.55837369,3.501600266,2.554096222
16:33:12,2.557082653,3.500641346,2.553981066
16:33:12,2.557520866,3.501531363,2.554323912
16:33:12,2.5572505,3.499599695,2.554124832
16:33:12,2.557896614,3.498522043,2.554905415
16:33:12,2.557435513,3.49815011,2.554476023
16:33:12,2.556946754,3.497204542,2.553947449
16:33:12,2.557284355,3.498795509,2.554330349
16:33:12,2.557948351,3.499329805,2.554018259
16:33:12,2.557258368,3.499778748,2.552788973
16:33:12,2.557639599,3.499393702,2.555090427
16:33:12,2.556928158,3.4985919,2.554563284
16:33:12,2.557087421,3.497636795,2.555026054
16:33:12,2.55709815,3.497564316,2.554626703
16:33:12,2.557254553,3.499511242,2.55557704
16:33:12,2.55731988,3.499066353,2.556006908
16:33:12,2.558108807,3.50165391,2.555056572
16:33:12,2.557787657,3.50129199,2.554842949
16:33:12,2.558089733,3.502680779,2.554325819
16:33:12,2.557593346,3.50430131,2.553442001
16:33:12,2.557349682,3.50475049,2.553095102
16:33:12,2.557695866,3.504672766,2.553792477
16:33:12,2.558684349,3.503694057,2.554541349
16:33:12,2.556830406,3.503271103,2.553531647
16:33:12,2.55834198,3.504214764,2.555630922
16:33:12,2.558571339,3.503137112,2.556557178
16:33:12,2.558134317,3.501775265,2.556270361
16:33:12,2.55855298,3.50217247,2.555769444
16:33:12,2.558838129,3.501273394,2.554592371
16:33:12,2.558206081,3.501708269,2.555471897
16:33:12,2.559356689,3.502151489,2.554996252
16:33:12,2.559083462,3.501214504,2.554324389
16:33:12,2.558319092,3.501292229,2.555734873
16:33:12,2.558422804,3.501252651,2.556074619
16:33:12,2.557904243,3.501908779,2.555687428
16:33:12,2.558259964,3.50250268,2.556718588
16:33:12,2.558007717,3.501034737,2.555134058
16:33:12,2.55772543,3.501915932,2.554222584
16:33:12,2.558322191,3.501436949,2.555757523
16:33:12,2.557639599,3.501886129,2.554836273
16:33:12,2.557469368,3.501667023,2.554454565
16:33:12,2.557993889,3.501680613,2.555045843
16:33:12,2.559013367,3.502059698,2.555226088
16:33:12,2.557195663,3.500424623,2.55403614
16:33:12,2.557445526,3.500690699,2.555278063
16:33:12,2.558054686,3.499920845,2.55472064
16:33:12,2.557875633,3.499087811,2.554631233
16:33:12,2.557096481,3.499002218,2.554134607
16:33:12,2.557473183,3.497798443,2.554598808
16:33:12,2.556370497,3.496882439,2.554089785
16:33:12,2.556510448,3.496471882,2.553928375
16:33:12,2.557489872,3.495163202,2.554275513
16:33:12,2.557801485,3.496717453,2.556420326
16:33:12,2.557485104,3.496208429,2.554731131
16:33:12,2.556990862,3.496502638,2.554061651
16:33:12,2.557659388,3.496888876,2.554028988
16:33:12,2.557169914,3.499704361,2.554587126
16:33:12,2.557952881,3.499886751,2.554150581
16:33:12,2.556899786,3.500198841,2.554568529
16:33:12,2.556916952,3.499917746,2.554046154
16:33:12,2.556989431,3.500698805,2.553617954
16:33:12,2.556854725,3.500564098,2.554081202
16:33:12,2.556441069,3.500403166,2.553542376
16:33:12,2.556761503,3.50219202,2.554776907
16:33:12,2.556474924,3.50322628,2.553606749
16:33:12,2.556957006,3.504516602,2.553180456
16:33:12,2.557460785,3.505332232,2.553962708
16:33:12,2.557071209,3.506322861,2.553894043
16:33:12,2.557253838,3.505850315,2.55395627
16:33:12,2.557343006,3.505874634,2.554510832
16:33:12,2.557395935,3.502472639,2.554933548
16:33:12,2.557835817,3.50070715,2.556123972
16:33:12,2.557882786,3.501917362,2.554852247
16:33:12,2.557656288,3.501295567,2.555896521
16:33:13,2.558163166,3.500344038,2.553913116
16:33:13,2.557866335,3.500480652,2.554813385
16:33:13,2.557698011,3.500555038,2.555114031
16:33:13,2.557345629,3.500923872,2.552923203
16:33:13,2.557173491,3.500884056,2.553199053
16:33:13,2.556390285,3.501294851,2.554055929
16:33:13,2.557572365,3.501920938,2.555283308
16:33:13,2.557768583,3.504659653,2.553649187
16:33:13,2.55841136,3.505237103,2.554899216
16:33:13,2.557880878,3.503675222,2.554350138
16:33:13,2.558533669,3.502182245,2.555505037
16:33:13,2.557612419,3.500977755,2.553682327
16:33:13,2.557262421,3.500025272,2.553846121
16:33:13,2.557324648,3.500438213,2.553131342
16:33:13,2.557542562,3.500675201,2.552882433
16:33:13,2.556709051,3.501147509,2.553782701
16:33:13,2.5575459,3.500329494,2.553590536
16:33:13,2.557911873,3.498356819,2.555216551
16:33:13,2.557100058,3.497044325,2.554536819
16:33:13,2.55696249,3.496391058,2.554085732
16:33:13,2.55678463,3.495444298,2.555462599
16:33:13,2.557979822,3.493618965,2.555882692
16:33:13,2.556846857,3.494566917,2.553832531
16:33:13,2.556985617,3.495843649,2.555029631
16:33:13,2.558699608,3.500045538,2.556172371
16:33:13,2.558221102,3.500279903,2.554324389
16:33:13,2.558051348,3.500325441,2.553407431
16:33:13,2.557565212,3.499313831,2.553058147
16:33:13,2.557516813,3.500583172,2.554145813
16:33:13,2.557469368,3.499327898,2.555069208
16:33:13,2.556705475,3.499594212,2.554587841
16:33:13,2.555825233,3.498231173,2.556146383
16:33:13,2.556139231,3.498773336,2.55536294
16:33:13,2.555658817,3.49977541,2.554010391
16:33:13,2.556568623,3.49944067,2.555850744
16:33:13,2.557769299,3.500613213,2.553486586
16:33:13,2.557246447,3.500311136,2.553858757
16:33:13,2.557438374,3.501973629,2.554508924
16:33:13,2.558137178,3.502627373,2.55317688
16:33:13,2.556295156,3.50308919,2.553104401
16:33:13,2.557822943,3.504191875,2.555297852
16:33:13,2.557395935,3.505318165,2.555115938
16:33:13,2.558480024,3.502939701,2.555552006
16:33:13,2.556729317,3.502046585,2.555785418
16:33:13,2.558118105,3.501610756,2.5564816
16:33:13,2.558307886,3.503422022,2.556759357
16:33:13,2.558349848,3.503287077,2.554504395
16:33:13,2.556564569,3.503969431,2.553689003
16:33:13,2.557305574,3.504600286,2.553739309
16:33:13,2.559632301,3.506721497,2.554718733
16:33:13,2.559321404,3.506045341,2.553869486
16:33:13,2.558336735,3.50413847,2.554461956
16:33:13,2.558640718,3.501124859,2.555760384
16:33:13,2.557493687,3.499613523,2.555468559
16:33:13,2.558598995,3.500121355,2.55681777
16:33:13,2.558019638,3.499661207,2.555678129
16:33:13,2.557020426,3.500653028,2.554432392
16:33:13,2.556875706,3.501207113,2.554159164
16:33:13,2.5570786,3.501889944,2.554591417
16:33:13,2.557636499,3.502350807,2.554939032
16:33:13,2.558196068,3.50169301,2.553907633
16:33:13,2.559018612,3.501800776,2.554178238
16:33:13,2.558192968,3.501888752,2.55561471
16:33:13,2.559154034,3.499942303,2.555863857
16:33:13,2.559342861,3.498236895,2.555783987
16:33:13,2.558731318,3.497810125,2.556645155
16:33:13,2.557539225,3.497941494,2.556805849
16:33:13,2.558467388,3.499628544,2.556359291
16:33:13,2.55848527,3.500335932,2.555383682
16:33:13,2.558934689,3.503232718,2.55592227
16:33:13,2.558621645,3.50226593,2.554999828
16:33:13,2.558453798,3.502186298,2.554476023
16:33:13,2.559598207,3.502332926,2.553746462
16:33:13,2.558592319,3.500891924,2.554944277
16:33:13,2.558608532,3.500150442,2.556327581
16:33:13,2.558410883,3.499403477,2.555777311
16:33:13,2.559440851,3.498648167,2.556416273
16:33:13,2.55835247,3.498964548,2.555813074
16:33:13,2.558689594,3.500039101,2.556376457
16:33:13,2.556946039,3.499762535,2.554831743
16:33:13,2.558349371,3.503432751,2.554620743
16:33:13,2.558409452,3.504457474,2.556027412
16:33:13,2.559021235,3.504862547,2.554708958
16:33:13,2.558798552,3.505689144,2.554650307
16:33:13,2.558887959,3.504221201,2.555870771
16:33:13,2.557916641,3.503354788,2.556046486
16:33:13,2.558918238,3.503648281,2.556596279
16:33:13,2.558184147,3.504300117,2.556750298
16:33:13,2.558950424,3.504109144,2.557014942
16:33:13,2.55934763,3.504044771,2.555443525
16:33:13,2.559901953,3.503961802,2.556309938
16:33:13,2.558581114,3.503950357,2.554944277
16:33:13,2.559135914,3.504601002,2.553883314
16:33:13,2.558939934,3.504085779,2.555119991
16:33:13,2.559808016,3.50344944,2.554933548
16:33:13,2.559239149,3.503762484,2.555184841
16:33:13,2.558879137,3.503544092,2.555522919
16:33:13,2.558591843,3.50343442,2.555165768
16:33:13,2.559051037,3.502643824,2.5564363
16:33:13,2.55913496,3.502466679,2.555055141
16:33:13,2.558423758,3.502445221,2.555633307
16:33:13,2.558986902,3.503306627,2.555419683
16:33:13,2.558579206,3.502564192,2.555254936
16:33:13,2.558789968,3.502734184,2.554901838
16:33:13,2.558514118,3.5042696,2.554239035
16:33:13,2.557882071,3.503671885,2.555573702
16:33:13,2.558899641,3.50347662,2.555244446
16:33:13,2.559289694,3.503454447,2.554786682
16:33:13,2.559734583,3.503440142,2.555751562
16:33:13,2.560333014,3.503133535,2.557207823
16:33:13,2.559566498,3.501225233,2.555630922
16:33:13,2.55975914,3.499944687,2.556232214
16:33:13,2.559555054,3.499011278,2.556512117
16:33:13,2.55950737,3.499714136,2.556824446
16:33:13,2.559327126,3.499735594,2.556547403
16:33:14,2.559531212,3.500624418,2.555429697
16:33:14,2.558873415,3.501619816,2.555397272
16:33:14,2.558680534,3.501608849,2.554901123
16:33:14,2.558628321,3.500613928,2.554266453
16:33:14,2.557526112,3.501978874,2.55358839
16:33:14,2.55844903,3.502481937,2.556014061
16:33:14,2.559003353,3.5035882,2.555404425
16:33:14,2.558338881,3.502631903,2.556402445
16:33:14,2.558040857,3.502526045,2.554971218
16:33:14,2.558167458,3.50199461,2.55608654
16:33:14,2.557367563,3.501401424,2.553982496
16:33:14,2.557544708,3.503077984,2.554035425
16:33:14,2.557345152,3.503842831,2.555090427
16:33:14,2.557748795,3.502703667,2.555031538
16:33:14,2.557707787,3.50203371,2.554978609
16:33:14,2.557899237,3.501335382,2.554538012
16:33:14,2.557678223,3.499889135,2.55419445
16:33:14,2.557862997,3.500041008,2.555878639
16:33:14,2.558891773,3.498862743,2.556653261
16:33:14,2.559695005,3.499090195,2.556601524
16:33:14,2.558099747,3.498710871,2.556085825
16:33:14,2.558478117,3.503082752,2.554665804
16:33:14,2.558666468,3.503749132,2.554909706
16:33:14,2.558967829,3.505435228,2.555063248
16:33:14,2.557102442,3.505310774,2.55412817
16:33:14,2.558698177,3.50630641,2.555090427
16:33:14,2.558644533,3.506783485,2.55472064
16:33:14,2.559952021,3.50644207,2.555666924
16:33:14,2.559046268,3.504238605,2.55562377
16:33:14,2.558619261,3.503578424,2.555385351
16:33:14,2.557813883,3.502984762,2.556720495
16:33:14,2.558897972,3.503908873,2.556352139
16:33:14,2.558900833,3.504790783,2.557032824
16:33:14,2.559006214,3.504026175,2.554120302
16:33:14,2.559200287,3.505193233,2.555586815
16:33:14,2.559625149,3.501027346,2.556051254
16:33:14,2.558741808,3.499511242,2.555428982
16:33:14,2.558774233,3.499631882,2.555563211
16:33:14,2.559062481,3.499099493,2.556292772
16:33:14,2.559414387,3.497605801,2.557945967
16:33:14,2.560118437,3.498296261,2.556621552
16:33:14,2.558100224,3.497489691,2.555853605
16:33:14,2.558136702,3.498517036,2.556766748
16:33:14,2.559074879,3.499280214,2.555184364
16:33:14,2.558547497,3.500066519,2.555403948
16:33:14,2.559290409,3.500144005,2.556296587
16:33:14,2.559211969,3.502156258,2.555093765
16:33:14,2.558242083,3.503680229,2.554712534
16:33:14,2.558497906,3.503648996,2.554614067
16:33:14,2.559129477,3.504799366,2.555832148
16:33:14,2.559323788,3.505268335,2.556674957
16:33:14,2.558712482,3.504361391,2.5543046
16:33:14,2.558223724,3.502885103,2.556670427
16:33:14,2.559282303,3.502182961,2.555565834
16:33:14,2.559078693,3.502414465,2.555114985
16:33:14,2.558922768,3.502802134,2.554760456
16:33:14,2.558367014,3.502465248,2.555601358
16:33:14,2.558828115,3.502185583,2.554354906
16:33:14,2.55920434,3.501131058,2.554653883
16:33:14,2.558040142,3.500962973,2.554743052
16:33:14,2.557732105,3.49835515,2.55622983
16:33:14,2.558775425,3.498339176,2.556488514
16:33:14,2.557086706,3.49741292,2.555899143
16:33:14,2.558560133,3.49976182,2.555484056
16:33:14,2.557837248,3.501358271,2.555228949
16:33:14,2.558794737,3.50121069,2.554430246
16:33:14,2.557757139,3.5020051,2.554163933
16:33:14,2.557837725,3.506126881,2.554177046
16:33:14,2.558098078,3.506674528,2.553910017
16:33:14,2.559097052,3.50664258,2.55413866
16:33:14,2.558897972,3.504914045,2.554901838
16:33:14,2.558675528,3.503763914,2.555571079
16:33:14,2.558283806,3.502231121,2.556344986
16:33:14,2.558718681,3.503283739,2.556907654
16:33:14,2.557356358,3.501904011,2.554400444
16:33:14,2.558310747,3.500371933,2.553889275
16:33:14,2.55663681,3.499922276,2.553041935
16:33:14,2.557360172,3.499682665,2.553669453
16:33:14,2.556844711,3.497428417,2.553523064
16:33:14,2.557482719,3.497741699,2.553238392
16:33:14,2.558069944,3.49931097,2.556649685
16:33:14,2.557734966,3.49741292,2.555491209
16:33:14,2.5577178,3.497228861,2.554267645
16:33:14,2.557904243,3.49763751,2.554605722
16:33:14,2.557996511,3.499880552,2.555672884
16:33:14,2.558648586,3.500896215,2.555113554
16:33:14,2.557168722,3.501276016,2.554935455
16:33:14,2.557959318,3.502470732,2.553269625
16:33:14,2.558231115,3.504244804,2.552946329
16:33:14,2.55811882,3.503639936,2.553252697
16:33:14,2.558582306,3.505130768,2.552890062
16:33:14,2.557820082,3.503962517,2.555334091
16:33:14,2.558209896,3.504148722,2.554450989
16:33:14,2.558792114,3.502896786,2.554506302
16:33:14,2.559039831,3.502936602,2.554559708
16:33:14,2.558676243,3.501031399,2.555942059
16:33:14,2.558241606,3.500782728,2.555879831
16:33:14,2.558298349,3.500680923,2.554735184
16:33:14,2.55779767,3.499840736,2.555303097
16:33:14,2.558082819,3.499344349,2.553917646
16:33:14,2.557553768,3.499158859,2.554276943
16:33:14,2.557744741,3.499817133,2.555054665
16:33:14,2.55848074,3.502431631,2.555573702
16:33:14,2.558948755,3.501069784,2.555693626
16:33:14,2.557511568,3.499815226,2.553837776
16:33:14,2.557505369,3.501200914,2.555100918
16:33:14,2.55819416,3.501601458,2.554744244
16:33:14,2.557986021,3.501315832,2.556957722
16:33:14,2.557581425,3.502551079,2.555603504
16:33:14,2.55863142,3.502929449,2.554706097
16:33:14,2.558117151,3.503036261,2.553914547
16:33:14,2.5584867,3.504108191,2.555776119
16:33:14,2.557858229,3.50475049,2.553759813
16:33:14,2.558456898,3.504439116,2.553930998
16:33:14,2.55776,3.504368067,2.553191662
16:33:14,2.557561159,3.503295422,2.553370714
16:33:14,2.557832003,3.500061035,2.554949999
16:33:14,2.557457447,3.500015497,2.555860758
16:33:14,2.558022738,3.499596119,2.555832148
16:33:15,2.557447433,3.498198986,2.555494308
16:33:15,2.55750823,3.499714136,2.556584358
16:33:15,2.557901382,3.500036478,2.555173635
16:33:15,2.5574646,3.499524117,2.555673361
16:33:15,2.557190418,3.500843525,2.554353714
16:33:15,2.556988716,3.500547409,2.55396986
16:33:15,2.557646513,3.500082493,2.553051472
16:33:15,2.558007002,3.499791145,2.554749012
16:33:15,2.557849169,3.500104904,2.554519653
16:33:15,2.55783391,3.498650789,2.554930925
16:33:15,2.557883501,3.499809504,2.555295944
16:33:15,2.557258368,3.500981808,2.557648897
16:33:15,2.558144569,3.501771212,2.555008888
16:33:15,2.55818224,3.501913071,2.555346727
16:33:15,2.558476925,3.502141714,2.553743839
16:33:15,2.557787657,3.502355099,2.55270505
16:33:15,2.558114529,3.501669168,2.553966284
16:33:15,2.55835247,3.501443148,2.552852392
16:33:15,2.558221102,3.500075102,2.554576635
16:33:15,2.558109999,3.500440836,2.553844213
16:33:15,2.557514668,3.500510216,2.554080486
16:33:15,2.557738066,3.500463963,2.555115938
16:33:15,2.557758808,3.500483513,2.554270744
16:33:15,2.558172941,3.501379728,2.556025982
16:33:15,2.558655262,3.501845837,2.555399179
16:33:15,2.557297945,3.501915932,2.554450989
16:33:15,2.55765748,3.502682209,2.55581522
16:33:15,2.557954311,3.50360918,2.554742575
16:33:15,2.557568312,3.503784895,2.554549932
16:33:15,2.557866335,3.502874374,2.554905415
16:33:15,2.55710721,3.502999306,2.554132938
16:33:15,2.55771637,3.503443003,2.555433512
16:33:15,2.558358669,3.50130105,2.555762291
16:33:15,2.558249235,3.500718355,2.554042578
16:33:15,2.557536364,3.500918627,2.55547905
16:33:15,2.55750823,3.50077486,2.555244446
16:33:15,2.557759523,3.502140522,2.554142714
16:33:15,2.557911873,3.501694918,2.554791451
16:33:15,2.557804823,3.501956463,2.554381847
16:33:15,2.55841136,3.50094533,2.555241585
16:33:15,2.558355093,3.502927303,2.554134607
16:33:15,2.557842731,3.50191927,2.554157734
16:33:15,2.55755043,3.499224663,2.553920984
16:33:15,2.55679512,3.499624014,2.555257797
16:33:15,2.557771921,3.499577761,2.555559635
16:33:15,2.557919741,3.500065804,2.554436207
16:33:15,2.557890892,3.500883341,2.557174921
16:33:15,2.558612108,3.501244068,2.555994987
16:33:15,2.557771921,3.501616716,2.555186987
16:33:15,2.558348656,3.502595425,2.555563927
16:33:15,2.558835745,3.502774239,2.556070328
16:33:15,2.558200598,3.501030922,2.554403067
16:33:15,2.55789423,3.501114368,2.553863525
16:33:15,2.558327675,3.50148797,2.555738926
16:33:15,2.558105469,3.499669313,2.555247068
16:33:15,2.558793306,3.499895334,2.555047512
16:33:15,2.55834198,3.499010086,2.555854082
16:33:15,2.558603764,3.499009371,2.555989027
16:33:15,2.559243202,3.500092268,2.556303263
16:33:15,2.558361769,3.499140739,2.555752993
16:33:15,2.55885148,3.500272036,2.554821253
16:33:15,2.558062553,3.501090765,2.553881407
16:33:15,2.558812618,3.501446724,2.555216551
16:33:15,2.559039831,3.502373219,2.555020809
16:33:15,2.558772326,3.503605366,2.555170298
16:33:15,2.558315516,3.503618956,2.555801153
16:33:15,2.558564901,3.503251076,2.555118561
16:33:15,2.558793306,3.503484488,2.555154562
16:33:15,2.559023142,3.5026443,2.555282116
16:33:15,2.557979822,3.50357914,2.556129932
16:33:15,2.558456182,3.502885103,2.556668043
16:33:15,2.557755232,3.502733469,2.555895805
16:33:15,2.558563232,3.503145456,2.555090427
16:33:15,2.558648586,3.502509832,2.553988457
16:33:15,2.558990955,3.502314806,2.554648638
16:33:15,2.558514595,3.502536058,2.554221869
16:33:15,2.558422804,3.50325346,2.554303408
16:33:15,2.558669806,3.502796888,2.554256439
16:33:15,2.558241606,3.501844168,2.554746389
16:33:15,2.55874896,3.502995014,2.556733131
16:33:15,2.55856061,3.501769304,2.555615425
16:33:15,2.557968855,3.503463268,2.555948734
16:33:15,2.557832718,3.502860308,2.555162907
16:33:15,2.558172941,3.503478765,2.555860758
16:33:15,2.558482885,3.505182981,2.555783272
16:33:15,2.55921483,3.505378008,2.555125713
16:33:15,2.558952332,3.505250931,2.554964066
16:33:15,2.558823824,3.504239559,2.555762291
16:33:15,2.558483601,3.503754139,2.555598974
16:33:15,2.558685064,3.50338459,2.556383371
16:33:15,2.557874441,3.501708746,2.554569244
16:33:15,2.558288813,3.500637293,2.556107998
16:33:15,2.558322191,3.499470711,2.554591417
16:33:15,2.558032036,3.499402285,2.556292772
16:33:15,2.558360577,3.499762535,2.55533576
16:33:15,2.558269262,3.500648975,2.554891825
16:33:15,2.559126139,3.500958204,2.554560423
16:33:15,2.558059216,3.501519203,2.554215908
16:33:15,2.557335854,3.501925707,2.553112984
16:33:15,2.558180094,3.500732422,2.554196596
16:33:15,2.558276653,3.502181768,2.554608583
16:33:15,2.558201313,3.500875473,2.552077055
16:33:15,2.554203987,3.496389627,2.552937508
16:33:15,2.554600477,3.497125149,2.553765059
16:33:15,2.555179358,3.497342348,2.553780079
16:33:15,2.556135416,3.49776721,2.552664042
16:33:15,2.554615498,3.498526096,2.552256584
16:33:15,2.555335045,3.4991014,2.553095102
16:33:15,2.555257082,3.499248981,2.551985264
16:33:15,2.554731369,3.499351501,2.553125381
16:33:15,2.555439949,3.499747276,2.552376747
16:33:15,2.556952477,3.498841286,2.553791523
16:33:15,2.556141853,3.497564316,2.553449631
16:33:15,2.556274176,3.496986866,2.552100897
16:33:15,2.55566144,3.497161865,2.553397417
16:33:15,2.556860685,3.49606061,2.553328514
16:33:16,2.556265831,3.496511698,2.552573204
16:33:16,2.555031061,3.496287823,2.552494526
16:33:16,2.555959463,3.49643755,2.552336454
16:33:16,2.554547548,3.49743247,2.552203417
16:33:16,2.555220842,3.497578621,2.551358223
16:33:16,2.555895329,3.497160435,2.551286936
16:33:16,2.555172682,3.497563601,2.552688837
16:33:16,2.555098057,3.499818563,2.551761866
16:33:16,2.556205273,3.500210762,2.552664042
16:33:16,2.555114269,3.500100851,2.552051544
16:33:16,2.555059671,3.499191999,2.55254674
16:33:16,2.555274963,3.498842001,2.551776886
16:33:16,2.555037022,3.498323202,2.553027391
16:33:16,2.554424763,3.49861145,2.553502798
16:33:16,2.55551219,3.500423431,2.553109646
16:33:16,2.556330919,3.500849962,2.552849054
16:33:16,2.556228876,3.500771284,2.552105188
16:33:16,2.555715084,3.498481512,2.551989317
16:33:16,2.555304289,3.498523235,2.553050756
16:33:16,2.55591464,3.49764514,2.552277565
16:33:16,2.555874825,3.497211933,2.552009821
16:33:16,2.555886745,3.496625423,2.550777674
16:33:16,2.556574583,3.496665001,2.550821304
16:33:16,2.55672121,3.496929169,2.551436186
16:33:16,2.555742025,3.497594118,2.552921295
16:33:16,2.556869984,3.496265888,2.552847862
16:33:16,2.555640936,3.49717927,2.552302122
16:33:16,2.555789232,3.497134924,2.552842379
16:33:16,2.555027962,3.498865843,2.552686453
16:33:16,2.555171967,3.499813318,2.552279472
16:33:16,2.556485415,3.497844219,2.553405046
16:33:16,2.555089712,3.498353243,2.552441597
16:33:16,2.554933071,3.499254704,2.553378582
16:33:16,2.555648088,3.498038054,2.554467201
16:33:16,2.555818081,3.498195887,2.552774906
16:33:16,2.556112766,3.496329069,2.552740335
16:33:16,2.554617405,3.49620986,2.551427126
16:33:16,2.555384636,3.49532032,2.55321455
16:33:16,2.555989027,3.49706912,2.55403614
16:33:16,2.557446718,3.498360395,2.553240061
16:33:16,2.556017637,3.49788785,2.553181887
16:33:16,2.556679487,3.497650385,2.553775549
16:33:16,2.555734158,3.49707365,2.552211285
16:33:16,2.555273771,3.49740243,2.551328182
16:33:16,2.555732965,3.497933626,2.553048611
16:33:16,2.555250645,3.49940753,2.553431034
16:33:16,2.556368589,3.499260187,2.551825285
16:33:16,2.556174278,3.499258041,2.551826239
16:33:16,2.555395365,3.499490261,2.553189516
16:33:16,2.556197166,3.499253273,2.551867723
16:33:16,2.555746794,3.499816656,2.55328083
16:33:16,2.555962801,3.498788834,2.553831339
16:33:16,2.556056023,3.496994734,2.553831339
16:33:16,2.555454493,3.496522903,2.552267075
16:33:16,2.556096792,3.497766495,2.553635359
16:33:16,2.555404425,3.49763751,2.551587343
16:33:16,2.554957628,3.497891665,2.551662683
16:33:16,2.554419994,3.497839689,2.552089691
16:33:16,2.554666281,3.497399807,2.553376198
16:33:16,2.556333542,3.498327494,2.553926945
16:33:16,2.556179047,3.497869015,2.55282259
16:33:16,2.55636096,3.499256611,2.552259207
16:33:16,2.556373119,3.498632908,2.552121639
16:33:16,2.55597806,3.499767542,2.552595139
16:33:16,2.555660248,3.497993469,2.550967693
16:33:16,2.555733681,3.498427391,2.550970554
16:33:16,2.554513931,3.497737885,2.551669121
16:33:16,2.554764986,3.49801302,2.552340508
16:33:16,2.554599285,3.497550011,2.550964117
16:33:16,2.555326462,3.497624159,2.551732779
16:33:16,2.554519176,3.496454477,2.552892685
16:33:16,2.555057526,3.496999741,2.552119493
16:33:16,2.55464077,3.495019197,2.552164555
16:33:16,2.554883242,3.496224165,2.552149773
16:33:16,2.554440975,3.496412039,2.551940441
16:33:16,2.55553937,3.496494293,2.551530123
16:33:16,2.55559659,3.496752024,2.551915169
16:33:16,2.555310011,3.497582436,2.552565336
16:33:16,2.555664301,3.498869181,2.5516541
16:33:16,2.554801226,3.497318745,2.552608252
16:33:16,2.555841923,3.499319315,2.552079916
16:33:16,2.555147648,3.498775005,2.552806139
16:33:16,2.556209803,3.49933815,2.55257082
16:33:16,2.555383921,3.499538422,2.552725554
16:33:16,2.556420088,3.499177217,2.552541494
16:33:16,2.555523872,3.49847126,2.551602364
16:33:16,2.554757118,3.497398376,2.552029133
16:33:16,2.55580163,3.499438047,2.552224636
16:33:16,2.556623459,3.499599695,2.551378965
16:33:16,2.554678202,3.500380993,2.551384687
16:33:16,2.556311131,3.500891924,2.551165342
16:33:16,2.555650949,3.499361992,2.552709341
16:33:16,2.556512833,3.498952866,2.552062035
16:33:16,2.555374861,3.499233723,2.551971436
16:33:16,2.554677725,3.496564627,2.553283691
16:33:16,2.555314064,3.495914936,2.552698135
16:33:16,2.555422306,3.495521069,2.552878857
16:33:16,2.55510664,3.494955063,2.553278923
16:33:16,2.555668592,3.498389006,2.552759647
16:33:16,2.555104017,3.498598337,2.55238986
16:33:16,2.555591583,3.497985601,2.551246643
16:33:16,2.55526638,3.498606205,2.550802946
16:33:16,2.555497646,3.49762702,2.551290751
16:33:16,2.555150032,3.497765303,2.551807642
16:33:16,2.554969072,3.497281075,2.552535534
16:33:16,2.555374861,3.496711016,2.552731991
16:33:16,2.555408001,3.496994734,2.552801847
16:33:16,2.555252552,3.496731043,2.552695751
16:33:16,2.554307699,3.49753952,2.552565336
16:33:16,2.555417061,3.499158859,2.552873373
16:33:16,2.556647301,3.498864651,2.552991152
16:33:16,2.555371284,3.497826338,2.552162409
16:33:16,2.555026054,3.496729851,2.551735878
16:33:16,2.554685354,3.496551037,2.552384138
16:33:16,2.555646896,3.496093988,2.550829887
16:33:16,2.555089712,3.496187687,2.551703691
16:33:16,2.554889202,3.496525526,2.552129507
16:33:16,2.555003643,3.496921062,2.552472115
16:33:16,2.555845022,3.497881413,2.552889585
16:33:17,2.554909706,3.496913195,2.553343534
16:33:17,2.555065632,3.497518063,2.553142071
16:33:17,2.555899382,3.497715473,2.55179882
16:33:17,2.554360628,3.498714447,2.552027464
16:33:17,2.555421591,3.500048399,2.552134275
16:33:17,2.55581212,3.501626015,2.551063776
16:33:17,2.555307388,3.501274824,2.551386118
16:33:17,2.555322409,3.501308203,2.552985907
16:33:17,2.555763245,3.49989295,2.552091122
16:33:17,2.555320501,3.498392105,2.552820444
16:33:17,2.555628538,3.496607065,2.55365324
16:33:17,2.555044413,3.495841026,2.552833557
16:33:17,2.556484699,3.495814323,2.55398345
16:33:17,2.55574131,3.497166872,2.552541018
16:33:17,2.556520462,3.496364594,2.552933931
16:33:17,2.555240631,3.4966712,2.55181551
16:33:17,2.556667805,3.496368885,2.551962376
16:33:17,2.556357384,3.4984622,2.551349878
16:33:17,2.555552721,3.499862909,2.552200317
16:33:17,2.556211472,3.499779463,2.552263021
16:33:17,2.555796385,3.498863459,2.552842379
16:33:17,2.555295467,3.499645472,2.554010868
16:33:17,2.556079388,3.499104738,2.553954124
16:33:17,2.555577517,3.499550343,2.553218603
16:33:17,2.556190729,3.500136137,2.553088665
16:33:17,2.555596113,3.500864267,2.552797079
16:33:17,2.555961609,3.500407457,2.552339077
16:33:17,2.555592775,3.500740528,2.551383734
16:33:17,2.555382729,3.499940395,2.551553965
16:33:17,2.555372715,3.499192476,2.552769661
16:33:17,2.555605173,3.49955821,2.551915884
16:33:17,2.556236267,3.499572277,2.55352354
16:33:17,2.555619955,3.49838233,2.553282261
16:33:17,2.556117535,3.4969275,2.553019047
16:33:17,2.556215763,3.496373653,2.553886652
16:33:17,2.555937529,3.495531797,2.552871704
16:33:17,2.555861235,3.49608922,2.554039717
16:33:17,2.556222439,3.495934963,2.554145813
16:33:17,2.556103706,3.496727943,2.553682327
16:33:17,2.556087732,3.497070551,2.553585768
16:33:17,2.556883097,3.497552633,2.55290699
16:33:17,2.556310177,3.49870801,2.552963734
16:33:17,2.556885004,3.501138449,2.551894188
16:33:17,2.55556488,3.50015378,2.552281141
16:33:17,2.556668997,3.501672029,2.551809311
16:33:17,2.556727409,3.501289845,2.554301262
16:33:17,2.556327343,3.500403881,2.552714109
16:33:17,2.555549145,3.498100042,2.553450346
16:33:17,2.556046009,3.497411489,2.553822994
16:33:17,2.556186914,3.498012304,2.551373005
16:33:17,2.554986715,3.499119282,2.555226564
16:33:17,2.555673361,3.500024557,2.552550077
16:33:17,2.555814266,3.501105309,2.552469254
16:33:17,2.555866957,3.500613928,2.552362919
16:33:17,2.556763411,3.499674082,2.554163933
16:33:17,2.556921721,3.498759031,2.554833174
16:33:17,2.556753635,3.495722294,2.553892851
16:33:17,2.556688309,3.496783972,2.554671764
16:33:17,2.556014299,3.496794462,2.552762985
16:33:17,2.556593657,3.49814558,2.554070711
16:33:17,2.55688262,3.499303102,2.552755356
16:33:17,2.555509567,3.49999094,2.553703547
16:33:17,2.556800604,3.500536919,2.55348587
16:33:17,2.556649923,3.499759197,2.552571535
16:33:17,2.557017565,3.499154091,2.553142071
16:33:17,2.556372404,3.499848366,2.551879644
16:33:17,2.556520462,3.499735594,2.552366018
16:33:17,2.555989027,3.498760939,2.552572012
16:33:17,2.556657553,3.499608994,2.553643227
16:33:17,2.556775331,3.500438213,2.551927805
16:33:17,2.556546926,3.500220537,2.55318284
16:33:17,2.556398869,3.499171734,2.553338528
16:33:17,2.556310177,3.498054266,2.553616762
16:33:17,2.555759192,3.496135235,2.552725554
16:33:17,2.555903912,3.497156382,2.553869486
16:33:17,2.555810928,3.496905327,2.553620815
16:33:17,2.55526495,3.497872114,2.552112341
16:33:17,2.554763079,3.496640444,2.552702188
16:33:17,2.555484295,3.497277737,2.551759243
16:33:17,2.555544615,3.497300863,2.553887844
16:33:17,2.555883169,3.498342752,2.552845716
16:33:17,2.555505753,3.498821497,2.553013802
16:33:17,2.556435823,3.498296976,2.553797245
16:33:17,2.556413412,3.499754429,2.553492069
16:33:17,2.557343006,3.499454498,2.554910898
16:33:17,2.55927968,3.502549648,2.55648303
16:33:17,2.559979916,3.50229454,2.555858374
16:33:17,2.558809042,3.502140999,2.555022955
16:33:17,2.559121132,3.502205849,2.554917097
16:33:17,2.559128761,3.503362417,2.554626703
16:33:17,2.558815479,3.503639221,2.555125713
16:33:17,2.558247089,3.502240896,2.554785967
16:33:17,2.558935165,3.502387285,2.553868294
16:33:17,2.558210373,3.501160622,2.553746462
16:33:17,2.557879448,3.499680281,2.555393934
16:33:17,2.558094263,3.498732805,2.555813074
16:33:17,2.558307886,3.499258041,2.555409908
16:33:17,2.558094263,3.499794245,2.553661823
16:33:17,2.557724237,3.501472473,2.55444932
16:33:17,2.558374166,3.501929045,2.556254148
16:33:17,2.558008432,3.501230955,2.554531574
16:33:17,2.557896614,3.503602743,2.554869413
16:33:17,2.557195663,3.503098965,2.55436945
16:33:17,2.557907104,3.503024101,2.555087566
16:33:17,2.558425188,3.502747536,2.555388451
16:33:17,2.559369326,3.504668236,2.555515766
16:33:17,2.558648586,3.504419565,2.555719137
16:33:17,2.558580399,3.50345397,2.556150913
16:33:17,2.558838129,3.501661062,2.555373907
16:33:17,2.557688475,3.501133204,2.555396318
16:33:17,2.558594465,3.500623703,2.554971695
16:33:17,2.557416916,3.500626802,2.554135323
16:33:17,2.558708668,3.502800226,2.554219961
16:33:17,2.55855298,3.502815247,2.554577589
16:33:17,2.559083462,3.502658367,2.553672314
16:33:18,2.557403088,3.500443459,2.554591417
16:33:18,2.558186769,3.499669313,2.555354834
16:33:18,2.557090044,3.499333858,2.553765535
16:33:18,2.55761838,3.499788523,2.555881739
16:33:18,2.557963371,3.498261213,2.554856777
16:33:18,2.557525158,3.496870518,2.556789875
16:33:18,2.557272196,3.496991396,2.555263519
16:33:18,2.557186365,3.499212265,2.554995775
16:33:18,2.557070255,3.5006001,2.554876804
16:33:18,2.556884766,3.500607967,2.553328514
16:33:18,2.557366133,3.501265526,2.553050041
16:33:18,2.557723522,3.500993013,2.553931713
16:33:18,2.557280064,3.501326084,2.555243015
16:33:18,2.557786465,3.500568867,2.554873943
16:33:18,2.558247566,3.500176907,2.555184841
16:33:18,2.558473587,3.500249147,2.555157661
16:33:18,2.558007002,3.501406431,2.554552078
16:33:18,2.558523178,3.500631571,2.554370165
16:33:18,2.557403803,3.499883175,2.554653883
16:33:18,2.558236361,3.500932217,2.554781437
16:33:18,2.558201313,3.501761913,2.555035353
16:33:18,2.558946609,3.502587318,2.554932833
16:33:18,2.55780673,3.501947403,2.553156614
16:33:18,2.559210777,3.502933502,2.555089474
16:33:18,2.557867527,3.501368761,2.555041552
16:33:18,2.557175159,3.500809669,2.552607059
16:33:18,2.556743622,3.499759912,2.555054665
16:33:18,2.557163477,3.499908686,2.554666519
16:33:18,2.558595896,3.502136707,2.556319952
16:33:18,2.558499813,3.5025208,2.555397987
16:33:18,2.558685064,3.501659393,2.556412458
16:33:18,2.557365417,3.501323462,2.554868698
16:33:18,2.558158398,3.501719952,2.555091619
16:33:18,2.557566881,3.50121069,2.552526236
16:33:18,2.557312727,3.500059128,2.553644657
16:33:18,2.557619095,3.50098896,2.553559303
16:33:18,2.557891607,3.502543211,2.554101229
16:33:18,2.558395624,3.501845837,2.553108931
16:33:18,2.556689501,3.501069784,2.553652048
16:33:18,2.557924509,3.501057625,2.554346323
16:33:18,2.557775736,3.501235008,2.555392742
16:33:18,2.557845116,3.499889612,2.556222439
16:33:18,2.559006691,3.502205133,2.555089474
16:33:18,2.558468819,3.503567457,2.555756092
16:33:18,2.558374166,3.502136707,2.554389477
16:33:18,2.5585289,3.50171566,2.554330349
16:33:18,2.557962179,3.502917528,2.553735733
16:33:18,2.55843997,3.502500772,2.554510355
16:33:18,2.559081554,3.503328085,2.554564476
16:33:18,2.558734417,3.502455473,2.555294037
16:33:18,2.558603048,3.501174212,2.55497241
16:33:18,2.558748484,3.501177549,2.556579113
16:33:18,2.558026314,3.500395775,2.555914402
16:33:18,2.55812192,3.500183821,2.554501057
16:33:18,2.558147669,3.500764608,2.556071043
16:33:18,2.558600187,3.501766205,2.554463625
16:33:18,2.558577538,3.501186609,2.55446291
16:33:18,2.558480024,3.50242424,2.556626558
16:33:18,2.559295416,3.502019167,2.555723429
16:33:18,2.558130741,3.502352476,2.555011511
16:33:18,2.55939579,3.503005743,2.556756258
16:33:18,2.559762001,3.501835108,2.555413723
16:33:18,2.560045242,3.501842976,2.556092978
16:33:18,2.559058905,3.501127481,2.557217121
16:33:18,2.559170485,3.499567986,2.555725098
16:33:18,2.558216572,3.499186993,2.55537343
16:33:18,2.558540344,3.499636412,2.55623579
16:33:18,2.558035612,3.499171257,2.554212809
16:33:18,2.558346748,3.500899792,2.5549891
16:33:18,2.558857918,3.502367735,2.555355549
16:33:18,2.5572505,3.502576351,2.554889917
16:33:18,2.557672739,3.504148722,2.554914474
16:33:18,2.558443069,3.504823446,2.554781437
16:33:18,2.559160471,3.505123138,2.556183338
16:33:18,2.558145761,3.504565239,2.555280685
16:33:18,2.558856726,3.504300117,2.555809975
16:33:18,2.559068203,3.503970861,2.555547953
16:33:18,2.55923605,3.503772974,2.555731297
16:33:18,2.558278561,3.50349617,2.555823803
16:33:18,2.558350801,3.50378561,2.556316376
16:33:18,2.558638811,3.503480196,2.555492401
16:33:18,2.559488773,3.504127026,2.555231333
16:33:18,2.558885336,3.504114389,2.55458045
16:33:18,2.558495522,3.503925085,2.555904388
16:33:18,2.559782982,3.503119946,2.553548098
16:33:18,2.558791399,3.501835823,2.555143118
16:33:18,2.558555603,3.501343727,2.555667877
16:33:18,2.55790472,3.500684261,2.555596828
16:33:18,2.558606386,3.498409748,2.556626558
16:33:18,2.557949543,3.498261213,2.556427956
16:33:18,2.558247566,3.50023222,2.555093765
16:33:18,2.558674335,3.501882076,2.554292202
16:33:18,2.557702541,3.50141263,2.556446075
16:33:18,2.557608604,3.501714468,2.554493904
16:33:18,2.558018446,3.501188278,2.553511143
16:33:18,2.557627439,3.500696898,2.553769827
16:33:18,2.557115555,3.500923872,2.553620815
16:33:18,2.556744337,3.500827312,2.55412817
16:33:18,2.55776,3.498908281,2.554828405
16:33:18,2.557134867,3.499760628,2.554127455
16:33:18,2.55751729,3.498793602,2.555670261
16:33:18,2.55695653,3.499303102,2.554907322
16:33:18,2.557513714,3.500130415,2.554497719
16:33:18,2.557036638,3.500706673,2.553853512
16:33:18,2.556324244,3.501488686,2.555635691
16:33:18,2.558017731,3.502503872,2.555998325
16:33:18,2.557215929,3.502601147,2.55513072
16:33:18,2.55897212,3.502527952,2.554797411
16:33:18,2.557884932,3.502463579,2.554305315
16:33:18,2.558393955,3.499343634,2.555638552
16:33:18,2.557873726,3.498315811,2.555732489
16:33:18,2.557080984,3.497329473,2.554867983
16:33:18,2.55708456,3.496940613,2.554240942
16:33:18,2.556982279,3.497665405,2.555576563
16:33:18,2.557607651,3.498435974,2.554680347
16:33:18,2.557698011,3.499711514,2.554978609
16:33:18,2.557913303,3.501835823,2.554075003
16:33:18,2.557629585,3.501848936,2.554054499
16:33:18,2.557058334,3.501785517,2.552115202
16:33:19,2.558279753,3.502933979,2.554050446
16:33:19,2.557672024,3.502848625,2.554399967
16:33:19,2.558397532,3.502399683,2.554633856
16:33:19,2.557603359,3.503136396,2.555599451
16:33:19,2.557230711,3.503181934,2.555467129
16:33:19,2.557102442,3.503965378,2.555913687
16:33:19,2.55883956,3.503680229,2.555232525
16:33:19,2.55809617,3.503932953,2.554549456
16:33:19,2.559187412,3.503697395,2.554198027
16:33:19,2.55903554,3.502447128,2.554778099
16:33:19,2.558777332,3.502148867,2.555278778
16:33:19,2.558517694,3.499942303,2.55547595
16:33:19,2.558422089,3.49966383,2.554976463
16:33:19,2.558171034,3.499989986,2.555356264
16:33:19,2.557006121,3.499651432,2.555805922
16:33:19,2.556909084,3.501235008,2.555840254
16:33:19,2.558259964,3.501314402,2.555906296
16:33:19,2.559067249,3.501981258,2.555524826
16:33:19,2.558501482,3.502938509,2.553948879
16:33:19,2.559517622,3.503543615,2.555703878
16:33:19,2.559103966,3.504365444,2.554029703
16:33:19,2.55841732,3.504383087,2.553938866
16:33:19,2.558401108,3.504129887,2.555005074
16:33:19,2.558058023,3.502545834,2.554854155
16:33:19,2.558820963,3.502738476,2.555274248
16:33:19,2.559512854,3.501475811,2.555917025
16:33:19,2.558623552,3.500787973,2.555440903
16:33:19,2.559159279,3.500690699,2.555389881
16:33:19,2.557999372,3.50031352,2.555482388
16:33:19,2.558165073,3.500362873,2.555865526
16:33:19,2.557302713,3.500203371,2.554038048
16:33:19,2.558310747,3.501295567,2.553342342
16:33:19,2.558002234,3.499861717,2.554291487
16:33:19,2.558051348,3.500810862,2.554165602
16:33:19,2.558378458,3.49979353,2.554177046
16:33:19,2.557875633,3.501906872,2.555424452
16:33:19,2.557911873,3.500420094,2.554679155
16:33:19,2.557584286,3.500793219,2.554039717
16:33:19,2.558100939,3.500826597,2.55497241
16:33:19,2.55729866,3.500425339,2.554182291
16:33:19,2.556903839,3.500412226,2.554439068
16:33:19,2.556536198,3.499611616,2.554775953
16:33:19,2.557362318,3.499830961,2.554831743
16:33:19,2.557986736,3.500696182,2.554497719
16:33:19,2.557407141,3.500925541,2.55557847
16:33:19,2.557586193,3.501162529,2.55395627
16:33:19,2.557263851,3.500401258,2.552220821
16:33:19,2.556621552,3.500433683,2.554683447
16:33:19,2.556481123,3.50138402,2.553772211
16:33:19,2.558028221,3.501510143,2.554964542
16:33:19,2.558701992,3.503261328,2.554894686
16:33:19,2.557615995,3.502964497,2.554746389
16:33:19,2.55779314,3.501705408,2.555325031
16:33:19,2.5574646,3.502839565,2.553997993
16:33:19,2.557910681,3.503386736,2.555697203
16:33:19,2.558760405,3.503710985,2.55268836
16:33:19,2.558117151,3.503115892,2.554281473
16:33:19,2.558249235,3.502728701,2.554032087
16:33:19,2.558235645,3.503831625,2.554047346
16:33:19,2.557648897,3.502444029,2.554994345
16:33:19,2.558833599,3.502400875,2.555593491
16:33:19,2.558139801,3.502394915,2.554510832
16:33:19,2.5580585,3.501835108,2.555320501
16:33:19,2.558312178,3.499175787,2.554324389
16:33:19,2.55812335,3.499223948,2.55501771
16:33:19,2.55816102,3.49965024,2.554470778
16:33:19,2.557954311,3.49917531,2.554787397
16:33:19,2.558031321,3.500602007,2.554587841
16:33:19,2.558508635,3.500256777,2.55459094
16:33:19,2.557371378,3.500054598,2.554897308
16:33:19,2.557585001,3.501018286,2.554102898
16:33:19,2.557461977,3.500966787,2.554782867
16:33:19,2.558051348,3.500468254,2.555311441
16:33:19,2.557958126,3.500643253,2.553241253
16:33:19,2.558231115,3.502204418,2.55424571
16:33:19,2.558175564,3.500477314,2.553607464
16:33:19,2.558857918,3.501702785,2.555508852
16:33:19,2.557534218,3.50286746,2.554426432
16:33:19,2.558220387,3.503180504,2.55495739
16:33:19,2.55779314,3.502424955,2.554505348
16:33:19,2.558632612,3.504411936,2.55497241
16:33:19,2.558050156,3.503615856,2.554077864
16:33:19,2.558280468,3.504203081,2.555006981
16:33:19,2.559049129,3.504169703,2.554697514
16:33:19,2.557993889,3.502276897,2.554300547
16:33:19,2.558007002,3.501586199,2.556266069
16:33:19,2.558126688,3.500026703,2.555648327
16:33:19,2.557879448,3.500031948,2.555618763
16:33:19,2.557742596,3.499622822,2.555524111
16:33:19,2.558548212,3.498953342,2.555559635
16:33:19,2.557454586,3.498531818,2.554130077
16:33:19,2.557710886,3.499410152,2.554064035
16:33:19,2.557669878,3.499962568,2.554593086
16:33:19,2.557683468,3.501839161,2.554172277
16:33:19,2.558167458,3.500961542,2.555413008
16:33:19,2.558847189,3.502438068,2.55536747
16:33:19,2.559064865,3.501955748,2.556339025
16:33:19,2.559187412,3.50272584,2.554750919
16:33:19,2.55862546,3.502953768,2.556144476
16:33:19,2.557421207,3.502090216,2.555930138
16:33:19,2.559187651,3.502519608,2.555961847
16:33:19,2.556986332,3.502215624,2.553877831
16:33:19,2.557292938,3.50368762,2.554153681
16:33:19,2.558310747,3.503730059,2.553755522
16:33:19,2.558583975,3.505100727,2.554503679
16:33:19,2.555995226,3.499746084,2.552202225
16:33:19,2.555845022,3.498665571,2.552463293
16:33:19,2.55613184,3.497460604,2.551913977
16:33:19,2.5545187,3.496384621,2.55247879
16:33:19,2.556227684,3.494671345,2.55325985
16:33:19,2.555871248,3.495668888,2.552757263
16:33:19,2.555245876,3.494900227,2.551625013
16:33:19,2.555625916,3.495867729,2.553268909
16:33:19,2.555583715,3.49481225,2.553827047
16:33:19,2.556143045,3.495392799,2.554727316
16:33:19,2.556195259,3.496157408,2.552785635
16:33:20,2.555905342,3.498686552,2.552343845
16:33:20,2.556032181,3.499011993,2.552214861
16:33:20,2.555278301,3.500020027,2.551970243
16:33:20,2.556055307,3.498721123,2.552768946
16:33:20,2.555536509,3.498604298,2.55183053
16:33:20,2.556174755,3.500569344,2.552546263
16:33:20,2.556429863,3.499428988,2.55182457
16:33:20,2.555612803,3.498319626,2.552093744
16:33:20,2.555515528,3.499349833,2.552636623
16:33:20,2.556581259,3.500200272,2.552340984
16:33:20,2.555910587,3.500248432,2.553973436
16:33:20,2.556878567,3.501067877,2.552848339
16:33:20,2.5570755,3.501379728,2.553049326
16:33:20,2.557031155,3.500560999,2.550813675
16:33:20,2.556735277,3.500440836,2.552134275
16:33:20,2.556708336,3.49995923,2.553701401
16:33:20,2.556946754,3.499688148,2.552328587
16:33:20,2.556783438,3.498197794,2.553021669
16:33:20,2.557157993,3.496170044,2.554347754
16:33:20,2.556253433,3.496962547,2.555258274
16:33:20,2.5555439,3.496130705,2.554055214
16:33:20,2.555686712,3.496950865,2.551267862
16:33:20,2.555023432,3.496841431,2.554249763
16:33:20,2.555305004,3.497054577,2.552868128
16:33:20,2.556245565,3.49955225,2.551867723
16:33:20,2.555827379,3.50049448,2.551161289
16:33:20,2.55594039,3.500078201,2.551569462
16:33:20,2.557064772,3.499752045,2.552858114
16:33:20,2.555547714,3.498599291,2.552194118
16:33:20,2.556499243,3.499243498,2.553520203
16:33:20,2.556555271,3.499732256,2.552887917
16:33:20,2.556949139,3.500380278,2.552772999
16:33:20,2.556853533,3.500091791,2.552084684
16:33:20,2.55640769,3.500496864,2.552871704
16:33:20,2.5558815,3.500125885,2.55309248
16:33:20,2.558603048,3.502018452,2.553409338
16:33:20,2.558591843,3.504078865,2.554577112
16:33:20,2.558511734,3.502954006,2.553643227
16:33:20,2.5594697,3.502971172,2.55435133
16:33:20,2.559780359,3.50333643,2.555617332
16:33:20,2.559190989,3.50220871,2.555390596
16:33:20,2.559096575,3.500888348,2.554882765
16:33:20,2.559311867,3.500911474,2.55585289
16:33:20,2.558286428,3.49979043,2.556245804
16:33:20,2.557668209,3.499466181,2.555440903
16:33:20,2.558502674,3.499892235,2.555525541
16:33:20,2.558676243,3.500197649,2.556195259
16:33:20,2.558502674,3.500221491,2.555273294
16:33:20,2.558588266,3.501434803,2.553821325
16:33:20,2.558422804,3.500915051,2.553995132
16:33:20,2.558906317,3.501764059,2.554834366
16:33:20,2.558989525,3.501600266,2.553485155
16:33:20,2.558955908,3.500990868,2.55484581
16:33:20,2.558692217,3.499015331,2.555823803
16:33:20,2.558588266,3.499007702,2.556174994
16:33:20,2.559290409,3.49906373,2.554082394
16:33:20,2.558507919,3.500769138,2.55571413
16:33:20,2.558270693,3.502300739,2.555193424
16:33:20,2.558330536,3.503343582,2.554700851
16:33:20,2.558964491,3.505660534,2.554248333
16:33:20,2.559441566,3.505714178,2.555013418
16:33:20,2.558104038,3.505696535,2.554784298
16:33:20,2.558540344,3.506784201,2.554661751
16:33:20,2.558281183,3.504971504,2.555809975
16:33:20,2.558576584,3.503104925,2.553621531
16:33:20,2.55896306,3.50433135,2.556259632
16:33:20,2.557953358,3.501888752,2.555618763
16:33:20,2.558492661,3.500046968,2.554836273
16:33:20,2.558403969,3.50036788,2.555649281
16:33:20,2.557880163,3.501439333,2.555417061
16:33:20,2.558493376,3.501082897,2.556169987
16:33:20,2.558456898,3.501162529,2.555682421
16:33:20,2.557537079,3.500900269,2.554826975
16:33:20,2.557738781,3.501965046,2.553698301
16:33:20,2.557769299,3.500881433,2.554269552
16:33:20,2.558256388,3.501287222,2.55453229
16:33:20,2.558274508,3.501468658,2.554522753
16:33:20,2.558853388,3.500294685,2.556067705
16:33:20,2.557798386,3.500437021,2.554091215
16:33:20,2.55739069,3.499927521,2.555525541
16:33:20,2.557530642,3.50082016,2.556465864
16:33:20,2.55952549,3.502608299,2.556067228
16:33:20,2.55953598,3.503946543,2.555003405
16:33:20,2.557827234,3.50299859,2.554566622
16:33:20,2.559192896,3.503845453,2.554306746
16:33:20,2.557985306,3.504241467,2.552814007
16:33:20,2.558541536,3.502468824,2.555777788
16:33:20,2.557999849,3.501781702,2.5552876
16:33:20,2.559269905,3.501225233,2.554618359
16:33:20,2.557292938,3.500449419,2.556613684
16:33:20,2.557594061,3.49974227,2.555369377
16:33:20,2.557735443,3.500331402,2.555481672
16:33:20,2.558094978,3.500364542,2.555617332
16:33:20,2.557378769,3.500064373,2.554478645
16:33:20,2.557586193,3.500681639,2.554484606
16:33:20,2.557395935,3.501262426,2.554003716
16:33:20,2.558386326,3.500864267,2.553520918
16:33:20,2.55695343,3.501532555,2.553910494
16:33:20,2.55755043,3.49921298,2.554079771
16:33:20,2.558033943,3.501441956,2.554397345
16:33:20,2.557381392,3.501375914,2.55467844
16:33:20,2.557352304,3.498813868,2.555055141
16:33:20,2.558200598,3.498930454,2.554471493
16:33:20,2.557261944,3.49957943,2.555515051
16:33:20,2.558144569,3.501028538,2.55543685
16:33:20,2.558491945,3.501018763,2.55629468
16:33:20,2.557812214,3.501980782,2.553996563
16:33:20,2.55852437,3.501781702,2.555528641
16:33:20,2.557722807,3.503569365,2.553420305
16:33:20,2.557887316,3.503157139,2.554709435
16:33:20,2.557343006,3.503861666,2.553379297
16:33:20,2.558046103,3.504907131,2.554880857
16:33:20,2.558175087,3.503777027,2.553702831
16:33:20,2.558115244,3.502886295,2.553520203
16:33:20,2.557607889,3.501649141,2.552841663
16:33:20,2.558212757,3.500603437,2.554483891
16:33:20,2.558341265,3.50094986,2.556210518
16:33:20,2.557746172,3.501056194,2.555423021
16:33:20,2.557910681,3.499938488,2.555459976
16:33:21,2.557426929,3.501031399,2.556016684
16:33:21,2.559229136,3.50180459,2.556067228
16:33:21,2.558723211,3.500999928,2.555846453
16:33:21,2.558495998,3.502438545,2.555494308
16:33:21,2.558582306,3.501972914,2.555352211
16:33:21,2.558382988,3.50084281,2.55415988
16:33:21,2.557422161,3.501724958,2.554735899
16:33:21,2.55718255,3.498287916,2.555438042
16:33:21,2.558424473,3.499156952,2.555016994
16:33:21,2.55760932,3.498148203,2.556230545
16:33:21,2.558248758,3.500984669,2.554713964
16:33:21,2.557682514,3.501717806,2.554911852
16:33:21,2.557935238,3.501924515,2.555596828
16:33:21,2.557695866,3.502830982,2.555757523
16:33:21,2.557832718,3.503940582,2.553703547
16:33:21,2.557407856,3.504027605,2.553554296
16:33:21,2.557844639,3.503445387,2.552733898
16:33:21,2.557064772,3.502690077,2.554880857
16:33:21,2.557497025,3.502532244,2.554293394
16:33:21,2.558413982,3.500790834,2.55620122
16:33:21,2.55782342,3.500264645,2.55458498
16:33:21,2.557864904,3.501408339,2.556756258
16:33:21,2.557347775,3.49917984,2.555973053
16:33:21,2.556438684,3.498459816,2.555686951
16:33:21,2.557490349,3.499283314,2.555524111
16:33:21,2.557778597,3.500411034,2.554145098
16:33:21,2.5567801,3.500461102,2.556061268
16:33:21,2.558061361,3.501248121,2.554309368
16:33:21,2.557200432,3.499012709,2.553908348
16:33:21,2.557188988,3.498910904,2.55380249
16:33:21,2.55757165,3.499506712,2.554386616
16:33:21,2.557108402,3.49682951,2.553474665
16:33:21,2.556892633,3.496821165,2.55488658
16:33:21,2.557246447,3.497741699,2.555132866
16:33:21,2.556970835,3.500036478,2.55622077
16:33:21,2.557781219,3.502424955,2.554356098
16:33:21,2.557881594,3.502574444,2.5530653
16:33:21,2.557458162,3.50405097,2.554656506
16:33:21,2.558206558,3.50401783,2.552910566
16:33:21,2.557531357,3.504276276,2.552313566
16:33:21,2.557733536,3.50393939,2.552783489
16:33:21,2.557546377,3.505058289,2.552693844
16:33:21,2.557156086,3.502924204,2.553752422
16:33:21,2.557738066,3.501834393,2.554735184
16:33:21,2.558037519,3.501451731,2.554536104
16:33:21,2.55794239,3.499509335,2.5569098
16:33:21,2.556931496,3.499046803,2.5554111
16:33:21,2.556564569,3.499755859,2.555649996
16:33:21,2.558460951,3.500619411,2.554319143
16:33:21,2.557851076,3.501828909,2.553730965
16:33:21,2.557791233,3.501812935,2.553378105
16:33:21,2.557211637,3.501493454,2.553407431
16:33:21,2.557836533,3.500910044,2.554873228
16:33:21,2.55910182,3.50075078,2.555776596
16:33:21,2.558716774,3.501171112,2.554988623
16:33:21,2.558217049,3.500866175,2.555871964
16:33:21,2.558847189,3.502171278,2.55658555
16:33:21,2.559159994,3.502430439,2.555542469
16:33:21,2.558973789,3.502020359,2.556643724
16:33:21,2.557472706,3.501530647,2.554629326
16:33:21,2.559212923,3.502512455,2.556218624
16:33:21,2.558509111,3.502703667,2.553915024
16:33:21,2.559757948,3.503736496,2.554463625
16:33:21,2.55812335,3.50348711,2.554867268
16:33:21,2.559398413,3.50335598,2.555052042
16:33:21,2.558590412,3.502161503,2.554706573
16:33:21,2.558980465,3.499630213,2.555820227
16:33:21,2.558134317,3.500518322,2.555626631
16:33:21,2.557356358,3.500387192,2.55658102
16:33:21,2.557740211,3.499451637,2.556222439
16:33:21,2.558858633,3.501407862,2.556242228
16:33:21,2.558237314,3.501222372,2.555314541
16:33:21,2.557439566,3.500709772,2.555498838
16:33:21,2.557495594,3.500715733,2.554342985
16:33:21,2.557311058,3.502068758,2.554122686
16:33:21,2.557246447,3.500734568,2.55493474
16:33:21,2.558307886,3.502654791,2.552936792
16:33:21,2.557952166,3.502543211,2.555346251
16:33:21,2.558400154,3.503078699,2.555757523
16:33:21,2.558681488,3.50322032,2.556124687
16:33:21,2.558661699,3.502793789,2.556595325
16:33:21,2.558019161,3.502389908,2.556299925
16:33:21,2.559286118,3.503686905,2.555258274
16:33:21,2.559423685,3.504768133,2.554615974
16:33:21,2.558572769,3.503631353,2.55458498
16:33:21,2.558396816,3.50357151,2.555161715
16:33:21,2.557526112,3.503735781,2.554244518
16:33:21,2.557068825,3.502245188,2.555122852
16:33:21,2.558505774,3.501124859,2.55450058
16:33:21,2.558290482,3.50039649,2.554884672
16:33:21,2.55766201,3.50109911,2.555910826
16:33:21,2.557896614,3.499396086,2.554594278
16:33:21,2.557362795,3.499047518,2.554395437
16:33:21,2.557531834,3.499649048,2.556231022
16:33:21,2.557409286,3.501262426,2.554766178
16:33:21,2.557450294,3.500802994,2.55454278
16:33:21,2.55736351,3.501070499,2.553560019
16:33:21,2.556116104,3.498043776,2.553142548
16:33:21,2.555521965,3.496603727,2.550483465
16:33:21,2.555819511,3.497879267,2.553676605
16:33:21,2.556690216,3.498015881,2.553780079
16:33:21,2.555029154,3.498229265,2.552823305
16:33:21,2.556354523,3.498753071,2.552874804
16:33:21,2.556608915,3.498593092,2.551860094
16:33:21,2.555770636,3.497821331,2.552664518
16:33:21,2.556180954,3.497444153,2.552727938
16:33:21,2.556256056,3.498940945,2.553606033
16:33:21,2.555851221,3.497508287,2.55295825
16:33:21,2.554694414,3.498836994,2.552581072
16:33:21,2.555674791,3.498029947,2.551890135
16:33:21,2.554375172,3.497183084,2.552253008
16:33:21,2.55456543,3.498156071,2.551870823
16:33:21,2.555019855,3.497272491,2.553547382
16:33:21,2.55476141,3.497272015,2.552216053
16:33:21,2.55501914,3.497467041,2.552189112
16:33:22,2.555354595,3.499376059,2.552941084
16:33:22,2.554443836,3.499785662,2.551617146
16:33:22,2.555489779,3.499448538,2.551539421
16:33:22,2.555464506,3.499332666,2.55145669
16:33:22,2.554810524,3.49779582,2.552892685
16:33:22,2.555105925,3.49787879,2.552676916
16:33:22,2.555597305,3.497972727,2.553146601
16:33:22,2.555931091,3.498972893,2.552108049
16:33:22,2.556194544,3.500239372,2.552181482
16:33:22,2.555923939,3.499597311,2.552169323
16:33:22,2.556107521,3.499324083,2.55287528
16:33:22,2.55649209,3.497533083,2.552607059
16:33:22,2.556006432,3.496363878,2.552677631
16:33:22,2.556879997,3.496986389,2.554180384
16:33:22,2.555783749,3.497066975,2.554189444
16:33:22,2.555760622,3.497088194,2.554335833
16:33:22,2.554926872,3.49704361,2.553874731
16:33:22,2.556402683,3.49812746,2.554387331
16:33:22,2.555691242,3.499195337,2.553391933
16:33:22,2.557323694,3.499518394,2.553771019
16:33:22,2.556140423,3.499821663,2.554515362
16:33:22,2.556530237,3.500766516,2.551751852
16:33:22,2.556363344,3.499400377,2.552654982
16:33:22,2.556490183,3.500565767,2.554029703
16:33:22,2.556884766,3.49930954,2.553387642
16:33:22,2.556375742,3.49846673,2.554662943
16:33:22,2.55626297,3.499732971,2.55327487
16:33:22,2.557280064,3.499398947,2.554930925
16:33:22,2.558844328,3.503536701,2.555768728
16:33:22,2.558093548,3.504362106,2.554258108
16:33:22,2.559133053,3.504029512,2.555218458
16:33:22,2.55913949,3.503186464,2.555938959
16:33:22,2.560698748,3.503408909,2.556097269
16:33:22,2.560000658,3.502709389,2.555448771
16:33:22,2.55913496,3.502975464,2.556348085
16:33:22,2.560026169,3.500691414,2.556290627
16:33:22,2.560148239,3.502219677,2.556681395
16:33:22,2.559882879,3.49960041,2.557111979
16:33:22,2.559209347,3.500859022,2.556169987
16:33:22,2.558359385,3.50284791,2.556067705
16:33:22,2.559023857,3.502494097,2.555755138
16:33:22,2.558794737,3.502750158,2.556254148
16:33:22,2.558594465,3.502634525,2.555276155
16:33:22,2.558889627,3.501959801,2.554552078
16:33:22,2.558329582,3.502468109,2.555840254
16:33:22,2.558567524,3.502894878,2.555264235
16:33:22,2.558130026,3.503332615,2.555319309
16:33:22,2.558512449,3.502668858,2.555244446
16:33:22,2.558960199,3.503234148,2.555586338
16:33:22,2.558948755,3.502614975,2.556111574
16:33:22,2.558118105,3.503074884,2.556754112
16:33:22,2.558976889,3.505269051,2.555771351
16:33:22,2.558667183,3.503923655,2.55616498
16:33:22,2.559175491,3.50462389,2.555315018
16:33:22,2.558864117,3.505013466,2.555084229
16:33:22,2.559516907,3.503963709,2.556350946
16:33:22,2.559345722,3.503266096,2.557418823
16:33:22,2.559417725,3.502162218,2.555907249
16:33:22,2.559326649,3.501861334,2.556171656
16:33:22,2.559474468,3.501906395,2.555967808
16:33:22,2.558983564,3.501021624,2.556256771
16:33:22,2.559123755,3.499655962,2.556216002
16:33:22,2.559816122,3.501514435,2.556625843
16:33:22,2.559901237,3.503478765,2.55785346
16:33:22,2.559495926,3.504280567,2.556323767
16:33:22,2.55964303,3.504488707,2.555678844
16:33:22,2.559382915,3.505618095,2.554810524
16:33:22,2.559818745,3.507408619,2.556015491
16:33:22,2.559143543,3.506573915,2.555119276
16:33:22,2.559235334,3.505660057,2.555378675
16:33:22,2.559372902,3.502865314,2.555838346
16:33:22,2.55920434,3.503262758,2.557016134
16:33:22,2.558995485,3.502429485,2.557118177
16:33:22,2.559802771,3.502701044,2.55747509
16:33:22,2.557295561,3.499811888,2.554236174
16:33:22,2.557681084,3.500484705,2.554242611
16:33:22,2.557928324,3.499838114,2.554357529
16:33:22,2.55737257,3.500388622,2.555240393
16:33:22,2.558247566,3.499379396,2.553479433
16:33:22,2.558467388,3.499485731,2.552787542
16:33:22,2.557527304,3.500493288,2.554193735
16:33:22,2.557006836,3.499505281,2.553137541
16:33:22,2.556865454,3.499040604,2.554276943
16:33:22,2.556536198,3.49927187,2.553495646
16:33:22,2.557061434,3.499769688,2.554102898
16:33:22,2.557300806,3.498592615,2.552673101
16:33:22,2.55697155,3.499534607,2.554211617
16:33:22,2.557201624,3.500376225,2.554184437
16:33:22,2.556570053,3.502231836,2.552116394
16:33:22,2.555888653,3.501891375,2.55231452
16:33:22,2.554913282,3.500456095,2.552441597
16:33:22,2.556871414,3.500033855,2.551852942
16:33:22,2.555459499,3.498959064,2.553672314
16:33:22,2.556441069,3.500409603,2.553089619
16:33:22,2.55598402,3.499732018,2.553197622
16:33:22,2.556688309,3.500559568,2.555067778
16:33:22,2.556361914,3.501055479,2.553872108
16:33:22,2.55630827,3.500411749,2.554694653
16:33:22,2.556928158,3.500619411,2.5538342
16:33:22,2.556617498,3.500845432,2.554253101
16:33:22,2.556655884,3.500226259,2.552654028
16:33:22,2.556963205,3.500716448,2.553844213
16:33:22,2.556256771,3.498709917,2.553723812
16:33:22,2.556476116,3.498579502,2.552909374
16:33:22,2.55562067,3.497181416,2.552136183
16:33:22,2.555273294,3.496607065,2.553639412
16:33:22,2.555887461,3.496130228,2.554683447
16:33:22,2.556283951,3.495767355,2.553007126
16:33:22,2.555279016,3.496782064,2.554246902
16:33:22,2.555680513,3.496605873,2.553361416
16:33:22,2.555713177,3.496165991,2.552315235
16:33:22,2.555844307,3.497077465,2.552503824
16:33:22,2.55552268,3.50073719,2.552340984
16:33:22,2.556222439,3.501674175,2.551855564
16:33:22,2.555619955,3.500759363,2.551265717
16:33:22,2.556155682,3.499598742,2.551361084
16:33:22,2.556244373,3.498992443,2.552675247
16:33:22,2.556087732,3.498895168,2.554379463
16:33:22,2.555808306,3.497557163,2.553812027
16:33:23,2.556662321,3.497344494,2.554432869
16:33:23,2.556004524,3.496644258,2.553766966
16:33:23,2.555997849,3.49730587,2.55318284
16:33:23,2.556367159,3.497236729,2.553104401
16:33:23,2.556975842,3.49766016,2.552788258
16:33:23,2.556249619,3.497584343,2.553204775
16:33:23,2.556836128,3.496395826,2.552050829
16:33:23,2.556274176,3.497658968,2.553091526
16:33:23,2.557414293,3.498683214,2.552665234
16:33:23,2.556236267,3.498430014,2.55269146
16:33:23,2.55536747,3.49856329,2.552764416
16:33:23,2.556499243,3.500727415,2.552777052
16:33:23,2.556836843,3.501359701,2.553296804
16:33:23,2.556270123,3.501257181,2.553668976
16:33:23,2.555134296,3.500628233,2.552542686
16:33:23,2.556453705,3.499874115,2.553596973
16:33:23,2.556704044,3.500476837,2.55218029
16:33:23,2.555168629,3.499675751,2.551984549
16:33:23,2.556404829,3.499463558,2.55200839
16:33:23,2.556387901,3.500097275,2.55206275
16:33:23,2.555579662,3.500500202,2.552660465
16:33:23,2.556710005,3.499959946,2.551376104
16:33:23,2.554867268,3.499933958,2.554888487
16:33:23,2.555593729,3.499142408,2.554432392
16:33:23,2.556022406,3.499023199,2.553158522
16:33:23,2.556740999,3.498863459,2.553797245
16:33:23,2.557070255,3.498889446,2.552736759
16:33:23,2.556186914,3.498744488,2.552554607
16:33:23,2.556121111,3.498600006,2.551958323
16:33:23,2.55598259,3.49860549,2.553027391
16:33:23,2.555514812,3.497279167,2.552655935
16:33:23,2.555664301,3.49695611,2.551053524
16:33:23,2.55561924,3.497210026,2.552178621
16:33:23,2.556036949,3.497831821,2.552345514
16:33:23,2.555922031,3.49765563,2.552215576
16:33:23,2.555893898,3.49813652,2.552938461
16:33:23,2.55561471,3.497941494,2.552955389
16:33:23,2.555352926,3.498591185,2.553240061
16:33:23,2.556399584,3.500423431,2.551952839
16:33:23,2.556067228,3.501423597,2.552680492
16:33:23,2.555488586,3.501191139,2.553245068
16:33:23,2.555141449,3.500183105,2.552003145
16:33:23,2.555911303,3.49931097,2.553130627
16:33:23,2.556457043,3.498462677,2.553059816
16:33:23,2.556653976,3.497760057,2.553290844
16:33:23,2.555655479,3.497214317,2.552675962
16:33:23,2.555881023,3.495583773,2.553653955
16:33:23,2.55511713,3.495163202,2.553005695
16:33:23,2.554640055,3.49493289,2.552392721
16:33:23,2.556429863,3.495770693,2.553939342
16:33:23,2.555924892,3.496454954,2.553354263
16:33:23,2.557137489,3.497282505,2.552456856
16:33:23,2.555696011,3.496197462,2.552995443
16:33:23,2.556601763,3.497784376,2.554864168
16:33:23,2.556975126,3.49909687,2.553370714
16:33:23,2.557038546,3.498614073,2.553030014
16:33:23,2.556633472,3.500232697,2.552128792
16:33:23,2.556334019,3.499505281,2.552208424
16:33:23,2.555408955,3.500719547,2.554141283
16:33:23,2.556103706,3.499372959,2.553472519
16:33:23,2.555542946,3.497622252,2.552472115
16:33:23,2.555892944,3.497859955,2.553156614
16:33:23,2.55620718,3.498240232,2.551784515
16:33:23,2.556328773,3.499702692,2.552698851
16:33:23,2.555948257,3.499596119,2.553301573
16:33:23,2.556627989,3.499672174,2.551650763
16:33:23,2.555971622,3.500579119,2.552325249
16:33:23,2.55627656,3.499389887,2.553897858
16:33:23,2.55543232,3.499113798,2.551964045
16:33:23,2.556472063,3.498689175,2.552896023
16:33:23,2.554370403,3.497471571,2.553109646
16:33:23,2.554077148,3.497935534,2.551911592
16:33:23,2.554733276,3.498345375,2.552547455
16:33:23,2.554570198,3.498610258,2.551612854
16:33:23,2.555523872,3.498971701,2.553062677
16:33:23,2.554729223,3.499372959,2.553253174
16:33:23,2.555372,3.498982668,2.553331137
16:33:23,2.555783749,3.497787237,2.551954031
16:33:23,2.555257082,3.49908185,2.552063465
16:33:23,2.555574179,3.498075724,2.551801682
16:33:23,2.555677414,3.499488831,2.551740646
16:33:23,2.556242466,3.499767542,2.552228212
16:33:23,2.556236267,3.498781681,2.552759647
16:33:23,2.555962086,3.499293327,2.553027153
16:33:23,2.555374861,3.498991251,2.552550793
16:33:23,2.554614782,3.497166157,2.552021742
16:33:23,2.555444956,3.497193575,2.552171707
16:33:23,2.554838419,3.497003555,2.55259347
16:33:23,2.554526567,3.495886803,2.550083876
16:33:23,2.5548985,3.496098995,2.551123619
16:33:23,2.55471015,3.496611834,2.552057981
16:33:23,2.554640055,3.496277571,2.552247763
16:33:23,2.554609776,3.495624542,2.551982164
16:33:23,2.554016352,3.49494791,2.552372217
16:33:23,2.554517984,3.493624687,2.551496029
16:33:23,2.555697203,3.495936394,2.553059101
16:33:23,2.556039333,3.497453928,2.55370903
16:33:23,2.55688405,3.496855021,2.552899361
16:33:23,2.556913614,3.499714851,2.553734541
16:33:23,2.555892944,3.499106646,2.551236153
16:33:23,2.555978775,3.500801802,2.553375483
16:33:23,2.555814743,3.500148058,2.552493095
16:33:23,2.555369377,3.500813246,2.551730633
16:33:23,2.55627346,3.499132156,2.551571846
16:33:23,2.555258989,3.49980402,2.552088976
16:33:23,2.555038929,3.498394728,2.553870201
16:33:23,2.555189848,3.497647047,2.552076101
16:33:23,2.55539465,3.496438265,2.550981998
16:33:23,2.555996656,3.49643898,2.552834511
16:33:23,2.555503607,3.497575998,2.552044392
16:33:23,2.555349112,3.49782896,2.552559376
16:33:23,2.554694414,3.499069929,2.552884102
16:33:23,2.55555439,3.498395681,2.552787066
16:33:23,2.555016041,3.49885869,2.551315308
16:33:23,2.554734707,3.498335361,2.551255226
16:33:23,2.554650784,3.498681307,2.55126667
16:33:24,2.554369688,3.497801065,2.551316261
16:33:24,2.553937674,3.495842457,2.551875114
16:33:24,2.555370808,3.496219635,2.551681757
16:33:24,2.554780006,3.49685359,2.552402496
16:33:24,2.554942131,3.496295214,2.552294254
16:33:24,2.555294752,3.49596858,2.552120686
16:33:24,2.554250956,3.495798826,2.551384687
16:33:24,2.555746794,3.497819185,2.552507639
16:33:24,2.555655479,3.497516632,2.552186966
16:33:24,2.555530787,3.496866941,2.552303553
16:33:24,2.555090666,3.49813652,2.550853729
16:33:24,2.554977179,3.498890162,2.551406622
16:33:24,2.555980682,3.499209642,2.551291466
16:33:24,2.555188417,3.499220133,2.551804781
16:33:24,2.555271626,3.497941494,2.552637577
16:33:24,2.554492235,3.496583462,2.55269146
16:33:24,2.55476141,3.495843649,2.552675962
16:33:24,2.555261374,3.495239496,2.551929712
16:33:24,2.5539608,3.495481491,2.552655935
16:33:24,2.555809021,3.496441364,2.551716089
16:33:24,2.554813147,3.496135235,2.551865101
16:33:24,2.554458141,3.495870352,2.550391674
16:33:24,2.555013895,3.496393919,2.55190134
16:33:24,2.555098057,3.496676207,2.551234722
16:33:24,2.554803133,3.496909618,2.551896811
16:33:24,2.554575443,3.495914936,2.552196264
16:33:24,2.554419279,3.49638772,2.552297354
16:33:24,2.554340601,3.495476484,2.550940275
16:33:24,2.554916143,3.496598005,2.551368952
16:33:24,2.555420399,3.497593641,2.552172422
16:33:24,2.554620981,3.49721384,2.551414728
16:33:24,2.554967165,3.497683048,2.5522089
16:33:24,2.5555439,3.498000145,2.551322699
16:33:24,2.554584503,3.497368574,2.552032948
16:33:24,2.555072784,3.497170925,2.551396132
16:33:24,2.555117846,3.49756813,2.551696062
16:33:24,2.556567907,3.498934031,2.551676273
16:33:24,2.555342436,3.498446465,2.552136183
16:33:24,2.555333853,3.497996092,2.552233219
16:33:24,2.554707527,3.497934341,2.553231239
16:33:24,2.554502487,3.498496056,2.553821802
16:33:24,2.555119038,3.499260664,2.5538342
16:33:24,2.555385351,3.499035597,2.554134607
16:33:24,2.556224346,3.499209642,2.553495646
16:33:24,2.555621386,3.498394728,2.553456306
16:33:24,2.555338383,3.497972727,2.551407099
16:33:24,2.556184053,3.497425318,2.552583218
16:33:24,2.556128025,3.49669981,2.553151131
16:33:24,2.556469679,3.4979074,2.554157734
16:33:24,2.55581212,3.495269537,2.553966284
16:33:24,2.555554867,3.496260643,2.552626133
16:33:24,2.556038618,3.495472431,2.552802563
16:33:24,2.556310177,3.497527838,2.551635504
16:33:24,2.556035519,3.498780489,2.552452087
16:33:24,2.555937052,3.499535322,2.552479982
16:33:24,2.556807756,3.500733852,2.551632166
16:33:24,2.556497335,3.502479792,2.553269625
16:33:24,2.557067633,3.501925707,2.552566051
16:33:24,2.556275368,3.501822233,2.552820444
16:33:24,2.555617809,3.500643253,2.553762436
16:33:24,2.556251526,3.498848915,2.553229332
16:33:24,2.554786682,3.498065948,2.553860903
16:33:24,2.556370974,3.497943401,2.553217411
16:33:24,2.556010962,3.497632504,2.552161217
16:33:24,2.555383921,3.497647762,2.552572489
16:33:24,2.555353642,3.49729085,2.552360296
16:33:24,2.555151224,3.496687174,2.553264618
16:33:24,2.556114674,3.496531963,2.554071665
16:33:24,2.55529809,3.496625423,2.552850962
16:33:24,2.554911137,3.495971441,2.553077221
16:33:24,2.555701256,3.497492313,2.55348587
16:33:24,2.555819511,3.497380972,2.552958727
16:33:24,2.556068659,3.498461485,2.552747965
16:33:24,2.55649209,3.498700142,2.552675247
16:33:24,2.556313038,3.498667002,2.553246498
16:33:24,2.556859493,3.498903751,2.553673029
16:33:24,2.556674957,3.499141693,2.552894592
16:33:24,2.555887461,3.498348236,2.551898718
16:33:24,2.55557704,3.497526407,2.551878929
16:33:24,2.555935621,3.497746944,2.552977324
16:33:24,2.555674791,3.499464273,2.55218029
16:33:24,2.555439949,3.499485254,2.552254915
16:33:24,2.556499243,3.500165462,2.553028822
16:33:24,2.555979967,3.500133038,2.553827047
16:33:24,2.554793835,3.498696804,2.55244565
16:33:24,2.554951191,3.498086214,2.551877022
16:33:24,2.554806471,3.496949673,2.55233264
16:33:24,2.555103302,3.497341871,2.553036213
16:33:24,2.554692984,3.497392654,2.552865505
16:33:24,2.554722548,3.496923685,2.551917076
16:33:24,2.555490971,3.496958256,2.553105116
16:33:24,2.556277752,3.497932911,2.552601099
16:33:24,2.556531906,3.496901274,2.550974846
16:33:24,2.556151628,3.497955084,2.553012609
16:33:24,2.554613113,3.497050285,2.551230192
16:33:24,2.55500412,3.497318029,2.551371098
16:33:24,2.555280447,3.498009205,2.553153992
16:33:24,2.555326462,3.499017477,2.551154613
16:33:24,2.555690527,3.498594522,2.551384687
16:33:24,2.555552006,3.498684645,2.551985264
16:33:24,2.555292368,3.49944973,2.552433014
16:33:24,2.555360079,3.498993874,2.552201509
16:33:24,2.556328773,3.497457266,2.551534891
16:33:24,2.555501223,3.498328209,2.552560091
16:33:24,2.556308985,3.496865034,2.552423239
16:33:24,2.556269407,3.496598721,2.553331137
16:33:24,2.555616379,3.496558189,2.552019596
16:33:24,2.55606389,3.49605298,2.552404165
16:33:24,2.555397749,3.496019363,2.551556349
16:33:24,2.554417372,3.495511532,2.55158186
16:33:24,2.555521965,3.495719194,2.552898645
16:33:24,2.554225683,3.495417833,2.551488638
16:33:24,2.555143595,3.497554541,2.551024199
16:33:24,2.555003643,3.496316195,2.550191879
16:33:24,2.554140568,3.497180223,2.551547527
16:33:24,2.553673983,3.496778011,2.551057339
16:33:24,2.553956747,3.497129679,2.55011487
16:33:24,2.554108858,3.497594833,2.550251961
16:33:24,2.554214478,3.497764587,2.550333261
16:33:25,2.555142879,3.497985125,2.551089287
16:33:25,2.554205418,3.4977808,2.551773071
16:33:25,2.55521822,3.497331381,2.551022053
16:33:25,2.554816484,3.498208761,2.5512321
16:33:25,2.554626942,3.49706316,2.551261187
16:33:25,2.55456543,3.497875452,2.55156064
16:33:25,2.554180145,3.497219801,2.550705433
16:33:25,2.555206299,3.498970985,2.55316186
16:33:25,2.555753946,3.498921394,2.552581072
16:33:25,2.555070639,3.498651266,2.551768303
16:33:25,2.554249048,3.497325897,2.552928448
16:33:25,2.554326057,3.496536016,2.551116228
16:33:25,2.553982019,3.496622562,2.551598549
16:33:25,2.553622484,3.495907068,2.551852942
16:33:25,2.554825068,3.498824358,2.552214861
16:33:25,2.554747581,3.498059988,2.552389383
16:33:25,2.555669546,3.498921871,2.552104473
16:33:25,2.55536294,3.496892929,2.552284241
16:33:25,2.55508852,3.496130705,2.552226067
16:33:25,2.555628538,3.497249842,2.553645372
16:33:25,2.555986166,3.496128082,2.552529812
16:33:25,2.555465937,3.495867252,2.551592588
16:33:25,2.554812431,3.49748683,2.552081823
16:33:25,2.555584669,3.497007132,2.55237627
16:33:25,2.556399584,3.498501778,2.552013874
16:33:25,2.555830717,3.498503208,2.552965403
16:33:25,2.556475639,3.497731924,2.552735329
16:33:25,2.55590868,3.498401403,2.551962852
16:33:25,2.556523085,3.497227669,2.553876638
16:33:25,2.556918144,3.497970819,2.552946806
16:33:25,2.555933952,3.497953176,2.552241325
16:33:25,2.555762529,3.498431206,2.552812576
16:33:25,2.556015015,3.498623133,2.552966595
16:33:25,2.555301428,3.497303963,2.552388668
16:33:25,2.556301832,3.498457432,2.552779198
16:33:25,2.556681633,3.498482227,2.553276062
16:33:25,2.555305958,3.497591496,2.552636623
16:33:25,2.555700302,3.498195171,2.553739309
16:33:25,2.556056023,3.497196198,2.553726196
16:33:25,2.555169344,3.496857643,2.553877831
16:33:25,2.55620265,3.497835159,2.55298543
16:33:25,2.55553937,3.497347593,2.55243659
16:33:25,2.555637836,3.498373985,2.551751137
16:33:25,2.555320501,3.497902155,2.551399469
16:33:25,2.555434942,3.497104168,2.552895069
16:33:25,2.556097746,3.497786045,2.551759958
16:33:25,2.556011677,3.498440266,2.552948713
16:33:25,2.555104017,3.49847436,2.551267147
16:33:25,2.556071043,3.499666691,2.553357124
16:33:25,2.555859089,3.499282122,2.551660061
16:33:25,2.555538177,3.498626471,2.553420305
16:33:25,2.555370092,3.500069618,2.553466082
16:33:25,2.555428743,3.499055862,2.552464724
16:33:25,2.555352211,3.500190496,2.55227232
16:33:25,2.5560534,3.500256777,2.552598238
16:33:25,2.55580616,3.498978615,2.554237127
16:33:25,2.554887772,3.498019457,2.551520348
16:33:25,2.554883957,3.499536753,2.552632332
16:33:25,2.555498838,3.499293327,2.550847054
16:33:25,2.555411816,3.498730421,2.552081108
16:33:25,2.55556488,3.497983694,2.551273823
16:33:25,2.555057049,3.497351646,2.55099082
16:33:25,2.555393457,3.497269869,2.552693129
16:33:25,2.55569768,3.496586084,2.552018404
16:33:25,2.554308891,3.496064901,2.551903963
16:33:25,2.555138826,3.495512247,2.551700354
16:33:25,2.554995298,3.496421099,2.553069115
16:33:25,2.555738926,3.496483564,2.552029133
16:33:25,2.554999352,3.497564793,2.553676605
16:33:25,2.556033373,3.498795509,2.552396059
16:33:25,2.555997133,3.49856329,2.552242517
16:33:25,2.556378841,3.499156952,2.551388741
16:33:25,2.55602026,3.500273228,2.552344561
16:33:25,2.5568645,3.500530243,2.552378654
16:33:25,2.555646896,3.499768257,2.552500248
16:33:25,2.556987047,3.500631571,2.552095175
16:33:25,2.55603981,3.500418186,2.553091526
16:33:25,2.556508541,3.497568846,2.553174257
16:33:25,2.556135416,3.497303963,2.553054571
16:33:25,2.555571079,3.497722864,2.554952621
16:33:25,2.556515694,3.49625802,2.554667711
16:33:25,2.555791616,3.496402979,2.55231452
16:33:25,2.55608654,3.496673107,2.552950144
16:33:25,2.556240797,3.495680094,2.552442312
16:33:25,2.555526018,3.496208429,2.551823854
16:33:25,2.556148529,3.496240377,2.551882267
16:33:25,2.556511164,3.496999264,2.552821875
16:33:25,2.556195974,3.497530699,2.55323267
16:33:25,2.555521011,3.497256279,2.552762508
16:33:25,2.55594635,3.498415232,2.552569151
16:33:25,2.555818081,3.498160601,2.554174662
16:33:25,2.556343555,3.500570059,2.553534031
16:33:25,2.555820942,3.498963833,2.552581072
16:33:25,2.556359768,3.50028348,2.553100348
16:33:25,2.556088448,3.501353025,2.552376747
16:33:25,2.556508064,3.501531363,2.552648544
16:33:25,2.557004213,3.500325441,2.55316186
16:33:25,2.556696892,3.500630856,2.553506374
16:33:25,2.556488752,3.500719547,2.553972721
16:33:25,2.556637764,3.499526978,2.554035425
16:33:25,2.556843042,3.50084281,2.552772999
16:33:25,2.555670738,3.497090101,2.552325249
16:33:25,2.554678202,3.498860836,2.553216696
16:33:25,2.555428743,3.497796535,2.552178621
16:33:25,2.555123806,3.497677088,2.55344367
16:33:25,2.555490971,3.496414661,2.551260471
16:33:25,2.555526018,3.4963727,2.551361084
16:33:25,2.555594683,3.496622086,2.552161694
16:33:25,2.5551548,3.497007847,2.553892136
16:33:25,2.555782557,3.497004509,2.553367615
16:33:25,2.556744337,3.496686697,2.553972721
16:33:25,2.556208611,3.498270273,2.552413225
16:33:25,2.557109118,3.499568701,2.554811239
16:33:25,2.55647397,3.500027895,2.552701473
16:33:25,2.555979252,3.500729322,2.552627563
16:33:26,2.555862427,3.50082922,2.55209446
16:33:26,2.555868387,3.499732971,2.553592443
16:33:26,2.556282043,3.49944973,2.552668571
16:33:26,2.556156397,3.498993874,2.552927732
16:33:26,2.556133032,3.497955084,2.552978039
16:33:26,2.556039333,3.497157097,2.554493189
16:33:26,2.55623579,3.498043776,2.551978588
16:33:26,2.555932999,3.497405291,2.552896738
16:33:26,2.55594635,3.496691465,2.553545952
16:33:26,2.556429863,3.496489763,2.553230762
16:33:26,2.556384325,3.496519804,2.552210331
16:33:26,2.556606054,3.497937918,2.552808762
16:33:26,2.556392193,3.498721123,2.553275347
16:33:26,2.557164431,3.499267817,2.553915977
16:33:26,2.55638361,3.49874711,2.553895235
16:33:26,2.55612278,3.499042511,2.553362131
16:33:26,2.556328773,3.49943924,2.552426577
16:33:26,2.556188822,3.500394106,2.553020239
16:33:26,2.556546211,3.500020027,2.552862167
16:33:26,2.555849075,3.500360727,2.552747965
16:33:26,2.555326462,3.500199556,2.55457592
16:33:26,2.55734086,3.501321793,2.554009676
16:33:26,2.5567379,3.500855207,2.553809404
16:33:26,2.556459665,3.500882864,2.554266453
16:33:26,2.556018829,3.501141071,2.553507805
16:33:26,2.557007551,3.500633478,2.552259207
16:33:26,2.555784464,3.500293016,2.551852942
16:33:26,2.556067228,3.499481916,2.551867723
16:33:26,2.555232048,3.498954773,2.552853107
16:33:26,2.55608964,3.498481512,2.554577112
16:33:26,2.555837154,3.497226954,2.552551985
16:33:26,2.5553689,3.496769428,2.551503181
16:33:26,2.556459665,3.498444557,2.55151248
16:33:26,2.555290699,3.498891354,2.552910566
16:33:26,2.556351185,3.49846077,2.552592993
16:33:26,2.556150436,3.497763157,2.553272486
16:33:26,2.556009054,3.496492147,2.55254674
16:33:26,2.555662155,3.49718833,2.553806067
16:33:26,2.555845022,3.497472286,2.553686857
16:33:26,2.556514502,3.500121832,2.552788973
16:33:26,2.556432486,3.500397682,2.552287102
16:33:26,2.557055712,3.49833107,2.552361727
16:33:26,2.556071997,3.500331879,2.553333759
16:33:26,2.557131052,3.500545263,2.553278923
16:33:26,2.556135416,3.500151873,2.553860903
16:33:26,2.555584669,3.500949144,2.553094387
16:33:26,2.555924416,3.49874568,2.553665876
16:33:26,2.557417631,3.498892069,2.552944899
16:33:26,2.557123661,3.497523308,2.553743124
16:33:26,2.557592154,3.498085499,2.553529024
16:33:26,2.556666613,3.497756004,2.552484035
16:33:26,2.556223392,3.498370171,2.552404165
16:33:26,2.556630611,3.499473333,2.552172422
16:33:26,2.55601573,3.499916077,2.551814795
16:33:26,2.556398153,3.497905731,2.55171752
16:33:26,2.555829525,3.498813152,2.553044319
16:33:26,2.555849791,3.495669603,2.553940058
16:33:26,2.55520153,3.49518609,2.55352354
16:33:26,2.555696726,3.497182846,2.554130077
16:33:26,2.556280613,3.497818708,2.55303216
16:33:26,2.55659771,3.499823093,2.553564548
16:33:26,2.55671072,3.500144005,2.553473473
16:33:26,2.556145191,3.500951052,2.552320719
16:33:26,2.556226969,3.500488997,2.552782059
16:33:26,2.556246042,3.500764608,2.553740501
16:33:26,2.557168722,3.500872374,2.553828478
16:33:26,2.557250023,3.500266075,2.553621531
16:33:26,2.557076693,3.49907732,2.55382514
16:33:26,2.556916952,3.498681307,2.5522995
16:33:26,2.556717396,3.497651815,2.554397821
16:33:26,2.555615902,3.498984098,2.552810192
16:33:26,2.555478573,3.498347044,2.552983999
16:33:26,2.555174589,3.49893117,2.553245068
16:33:26,2.555347443,3.497490406,2.553402424
16:33:26,2.556102753,3.498375893,2.553433657
16:33:26,2.55719161,3.497859955,2.553616285
16:33:26,2.55672574,3.498203039,2.554048777
16:33:26,2.556365252,3.499237061,2.55331707
16:33:26,2.557123661,3.500000477,2.552348375
16:33:26,2.556014299,3.500609875,2.552932501
16:33:26,2.555795193,3.500168324,2.553585291
16:33:26,2.556023121,3.498065472,2.553308725
16:33:26,2.556471586,3.497522354,2.552676916
16:33:26,2.555845976,3.497113943,2.552629471
16:33:26,2.556135416,3.498759031,2.553505182
16:33:26,2.556846857,3.498349905,2.553990602
16:33:26,2.55633688,3.499626637,2.553828478
16:33:26,2.556979656,3.499792576,2.553668261
16:33:26,2.556900263,3.501004696,2.553882122
16:33:26,2.556463718,3.502256155,2.554821968
16:33:26,2.557379484,3.500891924,2.554339886
16:33:26,2.556833744,3.498529196,2.552154064
16:33:26,2.556649923,3.498345375,2.553004503
16:33:26,2.556441069,3.498137236,2.552944899
16:33:26,2.557179928,3.498512268,2.55281806
16:33:26,2.557615995,3.497841597,2.554137945
16:33:26,2.555854321,3.497783661,2.553846121
16:33:26,2.556760311,3.498892069,2.553803921
16:33:26,2.556275845,3.499466181,2.55200386
16:33:26,2.556376457,3.499177217,2.552852392
16:33:26,2.556158304,3.499567986,2.55270505
16:33:26,2.55613184,3.500510931,2.552152634
16:33:26,2.55540967,3.499177933,2.553581238
16:33:26,2.556906939,3.499028921,2.553720713
16:33:26,2.555444241,3.499069452,2.553860903
16:33:26,2.555873394,3.498267651,2.554640293
16:33:26,2.557027817,3.498601675,2.552991152
16:33:26,2.556943893,3.499847174,2.551402807
16:33:26,2.557009935,3.49895072,2.553471327
16:33:26,2.556015015,3.499507189,2.551098347
16:33:26,2.556159019,3.499117613,2.551759243
16:33:26,2.55543828,3.49895215,2.552218676
16:33:26,2.556387901,3.498755455,2.551941156
16:33:26,2.555588245,3.499111176,2.551639557
16:33:26,2.556141376,3.499738932,2.552647114
16:33:26,2.556526423,3.500993013,2.552139521
16:33:26,2.556750774,3.499030828,2.554414988
16:33:26,2.55724287,3.49907136,2.55340004
16:33:26,2.557554483,3.499442577,2.55455327
16:33:27,2.55758214,3.49940753,2.553782225
16:33:27,2.556688309,3.499998331,2.552556515
16:33:27,2.556614399,3.50095582,2.552675962
16:33:27,2.557345629,3.502130032,2.552209616
16:33:27,2.556026936,3.501588583,2.552025557
16:33:27,2.557205677,3.50061512,2.552522898
16:33:27,2.556918859,3.498916388,2.55327487
16:33:27,2.555372,3.49693799,2.554062366
16:33:27,2.555715799,3.496187687,2.553920269
16:33:27,2.555323362,3.494960308,2.555183649
16:33:27,2.556478262,3.495172977,2.554923773
16:33:27,2.556301117,3.498570919,2.552398682
16:33:27,2.556110382,3.499818563,2.55176115
16:33:27,2.555880308,3.50057745,2.551551342
16:33:27,2.556422472,3.501652002,2.55241847
16:33:27,2.556553602,3.500228882,2.552243948
16:33:27,2.556800604,3.499408007,2.552241325
16:33:27,2.55608964,3.498651743,2.553150654
16:33:27,2.55587244,3.496132374,2.554152012
16:33:27,2.556646109,3.496971846,2.554548502
16:33:27,2.556385517,3.496799469,2.554670334
16:33:27,2.556453705,3.498651743,2.554118872
16:33:27,2.556375265,3.499181032,2.553910494
16:33:27,2.556893826,3.499301672,2.552438259
16:33:27,2.555865049,3.499264479,2.553034306
16:33:27,2.556194067,3.499342918,2.552676916
16:33:27,2.55601716,3.498699427,2.552320004
16:33:27,2.555645227,3.49907136,2.551576614
16:33:27,2.556033373,3.49897933,2.553030014
16:33:27,2.556230545,3.497927189,2.552601099
16:33:27,2.555383444,3.497811556,2.553051949
16:33:27,2.555424452,3.496690035,2.553649902
16:33:27,2.556250334,3.497618437,2.553574085
16:33:27,2.554840326,3.497899532,2.552899837
16:33:27,2.555612803,3.498629093,2.552054167
16:33:27,2.556003332,3.50199461,2.552801371
16:33:27,2.55640769,3.502150774,2.551468611
16:33:27,2.554497242,3.501723528,2.552886009
16:33:27,2.556355476,3.502007961,2.552869558
16:33:27,2.556451559,3.500781059,2.554759026
16:33:27,2.557321787,3.501021624,2.553324461
16:33:27,2.557228565,3.501050949,2.555085659
16:33:27,2.556968212,3.499953747,2.553643227
16:33:27,2.556760788,3.500677347,2.553961992
16:33:27,2.556565285,3.500900269,2.553781748
16:33:27,2.556975842,3.499986887,2.554167747
16:33:27,2.556180954,3.498692989,2.552652121
16:33:27,2.556399584,3.49927187,2.552714825
16:33:27,2.556622982,3.498604774,2.552762985
16:33:27,2.556982279,3.499109507,2.552520514
16:33:27,2.556335449,3.497871637,2.552710772
16:33:27,2.556780815,3.497325897,2.553569078
16:33:27,2.55628252,3.496940613,2.554540634
16:33:27,2.556464195,3.497111559,2.554145813
16:33:27,2.556517124,3.49787879,2.55461216
16:33:27,2.557652235,3.499016762,2.553714037
16:33:27,2.557117224,3.499018431,2.552315235
16:33:27,2.556249619,3.500590324,2.552828789
16:33:27,2.555575609,3.49846983,2.553115606
16:33:27,2.556440592,3.499806166,2.552317142
16:33:27,2.556353331,3.500400543,2.553767681
16:33:27,2.556570768,3.500638723,2.553545237
16:33:27,2.557492495,3.49971199,2.553467512
16:33:27,2.556476831,3.499646187,2.553277493
16:33:27,2.55677104,3.501020432,2.553659678
16:33:27,2.556723356,3.499989986,2.553294659
16:33:27,2.556469679,3.499804497,2.555121422
16:33:27,2.556555986,3.498762846,2.552675247
16:33:27,2.55685544,3.497200966,2.553103447
16:33:27,2.555666685,3.494900227,2.552695751
16:33:27,2.556987762,3.495802641,2.552283525
16:33:27,2.556617975,3.495473862,2.55270505
16:33:27,2.556247473,3.495238781,2.552708149
16:33:27,2.556659222,3.496348619,2.553792
16:33:27,2.555883408,3.499806166,2.550554991
16:33:27,2.556047678,3.500300169,2.550816536
16:33:27,2.555593729,3.501832008,2.552973986
16:33:27,2.555217505,3.502449989,2.55290699
16:33:27,2.556022406,3.501152754,2.551872253
16:33:27,2.556615114,3.501760244,2.55384326
16:33:27,2.55628252,3.501298189,2.551914454
16:33:27,2.555388451,3.498569012,2.552506447
16:33:27,2.554608345,3.497840405,2.553778887
16:33:27,2.55610013,3.496526957,2.554872036
16:33:27,2.556673765,3.496345758,2.551988602
16:33:27,2.556142569,3.497037172,2.552541494
16:33:27,2.555332422,3.497549295,2.551478624
16:33:27,2.556319475,3.499938488,2.551382303
16:33:27,2.555635691,3.50164485,2.552432299
16:33:27,2.555993795,3.502000809,2.553367615
16:33:27,2.555107832,3.500555754,2.552141428
16:33:27,2.556054831,3.496560335,2.555134058
16:33:27,2.556598425,3.496568203,2.555053949
16:33:27,2.556596279,3.496290684,2.552846432
16:33:27,2.556941509,3.498121023,2.552819252
16:33:27,2.555881023,3.500206709,2.551378965
16:33:27,2.556698799,3.499389887,2.55220294
16:33:27,2.555598736,3.498234749,2.551477909
16:33:27,2.556935549,3.498300076,2.553361416
16:33:27,2.55731535,3.498316526,2.552886009
16:33:27,2.556937933,3.499111891,2.551182508
16:33:27,2.556228399,3.498497486,2.552940369
16:33:27,2.556394339,3.49999404,2.554547787
16:33:27,2.556966066,3.499961376,2.554053307
16:33:27,2.556918144,3.500499487,2.5546453
16:33:27,2.556832314,3.49855876,2.553142071
16:33:27,2.555792332,3.496665716,2.554624796
16:33:27,2.556180239,3.496616364,2.553125381
16:33:27,2.556092262,3.496402264,2.553185701
16:33:27,2.556972504,3.4979074,2.551835775
16:33:27,2.556756973,3.497778177,2.55343771
16:33:27,2.557050943,3.497550011,2.553287268
16:33:27,2.55739069,3.498236179,2.554262877
16:33:27,2.556930065,3.497439384,2.554706097
16:33:27,2.556218624,3.497872114,2.554010391
16:33:27,2.556495428,3.4985044,2.553841114
16:33:28,2.556474924,3.499732971,2.554124832
16:33:28,2.556592464,3.501031399,2.554113388
16:33:28,2.556099653,3.50232935,2.552048206
16:33:28,2.556613207,3.503473759,2.552224636
16:33:28,2.557132483,3.503135204,2.551834583
16:33:28,2.556768179,3.501317978,2.55272603
16:33:28,2.556404829,3.500016928,2.553053379
16:33:28,2.557541847,3.498214722,2.553333282
16:33:28,2.556473494,3.497210741,2.55297327
16:33:28,2.556667805,3.496613979,2.554984331
16:33:28,2.556499243,3.496371508,2.553951979
16:33:28,2.556183338,3.49610877,2.554684877
16:33:28,2.557102919,3.496508598,2.553423643
16:33:28,2.556527615,3.497391224,2.552823305
16:33:28,2.557104588,3.501830816,2.553241968
16:33:28,2.556792498,3.502518177,2.551425219
16:33:28,2.557244778,3.503934145,2.552523613
16:33:28,2.555636168,3.50332284,2.551434517
16:33:28,2.555892944,3.502077103,2.553831339
16:33:28,2.555356503,3.500441551,2.554270744
16:33:28,2.555083275,3.499305725,2.554698229
16:33:28,2.556584597,3.497396708,2.556531906
16:33:28,2.557378769,3.49846673,2.555106163
16:33:28,2.555698395,3.498418808,2.553199053
16:33:28,2.55696106,3.502398252,2.551568747
16:33:28,2.556169033,3.50318718,2.551632166
16:33:28,2.556061268,3.502704382,2.551537037
16:33:28,2.555268526,3.501212597,2.551724911
16:33:28,2.555893421,3.497509241,2.553450346
16:33:28,2.55609107,3.496276855,2.55322814
16:33:28,2.556309462,3.496157408,2.553701401
16:33:28,2.555883169,3.495588779,2.552976608
16:33:28,2.555310011,3.495086193,2.553388834
16:33:28,2.555364847,3.494625568,2.553659678
16:33:28,2.556009054,3.493788481,2.552430391
16:33:28,2.555643559,3.496361017,2.553288937
16:33:28,2.556908131,3.49717021,2.551310301
16:33:28,2.555631876,3.496782064,2.5517869
16:33:28,2.556846857,3.498699427,2.551519632
16:33:28,2.557145357,3.500380993,2.552283049
16:33:28,2.556596994,3.50005126,2.552241802
16:33:28,2.556920767,3.500905275,2.553416491
16:33:28,2.555847883,3.499854565,2.552578688
16:33:28,2.555712223,3.499695301,2.553612232
16:33:28,2.556363821,3.499442577,2.554325819
16:33:28,2.555554867,3.498709917,2.553825855
16:33:28,2.554992199,3.498757124,2.554397821
16:33:28,2.555689812,3.499529362,2.55219841
16:33:28,2.556442261,3.499586344,2.552518368
16:33:28,2.556225777,3.498744965,2.551261902
16:33:28,2.556676626,3.497333288,2.551362514
16:33:28,2.556476116,3.497987986,2.552355528
16:33:28,2.557333708,3.496569395,2.553438425
16:33:28,2.557507515,3.497944593,2.553692102
16:33:28,2.557088137,3.497285604,2.553709984
16:33:28,2.556162834,3.497622728,2.551907301
16:33:28,2.554763794,3.499572277,2.55137682
16:33:28,2.554686069,3.500099182,2.551433325
16:33:28,2.55490303,3.499777555,2.551664352
16:33:28,2.554881334,3.500295877,2.552072763
16:33:28,2.554929495,3.500341177,2.552259922
16:33:28,2.554745913,3.499972582,2.551172495
16:33:28,2.555504799,3.499197483,2.552112341
16:33:28,2.555930376,3.500638008,2.552956104
16:33:28,2.555825949,3.499997854,2.552353621
16:33:28,2.556402206,3.498983383,2.554086447
16:33:28,2.55674243,3.498520613,2.554255247
16:33:28,2.556885719,3.499297142,2.554034233
16:33:28,2.55698514,3.498892069,2.553980589
16:33:28,2.556330919,3.498476982,2.552820444
16:33:28,2.555758715,3.49730587,2.552466154
16:33:28,2.55601716,3.496206522,2.55196023
16:33:28,2.555508852,3.494963646,2.550443649
16:33:28,2.555242062,3.494565725,2.551457644
16:33:28,2.553929806,3.495218754,2.5526824
16:33:28,2.555187702,3.495951891,2.552435875
16:33:28,2.556191683,3.496795177,2.551954746
16:33:28,2.55591917,3.49932456,2.552477598
16:33:28,2.556780815,3.500235319,2.552996397
16:33:28,2.556970835,3.501007795,2.553508282
16:33:28,2.556194067,3.50161624,2.552990437
16:33:28,2.556963682,3.502636671,2.554403782
16:33:28,2.55705905,3.501635075,2.552433729
16:33:28,2.557081938,3.500990152,2.552708149
16:33:28,2.556048155,3.499728441,2.551455021
16:33:28,2.554684401,3.498632908,2.551898718
16:33:28,2.555598736,3.498753071,2.55227828
16:33:28,2.554357767,3.498048544,2.55362606
16:33:28,2.555490494,3.497083902,2.552547455
16:33:28,2.554588556,3.496664524,2.553160667
16:33:28,2.556275368,3.496142149,2.552751064
16:33:28,2.554765701,3.494691372,2.553161383
16:33:28,2.554773569,3.494396448,2.552702188
16:33:28,2.554997444,3.494774342,2.55151391
16:33:28,2.555435419,3.495828152,2.551683187
16:33:28,2.555863619,3.49614501,2.552199602
16:33:28,2.555521488,3.49586463,2.551717997
16:33:28,2.555678606,3.496631145,2.55169487
16:33:28,2.55493474,3.497420549,2.551639557
16:33:28,2.554947853,3.4993577,2.551460266
16:33:28,2.554279327,3.49946022,2.552918434
16:33:28,2.554232836,3.50225544,2.553112268
16:33:28,2.554870844,3.502368927,2.552725554
16:33:28,2.555496454,3.501915932,2.552853584
16:33:28,2.556264162,3.503005028,2.552884817
16:33:28,2.555220842,3.499455214,2.552503824
16:33:28,2.555125713,3.499468088,2.551804066
16:33:28,2.555541277,3.497571468,2.552204132
16:33:28,2.555972099,3.496068239,2.55155015
16:33:28,2.554722071,3.496158123,2.551568747
16:33:28,2.555724859,3.495882988,2.552411318
16:33:28,2.555018663,3.496537209,2.552050114
16:33:28,2.554823637,3.494870901,2.552578688
16:33:28,2.555348396,3.495939255,2.551835775
16:33:28,2.555006027,3.496255398,2.552287102
16:33:28,2.556024313,3.497175932,2.553009748
16:33:28,2.554992914,3.497893095,2.552658558
16:33:28,2.556056738,3.497726679,2.552679539
16:33:28,2.555223465,3.498771429,2.553264618
16:33:29,2.555966139,3.498827934,2.553109646
16:33:29,2.557169914,3.499545813,2.554760933
16:33:29,2.556690216,3.499526978,2.553419352
16:33:29,2.556447029,3.500385284,2.553348303
16:33:29,2.557117939,3.500936031,2.552690983
16:33:29,2.556318283,3.500516653,2.552640676
16:33:29,2.556247473,3.500258923,2.55172348
16:33:29,2.556282043,3.499639273,2.552393436
16:33:29,2.55614996,3.499175787,2.552127838
16:33:29,2.55598712,3.498768091,2.553394079
16:33:29,2.556661844,3.496879101,2.552148104
16:33:29,2.556665897,3.497224092,2.553521633
16:33:29,2.555960178,3.496454954,2.552489281
16:33:29,2.556028843,3.496816397,2.553622961
16:33:29,2.556624889,3.49825716,2.553110123
16:33:29,2.556999445,3.498677492,2.553759098
16:33:29,2.556617975,3.499599695,2.553368807
16:33:29,2.558293819,3.501465559,2.5537889
16:33:29,2.558138609,3.501097441,2.554728031
16:33:29,2.557231426,3.501139402,2.554731846
16:33:29,2.557718992,3.502139091,2.553438425
16:33:29,2.557018042,3.502452612,2.554790735
16:33:29,2.556525707,3.502656221,2.554407835
16:33:29,2.556146383,3.501886845,2.553130388
16:33:29,2.558747768,3.504480362,2.556173563
16:33:29,2.557452202,3.504304171,2.556579828
16:33:29,2.559149265,3.503945351,2.556432247
16:33:29,2.558757544,3.503165007,2.55472517
16:33:29,2.559526682,3.503767967,2.554895878
16:33:29,2.559014559,3.503504753,2.555027485
16:33:29,2.559237242,3.502315283,2.554781437
16:33:29,2.558628321,3.50108099,2.555404425
16:33:29,2.558233738,3.500670433,2.555751562
16:33:29,2.558235645,3.501200438,2.556516886
16:33:29,2.559191704,3.501880169,2.556017399
16:33:29,2.55877018,3.501171112,2.555961847
16:33:29,2.558282614,3.501489401,2.555531979
16:33:29,2.559068918,3.501855612,2.55726862
16:33:29,2.559863091,3.504939556,2.555052042
16:33:29,2.558973789,3.504514694,2.556488991
16:33:29,2.559984446,3.503316402,2.555455923
16:33:29,2.558927536,3.503988266,2.556282282
16:33:29,2.558910847,3.503895521,2.555756807
16:33:29,2.559750795,3.504234314,2.557051182
16:33:29,2.559109688,3.504151344,2.555554628
16:33:29,2.559747219,3.503184557,2.557557106
16:33:29,2.559112549,3.502098799,2.557763577
16:33:29,2.55845499,3.501231432,2.556047201
16:33:29,2.559173107,3.501879692,2.557000875
16:33:29,2.559054852,3.501703262,2.556368828
16:33:29,2.559774637,3.501653194,2.554941416
16:33:29,2.559294939,3.501394272,2.554472685
16:33:29,2.559900045,3.502141714,2.553844213
16:33:29,2.559455872,3.501127481,2.555358648
16:33:29,2.559714079,3.501302242,2.556317091
16:33:29,2.560179949,3.502102137,2.557174921
16:33:29,2.558711529,3.502144575,2.555211782
16:33:29,2.559232712,3.502130032,2.556685925
16:33:29,2.5595994,3.50262785,2.556067228
16:33:29,2.559619904,3.50462985,2.556878805
16:33:29,2.560132742,3.505130768,2.556933403
16:33:29,2.560024023,3.506343603,2.555114985
16:33:29,2.559996367,3.507250547,2.556043386
16:33:29,2.559719563,3.506784201,2.556463957
16:33:29,2.559108496,3.505868673,2.555436134
16:33:29,2.559976101,3.505622149,2.556034088
16:33:29,2.558887959,3.504976749,2.55757308
16:33:29,2.558562756,3.50335741,2.556141138
16:33:29,2.559116364,3.501605749,2.555281401
16:33:29,2.558915615,3.502265215,2.556610823
16:33:29,2.559140205,3.499599218,2.555692434
16:33:29,2.558794737,3.50013113,2.556499004
16:33:29,2.558609009,3.499856949,2.554908276
16:33:29,2.559187412,3.501973629,2.554399967
16:33:29,2.558544159,3.502527952,2.554706573
16:33:29,2.558270693,3.501832485,2.555629253
16:33:29,2.55910778,3.501768589,2.554130554
16:33:29,2.558079004,3.502687931,2.554702759
16:33:29,2.558217049,3.503922462,2.554812431
16:33:29,2.558753729,3.503087044,2.556941509
16:33:29,2.558378458,3.502242327,2.555719852
16:33:29,2.558061361,3.502646923,2.554866791
16:33:29,2.558922768,3.502949715,2.555766106
16:33:29,2.558688164,3.501828909,2.557123899
16:33:29,2.558462858,3.500353813,2.555590391
16:33:29,2.558368444,3.500067949,2.555090427
16:33:29,2.558514595,3.500929117,2.555772305
16:33:29,2.558657885,3.502016544,2.555873871
16:33:29,2.559018135,3.502166748,2.555272818
16:33:29,2.558298349,3.502159357,2.554181099
16:33:29,2.559130192,3.502454996,2.554529428
16:33:29,2.559058189,3.501175642,2.557164192
16:33:29,2.559005499,3.500876665,2.556400537
16:33:29,2.558791399,3.50120163,2.555724621
16:33:29,2.559455395,3.503677845,2.55616045
16:33:29,2.558835745,3.503994703,2.555527687
16:33:29,2.558953762,3.504218102,2.554785967
16:33:29,2.558391094,3.504281759,2.553495169
16:33:29,2.559189796,3.50406146,2.553263664
16:33:29,2.559231997,3.50469017,2.554776907
16:33:29,2.560549498,3.50454092,2.554188251
16:33:29,2.558600187,3.503792524,2.556050062
16:33:29,2.558781385,3.503136396,2.556645155
16:33:29,2.558558702,3.50248313,2.5564363
16:33:29,2.559421778,3.500575542,2.556936741
16:33:29,2.559390783,3.500878096,2.55581522
16:33:29,2.558359385,3.502039194,2.556360006
16:33:29,2.558855534,3.503267527,2.555774212
16:33:29,2.558402777,3.501886129,2.554719925
16:33:29,2.558678389,3.502433777,2.554307222
16:33:29,2.558526278,3.501078367,2.554985285
16:33:29,2.557656288,3.501770735,2.555753708
16:33:29,2.559594631,3.503137112,2.555967808
16:33:29,2.559156179,3.502225399,2.557006598
16:33:29,2.559144974,3.502027035,2.556449413
16:33:30,2.558692217,3.503127813,2.556111574
16:33:30,2.557803631,3.502996683,2.556061268
16:33:30,2.558180094,3.503347635,2.555998802
16:33:30,2.558315039,3.503520489,2.556392431
16:33:30,2.558909416,3.503694057,2.555502415
16:33:30,2.559234619,3.503937483,2.555470467
16:33:30,2.559194565,3.504511595,2.55595994
16:33:30,2.559450626,3.502597332,2.555881739
16:33:30,2.558915615,3.502622604,2.555631399
16:33:30,2.559268951,3.501477003,2.555023432
16:33:30,2.559337616,3.500084877,2.556247711
16:33:30,2.558741808,3.500312567,2.556733847
16:33:30,2.558577538,3.500015497,2.556148052
16:33:30,2.558616877,3.499085188,2.55544591
16:33:30,2.558806419,3.499688148,2.555717945
16:33:30,2.55909133,3.500440359,2.553800106
16:33:30,2.558152437,3.501255274,2.554768801
16:33:30,2.558569193,3.501472473,2.554352283
16:33:30,2.558290958,3.501935482,2.555194378
16:33:30,2.558535099,3.502015352,2.556096315
16:33:30,2.558134079,3.502892256,2.556067228
16:33:30,2.557728291,3.502348185,2.556591034
16:33:30,2.559207678,3.502790451,2.556891203
16:33:30,2.55855608,3.503553867,2.556786776
16:33:30,2.559081554,3.505038738,2.556131124
16:33:30,2.559593916,3.505053759,2.55606389
16:33:30,2.559238195,3.504953861,2.554108858
16:33:30,2.558413982,3.503305197,2.554053307
16:33:30,2.558351278,3.500550508,2.553766966
16:33:30,2.558561325,3.499773979,2.554635525
16:33:30,2.55872941,3.500845432,2.555510283
16:33:30,2.558594465,3.500816822,2.555498838
16:33:30,2.558735847,3.499791145,2.557168961
16:33:30,2.559197187,3.498631477,2.556463957
16:33:30,2.55968523,3.500478029,2.557275772
16:33:30,2.559010029,3.503295422,2.554150105
16:33:30,2.559150219,3.504946232,2.553924561
16:33:30,2.559154034,3.504275322,2.554233313
16:33:30,2.558296442,3.505046606,2.554807186
16:33:30,2.560069799,3.505300999,2.555557966
16:33:30,2.559993267,3.50468111,2.555831671
16:33:30,2.559015274,3.504408598,2.557198048
16:33:30,2.558936834,3.504688263,2.557582855
16:33:30,2.558141232,3.504142284,2.557334423
16:33:30,2.558581114,3.505290508,2.557243109
16:33:30,2.55748558,3.505252123,2.555596352
16:33:30,2.558548689,3.50541997,2.555821896
16:33:30,2.558766842,3.50508523,2.555795193
16:33:30,2.559274197,3.503812313,2.55559206
16:33:30,2.55807519,3.502072096,2.556490898
16:33:30,2.5587008,3.500530243,2.557225704
16:33:30,2.559695005,3.500243187,2.55779171
16:33:30,2.559947491,3.4994874,2.557888508
16:33:30,2.55902195,3.498888731,2.555756092
16:33:30,2.55843997,3.499490261,2.555642366
16:33:30,2.559537888,3.500570774,2.555793285
16:33:30,2.559467793,3.501799583,2.555098295
16:33:30,2.559928417,3.502496243,2.554760933
16:33:30,2.558688164,3.502207041,2.554215431
16:33:30,2.558916092,3.503623724,2.556373358
16:33:30,2.560022831,3.503514767,2.555470467
16:33:30,2.557764292,3.503819466,2.55623436
16:33:30,2.558241606,3.504707336,2.556246996
16:33:30,2.559218884,3.506247282,2.556714535
16:33:30,2.559206486,3.506573915,2.556853294
16:33:30,2.559809446,3.504153252,2.557342768
16:33:30,2.558633566,3.503369808,2.556508303
16:33:30,2.559446812,3.503731251,2.555491209
16:33:30,2.559159994,3.504172325,2.555938244
16:33:30,2.559327841,3.503569365,2.555186987
16:33:30,2.558382988,3.500766516,2.554413795
16:33:30,2.559270859,3.50013876,2.554891825
16:33:30,2.557850361,3.49926281,2.555583
16:33:30,2.559159994,3.499274731,2.556511402
16:33:30,2.559318542,3.500239849,2.555574417
16:33:30,2.558854818,3.500752687,2.556972027
16:33:30,2.559239864,3.502039909,2.556282282
16:33:30,2.559381247,3.503858328,2.555002213
16:33:30,2.560323477,3.503688097,2.554056644
16:33:30,2.558401585,3.504997492,2.554898262
16:33:30,2.559356689,3.504779339,2.555566549
16:33:30,2.559233427,3.505668402,2.555422544
16:33:30,2.559231997,3.506722689,2.556516886
16:33:30,2.559108973,3.506183863,2.555277586
16:33:30,2.559386492,3.504167795,2.555684805
16:33:30,2.559470654,3.502796888,2.556661606
16:33:30,2.559657574,3.502707005,2.556090117
16:33:30,2.558682203,3.502976179,2.554934263
16:33:30,2.558278561,3.503769875,2.555098295
16:33:30,2.558140516,3.502655506,2.55517292
16:33:30,2.558062553,3.502262354,2.554983616
16:33:30,2.55822587,3.500604153,2.555115938
16:33:30,2.558761597,3.50075984,2.556007624
16:33:30,2.558477402,3.49966979,2.556465149
16:33:30,2.558240175,3.499654531,2.557038546
16:33:30,2.558856726,3.500464678,2.556558371
16:33:30,2.558583975,3.500845432,2.555260658
16:33:30,2.558995485,3.501103878,2.554585934
16:33:30,2.558751106,3.501799583,2.555608988
16:33:30,2.558368444,3.501608849,2.555527687
16:33:30,2.558305025,3.501873732,2.554995775
16:33:30,2.558105469,3.501874924,2.555226088
16:33:30,2.558356762,3.502228737,2.555593491
16:33:30,2.558739662,3.501443148,2.556080341
16:33:30,2.557600498,3.500921965,2.554212093
16:33:30,2.559091806,3.50264883,2.554173946
16:33:30,2.558324814,3.502083778,2.554979324
16:33:30,2.558277369,3.5018332,2.554216385
16:33:30,2.55868268,3.501866579,2.554575205
16:33:30,2.558989525,3.500850677,2.555977106
16:33:30,2.558549404,3.500703812,2.555207491
16:33:30,2.557935953,3.49932909,2.554301262
16:33:30,2.557257652,3.499534607,2.554999113
16:33:30,2.557111263,3.499592066,2.55592227
16:33:30,2.558196068,3.50181675,2.554806471
16:33:30,2.558106184,3.501513004,2.553759813
16:33:30,2.558172226,3.503871679,2.554550648
16:33:30,2.558001041,3.503068924,2.555350304
16:33:30,2.558183432,3.502753735,2.553950787
16:33:31,2.558222294,3.502919674,2.554876804
16:33:31,2.557601452,3.503986835,2.555171728
16:33:31,2.557991028,3.503464222,2.554848671
16:33:31,2.558472872,3.502948284,2.554335833
16:33:31,2.558674335,3.503018141,2.555810452
16:33:31,2.557631016,3.504103899,2.556641817
16:33:31,2.559031248,3.504101992,2.554621935
16:33:31,2.558655262,3.504111052,2.555265665
16:33:31,2.558749676,3.504253149,2.555349588
16:33:31,2.559122324,3.502446413,2.554120779
16:33:31,2.5586164,3.502953053,2.554070711
16:33:31,2.55854702,3.499867201,2.55584693
16:33:31,2.557458162,3.500379562,2.55440855
16:33:31,2.557407141,3.499157667,2.555565834
16:33:31,2.558116674,3.499541044,2.554476023
16:33:31,2.556775331,3.4993186,2.553955555
16:33:31,2.55772233,3.499275446,2.554034948
16:33:31,2.557406664,3.500185013,2.555299997
16:33:31,2.557012081,3.500641823,2.554152012
16:33:31,2.557412148,3.501336098,2.555331945
16:33:31,2.557435513,3.502083063,2.554795265
16:33:31,2.557639599,3.503042459,2.552413225
16:33:31,2.556338787,3.503000498,2.553617477
16:33:31,2.557552576,3.503043175,2.555131912
16:33:31,2.557526112,3.501779079,2.554621935
16:33:31,2.558063745,3.500802994,2.555187225
16:33:31,2.558367729,3.501461267,2.55509758
16:33:31,2.557130337,3.498246908,2.555381298
16:33:31,2.558137178,3.498507977,2.553848505
16:33:31,2.557778597,3.49943161,2.55482769
16:33:31,2.55849719,3.501251698,2.554987907
16:33:31,2.558477402,3.500314713,2.553025723
16:33:31,2.558895111,3.501805782,2.555478573
16:33:31,2.559030056,3.50217247,2.554935455
16:33:31,2.55873251,3.501137733,2.554329634
16:33:31,2.559436083,3.500337839,2.556282282
16:33:31,2.558478117,3.500142813,2.556735039
16:33:31,2.55816555,3.499122858,2.555719852
16:33:31,2.558503389,3.498990536,2.556362867
16:33:31,2.558709621,3.50164485,2.554611444
16:33:31,2.55736351,3.501395941,2.555311441
16:33:31,2.557927132,3.502298355,2.554384708
16:33:31,2.558064461,3.501812935,2.554666519
16:33:31,2.557441473,3.501240253,2.553632736
16:33:31,2.557539225,3.502631187,2.555000544
16:33:31,2.558605671,3.50393033,2.554606915
16:33:31,2.558758736,3.503839493,2.555258989
16:33:31,2.557746887,3.50334549,2.555433512
16:33:31,2.5572083,3.503227472,2.554805756
16:33:31,2.558445692,3.501414537,2.554583788
16:33:31,2.557585716,3.500985146,2.554556131
16:33:31,2.557473183,3.499612331,2.553953648
16:33:31,2.558044672,3.498664379,2.553781748
16:33:31,2.558777332,3.499013424,2.553880692
16:33:31,2.558939934,3.500926733,2.554196119
16:33:31,2.559181929,3.501761913,2.554942846
16:33:31,2.558023691,3.501356363,2.555626154
16:33:31,2.557921648,3.502356529,2.555983782
16:33:31,2.558494568,3.501183987,2.555401087
16:33:31,2.557347059,3.501569033,2.554219961
16:33:31,2.557971239,3.500994921,2.554866076
16:33:31,2.557741642,3.502697229,2.55310154
16:33:31,2.557265759,3.503142595,2.554551363
16:33:31,2.557833195,3.503881454,2.555111408
16:33:31,2.557868958,3.502339125,2.555010557
16:33:31,2.557845592,3.501911163,2.555190802
16:33:31,2.557875633,3.500324011,2.554442883
16:33:31,2.558193445,3.501846313,2.554710865
16:33:31,2.556884766,3.501441956,2.555078506
16:33:31,2.557087421,3.500948668,2.554566622
16:33:31,2.558086395,3.498923302,2.555651903
16:33:31,2.558189392,3.499211073,2.554738998
16:33:31,2.558202744,3.498779058,2.554368258
16:33:31,2.5580585,3.499157667,2.554797411
16:33:31,2.558333397,3.498125315,2.556197405
16:33:31,2.55870533,3.497866154,2.55569458
16:33:31,2.557822227,3.498440266,2.55561018
16:33:31,2.558815241,3.50236249,2.554873228
16:33:31,2.558500528,3.502333641,2.555168152
16:33:31,2.557348251,3.50276041,2.554296017
16:33:31,2.558102369,3.503567934,2.554726362
16:33:31,2.558517694,3.504229784,2.5557127
16:33:31,2.559123755,3.504587173,2.555927753
16:33:31,2.559654951,3.504847527,2.554048061
16:33:31,2.558853388,3.503593683,2.554086924
16:33:31,2.557817459,3.504240274,2.55547142
16:33:31,2.559448719,3.504051685,2.55533123
16:33:31,2.558844805,3.503716946,2.555678844
16:33:31,2.558188677,3.503614426,2.556150913
16:33:31,2.55769515,3.502343416,2.555053949
16:33:31,2.558284521,3.502420425,2.555793285
16:33:31,2.556999445,3.499729156,2.555355549
16:33:31,2.558568478,3.498138428,2.555590868
16:33:31,2.557382584,3.498911619,2.555913687
16:33:31,2.557348251,3.498575687,2.554405689
16:33:31,2.559074163,3.501154661,2.554942846
16:33:31,2.559020758,3.500231504,2.556081772
16:33:31,2.557880878,3.500380993,2.554970503
16:33:31,2.558951855,3.503528357,2.555341959
16:33:31,2.559549093,3.502476692,2.556439877
16:33:31,2.559328556,3.503454447,2.555339575
16:33:31,2.558735847,3.503949881,2.55559206
16:33:31,2.559860945,3.505611897,2.554243326
16:33:31,2.5596416,3.504496574,2.555258274
16:33:31,2.560067654,3.504326344,2.555073261
16:33:31,2.558799982,3.502382755,2.55592227
16:33:31,2.558404684,3.501819134,2.554782152
16:33:31,2.55935359,3.501779079,2.556859255
16:33:31,2.558423758,3.500868797,2.555127382
16:33:31,2.559210062,3.502751827,2.556755781
16:33:31,2.558338881,3.503103733,2.555848837
16:33:31,2.558499098,3.501191139,2.556006908
16:33:31,2.558167458,3.50187254,2.554558516
16:33:31,2.558557272,3.502953053,2.555419683
16:33:31,2.558594942,3.501937628,2.555877447
16:33:31,2.558778763,3.501718521,2.555710793
16:33:32,2.558560133,3.499755859,2.556228638
16:33:32,2.558481455,3.500346899,2.556599379
16:33:32,2.558820963,3.50180769,2.556041241
16:33:32,2.558823824,3.503165007,2.556022882
16:33:32,2.559157372,3.502702236,2.555635214
16:33:32,2.559497595,3.504462957,2.556230545
16:33:32,2.560157776,3.504738092,2.556377888
16:33:32,2.560592413,3.506155729,2.556162834
16:33:32,2.559233904,3.505162001,2.5567801
16:33:32,2.558782816,3.505849123,2.554625511
16:33:32,2.558667183,3.501319885,2.555782795
16:33:32,2.558723211,3.501722813,2.555161715
16:33:32,2.559114933,3.501803875,2.556174278
16:33:32,2.559441566,3.502825022,2.55672431
16:33:32,2.559104919,3.50260663,2.556281328
16:33:32,2.559871435,3.502117872,2.555565834
16:33:32,2.559241772,3.502304316,2.556203365
16:33:32,2.559342146,3.5023489,2.554909706
16:33:32,2.558973789,3.502841949,2.555089474
16:33:32,2.559276342,3.50241971,2.554776907
16:33:32,2.560429811,3.503218412,2.555696011
16:33:32,2.558214664,3.50227499,2.556586266
16:33:32,2.55893755,3.501449108,2.556026697
16:33:32,2.559286833,3.502852201,2.556454897
16:33:32,2.558826208,3.505013943,2.555693626
16:33:32,2.558866024,3.505372286,2.553913832
16:33:32,2.559618473,3.505179644,2.555300713
16:33:32,2.559372187,3.506133795,2.556620836
16:33:32,2.559759855,3.504787207,2.555263042
16:33:32,2.559966087,3.503614426,2.555781364
16:33:32,2.560424566,3.503882408,2.556697369
16:33:32,2.558809042,3.502530098,2.555809975
16:33:32,2.557993174,3.503111362,2.556274652
16:33:32,2.55892539,3.501811266,2.555566549
16:33:32,2.559288263,3.501121283,2.555941582
16:33:32,2.559054852,3.50096941,2.555782795
16:33:32,2.558565378,3.500163555,2.555580854
16:33:32,2.557842731,3.499806881,2.555059433
16:33:32,2.558572769,3.49966383,2.555823088
16:33:32,2.558141232,3.4986341,2.556518316
16:33:32,2.557784319,3.500201941,2.555829048
16:33:32,2.559014559,3.499870777,2.555876732
16:33:32,2.558027506,3.500776291,2.556041241
16:33:32,2.558358669,3.500582457,2.555537462
16:33:32,2.558544874,3.501113653,2.556581736
16:33:32,2.558764696,3.501827478,2.554672956
16:33:32,2.558357954,3.502901316,2.555185556
16:33:32,2.558030844,3.503880739,2.555176973
16:33:32,2.558659315,3.50594306,2.554600239
16:33:32,2.559163332,3.505449295,2.55561018
16:33:32,2.558520555,3.504932165,2.554895878
16:33:32,2.558826923,3.503628731,2.553772688
16:33:32,2.559468985,3.501026154,2.556592941
16:33:32,2.558212757,3.500750303,2.556480408
16:33:32,2.559345007,3.500699997,2.556396961
16:33:32,2.558650494,3.499988079,2.555810452
16:33:32,2.558951139,3.499968529,2.555732489
16:33:32,2.55786252,3.498846292,2.555729866
16:33:32,2.5574646,3.500083447,2.553833246
16:33:32,2.55819416,3.502087355,2.554149389
16:33:32,2.559037209,3.503022671,2.555184364
16:33:32,2.558489561,3.503236532,2.554014444
16:33:32,2.558030367,3.503610611,2.555030823
16:33:32,2.559540033,3.503218412,2.556624413
16:33:32,2.558184147,3.5026443,2.557344198
16:33:32,2.558143377,3.503100395,2.555968761
16:33:32,2.558176756,3.503363132,2.556415558
16:33:32,2.559247971,3.504614115,2.555284023
16:33:32,2.559345007,3.503850222,2.555864811
16:33:32,2.559015274,3.503611326,2.555709362
16:33:32,2.557360649,3.50329423,2.553622246
16:33:32,2.558516979,3.50413394,2.554217339
16:33:32,2.558662415,3.504779339,2.55713439
16:33:32,2.558516979,3.502367735,2.557155848
16:33:32,2.559259176,3.501490593,2.555467844
16:33:32,2.559201717,3.501689911,2.557178736
16:33:32,2.559252501,3.501190186,2.55712986
16:33:32,2.558970928,3.502177238,2.555799961
16:33:32,2.558597803,3.501376629,2.554795265
16:33:32,2.558468103,3.500512838,2.554895401
16:33:32,2.559404373,3.502509832,2.556159735
16:33:32,2.559984446,3.503283739,2.556802511
16:33:32,2.559149265,3.50357151,2.555399895
16:33:32,2.558144093,3.503643751,2.556296587
16:33:32,2.559465408,3.504853487,2.556752205
16:33:32,2.559179068,3.504227877,2.557084322
16:33:32,2.559946775,3.504195929,2.556550503
16:33:32,2.559056997,3.503482819,2.55729723
16:33:32,2.559262276,3.502933979,2.555810452
16:33:32,2.558882475,3.501800776,2.556520224
16:33:32,2.559252501,3.501637697,2.556286573
16:33:32,2.558806419,3.500377655,2.555093765
16:33:32,2.559118509,3.500838995,2.555329084
16:33:32,2.55888319,3.501929998,2.555865526
16:33:32,2.557448149,3.50129199,2.555246353
16:33:32,2.557811499,3.500931025,2.555184841
16:33:32,2.559194565,3.500644445,2.55551219
16:33:32,2.559744835,3.499591351,2.55695653
16:33:32,2.558829784,3.502083778,2.556560516
16:33:32,2.559122324,3.503269434,2.556439877
16:33:32,2.558192015,3.503239393,2.556529522
16:33:32,2.558171034,3.504043102,2.555211782
16:33:32,2.558939457,3.503889799,2.55623436
16:33:32,2.559377432,3.505402088,2.555885792
16:33:32,2.559076071,3.504615307,2.555765867
16:33:32,2.557672739,3.504298925,2.554941893
16:33:32,2.558609486,3.503412247,2.555269718
16:33:32,2.558442593,3.503033876,2.555840969
16:33:32,2.558754921,3.50262928,2.555038691
16:33:32,2.559467793,3.502665281,2.556174278
16:33:32,2.559610605,3.503390789,2.555510283
16:33:32,2.559183836,3.503431082,2.554344177
16:33:32,2.557834864,3.502671719,2.55543232
16:33:32,2.558060884,3.501216173,2.553985357
16:33:32,2.557594061,3.501128674,2.554983616
16:33:32,2.557244062,3.502331972,2.553913116
16:33:32,2.557779789,3.501388788,2.553593636
16:33:32,2.557736158,3.50095582,2.553362131
16:33:32,2.557692528,3.499887466,2.554411173
16:33:33,2.558907747,3.498302937,2.55391717
16:33:33,2.557929754,3.499136686,2.554380655
16:33:33,2.557520866,3.498762131,2.553849697
16:33:33,2.558409452,3.502134085,2.555186987
16:33:33,2.558570623,3.502843142,2.555341005
16:33:33,2.559088707,3.503135204,2.556246281
16:33:33,2.559269905,3.503644466,2.554852962
16:33:33,2.558758259,3.502281189,2.555900812
16:33:33,2.557912588,3.502032995,2.555008173
16:33:33,2.558264017,3.502230167,2.554519653
16:33:33,2.557663918,3.501178503,2.555651903
16:33:33,2.558347464,3.501583338,2.554738522
16:33:33,2.558450222,3.501858711,2.553761005
16:33:33,2.557393074,3.501188278,2.554367542
16:33:33,2.558398247,3.501729012,2.554388523
16:33:33,2.556661844,3.501944304,2.55606389
16:33:33,2.557758808,3.500987053,2.553907633
16:33:33,2.55728364,3.501505136,2.554043293
16:33:33,2.55672121,3.500097275,2.554708004
16:33:33,2.557352304,3.500743628,2.554278851
16:33:33,2.55620265,3.498992443,2.553935051
16:33:33,2.558271408,3.501183271,2.554358959
16:33:33,2.559114933,3.501446724,2.555155754
16:33:33,2.558943987,3.501819134,2.556487799
16:33:33,2.559000254,3.502125025,2.55572772
16:33:33,2.559558392,3.50360918,2.55520606
16:33:33,2.558165073,3.501821756,2.554501057
16:33:33,2.558238268,3.50240469,2.555156231
16:33:33,2.561148882,3.504929781,2.557631731
16:33:33,2.561262369,3.50547719,2.556369305
16:33:33,2.561142683,3.505680799,2.558016777
16:33:33,2.559592009,3.504086018,2.55750823
16:33:33,2.560252905,3.504009962,2.557557106
16:33:33,2.560047865,3.50350523,2.557180882
16:33:33,2.559967279,3.501451731,2.556952238
16:33:33,2.560055971,3.502289295,2.557391167
16:33:33,2.559936523,3.503480911,2.556983948
16:33:33,2.558681488,3.503887415,2.557376623
16:33:33,2.559397936,3.505769253,2.557580233
16:33:33,2.558891773,3.505166054,2.556555271
16:33:33,2.560073853,3.505716085,2.557475805
16:33:33,2.559774637,3.504678011,2.557353497
16:33:33,2.559307575,3.505633831,2.557082415
16:33:33,2.560614109,3.505849838,2.557280779
16:33:33,2.561121702,3.507052422,2.558040619
16:33:33,2.5605793,3.505653381,2.558149576
16:33:33,2.562341452,3.505190134,2.558845997
16:33:33,2.561745405,3.509082079,2.560930014
16:33:33,2.563668013,3.509136915,2.560902119
16:33:33,2.565208673,3.508541584,2.559629679
16:33:33,2.563483477,3.508494139,2.559920073
16:33:33,2.562694311,3.508342743,2.559911251
16:33:33,2.562705278,3.506157637,2.556187391
16:33:33,2.562219143,3.505897999,2.558740139
16:33:33,2.561789513,3.504817724,2.559393167
16:33:33,2.561485767,3.504565716,2.559412241
16:33:33,2.56163764,3.506600142,2.560252428
16:33:33,2.560345888,3.506683588,2.559439898
16:33:33,2.561273575,3.506662846,2.559507847
16:33:33,2.562784672,3.50807023,2.558741808
16:33:33,2.562600374,3.507394791,2.559396267
16:33:33,2.561024904,3.506707191,2.558606148
16:33:33,2.562607527,3.506926298,2.559818268
16:33:33,2.562059164,3.507302761,2.560079336
16:33:33,2.56518364,3.508855581,2.559391022
16:33:33,2.562920332,3.50807786,2.560395002
16:33:33,2.564035416,3.507048845,2.55892396
16:33:33,2.562799215,3.507578373,2.558998108
16:33:33,2.561525345,3.506747007,2.558797121
16:33:33,2.562434435,3.506270647,2.558281898
16:33:33,2.562119722,3.507451534,2.558349609
16:33:33,2.561543703,3.507718563,2.55774951
16:33:33,2.561397076,3.507409811,2.558372498
16:33:33,2.560854673,3.504893303,2.559140444
16:33:33,2.56084609,3.505163431,2.558114052
16:33:33,2.560916185,3.504388332,2.55862236
16:33:33,2.560358524,3.503641129,2.558178186
16:33:33,2.562638521,3.506228685,2.557420731
16:33:33,2.562870741,3.506016731,2.558339834
16:33:33,2.561842203,3.505870342,2.558320761
16:33:33,2.562121868,3.507691145,2.558996201
16:33:33,2.562532902,3.508114338,2.559119701
16:33:33,2.562310934,3.508154869,2.558494329
16:33:33,2.561827898,3.508924961,2.559367895
16:33:33,2.561253786,3.507348061,2.558018208
16:33:33,2.560461044,3.506138086,2.556557178
16:33:33,2.560340881,3.503329277,2.556181431
16:33:33,2.560842991,3.504567623,2.557188034
16:33:33,2.561251163,3.503865004,2.557736397
16:33:33,2.559821844,3.502894878,2.557783365
16:33:33,2.560464144,3.502971888,2.557304621
16:33:33,2.560391665,3.50327301,2.557486296
16:33:33,2.559813499,3.504225969,2.557384491
16:33:33,2.560978889,3.504248857,2.558756113
16:33:33,2.560688734,3.504433155,2.557239056
16:33:33,2.559842587,3.503849506,2.55804801
16:33:33,2.559436083,3.502681494,2.557343483
16:33:33,2.560188293,3.502995014,2.556804657
16:33:33,2.55888319,3.503633261,2.557271242
16:33:33,2.559247971,3.50271821,2.556135416
16:33:33,2.559324503,3.501900434,2.557141542
16:33:33,2.561467409,3.503108263,2.55671525
16:33:33,2.559408426,3.502607346,2.557451963
16:33:33,2.559022427,3.502353668,2.556297779
16:33:33,2.559308767,3.502549648,2.556835651
16:33:33,2.560564518,3.504860878,2.555745602
16:33:33,2.56048274,3.505683422,2.555124044
16:33:33,2.559813499,3.506273985,2.555425406
16:33:33,2.559852362,3.504270792,2.556356192
16:33:33,2.558960199,3.504801273,2.55613327
16:33:33,2.559940338,3.504528046,2.555946112
16:33:33,2.559164047,3.503054142,2.557147741
16:33:33,2.558613539,3.5007267,2.557000875
16:33:33,2.557758808,3.500762463,2.556033373
16:33:33,2.557856321,3.501204252,2.557730198
16:33:34,2.559411049,3.50306201,2.556763649
16:33:34,2.55923152,3.504830122,2.556851864
16:33:34,2.560426474,3.504781723,2.555399895
16:33:34,2.559081554,3.504187346,2.555930138
16:33:34,2.558758259,3.502812624,2.556231499
16:33:34,2.559051752,3.503587008,2.556253672
16:33:34,2.559711695,3.503544092,2.557476997
16:33:34,2.559464693,3.501890659,2.555877447
16:33:34,2.559356213,3.501924515,2.555895329
16:33:34,2.558975697,3.503662109,2.553775072
16:33:34,2.556476116,3.501505136,2.5520401
16:33:34,2.557697296,3.503334522,2.553674936
16:33:34,2.557950258,3.503087759,2.556025505
16:33:34,2.557016134,3.502252579,2.554485798
16:33:34,2.556925535,3.501959324,2.555034876
16:33:34,2.557964087,3.501510143,2.554728746
16:33:34,2.557489872,3.500412941,2.5544765
16:33:34,2.557201147,3.499171257,2.553931713
16:33:34,2.557676077,3.499247551,2.554204941
16:33:34,2.556199312,3.498343468,2.554030657
16:33:34,2.556543589,3.500025272,2.553493738
16:33:34,2.55718565,3.499314308,2.552873373
16:33:34,2.556910276,3.497962952,2.552887917
16:33:34,2.556070328,3.497638702,2.553597689
16:33:34,2.555570364,3.497431755,2.554581165
16:33:34,2.556308985,3.498338699,2.553089142
16:33:34,2.55664134,3.498748541,2.553341627
16:33:34,2.557715654,3.499179125,2.553414583
16:33:34,2.557654858,3.501410723,2.553759098
16:33:34,2.55674243,3.501795292,2.552865505
16:33:34,2.556958914,3.50101757,2.552962065
16:33:34,2.55768466,3.500982285,2.553345919
16:33:34,2.556627989,3.499691725,2.552169561
16:33:34,2.557144642,3.498168468,2.552666426
16:33:34,2.557348251,3.49917078,2.553578615
16:33:34,2.558002234,3.499376535,2.553748369
16:33:34,2.556893826,3.500160456,2.554287434
16:33:34,2.556442976,3.500109434,2.553990602
16:33:34,2.556816578,3.500047684,2.552559376
16:33:34,2.557275772,3.500757933,2.555909157
16:33:34,2.557454586,3.50094533,2.553508282
16:33:34,2.558059216,3.501527786,2.555569649
16:33:34,2.556426048,3.499438047,2.553293467
16:33:34,2.556944609,3.498818159,2.554312468
16:33:34,2.557361364,3.49857688,2.554626703
16:33:34,2.557870865,3.499284506,2.555568457
16:33:34,2.557872295,3.498719931,2.55352354
16:33:34,2.558014154,3.498849392,2.555073738
16:33:34,2.556681633,3.49881506,2.553697586
16:33:34,2.558084965,3.500148058,2.554428339
16:33:34,2.55797267,3.501223803,2.55380249
16:33:34,2.55809021,3.501805067,2.554033518
16:33:34,2.557882071,3.501369953,2.553655863
16:33:34,2.558037519,3.502155066,2.554307938
16:33:34,2.557430983,3.502233028,2.555497646
16:33:34,2.557699203,3.501393795,2.554684877
16:33:34,2.55832696,3.502131224,2.554206133
16:33:34,2.558273315,3.50098753,2.553894758
16:33:34,2.556942701,3.501903296,2.554398537
16:33:34,2.556871414,3.501705408,2.554146528
16:33:34,2.557228565,3.501379728,2.554639339
16:33:34,2.557148933,3.50168252,2.553387642
16:33:34,2.557832718,3.500643253,2.554688215
16:33:34,2.557767153,3.501218796,2.554438353
16:33:34,2.556746483,3.500897646,2.555008173
16:33:34,2.557488441,3.501386881,2.554664373
16:33:34,2.557322502,3.500384808,2.555067062
16:33:34,2.55747366,3.50121069,2.553950071
16:33:34,2.55798316,3.5023036,2.555019617
16:33:34,2.559381962,3.502738953,2.554547071
16:33:34,2.558976412,3.504089355,2.554937124
16:33:34,2.558644533,3.503052235,2.556214571
16:33:34,2.558267355,3.502707481,2.556500912
16:33:34,2.558175087,3.5033319,2.556359291
16:33:34,2.557975292,3.502322435,2.554951429
16:33:34,2.558727026,3.501343727,2.554970026
16:33:34,2.558585882,3.500973225,2.553772211
16:33:34,2.557526827,3.500482798,2.556099415
16:33:34,2.557343006,3.500098467,2.554706097
16:33:34,2.55739069,3.499530792,2.553901196
16:33:34,2.557769299,3.499968529,2.554534197
16:33:34,2.558242798,3.500596285,2.555254936
16:33:34,2.557324648,3.502065659,2.5549891
16:33:34,2.557112932,3.501132011,2.553880692
16:33:34,2.55848527,3.500605345,2.556596994
16:33:34,2.55822897,3.500273228,2.554094315
16:33:34,2.558439255,3.499948263,2.553714037
16:33:34,2.557832003,3.500158548,2.554994345
16:33:34,2.55805254,3.499925375,2.554515123
16:33:34,2.557807446,3.500415325,2.555372953
16:33:34,2.557704449,3.501499891,2.555669785
16:33:34,2.556947231,3.503646612,2.554446697
16:33:34,2.558522463,3.502749443,2.554700851
16:33:34,2.557564497,3.503198147,2.555316448
16:33:34,2.558418512,3.502647638,2.554704666
16:33:34,2.557309151,3.501193047,2.554250956
16:33:34,2.557502985,3.500887871,2.554767609
16:33:34,2.557867527,3.501893997,2.554018259
16:33:34,2.558510542,3.50241518,2.554190874
16:33:34,2.558973789,3.501968384,2.553870678
16:33:34,2.558374882,3.502557993,2.55585742
16:33:34,2.558102846,3.501294851,2.554506302
16:33:34,2.558046579,3.499759197,2.554354906
16:33:34,2.557543278,3.499843359,2.55369091
16:33:34,2.557167292,3.49941659,2.553053379
16:33:34,2.557151556,3.498955488,2.554448128
16:33:34,2.558102369,3.499259472,2.555856228
16:33:34,2.558165073,3.499285221,2.554831028
16:33:34,2.558607578,3.499444723,2.555202007
16:33:34,2.558338881,3.500066519,2.553264618
16:33:34,2.557440281,3.500560999,2.553798676
16:33:34,2.557662725,3.500593662,2.554042578
16:33:34,2.558022022,3.501194477,2.554039717
16:33:34,2.558295965,3.501867294,2.554647923
16:33:34,2.558275461,3.501589298,2.554458857
16:33:34,2.557533503,3.501681805,2.555362225
16:33:34,2.557601452,3.500940084,2.555436134
16:33:34,2.558120012,3.500790834,2.554761648
16:33:34,2.55745101,3.499741077,2.555485964
16:33:35,2.55858326,3.501275301,2.555239677
16:33:35,2.557896614,3.501699686,2.555027962
16:33:35,2.557696581,3.501856089,2.553645372
16:33:35,2.557960272,3.502153158,2.555567741
16:33:35,2.556772232,3.501830101,2.555516958
16:33:35,2.557625055,3.502568483,2.552539587
16:33:35,2.557703257,3.502293825,2.554001808
16:33:35,2.557986736,3.500379562,2.555737734
16:33:35,2.557889938,3.500784636,2.554873228
16:33:35,2.558113337,3.500598907,2.554875612
16:33:35,2.558367014,3.502056837,2.556866169
16:33:35,2.558253527,3.501626492,2.555266142
16:33:35,2.557847738,3.502477884,2.555769444
16:33:35,2.558577538,3.501862764,2.555607557
16:33:35,2.557946205,3.501888752,2.555488348
16:33:35,2.557784319,3.502295732,2.555887938
16:33:35,2.558596611,3.503749132,2.556096315
16:33:35,2.558986425,3.503767252,2.555654287
16:33:35,2.558371782,3.500895023,2.55604291
16:33:35,2.557590246,3.499775887,2.555792809
16:33:35,2.557307482,3.499326468,2.554157257
16:33:35,2.558525085,3.500186682,2.554341555
16:33:35,2.558164358,3.500418186,2.553422928
16:33:35,2.556941509,3.500287771,2.554674864
16:33:35,2.557529926,3.500720978,2.554794073
16:33:35,2.558279037,3.503460646,2.555045128
16:33:35,2.55821991,3.502562761,2.554618835
16:33:35,2.557925224,3.503350496,2.555365324
16:33:35,2.55823946,3.501300335,2.555160999
16:33:35,2.557382584,3.501375914,2.555153131
16:33:35,2.557586193,3.501176119,2.556092262
16:33:35,2.55783844,3.500941277,2.555469751
16:33:35,2.559796333,3.503481388,2.558819532
16:33:35,2.560142517,3.50450182,2.556939363
16:33:35,2.561257601,3.505431652,2.557844162
16:33:35,2.560554743,3.505145788,2.55759716
16:33:35,2.560448408,3.50406909,2.557127237
16:33:35,2.560388803,3.503261328,2.555673361
16:33:35,2.559796333,3.503627539,2.557096958
16:33:35,2.560330153,3.504658937,2.556766748
16:33:35,2.558969259,3.504768133,2.555519342
16:33:35,2.559780359,3.505905151,2.556684971
16:33:35,2.560219049,3.504334211,2.557573795
16:33:35,2.560487986,3.504313231,2.557716608
16:33:35,2.559915781,3.503442526,2.557339668
16:33:35,2.56012845,3.503008366,2.556759357
16:33:35,2.559610605,3.502655506,2.556354284
16:33:35,2.560219049,3.503404379,2.556365967
16:33:35,2.559954643,3.504228354,2.555733204
16:33:35,2.559623241,3.506620884,2.5573349
16:33:35,2.559922218,3.506619692,2.556711912
16:33:35,2.55971241,3.505546331,2.556231499
16:33:35,2.56029439,3.506513834,2.557399035
16:33:35,2.559923887,3.503871679,2.557198048
16:33:35,2.56055069,3.503661394,2.556041241
16:33:35,2.560510397,3.50289607,2.555364609
16:33:35,2.559634447,3.503086567,2.557516098
16:33:35,2.559967279,3.504404545,2.557022095
16:33:35,2.560199022,3.505051136,2.55747366
16:33:35,2.560091496,3.504798889,2.557237625
16:33:35,2.559195042,3.505178452,2.557333708
16:33:35,2.559986353,3.505831957,2.556748152
16:33:35,2.559397221,3.505477905,2.556872606
16:33:35,2.559976578,3.503461361,2.556648254
16:33:35,2.56022048,3.503617764,2.557629108
16:33:35,2.560506582,3.502413988,2.557857275
16:33:35,2.560669184,3.503201485,2.557286501
16:33:35,2.560056686,3.504033327,2.556832075
16:33:35,2.560965061,3.504954576,2.55670929
16:33:35,2.560622692,3.505374193,2.5574646
16:33:35,2.56070137,3.506786823,2.555887938
16:33:35,2.560419798,3.506695986,2.557272196
16:33:35,2.559878111,3.504135132,2.556454897
16:33:35,2.559444666,3.502793789,2.558010817
16:33:35,2.55985713,3.501020432,2.558369398
16:33:35,2.560616255,3.500473022,2.556176901
16:33:35,2.55963707,3.500467062,2.556955814
16:33:35,2.559917927,3.503845453,2.554774046
16:33:35,2.560196638,3.504383087,2.556078911
16:33:35,2.559759855,3.505201101,2.554922819
16:33:35,2.55889082,3.505793095,2.555833817
16:33:35,2.560200453,3.506443977,2.555767536
16:33:35,2.559478998,3.505297422,2.556222439
16:33:35,2.560712099,3.505442381,2.556867361
16:33:35,2.560903549,3.504141569,2.558646441
16:33:35,2.560082436,3.504148722,2.557378531
16:33:35,2.561182261,3.503234625,2.556994915
16:33:35,2.56098175,3.503010273,2.55612731
16:33:35,2.560167074,3.503521919,2.557481766
16:33:35,2.559824705,3.504280567,2.556655407
16:33:35,2.559066772,3.505998611,2.557241678
16:33:35,2.560196161,3.505535841,2.557550669
16:33:35,2.560623407,3.504440546,2.55854702
16:33:35,2.560415506,3.505443096,2.558008671
16:33:35,2.561249733,3.504837751,2.55782342
16:33:35,2.560775518,3.503727913,2.557353497
16:33:35,2.561474562,3.504548788,2.557389736
16:33:35,2.560895681,3.503262043,2.556913137
16:33:35,2.561229467,3.503787518,2.558387041
16:33:35,2.560099363,3.502953053,2.556833506
16:33:35,2.559428215,3.503661394,2.556194782
16:33:35,2.559731483,3.503502846,2.555925369
16:33:35,2.559892893,3.506357431,2.557060242
16:33:35,2.559609413,3.505204678,2.557213068
16:33:35,2.560088873,3.504260302,2.555887222
16:33:35,2.560938835,3.502506495,2.557607889
16:33:35,2.560709238,3.504524469,2.559894323
16:33:35,2.560999393,3.505418539,2.557610035
16:33:35,2.560853243,3.504668713,2.556782722
16:33:35,2.561393976,3.505420685,2.556803703
16:33:35,2.561170578,3.50509429,2.558163643
16:33:35,2.560492754,3.505742788,2.556406975
16:33:35,2.561885357,3.505871058,2.556522846
16:33:35,2.560988188,3.506850004,2.556622028
16:33:35,2.561360121,3.506082773,2.557369709
16:33:35,2.560485601,3.505541325,2.557745695
16:33:36,2.560820341,3.505781889,2.557012081
16:33:36,2.559663296,3.505395651,2.557273626
16:33:36,2.560316801,3.504770041,2.557070971
16:33:36,2.560573816,3.505301714,2.558348179
16:33:36,2.560548306,3.503950357,2.557330847
16:33:36,2.559991837,3.503349066,2.557792425
16:33:36,2.559762001,3.503844738,2.557501078
16:33:36,2.559980869,3.503789425,2.557180405
16:33:36,2.560055017,3.503408432,2.55634737
16:33:36,2.560728312,3.504300117,2.556481123
16:33:36,2.559047699,3.504315376,2.557249546
16:33:36,2.560491323,3.504664898,2.557981014
16:33:36,2.560160875,3.504495859,2.558484793
16:33:36,2.560302496,3.502804756,2.55795908
16:33:36,2.55967474,3.503567934,2.55753088
16:33:36,2.560674906,3.502686739,2.556375504
16:33:36,2.561691761,3.504541636,2.5570333
16:33:36,2.560735941,3.502928734,2.556829929
16:33:36,2.560465813,3.505026817,2.556344986
16:33:36,2.560127258,3.505202532,2.556745052
16:33:36,2.560483217,3.505965233,2.556641817
16:33:36,2.560136557,3.504221201,2.558232307
16:33:36,2.561722279,3.505502939,2.557005644
16:33:36,2.560771465,3.504377127,2.558938742
16:33:36,2.560467482,3.503529549,2.557409525
16:33:36,2.56079793,3.503546,2.556778669
16:33:36,2.560902119,3.50333643,2.558442116
16:33:36,2.561892033,3.504558563,2.558058262
16:33:36,2.561214209,3.504824162,2.557715893
16:33:36,2.560500383,3.504973412,2.557591677
16:33:36,2.559827328,3.506626129,2.556745052
16:33:36,2.559837341,3.506298304,2.556879997
16:33:36,2.56070137,3.506185055,2.558474779
16:33:36,2.56035924,3.506109953,2.557578802
16:33:36,2.561064959,3.504879236,2.557844162
16:33:36,2.561072111,3.502483845,2.557881355
16:33:36,2.561414242,3.501915455,2.557616711
16:33:36,2.560849667,3.503728867,2.557139158
16:33:36,2.559956789,3.503808975,2.556679487
16:33:36,2.559555054,3.505338907,2.557078362
16:33:36,2.560378313,3.50769186,2.557996273
16:33:36,2.559159279,3.506419659,2.555008173
16:33:36,2.561222076,3.508633614,2.557871342
16:33:36,2.560768843,3.508337975,2.55772233
16:33:36,2.560777187,3.506204128,2.557046652
16:33:36,2.559890509,3.50325036,2.557266235
16:33:36,2.560335398,3.503659964,2.55760932
16:33:36,2.560765505,3.503791809,2.557957172
16:33:36,2.560757399,3.505049229,2.557116508
16:33:36,2.561176538,3.506550074,2.556528807
16:33:36,2.560069323,3.505409479,2.556975603
16:33:36,2.560056686,3.505138397,2.557636976
16:33:36,2.559108496,3.504310131,2.556918144
16:33:36,2.560359955,3.505548477,2.557069778
16:33:36,2.56085062,3.506611824,2.558006287
16:33:36,2.561292171,3.506713629,2.556977034
16:33:36,2.560924768,3.504241467,2.557484865
16:33:36,2.56030035,3.504945517,2.556333065
16:33:36,2.560173512,3.50431776,2.5574646
16:33:36,2.560134649,3.503088474,2.557224512
16:33:36,2.559471369,3.504451513,2.557795763
16:33:36,2.559125185,3.504953861,2.557878971
16:33:36,2.560274601,3.505149126,2.558262825
16:33:36,2.560544729,3.504975557,2.556671619
16:33:36,2.560954332,3.505427837,2.558264017
16:33:36,2.560992241,3.504819632,2.557638884
16:33:36,2.560976982,3.503452063,2.557116508
16:33:36,2.560434103,3.504175186,2.55713129
16:33:36,2.560467005,3.505012751,2.558358669
16:33:36,2.559959412,3.503399849,2.557357311
16:33:36,2.559584856,3.502720594,2.554394484
16:33:36,2.560665607,3.503884554,2.555278778
16:33:36,2.559770346,3.505568027,2.557931423
16:33:36,2.561697006,3.505939245,2.55751729
16:33:36,2.561459064,3.506204128,2.558439255
16:33:36,2.560918331,3.505314112,2.557765484
16:33:36,2.561335087,3.505977154,2.558334827
16:33:36,2.56022644,3.506463051,2.558671236
16:33:36,2.560920238,3.506421328,2.55822587
16:33:36,2.561136961,3.506759882,2.557651043
16:33:36,2.560587883,3.505889654,2.558034658
16:33:36,2.560294867,3.505609035,2.557053089
16:33:36,2.560447693,3.506005049,2.557235718
16:33:36,2.56155777,3.505723238,2.557784557
16:33:36,2.560339451,3.50404954,2.556729078
16:33:36,2.560287237,3.505285978,2.558835983
16:33:36,2.559496403,3.504770517,2.557531357
16:33:36,2.560662031,3.505470753,2.556113958
16:33:36,2.56056881,3.50461483,2.55599165
16:33:36,2.560248852,3.504535437,2.556408882
16:33:36,2.560959101,3.504580736,2.556717634
16:33:36,2.559962034,3.504889488,2.556943417
16:33:36,2.560264826,3.505594969,2.557140589
16:33:36,2.559213638,3.504687786,2.557205915
16:33:36,2.560823441,3.503796577,2.556851387
16:33:36,2.560035229,3.503058434,2.555758715
16:33:36,2.559351206,3.503437519,2.556795835
16:33:36,2.558754921,3.504886627,2.556771994
16:33:36,2.558525085,3.501186609,2.55671978
16:33:36,2.559486866,3.500846863,2.557433367
16:33:36,2.559452772,3.501204252,2.557069778
16:33:36,2.559592009,3.502171993,2.555960655
16:33:36,2.559601307,3.502967834,2.556268692
16:33:36,2.559814215,3.50359869,2.555833817
16:33:36,2.560177565,3.504037142,2.557101965
16:33:36,2.560292959,3.502394438,2.557282686
16:33:36,2.559588194,3.504615307,2.557967663
16:33:36,2.55975318,3.503248692,2.556229115
16:33:36,2.558932781,3.503985643,2.556023359
16:33:36,2.559803486,3.503629446,2.555606365
16:33:36,2.56019187,3.503489971,2.556269407
16:33:36,2.560030937,3.503310442,2.555879354
16:33:36,2.560348034,3.502607346,2.556452036
16:33:36,2.559135914,3.502588749,2.557337046
16:33:36,2.559430838,3.50192523,2.556522131
16:33:36,2.5596807,3.505257368,2.557060242
16:33:36,2.559743643,3.504936457,2.557147741
16:33:36,2.559665203,3.504555225,2.556773186
16:33:36,2.560082436,3.504504919,2.556034088
16:33:37,2.560167551,3.504268408,2.558055162
16:33:37,2.560789824,3.504235506,2.556114674
16:33:37,2.560950756,3.504259348,2.556576252
16:33:37,2.560172081,3.503314257,2.556186199
16:33:37,2.559229851,3.503534317,2.557272911
16:33:37,2.558764696,3.502359152,2.556125402
16:33:37,2.559289694,3.503346205,2.555976629
16:33:37,2.560216427,3.503996611,2.557374477
16:33:37,2.561161757,3.504302025,2.557572365
16:33:37,2.559985876,3.50421977,2.557172775
16:33:37,2.560094357,3.505269766,2.55774641
16:33:37,2.561081171,3.506045341,2.558074951
16:33:37,2.560931444,3.506757259,2.558266163
16:33:37,2.560122013,3.506121159,2.557901144
16:33:37,2.559818029,3.504997492,2.55696249
16:33:37,2.560862064,3.505412579,2.556627989
16:33:37,2.561299324,3.505917549,2.556416988
16:33:37,2.560432434,3.505490303,2.557074308
16:33:37,2.560662508,3.505852222,2.558017492
16:33:37,2.559835196,3.504782915,2.556796551
16:33:37,2.560649872,3.50372529,2.557565451
16:33:37,2.560577869,3.504265547,2.557149172
16:33:37,2.560589075,3.50287199,2.557576895
16:33:37,2.560527086,3.503479481,2.55647397
16:33:37,2.560361147,3.502796412,2.55705905
16:33:37,2.559922218,3.503367424,2.556061983
16:33:37,2.559326649,3.503325462,2.556675673
16:33:37,2.559293985,3.503998756,2.558068991
16:33:37,2.560199738,3.504164457,2.557342052
16:33:37,2.56070137,3.5037992,2.557812214
16:33:37,2.56058979,3.50440979,2.557072878
16:33:37,2.560884476,3.504203796,2.556762218
16:33:37,2.560158968,3.503787518,2.556223154
16:33:37,2.560060501,3.503576517,2.55672121
16:33:37,2.559369326,3.503693581,2.556248903
16:33:37,2.559535265,3.504766703,2.556952715
16:33:37,2.559677124,3.504940271,2.556329489
16:33:37,2.558945894,3.504419565,2.554927111
16:33:37,2.559292078,3.504898071,2.556745768
16:33:37,2.559330463,3.504834652,2.555315733
16:33:37,2.558993578,3.504360437,2.555755615
16:33:37,2.559267044,3.503160238,2.556017399
16:33:37,2.560000658,3.502379417,2.556814909
16:33:37,2.559185028,3.502131939,2.556264162
16:33:37,2.560208082,3.502431154,2.556802511
16:33:37,2.560205221,3.503675938,2.557559729
16:33:37,2.559610605,3.502796412,2.556090117
16:33:37,2.560318232,3.503385305,2.556101561
16:33:37,2.55979085,3.504286528,2.557516098
16:33:37,2.559466124,3.503643036,2.557768822
16:33:37,2.561170578,3.504128695,2.556830406
16:33:37,2.560478687,3.504720926,2.557000875
16:33:37,2.559346437,3.504032612,2.555049419
16:33:37,2.55975008,3.50393033,2.55526495
16:33:37,2.559868574,3.504267693,2.555806637
16:33:37,2.55978632,3.504736662,2.556710482
16:33:37,2.560237646,3.505890846,2.557210684
16:33:37,2.559620857,3.50524497,2.55654788
16:33:37,2.557985306,3.504328966,2.5555439
16:33:37,2.558840752,3.502197981,2.55632472
16:33:37,2.55934763,3.502286673,2.555975199
16:33:37,2.558807611,3.502532959,2.557180405
16:33:37,2.558980465,3.502139091,2.557121277
16:33:37,2.560135841,3.504094839,2.556549311
16:33:37,2.560697317,3.505051136,2.556711912
16:33:37,2.561103106,3.504061937,2.55656004
16:33:37,2.559967279,3.504154682,2.556406498
16:33:37,2.559728861,3.504387856,2.556405783
16:33:37,2.5596416,3.5038414,2.556252241
16:33:37,2.558624744,3.503068924,2.556427956
16:33:37,2.55936265,3.501632214,2.556086779
16:33:37,2.559380054,3.50199461,2.555844784
16:33:37,2.559263706,3.503418684,2.555464029
16:33:37,2.558542252,3.50522542,2.556824923
16:33:37,2.560413361,3.506450176,2.557397842
16:33:37,2.560323954,3.506930351,2.55692482
16:33:37,2.559423685,3.505810499,2.557014227
16:33:37,2.559590816,3.505777359,2.555489779
16:33:37,2.559140205,3.505060911,2.557346344
16:33:37,2.559724092,3.505548954,2.556601524
16:33:37,2.559560299,3.502797604,2.556458473
16:33:37,2.559081554,3.502514601,2.556180716
16:33:37,2.559620857,3.502054453,2.556394577
16:33:37,2.558567524,3.50240469,2.556003571
16:33:37,2.55957222,3.502984762,2.556606054
16:33:37,2.558569908,3.503110886,2.556324244
16:33:37,2.558706045,3.503448009,2.557185173
16:33:37,2.558707952,3.501636267,2.556053877
16:33:37,2.557733536,3.499370337,2.556107998
16:33:37,2.558104038,3.500863314,2.555960655
16:33:37,2.558865309,3.50098896,2.556329012
16:33:37,2.559432268,3.502231836,2.556249619
16:33:37,2.55902195,3.503326178,2.556101561
16:33:37,2.559440136,3.502856255,2.555567265
16:33:37,2.558888912,3.502790928,2.555098295
16:33:37,2.558756828,3.502431154,2.555469036
16:33:37,2.559150696,3.50367403,2.55561018
16:33:37,2.559268236,3.503633976,2.556313753
16:33:37,2.560118437,3.504612923,2.556918144
16:33:37,2.559095144,3.504560471,2.555917025
16:33:37,2.560512543,3.504625797,2.557076454
16:33:37,2.559670687,3.504221201,2.556425095
16:33:37,2.560540915,3.505053043,2.556844234
16:33:37,2.560057163,3.505286694,2.556106806
16:33:37,2.559804916,3.504553318,2.557441235
16:33:37,2.560143709,3.503349781,2.557683229
16:33:37,2.55964613,3.502618074,2.55709815
16:33:37,2.559728146,3.50199461,2.557305813
16:33:37,2.560280561,3.501897097,2.556883097
16:33:37,2.559375763,3.501149893,2.557010174
16:33:37,2.558581829,3.501040459,2.555669785
16:33:37,2.559896708,3.50325489,2.556414366
16:33:37,2.560756445,3.505424261,2.556990385
16:33:37,2.559461355,3.504473686,2.556363583
16:33:37,2.560961008,3.504433155,2.556460619
16:33:38,2.560345173,3.503023386,2.556067705
16:33:38,2.561220407,3.5038867,2.556936741
16:33:38,2.559530497,3.503545523,2.556113958
16:33:38,2.560671091,3.50381422,2.555976629
16:33:38,2.55944562,3.50463891,2.556026697
16:33:38,2.559770346,3.505270958,2.556186199
16:33:38,2.559973717,3.503727436,2.557008266
16:33:38,2.559898853,3.502845049,2.556265593
16:33:38,2.560101032,3.502832651,2.557249069
16:33:38,2.559500217,3.502855539,2.556678772
16:33:38,2.558933258,3.50254631,2.556853294
16:33:38,2.560114145,3.503308535,2.555184364
16:33:38,2.559417009,3.502339602,2.55695653
16:33:38,2.560902834,3.503463984,2.556244135
16:33:38,2.55936265,3.503782034,2.556339025
16:33:38,2.560108185,3.504226446,2.557605982
16:33:38,2.55951786,3.503958941,2.556280136
16:33:38,2.559506178,3.503457785,2.556766748
16:33:38,2.559097767,3.502539873,2.556223869
16:33:38,2.55957222,3.503208637,2.556834698
16:33:38,2.558977604,3.502988815,2.55606389
16:33:38,2.55938077,3.503855705,2.555872679
16:33:38,2.56003952,3.50357914,2.555575848
16:33:38,2.559283495,3.504173517,2.555463314
16:33:38,2.560235023,3.505446672,2.55695343
16:33:38,2.559354067,3.503937483,2.556578398
16:33:38,2.558671713,3.503259659,2.556663275
16:33:38,2.5593009,3.502793789,2.557679415
16:33:38,2.558577538,3.503756762,2.555284739
16:33:38,2.559284925,3.504490852,2.556593418
16:33:38,2.560443163,3.504592657,2.555918217
16:33:38,2.560255289,3.503710508,2.555836916
16:33:38,2.559769154,3.504803181,2.557714701
16:33:38,2.559617996,3.503815413,2.556172371
16:33:38,2.559152126,3.50411725,2.557312489
16:33:38,2.559421778,3.504576683,2.557090044
16:33:38,2.56014657,3.505010843,2.555323839
16:33:38,2.559993744,3.504532576,2.557252884
16:33:38,2.560469389,3.50492382,2.556167126
16:33:38,2.559995174,3.502196074,2.556629896
16:33:38,2.558659315,3.50250721,2.556779146
16:33:38,2.558553457,3.503127813,2.555424452
16:33:38,2.559008598,3.502808094,2.556048632
16:33:38,2.559075356,3.501414537,2.556200504
16:33:38,2.559017181,3.502311707,2.556005716
16:33:38,2.55949831,3.502269745,2.555387259
16:33:38,2.559379339,3.501014471,2.555895329
16:33:38,2.558638096,3.500873089,2.555448055
16:33:38,2.559506178,3.502467632,2.557547092
16:33:38,2.559198141,3.503427744,2.555589199
16:33:38,2.559167147,3.503856421,2.556082249
16:33:38,2.559638977,3.504443645,2.555887222
16:33:38,2.560147524,3.505256653,2.555214643
16:33:38,2.559383631,3.503753424,2.555786848
16:33:38,2.558636665,3.502545118,2.556255579
16:33:38,2.558445692,3.502209187,2.55613184
16:33:38,2.558546305,3.500998735,2.556978464
16:33:38,2.558189392,3.502115965,2.554215908
16:33:38,2.558823824,3.501713753,2.554917812
16:33:38,2.558862686,3.502065659,2.555930138
16:33:38,2.55968976,3.503135204,2.556425095
16:33:38,2.559196472,3.503510714,2.555276871
16:33:38,2.559276342,3.504058123,2.556337595
16:33:38,2.559714794,3.505359888,2.557280779
16:33:38,2.559103966,3.504494429,2.556276798
16:33:38,2.558578491,3.503712416,2.555781364
16:33:38,2.560303688,3.502483845,2.556227922
16:33:38,2.559090614,3.50334239,2.555977821
16:33:38,2.559408426,3.502470732,2.555720568
16:33:38,2.559387922,3.503501654,2.554674387
16:33:38,2.559823513,3.504182577,2.556943417
16:33:38,2.559737444,3.504997015,2.556624413
16:33:38,2.559439659,3.504992723,2.555865526
16:33:38,2.558605671,3.503679514,2.556044102
16:33:38,2.559574366,3.504680634,2.555638075
16:33:38,2.559842587,3.503755331,2.55509305
16:33:38,2.559239149,3.504449606,2.555732489
16:33:38,2.560044765,3.50381422,2.556007624
16:33:38,2.559319258,3.504734039,2.556390524
16:33:38,2.558809042,3.503471613,2.555146456
16:33:38,2.559674025,3.5033319,2.556723118
16:33:38,2.560060501,3.50226593,2.556692123
16:33:38,2.559888124,3.501888037,2.554321766
16:33:38,2.559537888,3.502269268,2.555885792
16:33:38,2.5590868,3.503359556,2.555813789
16:33:38,2.560243368,3.503353357,2.555301189
16:33:38,2.559241772,3.502866745,2.556588173
16:33:38,2.559142113,3.501862764,2.557065248
16:33:38,2.559201002,3.501333952,2.556774855
16:33:38,2.558714628,3.502319574,2.555826426
16:33:38,2.5594275,3.502682209,2.556297302
16:33:38,2.559349537,3.503129721,2.556717634
16:33:38,2.559421062,3.503053427,2.555927753
16:33:38,2.55858326,3.501476288,2.556022167
16:33:38,2.559045553,3.502340317,2.556186914
16:33:38,2.560208082,3.502218962,2.55622077
16:33:38,2.559915066,3.500915051,2.557420731
16:33:38,2.560109377,3.502556324,2.555074215
16:33:38,2.560022354,3.50300312,2.555207014
16:33:38,2.55951333,3.503314972,2.555719852
16:33:38,2.559978485,3.505447388,2.555986166
16:33:38,2.559665203,3.504484653,2.556717634
16:33:38,2.559472561,3.504668713,2.556011438
16:33:38,2.559708357,3.504251957,2.557378531
16:33:38,2.559284925,3.505701542,2.556868792
16:33:38,2.559255123,3.503979921,2.556499004
16:33:38,2.558801889,3.50348711,2.556979179
16:33:38,2.559185743,3.502710104,2.55643487
16:33:38,2.559447289,3.502587318,2.555993319
16:33:38,2.559808016,3.501852274,2.556227922
16:33:38,2.558769464,3.504091501,2.557598114
16:33:38,2.559370279,3.505183697,2.557118893
16:33:38,2.560667753,3.505424976,2.557760239
16:33:38,2.559649706,3.505831957,2.55708003
16:33:38,2.559960842,3.506046772,2.556133747
16:33:38,2.559214354,3.505596638,2.557291269
16:33:38,2.559530497,3.506196499,2.5555439
16:33:38,2.56022501,3.506342888,2.557073593
16:33:38,2.559621811,3.505982876,2.556323051
16:33:39,2.559074879,3.504446983,2.557242393
16:33:39,2.560013533,3.503236532,2.55591774
16:33:39,2.559352875,3.502783298,2.556679487
16:33:39,2.559640646,3.503063917,2.556941509
16:33:39,2.559254408,3.504067183,2.556502819
16:33:39,2.559690475,3.503033876,2.555285215
16:33:39,2.559407949,3.502235174,2.55648303
16:33:39,2.560267925,3.50296402,2.557752848
16:33:39,2.560099363,3.502765179,2.557963848
16:33:39,2.5601511,3.502468824,2.557109833
16:33:39,2.560154438,3.502714634,2.558236122
16:33:39,2.560749054,3.503525734,2.557728529
16:33:39,2.560727119,3.504140377,2.55648303
16:33:39,2.559634447,3.503853321,2.555912256
16:33:39,2.560519218,3.503547192,2.556525469
16:33:39,2.560024977,3.50272131,2.557551861
16:33:39,2.560377836,3.50253129,2.557231188
16:33:39,2.559845924,3.503494501,2.556908131
16:33:39,2.560088396,3.503414154,2.557032108
16:33:39,2.560815811,3.504184246,2.555975199
16:33:39,2.56004715,3.504230976,2.556146383
16:33:39,2.559266329,3.503699064,2.556091785
16:33:39,2.560642242,3.504520178,2.556334496
16:33:39,2.561134815,3.505508423,2.555953264
16:33:39,2.560590506,3.503733158,2.557368994
16:33:39,2.559013367,3.503666162,2.55561471
16:33:39,2.559860229,3.503073692,2.556060314
16:33:39,2.55953598,3.504245281,2.556776047
16:33:39,2.561112881,3.505147457,2.557392359
16:33:39,2.559798956,3.504741907,2.555843592
16:33:39,2.559407949,3.503679037,2.556788683
16:33:39,2.559629202,3.504452467,2.556584835
16:33:39,2.559777021,3.504823446,2.556469202
16:33:39,2.560056686,3.504238605,2.556078196
16:33:39,2.560099363,3.504270792,2.555709362
16:33:39,2.559178352,3.504012585,2.557453156
16:33:39,2.560398102,3.504280567,2.557535172
16:33:39,2.561015129,3.503853321,2.556598186
16:33:39,2.56054163,3.504075289,2.556012392
16:33:39,2.559477806,3.505248308,2.556810141
16:33:39,2.56004715,3.504644156,2.555795908
16:33:39,2.5593009,3.503669739,2.55709815
16:33:39,2.560127974,3.504927874,2.557931423
16:33:39,2.560012579,3.503425837,2.557284117
16:33:39,2.559533119,3.504454136,2.557601452
16:33:39,2.560534954,3.504528522,2.556944609
16:33:39,2.560034037,3.505224228,2.556645155
16:33:39,2.560265303,3.504479647,2.556389093
16:33:39,2.56029129,3.50449276,2.556796551
16:33:39,2.560755253,3.503675938,2.557057858
16:33:39,2.560194016,3.503719568,2.556671619
16:33:39,2.560581684,3.504763365,2.557632446
16:33:39,2.559504986,3.504796267,2.555955172
16:33:39,2.560745239,3.505046606,2.556839705
16:33:39,2.56091094,3.504386902,2.558411121
16:33:39,2.560828447,3.505081177,2.556850195
16:33:39,2.560551882,3.505048513,2.558145761
16:33:39,2.560583115,3.505614281,2.557684898
16:33:39,2.560571671,3.505747795,2.558033943
16:33:39,2.561372757,3.505977631,2.557170868
16:33:39,2.560748339,3.506532431,2.558049917
16:33:39,2.561003447,3.505615473,2.556793213
16:33:39,2.560115576,3.505105972,2.557837486
16:33:39,2.561214924,3.503941298,2.55785346
16:33:39,2.560936451,3.505026817,2.557945967
16:33:39,2.560808897,3.505074263,2.557801247
16:33:39,2.560250759,3.505141973,2.556684971
16:33:39,2.560239077,3.504948139,2.556821585
16:33:39,2.561136246,3.506366491,2.557963133
16:33:39,2.56105876,3.505794287,2.557435274
16:33:39,2.561179161,3.506760597,2.557798386
16:33:39,2.560154438,3.50642252,2.558176041
16:33:39,2.561407566,3.506198883,2.558346033
16:33:39,2.560738325,3.506330013,2.558664799
16:33:39,2.560973406,3.506499529,2.557332754
16:33:39,2.560520887,3.505953312,2.557592869
16:33:39,2.560779333,3.504507542,2.557836771
16:33:39,2.56052494,3.505663872,2.557813644
16:33:39,2.560669184,3.504155636,2.557613373
16:33:39,2.559426069,3.505241156,2.558031797
16:33:39,2.56022501,3.504286051,2.558562279
16:33:39,2.560725451,3.504557848,2.557072401
16:33:39,2.561628342,3.50191164,2.557877779
16:33:39,2.559864998,3.50287652,2.557322502
16:33:39,2.560236216,3.504712582,2.557061672
16:33:39,2.559634447,3.505189419,2.556302071
16:33:39,2.560507774,3.505738735,2.556346178
16:33:39,2.560143709,3.505634546,2.55619812
16:33:39,2.560787439,3.502813816,2.558213949
16:33:39,2.560768127,3.504051685,2.556709766
16:33:39,2.561403275,3.504729271,2.558053732
16:33:39,2.560347319,3.503708839,2.557370663
16:33:39,2.559906006,3.504430056,2.555843592
16:33:39,2.559970856,3.505466223,2.557834148
16:33:39,2.560921907,3.50498724,2.555984974
16:33:39,2.560838461,3.504312515,2.556684256
16:33:39,2.560827732,3.50380373,2.557967663
16:33:39,2.560826302,3.503902674,2.558662891
16:33:39,2.559748173,3.50323081,2.557520866
16:33:39,2.560624123,3.503671169,2.557736397
16:33:39,2.561356068,3.504307508,2.557771921
16:33:39,2.560069799,3.505167246,2.556460619
16:33:39,2.56009388,3.504708529,2.558547735
16:33:39,2.559708357,3.504160643,2.556639194
16:33:39,2.560349941,3.503963709,2.558397055
16:33:39,2.560349941,3.50511384,2.556938648
16:33:39,2.560558796,3.504358292,2.555879831
16:33:39,2.559642315,3.504327059,2.558161497
16:33:39,2.55963707,3.504371881,2.557299137
16:33:39,2.560992241,3.505447388,2.557282686
16:33:39,2.560838461,3.506046772,2.556690693
16:33:39,2.561347723,3.505616665,2.557088375
16:33:39,2.560462236,3.506001949,2.557062387
16:33:39,2.560518503,3.505272388,2.559000254
16:33:39,2.560919523,3.506599426,2.558076143
16:33:39,2.560914278,3.505470037,2.558413982
16:33:40,2.562443018,3.506273985,2.55713582
16:33:40,2.560620785,3.506293535,2.55771184
16:33:40,2.5608778,3.505615473,2.557661533
16:33:40,2.561320543,3.505419254,2.5572927
16:33:40,2.562440157,3.505202532,2.558418274
16:33:40,2.561526537,3.504359722,2.557439566
16:33:40,2.560971737,3.503667355,2.558324337
16:33:40,2.559557676,3.50381732,2.558965683
16:33:40,2.560362577,3.504765987,2.557278156
16:33:40,2.56032896,3.504714489,2.556335449
16:33:40,2.560859442,3.505421638,2.557934046
16:33:40,2.56050992,3.505763054,2.555552006
16:33:40,2.56028986,3.505873203,2.556354761
16:33:40,2.559847116,3.506027222,2.557201385
16:33:40,2.559423685,3.503766537,2.557899714
16:33:40,2.559037209,3.503400564,2.556668043
16:33:40,2.56043458,3.50519681,2.557795286
16:33:40,2.561436892,3.50665307,2.557742834
16:33:40,2.561499119,3.507139683,2.557739258
16:33:40,2.560586452,3.506797075,2.55856967
16:33:40,2.561175108,3.506318331,2.556378603
16:33:40,2.560517788,3.505402803,2.556217909
16:33:40,2.560922623,3.506510735,2.557376623
16:33:40,2.56134367,3.505933285,2.557503462
16:33:40,2.56022048,3.505479813,2.556477785
16:33:40,2.560750246,3.505032301,2.55734992
16:33:40,2.560660601,3.504076958,2.557446003
16:33:40,2.560939312,3.503903389,2.558479071
16:33:40,2.561418295,3.504462957,2.556699753
16:33:40,2.56062603,3.504354954,2.557994366
16:33:40,2.559559822,3.503522396,2.556895733
16:33:40,2.561006784,3.504650593,2.556670904
16:33:40,2.561186314,3.504273415,2.557263613
16:33:40,2.561387062,3.504970312,2.556975603
16:33:40,2.561500788,3.503845453,2.556663275
16:33:40,2.560484886,3.502873182,2.556619883
16:33:40,2.559655428,3.502481222,2.557147741
16:33:40,2.560224295,3.503645897,2.556393385
16:33:40,2.559465408,3.503756762,2.556440592
16:33:40,2.559927702,3.503270149,2.557619095
16:33:40,2.560468674,3.504658461,2.555559397
16:33:40,2.560632229,3.504972458,2.556162357
16:33:40,2.561005116,3.505897284,2.556545734
16:33:40,2.560154438,3.505193949,2.557416916
16:33:40,2.559902668,3.504768133,2.55708766
16:33:40,2.560217142,3.505453587,2.556264877
16:33:40,2.560497522,3.505163431,2.555911541
16:33:40,2.559036493,3.504158497,2.557295561
16:33:40,2.560142994,3.504974127,2.557258606
16:33:40,2.560535669,3.504953384,2.557279348
16:33:40,2.56058073,3.504741192,2.556453943
16:33:40,2.560277462,3.504234314,2.557734489
16:33:40,2.560265303,3.503648281,2.556490898
16:33:40,2.559556484,3.504964352,2.556580305
16:33:40,2.559583426,3.505609512,2.55768919
16:33:40,2.559176683,3.504124641,2.556273937
16:33:40,2.560059786,3.504131317,2.557011366
16:33:40,2.560331345,3.50407052,2.55604291
16:33:40,2.561128855,3.504578114,2.555977821
16:33:40,2.560101509,3.504425526,2.556218624
16:33:40,2.559294939,3.50337553,2.557512283
16:33:40,2.559461832,3.50325489,2.557177544
16:33:40,2.55921483,3.503767252,2.55696702
16:33:40,2.560486078,3.504916906,2.556811094
16:33:40,2.559246063,3.504036665,2.556983232
16:33:40,2.559169292,3.503635406,2.554841042
16:33:40,2.560111284,3.502715349,2.555538893
16:33:40,2.559942007,3.503179789,2.55680728
16:33:40,2.559867859,3.502069473,2.555329084
16:33:40,2.559927702,3.502252102,2.557078362
16:33:40,2.559917212,3.501516342,2.555955172
16:33:40,2.559131622,3.501282454,2.554830313
16:33:40,2.559185028,3.501647949,2.556782722
16:33:40,2.559510231,3.504005671,2.555677414
16:33:40,2.559314013,3.503759861,2.556404352
16:33:40,2.559339285,3.504814386,2.556729555
16:33:40,2.559562922,3.50462389,2.557114124
16:33:40,2.560156345,3.502668381,2.555385828
16:33:40,2.559767246,3.502320766,2.557092667
16:33:40,2.558964491,3.502525806,2.555933475
16:33:40,2.559751272,3.50342536,2.555689573
16:33:40,2.559510708,3.505326033,2.556216002
16:33:40,2.559743643,3.503791809,2.555307388
16:33:40,2.55909133,3.50402689,2.555597544
16:33:40,2.5593853,3.502883434,2.55616951
16:33:40,2.559872866,3.502601147,2.556741476
16:33:40,2.558784008,3.501619101,2.555955172
16:33:40,2.559541225,3.501518726,2.556041956
16:33:40,2.559349537,3.502325773,2.555583
16:33:40,2.559272289,3.501692295,2.555777788
16:33:40,2.559709072,3.502701759,2.556126118
16:33:40,2.559128284,3.503547192,2.556397676
16:33:40,2.559551001,3.504430056,2.556742907
16:33:40,2.560412169,3.504058838,2.555998802
16:33:40,2.559817076,3.505079269,2.557277203
16:33:40,2.559514999,3.503540039,2.55730176
16:33:40,2.55971694,3.504169703,2.558361292
16:33:40,2.559444666,3.503420591,2.557804346
16:33:40,2.559268236,3.504971504,2.556428671
16:33:40,2.559277773,3.504166603,2.556615353
16:33:40,2.559813499,3.505507708,2.55747509
16:33:40,2.559471369,3.503801584,2.554575205
16:33:40,2.558693409,3.502929449,2.555491209
16:33:40,2.558712482,3.504065514,2.555601358
16:33:40,2.558984041,3.504053831,2.55565834
16:33:40,2.560879946,3.504271984,2.557524681
16:33:40,2.560160875,3.504222631,2.557629824
16:33:40,2.559706926,3.503899574,2.557326317
16:33:40,2.560115576,3.50386548,2.556046486
16:33:40,2.560158968,3.503984213,2.555172443
16:33:40,2.558619976,3.504541636,2.556422234
16:33:40,2.559267044,3.504483461,2.556460619
16:33:40,2.558484793,3.502213478,2.556427479
16:33:40,2.558137894,3.500417471,2.555245161
16:33:40,2.557224274,3.500968695,2.555032253
16:33:40,2.558533192,3.500418186,2.555235863
16:33:40,2.558024883,3.500896931,2.554266453
16:33:40,2.558658361,3.500854015,2.555566549
16:33:40,2.558817625,3.500914097,2.555096865
16:33:41,2.559387207,3.50309515,2.556389809
16:33:41,2.559610605,3.504064083,2.556609392
16:33:41,2.559647083,3.503122568,2.555298805
16:33:41,2.558886051,3.503422976,2.5562675
16:33:41,2.559056997,3.502705574,2.555636406
16:33:41,2.559281349,3.501847744,2.555912733
16:33:41,2.559006691,3.50161624,2.555131197
16:33:41,2.558659315,3.501689911,2.553984642
16:33:41,2.559013367,3.502740145,2.555591583
16:33:41,2.558105469,3.503082752,2.554990768
16:33:41,2.558697701,3.50248456,2.555915117
16:33:41,2.558433294,3.501738071,2.555900812
16:33:41,2.55843854,3.501516342,2.555888414
16:33:41,2.558723211,3.502405405,2.554819822
16:33:41,2.560776234,3.504325628,2.556219816
16:33:41,2.559611082,3.504789114,2.556707859
16:33:41,2.559317827,3.505524635,2.557325125
16:33:41,2.559325933,3.503742218,2.557668686
16:33:41,2.56104517,3.50421977,2.557341576
16:33:41,2.559348345,3.504029512,2.556428671
16:33:41,2.558735132,3.503374338,2.555939674
16:33:41,2.559465408,3.503893614,2.556193352
16:33:41,2.559781075,3.504074574,2.557001591
16:33:41,2.559334278,3.505192757,2.557149172
16:33:41,2.560963631,3.505461693,2.557094812
16:33:41,2.560727119,3.505118847,2.558051586
16:33:41,2.559522867,3.504337311,2.555395603
16:33:41,2.559763908,3.50502491,2.557214499
16:33:41,2.559256315,3.502913237,2.555488825
16:33:41,2.559341908,3.501230955,2.554961443
16:33:41,2.559251785,3.501680613,2.555175781
16:33:41,2.558984756,3.501069307,2.556007624
16:33:41,2.559377432,3.502016068,2.556981802
16:33:41,2.558893204,3.50219202,2.55668807
16:33:41,2.560595751,3.502935171,2.556731224
16:33:41,2.559538364,3.504921913,2.556309223
16:33:41,2.560636759,3.504398108,2.557898283
16:33:41,2.560465097,3.50521636,2.557496786
16:33:41,2.558310747,3.503283739,2.556086779
16:33:41,2.559051752,3.504538298,2.556765556
16:33:41,2.560682297,3.504817724,2.557555199
16:33:41,2.559327126,3.504307508,2.555553913
16:33:41,2.558611631,3.502433062,2.55602932
16:33:41,2.559311152,3.502681494,2.555915117
16:33:41,2.559663296,3.502571821,2.55581665
16:33:41,2.559465408,3.500740528,2.555333614
16:33:41,2.558873415,3.501734734,2.556129217
16:33:41,2.558967113,3.501239538,2.55594945
16:33:41,2.559741497,3.501419783,2.556503773
16:33:41,2.559504271,3.50278163,2.556321859
16:33:41,2.559307575,3.502487659,2.554524422
16:33:41,2.558886051,3.503423214,2.556036711
16:33:41,2.55951333,3.504324436,2.554847479
16:33:41,2.559393644,3.504901648,2.555453539
16:33:41,2.559355497,3.504732847,2.555392027
16:33:41,2.560267448,3.504105091,2.555835009
16:33:41,2.559323072,3.501154184,2.555553913
16:33:41,2.559075356,3.501861334,2.555753708
16:33:41,2.558419228,3.501299143,2.554511547
16:33:41,2.559959412,3.50265193,2.555972576
16:33:41,2.559795618,3.503115416,2.556213856
16:33:41,2.558936834,3.502149582,2.554524422
16:33:41,2.55902195,3.503271103,2.554832458
16:33:41,2.559333086,3.505058289,2.556750298
16:33:41,2.55997014,3.503677845,2.554375887
16:33:41,2.559288263,3.503629446,2.555258989
16:33:41,2.558928728,3.503280878,2.557276487
16:33:41,2.559192181,3.503553391,2.557160378
16:33:41,2.55987072,3.503645897,2.557195187
16:33:41,2.558918238,3.504007339,2.556088924
16:33:41,2.558470249,3.502740145,2.555741787
16:33:41,2.557979345,3.50321722,2.555470467
16:33:41,2.558421373,3.503369331,2.554539919
16:33:41,2.560311079,3.504684687,2.555983067
16:33:41,2.559875011,3.504319191,2.556021452
16:33:41,2.560242891,3.504257202,2.556814432
16:33:41,2.559993267,3.503163815,2.555272818
16:33:41,2.55958271,3.502409935,2.556034088
16:33:41,2.558865309,3.50282979,2.55568409
16:33:41,2.559023857,3.502845049,2.555569649
16:33:41,2.559236526,3.502477169,2.557330132
16:33:41,2.559595346,3.502189636,2.55781436
16:33:41,2.55951786,3.502900124,2.556869268
16:33:41,2.559981346,3.503041506,2.556446791
16:33:41,2.559370995,3.503661394,2.555817604
16:33:41,2.559956312,3.50368309,2.555559397
16:33:41,2.558202028,3.502673626,2.554728031
16:33:41,2.558719873,3.502925396,2.556352854
16:33:41,2.559397221,3.503440857,2.555724621
16:33:41,2.559432268,3.502793789,2.555478573
16:33:41,2.560164452,3.501544952,2.556765556
16:33:41,2.559655428,3.501664877,2.556078196
16:33:41,2.559448719,3.501285076,2.555403948
16:33:41,2.559594631,3.501321793,2.557457924
16:33:41,2.55982852,3.503383398,2.555918932
16:33:41,2.559675217,3.503639936,2.556751013
16:33:41,2.559072256,3.503905535,2.555288792
16:33:41,2.559226274,3.505017757,2.55620122
16:33:41,2.559767246,3.505785942,2.556541204
16:33:41,2.55935955,3.503990412,2.556174278
16:33:41,2.559341908,3.502702951,2.55712533
16:33:41,2.559651613,3.501361609,2.55571866
16:33:41,2.55811286,3.501326084,2.555647135
16:33:41,2.558409452,3.501633167,2.556286573
16:33:41,2.559826851,3.501941681,2.555999756
16:33:41,2.560931444,3.503692865,2.5564363
16:33:41,2.560143709,3.504059315,2.556519508
16:33:41,2.559129477,3.503732443,2.556205988
16:33:41,2.559834003,3.503174067,2.554991722
16:33:41,2.55896306,3.503579855,2.556371927
16:33:41,2.559452057,3.502125025,2.555569649
16:33:41,2.559454679,3.50335598,2.557504654
16:33:41,2.560037374,3.505013466,2.556673527
16:33:41,2.559931755,3.50462389,2.555789948
16:33:41,2.559775829,3.505500793,2.557557821
16:33:42,2.55931592,3.504520893,2.556006908
16:33:42,2.558781385,3.504816294,2.556626558
16:33:42,2.55927825,3.504272699,2.556469679
16:33:42,2.558744907,3.504356861,2.556096792
16:33:42,2.561082125,3.505111933,2.556897163
16:33:42,2.561279535,3.505799055,2.557903051
16:33:42,2.561644793,3.505524158,2.557176828
16:33:42,2.560587883,3.50629878,2.557379007
16:33:42,2.560606956,3.506477594,2.556758642
16:33:42,2.56117177,3.507764339,2.557108164
16:33:42,2.561093092,3.506685972,2.557481766
16:33:42,2.562519789,3.507392883,2.558039665
16:33:42,2.561881781,3.508436918,2.558768034
16:33:42,2.562160969,3.507127285,2.558831453
16:33:42,2.561448574,3.506588459,2.55796504
16:33:42,2.560078382,3.506122112,2.557123899
16:33:42,2.561170578,3.506199598,2.559217215
16:33:42,2.561064959,3.506908655,2.557605982
16:33:42,2.560066462,3.505337715,2.556607246
16:33:42,2.560605049,3.505752563,2.558951139
16:33:42,2.56093812,3.50485611,2.558541775
16:33:42,2.561154604,3.503944635,2.557410717
16:33:42,2.560927391,3.505882978,2.558059216
16:33:42,2.561185122,3.503887892,2.557121754
16:33:42,2.560677528,3.50487113,2.557488441
16:33:42,2.561078548,3.503315687,2.558774471
16:33:42,2.561457396,3.504625082,2.558237076
16:33:42,2.561445951,3.505095482,2.557451248
16:33:42,2.560605526,3.504409313,2.557863951
16:33:42,2.560736418,3.504895687,2.558662891
16:33:42,2.560918331,3.50428319,2.557980299
16:33:42,2.561065674,3.504145622,2.558783293
16:33:42,2.561416388,3.50354147,2.558594942
16:33:42,2.560431242,3.504184246,2.559348583
16:33:42,2.561426163,3.504863262,2.557387829
16:33:42,2.561663628,3.506208658,2.558055639
16:33:42,2.561639547,3.505137205,2.559304953
16:33:42,2.560169697,3.506139278,2.557151079
16:33:42,2.559944391,3.505613089,2.557173491
16:33:42,2.560248852,3.507230997,2.559425354
16:33:42,2.561730862,3.50706768,2.557877779
16:33:42,2.561468601,3.50688529,2.557979584
16:33:42,2.560907602,3.506749392,2.556551695
16:33:42,2.560894966,3.50559783,2.558059216
16:33:42,2.561178684,3.506215334,2.558377028
16:33:42,2.560101509,3.504696369,2.557707787
16:33:42,2.561621189,3.506085396,2.557721138
16:33:42,2.560718536,3.504928589,2.558652878
16:33:42,2.560643911,3.505162001,2.558028221
16:33:42,2.561255693,3.507442474,2.557001591
16:33:42,2.562300444,3.506776333,2.558399677
16:33:42,2.561393261,3.507263184,2.558059931
16:33:42,2.561640978,3.507832527,2.559356689
16:33:42,2.560232401,3.506122589,2.557195902
16:33:42,2.560856819,3.504940271,2.558349609
16:33:42,2.560928822,3.504672766,2.556911707
16:33:42,2.56107688,3.505907059,2.555976629
16:33:42,2.560636759,3.505363703,2.55905056
16:33:42,2.560229063,3.504778624,2.556791782
16:33:42,2.560333014,3.504576683,2.557621717
16:33:42,2.561141491,3.50631237,2.557091475
16:33:42,2.560907602,3.506169558,2.558369875
16:33:42,2.561090469,3.505967379,2.558039188
16:33:42,2.561484337,3.505359888,2.559112072
16:33:42,2.561264992,3.504591942,2.558611155
16:33:42,2.561079979,3.504885435,2.558311701
16:33:42,2.561699867,3.504540443,2.557746887
16:33:42,2.560639858,3.504820824,2.557834864
16:33:42,2.561431408,3.50604105,2.557862043
16:33:42,2.56061697,3.506119728,2.557955265
16:33:42,2.561814785,3.506162405,2.559134483
16:33:42,2.561386108,3.505167961,2.558928251
16:33:42,2.561722755,3.503841162,2.557413578
16:33:42,2.561139584,3.504848957,2.558022738
16:33:42,2.560100317,3.505311489,2.558231831
16:33:42,2.561397076,3.506683588,2.558070183
16:33:42,2.561159849,3.505856991,2.558434725
16:33:42,2.560780048,3.506628036,2.559719086
16:33:42,2.561663628,3.506596804,2.558711767
16:33:42,2.561015129,3.505762339,2.555886507
16:33:42,2.561401129,3.506073952,2.557397127
16:33:42,2.561404467,3.507061481,2.556588173
16:33:42,2.56030035,3.506474972,2.557543278
16:33:42,2.561078072,3.505242348,2.557586908
16:33:42,2.560391665,3.504298925,2.557015657
16:33:42,2.560678244,3.50402236,2.557629824
16:33:42,2.560697317,3.503889322,2.556306362
16:33:42,2.560601711,3.503820658,2.557312489
16:33:42,2.560646534,3.504394054,2.558800936
16:33:42,2.561118126,3.504931211,2.558791876
16:33:42,2.56087184,3.505226851,2.558303118
16:33:42,2.561149836,3.504732847,2.557441235
16:33:42,2.561558962,3.503879547,2.558117867
16:33:42,2.561194897,3.504386902,2.557893991
16:33:42,2.56105113,3.505243778,2.55753088
16:33:42,2.560994387,3.506391287,2.556735754
16:33:42,2.561726332,3.505256653,2.556829929
16:33:42,2.560661316,3.505498171,2.558502913
16:33:42,2.561335564,3.505999804,2.557966709
16:33:42,2.561105251,3.504580736,2.558036089
16:33:42,2.560189247,3.505112648,2.559298515
16:33:42,2.560340881,3.504683733,2.558615208
16:33:42,2.561597347,3.507462502,2.557859421
16:33:42,2.562342644,3.507189274,2.558656216
16:33:42,2.562369108,3.507383823,2.557031155
16:33:42,2.55995822,3.506680965,2.557606697
16:33:42,2.560789824,3.505398512,2.557795763
16:33:42,2.560795307,3.504848242,2.557771921
16:33:42,2.561705351,3.503170729,2.557243824
16:33:42,2.560624838,3.503671169,2.55804801
16:33:42,2.560092926,3.504067183,2.556458473
16:33:42,2.560105562,3.504291534,2.55591774
16:33:42,2.560340881,3.504179478,2.556599379
16:33:42,2.56011343,3.505550385,2.557629824
16:33:42,2.560064554,3.506016731,2.556863308
16:33:42,2.560302973,3.505630732,2.555812359
16:33:42,2.561126471,3.505059719,2.5572052
16:33:42,2.560446978,3.504765987,2.558420897
16:33:42,2.56051302,3.504354954,2.557314396
16:33:43,2.560601711,3.504795313,2.559033155
16:33:43,2.560465097,3.503363132,2.557050228
16:33:43,2.560065031,3.503677845,2.556937933
16:33:43,2.559919834,3.502859592,2.558579445
16:33:43,2.560523033,3.505063534,2.556885958
16:33:43,2.560909033,3.504513741,2.557733059
16:33:43,2.55980444,3.504975557,2.556604147
16:33:43,2.561348915,3.506346464,2.557742834
16:33:43,2.561085463,3.506601334,2.558904171
16:33:43,2.561549187,3.5062778,2.558759451
16:33:43,2.561504841,3.506068468,2.558012724
16:33:43,2.559769869,3.50563693,2.559818745
16:33:43,2.560865164,3.505293846,2.557682753
16:33:43,2.560916185,3.504951954,2.558219194
16:33:43,2.561031818,3.506935358,2.557988167
16:33:43,2.560638666,3.505964756,2.557637691
16:33:43,2.560961723,3.506301165,2.55885601
16:33:43,2.560250282,3.505416393,2.557897568
16:33:43,2.560759544,3.503707886,2.557352781
16:33:43,2.560344458,3.504997015,2.557333708
16:33:43,2.560677528,3.503853321,2.556880713
16:33:43,2.560367107,3.506222248,2.557041883
16:33:43,2.560375452,3.506133795,2.557279348
16:33:43,2.560189962,3.506343603,2.557496786
16:33:43,2.560893059,3.505702257,2.557376623
16:33:43,2.560790539,3.504033327,2.55858016
16:33:43,2.560791254,3.504366159,2.558280706
16:33:43,2.561329842,3.504245996,2.558062792
16:33:43,2.560432434,3.504607439,2.557674885
16:33:43,2.560095787,3.503552675,2.557461739
16:33:43,2.560262442,3.503054142,2.557321072
16:33:43,2.561307907,3.504496574,2.5576756
16:33:43,2.562418222,3.507471561,2.558366776
16:33:43,2.561176538,3.505353928,2.557400227
16:33:43,2.561216831,3.50448966,2.558125734
16:33:43,2.560933352,3.502094269,2.557740927
16:33:43,2.560477734,3.503093243,2.558505297
16:33:43,2.560557365,3.503932953,2.558293343
16:33:43,2.559449911,3.505305767,2.556308508
16:33:43,2.560029507,3.505227804,2.557730198
16:33:43,2.560571671,3.504345179,2.557858706
16:33:43,2.560645103,3.504953384,2.557026863
16:33:43,2.55970645,3.505979538,2.556812525
16:33:43,2.560051441,3.504897118,2.557430506
16:33:43,2.559988022,3.504979372,2.556869984
16:33:43,2.560142517,3.504174471,2.557127237
16:33:43,2.561091185,3.505918503,2.558471918
16:33:43,2.561662912,3.506014109,2.55788064
16:33:43,2.560637474,3.505767584,2.556721926
16:33:43,2.56084013,3.506324768,2.558879137
16:33:43,2.560645819,3.504453182,2.559536457
16:33:43,2.560837746,3.504964352,2.557962418
16:33:43,2.560051441,3.504070997,2.55828619
16:33:43,2.560342073,3.504754305,2.557417631
16:33:43,2.560192585,3.504948854,2.558764458
16:33:43,2.560592413,3.504805326,2.557664871
16:33:43,2.561159849,3.505855799,2.558636665
16:33:43,2.561046839,3.506033182,2.55793786
16:33:43,2.559627056,3.507205963,2.557174921
16:33:43,2.559508801,3.505780697,2.557164907
16:33:43,2.560612917,3.505023956,2.558254719
16:33:43,2.560991526,3.504462957,2.557108879
16:33:43,2.56007576,3.50563693,2.557479143
16:33:43,2.560708046,3.505864859,2.557587385
16:33:43,2.56009388,3.505519152,2.557906151
16:33:43,2.560741663,3.506116629,2.557265282
16:33:43,2.561144829,3.506057262,2.559256077
16:33:43,2.562443733,3.505892277,2.557682753
16:33:43,2.561235905,3.504870653,2.558888435
16:33:43,2.561197758,3.505173922,2.557004213
16:33:43,2.560856104,3.504528522,2.558945894
16:33:43,2.562579155,3.504799843,2.557882547
16:33:43,2.561177969,3.505423546,2.558300495
16:33:43,2.560901165,3.506259441,2.558401108
16:33:43,2.560875893,3.505423069,2.557999372
16:33:43,2.561045885,3.506459236,2.558209181
16:33:43,2.561253071,3.50631094,2.557599545
16:33:43,2.561941624,3.505537987,2.558018923
16:33:43,2.561644316,3.505543947,2.557258129
16:33:43,2.560681105,3.505151749,2.55815959
16:33:43,2.560683012,3.5054667,2.558603287
16:33:43,2.561708212,3.50541997,2.558237553
16:33:43,2.561420202,3.50460577,2.558369398
16:33:43,2.562117338,3.504490852,2.558156013
16:33:43,2.56103754,3.505681992,2.559123278
16:33:43,2.561020613,3.505397558,2.556941509
16:33:43,2.560296535,3.504810333,2.556430817
16:33:43,2.560034752,3.503644466,2.557151079
16:33:43,2.560409546,3.506149054,2.558975697
16:33:43,2.560286522,3.505758286,2.558790684
16:33:43,2.561209679,3.505047321,2.558237553
16:33:43,2.562367201,3.507174969,2.557759047
16:33:43,2.562207699,3.506998777,2.55892992
16:33:43,2.561253071,3.507326841,2.557674885
16:33:43,2.561006784,3.506680489,2.557905197
16:33:43,2.56217885,3.506338596,2.557344198
16:33:43,2.561420202,3.506042957,2.558496714
16:33:43,2.560870171,3.505521774,2.557928562
16:33:43,2.561729431,3.506393909,2.558604717
16:33:43,2.561650991,3.504640102,2.557109356
16:33:43,2.561966658,3.506884098,2.558557034
16:33:43,2.561004639,3.507059574,2.558440208
16:33:43,2.560672283,3.506292105,2.558330059
16:33:43,2.5616014,3.505300999,2.55734992
16:33:43,2.561022043,3.505172491,2.556602955
16:33:43,2.561007261,3.505173922,2.557397127
16:33:43,2.560738325,3.505128622,2.557291269
16:33:43,2.560589075,3.504068613,2.557653189
16:33:43,2.560260773,3.504720926,2.557626009
16:33:43,2.559367418,3.505048513,2.558681965
16:33:43,2.560768843,3.50564599,2.557503462
16:33:43,2.561182261,3.50441432,2.557353497
16:33:43,2.56217289,3.505928278,2.558621168
16:33:43,2.561730146,3.50556016,2.557481289
16:33:43,2.560712099,3.505167246,2.557594776
16:33:43,2.560239077,3.504763365,2.556762218
16:33:44,2.560287714,3.50726819,2.558377028
16:33:44,2.560240746,3.50697732,2.556958675
16:33:44,2.560465097,3.50758934,2.557550669
16:33:44,2.561903715,3.505874634,2.557876587
16:33:44,2.560897589,3.505361795,2.557440519
16:33:44,2.560245037,3.504400253,2.557075739
16:33:44,2.560920954,3.503946543,2.557256699
16:33:44,2.560536385,3.503452778,2.556291342
16:33:44,2.560061693,3.504096508,2.557241201
16:33:44,2.559487581,3.503989697,2.557607889
16:33:44,2.560669184,3.505513191,2.556335449
16:33:44,2.560920954,3.505960226,2.556489468
16:33:44,2.560419798,3.505799532,2.556960583
16:33:44,2.560142994,3.504474878,2.557117224
16:33:44,2.560340881,3.504726887,2.558250189
16:33:44,2.560838461,3.503981352,2.557547808
16:33:44,2.560498714,3.503531694,2.558422804
16:33:44,2.56018281,3.501388788,2.557321787
16:33:44,2.560363054,3.503628254,2.557830095
16:33:44,2.56004715,3.504263639,2.557589531
16:33:44,2.559962749,3.50475812,2.557923555
16:33:44,2.560419321,3.505502939,2.558311701
16:33:44,2.560256004,3.506216764,2.556892633
16:33:44,2.560902119,3.506596804,2.556428671
16:33:44,2.560501099,3.503540039,2.557584286
16:33:44,2.560168028,3.503042459,2.556771994
16:33:44,2.559252501,3.503009558,2.556981802
16:33:44,2.560053349,3.504168272,2.556313276
16:33:44,2.560292959,3.50383234,2.556719303
16:33:44,2.560133219,3.504268408,2.55798173
16:33:44,2.560458183,3.503760576,2.555909157
16:33:44,2.560465813,3.504098415,2.557347059
16:33:44,2.560422659,3.504281282,2.55792284
16:33:44,2.560371876,3.504450798,2.556967735
16:33:44,2.56055665,3.504114389,2.557244778
16:33:44,2.560234308,3.505105972,2.557390451
16:33:44,2.560768127,3.505322456,2.556813002
16:33:44,2.56091547,3.505736351,2.557065725
16:33:44,2.560496807,3.504299641,2.558026552
16:33:44,2.560400724,3.504739046,2.556494951
16:33:44,2.560043573,3.504798174,2.555454731
16:33:44,2.559479713,3.504777431,2.556860924
16:33:44,2.560444355,3.505045176,2.55798769
16:33:44,2.560828447,3.505206585,2.557602644
16:33:44,2.560345173,3.506703854,2.557784557
16:33:44,2.560602188,3.505195618,2.557355404
16:33:44,2.560233116,3.506197453,2.558843374
16:33:44,2.560647011,3.505834818,2.558244944
16:33:44,2.561598063,3.505611897,2.557283401
16:33:44,2.561397076,3.504377842,2.556451321
16:33:44,2.562132359,3.505717993,2.556928873
16:33:44,2.561831951,3.504979372,2.557627678
16:33:44,2.561346292,3.504616499,2.557789326
16:33:44,2.560287714,3.505204678,2.559199095
16:33:44,2.56050849,3.504940987,2.558330059
16:33:44,2.5601511,3.505227804,2.559737444
16:33:44,2.560667753,3.505391121,2.558290958
16:33:44,2.560746431,3.504531145,2.557850838
16:33:44,2.560233116,3.50501442,2.556856632
16:33:44,2.560587883,3.504592657,2.557876587
16:33:44,2.561319828,3.505488873,2.558794975
16:33:44,2.561172485,3.505221367,2.558387756
16:33:44,2.56122756,3.504547596,2.559150219
16:33:44,2.56088233,3.506357431,2.557626963
16:33:44,2.561095476,3.505072594,2.557811022
16:33:44,2.560201406,3.505614281,2.55795598
16:33:44,2.561506987,3.5061903,2.557383776
16:33:44,2.561242342,3.50607872,2.556163549
16:33:44,2.56012845,3.506213188,2.557145834
16:33:44,2.560191393,3.506731272,2.557728529
16:33:44,2.560517788,3.50571084,2.557354689
16:33:44,2.560725689,3.504256487,2.557481766
16:33:44,2.561397791,3.505556822,2.556444883
16:33:44,2.560646534,3.506397963,2.556781292
16:33:44,2.56022048,3.506273985,2.556687355
16:33:44,2.560446978,3.505397558,2.556057215
16:33:44,2.561231375,3.506114244,2.557206631
16:33:44,2.560669661,3.505744934,2.557935715
16:33:44,2.560382843,3.505456924,2.557420731
16:33:44,2.560368299,3.505902052,2.557326317
16:33:44,2.561952829,3.504707336,2.558775187
16:33:44,2.561211348,3.505246401,2.558334827
16:33:44,2.560897589,3.505595922,2.557657003
16:33:44,2.560566664,3.505629063,2.557011366
16:33:44,2.560382843,3.504221916,2.557005644
16:33:44,2.559906006,3.504511118,2.557135105
16:33:44,2.561009884,3.504663706,2.55583024
16:33:44,2.560583591,3.503261328,2.558320761
16:33:44,2.560602903,3.503618479,2.557441235
16:33:44,2.560561895,3.503793955,2.557385921
16:33:44,2.560851336,3.506012917,2.557172775
16:33:44,2.560266733,3.503427744,2.556847334
16:33:44,2.561245918,3.503786087,2.557994366
16:33:44,2.559790134,3.503027201,2.556932688
16:33:44,2.560887814,3.505931854,2.557995558
16:33:44,2.559792519,3.506029367,2.556877851
16:33:44,2.561010599,3.504911661,2.556787491
16:33:44,2.561261177,3.505434752,2.557361841
16:33:44,2.561294556,3.506264925,2.558464527
16:33:44,2.560379744,3.50463891,2.557730913
16:33:44,2.559722424,3.503879547,2.556696653
16:33:44,2.56075573,3.505724669,2.558034658
16:33:44,2.561360121,3.504322529,2.558077812
16:33:44,2.561128855,3.504678011,2.557371378
16:33:44,2.561627626,3.504445791,2.557879686
16:33:44,2.560323954,3.503795862,2.556839705
16:33:44,2.560592413,3.505069971,2.557533264
16:33:44,2.560413361,3.505725861,2.556540728
16:33:44,2.560554743,3.506721497,2.557167768
16:33:44,2.561151505,3.505843163,2.557056665
16:33:44,2.560735226,3.5045228,2.557838917
16:33:44,2.560664177,3.505240202,2.557151556
16:33:44,2.560801744,3.506784201,2.558294535
16:33:44,2.561403275,3.506975412,2.556628704
16:33:44,2.561060905,3.506978512,2.557503939
16:33:45,2.560189009,3.504431963,2.558148384
16:33:45,2.561212778,3.505466223,2.557764769
16:33:45,2.560714006,3.504776478,2.557525396
16:33:45,2.560370684,3.504176378,2.557906866
16:33:45,2.561337709,3.506611109,2.556482315
16:33:45,2.560597897,3.505752563,2.556616068
16:33:45,2.561094761,3.504921913,2.558442831
16:33:45,2.559899569,3.502674341,2.556957722
16:33:45,2.560869455,3.50337553,2.55654788
16:33:45,2.560129881,3.504240274,2.556973219
16:33:45,2.559589863,3.504739046,2.556806564
16:33:45,2.560469389,3.503973484,2.557962418
16:33:45,2.560591698,3.502450705,2.557226419
16:33:45,2.560726404,3.504145622,2.556785822
16:33:45,2.56000495,3.505552292,2.556912422
16:33:45,2.560565233,3.506183147,2.557661533
16:33:45,2.560903549,3.506000519,2.557711124
16:33:45,2.560217142,3.505857706,2.558062315
16:33:45,2.559976578,3.50342989,2.556089401
16:33:45,2.560457468,3.504096508,2.556840897
16:33:45,2.560949087,3.503211975,2.556832075
16:33:45,2.560448885,3.503786802,2.557070971
16:33:45,2.559919834,3.503343582,2.55769062
16:33:45,2.559128761,3.50180769,2.557039976
16:33:45,2.559580088,3.502421856,2.556203365
16:33:45,2.560373068,3.504966259,2.557221889
16:33:45,2.560600996,3.505379438,2.558658838
16:33:45,2.560283899,3.505440712,2.557551861
16:33:45,2.560304165,3.504356861,2.557233095
16:33:45,2.560325384,3.503955603,2.556553125
16:33:45,2.559192181,3.503031015,2.557116508
16:33:45,2.559441566,3.503708839,2.556030273
16:33:45,2.559178352,3.502607346,2.557671547
16:33:45,2.560210466,3.502801418,2.556877851
16:33:45,2.559785366,3.502262354,2.556432247
16:33:45,2.560711384,3.502515793,2.557920694
16:33:45,2.560830832,3.504673243,2.556771278
16:33:45,2.560198784,3.504327059,2.556769371
16:33:45,2.560956478,3.504775763,2.557268143
16:33:45,2.559757233,3.504240274,2.558243752
16:33:45,2.559995651,3.503800869,2.557933331
16:33:45,2.560388803,3.503937483,2.557062387
16:33:45,2.560268641,3.504776478,2.557136536
16:33:45,2.560203791,3.504234314,2.557501078
16:33:45,2.560585976,3.504506826,2.556712627
16:33:45,2.559896708,3.504794598,2.557435989
16:33:45,2.559764624,3.505523443,2.5574646
16:33:45,2.560886383,3.505329132,2.55866003
16:33:45,2.560233593,3.505455017,2.557420731
16:33:45,2.561136961,3.5039289,2.556496859
16:33:45,2.561634779,3.504044771,2.556456089
16:33:45,2.561884165,3.504488707,2.556778193
16:33:45,2.561879396,3.504456043,2.556356668
16:33:45,2.560120106,3.505252838,2.557182789
16:33:45,2.559503078,3.505188227,2.558300495
16:33:45,2.559135914,3.504747868,2.557512283
16:33:45,2.559962749,3.504186869,2.555546045
16:33:45,2.560141087,3.504526615,2.556615353
16:33:45,2.559559107,3.505140066,2.555732489
16:33:45,2.559763193,3.505403519,2.556248426
16:33:45,2.559391975,3.505166054,2.557961941
16:33:45,2.560591698,3.504790783,2.557788134
16:33:45,2.560326815,3.503611326,2.556946754
16:33:45,2.559399843,3.50498724,2.55642271
16:33:45,2.560939312,3.50442338,2.555643797
16:33:45,2.56103754,3.503837585,2.557055235
16:33:45,2.561435699,3.502646446,2.556857347
16:33:45,2.560551405,3.503360033,2.557766199
16:33:45,2.560268641,3.504037857,2.557116032
16:33:45,2.560353518,3.50312376,2.558755398
16:33:45,2.560469389,3.505367041,2.558370352
16:33:45,2.560106754,3.504431963,2.557756662
16:33:45,2.560290575,3.50581193,2.5573349
16:33:45,2.561448574,3.50549078,2.558135033
16:33:45,2.55944562,3.50421977,2.556049347
16:33:45,2.560190678,3.505598545,2.557723761
16:33:45,2.560031652,3.505055666,2.558021069
16:33:45,2.560690165,3.504854679,2.557862043
16:33:45,2.560314178,3.504983902,2.556716919
16:33:45,2.561738014,3.505859613,2.555766821
16:33:45,2.561638355,3.505842447,2.556758165
16:33:45,2.561306,3.505732536,2.55828619
16:33:45,2.560711384,3.506684303,2.558590651
16:33:45,2.55995822,3.507142544,2.559281826
16:33:45,2.560032368,3.505768061,2.557537317
16:33:45,2.559901237,3.505830765,2.556518793
16:33:45,2.559658051,3.503932238,2.556625843
16:33:45,2.559992552,3.505406618,2.556396484
16:33:45,2.560501814,3.504102707,2.557289839
16:33:45,2.560306787,3.504543543,2.557582378
16:33:45,2.559693336,3.504475594,2.556252241
16:33:45,2.559365511,3.504165888,2.556685925
16:33:45,2.559555054,3.502595425,2.556121111
16:33:45,2.560436726,3.503198624,2.556001663
16:33:45,2.560203791,3.503575325,2.556729555
16:33:45,2.561309338,3.503966808,2.557272911
16:33:45,2.560182095,3.504018307,2.557712317
16:33:45,2.561282158,3.503916502,2.557231903
16:33:45,2.560487509,3.503742933,2.556396484
16:33:45,2.5595994,3.504233122,2.556465864
16:33:45,2.558917761,3.503947735,2.556627274
16:33:45,2.560126066,3.504013777,2.555031538
16:33:45,2.559662104,3.503439665,2.554551363
16:33:45,2.55944562,3.503961086,2.557043791
16:33:45,2.559190989,3.504153967,2.558394909
16:33:45,2.559759855,3.504484653,2.557116508
16:33:45,2.560057163,3.50438118,2.557248354
16:33:45,2.559687853,3.504683018,2.556609392
16:33:45,2.560355186,3.50541997,2.557413578
16:33:45,2.561175823,3.505418539,2.55670929
16:33:45,2.560158968,3.504820108,2.557051182
16:33:45,2.559904575,3.503522396,2.556270838
16:33:45,2.560920954,3.504243374,2.557154179
16:33:45,2.560209274,3.504621267,2.556836367
16:33:45,2.560386896,3.506382942,2.556215286
16:33:45,2.559836626,3.506877422,2.556369305
16:33:45,2.560941219,3.504350662,2.555476427
16:33:45,2.560215235,3.504161119,2.558015585
16:33:45,2.560084343,3.504588604,2.557961226
16:33:46,2.560922623,3.50425005,2.556738377
16:33:46,2.559309959,3.504782915,2.557557821
16:33:46,2.560385466,3.50529933,2.558033228
16:33:46,2.559849024,3.50448966,2.556183338
16:33:46,2.560216427,3.504771948,2.556297302
16:33:46,2.560260296,3.504099131,2.557707787
16:33:46,2.5601511,3.504829407,2.556649685
16:33:46,2.561338902,3.504850626,2.556210518
16:33:46,2.561508894,3.504212856,2.558183432
16:33:46,2.56119585,3.504223347,2.557724953
16:33:46,2.560318947,3.50322032,2.558404922
16:33:46,2.560693026,3.505569935,2.558179379
16:33:46,2.560299635,3.504837275,2.557155132
16:33:46,2.561440945,3.504679203,2.558722973
16:33:46,2.560271502,3.504298449,2.556822777
16:33:46,2.559751272,3.504447699,2.55623579
16:33:46,2.560013056,3.505164146,2.55661273
16:33:46,2.560791254,3.505989313,2.55693078
16:33:46,2.560863256,3.504184961,2.556799889
16:33:46,2.559985876,3.50546217,2.557760715
16:33:46,2.561216831,3.505973816,2.558896542
16:33:46,2.562226295,3.505140543,2.557570219
16:33:46,2.561802149,3.504603148,2.557985783
16:33:46,2.56038022,3.504670143,2.558787823
16:33:46,2.559679508,3.504901648,2.556287766
16:33:46,2.559946775,3.505659342,2.558756113
16:33:46,2.560366392,3.504986525,2.557538509
16:33:46,2.560539007,3.504888773,2.558525324
16:33:46,2.560213327,3.505199194,2.557593584
16:33:46,2.560936451,3.505266428,2.558543682
16:33:46,2.561050415,3.505396843,2.55819726
16:33:46,2.561489105,3.506543875,2.557807922
16:33:46,2.561141491,3.505413771,2.558955908
16:33:46,2.562238932,3.505999804,2.558895826
16:33:46,2.561190844,3.507005215,2.558831453
16:33:46,2.56148243,3.506326199,2.558856487
16:33:46,2.562091589,3.505377293,2.559004545
16:33:46,2.561134338,3.505446672,2.558226347
16:33:46,2.562423229,3.506096363,2.560446024
16:33:46,2.562206507,3.505436897,2.558526039
16:33:46,2.561426878,3.506405592,2.558322191
16:33:46,2.561035156,3.506129503,2.558978319
16:33:46,2.561245918,3.505112648,2.557930231
16:33:46,2.561607361,3.506115198,2.556762218
16:33:46,2.560269356,3.505073309,2.557658672
16:33:46,2.560655117,3.504390478,2.556453943
16:33:46,2.561089277,3.504228354,2.557717323
16:33:46,2.560445786,3.505247593,2.558644295
16:33:46,2.560359955,3.50633502,2.557709217
16:33:46,2.560656548,3.507230997,2.557208538
16:33:46,2.560718536,3.506479502,2.557986975
16:33:46,2.560989618,3.505800724,2.557655811
16:33:46,2.561003447,3.506041765,2.558879614
16:33:46,2.561126471,3.504994869,2.557019234
16:33:46,2.560909033,3.506118536,2.557191372
16:33:46,2.560248137,3.506173372,2.55747366
16:33:46,2.560937405,3.505746126,2.558041811
16:33:46,2.561223984,3.506397963,2.558167458
16:33:46,2.561071396,3.506410837,2.558543682
16:33:46,2.560829401,3.506167889,2.558456421
16:33:46,2.561652184,3.505730867,2.558684587
16:33:46,2.560819626,3.505933285,2.557925701
16:33:46,2.560996056,3.507479191,2.558441401
16:33:46,2.561164141,3.5072155,2.557321072
16:33:46,2.560539961,3.506357431,2.556924105
16:33:46,2.561115742,3.506659269,2.556523323
16:33:46,2.56065321,3.505360842,2.558502197
16:33:46,2.561365128,3.50547719,2.556833506
16:33:46,2.561298847,3.504732847,2.557276487
16:33:46,2.561388493,3.505961418,2.557463884
16:33:46,2.560963631,3.506139994,2.558376551
16:33:46,2.560873032,3.505993366,2.559424639
16:33:46,2.559586763,3.50496316,2.557059765
16:33:46,2.56029582,3.504642725,2.559178591
16:33:46,2.560546875,3.503156662,2.557442427
16:33:46,2.560685635,3.504833937,2.557014227
16:33:46,2.561188459,3.504034042,2.557435989
16:33:46,2.561790943,3.505180359,2.557159662
16:33:46,2.561243057,3.504893303,2.55820322
16:33:46,2.561699867,3.506193638,2.559945107
16:33:46,2.561576843,3.505504608,2.557643175
16:33:46,2.560647011,3.50296998,2.557253838
16:33:46,2.561402321,3.504412889,2.55802536
16:33:46,2.561242104,3.503508091,2.557474613
16:33:46,2.561074018,3.505625486,2.557825565
16:33:46,2.560904741,3.505739927,2.558649063
16:33:46,2.561709642,3.50641799,2.557908297
16:33:46,2.561393976,3.50604248,2.556923151
16:33:46,2.561076164,3.504659653,2.557393551
16:33:46,2.560714722,3.50415802,2.558629036
16:33:46,2.56003356,3.504697561,2.558936596
16:33:46,2.561957598,3.505556822,2.557280064
16:33:46,2.561585426,3.505091667,2.557852268
16:33:46,2.561068058,3.505605698,2.557845354
16:33:46,2.560893774,3.504975557,2.55644989
16:33:46,2.561187744,3.507041454,2.555157661
16:33:46,2.560102224,3.508478642,2.557381153
16:33:46,2.560322285,3.507627726,2.558206558
16:33:46,2.56028986,3.507561922,2.55984664
16:33:46,2.560400724,3.506681681,2.558563232
16:33:46,2.561002254,3.506386042,2.558367252
16:33:46,2.560357094,3.505755901,2.558656216
16:33:46,2.560495377,3.505140543,2.555821896
16:33:46,2.560850143,3.504728079,2.55791235
16:33:46,2.561494827,3.504664898,2.558207273
16:33:46,2.561014891,3.505252123,2.557624102
16:33:46,2.560384512,3.50393033,2.558652878
16:33:46,2.560341358,3.504334688,2.558615923
16:33:46,2.56086731,3.5027349,2.556937456
16:33:46,2.559941053,3.504719496,2.556690693
16:33:46,2.560832262,3.505894184,2.558922768
16:33:46,2.560426474,3.505825758,2.557213783
16:33:46,2.561401129,3.506222963,2.558156967
16:33:46,2.562330008,3.505063534,2.558413267
16:33:46,2.561605215,3.506211758,2.557324409
16:33:46,2.561169624,3.505648613,2.557431221
16:33:46,2.561048269,3.505663157,2.558631182
16:33:46,2.560413361,3.504790068,2.557982922
16:33:46,2.560235739,3.504115582,2.558111906
16:33:47,2.560530901,3.504304171,2.557482958
16:33:47,2.561110258,3.5032897,2.557124615
16:33:47,2.560531616,3.504477024,2.5575068
16:33:47,2.560956001,3.505902052,2.558297157
16:33:47,2.560081244,3.507285357,2.559219599
16:33:47,2.559590816,3.507017136,2.559221029
16:33:47,2.560322285,3.506231308,2.557192564
16:33:47,2.561570406,3.503735781,2.557604313
16:33:47,2.560825109,3.505672216,2.557724953
16:33:47,2.561564207,3.506056547,2.558413267
16:33:47,2.561752558,3.50548625,2.556342125
16:33:47,2.56075573,3.505568504,2.557260275
16:33:47,2.561014175,3.505179644,2.559122086
16:33:47,2.561014175,3.505808115,2.55903244
16:33:47,2.56090641,3.504766703,2.556262016
16:33:47,2.560643196,3.502908468,2.557940006
16:33:47,2.561304092,3.50295949,2.558800459
16:33:47,2.560568094,3.503987551,2.558580637
16:33:47,2.561607838,3.506040335,2.557154179
16:33:47,2.56107688,3.505789042,2.557630539
16:33:47,2.561046362,3.505550385,2.55781436
16:33:47,2.561217546,3.506826401,2.557856083
16:33:47,2.562069654,3.505354643,2.558112383
16:33:47,2.561212778,3.505790949,2.55812788
16:33:47,2.561053038,3.506031275,2.556732416
16:33:47,2.561994553,3.505262613,2.56031394
16:33:47,2.560671806,3.503541946,2.559378386
16:33:47,2.561518908,3.505141258,2.5589149
16:33:47,2.560842991,3.506732464,2.557906151
16:33:47,2.560639381,3.50553441,2.558098078
16:33:47,2.560340166,3.506559134,2.557539225
16:33:47,2.560302019,3.505926132,2.557586193
16:33:47,2.560996056,3.505598545,2.556174994
16:33:47,2.561087847,3.504998922,2.557978153
16:33:47,2.559991837,3.504593372,2.557399035
16:33:47,2.560814381,3.502910376,2.557185173
16:33:47,2.559878111,3.504187346,2.557547092
16:33:47,2.560674906,3.507048368,2.558722496
16:33:47,2.560754299,3.50722456,2.557398558
16:33:47,2.560404301,3.50665307,2.557422161
16:33:47,2.560081244,3.504939556,2.557684183
16:33:47,2.559807301,3.504860878,2.557467222
16:33:47,2.560888529,3.504124641,2.556484222
16:33:47,2.560923815,3.503652811,2.556798697
16:33:47,2.55977273,3.504850149,2.556330919
16:33:47,2.561317205,3.504135847,2.557728529
16:33:47,2.561056852,3.506815434,2.558461905
16:33:47,2.560157776,3.505712032,2.558401108
16:33:47,2.560930014,3.505403519,2.558098078
16:33:47,2.560415983,3.504647255,2.558388948
16:33:47,2.56028223,3.504634857,2.556875229
16:33:47,2.560120106,3.505699635,2.557482958
16:33:47,2.560573339,3.505387783,2.556022882
16:33:47,2.561130047,3.506073713,2.556558371
16:33:47,2.561171293,3.50603056,2.557726622
16:33:47,2.561662912,3.50664258,2.55879426
16:33:47,2.560106754,3.505479813,2.556852579
16:33:47,2.560165644,3.506005764,2.557729721
16:33:47,2.561185837,3.50502491,2.557546377
16:33:47,2.56058526,3.504582882,2.555325031
16:33:47,2.561383247,3.505176067,2.558131695
16:33:47,2.561372757,3.505053043,2.559215307
16:33:47,2.5608356,3.50584054,2.55747962
16:33:47,2.560003519,3.50401783,2.556357384
16:33:47,2.560688734,3.503875971,2.557852268
16:33:47,2.55980444,3.50433135,2.557541132
16:33:47,2.560141087,3.504538298,2.557373285
16:33:47,2.560614824,3.503454447,2.558176041
16:33:47,2.561325073,3.503850937,2.556856632
16:33:47,2.560585976,3.503577709,2.558826923
16:33:47,2.561371565,3.506005764,2.557165623
16:33:47,2.560968161,3.50652051,2.558022738
16:33:47,2.560586452,3.505931377,2.557577372
16:33:47,2.560817003,3.504966259,2.557111979
16:33:47,2.55983448,3.504270077,2.557402372
16:33:47,2.559490442,3.50338459,2.557403564
16:33:47,2.560333967,3.503887892,2.558954477
16:33:47,2.560742617,3.505727768,2.556809664
16:33:47,2.56043601,3.505627155,2.55723691
16:33:47,2.560405493,3.504648685,2.556883097
16:33:47,2.560716391,3.505571842,2.556899071
16:33:47,2.56065321,3.505985498,2.557812214
16:33:47,2.559961557,3.505924702,2.556647062
16:33:47,2.560771465,3.504408598,2.557661533
16:33:47,2.561174393,3.503717661,2.556123972
16:33:47,2.559917927,3.504974127,2.557398558
16:33:47,2.559938431,3.504647255,2.557279348
16:33:47,2.562159061,3.505123615,2.55725956
16:33:47,2.559183121,3.503655672,2.556885958
16:33:47,2.559826851,3.505855799,2.557391167
16:33:47,2.559851646,3.505582333,2.556791067
16:33:47,2.561216831,3.505452156,2.556940317
16:33:47,2.560646534,3.505359888,2.556603432
16:33:47,2.561085463,3.505499363,2.557056665
16:33:47,2.560717344,3.503819466,2.557224989
16:33:47,2.559449911,3.501324177,2.557694674
16:33:47,2.55971384,3.501986027,2.557503939
16:33:47,2.559664011,3.503844023,2.557645082
16:33:47,2.561144114,3.506984234,2.556375504
16:33:47,2.560469389,3.50651598,2.556582212
16:33:47,2.559821844,3.506563425,2.557611942
16:33:47,2.559923887,3.504461288,2.556362152
16:33:47,2.559988499,3.505239487,2.557667732
16:33:47,2.560683727,3.505256653,2.558459997
16:33:47,2.560824394,3.505725384,2.558141232
16:33:47,2.559503078,3.504781723,2.556805849
16:33:47,2.560620308,3.505561352,2.556569099
16:33:47,2.560735226,3.50570631,2.55761075
16:33:47,2.561240196,3.504855394,2.556449413
16:33:47,2.559619904,3.505752087,2.556440592
16:33:47,2.559486389,3.506556988,2.556838274
16:33:47,2.559674025,3.505792379,2.557198763
16:33:47,2.560683727,3.504670858,2.556113958
16:33:47,2.559205532,3.506840229,2.556653738
16:33:47,2.56025815,3.506645679,2.556795359
16:33:47,2.561410427,3.505164146,2.557813644
16:33:48,2.559970856,3.504712105,2.555927038
16:33:48,2.55997467,3.504590988,2.556314468
16:33:48,2.559595346,3.504683018,2.55630374
16:33:48,2.560096741,3.504286051,2.557811737
16:33:48,2.559986353,3.502643824,2.557309866
16:33:48,2.560012579,3.502608299,2.557431221
16:33:48,2.560456991,3.502634525,2.556261539
16:33:48,2.559961557,3.503029108,2.558059931
16:33:48,2.560600519,3.504923105,2.557724953
16:33:48,2.560584307,3.504012585,2.558053255
16:33:48,2.560166359,3.503532887,2.557663441
16:33:48,2.559703112,3.504204273,2.558332205
16:33:48,2.559700489,3.50440073,2.557060957
16:33:48,2.559069633,3.502970695,2.556192636
16:33:48,2.560458183,3.503793955,2.557099104
16:33:48,2.559879303,3.50407815,2.557726622
16:33:48,2.560373783,3.504446268,2.555454254
16:33:48,2.559911966,3.504416943,2.55765152
16:33:48,2.560296535,3.504317284,2.555812359
16:33:48,2.560593128,3.504940987,2.557128668
16:33:48,2.560920238,3.504968882,2.558336258
16:33:48,2.559855223,3.505109072,2.557442427
16:33:48,2.560704947,3.505206585,2.557649612
16:33:48,2.559692621,3.505422354,2.556496859
16:33:48,2.559246063,3.506907463,2.556299925
16:33:48,2.560423374,3.506962061,2.555972576
16:33:48,2.561205626,3.505931377,2.557305813
16:33:48,2.559886217,3.504099131,2.557919502
16:33:48,2.559522867,3.503303289,2.556287766
16:33:48,2.55983901,3.505228519,2.557574511
16:33:48,2.560413361,3.504390478,2.556459188
16:33:48,2.560850143,3.50620985,2.557724476
16:33:48,2.561469078,3.505577803,2.55739522
16:33:48,2.560234308,3.50539422,2.557594299
16:33:48,2.560311079,3.503433704,2.556543827
16:33:48,2.55997014,3.503885746,2.556932211
16:33:48,2.559930563,3.505217075,2.557498217
16:33:48,2.559337616,3.504556656,2.55680728
16:33:48,2.56090045,3.504504919,2.55591774
16:33:48,2.560255289,3.50566268,2.558088779
16:33:48,2.560982466,3.50475049,2.557515383
16:33:48,2.560562611,3.503748417,2.557039976
16:33:48,2.560436726,3.503109455,2.557278156
16:33:48,2.560390234,3.503285646,2.558651447
16:33:48,2.559723854,3.503023386,2.55698967
16:33:48,2.560563326,3.504738092,2.556385994
16:33:48,2.560013533,3.505733013,2.557834864
16:33:48,2.560758114,3.505711317,2.556936026
16:33:48,2.560098648,3.505628586,2.556834221
16:33:48,2.56105876,3.504630327,2.557415724
16:33:48,2.560657024,3.504797459,2.556847334
16:33:48,2.560448408,3.504326344,2.556979179
16:33:48,2.561207771,3.505859613,2.558037996
16:33:48,2.560629606,3.505075932,2.55743742
16:33:48,2.560599089,3.504300117,2.557114601
16:33:48,2.560983658,3.504398823,2.557513952
16:33:48,2.559847832,3.507372379,2.557777405
16:33:48,2.559682131,3.506333113,2.557396412
16:33:48,2.561078072,3.507348537,2.557598829
16:33:48,2.56065464,3.50523448,2.556061983
16:33:48,2.560893059,3.504228354,2.558329105
16:33:48,2.560800552,3.503454447,2.557258129
16:33:48,2.56094718,3.503020763,2.558170319
16:33:48,2.559942961,3.503891945,2.557228327
16:33:48,2.559827328,3.504999876,2.557303905
16:33:48,2.559931755,3.505345583,2.556187391
16:33:48,2.559368134,3.502873659,2.555296659
16:33:48,2.559718847,3.502262354,2.555709839
16:33:48,2.559669971,3.502319574,2.556916237
16:33:48,2.560312271,3.502542019,2.558322191
16:33:48,2.559881449,3.50357914,2.557032108
16:33:48,2.561376572,3.50411725,2.555653572
16:33:48,2.56084609,3.504341364,2.556098223
16:33:48,2.560302973,3.505595922,2.558478355
16:33:48,2.559610128,3.504844427,2.55602026
16:33:48,2.560148954,3.505539417,2.55723834
16:33:48,2.560101032,3.504108191,2.556460619
16:33:48,2.560381651,3.505004168,2.555912256
16:33:48,2.561056137,3.504523516,2.557116032
16:33:48,2.560192585,3.504723072,2.556942701
16:33:48,2.560448408,3.505956888,2.558425426
16:33:48,2.561205626,3.506489754,2.557899714
16:33:48,2.560169697,3.505095005,2.557944775
16:33:48,2.560655117,3.506429911,2.55826807
16:33:48,2.560863972,3.505666971,2.557759047
16:33:48,2.5606637,3.505426407,2.556846857
16:33:48,2.560460329,3.505526781,2.557493687
16:33:48,2.559816122,3.5035882,2.556034088
16:33:48,2.560410023,3.503916502,2.556757689
16:33:48,2.560884953,3.504129887,2.558801651
16:33:48,2.561304092,3.504573107,2.557349443
16:33:48,2.561749935,3.503998756,2.557361841
16:33:48,2.560145378,3.50479269,2.558086872
16:33:48,2.560280561,3.504260302,2.558368683
16:33:48,2.560549021,3.503495455,2.557072878
16:33:48,2.560633898,3.503909349,2.557077646
16:33:48,2.560697317,3.504052162,2.556456804
16:33:48,2.559702396,3.504658461,2.556748629
16:33:48,2.559976578,3.505451202,2.557743549
16:33:48,2.561292887,3.505213022,2.558168173
16:33:48,2.560467482,3.504344463,2.557416201
16:33:48,2.560533524,3.503292561,2.556412458
16:33:48,2.559981346,3.503118515,2.557369709
16:33:48,2.559167147,3.502381325,2.556367159
16:33:48,2.559402704,3.502686024,2.556423664
16:33:48,2.560340881,3.504204273,2.555454254
16:33:48,2.560652018,3.504422665,2.556881428
16:33:48,2.56000495,3.503729343,2.556960583
16:33:48,2.560145855,3.504474401,2.55561471
16:33:48,2.559878111,3.503857851,2.556656122
16:33:48,2.560249567,3.503932238,2.558029413
16:33:48,2.560052156,3.504625082,2.557374477
16:33:48,2.56044507,3.504762173,2.556895733
16:33:48,2.560228586,3.504179955,2.557640553
16:33:48,2.56039238,3.503955603,2.556398153
16:33:48,2.56120038,3.504251957,2.556885958
16:33:48,2.560192585,3.503715038,2.557067156
16:33:48,2.560135841,3.504868507,2.554826498
16:33:48,2.560052633,3.506053448,2.556854725
16:33:49,2.559660435,3.504515409,2.557213783
16:33:49,2.559522867,3.504775763,2.556900978
16:33:49,2.559534073,3.504264355,2.557132483
16:33:49,2.56035924,3.50309968,2.557512283
16:33:49,2.56069231,3.503352642,2.558986187
16:33:49,2.560940027,3.503751993,2.557749033
16:33:49,2.560912132,3.503641844,2.556812525
16:33:49,2.560703516,3.504045725,2.556344509
16:33:49,2.559957504,3.503740311,2.556047678
16:33:49,2.560468674,3.504653931,2.557249069
16:33:49,2.561112881,3.505047321,2.556339025
16:33:49,2.560483217,3.505373478,2.556114674
16:33:49,2.560613394,3.50689435,2.557483673
16:33:49,2.560314178,3.506349564,2.558693886
16:33:49,2.55977273,3.504927397,2.557469845
16:33:49,2.560254812,3.503684998,2.557546377
16:33:49,2.560552597,3.504222631,2.558077812
16:33:49,2.560560703,3.505441904,2.556552649
16:33:49,2.560988903,3.505162001,2.557924271
16:33:49,2.560649872,3.506100416,2.556926727
16:33:49,2.559988499,3.505968571,2.557245493
16:33:49,2.560573816,3.507033825,2.557656288
16:33:49,2.560752869,3.506570101,2.557797909
16:33:49,2.560513735,3.504979372,2.557545185
16:33:49,2.559720278,3.504964352,2.556343794
16:33:49,2.560806513,3.505704165,2.55737257
16:33:49,2.560681581,3.504269123,2.557304621
16:33:49,2.560165644,3.505251408,2.556444168
16:33:49,2.559443474,3.504490137,2.55705905
16:33:49,2.560292006,3.504291534,2.555815935
16:33:49,2.560024977,3.503469706,2.556015968
16:33:49,2.55967474,3.504478216,2.557434082
16:33:49,2.559752703,3.504029989,2.55675149
16:33:49,2.560018301,3.504332304,2.556922436
16:33:49,2.560230732,3.504407406,2.556660891
16:33:49,2.559971809,3.503046036,2.557164192
16:33:49,2.560096025,3.504223347,2.556851864
16:33:49,2.560812473,3.504407406,2.557217121
16:33:49,2.561012745,3.504428148,2.556409597
16:33:49,2.560675621,3.504276276,2.556181431
16:33:49,2.559372187,3.504724979,2.556673527
16:33:49,2.56029129,3.505517483,2.557220459
16:33:49,2.560083151,3.504207611,2.556899786
16:33:49,2.559823513,3.503741026,2.557828903
16:33:49,2.56026125,3.504580021,2.556783915
16:33:49,2.560561895,3.505187511,2.556241274
16:33:49,2.559751272,3.503925085,2.557221174
16:33:49,2.560534954,3.50519681,2.556891203
16:33:49,2.559963942,3.50535655,2.55792141
16:33:49,2.560618877,3.504397631,2.55613184
16:33:49,2.560413361,3.504316568,2.55740571
16:33:49,2.560755253,3.505064249,2.557699203
16:33:49,2.560229778,3.503929615,2.556282997
16:33:49,2.560721874,3.505020618,2.557010174
16:33:49,2.560556173,3.504931927,2.55706811
16:33:49,2.55974865,3.504050255,2.555969477
16:33:49,2.559385777,3.50406146,2.556366444
16:33:49,2.559795618,3.50440073,2.557603359
16:33:49,2.560126781,3.504561186,2.557856083
16:33:49,2.560921907,3.504472733,2.558088779
16:33:49,2.560209751,3.504474878,2.557051897
16:33:49,2.56007576,3.503838301,2.55623889
16:33:49,2.560394287,3.503407717,2.556089401
16:33:49,2.559634447,3.503592253,2.55751276
16:33:49,2.560034752,3.503175497,2.556499004
16:33:49,2.560565233,3.504503965,2.556159735
16:33:49,2.560587883,3.505012035,2.558360577
16:33:49,2.560084343,3.504942656,2.557566166
16:33:49,2.559740067,3.504886627,2.558071613
16:33:49,2.559309483,3.504576206,2.557289839
16:33:49,2.559339285,3.505464792,2.556851864
16:33:49,2.559526682,3.50548768,2.556446791
16:33:49,2.559640646,3.504313231,2.556665182
16:33:49,2.560349226,3.504837751,2.556654453
16:33:49,2.560049295,3.503714323,2.556981802
16:33:49,2.560181379,3.503970146,2.557985067
16:33:49,2.560602903,3.504351616,2.557541132
16:33:49,2.560764313,3.503833771,2.557010174
16:33:49,2.560261965,3.504271507,2.556788683
16:33:49,2.560342789,3.504626274,2.557180405
16:33:49,2.559287548,3.503015518,2.557636499
16:33:49,2.558468103,3.503914595,2.555492401
16:33:49,2.559426069,3.503853321,2.555963993
16:33:49,2.560122013,3.504283905,2.55591774
16:33:49,2.560108662,3.503198624,2.556538105
16:33:49,2.5593009,3.503624916,2.558078289
16:33:49,2.559902668,3.503688812,2.558262825
16:33:49,2.559898853,3.505340099,2.556739092
16:33:49,2.55944562,3.504119396,2.556364775
16:33:49,2.560056686,3.504579306,2.557260275
16:33:49,2.559867859,3.504479647,2.556508303
16:33:49,2.560390234,3.504625082,2.557874203
16:33:49,2.560020208,3.504525185,2.557278156
16:33:49,2.560486078,3.504466534,2.557403564
16:33:49,2.560350657,3.504004478,2.557619095
16:33:49,2.560109377,3.503702641,2.556334496
16:33:49,2.559860945,3.504278183,2.558381557
16:33:49,2.559939623,3.504997015,2.556613445
16:33:49,2.559490442,3.503867626,2.5568645
16:33:49,2.559442759,3.50404048,2.556177855
16:33:49,2.559530497,3.504393339,2.557838917
16:33:49,2.559250593,3.503048658,2.555998802
16:33:49,2.55936408,3.503440142,2.557705879
16:33:49,2.56007576,3.503851891,2.555748463
16:33:49,2.55953002,3.503199339,2.555885792
16:33:49,2.559656143,3.504829407,2.55617547
16:33:49,2.560258865,3.50454092,2.555356264
16:33:49,2.559762716,3.50283885,2.555224419
16:33:49,2.558992863,3.504090786,2.55712533
16:33:49,2.559378624,3.504476309,2.556993008
16:33:49,2.558985472,3.504024744,2.556619883
16:33:49,2.558491945,3.504695177,2.556536674
16:33:49,2.559872866,3.504594564,2.55748558
16:33:49,2.560085058,3.503233433,2.555635691
16:33:49,2.559747219,3.503410816,2.556144476
16:33:50,2.559762716,3.504225969,2.556191444
16:33:50,2.560414791,3.50566268,2.557453156
16:33:50,2.560007095,3.504844427,2.5566504
16:33:50,2.56070137,3.505666971,2.557534456
16:33:50,2.560961008,3.50549078,2.556757689
16:33:50,2.559436798,3.505834818,2.557348013
16:33:50,2.560217142,3.505598545,2.556463242
16:33:50,2.561220884,3.50416255,2.557139158
16:33:50,2.559678793,3.503384113,2.556453228
16:33:50,2.560005665,3.503196239,2.557427645
16:33:50,2.56027317,3.503606081,2.557973146
16:33:50,2.560746908,3.504819632,2.556278706
16:33:50,2.560218573,3.50557375,2.555877447
16:33:50,2.560367107,3.505764961,2.55606246
16:33:50,2.561292887,3.505063534,2.556030273
16:33:50,2.560503244,3.503154516,2.557720184
16:33:50,2.561070204,3.505344868,2.556975126
16:33:50,2.56050396,3.505339622,2.557214975
16:33:50,2.560814381,3.505446672,2.556998253
16:33:50,2.560297728,3.505752087,2.557126522
16:33:50,2.560340166,3.505002975,2.557167768
16:33:50,2.560421467,3.502819061,2.558246374
16:33:50,2.560123205,3.503716946,2.55674696
16:33:50,2.5604496,3.503850222,2.556577206
16:33:50,2.560516596,3.505222797,2.557680607
16:33:50,2.559917212,3.505296707,2.555979013
16:33:50,2.559827328,3.503636122,2.556032181
16:33:50,2.560492039,3.503974438,2.557836771
16:33:50,2.560760021,3.504733562,2.557363272
16:33:50,2.560589075,3.504557848,2.558624506
16:33:50,2.559919834,3.504276276,2.55757165
16:33:50,2.559845924,3.504281759,2.557595968
16:33:50,2.561112881,3.505297899,2.55637598
16:33:50,2.560581684,3.505401134,2.557713032
16:33:50,2.559915781,3.504739046,2.556432247
16:33:50,2.559934378,3.504561901,2.557672262
16:33:50,2.560273886,3.503708839,2.55719018
16:33:50,2.560338497,3.503574133,2.557210684
16:33:50,2.559670687,3.505091667,2.557504654
16:33:50,2.560985327,3.50520587,2.557896852
16:33:50,2.561026573,3.50533843,2.558033228
16:33:50,2.560917377,3.504559278,2.557526112
16:33:50,2.560949087,3.506846905,2.556203365
16:33:50,2.560519218,3.505217075,2.558507442
16:33:50,2.560558081,3.506009579,2.557834148
16:33:50,2.560561895,3.505434036,2.55780077
16:33:50,2.559666157,3.504522085,2.558077097
16:33:50,2.561574936,3.504135847,2.557342768
16:33:50,2.560532093,3.504053831,2.557008743
16:33:50,2.560123205,3.506298304,2.558408976
16:33:50,2.561444044,3.506668568,2.557152271
16:33:50,2.560811758,3.507056713,2.558200598
16:33:50,2.561955214,3.506821156,2.556582212
16:33:50,2.560650587,3.503805161,2.557279348
16:33:50,2.56043458,3.50368166,2.558083534
16:33:50,2.560680389,3.504484653,2.555832863
16:33:50,2.560404301,3.504093409,2.555307865
16:33:50,2.559995651,3.504013062,2.554697514
16:33:50,2.560379028,3.505099297,2.556430101
16:33:50,2.559714794,3.504014492,2.555891037
16:33:50,2.559456587,3.502691984,2.556777477
16:33:50,2.559724808,3.50408864,2.557893276
16:33:50,2.558445215,3.504356384,2.557984352
16:33:50,2.560539007,3.505730152,2.557744741
16:33:50,2.560219765,3.503861666,2.556814432
16:33:50,2.559729576,3.504410505,2.558447361
16:33:50,2.560120106,3.50333333,2.557900429
16:33:50,2.559849739,3.504107475,2.556402445
16:33:50,2.560589075,3.50403595,2.557410717
16:33:50,2.561008692,3.503906727,2.556710482
16:33:50,2.561420918,3.504557848,2.55708909
16:33:50,2.560573339,3.504220724,2.558211803
16:33:50,2.561788559,3.505797863,2.556763649
16:33:50,2.560779333,3.505556822,2.557901144
16:33:50,2.559933662,3.504204273,2.55868125
16:33:50,2.560286522,3.504874945,2.558259964
16:33:50,2.560441256,3.505164623,2.557611465
16:33:50,2.560517311,3.505120993,2.558053255
16:33:50,2.560737133,3.504303217,2.557426929
16:33:50,2.560602903,3.504490137,2.557959795
16:33:50,2.561467886,3.504003525,2.557693958
16:33:50,2.56094718,3.505139351,2.557500362
16:33:50,2.561125517,3.504419565,2.558363914
16:33:50,2.56135726,3.50534749,2.557875872
16:33:50,2.561692715,3.506841421,2.557911634
16:33:50,2.561309338,3.507509708,2.55847621
16:33:50,2.561241388,3.50702095,2.558325052
16:33:50,2.561017036,3.50593257,2.557626963
16:33:50,2.560489893,3.505330324,2.557620525
16:33:50,2.560906887,3.505070686,2.557784557
16:33:50,2.559365511,3.50534296,2.558000803
16:33:50,2.560369015,3.505228519,2.55821991
16:33:50,2.560676813,3.505232573,2.557598829
16:33:50,2.560765505,3.504842997,2.556402445
16:33:50,2.560762882,3.505179644,2.556846142
16:33:50,2.561611414,3.504493952,2.557046652
16:33:50,2.560683012,3.504580736,2.557994366
16:33:50,2.560391665,3.505322456,2.556793213
16:33:50,2.560478687,3.504918098,2.5569911
16:33:50,2.560672283,3.504028797,2.557555199
16:33:50,2.560689449,3.503870964,2.558329105
16:33:50,2.560661316,3.50451827,2.557658672
16:33:50,2.559424877,3.503846645,2.555725813
16:33:50,2.559272289,3.502798319,2.556022882
16:33:50,2.559435368,3.503953218,2.556607246
16:33:50,2.560683012,3.503892899,2.558680773
16:33:50,2.560756922,3.504417658,2.556767464
16:33:50,2.560061216,3.504042387,2.557049751
16:33:50,2.560539007,3.504279852,2.558140516
16:33:50,2.560230255,3.503925085,2.557165623
16:33:50,2.560025454,3.50342536,2.558473825
16:33:50,2.560235023,3.503926277,2.557721138
16:33:50,2.560562611,3.503649712,2.557420254
16:33:50,2.560512543,3.504778624,2.555885315
16:33:50,2.560183525,3.502917051,2.556692123
16:33:50,2.55943799,3.50348568,2.556307793
16:33:50,2.559738159,3.504441261,2.555234432
16:33:50,2.559269905,3.505030394,2.555934906
16:33:50,2.559678793,3.50369978,2.556110144
16:33:51,2.559478521,3.504314661,2.557789326
16:33:51,2.559728861,3.504233122,2.555819035
16:33:51,2.560067654,3.504393339,2.557570219
16:33:51,2.559360266,3.505610943,2.557135105
16:33:51,2.559891939,3.504946709,2.557407856
16:33:51,2.560059309,3.504370213,2.557901621
16:33:51,2.560861111,3.503029108,2.558005571
16:33:51,2.560060501,3.504056215,2.556957006
16:33:51,2.559364796,3.504522085,2.556519508
16:33:51,2.560028791,3.50357008,2.556467295
16:33:51,2.56009388,3.504389048,2.556103468
16:33:51,2.559521437,3.503423214,2.55605197
16:33:51,2.559763193,3.504061937,2.555819511
16:33:51,2.559564352,3.503606558,2.557582378
16:33:51,2.561130762,3.503818035,2.557055712
16:33:51,2.560003519,3.502997875,2.556155205
16:33:51,2.559465408,3.502211094,2.556700706
16:33:51,2.55969429,3.503829718,2.556271553
16:33:51,2.559718847,3.504262209,2.556676865
16:33:51,2.559503078,3.504261017,2.555948734
16:33:51,2.560069799,3.503733873,2.556493759
16:33:51,2.559766531,3.504123449,2.557130575
16:33:51,2.55977273,3.505312681,2.555792809
16:33:51,2.559287548,3.50429225,2.556275368
16:33:51,2.559145927,3.504584789,2.556069136
16:33:51,2.560412169,3.503917217,2.557655811
16:33:51,2.56014657,3.502723217,2.555301905
16:33:51,2.560045242,3.502349377,2.557244778
16:33:51,2.558922768,3.5038414,2.556522131
16:33:51,2.559762001,3.503196239,2.555776119
16:33:51,2.55975318,3.503991604,2.556966543
16:33:51,2.559029102,3.503506899,2.556736469
16:33:51,2.559985876,3.503840446,2.556240559
16:33:51,2.559222698,3.503800392,2.555912256
16:33:51,2.559836626,3.50320673,2.555564642
16:33:51,2.559311152,3.502946854,2.556863308
16:33:51,2.559475183,3.502859116,2.556084394
16:33:51,2.55960393,3.502099991,2.556643724
16:33:51,2.559524775,3.502047777,2.556963205
16:33:51,2.55963707,3.502347469,2.556239843
16:33:51,2.559730291,3.503288984,2.556070328
16:33:51,2.559723854,3.502525091,2.556721926
16:33:51,2.559922218,3.504776478,2.556522131
16:33:51,2.560287237,3.504412174,2.557328939
16:33:51,2.559537411,3.503988266,2.55708909
16:33:51,2.559879303,3.503951073,2.556759357
16:33:51,2.560486794,3.504776478,2.555655241
16:33:51,2.560475588,3.505693197,2.556758165
16:33:51,2.560532093,3.504303217,2.556385994
16:33:51,2.560106039,3.504332304,2.556742191
16:33:51,2.559625149,3.505833387,2.557589531
16:33:51,2.560499191,3.504909754,2.557602644
16:33:51,2.55979085,3.504451513,2.557094336
16:33:51,2.559800863,3.506912708,2.556840897
16:33:51,2.559553146,3.506444693,2.556933403
16:33:51,2.560963154,3.506690741,2.557619095
16:33:51,2.560200453,3.505222321,2.556832075
16:33:51,2.560412169,3.505377293,2.557843447
16:33:51,2.559586287,3.504800558,2.557594776
16:33:51,2.561083317,3.504537821,2.557585478
16:33:51,2.559841156,3.503208637,2.557339668
16:33:51,2.560518503,3.504584789,2.557281256
16:33:51,2.560571671,3.504501343,2.556844711
16:33:51,2.561382532,3.505654097,2.556635857
16:33:51,2.560467482,3.504616499,2.557126522
16:33:51,2.560549498,3.504610777,2.55815959
16:33:51,2.561187029,3.504965782,2.557614088
16:33:51,2.561082125,3.505349398,2.556120634
16:33:51,2.559788942,3.5050354,2.557504654
16:33:51,2.560160875,3.504571676,2.557235003
16:33:51,2.56052494,3.505532026,2.557088375
16:33:51,2.56033349,3.504071712,2.55831027
16:33:51,2.560406685,3.504651308,2.557321787
16:33:51,2.56029582,3.504323721,2.556313276
16:33:51,2.560344458,3.503941298,2.557186842
16:33:51,2.56061697,3.504976034,2.557400227
16:33:51,2.561031818,3.506113529,2.558050871
16:33:51,2.56059432,3.505885124,2.558557034
16:33:51,2.561225891,3.506379604,2.557700396
16:33:51,2.561968565,3.505908728,2.557221889
16:33:51,2.560624123,3.505502224,2.556982279
16:33:51,2.561756849,3.505483627,2.558106661
16:33:51,2.561117649,3.504407406,2.558142424
16:33:51,2.560359955,3.504705429,2.558261633
16:33:51,2.561038494,3.504682541,2.557214499
16:33:51,2.56032753,3.505093098,2.557638884
16:33:51,2.56051445,3.506016731,2.55713129
16:33:51,2.560451031,3.505950928,2.557444811
16:33:51,2.560568094,3.505485058,2.557243824
16:33:51,2.560410023,3.505259037,2.55723691
16:33:51,2.560403585,3.50493288,2.557291985
16:33:51,2.56036067,3.503843546,2.557570934
16:33:51,2.560158253,3.504332781,2.55613327
16:33:51,2.56010747,3.503810167,2.558258057
16:33:51,2.56058979,3.504420996,2.557067633
16:33:51,2.560833454,3.506418943,2.556867361
16:33:51,2.560630798,3.50665617,2.556801081
16:33:51,2.560233116,3.507246733,2.557143688
16:33:51,2.561383247,3.506366491,2.558162212
16:33:51,2.561430931,3.504649878,2.557836771
16:33:51,2.560795307,3.505085707,2.558200598
16:33:51,2.561111689,3.506568909,2.558742762
16:33:51,2.560782671,3.506548405,2.557863951
16:33:51,2.560029507,3.506354332,2.558048487
16:33:51,2.560961723,3.505766869,2.558446646
16:33:51,2.560914755,3.505012035,2.557305813
16:33:51,2.56050849,3.504271984,2.557458639
16:33:51,2.560192585,3.505316257,2.557825089
16:33:51,2.559955597,3.50680232,2.55796504
16:33:51,2.561189175,3.506528854,2.558252811
16:33:51,2.560847998,3.50663662,2.559037924
16:33:51,2.561537981,3.507290125,2.558247328
16:33:51,2.560293674,3.505497456,2.558647633
16:33:51,2.561415911,3.506400585,2.558403015
16:33:51,2.560836077,3.505595922,2.55831027
16:33:51,2.561166048,3.505476475,2.557480335
16:33:52,2.56072998,3.504064798,2.55809474
16:33:52,2.560236931,3.504590511,2.558499336
16:33:52,2.56033802,3.504228354,2.558145761
16:33:52,2.560719967,3.503827095,2.556766748
16:33:52,2.560410023,3.503080845,2.557739258
16:33:52,2.560865164,3.503617764,2.558057785
16:33:52,2.561168671,3.504740715,2.55826664
16:33:52,2.560418606,3.505854368,2.557510138
16:33:52,2.560784101,3.50523901,2.556860924
16:33:52,2.561043739,3.504820108,2.557887793
16:33:52,2.560959816,3.505022526,2.557461739
16:33:52,2.561450005,3.504345894,2.558081388
16:33:52,2.561241388,3.504030704,2.558431387
16:33:52,2.560580015,3.504338741,2.558472395
16:33:52,2.561216831,3.505253553,2.557496786
16:33:52,2.561068535,3.505267143,2.557865143
16:33:52,2.560682297,3.505408287,2.556816339
16:33:52,2.560947895,3.508461475,2.558015585
16:33:52,2.560976267,3.507434607,2.55744791
16:33:52,2.561574221,3.507645845,2.558502197
16:33:52,2.561414242,3.506119251,2.558702946
16:33:52,2.560982466,3.506302595,2.558254719
16:33:52,2.560489178,3.506604671,2.558242083
16:33:52,2.560612917,3.506017447,2.556088209
16:33:52,2.560342789,3.506741047,2.557799101
16:33:52,2.560072422,3.507343769,2.557337999
16:33:52,2.560647964,3.506668568,2.556778669
16:33:52,2.560542107,3.505252123,2.55715704
16:33:52,2.560533524,3.505992174,2.557051897
16:33:52,2.561056852,3.505836248,2.557804346
16:33:52,2.562046766,3.505441904,2.558240175
16:33:52,2.560834169,3.502701044,2.558203936
16:33:52,2.560988188,3.503600836,2.557310343
16:33:52,2.560800552,3.502622604,2.558129787
16:33:52,2.560673952,3.503307104,2.557243824
16:33:52,2.559864998,3.502811432,2.556584358
16:33:52,2.559953928,3.504220724,2.556037903
16:33:52,2.560605526,3.503641129,2.557154179
16:33:52,2.55956912,3.502659798,2.556990385
16:33:52,2.560190678,3.502796888,2.556718588
16:33:52,2.560211182,3.502899408,2.558646441
16:33:52,2.560758114,3.503988981,2.557505608
16:33:52,2.560732603,3.503424644,2.557808399
16:33:52,2.561004162,3.504379988,2.557629108
16:33:52,2.56088233,3.504609346,2.556865215
16:33:52,2.561492205,3.506211281,2.558404207
16:33:52,2.560857534,3.506870031,2.557305336
16:33:52,2.560009003,3.504636765,2.557126045
16:33:52,2.55990386,3.503722191,2.556328297
16:33:52,2.560738325,3.504413605,2.557089567
16:33:52,2.561059475,3.505103588,2.556360722
16:33:52,2.560725689,3.504515409,2.556487799
16:33:52,2.560069799,3.504462242,2.557859421
16:33:52,2.560484886,3.504193306,2.557407141
16:33:52,2.560123205,3.504203796,2.557667017
16:33:52,2.560787439,3.504293442,2.557487726
16:33:52,2.560863256,3.504206419,2.557341576
16:33:52,2.559455872,3.504578114,2.557176828
16:33:52,2.55970192,3.503945351,2.557600737
16:33:52,2.560865164,3.504809856,2.556915522
16:33:52,2.561125517,3.506213903,2.558086157
16:33:52,2.560731173,3.504983187,2.557667017
16:33:52,2.56056881,3.505054951,2.558244467
16:33:52,2.561235905,3.504664183,2.55741024
16:33:52,2.560750246,3.503999472,2.556455374
16:33:52,2.560993433,3.503912449,2.557354689
16:33:52,2.560003519,3.504647255,2.557120562
16:33:52,2.560390234,3.50501442,2.556592941
16:33:52,2.560144663,3.505543947,2.555717945
16:33:52,2.560317516,3.505935192,2.556025505
16:33:52,2.560341358,3.504525661,2.55616951
16:33:52,2.560142517,3.504567623,2.557655811
16:33:52,2.559923887,3.505248308,2.558084249
16:33:52,2.560501099,3.505524158,2.557285786
16:33:52,2.559421778,3.504927874,2.556745768
16:33:52,2.560243368,3.504357576,2.557071686
16:33:52,2.559999943,3.505064249,2.558996201
16:33:52,2.560114861,3.504487991,2.556432247
16:33:52,2.560091019,3.504743338,2.557534456
16:33:52,2.560257673,3.505218029,2.556416988
16:33:52,2.560336113,3.50484705,2.558010817
16:33:52,2.560382843,3.505568027,2.557917595
16:33:52,2.559713125,3.50382781,2.556975603
16:33:52,2.560042143,3.503846645,2.557451248
16:33:52,2.560574532,3.503934145,2.557026148
16:33:52,2.56054759,3.505122423,2.557915926
16:33:52,2.560837746,3.504909754,2.556310415
16:33:52,2.560284615,3.505013943,2.557844639
16:33:52,2.560122728,3.504636765,2.556362867
16:33:52,2.559591532,3.504330158,2.556643724
16:33:52,2.560725451,3.504806519,2.556866169
16:33:52,2.560387611,3.504661083,2.556737661
16:33:52,2.559544563,3.50361681,2.556665182
16:33:52,2.561342955,3.503520489,2.557413578
16:33:52,2.560980797,3.503712416,2.557178736
16:33:52,2.560865164,3.504799366,2.557721138
16:33:52,2.561079264,3.504290342,2.557828188
16:33:52,2.560894966,3.504587173,2.557774544
16:33:52,2.56048274,3.505276918,2.556916237
16:33:52,2.561178684,3.504956484,2.558215141
16:33:52,2.561364174,3.505107164,2.557171583
16:33:52,2.561197042,3.504492044,2.55634284
16:33:52,2.5595994,3.503720284,2.557192326
16:33:52,2.559668779,3.505284071,2.556571245
16:33:52,2.559943676,3.50559926,2.557186842
16:33:52,2.561242342,3.504677296,2.556908846
16:33:52,2.561073303,3.504780293,2.557751656
16:33:52,2.55954504,3.505475283,2.557060242
16:33:52,2.559995651,3.505125999,2.556446075
16:33:52,2.559989929,3.504324436,2.557263613
16:33:52,2.559607983,3.504858017,2.557522774
16:33:52,2.560645819,3.504789114,2.557685375
16:33:52,2.559996367,3.505365133,2.557630539
16:33:52,2.560458183,3.505577803,2.55744791
16:33:52,2.560275793,3.505096197,2.557703257
16:33:53,2.560581207,3.504628181,2.557258606
16:33:53,2.559963942,3.504460573,2.557721138
16:33:53,2.560681581,3.504704237,2.557327509
16:33:53,2.559495926,3.505346775,2.558306456
16:33:53,2.561022043,3.505402803,2.558071613
16:33:53,2.560556173,3.505982161,2.556846857
16:33:53,2.561330557,3.505772829,2.556452036
16:33:53,2.560244083,3.505084038,2.557991028
16:33:53,2.56047821,3.505393028,2.557146311
16:33:53,2.560673237,3.506267309,2.556873322
16:33:53,2.56133461,3.50602293,2.556858063
16:33:53,2.56051302,3.504998207,2.559043169
16:33:53,2.56090045,3.504315376,2.558416843
16:33:53,2.560945272,3.503227472,2.558143616
16:33:53,2.560614109,3.503903389,2.557910204
16:33:53,2.560091019,3.503412962,2.556717634
16:33:53,2.560679197,3.50413847,2.558458567
16:33:53,2.56050849,3.503684282,2.557540655
16:33:53,2.560409546,3.504670858,2.557042599
16:33:53,2.559849739,3.502611637,2.558873177
16:33:53,2.55954051,3.503761768,2.558782578
16:33:53,2.561574936,3.505064964,2.557815552
16:33:53,2.560492754,3.504881382,2.556785822
16:33:53,2.560553551,3.504688978,2.55770731
16:33:53,2.560870171,3.504831076,2.557096958
16:33:53,2.560552597,3.505023241,2.558107138
16:33:53,2.561105728,3.505744219,2.557167768
16:33:53,2.560302973,3.505080462,2.557391167
16:33:53,2.560796738,3.504038572,2.557024002
16:33:53,2.561221361,3.50382781,2.558038473
16:33:53,2.560988188,3.504588604,2.557579756
16:33:53,2.560565233,3.504548073,2.558184147
16:33:53,2.560562611,3.506067753,2.558004856
16:33:53,2.56027317,3.506291389,2.556437016
16:33:53,2.560603619,3.506023884,2.557764053
16:33:53,2.560881138,3.505218744,2.557482243
16:33:53,2.560921907,3.504251957,2.55753088
16:33:53,2.560491323,3.504105091,2.556506157
16:33:53,2.560283899,3.505445242,2.557744741
16:33:53,2.559754133,3.505649567,2.557354689
16:33:53,2.56042695,3.505275488,2.557865143
16:33:53,2.560043573,3.504538298,2.557400227
16:33:53,2.560595036,3.504863262,2.556740999
16:33:53,2.560254097,3.504732847,2.55671525
16:33:53,2.561490059,3.505510092,2.557467222
16:33:53,2.560205221,3.506044149,2.556662321
16:33:53,2.560719967,3.506587744,2.556922436
16:33:53,2.560551882,3.506565332,2.558760166
16:33:53,2.560858011,3.505259991,2.557638407
16:33:53,2.561112881,3.50489521,2.558276176
16:33:53,2.560334682,3.505503178,2.558609247
16:33:53,2.561255693,3.505905151,2.559297085
16:33:53,2.561277628,3.505615473,2.558135748
16:33:53,2.560487509,3.505346775,2.558059931
16:33:53,2.56113553,3.505431652,2.557150602
16:33:53,2.560536385,3.502984285,2.558411121
16:33:53,2.560537577,3.503572226,2.556660414
16:33:53,2.559592724,3.502475023,2.557242393
16:33:53,2.55986619,3.502245665,2.556057215
16:33:53,2.560455799,3.502300739,2.557511568
16:33:53,2.560174704,3.503321171,2.557122469
16:33:53,2.559651613,3.5023911,2.556947947
16:33:53,2.559640646,3.50248909,2.557067156
16:33:53,2.560197353,3.502571821,2.557322979
16:33:53,2.560592413,3.503805161,2.557049036
16:33:53,2.560461044,3.503391981,2.557781935
16:33:53,2.559878111,3.504827499,2.557133198
16:33:53,2.560504675,3.507157326,2.558730364
16:33:53,2.56038022,3.506999493,2.556057692
16:33:53,2.560081244,3.506165028,2.557014942
16:33:53,2.561436176,3.505541801,2.556370735
16:33:53,2.560743809,3.505173206,2.557618618
16:33:53,2.560893774,3.505445957,2.558463097
16:33:53,2.560602188,3.504974127,2.557535648
16:33:53,2.560403585,3.506679773,2.55867815
16:33:53,2.56036377,3.50590086,2.557476521
16:33:53,2.559607983,3.505335093,2.556460619
16:33:53,2.561694622,3.505483627,2.556899071
16:33:53,2.560944557,3.505503178,2.556405783
16:33:53,2.561164141,3.505654812,2.557183266
16:33:53,2.561119795,3.506171465,2.557316303
16:33:53,2.559378147,3.505259991,2.557963848
16:33:53,2.560208797,3.505222321,2.557326794
16:33:53,2.560652494,3.505069971,2.557694674
16:33:53,2.560871124,3.505207777,2.558004856
16:33:53,2.56072402,3.503881931,2.556941509
16:33:53,2.560399532,3.503800392,2.556876421
16:33:53,2.55990386,3.503040314,2.557931423
16:33:53,2.560809612,3.50420928,2.558782578
16:33:53,2.560601711,3.505498171,2.557234049
16:33:53,2.560943842,3.505975008,2.557412148
16:33:53,2.560599804,3.505537987,2.556454897
16:33:53,2.560992718,3.505279541,2.557553768
16:33:53,2.560444355,3.505214453,2.557721853
16:33:53,2.560308456,3.504812956,2.557149172
16:33:53,2.561136246,3.505905151,2.558116674
16:33:53,2.560580015,3.505141258,2.55798173
16:33:53,2.560703516,3.505924702,2.558778048
16:33:53,2.561190844,3.504032135,2.557371378
16:33:53,2.560245037,3.503771544,2.555418968
16:33:53,2.561109781,3.504213572,2.557309151
16:33:53,2.560678244,3.504445791,2.557581663
16:33:53,2.560746431,3.505905867,2.558432579
16:33:53,2.561570406,3.505251408,2.557358027
16:33:53,2.561650991,3.504161835,2.558523417
16:33:53,2.561035633,3.505178452,2.557202101
16:33:53,2.560963154,3.504850149,2.55874753
16:33:53,2.561512709,3.505217075,2.558624029
16:33:53,2.561019421,3.504966974,2.558043718
16:33:53,2.561146975,3.503728867,2.557123899
16:33:53,2.56025672,3.504419565,2.558354616
16:33:53,2.560045242,3.504850626,2.556934118
16:33:53,2.560722589,3.504850149,2.558078289
16:33:53,2.561263561,3.505086899,2.557733059
16:33:53,2.561948776,3.503735065,2.557446718
16:33:53,2.560412169,3.503611326,2.556387186
16:33:53,2.56099534,3.504221916,2.557371378
16:33:53,2.561112881,3.504612923,2.557261467
16:33:53,2.561082125,3.505241871,2.557309866
16:33:54,2.560493231,3.50342989,2.557832479
16:33:54,2.559559822,3.501815557,2.557733774
16:33:54,2.560261965,3.504196644,2.556625128
16:33:54,2.56001544,3.50467205,2.555552006
16:33:54,2.55988884,3.504534483,2.557463884
16:33:54,2.560491323,3.505831957,2.557196617
16:33:54,2.56014967,3.504543543,2.557374477
16:33:54,2.559547424,3.504477024,2.5570333
16:33:54,2.560008287,3.504490137,2.558404922
16:33:54,2.560223579,3.505335093,2.557535648
16:33:54,2.560410023,3.505419254,2.558160305
16:33:54,2.561174393,3.506464958,2.557078362
16:33:54,2.559836149,3.507072687,2.556829929
16:33:54,2.559710503,3.507615089,2.557367802
16:33:54,2.559872866,3.505934477,2.557832479
16:33:54,2.560220957,3.505969763,2.55785799
16:33:54,2.560260296,3.50532794,2.558243752
16:33:54,2.560381651,3.505227804,2.557940483
16:33:54,2.560604334,3.506581306,2.558287382
16:33:54,2.561028481,3.505993366,2.557322502
16:33:54,2.560167551,3.504974842,2.556540728
16:33:54,2.560450315,3.502649307,2.557180405
16:33:54,2.559837818,3.504392147,2.558207273
16:33:54,2.560658455,3.503367424,2.557480335
16:33:54,2.56080246,3.503919125,2.556462049
16:33:54,2.560798645,3.504676819,2.558010101
16:33:54,2.561421394,3.503839493,2.557542801
16:33:54,2.561183214,3.50278163,2.558610439
16:33:54,2.56073308,3.504248857,2.557170868
16:33:54,2.561573029,3.504048347,2.557153463
16:33:54,2.560865879,3.504515409,2.558418751
16:33:54,2.560036659,3.504695654,2.557779312
16:33:54,2.561576128,3.505641699,2.557522774
16:33:54,2.560770035,3.505658627,2.558916807
16:33:54,2.560700178,3.505285978,2.558567524
16:33:54,2.560607672,3.505698919,2.557501554
16:33:54,2.56075573,3.505663157,2.557781219
16:33:54,2.561420202,3.506165981,2.558000803
16:33:54,2.560122013,3.504937649,2.557709932
16:33:54,2.560768127,3.503674507,2.557838917
16:33:54,2.559976101,3.502805471,2.557936668
16:33:54,2.559256315,3.503251553,2.558448553
16:33:54,2.560454369,3.505887032,2.557846069
16:33:54,2.561197042,3.50548625,2.557339668
16:33:54,2.560552597,3.505483627,2.557400227
16:33:54,2.56091547,3.504775047,2.557807922
16:33:54,2.560578823,3.504075289,2.557907581
16:33:54,2.56036973,3.504493952,2.557009459
16:33:54,2.561613321,3.505566597,2.559733629
16:33:54,2.561282873,3.507657766,2.55750823
16:33:54,2.561321259,3.505166769,2.558483839
16:33:54,2.561764479,3.503966808,2.557454586
16:33:54,2.560323,3.503796577,2.558110714
16:33:54,2.559628487,3.503643751,2.55693078
16:33:54,2.560468197,3.505536556,2.558311701
16:33:54,2.560070515,3.506309032,2.558618069
16:33:54,2.560661316,3.504589796,2.556430101
16:33:54,2.561242342,3.504738331,2.557844639
16:33:54,2.560853243,3.505895376,2.557264566
16:33:54,2.561747313,3.505812407,2.557806253
16:33:54,2.560807943,3.504877567,2.556525469
16:33:54,2.560413361,3.505269766,2.557091951
16:33:54,2.560933352,3.505747318,2.556144476
16:33:54,2.560959816,3.505408764,2.556559324
16:33:54,2.560680389,3.504463911,2.557015657
16:33:54,2.560321569,3.505241156,2.557340145
16:33:54,2.561186314,3.504103899,2.557747602
16:33:54,2.560622454,3.503410816,2.557123899
16:33:54,2.560658455,3.503941298,2.556101561
16:33:54,2.560150385,3.505928755,2.558290482
16:33:54,2.560104132,3.503121138,2.557784557
16:33:54,2.560592413,3.504901171,2.557684898
16:33:54,2.560748339,3.504836559,2.557285786
16:33:54,2.561081171,3.505217552,2.557884455
16:33:54,2.560682297,3.503748417,2.557822704
16:33:54,2.560721159,3.503932953,2.556530237
16:33:54,2.55953908,3.502174616,2.557344675
16:33:54,2.560959816,3.504322529,2.557400942
16:33:54,2.560960531,3.505926609,2.557533741
16:33:54,2.56058836,3.506199598,2.556967735
16:33:54,2.560179949,3.503865004,2.557791233
16:33:54,2.560250759,3.50368166,2.556485176
16:33:54,2.560889721,3.504155636,2.557842731
16:33:54,2.560040712,3.504593372,2.55812788
16:33:54,2.560042143,3.505180359,2.55612278
16:33:54,2.559906006,3.503689289,2.557584763
16:33:54,2.560459614,3.502563477,2.557219744
16:33:54,2.559924603,3.502789736,2.556292772
16:33:54,2.560210466,3.505643129,2.557465076
16:33:54,2.560638666,3.506217003,2.556642532
16:33:54,2.559834003,3.505303621,2.557858706
16:33:54,2.559740782,3.504668713,2.55620265
16:33:54,2.559780359,3.505215168,2.557751656
16:33:54,2.560572624,3.505419254,2.556380749
16:33:54,2.560213804,3.505673647,2.556132555
16:33:54,2.560118437,3.504197836,2.556345463
16:33:54,2.559331179,3.505177021,2.55792737
16:33:54,2.560141087,3.506148577,2.558201313
16:33:54,2.559588194,3.50462985,2.556622028
16:33:54,2.559726715,3.505208254,2.557149887
16:33:54,2.560404301,3.503556967,2.55622077
16:33:54,2.559285402,3.503370523,2.556281328
16:33:54,2.559254408,3.502665997,2.557430029
16:33:54,2.561781645,3.504305601,2.556378603
16:33:54,2.561049461,3.504438639,2.557435274
16:33:54,2.560908318,3.503936768,2.556244135
16:33:54,2.559842587,3.503802299,2.556816339
16:33:54,2.560143709,3.504704237,2.558455706
16:33:54,2.560254097,3.504187346,2.558176041
16:33:54,2.560314894,3.503860712,2.557847261
16:33:54,2.56047821,3.504963636,2.557860613
16:33:54,2.561277628,3.503551722,2.557049751
16:33:54,2.561537266,3.505682707,2.557530165
16:33:54,2.56069088,3.505610943,2.558021069
16:33:54,2.560786247,3.504276276,2.556459665
16:33:54,2.560148954,3.503661394,2.558227062
16:33:54,2.560165644,3.502552271,2.557693958
16:33:54,2.560553551,3.505651474,2.55789113
16:33:54,2.561087132,3.50628686,2.557673454
16:33:55,2.560374975,3.504508495,2.55799365
16:33:55,2.55969429,3.505824804,2.556701422
16:33:55,2.560135841,3.505735159,2.556483746
16:33:55,2.560167074,3.50475955,2.557280779
16:33:55,2.560340881,3.504435301,2.557273626
16:33:55,2.559907436,3.504843712,2.555719137
16:33:55,2.559762716,3.502261639,2.557185173
16:33:55,2.56010294,3.506424427,2.55743885
16:33:55,2.560390234,3.505057812,2.557534456
16:33:55,2.560566187,3.50535655,2.555747747
16:33:55,2.560026884,3.504544258,2.557309866
16:33:55,2.560553551,3.505322456,2.558797121
16:33:55,2.56003952,3.504325151,2.556416988
16:33:55,2.560456991,3.506137371,2.556057692
16:33:55,2.559952021,3.504761457,2.557158232
16:33:55,2.560020924,3.504308224,2.556467295
16:33:55,2.55935359,3.503656387,2.556158781
16:33:55,2.559395313,3.503030539,2.557611465
16:33:55,2.559176683,3.502600431,2.555912733
16:33:55,2.559523344,3.503892899,2.557038546
16:33:55,2.560568094,3.505095005,2.556236982
16:33:55,2.559770346,3.505134106,2.556387186
16:33:55,2.560330868,3.504280567,2.556918144
16:33:55,2.560174227,3.504125357,2.557584763
16:33:55,2.560019732,3.50508523,2.558014631
16:33:55,2.561244488,3.5040977,2.556850195
16:33:55,2.560257673,3.504165411,2.557667732
16:33:55,2.561247349,3.505316257,2.556057215
16:33:55,2.56187892,3.506494999,2.557702065
16:33:55,2.561758995,3.506880522,2.55701375
16:33:55,2.561068058,3.505103588,2.557862043
16:33:55,2.560810328,3.505078554,2.558423281
16:33:55,2.560560703,3.505628586,2.557508945
16:33:55,2.560399532,3.505400419,2.557063818
16:33:55,2.56018424,3.504992008,2.558318853
16:33:55,2.560174704,3.504918814,2.557888508
16:33:55,2.55987215,3.505154848,2.557400942
16:33:55,2.56126833,3.504877567,2.557875156
16:33:55,2.561350822,3.506707668,2.557578802
16:33:55,2.560709238,3.505175114,2.557974577
16:33:55,2.560091019,3.504834652,2.557420731
16:33:55,2.560708523,3.504988432,2.557709217
16:33:55,2.559812069,3.504445076,2.55643487
16:33:55,2.56036973,3.503812313,2.557589531
16:33:55,2.56086731,3.504197836,2.557910204
16:33:55,2.560913563,3.504418373,2.558147669
16:33:55,2.561042309,3.505031109,2.558406115
16:33:55,2.560408831,3.504707813,2.556926727
16:33:55,2.560442448,3.50484705,2.558276176
16:33:55,2.56033659,3.505176544,2.558139801
16:33:55,2.560922623,3.505734444,2.557808399
16:33:55,2.560092211,3.505864859,2.557255507
16:33:55,2.560932159,3.50593257,2.557884455
16:33:55,2.56119585,3.506820679,2.557579756
16:33:55,2.561185122,3.506461143,2.556779146
16:33:55,2.560170889,3.50561738,2.557425737
16:33:55,2.560043573,3.503827095,2.556282997
16:33:55,2.559561014,3.504517555,2.558830738
16:33:55,2.561965227,3.505578995,2.558866024
16:33:55,2.561823845,3.505717278,2.557936668
16:33:55,2.561311245,3.508318424,2.558193207
16:33:55,2.560530186,3.507703543,2.55812192
16:33:55,2.560928822,3.508562088,2.55754447
16:33:55,2.561284065,3.50662303,2.556898355
16:33:55,2.560785294,3.505776167,2.558887482
16:33:55,2.560627937,3.505903959,2.557736397
16:33:55,2.561784267,3.505159616,2.556708574
16:33:55,2.561141491,3.505231142,2.557434797
16:33:55,2.560446501,3.50561738,2.557281971
16:33:55,2.560750246,3.504531145,2.558117867
16:33:55,2.561237335,3.505979061,2.557816267
16:33:55,2.561413765,3.50638938,2.557291269
16:33:55,2.560859919,3.505966663,2.557882547
16:33:55,2.560336113,3.50570035,2.557411432
16:33:55,2.561298847,3.50653553,2.557403088
16:33:55,2.560664177,3.505488873,2.558243036
16:33:55,2.560426474,3.504961729,2.558741808
16:33:55,2.560720682,3.504195929,2.559172869
16:33:55,2.560806036,3.504259586,2.557905197
16:33:55,2.561005831,3.50573945,2.559343338
16:33:55,2.562205791,3.505160809,2.559176445
16:33:55,2.560859442,3.504880428,2.558995485
16:33:55,2.561676502,3.507037163,2.558750868
16:33:55,2.56090045,3.505413771,2.558483124
16:33:55,2.561727285,3.505211592,2.556394577
16:33:55,2.56098032,3.505603313,2.55756712
16:33:55,2.560702085,3.506295443,2.558153152
16:33:55,2.560776949,3.505577087,2.557925701
16:33:55,2.561469078,3.505455732,2.557547092
16:33:55,2.561269045,3.504877567,2.557036638
16:33:55,2.561789513,3.504788399,2.557465076
16:33:55,2.56087923,3.504985809,2.559494734
16:33:55,2.56152606,3.504936457,2.558969259
16:33:55,2.561296225,3.504123449,2.557492018
16:33:55,2.560569286,3.505028486,2.557780743
16:33:55,2.561304569,3.506992102,2.557975054
16:33:55,2.561307192,3.507107735,2.558456421
16:33:55,2.561223984,3.506926298,2.557514668
16:33:55,2.560088396,3.505283356,2.557501078
16:33:55,2.560904264,3.505602598,2.558202744
16:33:55,2.561014891,3.505629778,2.557788134
16:33:55,2.560935974,3.505513191,2.558087349
16:33:55,2.560893059,3.504814386,2.557991028
16:33:55,2.561848402,3.505629778,2.558126688
16:33:55,2.561430216,3.506968737,2.558034658
16:33:55,2.56122756,3.506667852,2.55792141
16:33:55,2.561063766,3.506747484,2.558384418
16:33:55,2.561790228,3.507987976,2.557836056
16:33:55,2.560872316,3.507567644,2.55866003
16:33:55,2.561537981,3.507314682,2.557243824
16:33:55,2.560118437,3.506368637,2.558492899
16:33:55,2.561039686,3.504944324,2.557979584
16:33:55,2.561411142,3.506783485,2.559360504
16:33:55,2.562105417,3.506238461,2.558266163
16:33:55,2.561380625,3.505578995,2.558268785
16:33:55,2.560693026,3.504475594,2.557364225
16:33:56,2.560390949,3.50477314,2.557469368
16:33:56,2.560420513,3.505012035,2.556955099
16:33:56,2.560477734,3.505060911,2.557231188
16:33:56,2.560878515,3.505588055,2.558206558
16:33:56,2.561087132,3.504736185,2.557756662
16:33:56,2.561254501,3.504530668,2.55809617
16:33:56,2.560711384,3.504130602,2.557023525
16:33:56,2.561476469,3.504302025,2.557719231
16:33:56,2.560584307,3.504680634,2.557773352
16:33:56,2.561539173,3.50563693,2.557778597
16:33:56,2.560059309,3.503733873,2.558014631
16:33:56,2.559826136,3.503517151,2.558184624
16:33:56,2.560853958,3.504951954,2.558136463
16:33:56,2.561484337,3.506258726,2.558488131
16:33:56,2.559423685,3.505069494,2.556620836
16:33:56,2.559805632,3.505692482,2.55839777
16:33:56,2.560384989,3.503492594,2.556678057
16:33:56,2.561409712,3.504575014,2.556682348
16:33:56,2.560141802,3.504334688,2.556991577
16:33:56,2.560218573,3.504345894,2.55681181
16:33:56,2.559749365,3.504585505,2.556156397
16:33:56,2.560271978,3.505470037,2.558541059
16:33:56,2.561438084,3.505201101,2.557767391
16:33:56,2.561196327,3.504547596,2.557198763
16:33:56,2.561183691,3.505669832,2.557273626
16:33:56,2.56047678,3.506141663,2.557673454
16:33:56,2.561331034,3.506839037,2.556900978
16:33:56,2.560591221,3.505979538,2.557402372
16:33:56,2.560737133,3.504745245,2.557748318
16:33:56,2.561152697,3.504991293,2.558141708
16:33:56,2.560999393,3.505285978,2.558545351
16:33:56,2.560865879,3.505089521,2.557676792
16:33:56,2.560601711,3.505087614,2.558206558
16:33:56,2.560546875,3.505152941,2.558169603
16:33:56,2.560842037,3.504204988,2.557368517
16:33:56,2.560940742,3.504470348,2.55786705
16:33:56,2.560500383,3.50531888,2.557388783
16:33:56,2.560473442,3.504836559,2.558217049
16:33:56,2.560658455,3.504203081,2.556494951
16:33:56,2.561148167,3.504810333,2.558125019
16:33:56,2.561046362,3.504170179,2.55699873
16:33:56,2.560566664,3.503036261,2.558166742
16:33:56,2.560908318,3.504845619,2.557035446
16:33:56,2.560153723,3.504229784,2.555496454
16:33:56,2.559936523,3.504917622,2.55671978
16:33:56,2.56147027,3.506915808,2.557742119
16:33:56,2.560612917,3.506202698,2.556442261
16:33:56,2.561155319,3.506115198,2.556924105
16:33:56,2.560333967,3.505741358,2.557299852
16:33:56,2.561124802,3.506053925,2.558835983
16:33:56,2.560647964,3.50522542,2.557816982
16:33:56,2.560633898,3.505093098,2.558274031
16:33:56,2.560794115,3.505042791,2.558498144
16:33:56,2.561134338,3.505783319,2.558585405
16:33:56,2.561084747,3.506424427,2.559260607
16:33:56,2.560480595,3.505282879,2.556958675
16:33:56,2.560897589,3.505093813,2.55720973
16:33:56,2.561130762,3.504992008,2.557457924
16:33:56,2.561215401,3.504764795,2.557848692
16:33:56,2.561212778,3.50534749,2.557141542
16:33:56,2.560539961,3.505285978,2.557811022
16:33:56,2.559780359,3.504679203,2.556704044
16:33:56,2.561065674,3.504514694,2.558524609
16:33:56,2.561282158,3.50278163,2.55747962
16:33:56,2.559901237,3.502655506,2.556734324
16:33:56,2.560813189,3.503538132,2.556340933
16:33:56,2.561411619,3.505881071,2.555855513
16:33:56,2.559953928,3.504745245,2.555886507
16:33:56,2.560256004,3.504994392,2.555455923
16:33:56,2.559378624,3.505192041,2.55683279
16:33:56,2.559166431,3.50475502,2.556394577
16:33:56,2.560386896,3.50402236,2.557003021
16:33:56,2.560958385,3.504855394,2.556914806
16:33:56,2.560717344,3.503520489,2.557337999
16:33:56,2.55967474,3.504927397,2.557936192
16:33:56,2.559982538,3.50525856,2.556934118
16:33:56,2.560672283,3.505824804,2.557553053
16:33:56,2.560374975,3.504256487,2.556699276
16:33:56,2.560914755,3.505838871,2.557453871
16:33:56,2.56075573,3.505862951,2.556911707
16:33:56,2.560422659,3.504482508,2.557397127
16:33:56,2.560393572,3.504126072,2.557711124
16:33:56,2.56038022,3.50463295,2.557924271
16:33:56,2.559659719,3.504392147,2.557636499
16:33:56,2.560323477,3.503093243,2.557439566
16:33:56,2.559537411,3.504061937,2.557837486
16:33:56,2.560346603,3.503959656,2.557489634
16:33:56,2.559837818,3.504812241,2.556875944
16:33:56,2.560693026,3.505555868,2.558782578
16:33:56,2.560895681,3.505319834,2.557549953
16:33:56,2.560666561,3.504364729,2.557602644
16:33:56,2.560505152,3.505027771,2.558152437
16:33:56,2.560885668,3.505816698,2.557330132
16:33:56,2.560569286,3.505351782,2.557667017
16:33:56,2.560361862,3.503768682,2.557058334
16:33:56,2.560647011,3.504396915,2.557153463
16:33:56,2.560753584,3.503175497,2.557696104
16:33:56,2.560598373,3.501995802,2.558219194
16:33:56,2.560620785,3.503454447,2.558107138
16:33:56,2.560077667,3.502426863,2.556785822
16:33:56,2.560352802,3.502987623,2.556916237
16:33:56,2.5608778,3.504566431,2.556412935
16:33:56,2.559512854,3.503688812,2.55688858
16:33:56,2.560752392,3.504197836,2.557494879
16:33:56,2.560357809,3.505221367,2.556123495
16:33:56,2.560965538,3.505211592,2.557973146
16:33:56,2.561014891,3.504160643,2.556569099
16:33:56,2.560467005,3.50311327,2.558425903
16:33:56,2.55997324,3.503572226,2.556528807
16:33:56,2.560111284,3.504281759,2.557826996
16:33:56,2.56011796,3.504704952,2.557222605
16:33:56,2.56008029,3.503586292,2.556651831
16:33:56,2.56019187,3.503323555,2.556918859
16:33:56,2.559764624,3.502778769,2.556411743
16:33:56,2.560131073,3.502815723,2.556398153
16:33:56,2.559958935,3.503505945,2.555705309
16:33:56,2.558999062,3.50404048,2.55483675
16:33:56,2.559384584,3.503747702,2.556849003
16:33:56,2.559622526,3.503704548,2.556952238
16:33:57,2.559756517,3.504507542,2.557186842
16:33:57,2.560020208,3.504395962,2.557590008
16:33:57,2.560390234,3.504762173,2.557007551
16:33:57,2.560179949,3.50475812,2.557283401
16:33:57,2.559504986,3.504897118,2.555396318
16:33:57,2.559332371,3.504353762,2.555257797
16:33:57,2.559952736,3.505424261,2.556379795
16:33:57,2.560539007,3.504535437,2.556377888
16:33:57,2.56022644,3.503907442,2.556301355
16:33:57,2.55960393,3.503903389,2.557617188
16:33:57,2.560200453,3.503774166,2.555678129
16:33:57,2.559459448,3.503097534,2.556194067
16:33:57,2.559045076,3.503482819,2.556008339
16:33:57,2.559797287,3.504036665,2.556379795
16:33:57,2.559606552,3.503611803,2.555466652
16:33:57,2.559960842,3.50318718,2.557786465
16:33:57,2.560098171,3.504447699,2.557101488
16:33:57,2.56068635,3.502762318,2.555833817
16:33:57,2.560000658,3.50250864,2.556360006
16:33:57,2.561539173,3.50309968,2.556512117
16:33:57,2.559654951,3.502778769,2.556522131
16:33:57,2.559767246,3.504616022,2.557734966
16:33:57,2.560717344,3.504066467,2.558321476
16:33:57,2.559549093,3.502229452,2.557342052
16:33:57,2.559052467,3.501917362,2.555551291
16:33:57,2.559337616,3.503125191,2.556850195
16:33:57,2.558104038,3.503065109,2.556427956
16:33:57,2.559693813,3.503488064,2.556574345
16:33:57,2.559980869,3.504990578,2.556774139
16:33:57,2.560511112,3.504950047,2.555933475
16:33:57,2.560077667,3.504491568,2.557058334
16:33:57,2.560281277,3.504004478,2.556613445
16:33:57,2.559765577,3.504037142,2.557097435
16:33:57,2.559855938,3.503188372,2.55616045
16:33:57,2.559613705,3.504608631,2.557149887
16:33:57,2.56011796,3.504929781,2.555881023
16:33:57,2.55924964,3.504557848,2.556708574
16:33:57,2.559235334,3.504533052,2.556899786
16:33:57,2.560586452,3.504719496,2.55726409
16:33:57,2.560458183,3.503784895,2.556716681
16:33:57,2.559818029,3.502694607,2.55613184
16:33:57,2.560069323,3.504283905,2.557527304
16:33:57,2.559177637,3.504921913,2.557180882
16:33:57,2.560009718,3.503983974,2.555786848
16:33:57,2.55995822,3.503692865,2.557374477
16:33:57,2.560032845,3.504972935,2.556680202
16:33:57,2.560666561,3.503805637,2.557758331
16:33:57,2.560555458,3.503584623,2.557982206
16:33:57,2.560577154,3.504225254,2.556622028
16:33:57,2.560942411,3.503975868,2.558740139
16:33:57,2.560263157,3.504876375,2.55778861
16:33:57,2.560515881,3.503834248,2.556950569
16:33:57,2.559779167,3.504233599,2.556791067
16:33:57,2.561292887,3.504247427,2.5566926
16:33:57,2.559921741,3.503522396,2.556141853
16:33:57,2.560935259,3.505140543,2.557042599
16:33:57,2.560392857,3.504725695,2.556370735
16:33:57,2.560874701,3.504455566,2.556307316
16:33:57,2.55964303,3.504788399,2.556681395
16:33:57,2.560678244,3.506142855,2.558412075
16:33:57,2.559846401,3.505728245,2.559177399
16:33:57,2.561352491,3.506697893,2.558022022
16:33:57,2.560335398,3.506072998,2.5581007
16:33:57,2.560200453,3.506144047,2.556801796
16:33:57,2.560851336,3.506482363,2.557053804
16:33:57,2.560346603,3.505779266,2.557856798
16:33:57,2.56047678,3.506673336,2.557179689
16:33:57,2.561657429,3.505455732,2.557638884
16:33:57,2.561087847,3.505539894,2.558092594
16:33:57,2.561514616,3.506870747,2.558717728
16:33:57,2.560849667,3.503688097,2.557424068
16:33:57,2.55982995,3.504546165,2.557140589
16:33:57,2.56009388,3.50370121,2.557095528
16:33:57,2.561000824,3.50380373,2.557476521
16:33:57,2.561007261,3.504318476,2.558060408
16:33:57,2.560392857,3.50317359,2.557258606
16:33:57,2.559226274,3.503481388,2.556755781
16:33:57,2.560329437,3.50431776,2.558133125
16:33:57,2.560630083,3.504634857,2.557258606
16:33:57,2.561024427,3.505559444,2.55819273
16:33:57,2.560580015,3.504667521,2.55954957
16:33:57,2.560108185,3.505648613,2.559716225
16:33:57,2.562185287,3.504807234,2.558640957
16:33:57,2.561561823,3.50501585,2.557945251
16:33:57,2.560561895,3.504518747,2.558563232
16:33:57,2.560681581,3.504842997,2.558111429
16:33:57,2.560235023,3.503448725,2.558396578
16:33:57,2.560422659,3.505065441,2.557868004
16:33:57,2.561047554,3.505523443,2.558101654
16:33:57,2.560603619,3.506443977,2.556872606
16:33:57,2.56065774,3.505033016,2.557099104
16:33:57,2.561592817,3.506799698,2.558022738
16:33:57,2.561376572,3.505809307,2.558186531
16:33:57,2.561775208,3.506241083,2.556789875
16:33:57,2.560099363,3.50568676,2.558489561
16:33:57,2.560171604,3.505954742,2.557929516
16:33:57,2.560913563,3.506121159,2.556310415
16:33:57,2.56087184,3.504987717,2.556569815
16:33:57,2.560127258,3.506221056,2.558238268
16:33:57,2.559880257,3.504499197,2.557709932
16:33:57,2.560091019,3.503879547,2.557321072
16:33:57,2.560134649,3.504396915,2.557500362
16:33:57,2.559670687,3.502702236,2.557513952
16:33:57,2.559070826,3.502563477,2.556702137
16:33:57,2.559446096,3.502808571,2.556643248
16:33:57,2.559042692,3.503778934,2.556980371
16:33:57,2.560179234,3.502215624,2.557017326
16:33:57,2.559495926,3.503210545,2.557508945
16:33:57,2.56120348,3.504377842,2.55768919
16:33:57,2.559876204,3.504497766,2.556699753
16:33:57,2.560179949,3.502678871,2.557165623
16:33:57,2.560129166,3.503246546,2.557672262
16:33:57,2.5598948,3.505092382,2.556123495
16:33:57,2.560567379,3.504639626,2.557430506
16:33:57,2.560696125,3.504059315,2.556642532
16:33:58,2.56090045,3.504326344,2.5568645
16:33:58,2.559831858,3.504032135,2.55774951
16:33:58,2.560825825,3.504332781,2.557837486
16:33:58,2.560417891,3.504950762,2.557352781
16:33:58,2.560395241,3.505154848,2.556740999
16:33:58,2.5605371,3.505857706,2.557158232
16:33:58,2.560609818,3.504978657,2.556937933
16:33:58,2.560889244,3.507350445,2.556939363
16:33:58,2.560803175,3.506794453,2.556962013
16:33:58,2.560142517,3.506945848,2.558105946
16:33:58,2.560154438,3.506605387,2.558887482
16:33:58,2.560512543,3.505514383,2.558149576
16:33:58,2.561362267,3.506027222,2.55771184
16:33:58,2.561846495,3.505184174,2.556832075
16:33:58,2.560386181,3.505036831,2.557542801
16:33:58,2.559341192,3.504768133,2.556966543
16:33:58,2.560549498,3.504678011,2.557777405
16:33:58,2.559872866,3.504191875,2.557186127
16:33:58,2.56084013,3.503833771,2.556700706
16:33:58,2.559391975,3.503658056,2.556622744
16:33:58,2.559298038,3.503266096,2.557126045
16:33:58,2.559466124,3.50380373,2.556621552
16:33:58,2.560544729,3.503686905,2.556479692
16:33:58,2.55983448,3.50285697,2.555334091
16:33:58,2.55997324,3.502470016,2.555314541
16:33:58,2.558909416,3.502358675,2.555630922
16:33:58,2.559383631,3.503143311,2.556668043
16:33:58,2.559405088,3.50327301,2.556073189
16:33:58,2.559812784,3.503184557,2.557736874
16:33:58,2.560076952,3.503805161,2.5564816
16:33:58,2.559690475,3.501906395,2.556506157
16:33:58,2.559430838,3.502820015,2.556808472
16:33:58,2.559579134,3.50343895,2.555794716
16:33:58,2.558383703,3.503213167,2.555725098
16:33:58,2.558653831,3.504664183,2.555987835
16:33:58,2.559486866,3.503737211,2.556515455
16:33:58,2.558792114,3.503781319,2.555594921
16:33:58,2.559497118,3.50335598,2.556241512
16:33:58,2.559828997,3.502793789,2.555439472
16:33:58,2.559943676,3.503749371,2.556752205
16:33:58,2.559047699,3.503187895,2.555840969
16:33:58,2.559031963,3.504354954,2.556138277
16:33:58,2.558588982,3.504334688,2.5554111
16:33:58,2.559611797,3.5029881,2.556310415
16:33:58,2.559342861,3.503144026,2.555883408
16:33:58,2.559816122,3.504265547,2.555858374
16:33:58,2.55982852,3.504198313,2.55575943
16:33:58,2.558650494,3.503889322,2.554309845
16:33:58,2.558382273,3.504664898,2.556500196
16:33:58,2.560292244,3.504197121,2.55616045
16:33:58,2.560887337,3.504118919,2.557304621
16:33:58,2.560698748,3.504919529,2.557429552
16:33:58,2.560367823,3.50407052,2.556032181
16:33:58,2.559856415,3.504271984,2.557893991
16:33:58,2.558325529,3.503777027,2.557944775
16:33:58,2.559621811,3.502363443,2.55575037
16:33:58,2.559553146,3.501874447,2.55541563
16:33:58,2.559195757,3.502953768,2.556904316
16:33:58,2.5594666,3.504015446,2.555979013
16:33:58,2.559166431,3.503976583,2.557202101
16:33:58,2.559783697,3.503379583,2.556073189
16:33:58,2.558990955,3.503349066,2.555853605
16:33:58,2.559464693,3.502576828,2.556292772
16:33:58,2.558926821,3.503463268,2.556453228
16:33:58,2.559672594,3.503716946,2.556451321
16:33:58,2.559197187,3.503165007,2.555519342
16:33:58,2.559097052,3.503388882,2.556978464
16:33:58,2.5594666,3.504267693,2.556157112
16:33:58,2.559231997,3.504051685,2.557691336
16:33:58,2.558640718,3.503605366,2.555629253
16:33:58,2.559588194,3.503135204,2.555246353
16:33:58,2.559206486,3.503547907,2.555722475
16:33:58,2.559231997,3.503883839,2.554733753
16:33:58,2.559039831,3.504315853,2.556141138
16:33:58,2.559007406,3.50296998,2.555633783
16:33:58,2.559226751,3.502076626,2.556383371
16:33:58,2.559361458,3.501965523,2.555934906
16:33:58,2.558964968,3.50330925,2.556602955
16:33:58,2.559061766,3.503026485,2.556167126
16:33:58,2.559755802,3.502874374,2.555565834
16:33:58,2.559003353,3.503053427,2.556913137
16:33:58,2.559225559,3.503635406,2.556517601
16:33:58,2.560017586,3.503822088,2.557518244
16:33:58,2.559360981,3.50361681,2.556364775
16:33:58,2.559116364,3.503520489,2.556615353
16:33:58,2.559239864,3.504297018,2.557311058
16:33:58,2.559131145,3.50393343,2.555834532
16:33:58,2.559675932,3.502412796,2.556142569
16:33:58,2.559254408,3.502223253,2.557309151
16:33:58,2.559515715,3.502709389,2.557159662
16:33:58,2.559138298,3.502929926,2.557535172
16:33:58,2.560499191,3.504357576,2.556820869
16:33:58,2.559699774,3.504531145,2.558048487
16:33:58,2.560791731,3.504472733,2.558133841
16:33:58,2.55957365,3.503544807,2.556940794
16:33:58,2.55963707,3.503388166,2.556681395
16:33:58,2.560685635,3.502816439,2.557326794
16:33:58,2.560822248,3.503642559,2.557494164
16:33:58,2.560945988,3.50407958,2.556780815
16:33:58,2.560520887,3.504434586,2.557065725
16:33:58,2.560871124,3.50393939,2.556662321
16:33:58,2.559664726,3.503171206,2.556550503
16:33:58,2.559031963,3.501832008,2.557933331
16:33:58,2.559397936,3.502216101,2.557468653
16:33:58,2.560058594,3.502227545,2.556439877
16:33:58,2.559275627,3.504931927,2.556827068
16:33:58,2.560498714,3.506166697,2.557346344
16:33:58,2.560920954,3.506203413,2.557020187
16:33:58,2.559965372,3.505723953,2.556296587
16:33:58,2.559792519,3.504161119,2.555984974
16:33:58,2.56004858,3.503555775,2.556660414
16:33:58,2.559731007,3.504459381,2.55756712
16:33:58,2.560664177,3.504564762,2.557024002
16:33:58,2.561266422,3.504966259,2.55748558
16:33:58,2.560186148,3.505302191,2.557809114
16:33:58,2.560493231,3.504890919,2.556780815
16:33:58,2.560505152,3.505250931,2.55612278
16:33:58,2.559865713,3.504931927,2.556185484
16:33:58,2.560849667,3.505747318,2.55747962
16:33:59,2.560642719,3.505958796,2.557307005
16:33:59,2.559446096,3.505288839,2.556477785
16:33:59,2.559684753,3.504067183,2.555842161
16:33:59,2.56008172,3.50459528,2.556190014
16:33:59,2.558943987,3.503297329,2.556987524
16:33:59,2.559452772,3.502906561,2.556132555
16:33:59,2.558932781,3.50297904,2.556121826
16:33:59,2.560072422,3.503356695,2.558217049
16:33:59,2.560174704,3.50364542,2.55650425
16:33:59,2.559674025,3.503142595,2.555549145
16:33:59,2.55921936,3.502301216,2.556538105
16:33:59,2.559352398,3.502889633,2.555219889
16:33:59,2.558823824,3.502848625,2.556766748
16:33:59,2.559821844,3.502882481,2.556302071
16:33:59,2.559689283,3.502806664,2.556303263
16:33:59,2.559619188,3.50204277,2.556151628
16:33:59,2.559616566,3.503067017,2.556629896
16:33:59,2.559042692,3.501246691,2.556500912
16:33:59,2.5596838,3.503544807,2.556620836
16:33:59,2.559366703,3.503200293,2.556469679
16:33:59,2.55997324,3.504096508,2.557145119
16:33:59,2.558542252,3.504063606,2.555774927
16:33:59,2.559101343,3.503879547,2.556579113
16:33:59,2.559446812,3.504502535,2.556605339
16:33:59,2.559846401,3.504259586,2.555977821
16:33:59,2.560545444,3.503515005,2.557590723
16:33:59,2.560195446,3.50309968,2.557031155
16:33:59,2.559929609,3.504324436,2.557312965
16:33:59,2.559886932,3.503574848,2.556658983
16:33:59,2.560205221,3.50420022,2.557100058
16:33:59,2.559677839,3.503621578,2.557636976
16:33:59,2.560096025,3.504487276,2.55777669
16:33:59,2.560342073,3.503715038,2.55569005
16:33:59,2.560283899,3.504854202,2.555530548
16:33:59,2.559160471,3.504653215,2.556326389
16:33:59,2.559477806,3.503896952,2.556468725
16:33:59,2.558924913,3.503417969,2.556222439
16:33:59,2.558959246,3.502179384,2.555423021
16:33:59,2.558452606,3.501357555,2.556179047
16:33:59,2.558344841,3.499847889,2.556041241
16:33:59,2.558655977,3.501268864,2.555443525
16:33:59,2.558389187,3.502009392,2.556096792
16:33:59,2.559506178,3.503973484,2.555461407
16:33:59,2.558613539,3.50440073,2.555861235
16:33:59,2.558968544,3.503328562,2.556926727
16:33:59,2.559176683,3.50191164,2.556957006
16:33:59,2.558935165,3.502764463,2.555836916
16:33:59,2.560100317,3.504205704,2.556598902
16:33:59,2.560221672,3.503896952,2.556226492
16:33:59,2.558973789,3.503866911,2.556684971
16:33:59,2.558264017,3.502890825,2.554661751
16:33:59,2.559637785,3.502984762,2.556487799
16:33:59,2.559290648,3.503117323,2.556770086
16:33:59,2.558276653,3.503816843,2.556795359
16:33:59,2.558394909,3.504127026,2.556606531
16:33:59,2.558794022,3.502890348,2.555680275
16:33:59,2.559911251,3.502067327,2.557536602
16:33:59,2.56029582,3.503086567,2.55612278
16:33:59,2.559650898,3.503744364,2.556126118
16:33:59,2.559968233,3.505631924,2.555636406
16:33:59,2.559968948,3.505131483,2.556825638
16:33:59,2.558523655,3.504664898,2.556268215
16:33:59,2.559294939,3.504373312,2.556611538
16:33:59,2.559434891,3.50323081,2.557699203
16:33:59,2.559411049,3.505145073,2.557043076
16:33:59,2.559968233,3.504096031,2.556663275
16:33:59,2.559801579,3.504380703,2.55725956
16:33:59,2.559860229,3.503475904,2.555944681
16:33:59,2.559121609,3.504617214,2.557676077
16:33:59,2.55994916,3.503960133,2.555233717
16:33:59,2.559863567,3.5023911,2.556377172
16:33:59,2.559270382,3.502445221,2.557164907
16:33:59,2.558819771,3.501251698,2.557444096
16:33:59,2.559696913,3.501690388,2.556782722
16:33:59,2.558312178,3.500455379,2.55591774
16:33:59,2.559491158,3.501482964,2.5558393
16:33:59,2.559257984,3.501223803,2.554876804
16:33:59,2.559934855,3.503923655,2.556860209
16:33:59,2.559428215,3.503620386,2.556164265
16:33:59,2.558932781,3.503168821,2.556330204
16:33:59,2.558260679,3.503016233,2.554657221
16:33:59,2.560192585,3.502618074,2.555840969
16:33:59,2.559692621,3.502955437,2.556642532
16:33:59,2.559165955,3.502678871,2.555938244
16:33:59,2.559485912,3.502431154,2.554203987
16:33:59,2.559189796,3.501092672,2.554872751
16:33:59,2.558251619,3.501972198,2.555659056
16:33:59,2.558566809,3.503004551,2.555852175
16:33:59,2.559589863,3.503944635,2.554534912
16:33:59,2.558961868,3.502233028,2.555053234
16:33:59,2.559355497,3.501361609,2.555716753
16:33:59,2.558676243,3.501091957,2.55623579
16:33:59,2.559389353,3.502383947,2.557559729
16:33:59,2.559085846,3.503149271,2.556814432
16:33:59,2.559705734,3.503589869,2.556231499
16:33:59,2.559856415,3.505750418,2.55685091
16:33:59,2.559517622,3.503680229,2.558399677
16:33:59,2.559470654,3.503534317,2.555466652
16:33:59,2.55865097,3.502500057,2.555475235
16:33:59,2.558475256,3.501622438,2.555735826
16:33:59,2.559073448,3.501580715,2.555446863
16:33:59,2.559567213,3.502020359,2.556138277
16:33:59,2.559598207,3.503592253,2.556382656
16:33:59,2.559005499,3.50286746,2.556209564
16:33:59,2.559023857,3.503667355,2.555592775
16:33:59,2.558732033,3.502359152,2.556150913
16:33:59,2.559503078,3.502423286,2.556586981
16:33:59,2.559930563,3.502919674,2.557428122
16:33:59,2.558725834,3.502765656,2.557225704
16:33:59,2.558144569,3.502248287,2.554954767
16:33:59,2.558502674,3.502778769,2.555984259
16:33:59,2.558386803,3.50219655,2.556094408
16:33:59,2.559844494,3.50402236,2.555225372
16:33:59,2.560055017,3.503890514,2.555516958
16:33:59,2.559339762,3.502839565,2.555497169
16:33:59,2.558900356,3.501060009,2.556130648
16:34:00,2.559319258,3.503048658,2.556450605
16:34:00,2.559463978,3.503156662,2.556837559
16:34:00,2.557925224,3.503343582,2.555320501
16:34:00,2.55831027,3.501821756,2.556069136
16:34:00,2.559319973,3.501657724,2.555030823
16:34:00,2.559079885,3.502974987,2.555523396
16:34:00,2.559025764,3.502772093,2.55544281
16:34:00,2.559248686,3.502769709,2.55545783
16:34:00,2.558950424,3.502993345,2.55740571
16:34:00,2.559715509,3.502450705,2.556715965
16:34:00,2.559847832,3.504129887,2.556275368
16:34:00,2.55963707,3.502958536,2.555666208
16:34:00,2.56012845,3.501671553,2.555986881
16:34:00,2.558804035,3.50249815,2.554424286
16:34:00,2.559177637,3.502380133,2.555763006
16:34:00,2.558244467,3.501216888,2.556799412
16:34:00,2.55974865,3.502086401,2.556771994
16:34:00,2.560058594,3.503581285,2.55561614
16:34:00,2.559785366,3.50330925,2.55668807
16:34:00,2.559104443,3.503306627,2.554702759
16:34:00,2.559647799,3.502235889,2.55616951
16:34:00,2.559143543,3.502459049,2.556330204
16:34:00,2.559547424,3.502624035,2.555220604
16:34:00,2.558377743,3.504428864,2.557010174
16:34:00,2.559728146,3.503947258,2.554732561
16:34:00,2.559607267,3.503719568,2.555401087
16:34:00,2.5598948,3.504126072,2.555934191
16:34:00,2.559189081,3.503195047,2.55586195
16:34:00,2.559072256,3.502797604,2.555695295
16:34:00,2.559084415,3.503674507,2.556770802
16:34:00,2.559551716,3.503522396,2.556246996
16:34:00,2.557862997,3.502962112,2.556357384
16:34:00,2.558698893,3.503800392,2.556320429
16:34:00,2.559742212,3.504023552,2.555833817
16:34:00,2.559620619,3.504354954,2.556561708
16:34:00,2.559536695,3.502586126,2.557550669
16:34:00,2.559953928,3.502302885,2.555890083
16:34:00,2.559491158,3.501944304,2.556295872
16:34:00,2.559976578,3.50369668,2.555235147
16:34:00,2.559021235,3.504205704,2.555426121
16:34:00,2.559042692,3.504403114,2.556082249
16:34:00,2.560530901,3.504983187,2.556592941
16:34:00,2.55949235,3.503446817,2.556885958
16:34:00,2.560115576,3.502492905,2.556942701
16:34:00,2.559980869,3.502190113,2.557272911
16:34:00,2.558984756,3.50418067,2.556488514
16:34:00,2.560189009,3.504032612,2.556592226
16:34:00,2.560062647,3.504564762,2.556568384
16:34:00,2.559776306,3.503838301,2.557928562
16:34:00,2.559319973,3.505400419,2.556536674
16:34:00,2.560484886,3.505957603,2.557236433
16:34:00,2.559806347,3.504472733,2.555484533
16:34:00,2.559741497,3.503372908,2.556764126
16:34:00,2.559918642,3.50416255,2.557747602
16:34:00,2.560821533,3.503529072,2.556898355
16:34:00,2.559611082,3.502893209,2.555670261
16:34:00,2.559310675,3.503623009,2.55757618
16:34:00,2.560195446,3.504869938,2.558075428
16:34:00,2.559740067,3.504169703,2.55643487
16:34:00,2.560352087,3.505438805,2.556684971
16:34:00,2.560060501,3.504318476,2.555101395
16:34:00,2.559420347,3.504183531,2.55640173
16:34:00,2.558962345,3.502924204,2.557455778
16:34:00,2.558613539,3.502343416,2.556612015
16:34:00,2.560296535,3.50326395,2.555980444
16:34:00,2.560001135,3.503188848,2.556787491
16:34:00,2.559541225,3.502778053,2.556243658
16:34:00,2.55877018,3.502890825,2.555635691
16:34:00,2.558441877,3.50254035,2.556782007
16:34:00,2.559907436,3.504028797,2.555849314
16:34:00,2.558692694,3.501301765,2.554932833
16:34:00,2.558279753,3.501394272,2.555122852
16:34:00,2.558830261,3.502171278,2.555927038
16:34:00,2.559103966,3.50248313,2.555321693
16:34:00,2.558771372,3.502575159,2.55472064
16:34:00,2.558965683,3.503234625,2.556551695
16:34:00,2.558720589,3.502573252,2.554895878
16:34:00,2.558229685,3.503410816,2.556181431
16:34:00,2.558436394,3.503728867,2.55500102
16:34:00,2.558604956,3.50378871,2.555442333
16:34:00,2.559849024,3.503799915,2.555754423
16:34:00,2.55978179,3.503091335,2.556030273
16:34:00,2.558780909,3.502699614,2.557036638
16:34:00,2.558811188,3.503519297,2.557003736
16:34:00,2.5588727,3.502798796,2.556608915
16:34:00,2.559494257,3.503155231,2.55502224
16:34:00,2.559049845,3.503179073,2.555740356
16:34:00,2.558834314,3.503258467,2.555032253
16:34:00,2.558846712,3.503313065,2.554785252
16:34:00,2.559604645,3.502635956,2.557003021
16:34:00,2.560337305,3.50248313,2.555663586
16:34:00,2.559455872,3.501957178,2.55499506
16:34:00,2.558073759,3.501848936,2.555989027
16:34:00,2.55899477,3.502581596,2.557006121
16:34:00,2.558716774,3.501303911,2.555254936
16:34:00,2.558603764,3.50159955,2.555710793
16:34:00,2.559237242,3.501920938,2.555586338
16:34:00,2.558997393,3.502676964,2.554949045
16:34:00,2.559838533,3.504135847,2.554830313
16:34:00,2.55927968,3.502985954,2.556340218
16:34:00,2.558020353,3.503341198,2.556851387
16:34:00,2.559623718,3.50288105,2.556126595
16:34:00,2.559542656,3.501947403,2.555464029
16:34:00,2.559734106,3.501415491,2.554952621
16:34:00,2.559072733,3.501330853,2.554467201
16:34:00,2.55971384,3.502310991,2.556215286
16:34:00,2.56004858,3.503213167,2.555596352
16:34:00,2.560746908,3.502702236,2.555594206
16:34:00,2.559254408,3.505064964,2.555392742
16:34:00,2.559234619,3.505312681,2.555774212
16:34:00,2.55926156,3.504863262,2.556158781
16:34:00,2.559531212,3.504729986,2.557298422
16:34:00,2.559308052,3.503454447,2.555385351
16:34:00,2.558821678,3.503614426,2.555407047
16:34:00,2.55939579,3.503694057,2.556856155
16:34:00,2.558902264,3.503204107,2.556110859
16:34:00,2.559345722,3.504225969,2.558320761
16:34:00,2.558487177,3.503780127,2.556643724
16:34:00,2.559426069,3.50532794,2.556793213
16:34:01,2.560116053,3.506611109,2.558205605
16:34:01,2.559934378,3.504900694,2.556495667
16:34:01,2.560047865,3.504635572,2.55568409
16:34:01,2.559309483,3.50282979,2.556009531
16:34:01,2.559138298,3.503620386,2.557229757
16:34:01,2.559216261,3.503825903,2.556002378
16:34:01,2.559060812,3.503822565,2.555739641
16:34:01,2.558597803,3.501456261,2.556430101
16:34:01,2.559271574,3.501436472,2.555737019
16:34:01,2.558980942,3.502510548,2.555981398
16:34:01,2.559339285,3.501220703,2.555774927
16:34:01,2.559285402,3.502223253,2.556363583
16:34:01,2.558970451,3.502214193,2.554631948
16:34:01,2.558428526,3.503042459,2.554261684
16:34:01,2.559886932,3.503805637,2.555900335
16:34:01,2.559104443,3.504917622,2.556822777
16:34:01,2.559693813,3.503838301,2.556088209
16:34:01,2.559053421,3.502997875,2.556883097
16:34:01,2.559999943,3.504020214,2.557601929
16:34:01,2.558990955,3.504032135,2.557078838
16:34:01,2.559490442,3.504212141,2.556752205
16:34:01,2.559565783,3.503504753,2.556444883
16:34:01,2.559372902,3.502631187,2.555342913
16:34:01,2.558655262,3.503408909,2.55595088
16:34:01,2.559021235,3.502762318,2.554674864
16:34:01,2.559508085,3.503358126,2.556105614
16:34:01,2.559669971,3.503310919,2.557171583
16:34:01,2.559661627,3.50333333,2.556375504
16:34:01,2.559112549,3.502146006,2.55637908
16:34:01,2.558168888,3.500743628,2.554717302
16:34:01,2.558990955,3.501528978,2.556233168
16:34:01,2.559042931,3.501418114,2.555598974
16:34:01,2.558248043,3.502381325,2.555661917
16:34:01,2.559336424,3.503013611,2.556993008
16:34:01,2.559066772,3.503727436,2.557349443
16:34:01,2.559707642,3.502337694,2.555801153
16:34:01,2.559319258,3.502199411,2.556380749
16:34:01,2.558805227,3.50309515,2.556131124
16:34:01,2.55993557,3.503171921,2.555936813
16:34:01,2.559417009,3.502818346,2.555801868
16:34:01,2.559434414,3.504458666,2.556185007
16:34:01,2.559455395,3.504515886,2.556433439
16:34:01,2.55963707,3.503123045,2.556379795
16:34:01,2.559538364,3.502549648,2.557202578
16:34:01,2.559938431,3.501458168,2.555633783
16:34:01,2.559634447,3.504920244,2.55713129
16:34:01,2.559629202,3.505251408,2.556139708
16:34:01,2.559503078,3.505510092,2.556404352
16:34:01,2.558741808,3.504184246,2.556457281
16:34:01,2.559104919,3.504790783,2.55646801
16:34:01,2.55989337,3.503995895,2.557408571
16:34:01,2.559134245,3.50360465,2.556080341
16:34:01,2.559621811,3.503798485,2.557374477
16:34:01,2.559907436,3.503461361,2.556820154
16:34:01,2.559255838,3.504014969,2.556250334
16:34:01,2.559714794,3.503519297,2.555530548
16:34:01,2.559865713,3.503655195,2.557359219
16:34:01,2.560361862,3.503544092,2.556795835
16:34:01,2.560747385,3.505007982,2.556989193
16:34:01,2.56011796,3.503519297,2.558621883
16:34:01,2.560676336,3.503555298,2.555412531
16:34:01,2.559888124,3.502924204,2.556889057
16:34:01,2.560443878,3.503591061,2.55633831
16:34:01,2.558994055,3.503194332,2.556303263
16:34:01,2.558953047,3.501705408,2.556725979
16:34:01,2.559580088,3.500596285,2.557343483
16:34:01,2.558774233,3.501647472,2.556707859
16:34:01,2.559415102,3.50170064,2.557382584
16:34:01,2.559616089,3.501154661,2.555149794
16:34:01,2.558898926,3.502297878,2.555551291
16:34:01,2.558614254,3.502865314,2.555331945
16:34:01,2.559183121,3.502434254,2.55523324
16:34:01,2.5589149,3.50199461,2.554797411
16:34:01,2.557708502,3.501719952,2.556251049
16:34:01,2.558319092,3.502352476,2.556382656
16:34:01,2.559189796,3.502106905,2.556205273
16:34:01,2.560275793,3.502720594,2.555609465
16:34:01,2.558026791,3.503896952,2.555636406
16:34:01,2.558185577,3.503045082,2.556307316
16:34:01,2.55968523,3.504814386,2.556214571
16:34:01,2.558903456,3.503362417,2.557152987
16:34:01,2.559620619,3.505143166,2.555895805
16:34:01,2.558936834,3.502710819,2.556239843
16:34:01,2.55953002,3.50228405,2.556499004
16:34:01,2.558957338,3.503462553,2.55527544
16:34:01,2.559549809,3.503981829,2.555953264
16:34:01,2.559060812,3.503543615,2.555678129
16:34:01,2.559480429,3.503804445,2.554616928
16:34:01,2.559260845,3.502826929,2.555936098
16:34:01,2.559121132,3.50272131,2.555595636
16:34:01,2.55942297,3.501807213,2.555644512
16:34:01,2.559372902,3.502637863,2.556915522
16:34:01,2.559606552,3.502918243,2.55664897
16:34:01,2.558437824,3.503102303,2.55769062
16:34:01,2.559233904,3.502463579,2.555655241
16:34:01,2.558233023,3.502388477,2.555301189
16:34:01,2.559316635,3.502608299,2.555224419
16:34:01,2.558782816,3.503452778,2.555404425
16:34:01,2.558174372,3.503436327,2.555547953
16:34:01,2.558624744,3.503330946,2.55561614
16:34:01,2.558431149,3.50237751,2.555396318
16:34:01,2.559042931,3.502646446,2.5568223
16:34:01,2.559537888,3.503280878,2.555552006
16:34:01,2.559631586,3.502673626,2.555958748
16:34:01,2.560045958,3.502889633,2.555274963
16:34:01,2.558185577,3.502489567,2.555981398
16:34:01,2.558010101,3.501469135,2.554621935
16:34:01,2.557776928,3.502424002,2.555477142
16:34:01,2.557845592,3.501565218,2.556748629
16:34:01,2.559864998,3.502249718,2.555291891
16:34:01,2.559302092,3.502580404,2.555700779
16:34:01,2.559496403,3.504140377,2.556236982
16:34:01,2.558803082,3.502935886,2.556102753
16:34:01,2.559588909,3.503344297,2.555145979
16:34:01,2.558923483,3.502714157,2.556591749
16:34:02,2.559452057,3.503892183,2.554745913
16:34:02,2.5584867,3.503234148,2.555174828
16:34:02,2.559174538,3.502394438,2.557241678
16:34:02,2.558981657,3.502525806,2.557017326
16:34:02,2.558876514,3.502481222,2.555495977
16:34:02,2.558719873,3.502624035,2.555789948
16:34:02,2.558945894,3.502332926,2.555788517
16:34:02,2.558596611,3.502956629,2.5565207
16:34:02,2.559185028,3.502727985,2.556084394
16:34:02,2.558993578,3.502880573,2.555794001
16:34:02,2.559711695,3.503850222,2.555361032
16:34:02,2.558753729,3.50393939,2.556344986
16:34:02,2.558989525,3.503717661,2.556007624
16:34:02,2.559641123,3.502457619,2.554908276
16:34:02,2.557945728,3.501465559,2.554434776
16:34:02,2.557499647,3.501256466,2.554499865
16:34:02,2.557023287,3.501103163,2.555662632
16:34:02,2.559530497,3.504108191,2.555921555
16:34:02,2.55933857,3.504325628,2.554809809
16:34:02,2.559134245,3.503734589,2.556402445
16:34:02,2.558698893,3.502807379,2.55457449
16:34:02,2.558615685,3.502187014,2.556047201
16:34:02,2.557308674,3.499379396,2.554051399
16:34:02,2.557694435,3.500147343,2.554109573
16:34:02,2.557747364,3.499891043,2.554078579
16:34:02,2.558165073,3.500601292,2.554268837
16:34:02,2.557917833,3.500995636,2.555122852
16:34:02,2.557420492,3.502408028,2.554723263
16:34:02,2.558849335,3.50058794,2.554922819
16:34:02,2.557237387,3.501014471,2.55436492
16:34:02,2.55736804,3.499727726,2.554297447
16:34:02,2.557892084,3.501866579,2.556497812
16:34:02,2.558441162,3.501974106,2.556955814
16:34:02,2.559381247,3.501968384,2.555657148
16:34:02,2.55876112,3.501792192,2.555414915
16:34:02,2.558330297,3.501638889,2.55483675
16:34:02,2.557968855,3.501749754,2.555755138
16:34:02,2.55885148,3.500752211,2.554987907
16:34:02,2.558250904,3.500629187,2.555697203
16:34:02,2.559126854,3.501681328,2.554585934
16:34:02,2.558696032,3.502452612,2.554672956
16:34:02,2.559127569,3.503031731,2.556278706
16:34:02,2.559399128,3.503399134,2.5568645
16:34:02,2.558768272,3.502888441,2.554082394
16:34:02,2.557261944,3.502925396,2.554748297
16:34:02,2.558063745,3.502053261,2.554140568
16:34:02,2.558510542,3.500406265,2.554971218
16:34:02,2.559235334,3.501013279,2.554207325
16:34:02,2.558869123,3.500144005,2.555032492
16:34:02,2.557886362,3.499919653,2.554335117
16:34:02,2.557041168,3.502087831,2.553753614
16:34:02,2.557707787,3.501409054,2.554475307
16:34:02,2.558053732,3.50225997,2.554603577
16:34:02,2.558752298,3.501035929,2.55380249
16:34:02,2.558322668,3.501324177,2.554930925
16:34:02,2.557435513,3.502280951,2.554627419
16:34:02,2.557810307,3.502825022,2.554812431
16:34:02,2.557757854,3.50310874,2.555770636
16:34:02,2.558942556,3.502944946,2.55512476
16:34:02,2.55851841,3.50237751,2.555650711
16:34:02,2.557969332,3.50236702,2.556003094
16:34:02,2.558902264,3.502663851,2.556788683
16:34:02,2.55971241,3.503091812,2.555716753
16:34:02,2.558101654,3.502832174,2.55490303
16:34:02,2.55872798,3.501961231,2.554601431
16:34:02,2.557983875,3.501505136,2.55553484
16:34:02,2.55796814,3.502282143,2.556609392
16:34:02,2.558660984,3.502313375,2.555298805
16:34:02,2.558033943,3.50109911,2.555496454
16:34:02,2.558256388,3.501032114,2.555002213
16:34:02,2.557732582,3.501371861,2.554672956
16:34:02,2.557692528,3.500720263,2.554502487
16:34:02,2.557771921,3.500530958,2.554652929
16:34:02,2.557570934,3.501107216,2.554196596
16:34:02,2.557715654,3.501458168,2.554018259
16:34:02,2.557623148,3.500675678,2.55479598
16:34:02,2.557612419,3.500521898,2.553598881
16:34:02,2.558094978,3.500981092,2.554949045
16:34:02,2.558190107,3.501188755,2.556155682
16:34:02,2.558141232,3.501213312,2.554368258
16:34:02,2.557855129,3.501726389,2.556506157
16:34:02,2.557459354,3.500694036,2.555899858
16:34:02,2.557529926,3.500322819,2.555688143
16:34:02,2.558295965,3.500572681,2.555433512
16:34:02,2.557688475,3.500513315,2.555467844
16:34:02,2.557518721,3.500719547,2.554329634
16:34:02,2.557224274,3.501678944,2.554954052
16:34:02,2.558200121,3.501117706,2.554670334
16:34:02,2.558917761,3.501003504,2.553792
16:34:02,2.558089018,3.500748158,2.554643154
16:34:02,2.558089018,3.50013566,2.553007603
16:34:02,2.557940245,3.500833035,2.556446075
16:34:02,2.557699203,3.499906301,2.554605722
16:34:02,2.556974411,3.499577284,2.554046869
16:34:02,2.556784153,3.499939919,2.555577755
16:34:02,2.558413982,3.501747131,2.554941416
16:34:02,2.558487177,3.502697706,2.555553198
16:34:02,2.558303595,3.501978159,2.553637266
16:34:02,2.557478428,3.501749277,2.553876638
16:34:02,2.556649923,3.50120759,2.554890394
16:34:02,2.556940794,3.501633644,2.554240465
16:34:02,2.55737257,3.501708269,2.55413866
16:34:02,2.558097363,3.501433372,2.554387331
16:34:02,2.556924343,3.500754833,2.553941011
16:34:02,2.558412075,3.50276351,2.555149078
16:34:02,2.558832407,3.501518726,2.554768801
16:34:02,2.557629108,3.502156973,2.555922747
16:34:02,2.558171511,3.501585245,2.555682421
16:34:02,2.556880474,3.501340151,2.555045843
16:34:02,2.557883501,3.501232862,2.554829597
16:34:02,2.557971954,3.501698971,2.554219961
16:34:02,2.55835247,3.502111197,2.555842876
16:34:02,2.558151245,3.502592087,2.554978609
16:34:02,2.55841589,3.502381325,2.554091215
16:34:02,2.558634043,3.502464771,2.554539442
16:34:02,2.558071852,3.501600981,2.553362131
16:34:02,2.557890892,3.501710415,2.555366755
16:34:02,2.557203531,3.501406431,2.555947304
16:34:02,2.55815053,3.501510859,2.556060314
16:34:03,2.558317661,3.500748873,2.554715395
16:34:03,2.558061361,3.500137568,2.554451704
16:34:03,2.557254553,3.501078367,2.554098845
16:34:03,2.557366133,3.501064062,2.553668976
16:34:03,2.557928324,3.500564814,2.55475688
16:34:03,2.557651758,3.500362158,2.555025339
16:34:03,2.55783534,3.500357389,2.554468632
16:34:03,2.557809591,3.500701666,2.553371429
16:34:03,2.557909966,3.500613213,2.554662943
16:34:03,2.557649374,3.499665737,2.555590868
16:34:03,2.556741714,3.499517918,2.554924965
16:34:03,2.557673454,3.500574589,2.554231167
16:34:03,2.557235479,3.500195026,2.554587126
16:34:03,2.556819677,3.501184702,2.554659128
16:34:03,2.557433605,3.500192881,2.55457902
16:34:03,2.557848454,3.500468254,2.555327654
16:34:03,2.558032751,3.500284195,2.555022955
16:34:03,2.557031155,3.500283003,2.552739859
16:34:03,2.557307482,3.501457453,2.55482769
16:34:03,2.557530642,3.500290871,2.55445528
16:34:03,2.557257652,3.501089334,2.553843737
16:34:03,2.557977915,3.502494097,2.555238962
16:34:03,2.558094263,3.501929998,2.553678513
16:34:03,2.55786252,3.501621008,2.555765867
16:34:03,2.557372093,3.501058102,2.555749655
16:34:03,2.557529926,3.501582146,2.554897785
16:34:03,2.558147669,3.502310514,2.554456711
16:34:03,2.557474375,3.50194478,2.554174662
16:34:03,2.558135748,3.502102137,2.555050611
16:34:03,2.557749987,3.501266956,2.553836346
16:34:03,2.557230234,3.500039101,2.553665876
16:34:03,2.556741714,3.500683546,2.555488348
16:34:03,2.557532787,3.50069809,2.554608583
16:34:03,2.557179928,3.501358986,2.554335117
16:34:03,2.556749105,3.500175238,2.553882122
16:34:03,2.557458162,3.500506878,2.553627968
16:34:03,2.556793213,3.500285625,2.553848505
16:34:03,2.556810617,3.50013423,2.554866791
16:34:03,2.55731535,3.500850677,2.555143833
16:34:03,2.557431698,3.499901295,2.554641247
16:34:03,2.556516409,3.500814676,2.553596973
16:34:03,2.55655098,3.500158548,2.554835081
16:34:03,2.557487488,3.500048399,2.55392313
16:34:03,2.558505297,3.500643253,2.554867983
16:34:03,2.55769515,3.500752211,2.553877831
16:34:03,2.557155371,3.500689745,2.553815842
16:34:03,2.557124376,3.4991889,2.554786682
16:34:03,2.556931973,3.499372959,2.55403614
16:34:03,2.557275772,3.499463081,2.554748297
16:34:03,2.559289694,3.502111197,2.555629969
16:34:03,2.558814526,3.502690077,2.556003094
16:34:03,2.559610128,3.502041578,2.554298162
16:34:03,2.558972836,3.501888752,2.554901838
16:34:03,2.559785366,3.500941277,2.554460764
16:34:03,2.558492661,3.499978781,2.554624081
16:34:03,2.558722734,3.501950026,2.555775642
16:34:03,2.558637381,3.502331257,2.555278063
16:34:03,2.558881283,3.502295256,2.554412842
16:34:03,2.559009314,3.501506329,2.55585146
16:34:03,2.558215857,3.502344131,2.555522919
16:34:03,2.558043957,3.501861334,2.554556131
16:34:03,2.558561325,3.502447128,2.555204153
16:34:03,2.558172226,3.502245665,2.555354118
16:34:03,2.558431864,3.500827789,2.556040525
16:34:03,2.558725119,3.501399279,2.555274248
16:34:03,2.558082581,3.500997305,2.555686235
16:34:03,2.558134317,3.501636982,2.555257797
16:34:03,2.558636665,3.501674175,2.556134701
16:34:03,2.558969259,3.502489567,2.554667711
16:34:03,2.55921483,3.502408028,2.556098223
16:34:03,2.557986021,3.500471592,2.555368662
16:34:03,2.558498621,3.50239253,2.555197954
16:34:03,2.557933569,3.502088308,2.55615449
16:34:03,2.55812192,3.501741171,2.555155754
16:34:03,2.558432817,3.502740622,2.555306673
16:34:03,2.558537483,3.50250864,2.555711985
16:34:03,2.558769464,3.50310874,2.555840254
16:34:03,2.558483601,3.502148867,2.555362225
16:34:03,2.559199572,3.502027512,2.556348085
16:34:03,2.558416605,3.502465248,2.555338383
16:34:03,2.559224129,3.501454115,2.554439068
16:34:03,2.558161736,3.502566099,2.556938648
16:34:03,2.558830976,3.503931522,2.556925297
16:34:03,2.559258699,3.502890825,2.556634426
16:34:03,2.558783293,3.502076626,2.555911541
16:34:03,2.559771061,3.50155139,2.556005716
16:34:03,2.559263706,3.501703978,2.556440592
16:34:03,2.558030367,3.501703262,2.555861235
16:34:03,2.558447123,3.503127337,2.555898428
16:34:03,2.558476925,3.502201796,2.554464579
16:34:03,2.558148384,3.502687931,2.555760384
16:34:03,2.559588909,3.501574993,2.556165695
16:34:03,2.559466124,3.501190186,2.555878639
16:34:03,2.558804035,3.501857996,2.556276798
16:34:03,2.558419228,3.501069784,2.556006908
16:34:03,2.558713913,3.501981258,2.556634426
16:34:03,2.55822897,3.50295043,2.556663752
16:34:03,2.559521437,3.503015041,2.555732489
16:34:03,2.558976412,3.504415751,2.555541277
16:34:03,2.558799982,3.503316879,2.555333614
16:34:03,2.558726549,3.502363443,2.556344986
16:34:03,2.558676243,3.502914429,2.555876017
16:34:03,2.557965994,3.502729893,2.556448221
16:34:03,2.558688879,3.502468109,2.555544853
16:34:03,2.558359385,3.501894474,2.554183006
16:34:03,2.559731007,3.503577232,2.556899786
16:34:03,2.559584856,3.503388166,2.555091619
16:34:03,2.558926821,3.502321482,2.556135416
16:34:03,2.558743715,3.502828121,2.555321693
16:34:03,2.558050156,3.501809835,2.555460691
16:34:03,2.558259249,3.503328085,2.556015491
16:34:03,2.55791378,3.502888918,2.556034803
16:34:03,2.558453798,3.503450871,2.555569649
16:34:03,2.558840036,3.504136324,2.555252314
16:34:03,2.558391094,3.504258633,2.555963278
16:34:03,2.558502674,3.503651619,2.555268288
16:34:04,2.558397532,3.502914906,2.556447268
16:34:04,2.558385611,3.501835823,2.554895401
16:34:04,2.558366537,3.502002954,2.555005074
16:34:04,2.558473587,3.503085375,2.555765867
16:34:04,2.557722807,3.502416611,2.556251764
16:34:04,2.558967829,3.502856255,2.555388451
16:34:04,2.557786942,3.501828909,2.554870844
16:34:04,2.55921936,3.501540422,2.555431604
16:34:04,2.559213638,3.501708269,2.555593491
16:34:04,2.557769775,3.500834227,2.555706024
16:34:04,2.558521271,3.502119541,2.554563999
16:34:04,2.558030844,3.501473665,2.556081057
16:34:04,2.558109522,3.501495361,2.555425406
16:34:04,2.558858633,3.50112009,2.555470467
16:34:04,2.558355808,3.501221657,2.555683374
16:34:04,2.558592319,3.500793219,2.556856632
16:34:04,2.558492661,3.502593994,2.556306362
16:34:04,2.558303118,3.502210379,2.55457902
16:34:04,2.55779314,3.501988649,2.553814411
16:34:04,2.558162451,3.503006458,2.554687023
16:34:04,2.557718992,3.501598358,2.555011511
16:34:04,2.558723211,3.501057625,2.556211233
16:34:04,2.558670521,3.501108885,2.555186272
16:34:04,2.558504581,3.500164747,2.555226564
16:34:04,2.558740616,3.5009408,2.557101488
16:34:04,2.557962179,3.50084281,2.555611134
16:34:04,2.557707787,3.500671148,2.555590868
16:34:04,2.558234453,3.501127481,2.555624723
16:34:04,2.559159279,3.501833677,2.555668354
16:34:04,2.558487177,3.501440525,2.556174994
16:34:04,2.558226585,3.501573563,2.554948092
16:34:04,2.556906223,3.500673771,2.554784298
16:34:04,2.557504654,3.501868486,2.554739952
16:34:04,2.558221817,3.503156662,2.55621314
16:34:04,2.558346748,3.501611948,2.555579662
16:34:04,2.558156252,3.501981258,2.555292606
16:34:04,2.558270693,3.502060413,2.555213451
16:34:04,2.55866003,3.50180006,2.554379463
16:34:04,2.558920145,3.502601147,2.556308508
16:34:04,2.557428837,3.502107859,2.556441307
16:34:04,2.55830574,3.503247261,2.557016611
16:34:04,2.558474779,3.503509521,2.55589366
16:34:04,2.558773756,3.503566027,2.554840326
16:34:04,2.558926821,3.504014492,2.555430889
16:34:04,2.558897018,3.503616333,2.555026054
16:34:04,2.559464693,3.504268408,2.554470778
16:34:04,2.558383703,3.502839565,2.556983232
16:34:04,2.557790518,3.502111912,2.555562258
16:34:04,2.557408571,3.501548052,2.555526972
16:34:04,2.558991194,3.501657248,2.556044817
16:34:04,2.559237242,3.502575159,2.555168867
16:34:04,2.559268236,3.502181053,2.556317568
16:34:04,2.558696032,3.50261426,2.555401087
16:34:04,2.558421373,3.502772093,2.556296587
16:34:04,2.55769515,3.503356695,2.555827856
16:34:04,2.558472872,3.502631187,2.555645227
16:34:04,2.559168577,3.502106905,2.555535316
16:34:04,2.559057713,3.502005816,2.555062532
16:34:04,2.558487177,3.501435757,2.55585289
16:34:04,2.557228565,3.501247406,2.555410385
16:34:04,2.558826208,3.501681805,2.555387974
16:34:04,2.558798075,3.50204277,2.555434942
16:34:04,2.559242487,3.501521587,2.556681395
16:34:04,2.558616877,3.501532555,2.556364775
16:34:04,2.558309555,3.501899719,2.556395292
16:34:04,2.560338497,3.502071381,2.556808472
16:34:04,2.55862546,3.502315998,2.555033207
16:34:04,2.559027195,3.501907587,2.556022167
16:34:04,2.558756828,3.501058102,2.556485891
16:34:04,2.558203936,3.501430035,2.555454731
16:34:04,2.55792594,3.501781702,2.555223227
16:34:04,2.55786252,3.501368046,2.555459261
16:34:04,2.558932066,3.50312829,2.555557489
16:34:04,2.559733629,3.502722502,2.556562424
16:34:04,2.559649706,3.502524376,2.556580305
16:34:04,2.559454203,3.503076792,2.555552483
16:34:04,2.558036327,3.502203226,2.556497812
16:34:04,2.559000254,3.502971888,2.555091619
16:34:04,2.557773113,3.503171206,2.555897236
16:34:04,2.558606863,3.502701044,2.553912401
16:34:04,2.559992552,3.501639366,2.555119991
16:34:04,2.558768272,3.502442122,2.555493593
16:34:04,2.559218884,3.502099991,2.556762934
16:34:04,2.559386492,3.502312183,2.55682826
16:34:04,2.558479548,3.5029006,2.556591034
16:34:04,2.558441877,3.503470421,2.555700064
16:34:04,2.558965683,3.503234625,2.555878162
16:34:04,2.55926156,3.502663851,2.557123899
16:34:04,2.55963707,3.503118038,2.55598855
16:34:04,2.559689283,3.503621578,2.556092978
16:34:04,2.55979681,3.503426552,2.55650425
16:34:04,2.559349537,3.5034585,2.556556463
16:34:04,2.558044672,3.503045082,2.556073189
16:34:04,2.559420347,3.502982378,2.555717945
16:34:04,2.559710503,3.503165722,2.555846453
16:34:04,2.559069633,3.504189253,2.556430817
16:34:04,2.559987307,3.504871607,2.556365967
16:34:04,2.558882475,3.504518747,2.556869268
16:34:04,2.559056282,3.503710508,2.554854155
16:34:04,2.55872941,3.502996683,2.555934906
16:34:04,2.558367014,3.502732277,2.556809187
16:34:04,2.560523033,3.502749443,2.555921078
16:34:04,2.560227156,3.503257751,2.555534124
16:34:04,2.559462547,3.502953768,2.556625843
16:34:04,2.55960393,3.502592087,2.55693531
16:34:04,2.558669806,3.50236845,2.556004763
16:34:04,2.559749365,3.503547192,2.5558393
16:34:04,2.560126781,3.502898693,2.55640173
16:34:04,2.559020042,3.502168655,2.556522131
16:34:04,2.558779478,3.502657413,2.55651474
16:34:04,2.559864283,3.502923012,2.556512117
16:34:04,2.559555054,3.502231121,2.555946112
16:34:04,2.559685946,3.502710819,2.555687428
16:34:04,2.559390068,3.502888441,2.556092262
16:34:04,2.558533669,3.502247095,2.555379391
16:34:04,2.559677124,3.50296998,2.556293726
16:34:04,2.559844494,3.502840042,2.556410789
16:34:04,2.559004545,3.50216341,2.55619216
16:34:04,2.559562922,3.502046585,2.555953264
16:34:05,2.560929298,3.504126072,2.557343483
16:34:05,2.559285402,3.504616499,2.556080341
16:34:05,2.55932498,3.504522085,2.556054831
16:34:05,2.559210062,3.503883123,2.555838823
16:34:05,2.559192181,3.503623724,2.55491972
16:34:05,2.559184551,3.504187822,2.556530714
16:34:05,2.558050156,3.50407958,2.556016684
16:34:05,2.558799267,3.504071712,2.556600094
16:34:05,2.559921741,3.503155947,2.556110859
16:34:05,2.559038401,3.503820658,2.555280447
16:34:05,2.559387922,3.503457069,2.556534767
16:34:05,2.559914589,3.503382206,2.556292772
16:34:05,2.5601511,3.504182577,2.556391716
16:34:05,2.559806347,3.505254745,2.55616498
16:34:05,2.559200287,3.503741741,2.556059122
16:34:05,2.559488297,3.50261879,2.556829214
16:34:05,2.558809996,3.502731085,2.556635857
16:34:05,2.55936861,3.504344463,2.55682826
16:34:05,2.559785366,3.503565073,2.556185007
16:34:05,2.558772326,3.50302124,2.555286884
16:34:05,2.558593035,3.503035784,2.555879354
16:34:05,2.559216261,3.503397226,2.556719303
16:34:05,2.559249163,3.503780127,2.554330349
16:34:05,2.559164762,3.503696203,2.55705905
16:34:05,2.558859825,3.502450705,2.555780649
16:34:05,2.558579922,3.502190828,2.55620718
16:34:05,2.558479548,3.501814842,2.556277514
16:34:05,2.558714628,3.502485514,2.555856705
16:34:05,2.559449911,3.501618147,2.555887938
16:34:05,2.559214354,3.502860308,2.556534767
16:34:05,2.557985306,3.501880169,2.555507421
16:34:05,2.558589935,3.5012815,2.555354834
16:34:05,2.558852673,3.501773357,2.555432796
16:34:05,2.558999538,3.502635956,2.556491613
16:34:05,2.559510708,3.501965046,2.555728436
16:34:05,2.558086395,3.502703667,2.556430101
16:34:05,2.558753252,3.503068924,2.555565119
16:34:05,2.558724403,3.501788855,2.556559324
16:34:05,2.558278084,3.502995014,2.55677557
16:34:05,2.559284925,3.503071785,2.555848837
16:34:05,2.557827234,3.503229141,2.555947304
16:34:05,2.559072256,3.50332284,2.557377338
16:34:05,2.559493065,3.503330946,2.555245161
16:34:05,2.558735132,3.503085375,2.556330204
16:34:05,2.559342861,3.502305508,2.555397272
16:34:05,2.559468508,3.503274679,2.555896521
16:34:05,2.558562756,3.503057718,2.554797411
16:34:05,2.559377432,3.503954887,2.555827379
16:34:05,2.559537411,3.503384113,2.555557966
16:34:05,2.559754848,3.501807213,2.555770159
16:34:05,2.558932781,3.50380373,2.557289124
16:34:05,2.558893204,3.503066301,2.555452824
16:34:05,2.559761286,3.50485611,2.555748463
16:34:05,2.558791399,3.503923655,2.555936098
16:34:05,2.559759855,3.504503965,2.556129932
16:34:05,2.558952332,3.504060745,2.55696702
16:34:05,2.558732986,3.503513336,2.556942225
16:34:05,2.558620691,3.504170179,2.555397272
16:34:05,2.558653355,3.503971577,2.554274321
16:34:05,2.559493065,3.504255772,2.55684948
16:34:05,2.560228586,3.503690004,2.556621552
16:34:05,2.558186769,3.502690077,2.555918932
16:34:05,2.557860374,3.50213623,2.556167126
16:34:05,2.559593916,3.502802849,2.557280779
16:34:05,2.559477091,3.503068924,2.557219267
16:34:05,2.559976101,3.503799915,2.55608654
16:34:05,2.559163332,3.502753735,2.5564816
16:34:05,2.558632612,3.502490997,2.555471897
16:34:05,2.558940411,3.50225997,2.556138039
16:34:05,2.55862546,3.502352476,2.554461479
16:34:05,2.559015989,3.499726534,2.554844379
16:34:05,2.558247089,3.500716448,2.555279493
16:34:05,2.55856204,3.501052856,2.555352688
16:34:05,2.559094429,3.502542496,2.556785822
16:34:05,2.559296846,3.502440929,2.55520153
16:34:05,2.558407545,3.503251076,2.556373835
16:34:05,2.559351683,3.502687931,2.555572987
16:34:05,2.558660984,3.501828909,2.557067633
16:34:05,2.559292555,3.501452923,2.556339025
16:34:05,2.559351206,3.500823736,2.555584908
16:34:05,2.558037519,3.501750946,2.554418325
16:34:05,2.558673143,3.502577543,2.555595636
16:34:05,2.559253216,3.504300117,2.554520369
16:34:05,2.558722258,3.50232935,2.554380655
16:34:05,2.559108496,3.501811266,2.55610013
16:34:05,2.558661699,3.502037287,2.556594133
16:34:05,2.559253693,3.50249362,2.556034088
16:34:05,2.559326649,3.501791,2.556047678
16:34:05,2.558076382,3.501476288,2.554802179
16:34:05,2.559031963,3.501918554,2.555728436
16:34:05,2.558590412,3.500145912,2.556032896
16:34:05,2.558203936,3.503037691,2.555131197
16:34:05,2.559308767,3.503686428,2.555638552
16:34:05,2.558657885,3.502537727,2.555268288
16:34:05,2.558869839,3.501834393,2.555536747
16:34:05,2.559335709,3.502393246,2.556619167
16:34:05,2.558974981,3.502979755,2.55633688
16:34:05,2.558779478,3.502593994,2.555311918
16:34:05,2.559008121,3.503049374,2.554965973
16:34:05,2.559169292,3.502949715,2.555692911
16:34:05,2.559430838,3.504105806,2.556177855
16:34:05,2.559654236,3.503838301,2.555907965
16:34:05,2.559022427,3.503260612,2.555463314
16:34:05,2.558514118,3.502139091,2.555319309
16:34:05,2.558078289,3.502151489,2.555538893
16:34:05,2.559214354,3.501064062,2.555200815
16:34:05,2.559128284,3.500990868,2.55577302
16:34:05,2.559021235,3.500456095,2.555246353
16:34:05,2.559197187,3.503573418,2.554690361
16:34:05,2.558722734,3.504051685,2.555887938
16:34:05,2.558630705,3.503782034,2.554687023
16:34:05,2.559092522,3.503497124,2.556335449
16:34:05,2.559702396,3.503433228,2.556311131
16:34:05,2.559421778,3.503495455,2.554728031
16:34:05,2.559454679,3.503238201,2.556622744
16:34:06,2.559858799,3.501951456,2.556437731
16:34:06,2.558520555,3.502337694,2.555715084
16:34:06,2.559017181,3.502490282,2.555973768
16:34:06,2.558481455,3.502083778,2.55527544
16:34:06,2.55888176,3.502045393,2.555676222
16:34:06,2.558575869,3.502583742,2.555238724
16:34:06,2.559590816,3.502687454,2.555604696
16:34:06,2.559401989,3.501663685,2.555749655
16:34:06,2.558693409,3.501701355,2.555751085
16:34:06,2.558522463,3.500983238,2.55537653
16:34:06,2.557923317,3.500790119,2.555047512
16:34:06,2.558408737,3.501825333,2.554944754
16:34:06,2.558309078,3.500801802,2.55520916
16:34:06,2.558089733,3.502237797,2.554299831
16:34:06,2.558365107,3.501541138,2.555732489
16:34:06,2.558381796,3.500893116,2.555241108
16:34:06,2.557956219,3.50170064,2.555045128
16:34:06,2.558879852,3.501458168,2.5552423
16:34:06,2.558856726,3.501987934,2.555197001
16:34:06,2.558139801,3.502820015,2.555329084
16:34:06,2.558069944,3.502199411,2.555811882
16:34:06,2.558593035,3.501452208,2.554656506
16:34:06,2.55858779,3.502220631,2.554993629
16:34:06,2.558319092,3.502097607,2.554552555
16:34:06,2.558605671,3.502205133,2.555285931
16:34:06,2.557415009,3.501939774,2.554901123
16:34:06,2.557962179,3.501680613,2.55674696
16:34:06,2.55786252,3.502157688,2.555571795
16:34:06,2.55874896,3.501698494,2.554664373
16:34:06,2.557054281,3.501390219,2.554019451
16:34:06,2.557842016,3.50194025,2.554920912
16:34:06,2.557775736,3.502513885,2.555530071
16:34:06,2.557250023,3.501245499,2.554203987
16:34:06,2.558258057,3.500931025,2.555159807
16:34:06,2.558437824,3.501344442,2.554442167
16:34:06,2.558530331,3.502398968,2.555368662
16:34:06,2.558604479,3.502016068,2.555088282
16:34:06,2.558330297,3.502872467,2.554639816
16:34:06,2.558578014,3.501995325,2.556344509
16:34:06,2.558322668,3.500295877,2.55545783
16:34:06,2.558984041,3.501610756,2.554805756
16:34:06,2.559177637,3.500691414,2.555924177
16:34:06,2.558114529,3.502261162,2.554231882
16:34:06,2.558950424,3.501538277,2.555669069
16:34:06,2.558810472,3.502225399,2.555052042
16:34:06,2.559122324,3.503055334,2.555274248
16:34:06,2.558496714,3.502326488,2.556229115
16:34:06,2.559112549,3.502465248,2.555214643
16:34:06,2.557945728,3.502070189,2.555072069
16:34:06,2.55854702,3.501147032,2.555603504
16:34:06,2.559302568,3.502601147,2.555724621
16:34:06,2.559000254,3.501460075,2.555805922
16:34:06,2.558369398,3.501587868,2.555490494
16:34:06,2.559421778,3.502460241,2.556060314
16:34:06,2.558554888,3.502408743,2.555349112
16:34:06,2.558485985,3.501486063,2.555821896
16:34:06,2.558663607,3.503533602,2.555862665
16:34:06,2.5581882,3.502240419,2.555576563
16:34:06,2.558546305,3.501856089,2.55572176
16:34:06,2.557979345,3.501805782,2.554533482
16:34:06,2.558674335,3.501828909,2.555466652
16:34:06,2.559195042,3.501931906,2.556441307
16:34:06,2.558559418,3.501895905,2.556678772
16:34:06,2.558208466,3.502245665,2.555746794
16:34:06,2.558692694,3.502203226,2.555897236
16:34:06,2.558432817,3.502515793,2.55593729
16:34:06,2.560719252,3.503754616,2.554150581
16:34:06,2.55902648,3.502815247,2.555442333
16:34:06,2.559164047,3.502873182,2.555430174
16:34:06,2.55877018,3.50262785,2.556219339
16:34:06,2.559218168,3.502118349,2.553314209
16:34:06,2.558319092,3.501240969,2.555307388
16:34:06,2.558209181,3.501927853,2.555398464
16:34:06,2.558495998,3.50144434,2.555157661
16:34:06,2.557994604,3.503745556,2.556244135
16:34:06,2.559346437,3.503680229,2.55551219
16:34:06,2.5589149,3.502498865,2.555607557
16:34:06,2.557739496,3.502818346,2.556512117
16:34:06,2.558812618,3.502055883,2.55544281
16:34:06,2.559034348,3.502444029,2.555739641
16:34:06,2.558258057,3.502438545,2.554474354
16:34:06,2.558750391,3.501906395,2.556827545
16:34:06,2.558120012,3.502162218,2.554934263
16:34:06,2.558451891,3.503020763,2.55640173
16:34:06,2.559167624,3.503469706,2.554903746
16:34:06,2.558782816,3.502170563,2.555169821
16:34:06,2.558585167,3.501810551,2.556327581
16:34:06,2.55804944,3.501223803,2.556329012
16:34:06,2.55902791,3.501800776,2.554706097
16:34:06,2.558732986,3.502583742,2.556280136
16:34:06,2.558724403,3.502059698,2.55584693
16:34:06,2.559061766,3.501674652,2.555268288
16:34:06,2.558436394,3.501334667,2.555062532
16:34:06,2.558512449,3.50170207,2.555039406
16:34:06,2.558368444,3.501829386,2.555080414
16:34:06,2.558346748,3.500630856,2.55467701
16:34:06,2.558209181,3.500289679,2.554755688
16:34:06,2.558137894,3.501028061,2.554773569
16:34:06,2.559253216,3.501828909,2.556612015
16:34:06,2.558984041,3.501547337,2.555339575
16:34:06,2.558354616,3.502787828,2.555347443
16:34:06,2.559270382,3.503396511,2.553972006
16:34:06,2.558630705,3.503393173,2.555336952
16:34:06,2.557653666,3.501436949,2.555168152
16:34:06,2.558605671,3.502532244,2.555957317
16:34:06,2.559564352,3.502772093,2.556057215
16:34:06,2.559001923,3.503077269,2.556291342
16:34:06,2.559668064,3.502811909,2.555541277
16:34:06,2.558876514,3.502335548,2.555929661
16:34:06,2.558964968,3.502711535,2.555878639
16:34:06,2.558392763,3.502385378,2.554604292
16:34:06,2.558913469,3.502089024,2.555043936
16:34:06,2.559178352,3.503255844,2.556822777
16:34:06,2.558784008,3.502373934,2.55471611
16:34:06,2.559361458,3.502703667,2.554502487
16:34:06,2.559123755,3.502530575,2.555290699
16:34:06,2.558835745,3.501683235,2.554583788
16:34:06,2.558514118,3.50112009,2.554132938
16:34:06,2.557510138,3.501019478,2.554311275
16:34:07,2.558619976,3.502030134,2.556340933
16:34:07,2.559078693,3.503243923,2.556893587
16:34:07,2.558545828,3.50237751,2.555945396
16:34:07,2.558617592,3.503067493,2.556763649
16:34:07,2.559215546,3.50312376,2.554946899
16:34:07,2.558202028,3.502276421,2.554674387
16:34:07,2.557862997,3.501586199,2.556312561
16:34:07,2.558558702,3.502513885,2.555936813
16:34:07,2.559323072,3.502446413,2.555488825
16:34:07,2.558977604,3.502409935,2.556113958
16:34:07,2.558930159,3.502461672,2.556136608
16:34:07,2.558595896,3.501420259,2.555319786
16:34:07,2.558614969,3.501009703,2.554525614
16:34:07,2.557995081,3.50087595,2.555069208
16:34:07,2.558068037,3.500965118,2.556179523
16:34:07,2.558087111,3.500934839,2.554828405
16:34:07,2.557843208,3.501318693,2.555514336
16:34:07,2.558384895,3.500919342,2.556047678
16:34:07,2.55884552,3.501543522,2.556167126
16:34:07,2.5589149,3.501477003,2.554920197
16:34:07,2.558470249,3.501372814,2.555222511
16:34:07,2.559115648,3.502567768,2.558110714
16:34:07,2.559964657,3.502909899,2.555455446
16:34:07,2.558071852,3.502413988,2.555319786
16:34:07,2.559038401,3.502518892,2.557023525
16:34:07,2.559800148,3.50263238,2.556155682
16:34:07,2.559376717,3.502891541,2.555912256
16:34:07,2.559154034,3.502985239,2.55491972
16:34:07,2.559089899,3.502295732,2.554809332
16:34:07,2.559303999,3.502819061,2.556639194
16:34:07,2.55935955,3.503229618,2.555726528
16:34:07,2.558719397,3.502902031,2.555429697
16:34:07,2.558250189,3.502859116,2.55596137
16:34:07,2.559342146,3.502630472,2.55571866
16:34:07,2.558478832,3.502454996,2.554383993
16:34:07,2.55980444,3.503223658,2.557284832
16:34:07,2.559824228,3.503187895,2.556041241
16:34:07,2.558836937,3.503945827,2.557011366
16:34:07,2.558802605,3.503800392,2.556729078
16:34:07,2.559014559,3.503922939,2.556194067
16:34:07,2.559156179,3.503734589,2.555387974
16:34:07,2.559003353,3.504244089,2.556091785
16:34:07,2.559375763,3.50459528,2.556922436
16:34:07,2.559486866,3.505240202,2.555105448
16:34:07,2.560153723,3.504865885,2.554612875
16:34:07,2.55841589,3.503979921,2.556761265
16:34:07,2.559991837,3.503577709,2.556490898
16:34:07,2.559375286,3.50430131,2.556467295
16:34:07,2.559303284,3.504281759,2.557715893
16:34:07,2.559406996,3.50310421,2.555497169
16:34:07,2.558906317,3.502762794,2.556626558
16:34:07,2.559496403,3.503349781,2.556479692
16:34:07,2.559809446,3.503497124,2.557373285
16:34:07,2.560333967,3.503419399,2.554923773
16:34:07,2.559296131,3.503426552,2.557319641
16:34:07,2.559556484,3.503249168,2.556968451
16:34:07,2.559348345,3.503471613,2.557032108
16:34:07,2.55925107,3.50379014,2.556217909
16:34:07,2.559623718,3.503267527,2.55636549
16:34:07,2.559154034,3.503330946,2.556428671
16:34:07,2.559929132,3.502864599,2.556840181
16:34:07,2.559908628,3.502394438,2.55664897
16:34:07,2.560333014,3.502868176,2.556146383
16:34:07,2.559703112,3.503626108,2.556549311
16:34:07,2.559477806,3.5032444,2.557088375
16:34:07,2.560233116,3.503403425,2.558659554
16:34:07,2.560350657,3.503842115,2.556718588
16:34:07,2.560017586,3.504674673,2.55671525
16:34:07,2.55953598,3.504496574,2.556248903
16:34:07,2.560496807,3.504371881,2.556762934
16:34:07,2.558908701,3.503667831,2.555920362
16:34:07,2.559134245,3.50352478,2.55659461
16:34:07,2.559202909,3.503056526,2.555813074
16:34:07,2.559387922,3.503345013,2.55661273
16:34:07,2.559679508,3.502552271,2.556945086
16:34:07,2.558898449,3.503844023,2.556162834
16:34:07,2.559224129,3.502326488,2.555900812
16:34:07,2.559653521,3.505155563,2.557234049
16:34:07,2.559247971,3.505202532,2.556546688
16:34:07,2.560072422,3.505994558,2.556880713
16:34:07,2.559412479,3.504378557,2.557139158
16:34:07,2.559101343,3.50421834,2.556268692
16:34:07,2.558996677,3.502610207,2.554452896
16:34:07,2.559705019,3.503372908,2.556258917
16:34:07,2.559170008,3.503340721,2.557106972
16:34:07,2.559058905,3.503376961,2.556384563
16:34:07,2.560290575,3.504075766,2.557151556
16:34:07,2.559432268,3.503277302,2.556131124
16:34:07,2.559452772,3.50411725,2.556216002
16:34:07,2.558893681,3.502943993,2.55702281
16:34:07,2.559586763,3.503104925,2.555713415
16:34:07,2.559522152,3.503049374,2.557568312
16:34:07,2.559010029,3.503456593,2.556097269
16:34:07,2.559796333,3.503009558,2.555570364
16:34:07,2.560326099,3.503584623,2.55682373
16:34:07,2.559900045,3.50214529,2.554459333
16:34:07,2.559611082,3.503538847,2.556265593
16:34:07,2.558636189,3.503035307,2.554797888
16:34:07,2.558591843,3.503442526,2.555805206
16:34:07,2.559468985,3.503014088,2.556731701
16:34:07,2.558299065,3.502636671,2.555701494
16:34:07,2.55944562,3.5035851,2.555628538
16:34:07,2.558825731,3.502462864,2.557188749
16:34:07,2.55933857,3.502348185,2.556483746
16:34:07,2.558582306,3.501758814,2.555115461
16:34:07,2.557736874,3.503578424,2.556381226
16:34:07,2.559324503,3.503271103,2.556796551
16:34:07,2.55850625,3.503180981,2.557412863
16:34:07,2.55950141,3.503247976,2.556873322
16:34:07,2.559170008,3.502464294,2.556203365
16:34:07,2.55912447,3.501605749,2.554782867
16:34:07,2.558735847,3.502353668,2.556351662
16:34:07,2.559075356,3.502679348,2.556883097
16:34:07,2.559752703,3.502789259,2.555908442
16:34:07,2.558545828,3.502576351,2.555859327
16:34:07,2.558645248,3.503553391,2.556826353
16:34:08,2.558453798,3.503020048,2.556341648
16:34:08,2.558973789,3.502174616,2.555413723
16:34:08,2.559051037,3.503628731,2.556782722
16:34:08,2.558727026,3.501333952,2.55410552
16:34:08,2.558401585,3.502813339,2.555274963
16:34:08,2.558811903,3.502440929,2.554774046
16:34:08,2.559387207,3.50272727,2.554642677
16:34:08,2.559528112,3.502240419,2.557094812
16:34:08,2.558487177,3.502070189,2.555868149
16:34:08,2.558022022,3.501640081,2.556276083
16:34:08,2.557883501,3.501291275,2.554428339
16:34:08,2.558055878,3.501018763,2.555715084
16:34:08,2.556952477,3.500701189,2.554652929
16:34:08,2.558168888,3.500597715,2.554350138
16:34:08,2.557138205,3.501519918,2.554673672
16:34:08,2.557502985,3.501826525,2.554697514
16:34:08,2.557771444,3.50205636,2.554150581
16:34:08,2.558372259,3.502655506,2.555170298
16:34:08,2.558429241,3.502463579,2.555159092
16:34:08,2.557672024,3.501554728,2.555182934
16:34:08,2.556889057,3.501122713,2.554629326
16:34:08,2.55740571,3.501816273,2.555169821
16:34:08,2.557254553,3.501212597,2.554213524
16:34:08,2.557775021,3.500531673,2.555671692
16:34:08,2.559110403,3.503033876,2.556307316
16:34:08,2.55905962,3.504023552,2.556133747
16:34:08,2.559436083,3.503625631,2.555426836
16:34:08,2.560034752,3.503047943,2.556227922
16:34:08,2.559809923,3.503084183,2.555390596
16:34:08,2.558927536,3.502359867,2.555305958
16:34:08,2.559500217,3.502557993,2.555384398
16:34:08,2.559847116,3.502775431,2.556643248
16:34:08,2.559241295,3.502384663,2.557078838
16:34:08,2.559206486,3.502894163,2.555740356
16:34:08,2.558743238,3.502684832,2.556038618
16:34:08,2.55954051,3.502005816,2.556280613
16:34:08,2.559283018,3.502012014,2.556856632
16:34:08,2.559091806,3.501722336,2.555448055
16:34:08,2.559584856,3.50327301,2.556539297
16:34:08,2.55942893,3.503746271,2.556709766
16:34:08,2.559675217,3.502761602,2.556424379
16:34:08,2.559521437,3.50282073,2.55646801
16:34:08,2.560590506,3.503190994,2.555773497
16:34:08,2.559246063,3.502701044,2.555996895
16:34:08,2.559634447,3.502063513,2.555294037
16:34:08,2.559629202,3.502613544,2.555682898
16:34:08,2.559456587,3.502892733,2.555381298
16:34:08,2.560032368,3.50352478,2.556848288
16:34:08,2.55939126,3.504446983,2.556854725
16:34:08,2.559588194,3.502156973,2.55761981
16:34:08,2.558939457,3.502776146,2.55593276
16:34:08,2.56004858,3.503475904,2.556205273
16:34:08,2.559342146,3.502620697,2.556954622
16:34:08,2.559190989,3.503328562,2.557739735
16:34:08,2.559144258,3.503171921,2.55507493
16:34:08,2.559463263,3.503551722,2.55606842
16:34:08,2.559596062,3.503592253,2.555501699
16:34:08,2.560528517,3.504625082,2.556289434
16:34:08,2.560174227,3.504970312,2.557185173
16:34:08,2.559666157,3.503311634,2.556624413
16:34:08,2.558795214,3.502665997,2.555767536
16:34:08,2.559273481,3.502036333,2.556477785
16:34:08,2.558970928,3.502641439,2.556262016
16:34:08,2.559256315,3.501852751,2.556190729
16:34:08,2.558500528,3.50348711,2.556702614
16:34:08,2.559655428,3.504002094,2.556623697
16:34:08,2.559877634,3.50390625,2.555912256
16:34:08,2.559561014,3.502797604,2.555922747
16:34:08,2.558544159,3.503292561,2.556309938
16:34:08,2.559564352,3.502393246,2.556700706
16:34:08,2.558597326,3.501858711,2.556692123
16:34:08,2.55918026,3.502821207,2.556637764
16:34:08,2.559681416,3.503731966,2.556475878
16:34:08,2.559731483,3.503166914,2.556701422
16:34:08,2.560208797,3.503117323,2.557821035
16:34:08,2.559412956,3.502004385,2.556647778
16:34:08,2.559788227,3.502749443,2.554729223
16:34:08,2.559528589,3.50342989,2.556258917
16:34:08,2.559141397,3.50301671,2.556033373
16:34:08,2.558269262,3.502369642,2.554924965
16:34:08,2.559585571,3.502779484,2.557168961
16:34:08,2.55924654,3.502863407,2.557868719
16:34:08,2.558439255,3.502260685,2.555440903
16:34:08,2.558825016,3.501944304,2.556146383
16:34:08,2.559327841,3.502674341,2.556117535
16:34:08,2.55884552,3.502309799,2.554941416
16:34:08,2.559388399,3.502460957,2.555586338
16:34:08,2.558636189,3.503160954,2.557285786
16:34:08,2.559885502,3.503447294,2.556071043
16:34:08,2.559393167,3.503047466,2.555207014
16:34:08,2.558447838,3.502729893,2.55665493
16:34:08,2.55905962,3.503944635,2.556034803
16:34:08,2.55938077,3.503009558,2.555636406
16:34:08,2.559089422,3.503433704,2.556124687
16:34:08,2.559190989,3.503984213,2.556245804
16:34:08,2.55867362,3.503583908,2.556866646
16:34:08,2.558802605,3.50404191,2.557077646
16:34:08,2.558485985,3.502880573,2.555558681
16:34:08,2.559938431,3.503943205,2.556782007
16:34:08,2.559052944,3.504363537,2.556824446
16:34:08,2.559182644,3.503004551,2.5564394
16:34:08,2.55855298,3.503750801,2.555936098
16:34:08,2.558848143,3.503246546,2.556854725
16:34:08,2.559479713,3.503073692,2.555885792
16:34:08,2.559998274,3.503153086,2.556968451
16:34:08,2.55896306,3.502841473,2.555531263
16:34:08,2.558745623,3.502602577,2.556169033
16:34:08,2.558453083,3.502898693,2.555717945
16:34:08,2.559037209,3.502427578,2.555603981
16:34:08,2.558381081,3.5024786,2.556512117
16:34:08,2.558819056,3.502758503,2.555474043
16:34:08,2.558435678,3.501956463,2.556056499
16:34:08,2.559294939,3.501079559,2.555108309
16:34:08,2.558949947,3.502008677,2.555301905
16:34:08,2.558460236,3.502271414,2.554738998
16:34:08,2.559025764,3.501509666,2.556764841
16:34:08,2.558281183,3.502104044,2.554656506
16:34:08,2.558777332,3.502188206,2.555922747
16:34:08,2.55829525,3.502070904,2.555998325
16:34:09,2.559053421,3.501638174,2.556449413
16:34:09,2.560396194,3.501934528,2.556285381
16:34:09,2.558961868,3.502140522,2.55603528
16:34:09,2.558514595,3.502468824,2.556522131
16:34:09,2.558639288,3.500891924,2.554689407
16:34:09,2.558528423,3.501585245,2.555132866
16:34:09,2.558538675,3.501526594,2.556061268
16:34:09,2.558344841,3.501781225,2.556400537
16:34:09,2.558048248,3.503285646,2.557409048
16:34:09,2.558692217,3.502619505,2.555787802
16:34:09,2.559617996,3.501867294,2.555477858
16:34:09,2.559235334,3.503074408,2.555655241
16:34:09,2.559724808,3.502960205,2.557085514
16:34:09,2.559625149,3.502729177,2.555924177
16:34:09,2.558758259,3.502387285,2.556212425
16:34:09,2.557792425,3.502317429,2.555697918
16:34:09,2.558670759,3.502716541,2.55668807
16:34:09,2.559703112,3.502740622,2.556659698
16:34:09,2.558552265,3.502886295,2.556737661
16:34:09,2.558821678,3.502144575,2.556298494
16:34:09,2.559037924,3.502710819,2.5558846
16:34:09,2.55983901,3.503134251,2.556256771
16:34:09,2.558322668,3.502167463,2.55576086
16:34:09,2.55920887,3.502821207,2.555642366
16:34:09,2.558698177,3.502759218,2.555969954
16:34:09,2.557811022,3.501980066,2.555168152
16:34:09,2.558868647,3.502671719,2.55754447
16:34:09,2.558678389,3.503465652,2.555902958
16:34:09,2.559391975,3.503353357,2.556542635
16:34:09,2.559385777,3.502573252,2.554907799
16:34:09,2.558574677,3.502677679,2.556153297
16:34:09,2.558623552,3.502128363,2.555905104
16:34:09,2.558212042,3.501912355,2.556704044
16:34:09,2.558344126,3.502367735,2.556137323
16:34:09,2.558766127,3.501646042,2.556384563
16:34:09,2.558330297,3.502537251,2.555894375
16:34:09,2.558575153,3.502680063,2.555621862
16:34:09,2.558059931,3.502784014,2.554608583
16:34:09,2.558778286,3.50308466,2.555330515
16:34:09,2.559415102,3.50334239,2.555642366
16:34:09,2.558921337,3.502002239,2.555651903
16:34:09,2.558494568,3.502347469,2.554260492
16:34:09,2.55869174,3.502270937,2.554659128
16:34:09,2.558590412,3.503070354,2.556151628
16:34:09,2.558594465,3.5023489,2.555044651
16:34:09,2.559309483,3.501850367,2.555958033
16:34:09,2.558824539,3.503108263,2.556782007
16:34:09,2.558808327,3.5029881,2.556077003
16:34:09,2.558788538,3.502980947,2.555055857
16:34:09,2.558468103,3.50228405,2.556231499
16:34:09,2.558418512,3.501247406,2.556671619
16:34:09,2.558676958,3.501871824,2.55581665
16:34:09,2.559456587,3.50263238,2.556110144
16:34:09,2.557976723,3.501714468,2.555530548
16:34:09,2.558993578,3.502821684,2.555949926
16:34:09,2.558563948,3.503166437,2.55584836
16:34:09,2.559407949,3.501909494,2.556584358
16:34:09,2.559311152,3.502500772,2.55599618
16:34:09,2.558643341,3.503314972,2.555619478
16:34:09,2.55883956,3.50337553,2.556425095
16:34:09,2.559436798,3.504389048,2.556561232
16:34:09,2.559531212,3.504111767,2.55713582
16:34:09,2.559748173,3.503494501,2.555777788
16:34:09,2.557726145,3.502687931,2.554622889
16:34:09,2.559108496,3.502717257,2.555771351
16:34:09,2.558585167,3.502332926,2.556563616
16:34:09,2.558842897,3.503318787,2.555118561
16:34:09,2.557814598,3.502418995,2.554563284
16:34:09,2.55883956,3.502566099,2.555372953
16:34:09,2.559288979,3.50202322,2.554821968
16:34:09,2.557296753,3.502421856,2.555261374
16:34:09,2.557788372,3.502683401,2.554777622
16:34:09,2.558410883,3.501989126,2.556500196
16:34:09,2.559345722,3.50286746,2.556336164
16:34:09,2.559052467,3.503502846,2.556596994
16:34:09,2.559643507,3.503554583,2.556596279
16:34:09,2.559333086,3.502914429,2.55603075
16:34:09,2.558624744,3.501390219,2.555903673
16:34:09,2.558124065,3.502298355,2.555424929
16:34:09,2.558927536,3.502465248,2.555019617
16:34:09,2.558269978,3.501193047,2.554490566
16:34:09,2.558445215,3.50080061,2.555140734
16:34:09,2.558546305,3.501223087,2.555053234
16:34:09,2.558435678,3.500668287,2.555559635
16:34:09,2.558504581,3.500307798,2.554652452
16:34:09,2.557732105,3.501175642,2.555856705
16:34:09,2.558747053,3.501816273,2.556216717
16:34:09,2.558680534,3.501591921,2.554824352
16:34:09,2.558175087,3.500845432,2.55490303
16:34:09,2.558319807,3.501246691,2.5550704
16:34:09,2.557493687,3.502320766,2.555479765
16:34:09,2.558603048,3.501848459,2.555405617
16:34:09,2.55772686,3.501730204,2.555417061
16:34:09,2.559081554,3.501275301,2.554083109
16:34:09,2.558566093,3.501008987,2.555090427
16:34:09,2.558330297,3.501007795,2.554285526
16:34:09,2.557821274,3.501943588,2.555428267
16:34:09,2.559731483,3.503198624,2.555222511
16:34:09,2.558125973,3.503478765,2.555380821
16:34:09,2.55815959,3.50248456,2.556214571
16:34:09,2.558769464,3.502670288,2.553648472
16:34:09,2.557964087,3.502594709,2.556420803
16:34:09,2.558617592,3.50168705,2.555112123
16:34:09,2.557507038,3.501414537,2.555182934
16:34:09,2.557483196,3.502045393,2.554718733
16:34:09,2.557679415,3.500114679,2.554018259
16:34:09,2.559009314,3.502799511,2.554508924
16:34:09,2.557837248,3.50219202,2.554194927
16:34:09,2.558248758,3.501315832,2.555035353
16:34:09,2.557791233,3.50154233,2.555868149
16:34:09,2.558959246,3.501362085,2.556147337
16:34:09,2.557867527,3.5017941,2.556483746
16:34:09,2.558906317,3.502486944,2.55554986
16:34:09,2.559094191,3.503521919,2.555842876
16:34:09,2.559636354,3.503436327,2.554143906
16:34:10,2.558698893,3.50417757,2.555770636
16:34:10,2.55897975,3.502764463,2.554856539
16:34:10,2.559309959,3.501735449,2.555334091
16:34:10,2.558289766,3.500730038,2.556057215
16:34:10,2.558275461,3.499852657,2.556487799
16:34:10,2.558829784,3.500348806,2.555891037
16:34:10,2.559148073,3.501170397,2.55466032
16:34:10,2.558057308,3.503233433,2.554824352
16:34:10,2.558841705,3.50346756,2.554967403
16:34:10,2.558655977,3.503144026,2.556448698
16:34:10,2.558545828,3.502233744,2.555515051
16:34:10,2.559435368,3.50212431,2.557316303
16:34:10,2.558793306,3.501336813,2.55584693
16:34:10,2.558098078,3.500376225,2.555464029
16:34:10,2.558581114,3.499642372,2.553970575
16:34:10,2.558462858,3.500874043,2.556008339
16:34:10,2.558083534,3.500994444,2.553828478
16:34:10,2.558918715,3.502658367,2.555143833
16:34:10,2.559454203,3.50330925,2.554784298
16:34:10,2.55858469,3.502133608,2.554846764
16:34:10,2.558305025,3.50228858,2.555096388
16:34:10,2.55899024,3.500741482,2.55564189
16:34:10,2.559087992,3.501618147,2.555913687
16:34:10,2.558910131,3.502907276,2.55602932
16:34:10,2.55988884,3.502933502,2.555981398
16:34:10,2.560065031,3.50250721,2.554664373
16:34:10,2.560357809,3.50335741,2.556396008
16:34:10,2.55924058,3.501828194,2.556551218
16:34:10,2.558774233,3.50311017,2.554899931
16:34:10,2.558692694,3.502639055,2.55430603
16:34:10,2.557668209,3.502342701,2.555810452
16:34:10,2.557215452,3.501418829,2.555119991
16:34:10,2.559916496,3.503603458,2.556281328
16:34:10,2.559136629,3.503314972,2.555979729
16:34:10,2.559647083,3.502945662,2.555981398
16:34:10,2.559001923,3.504185438,2.556829929
16:34:10,2.559807301,3.5043118,2.556022882
16:34:10,2.55957222,3.504665852,2.556472301
16:34:10,2.559263706,3.50392437,2.555860043
16:34:10,2.559363365,3.504087448,2.556419611
16:34:10,2.560077667,3.503018856,2.555721283
16:34:10,2.559113264,3.502245665,2.555819035
16:34:10,2.558752298,3.503984928,2.555772305
16:34:10,2.559550285,3.503671169,2.556277514
16:34:10,2.55971241,3.504244804,2.555872679
16:34:10,2.56009388,3.505034685,2.554921627
16:34:10,2.560202599,3.504177094,2.556931496
16:34:10,2.559846401,3.504481792,2.556274652
16:34:10,2.558563948,3.503115892,2.556463957
16:34:10,2.559698582,3.502820015,2.556310415
16:34:10,2.559670687,3.502909899,2.556713343
16:34:10,2.5601933,3.503037691,2.556937933
16:34:10,2.558371782,3.503484011,2.556153297
16:34:10,2.558660984,3.50314784,2.554618835
16:34:10,2.559616089,3.503553867,2.555347443
16:34:10,2.559430122,3.502946377,2.556331873
16:34:10,2.559769869,3.501674175,2.557028055
16:34:10,2.559008121,3.501840591,2.556464434
16:34:10,2.558851957,3.50221777,2.556770802
16:34:10,2.558708668,3.502260685,2.55650425
16:34:10,2.558761597,3.502481222,2.555395126
16:34:10,2.558353901,3.502142668,2.555191994
16:34:10,2.55934906,3.501927853,2.556540728
16:34:10,2.559907913,3.503434896,2.556658268
16:34:10,2.558573961,3.502806664,2.556522846
16:34:10,2.559528112,3.502273083,2.556550503
16:34:10,2.559111595,3.502055168,2.555768728
16:34:10,2.558293104,3.501287222,2.55499506
16:34:10,2.558900356,3.501468658,2.554879904
16:34:10,2.558765411,3.50107789,2.553976536
16:34:10,2.559037209,3.501011848,2.554725885
16:34:10,2.558509111,3.500834942,2.554692745
16:34:10,2.558935165,3.501489401,2.555151939
16:34:10,2.559520483,3.501753092,2.55670929
16:34:10,2.558647394,3.500961542,2.555834532
16:34:10,2.557762384,3.501499891,2.555934906
16:34:10,2.558278084,3.500849485,2.555602789
16:34:10,2.558752298,3.502485037,2.554028273
16:34:10,2.559158087,3.502700329,2.55544734
16:34:10,2.558303595,3.503048658,2.555096865
16:34:10,2.558963776,3.502792358,2.555497169
16:34:10,2.558758259,3.502373934,2.555619478
16:34:10,2.559550285,3.502325773,2.555841684
16:34:10,2.558868647,3.502421379,2.556993723
16:34:10,2.559083939,3.502355099,2.555516243
16:34:10,2.559788942,3.503408909,2.555125237
16:34:10,2.559559822,3.503364563,2.556143284
16:34:10,2.558523178,3.504048347,2.555112123
16:34:10,2.558397532,3.501971006,2.554773569
16:34:10,2.558676958,3.50263381,2.556442261
16:34:10,2.559376717,3.50276351,2.55458951
16:34:10,2.560061693,3.502969265,2.556061268
16:34:10,2.558835745,3.503433704,2.555804729
16:34:10,2.558346748,3.502444029,2.555938959
16:34:10,2.559607267,3.503570557,2.556556463
16:34:10,2.559841156,3.502999783,2.555747747
16:34:10,2.559439659,3.50177002,2.555923462
16:34:10,2.559673309,3.502529383,2.555339098
16:34:10,2.558869123,3.502455473,2.556352139
16:34:10,2.557971239,3.502580404,2.556184292
16:34:10,2.559077978,3.502456188,2.555290222
16:34:10,2.559419632,3.502727985,2.555141926
16:34:10,2.55949235,3.502495527,2.556082249
16:34:10,2.558516026,3.503142118,2.555661917
16:34:10,2.558602333,3.502430439,2.55585146
16:34:10,2.559674025,3.50282979,2.555864811
16:34:10,2.559238911,3.502938509,2.55682826
16:34:10,2.559454679,3.503859282,2.556299925
16:34:10,2.560114861,3.501968384,2.555542469
16:34:10,2.558797359,3.503037691,2.55562377
16:34:10,2.559268236,3.50224638,2.55455327
16:34:10,2.558036804,3.501608133,2.554348469
16:34:10,2.558732986,3.502025843,2.555739641
16:34:10,2.558213949,3.502660513,2.555972576
16:34:10,2.558423758,3.502073288,2.555880547
16:34:10,2.558273315,3.502706289,2.55629468
16:34:10,2.560100317,3.503257751,2.555180073
16:34:10,2.558363199,3.502870083,2.55551219
16:34:10,2.55870676,3.502729893,2.554836273
16:34:11,2.558187485,3.504011154,2.554882765
16:34:11,2.558520555,3.502650738,2.55566287
16:34:11,2.559487581,3.502802849,2.554895401
16:34:11,2.559210777,3.503049374,2.557159662
16:34:11,2.558844328,3.502826214,2.555081129
16:34:11,2.55865097,3.503539324,2.556264162
16:34:11,2.558649302,3.503257036,2.555887222
16:34:11,2.559043646,3.502739668,2.555751562
16:34:11,2.558695316,3.501749277,2.556138992
16:34:11,2.559154034,3.502027512,2.555538893
16:34:11,2.559102535,3.502779961,2.556335449
16:34:11,2.559412479,3.502269268,2.555505753
16:34:11,2.559018612,3.501749277,2.554161072
16:34:11,2.55891943,3.502563477,2.554596424
16:34:11,2.559480429,3.502697706,2.556069136
16:34:11,2.558791399,3.501922846,2.554399252
16:34:11,2.558812618,3.501981974,2.555246353
16:34:11,2.558423042,3.50213623,2.55584693
16:34:11,2.558936834,3.501132011,2.555339575
16:34:11,2.558675528,3.501856804,2.555261374
16:34:11,2.558459759,3.502695084,2.554201603
16:34:11,2.558168888,3.501895905,2.555417538
16:34:11,2.558460951,3.501965523,2.554130077
16:34:11,2.557776928,3.502202511,2.55509901
16:34:11,2.558071136,3.501971722,2.555749655
16:34:11,2.559574842,3.500666618,2.554672241
16:34:11,2.55793047,3.499975204,2.554682016
16:34:11,2.557650805,3.500254393,2.557212114
16:34:11,2.558559418,3.50159955,2.556067228
16:34:11,2.558906317,3.501608133,2.555317163
16:34:11,2.558895111,3.501385689,2.555052042
16:34:11,2.55812335,3.502165318,2.556412458
16:34:11,2.558926821,3.502217054,2.554624081
16:34:11,2.558470964,3.501718521,2.555168152
16:34:11,2.557901859,3.500448704,2.554434776
16:34:11,2.557542562,3.500929594,2.555409908
16:34:11,2.55851841,3.501837969,2.554615974
16:34:11,2.557563066,3.500896931,2.555601358
16:34:11,2.557819366,3.500494003,2.553759098
16:34:11,2.557634592,3.500548601,2.555135727
16:34:11,2.558198452,3.501312017,2.55505991
16:34:11,2.557310581,3.50080061,2.554268122
16:34:11,2.558007002,3.500271559,2.556575537
16:34:11,2.557641029,3.501873732,2.555130005
16:34:11,2.558458328,3.50198555,2.555375338
16:34:11,2.558567762,3.502239943,2.555827856
16:34:11,2.558612823,3.502302408,2.555271387
16:34:11,2.558328152,3.501494169,2.554631233
16:34:11,2.557925224,3.501123428,2.556682825
16:34:11,2.558284521,3.50143981,2.556665182
16:34:11,2.558525085,3.502340317,2.555121422
16:34:11,2.558945894,3.501597881,2.555494308
16:34:11,2.558227539,3.502501249,2.555137157
16:34:11,2.557411432,3.501353502,2.553778172
16:34:11,2.558218479,3.502352476,2.555428982
16:34:11,2.558597326,3.501941681,2.555247068
16:34:11,2.558289051,3.502622604,2.555076361
16:34:11,2.559223413,3.502455473,2.555251598
16:34:11,2.558293819,3.501931906,2.55523181
16:34:11,2.558136702,3.502221346,2.554743528
16:34:11,2.557483196,3.50143218,2.556307793
16:34:11,2.557882071,3.501793385,2.554735899
16:34:11,2.558361769,3.5025177,2.55501771
16:34:11,2.558278084,3.50240159,2.555766821
16:34:11,2.558395624,3.502108574,2.555528641
16:34:11,2.559228182,3.501860142,2.555438757
16:34:11,2.558153152,3.501618147,2.555655241
16:34:11,2.558321476,3.50209713,2.554842234
16:34:11,2.557600498,3.501653194,2.554645777
16:34:11,2.558579206,3.501341343,2.555256367
16:34:11,2.5584023,3.500172615,2.555217981
16:34:11,2.558433771,3.500947237,2.554667234
16:34:11,2.558012962,3.50068903,2.555135489
16:34:11,2.557399988,3.500747681,2.554055929
16:34:11,2.557487011,3.50098753,2.555338383
16:34:11,2.558436394,3.502223253,2.554799318
16:34:11,2.558307886,3.502489567,2.555771351
16:34:11,2.558897972,3.501506329,2.556303263
16:34:11,2.558614254,3.501134634,2.556738377
16:34:11,2.55830574,3.501758337,2.555674314
16:34:11,2.558357239,3.501867771,2.553887367
16:34:11,2.559948206,3.502057552,2.556453228
16:34:11,2.558936834,3.503239393,2.556051254
16:34:11,2.558616877,3.502068758,2.556490898
16:34:11,2.558794022,3.502771378,2.55472374
16:34:11,2.558402777,3.50305295,2.555773497
16:34:11,2.558460951,3.5023911,2.555824995
16:34:11,2.558099031,3.501074314,2.555507421
16:34:11,2.558866024,3.501939058,2.556025505
16:34:11,2.557948828,3.501524687,2.555802345
16:34:11,2.558199406,3.501065254,2.555944204
16:34:11,2.558364391,3.50087142,2.555515766
16:34:11,2.558243752,3.501559258,2.555444717
16:34:11,2.558553457,3.502482414,2.555170298
16:34:11,2.557482719,3.502938986,2.555282831
16:34:11,2.557614088,3.502139807,2.554359674
16:34:11,2.557291508,3.500242472,2.553809881
16:34:11,2.558307171,3.501971006,2.556282282
16:34:11,2.559123755,3.502140522,2.556340933
16:34:11,2.558361769,3.502533436,2.554614067
16:34:11,2.558147669,3.502037287,2.554261684
16:34:11,2.557636499,3.502771378,2.554029942
16:34:11,2.559008598,3.502586126,2.555187225
16:34:11,2.558583975,3.502937794,2.554980755
16:34:11,2.558109522,3.501891375,2.553816557
16:34:11,2.558293104,3.501410007,2.555093765
16:34:11,2.558543444,3.502622128,2.555355549
16:34:11,2.557703257,3.50191021,2.554905891
16:34:11,2.55789423,3.50094986,2.554697037
16:34:11,2.558610916,3.500937462,2.556081772
16:34:11,2.5581882,3.502359152,2.555191994
16:34:11,2.558798075,3.501554728,2.555076838
16:34:11,2.558238983,3.500742912,2.553973913
16:34:11,2.557383299,3.501111507,2.555644512
16:34:11,2.557916641,3.500790834,2.555237293
16:34:11,2.557394505,3.501552105,2.554669857
16:34:12,2.558250904,3.499998331,2.555096865
16:34:12,2.557080984,3.499282122,2.553558588
16:34:12,2.557637691,3.500811577,2.555993795
16:34:12,2.558815479,3.502667904,2.55606246
16:34:12,2.55939126,3.502976179,2.555746078
16:34:12,2.558540344,3.501178503,2.555280447
16:34:12,2.557986021,3.501702785,2.555910587
16:34:12,2.558198452,3.50238657,2.554538727
16:34:12,2.55793643,3.502538443,2.5548141
16:34:12,2.557323694,3.501452923,2.55390048
16:34:12,2.558133364,3.502748251,2.556124687
16:34:12,2.558184147,3.501888752,2.555160284
16:34:12,2.55870676,3.501668215,2.555397987
16:34:12,2.558249235,3.501739979,2.554407835
16:34:12,2.557654858,3.501929045,2.555632591
16:34:12,2.558302402,3.50171113,2.555032253
16:34:12,2.558078289,3.500994921,2.554539919
16:34:12,2.55774951,3.502216101,2.554258108
16:34:12,2.558898449,3.502554417,2.554299355
16:34:12,2.558099031,3.503033876,2.554861307
16:34:12,2.558550596,3.502286673,2.555008888
16:34:12,2.558109522,3.503139973,2.556136131
16:34:12,2.558904409,3.502990723,2.556391716
16:34:12,2.55867362,3.502232552,2.555361032
16:34:12,2.558591127,3.501786947,2.553574085
16:34:12,2.556807041,3.501511574,2.555875301
16:34:12,2.558478832,3.500857115,2.553716183
16:34:12,2.558959723,3.501265049,2.554896593
16:34:12,2.557575703,3.502351522,2.553574562
16:34:12,2.557082653,3.501811981,2.55495739
16:34:12,2.556843996,3.501647949,2.555016994
16:34:12,2.557173967,3.50085783,2.554464579
16:34:12,2.557262421,3.501167059,2.555313826
16:34:12,2.558689594,3.501993179,2.553895712
16:34:12,2.556802034,3.50112915,2.555280447
16:34:12,2.55807066,3.502074718,2.555654287
16:34:12,2.558256388,3.500160456,2.553480864
16:34:12,2.558256865,3.501854658,2.55523181
16:34:12,2.557681799,3.501717329,2.555304527
16:34:12,2.558022022,3.50111866,2.555243731
16:34:12,2.557489872,3.502134085,2.554322481
16:34:12,2.557730913,3.501610041,2.554867983
16:34:12,2.558324814,3.501867771,2.555859089
16:34:12,2.558045387,3.502079248,2.555290699
16:34:12,2.558686256,3.501567125,2.555549145
16:34:12,2.55772543,3.502018452,2.554920912
16:34:12,2.557258368,3.502995729,2.556018353
16:34:12,2.558888435,3.501965046,2.555428267
16:34:12,2.559454203,3.5021348,2.554639339
16:34:12,2.558906317,3.502681494,2.555356741
16:34:12,2.558068514,3.502075911,2.55605197
16:34:12,2.558936834,3.502016544,2.555817366
16:34:12,2.55851531,3.502119541,2.555524826
16:34:12,2.558114052,3.501628876,2.554737806
16:34:12,2.558030844,3.502551794,2.555417061
16:34:12,2.557787657,3.501008987,2.554472685
16:34:12,2.558577538,3.503287554,2.556088209
16:34:12,2.558574677,3.50235796,2.555400372
16:34:12,2.558764696,3.501834393,2.556179523
16:34:12,2.558916092,3.501043081,2.556297302
16:34:12,2.558381796,3.502264023,2.555317879
16:34:12,2.557622433,3.50202322,2.556162834
16:34:12,2.558200121,3.501364708,2.556412458
16:34:12,2.559181929,3.503483534,2.554167747
16:34:12,2.559243679,3.502086401,2.555537462
16:34:12,2.559381962,3.502113104,2.55604291
16:34:12,2.558861494,3.502104759,2.555643082
16:34:12,2.558504105,3.502539158,2.555626154
16:34:12,2.558983564,3.50169158,2.555041552
16:34:12,2.557727814,3.500773668,2.555540562
16:34:12,2.558912277,3.501167774,2.555649996
16:34:12,2.558496714,3.50210619,2.556648254
16:34:12,2.559054136,3.501886129,2.555947304
16:34:12,2.559094429,3.50286746,2.556002378
16:34:12,2.557848454,3.502841473,2.555621386
16:34:12,2.558993578,3.502159357,2.555918932
16:34:12,2.558054686,3.501659155,2.556475878
16:34:12,2.559150219,3.501948833,2.555686951
16:34:12,2.558887959,3.501141787,2.55598259
16:34:12,2.558613539,3.502292633,2.554674864
16:34:12,2.559160471,3.503082037,2.5543859
16:34:12,2.557460785,3.503115892,2.554616928
16:34:12,2.558009148,3.502793074,2.554342985
16:34:12,2.558709621,3.502662659,2.555858374
16:34:12,2.557938099,3.50087738,2.55580759
16:34:12,2.558382988,3.501694918,2.556087494
16:34:12,2.557288885,3.502090931,2.555682421
16:34:12,2.559140205,3.500229597,2.554635525
16:34:12,2.558119535,3.500789404,2.554448843
16:34:12,2.558011055,3.500745535,2.555475235
16:34:12,2.557019234,3.500957727,2.555484533
16:34:12,2.557816029,3.501924515,2.554982424
16:34:12,2.557755947,3.502187014,2.555401802
16:34:12,2.55830431,3.50194025,2.556190729
16:34:12,2.558784723,3.501247406,2.556064606
16:34:12,2.558169603,3.501547337,2.555279493
16:34:12,2.558453798,3.502160072,2.554848671
16:34:12,2.558301687,3.502437353,2.554071188
16:34:12,2.557610512,3.501311541,2.554610014
16:34:12,2.557575703,3.501833677,2.555216074
16:34:12,2.558328152,3.50211668,2.555946112
16:34:12,2.55812335,3.501933813,2.555438757
16:34:12,2.558655977,3.500936031,2.554927588
16:34:12,2.55820322,3.5012815,2.55522728
16:34:12,2.558464766,3.501771927,2.555194378
16:34:12,2.557457447,3.501998901,2.554807901
16:34:12,2.55865097,3.501716614,2.554240942
16:34:12,2.557873011,3.502726316,2.555318594
16:34:12,2.55772233,3.50094533,2.555311441
16:34:12,2.55783534,3.502322435,2.555566549
16:34:12,2.558441877,3.502845764,2.554587126
16:34:12,2.557275772,3.50155592,2.555805922
16:34:12,2.557593346,3.502007961,2.555807352
16:34:12,2.557547092,3.502323866,2.554792166
16:34:12,2.557655573,3.502261639,2.554359674
16:34:12,2.557991028,3.50311327,2.555899858
16:34:12,2.558422089,3.501473665,2.554101706
16:34:12,2.55747509,3.502515316,2.555350304
16:34:12,2.558116674,3.500887871,2.554949045
16:34:13,2.557929754,3.501478195,2.554730654
16:34:13,2.559683084,3.501511574,2.555086851
16:34:13,2.558626652,3.502227545,2.555572987
16:34:13,2.557648897,3.501398563,2.55534482
16:34:13,2.556661844,3.500658274,2.554481983
16:34:13,2.558061838,3.50169611,2.554809332
16:34:13,2.557364225,3.500880003,2.554705381
16:34:13,2.557535887,3.500305653,2.556071043
16:34:13,2.558125257,3.501741171,2.555635214
16:34:13,2.558850765,3.501884699,2.55467701
16:34:13,2.558986902,3.502171278,2.555573702
16:34:13,2.557916641,3.500632763,2.555779457
16:34:13,2.558407545,3.501321793,2.555280685
16:34:13,2.558742523,3.502367735,2.554989815
16:34:13,2.558144569,3.501062632,2.555399179
16:34:13,2.558088303,3.501283884,2.555879831
16:34:13,2.558146954,3.502168655,2.556121826
16:34:13,2.559442282,3.501076698,2.55616641
16:34:13,2.558507919,3.503111362,2.554933548
16:34:13,2.558700085,3.502064943,2.554765463
16:34:13,2.55751276,3.502032995,2.554546118
16:34:13,2.558032751,3.502367735,2.55509305
16:34:13,2.557855129,3.501773834,2.554450035
16:34:13,2.558001757,3.501327038,2.554914474
16:34:13,2.557120323,3.501546144,2.554769516
16:34:13,2.557446003,3.501626015,2.554563999
16:34:13,2.558135033,3.501550913,2.554261684
16:34:13,2.558328152,3.501768589,2.554780722
16:34:13,2.558320761,3.501576185,2.554598808
16:34:13,2.558250904,3.501732111,2.556455374
16:34:13,2.559305191,3.502320766,2.556778193
16:34:13,2.55934763,3.503341198,2.555514336
16:34:13,2.557938814,3.502579689,2.55483675
16:34:13,2.558330297,3.502464771,2.554603577
16:34:13,2.558324814,3.501968384,2.554260492
16:34:13,2.559493065,3.502173185,2.554027081
16:34:13,2.558635473,3.501916647,2.555290699
16:34:13,2.558491945,3.501961231,2.55506134
16:34:13,2.558900833,3.502230406,2.556172848
16:34:13,2.558360577,3.502536535,2.555155754
16:34:13,2.55913353,3.502325773,2.555599451
16:34:13,2.558522463,3.503457785,2.555126667
16:34:13,2.558947802,3.502331972,2.557067633
16:34:13,2.558369875,3.502521515,2.555962563
16:34:13,2.558777332,3.501901865,2.555334806
16:34:13,2.558692217,3.501391649,2.555785418
16:34:13,2.558426619,3.501403332,2.555270672
16:34:13,2.558514595,3.501801968,2.55484581
16:34:13,2.558926105,3.501649857,2.554592371
16:34:13,2.558389187,3.501716614,2.553719997
16:34:13,2.55758214,3.501587391,2.554583788
16:34:13,2.557350397,3.501508951,2.554941416
16:34:13,2.558588266,3.502433777,2.554901838
16:34:13,2.559168577,3.502569914,2.555767536
16:34:13,2.559480429,3.502269745,2.555981874
16:34:13,2.558151245,3.502040863,2.555226088
16:34:13,2.558095455,3.502259493,2.555730581
16:34:13,2.558354616,3.501897097,2.555176497
16:34:13,2.559391975,3.501976728,2.554998636
16:34:13,2.558428049,3.501218796,2.556511402
16:34:13,2.558713913,3.501727104,2.555476427
16:34:13,2.558871269,3.5014503,2.556215286
16:34:13,2.558754921,3.501882076,2.556067705
16:34:13,2.558002949,3.502270937,2.55634284
16:34:13,2.558311462,3.502935886,2.555581808
16:34:13,2.558178186,3.502552271,2.555420876
16:34:13,2.558708668,3.502542496,2.554723263
16:34:13,2.558866024,3.501597166,2.555580854
16:34:13,2.558332205,3.501330853,2.554910898
16:34:13,2.557937145,3.500916481,2.554032087
16:34:13,2.557751417,3.500326872,2.555258989
16:34:13,2.557556868,3.501363516,2.554718018
16:34:13,2.558697701,3.503471136,2.554181099
16:34:13,2.558103323,3.502085209,2.555349588
16:34:13,2.557873726,3.500873804,2.553761005
16:34:13,2.558064461,3.503200293,2.555294037
16:34:13,2.557954311,3.502079964,2.555033207
16:34:13,2.559387207,3.504021645,2.556097269
16:34:13,2.558299065,3.503031731,2.556040525
16:34:13,2.558168888,3.50370717,2.555171728
16:34:13,2.558790445,3.502866745,2.554784775
16:34:13,2.55833149,3.501848936,2.554335117
16:34:13,2.55740428,3.500277758,2.554973841
16:34:13,2.558384895,3.500488997,2.554916382
16:34:13,2.55794692,3.501657248,2.555897236
16:34:13,2.557471275,3.501536369,2.554520369
16:34:13,2.558322668,3.500866175,2.555015326
16:34:13,2.558268785,3.502380133,2.556362867
16:34:13,2.557993174,3.501739979,2.555449963
16:34:13,2.558430672,3.501618385,2.554983616
16:34:13,2.55831027,3.501259089,2.555457115
16:34:13,2.557678699,3.501795292,2.555354118
16:34:13,2.557692528,3.501362801,2.554132938
16:34:13,2.557983875,3.501741171,2.555145502
16:34:13,2.558603048,3.501760244,2.554826498
16:34:13,2.557424068,3.502117872,2.554829121
16:34:13,2.557482004,3.501611233,2.554417133
16:34:13,2.557736874,3.500507355,2.554331064
16:34:13,2.557901859,3.503022671,2.554764271
16:34:13,2.558729887,3.502709389,2.557202578
16:34:13,2.558104992,3.503015518,2.555676222
16:34:13,2.559007406,3.500112772,2.554595709
16:34:13,2.557703257,3.500185013,2.554564476
16:34:13,2.557760715,3.499886751,2.555045128
16:34:13,2.558072329,3.501108408,2.554857492
16:34:13,2.558413506,3.501132488,2.555515051
16:34:13,2.5581882,3.501250744,2.554324389
16:34:13,2.557766676,3.501010418,2.554785252
16:34:13,2.558308363,3.501462698,2.555096388
16:34:13,2.557824612,3.500970125,2.555424929
16:34:13,2.558232307,3.50095439,2.554793358
16:34:13,2.557791233,3.502251387,2.554843903
16:34:13,2.557681084,3.50046587,2.554370165
16:34:13,2.557957649,3.501602173,2.554992437
16:34:13,2.557835817,3.500595093,2.555625439
16:34:14,2.559295416,3.502460241,2.554160357
16:34:14,2.558902264,3.500870228,2.555256367
16:34:14,2.558573961,3.502186298,2.553965569
16:34:14,2.558030844,3.502093554,2.555604696
16:34:14,2.558632612,3.50222683,2.555247784
16:34:14,2.557818651,3.501596689,2.555704594
16:34:14,2.558108807,3.502851248,2.554981709
16:34:14,2.558213949,3.501993179,2.556124687
16:34:14,2.558341265,3.501875639,2.555709362
16:34:14,2.559430122,3.503196239,2.556762218
16:34:14,2.558634043,3.503351688,2.556307793
16:34:14,2.558121443,3.502320766,2.556266069
16:34:14,2.558805704,3.502925396,2.555704594
16:34:14,2.55868268,3.503098965,2.555342436
16:34:14,2.558113337,3.502901316,2.554811954
16:34:14,2.557663918,3.502639532,2.555080414
16:34:14,2.558260679,3.502053976,2.555905581
16:34:14,2.558340549,3.502675056,2.555721283
16:34:14,2.558114529,3.50169158,2.554009199
16:34:14,2.558236361,3.501599073,2.555034876
16:34:14,2.558667183,3.501283884,2.555546045
16:34:14,2.558869123,3.501466513,2.55462122
16:34:14,2.558458328,3.500729322,2.554986477
16:34:14,2.558303595,3.501191854,2.555378675
16:34:14,2.558400154,3.502500057,2.55598855
16:34:14,2.55802083,3.502468109,2.553971291
16:34:14,2.558819771,3.501974821,2.556275368
16:34:14,2.558433771,3.502199888,2.554878473
16:34:14,2.558885336,3.502331257,2.55584693
16:34:14,2.559118509,3.501285791,2.555140734
16:34:14,2.55872798,3.501034737,2.555554628
16:34:14,2.559090614,3.502098083,2.556544542
16:34:14,2.558521271,3.501679897,2.556044102
16:34:14,2.558577538,3.502160549,2.556316376
16:34:14,2.558854342,3.502267838,2.555443525
16:34:14,2.558661699,3.502464294,2.555584431
16:34:14,2.558880568,3.50289607,2.55534029
16:34:14,2.559024572,3.502530575,2.555334091
16:34:14,2.558533192,3.50296998,2.555416346
16:34:14,2.559531212,3.502583742,2.554879904
16:34:14,2.559339285,3.502527475,2.555749655
16:34:14,2.558482885,3.502373934,2.556180716
16:34:14,2.559407949,3.503699064,2.555735826
16:34:14,2.559331179,3.504762888,2.556298494
16:34:14,2.558622837,3.503820658,2.555550337
16:34:14,2.560386181,3.503947258,2.555486441
16:34:14,2.558900356,3.50315237,2.55525589
16:34:14,2.558653355,3.503518581,2.556792736
16:34:14,2.559052467,3.502716064,2.554052591
16:34:14,2.558169603,3.502427578,2.555738926
16:34:14,2.558726549,3.503176212,2.55594945
16:34:14,2.558393955,3.501691103,2.555344105
16:34:14,2.558367014,3.503243923,2.555464745
16:34:14,2.559075356,3.50232935,2.554657221
16:34:14,2.558819056,3.502626181,2.555584431
16:34:14,2.558530331,3.501595974,2.555593491
16:34:14,2.55866313,3.501763582,2.556269407
16:34:14,2.558713913,3.502541065,2.554577112
16:34:14,2.558619976,3.503641844,2.557226419
16:34:14,2.55869174,3.502853632,2.555706739
16:34:14,2.558199406,3.503047466,2.555784941
16:34:14,2.559292555,3.503072977,2.556077003
16:34:14,2.559919357,3.501908779,2.556018829
16:34:14,2.559227467,3.504348516,2.555981874
16:34:14,2.558974981,3.503371239,2.557132483
16:34:14,2.559183836,3.502872467,2.556317568
16:34:14,2.560166359,3.503624916,2.555437326
16:34:14,2.558936834,3.50308609,2.555678844
16:34:14,2.559683084,3.503028631,2.555967093
16:34:14,2.55883956,3.503108263,2.556147337
16:34:14,2.558842182,3.50404191,2.556577682
16:34:14,2.559813499,3.503448725,2.555191517
16:34:14,2.55862546,3.50357914,2.556608915
16:34:14,2.560353994,3.503338337,2.556742191
16:34:14,2.559345722,3.502985954,2.556756973
16:34:14,2.55932188,3.503544092,2.556755781
16:34:14,2.559463263,3.502665997,2.556222439
16:34:14,2.559463978,3.502866745,2.556522846
16:34:14,2.559782505,3.502833366,2.555713415
16:34:14,2.560709953,3.503427267,2.556630611
16:34:14,2.558935165,3.50378561,2.556668043
16:34:14,2.559020042,3.502941847,2.555548668
16:34:14,2.559047699,3.502438545,2.55565238
16:34:14,2.558951139,3.502845764,2.554467916
16:34:14,2.558727026,3.502801418,2.556330204
16:34:14,2.559294939,3.502987623,2.556335449
16:34:14,2.559292555,3.503306627,2.555444241
16:34:14,2.558655262,3.50404191,2.557410717
16:34:14,2.558131933,3.503427267,2.55640769
16:34:14,2.558887959,3.502327204,2.555233717
16:34:14,2.559794903,3.503875971,2.556435347
16:34:14,2.559221983,3.503381014,2.554518938
16:34:14,2.558594942,3.503058434,2.556382656
16:34:14,2.55942893,3.502997875,2.555249691
16:34:14,2.558378458,3.502542019,2.555464029
16:34:14,2.558829069,3.503203392,2.555321693
16:34:14,2.559629917,3.504390478,2.555918932
16:34:14,2.558995485,3.503328562,2.556323767
16:34:14,2.559884787,3.503029823,2.555103779
16:34:14,2.558634043,3.50239563,2.556127787
16:34:14,2.559025764,3.502135515,2.554235458
16:34:14,2.558509827,3.501941681,2.555641174
16:34:14,2.559004545,3.502472639,2.554556847
16:34:14,2.558744192,3.50219655,2.553873539
16:34:14,2.55751276,3.502505541,2.554276228
16:34:14,2.559128761,3.501747847,2.555388451
16:34:14,2.558581829,3.501895189,2.555490494
16:34:14,2.558445692,3.501857996,2.555624723
16:34:14,2.559201002,3.502541065,2.556611538
16:34:14,2.559057713,3.503449917,2.557126045
16:34:14,2.558895111,3.502659082,2.556226492
16:34:14,2.55877018,3.503360748,2.557301044
16:34:14,2.55877471,3.501904249,2.55513835
16:34:14,2.557991982,3.502646923,2.555891037
16:34:14,2.55833602,3.501742363,2.55537653
16:34:14,2.558475256,3.502735615,2.555724621
16:34:14,2.559011459,3.502753019,2.556371927
16:34:14,2.559057713,3.502276897,2.556458473
16:34:14,2.55891943,3.502481937,2.556313753
16:34:15,2.559440136,3.502438545,2.556196213
16:34:15,2.559117556,3.502212286,2.555855513
16:34:15,2.559190989,3.502032995,2.556561232
16:34:15,2.55983901,3.502456188,2.556319952
16:34:15,2.558775425,3.503217697,2.557599545
16:34:15,2.559344053,3.502470732,2.555561066
16:34:15,2.558535814,3.502076626,2.555731773
16:34:15,2.558614254,3.502126932,2.555726528
16:34:15,2.559434414,3.502177238,2.55629921
16:34:15,2.558696032,3.502200603,2.555600882
16:34:15,2.559001446,3.502714634,2.55608654
16:34:15,2.55998373,3.501981258,2.555469036
16:34:15,2.559008598,3.50154686,2.557684898
16:34:15,2.558209896,3.502247095,2.555524111
16:34:15,2.558381081,3.501684427,2.555168152
16:34:15,2.55862546,3.50326395,2.556813717
16:34:15,2.559687138,3.503416061,2.555971861
16:34:15,2.559945583,3.503274679,2.556295872
16:34:15,2.559886217,3.502588749,2.556444883
16:34:15,2.558731318,3.501843452,2.555366755
16:34:15,2.559022427,3.502305031,2.556094408
16:34:15,2.559824705,3.502702236,2.556448221
16:34:15,2.558469534,3.503027201,2.555725813
16:34:15,2.559365511,3.502649307,2.554732561
16:34:15,2.558181524,3.502678156,2.555146456
16:34:15,2.558936119,3.503199339,2.556412458
16:34:15,2.558799267,3.503485203,2.555185556
16:34:15,2.55890584,3.502652884,2.555223942
16:34:15,2.559169292,3.502237797,2.555370092
16:34:15,2.558614969,3.501946688,2.55634737
16:34:15,2.558724403,3.501404524,2.555315018
16:34:15,2.558328152,3.501205444,2.554533482
16:34:15,2.559114933,3.502187014,2.554620743
16:34:15,2.558670759,3.50262785,2.55569005
16:34:15,2.558550596,3.503119946,2.555960655
16:34:15,2.558895111,3.503656387,2.556889057
16:34:15,2.558744907,3.50282979,2.555265665
16:34:15,2.558887243,3.502668381,2.555180073
16:34:15,2.558725834,3.502595425,2.556412935
16:34:15,2.558607578,3.501432657,2.555993319
16:34:15,2.558678389,3.501006603,2.55630374
16:34:15,2.558204651,3.500346184,2.554712534
16:34:15,2.558473587,3.502304316,2.556306362
16:34:15,2.558943272,3.502066135,2.555512905
16:34:15,2.559699297,3.502394915,2.555789948
16:34:15,2.558757544,3.503407717,2.555756092
16:34:15,2.55986166,3.502339125,2.556123495
16:34:15,2.559230566,3.503009558,2.556334734
16:34:15,2.559417725,3.503261328,2.555180788
16:34:15,2.558599472,3.503576517,2.556219816
16:34:15,2.56028986,3.502926111,2.555461407
16:34:15,2.557798862,3.502778053,2.555912256
16:34:15,2.558451176,3.50211525,2.556309223
16:34:15,2.559131622,3.502776861,2.556680202
16:34:15,2.559733629,3.503478765,2.55664444
16:34:15,2.559114456,3.503603458,2.556824446
16:34:15,2.559169292,3.503120422,2.556331873
16:34:15,2.559584379,3.503322124,2.556106806
16:34:15,2.558248758,3.502702236,2.555785418
16:34:15,2.558985472,3.502523184,2.554603577
16:34:15,2.55968976,3.502361059,2.556093693
16:34:15,2.559372902,3.503978491,2.556363583
16:34:15,2.559467077,3.503988266,2.556405783
16:34:15,2.558268785,3.502780676,2.555912733
16:34:15,2.558895826,3.503499746,2.556720495
16:34:15,2.559018612,3.50359726,2.556311131
16:34:15,2.558548689,3.503727913,2.555820227
16:34:15,2.559370995,3.502690554,2.556942225
16:34:15,2.558483601,3.503515959,2.556574821
16:34:15,2.558733702,3.50342989,2.557226419
16:34:15,2.558843613,3.50222826,2.556016684
16:34:15,2.558727026,3.502503395,2.555671692
16:34:15,2.559197187,3.502346754,2.556382656
16:34:15,2.558570623,3.501927137,2.556488514
16:34:15,2.559734106,3.503606081,2.557317019
16:34:15,2.559352398,3.503679514,2.556264162
16:34:15,2.559035063,3.503063202,2.5566082
16:34:15,2.559214354,3.503154039,2.555214167
16:34:15,2.560057878,3.503109455,2.557069778
16:34:15,2.559528112,3.502360582,2.556204557
16:34:15,2.559185028,3.503572226,2.556742191
16:34:15,2.558662415,3.503208637,2.55598259
16:34:15,2.559013367,3.503131628,2.556598186
16:34:15,2.558815241,3.503084183,2.555521488
16:34:15,2.560314894,3.503433704,2.556745768
16:34:15,2.558780909,3.503234148,2.556522846
16:34:15,2.558782101,3.502462864,2.555752277
16:34:15,2.558862686,3.503347635,2.555805206
16:34:15,2.559195042,3.502789736,2.555606365
16:34:15,2.558826923,3.503174067,2.555649281
16:34:15,2.559058189,3.503224373,2.556083679
16:34:15,2.559000254,3.502953053,2.556137323
16:34:15,2.558564901,3.502027035,2.557552576
16:34:15,2.559621811,3.502740622,2.556416273
16:34:15,2.559512854,3.502194166,2.554831028
16:34:15,2.558324099,3.501912355,2.555623293
16:34:15,2.558400154,3.501409054,2.556427002
16:34:15,2.558548212,3.501771212,2.555510759
16:34:15,2.558770895,3.503739595,2.555445433
16:34:15,2.559189081,3.503489971,2.555086374
16:34:15,2.559598923,3.503208637,2.556446075
16:34:15,2.559112549,3.502667904,2.555567741
16:34:15,2.559426069,3.501736164,2.556951284
16:34:15,2.559455872,3.502537251,2.556923151
16:34:15,2.559585571,3.503126621,2.556521177
16:34:15,2.558516264,3.503401756,2.556262016
16:34:15,2.558622122,3.503553867,2.555728436
16:34:15,2.559097052,3.503608704,2.556236982
16:34:15,2.558862686,3.503480911,2.55447793
16:34:15,2.559489727,3.503294706,2.555299997
16:34:15,2.558119535,3.50224638,2.555731773
16:34:15,2.558949947,3.502197981,2.555657864
16:34:15,2.55899477,3.503324032,2.556916952
16:34:15,2.558799982,3.502460957,2.556186914
16:34:15,2.558494568,3.502424002,2.555146456
16:34:15,2.558650494,3.501534462,2.556616545
16:34:16,2.558840036,3.502364874,2.555824518
16:34:16,2.558893681,3.502641439,2.556214571
16:34:16,2.559025288,3.502628565,2.554666519
16:34:16,2.559449911,3.502656698,2.555662632
16:34:16,2.55956769,3.502553701,2.554860115
16:34:16,2.558596611,3.502249718,2.556301355
16:34:16,2.559065342,3.501849651,2.556596279
16:34:16,2.558685541,3.50218749,2.556651831
16:34:16,2.560018301,3.503077984,2.555883408
16:34:16,2.558847189,3.502233028,2.555601358
16:34:16,2.559400558,3.502500772,2.55572176
16:34:16,2.558938026,3.503353357,2.555567265
16:34:16,2.558766127,3.503758192,2.555701971
16:34:16,2.558999538,3.503659487,2.556301355
16:34:16,2.558528423,3.502885103,2.55592823
16:34:16,2.558717966,3.50319171,2.555536747
16:34:16,2.559129477,3.503040314,2.556045055
16:34:16,2.559453487,3.504085779,2.555895329
16:34:16,2.559648275,3.502993345,2.55594945
16:34:16,2.559933662,3.503484011,2.556127787
16:34:16,2.559294939,3.502589464,2.557133675
16:34:16,2.559303999,3.501331568,2.555534124
16:34:16,2.558787346,3.502494812,2.555892467
16:34:16,2.55982542,3.502681494,2.556735754
16:34:16,2.558908224,3.502320051,2.556304932
16:34:16,2.558166742,3.502668381,2.555329084
16:34:16,2.559048176,3.502221346,2.555043221
16:34:16,2.558429956,3.501933813,2.555190086
16:34:16,2.558286428,3.500787973,2.554933548
16:34:16,2.55743885,3.500083447,2.554559708
16:34:16,2.557621956,3.501187563,2.554356098
16:34:16,2.559211493,3.501158714,2.554571152
16:34:16,2.558231115,3.501841784,2.555211782
16:34:16,2.558393955,3.502245665,2.556522131
16:34:16,2.559047699,3.502662659,2.557211399
16:34:16,2.558182955,3.503171921,2.555669785
16:34:16,2.55779314,3.502443314,2.556049347
16:34:16,2.559052944,3.502254248,2.555858374
16:34:16,2.559627056,3.502001524,2.556413651
16:34:16,2.559029102,3.502537727,2.554910183
16:34:16,2.558056593,3.501569748,2.555915117
16:34:16,2.558269262,3.502925396,2.554699421
16:34:16,2.558538675,3.501909494,2.555786848
16:34:16,2.558648586,3.502262354,2.555380821
16:34:16,2.55826354,3.500786543,2.555875301
16:34:16,2.558028221,3.502205849,2.555561066
16:34:16,2.558553457,3.50192523,2.555620909
16:34:16,2.558719873,3.501611233,2.555259466
16:34:16,2.558795214,3.500823736,2.555446863
16:34:16,2.557879448,3.502415895,2.555406332
16:34:16,2.558707952,3.502210379,2.555702686
16:34:16,2.558363199,3.501857996,2.555400372
16:34:16,2.558615685,3.501550913,2.555701971
16:34:16,2.558427334,3.502087355,2.555768728
16:34:16,2.559000969,3.502363443,2.555393219
16:34:16,2.558984041,3.502789736,2.554673672
16:34:16,2.558141232,3.5026443,2.555650711
16:34:16,2.557700396,3.502380133,2.554747105
16:34:16,2.557496309,3.501779079,2.554858685
16:34:16,2.558389664,3.50176096,2.554652929
16:34:16,2.558089733,3.5016675,2.554665804
16:34:16,2.558227539,3.501377821,2.556343794
16:34:16,2.55833745,3.502186298,2.556155682
16:34:16,2.559747219,3.501837969,2.55545783
16:34:16,2.558573961,3.503129721,2.55472517
16:34:16,2.558660746,3.503493071,2.555352688
16:34:16,2.559547901,3.502992153,2.555636406
16:34:16,2.558316231,3.502443314,2.556451321
16:34:16,2.558147669,3.502036333,2.556627989
16:34:16,2.55822897,3.50181222,2.556134701
16:34:16,2.56001544,3.503663301,2.555736303
16:34:16,2.559988022,3.503180504,2.556270838
16:34:16,2.558134079,3.502813339,2.555354118
16:34:16,2.559382915,3.503468275,2.555207014
16:34:16,2.558305025,3.502661705,2.55580759
16:34:16,2.558349848,3.502924681,2.554904461
16:34:16,2.559330463,3.50317812,2.554929495
16:34:16,2.558511734,3.501837254,2.555124044
16:34:16,2.558314323,3.50107193,2.55571413
16:34:16,2.558492661,3.502002954,2.555184364
16:34:16,2.558897018,3.502225876,2.554522276
16:34:16,2.557863712,3.502861023,2.555440903
16:34:16,2.557865381,3.502296448,2.554788828
16:34:16,2.557547092,3.500901699,2.554336548
16:34:16,2.558739662,3.502326488,2.555576563
16:34:16,2.558922052,3.502120256,2.555104733
16:34:16,2.558731318,3.50190568,2.555332899
16:34:16,2.558795214,3.502662659,2.555100918
16:34:16,2.558395624,3.502665281,2.555087566
16:34:16,2.55848074,3.502097607,2.555575848
16:34:16,2.558048248,3.502811432,2.555621386
16:34:16,2.557930946,3.501976728,2.555172443
16:34:16,2.558020353,3.502205849,2.55637002
16:34:16,2.558828115,3.50302124,2.554657698
16:34:16,2.558135033,3.502608299,2.556350946
16:34:16,2.558125973,3.503095865,2.554765463
16:34:16,2.55820322,3.503290176,2.555631399
16:34:16,2.558343172,3.502796888,2.556057215
16:34:16,2.558271885,3.501317263,2.555680275
16:34:16,2.559158564,3.501501083,2.555403233
16:34:16,2.558994055,3.50317812,2.555794716
16:34:16,2.559685946,3.502874374,2.555894375
16:34:16,2.559282303,3.502800226,2.55530858
16:34:16,2.558945894,3.502372265,2.555094719
16:34:16,2.557923794,3.502523661,2.554126024
16:34:16,2.558583975,3.501971722,2.555775642
16:34:16,2.558673143,3.502068758,2.555894375
16:34:16,2.559918642,3.502158165,2.555284739
16:34:16,2.558458328,3.501460791,2.555832148
16:34:16,2.557457447,3.501482248,2.555702686
16:34:16,2.557954311,3.502002954,2.554640293
16:34:16,2.558731318,3.502928019,2.555145502
16:34:16,2.558948755,3.502301216,2.554679155
16:34:16,2.558688164,3.503262043,2.555395603
16:34:16,2.558287382,3.502013445,2.554691076
16:34:16,2.559758425,3.501707554,2.555245161
16:34:16,2.559690475,3.501683235,2.555697918
16:34:16,2.558754206,3.500786066,2.554497004
16:34:16,2.558521748,3.502041578,2.555695295
16:34:17,2.558201313,3.501208305,2.555464745
16:34:17,2.558698177,3.502048492,2.555638075
16:34:17,2.558357239,3.501991749,2.555132866
16:34:17,2.558071136,3.501888752,2.55581522
16:34:17,2.558785915,3.50179863,2.555571795
16:34:17,2.558143377,3.501348495,2.555262327
16:34:17,2.558289051,3.500249147,2.555036068
16:34:17,2.558595896,3.501904249,2.554946899
16:34:17,2.558517694,3.50271821,2.554773569
16:34:17,2.558321476,3.502925396,2.554932833
16:34:17,2.557991028,3.502155066,2.557495594
16:34:17,2.558329582,3.501702785,2.555767536
16:34:17,2.559060097,3.502382994,2.555829525
16:34:17,2.55796814,3.502029657,2.555399179
16:34:17,2.559340477,3.502268553,2.555809975
16:34:17,2.558746338,3.502806664,2.555987835
16:34:17,2.558083534,3.502244234,2.55474782
16:34:17,2.559021235,3.501915932,2.555905104
16:34:17,2.558082819,3.501558542,2.555885315
16:34:17,2.558178663,3.501722813,2.556776762
16:34:17,2.559535265,3.502619505,2.556525946
16:34:17,2.558602333,3.502626181,2.556119204
16:34:17,2.559911966,3.502267838,2.555556536
16:34:17,2.558968544,3.5020051,2.556241274
16:34:17,2.559231997,3.502935171,2.554856539
16:34:17,2.559309959,3.50310111,2.556431532
16:34:17,2.558637381,3.502365828,2.556299925
16:34:17,2.558743715,3.502687454,2.555946112
16:34:17,2.558707237,3.501426697,2.55565238
16:34:17,2.557620525,3.501500368,2.554457426
16:34:17,2.558037519,3.50068903,2.554816961
16:34:17,2.559014559,3.50158143,2.55506444
16:34:17,2.55888319,3.502020359,2.555893183
16:34:17,2.559128284,3.501631498,2.555128574
16:34:17,2.558065653,3.502453089,2.555022955
16:34:17,2.56011796,3.503270388,2.556059837
16:34:17,2.559514046,3.503397942,2.554550648
16:34:17,2.558762312,3.503386736,2.554708004
16:34:17,2.559780359,3.505031586,2.556469202
16:34:17,2.559457779,3.505470753,2.556759357
16:34:17,2.560090303,3.504584074,2.55771184
16:34:17,2.55953908,3.503983974,2.556800365
16:34:17,2.559821844,3.503383398,2.556003094
16:34:17,2.55982542,3.502891541,2.557299852
16:34:17,2.560223579,3.503684282,2.556692123
16:34:17,2.559390783,3.503278494,2.555753708
16:34:17,2.55968523,3.503160238,2.556408167
16:34:17,2.55919385,3.503335714,2.555108309
16:34:17,2.559138775,3.50392437,2.556674242
16:34:17,2.559263706,3.503396511,2.556299925
16:34:17,2.560017586,3.502846479,2.556899071
16:34:17,2.559373856,3.503823996,2.556959867
16:34:17,2.559779882,3.503338337,2.556590319
16:34:17,2.558178186,3.503655672,2.555692434
16:34:17,2.560236216,3.504306078,2.55595994
16:34:17,2.560037374,3.504250526,2.556242943
16:34:17,2.560281754,3.504286528,2.555523396
16:34:17,2.559884071,3.504188538,2.55480051
16:34:17,2.559936523,3.503171921,2.556437969
16:34:17,2.558667898,3.502292633,2.556568384
16:34:17,2.558279037,3.501838684,2.555302382
16:34:17,2.559420347,3.501262426,2.555325031
16:34:17,2.559345007,3.502104759,2.555691481
16:34:17,2.559906006,3.504463196,2.557884455
16:34:17,2.559846401,3.503718853,2.55509758
16:34:17,2.559104443,3.502733469,2.55444479
16:34:17,2.559010029,3.503141403,2.556276798
16:34:17,2.559845209,3.503515005,2.555559635
16:34:17,2.559505701,3.503396034,2.555364609
16:34:17,2.55924964,3.502307653,2.555813074
16:34:17,2.559777498,3.503020763,2.555675507
16:34:17,2.558613539,3.502743959,2.556829929
16:34:17,2.559911251,3.50439477,2.556425095
16:34:17,2.558725834,3.502823114,2.555613995
16:34:17,2.559370995,3.502625465,2.555508375
16:34:17,2.55843997,3.502282858,2.554743052
16:34:17,2.557671309,3.501380444,2.554564476
16:34:17,2.558820963,3.501895189,2.555908442
16:34:17,2.55811882,3.502743244,2.556552649
16:34:17,2.558598995,3.502584219,2.556003571
16:34:17,2.557644844,3.500757933,2.556786776
16:34:17,2.5586164,3.501321077,2.555211306
16:34:17,2.559436083,3.501324177,2.556194782
16:34:17,2.559156656,3.50179863,2.55526495
16:34:17,2.558030844,3.50154233,2.554847479
16:34:17,2.558666468,3.502712011,2.556034088
16:34:17,2.559160471,3.502988815,2.554237127
16:34:17,2.558868647,3.502700329,2.555944204
16:34:17,2.559370995,3.501659393,2.556112051
16:34:17,2.559096575,3.502014875,2.555002213
16:34:17,2.558978319,3.501432657,2.556168318
16:34:17,2.558910131,3.502098083,2.555253029
16:34:17,2.558807135,3.502739668,2.554531574
16:34:17,2.558285236,3.502166748,2.554316044
16:34:17,2.55913353,3.501971722,2.555883884
16:34:17,2.558666468,3.502804756,2.555526972
16:34:17,2.558508635,3.502244234,2.555524826
16:34:17,2.558228254,3.50312829,2.555721283
16:34:17,2.558420181,3.503149271,2.556127787
16:34:17,2.558917761,3.502650023,2.554218054
16:34:17,2.559046268,3.502432346,2.556850195
16:34:17,2.558619976,3.501707554,2.556304932
16:34:17,2.558218479,3.503040314,2.556546688
16:34:17,2.559063435,3.50252223,2.556158304
16:34:17,2.559356213,3.503455877,2.55618
16:34:17,2.559815407,3.50297308,2.556772709
16:34:17,2.558814526,3.502368927,2.556266069
16:34:17,2.55939436,3.502384663,2.555606365
16:34:17,2.557949543,3.50181222,2.555702686
16:34:17,2.558393478,3.502275705,2.555651188
16:34:17,2.558712244,3.502762794,2.55618
16:34:17,2.559403181,3.503390074,2.554899931
16:34:17,2.558829069,3.503073692,2.556393385
16:34:17,2.559000969,3.502778769,2.556994915
16:34:17,2.558947802,3.502783298,2.556739569
16:34:18,2.558538198,3.50407815,2.556483746
16:34:18,2.559880733,3.503677845,2.554697514
16:34:18,2.55928421,3.503879547,2.55553937
16:34:18,2.559034348,3.502762794,2.555635214
16:34:18,2.559618473,3.502750158,2.557924271
16:34:18,2.559586763,3.50224638,2.555835009
16:34:18,2.559479713,3.502874374,2.556073189
16:34:18,2.559796333,3.501891375,2.555452824
16:34:18,2.558847189,3.502956629,2.5553298
16:34:18,2.558328867,3.502225399,2.556973934
16:34:18,2.559659719,3.502864599,2.556359291
16:34:18,2.559471846,3.503692865,2.55575037
16:34:18,2.559714794,3.504251957,2.555561066
16:34:18,2.559795618,3.503600121,2.557063103
16:34:18,2.558768749,3.503737211,2.555797815
16:34:18,2.558592319,3.504126549,2.555666924
16:34:18,2.56003356,3.504195213,2.556652546
16:34:18,2.558985472,3.503697395,2.556376457
16:34:18,2.558737755,3.503189564,2.555618763
16:34:18,2.558426619,3.501492739,2.555596828
16:34:18,2.558681011,3.501946688,2.555007696
16:34:18,2.558451176,3.502707481,2.555903673
16:34:18,2.559316635,3.502775431,2.55661726
16:34:18,2.558820248,3.503857136,2.55591774
16:34:18,2.559517622,3.503540039,2.55562377
16:34:18,2.560543537,3.502610207,2.557329655
16:34:18,2.559446812,3.502434731,2.556448698
16:34:18,2.559436798,3.501239538,2.55533123
16:34:18,2.55844903,3.502347469,2.555664301
16:34:18,2.559692621,3.504052877,2.556623459
16:34:18,2.558592319,3.502263308,2.55569458
16:34:18,2.558428049,3.50325036,2.555613995
16:34:18,2.559600115,3.502290726,2.556632757
16:34:18,2.558922768,3.502494812,2.557060242
16:34:18,2.559118986,3.502955914,2.556875229
16:34:18,2.558984041,3.503792524,2.555525541
16:34:18,2.558864117,3.503299952,2.555042267
16:34:18,2.558955193,3.503684998,2.556762934
16:34:18,2.558884382,3.504437208,2.55682373
16:34:18,2.559267759,3.503512621,2.556147337
16:34:18,2.558387518,3.50322175,2.555575848
16:34:18,2.558179379,3.502476692,2.556053162
16:34:18,2.558745623,3.502554893,2.554528713
16:34:18,2.559419632,3.502189159,2.554467201
16:34:18,2.559487581,3.503225565,2.55557847
16:34:18,2.558325529,3.501950741,2.55585146
16:34:18,2.55924964,3.501587391,2.555655718
16:34:18,2.558725119,3.501410007,2.556375504
16:34:18,2.558192968,3.50188303,2.556412935
16:34:18,2.559263229,3.502524376,2.555536032
16:34:18,2.558447123,3.501916647,2.555711985
16:34:18,2.55855298,3.502397537,2.556489468
16:34:18,2.559563637,3.501214027,2.554540634
16:34:18,2.558195591,3.501562595,2.554363966
16:34:18,2.558626652,3.500690699,2.555895805
16:34:18,2.558606863,3.501571655,2.555395126
16:34:18,2.558926821,3.501617432,2.556429386
16:34:18,2.558976889,3.503920555,2.556286573
16:34:18,2.559204817,3.502883434,2.556344509
16:34:18,2.559075356,3.504049063,2.556733131
16:34:18,2.559678793,3.502671719,2.555567265
16:34:18,2.558204651,3.502740145,2.554682016
16:34:18,2.558530331,3.502609015,2.554567814
16:34:18,2.55809617,3.501094818,2.555554628
16:34:18,2.559396505,3.502767563,2.555081129
16:34:18,2.558478832,3.501958609,2.554513216
16:34:18,2.559140921,3.501115084,2.556602955
16:34:18,2.558573246,3.502449989,2.556633949
16:34:18,2.558701515,3.5026052,2.554076672
16:34:18,2.558976412,3.502462864,2.55543232
16:34:18,2.558641195,3.503515959,2.555406332
16:34:18,2.558109999,3.503149748,2.555282831
16:34:18,2.558369398,3.502785921,2.554559231
16:34:18,2.558485985,3.502094984,2.556086779
16:34:18,2.55855608,3.501757622,2.555817604
16:34:18,2.55899477,3.500661373,2.555309772
16:34:18,2.559360266,3.501243591,2.556303263
16:34:18,2.558708668,3.503059149,2.555071354
16:34:18,2.559310675,3.50272727,2.555136442
16:34:18,2.559241772,3.502855539,2.556147337
16:34:18,2.55873847,3.502104759,2.554257154
16:34:18,2.558593035,3.502393723,2.555714369
16:34:18,2.558681488,3.502150774,2.555288792
16:34:18,2.559740782,3.502810955,2.556340218
16:34:18,2.55920434,3.503224373,2.555665016
16:34:18,2.559385777,3.503482819,2.555582285
16:34:18,2.558492661,3.501238823,2.556063175
16:34:18,2.55793786,3.500576258,2.555677414
16:34:18,2.558391571,3.502000809,2.555172443
16:34:18,2.559327841,3.502781153,2.556420326
16:34:18,2.559601784,3.503554583,2.556822777
16:34:18,2.559444666,3.504042387,2.556614637
16:34:18,2.559285402,3.504640818,2.556262016
16:34:18,2.559269905,3.505386591,2.556363583
16:34:18,2.558458328,3.50360775,2.555983067
16:34:18,2.559314013,3.502646446,2.556142569
16:34:18,2.559220791,3.502785921,2.555761576
16:34:18,2.559248686,3.502976179,2.556572914
16:34:18,2.558209896,3.503326178,2.55480051
16:34:18,2.559278965,3.503370523,2.555524826
16:34:18,2.558851957,3.503463268,2.555523396
16:34:18,2.557507038,3.503023386,2.555590868
16:34:18,2.557652235,3.502244234,2.554766178
16:34:18,2.55852437,3.501251698,2.554130554
16:34:18,2.556508541,3.499455214,2.555879831
16:34:18,2.558046579,3.501055002,2.555766106
16:34:18,2.558319092,3.500824928,2.554566622
16:34:18,2.557785034,3.501610041,2.554431677
16:34:18,2.558398247,3.502572536,2.556265593
16:34:18,2.5588727,3.502707005,2.556039333
16:34:18,2.558655262,3.503408909,2.556262016
16:34:18,2.558514118,3.502905369,2.557104111
16:34:18,2.558989048,3.502796888,2.555900812
16:34:18,2.558841705,3.502120256,2.554231882
16:34:18,2.558945179,3.502148867,2.554628134
16:34:18,2.557721138,3.503144979,2.555517673
16:34:18,2.55801177,3.501218796,2.554530859
16:34:18,2.557914495,3.502702951,2.555986166
16:34:18,2.558548212,3.502482414,2.555874586
16:34:19,2.559050322,3.503823996,2.556676149
16:34:19,2.559551001,3.502013445,2.556273222
16:34:19,2.558967113,3.50297904,2.555616617
16:34:19,2.559436083,3.50191021,2.554815769
16:34:19,2.558970451,3.502835274,2.556236982
16:34:19,2.558529615,3.50266099,2.555775642
16:34:19,2.559081554,3.502761602,2.555779457
16:34:19,2.559574366,3.502727985,2.55527544
16:34:19,2.558197737,3.501415014,2.555805206
16:34:19,2.55812335,3.502463579,2.555281401
16:34:19,2.5589149,3.502941847,2.555497646
16:34:19,2.560077667,3.501925707,2.554877281
16:34:19,2.55757165,3.501488686,2.555552483
16:34:19,2.558342457,3.500797033,2.554784775
16:34:19,2.557617664,3.500807047,2.55554986
16:34:19,2.557748795,3.501838684,2.555384398
16:34:19,2.557967663,3.500870943,2.55633831
16:34:19,2.558739185,3.502377987,2.556271553
16:34:19,2.558710098,3.502138138,2.555228949
16:34:19,2.558655977,3.502358675,2.555817366
16:34:19,2.559574366,3.502138376,2.555555105
16:34:19,2.560311079,3.50305295,2.555276871
16:34:19,2.559247255,3.502504826,2.555175781
16:34:19,2.559600592,3.503988981,2.556065083
16:34:19,2.558578491,3.502353668,2.555849314
16:34:19,2.558790445,3.50367403,2.556496382
16:34:19,2.558781385,3.502462864,2.554680347
16:34:19,2.558724403,3.50372529,2.556920767
16:34:19,2.559201002,3.503441811,2.555223227
16:34:19,2.559589863,3.502789259,2.555967093
16:34:19,2.559821367,3.502600431,2.554865599
16:34:19,2.558505774,3.502018452,2.554027081
16:34:19,2.558558702,3.501220703,2.555174351
16:34:19,2.559339762,3.503061295,2.555881739
16:34:19,2.559309483,3.504551411,2.556277514
16:34:19,2.558001757,3.504307508,2.556044817
16:34:19,2.55866003,3.501982689,2.554486275
16:34:19,2.558837414,3.503647327,2.555451393
16:34:19,2.558957338,3.501497269,2.555067778
16:34:19,2.558369875,3.501805782,2.555960655
16:34:19,2.557961464,3.500714302,2.556025505
16:34:19,2.560345888,3.502626181,2.555621386
16:34:19,2.558519602,3.502795696,2.555920362
16:34:19,2.559170485,3.502244234,2.556038618
16:34:19,2.559401035,3.502599955,2.555721283
16:34:19,2.559123039,3.502388477,2.555459976
16:34:19,2.55789876,3.50190258,2.555463314
16:34:19,2.558397532,3.500358582,2.554615974
16:34:19,2.557855129,3.50109911,2.554417133
16:34:19,2.557522774,3.500234842,2.55497241
16:34:19,2.558307886,3.500394821,2.553983927
16:34:19,2.557449341,3.501597881,2.554764271
16:34:19,2.558941126,3.501814842,2.555890083
16:34:19,2.559559107,3.503919125,2.555957317
16:34:19,2.558628321,3.503374338,2.556195259
16:34:19,2.558864117,3.50275445,2.553771019
16:34:19,2.558920145,3.503367901,2.554114819
16:34:19,2.558894396,3.503245115,2.55398798
16:34:19,2.558696032,3.502444506,2.554785252
16:34:19,2.558366537,3.503464222,2.556050539
16:34:19,2.558879137,3.500828505,2.555563211
16:34:19,2.55787015,3.500371933,2.555572271
16:34:19,2.558998108,3.499531984,2.554593801
16:34:19,2.55841589,3.500208139,2.554913759
16:34:19,2.557475805,3.500998735,2.554651022
16:34:19,2.558046103,3.501150846,2.554772854
16:34:19,2.558339596,3.502311707,2.554158449
16:34:19,2.557605982,3.503056049,2.55564642
16:34:19,2.557755232,3.502965212,2.553776264
16:34:19,2.559114456,3.502725124,2.556141138
16:34:19,2.558732033,3.50200367,2.554922342
16:34:19,2.55855298,3.500834227,2.556500912
16:34:19,2.558709621,3.499840021,2.555196285
16:34:19,2.557220697,3.5,2.554177046
16:34:19,2.55908227,3.501947403,2.555651903
16:34:19,2.558532238,3.502868176,2.555396318
16:34:19,2.559610605,3.504925013,2.55488658
16:34:19,2.559552193,3.502911806,2.555082321
16:34:19,2.559114933,3.50310564,2.556881428
16:34:19,2.559654951,3.50333333,2.5555439
16:34:19,2.558685541,3.502536535,2.555990458
16:34:19,2.558015585,3.500815868,2.555859089
16:34:19,2.559189796,3.502433777,2.555945396
16:34:19,2.558093548,3.50179863,2.554858685
16:34:19,2.558900356,3.502405405,2.554867983
16:34:19,2.558580399,3.501514912,2.553961992
16:34:19,2.559094191,3.502455473,2.555323839
16:34:19,2.557762384,3.500145435,2.554258108
16:34:19,2.558868647,3.503506899,2.555186987
16:34:19,2.559120417,3.502847195,2.553897381
16:34:19,2.558536768,3.503506899,2.556648254
16:34:19,2.558581114,3.502808571,2.555771351
16:34:19,2.558933973,3.502355099,2.556155682
16:34:19,2.558278084,3.501091242,2.555550337
16:34:19,2.558005095,3.501003504,2.555199385
16:34:19,2.558206081,3.501237631,2.555003405
16:34:19,2.558819056,3.502345324,2.555143118
16:34:19,2.558243752,3.502733469,2.554797411
16:34:19,2.558325529,3.503583908,2.554206133
16:34:19,2.558130741,3.502906561,2.556141138
16:34:19,2.557712793,3.50319767,2.555877447
16:34:19,2.558435202,3.503288984,2.55437541
16:34:19,2.558897018,3.501160622,2.55556035
16:34:19,2.558454275,3.499614239,2.556522846
16:34:19,2.558701992,3.500553846,2.554828405
16:34:19,2.559126139,3.500119686,2.554577112
16:34:19,2.557896614,3.500278711,2.55536747
16:34:19,2.558299541,3.500281811,2.554778099
16:34:19,2.558300495,3.501385689,2.555791378
16:34:19,2.558461666,3.502150297,2.554999113
16:34:19,2.557603359,3.502951622,2.55517292
16:34:19,2.558271408,3.503251076,2.554665804
16:34:19,2.558406591,3.502189636,2.555869341
16:34:19,2.559461355,3.50121212,2.554404974
16:34:19,2.558927536,3.50147891,2.5564394
16:34:19,2.558484793,3.502992153,2.556473255
16:34:20,2.559251785,3.503068924,2.556150436
16:34:20,2.558012962,3.503219604,2.555772305
16:34:20,2.557602882,3.502206326,2.555430889
16:34:20,2.558154821,3.50144124,2.554286242
16:34:20,2.558866739,3.502194166,2.555491209
16:34:20,2.558809996,3.502350807,2.556371927
16:34:20,2.5585289,3.502050638,2.553471327
16:34:20,2.556755543,3.498431921,2.553756475
16:34:20,2.556269407,3.49851346,2.553714752
16:34:20,2.557413816,3.498978615,2.553673744
16:34:20,2.556073189,3.498892069,2.554544926
16:34:20,2.556169748,3.500205517,2.554278851
16:34:20,2.556833029,3.500981808,2.554712534
16:34:20,2.556533098,3.500901699,2.554118872
16:34:20,2.557773829,3.499965429,2.554675579
16:34:20,2.557308674,3.49989295,2.553488016
16:34:20,2.556178093,3.499153614,2.553480864
16:34:20,2.556268692,3.499832153,2.554672956
16:34:20,2.557213068,3.499881268,2.553745747
16:34:20,2.556182146,3.500159979,2.552880764
16:34:20,2.556818962,3.499007702,2.553961992
16:34:20,2.55623579,3.500181198,2.555057049
16:34:20,2.557150126,3.500329971,2.553463459
16:34:20,2.557318687,3.499489784,2.554311991
16:34:20,2.557566881,3.499031544,2.553874731
16:34:20,2.557255268,3.500157833,2.554729939
16:34:20,2.556941509,3.500870943,2.553950071
16:34:20,2.556657791,3.500078201,2.552739143
16:34:20,2.556540966,3.50059557,2.553021669
16:34:20,2.556643963,3.500156403,2.553821802
16:34:20,2.557253838,3.499418497,2.553546667
16:34:20,2.556616306,3.500145435,2.555238724
16:34:20,2.556755543,3.49990344,2.552603245
16:34:20,2.556896448,3.499362469,2.553029537
16:34:20,2.55621624,3.499567986,2.553747177
16:34:20,2.557065487,3.500229597,2.553108931
16:34:20,2.55725193,3.49960041,2.55237031
16:34:20,2.556071997,3.500881433,2.552803516
16:34:20,2.556468487,3.499425173,2.553002596
16:34:20,2.556893826,3.500218391,2.553694963
16:34:20,2.556346178,3.498744488,2.553210974
16:34:20,2.556876421,3.498286486,2.554075956
16:34:20,2.558271408,3.50155282,2.556672335
16:34:20,2.558882475,3.501124144,2.5566926
16:34:20,2.559128284,3.50262928,2.555144548
16:34:20,2.559815407,3.50287509,2.556126118
16:34:20,2.559884787,3.504481077,2.555812359
16:34:20,2.558953762,3.502972603,2.555485249
16:34:20,2.559150219,3.504029989,2.555293322
16:34:20,2.558677912,3.503130913,2.55530858
16:34:20,2.559048176,3.502680063,2.555160999
16:34:20,2.559167147,3.50164485,2.556592941
16:34:20,2.558588266,3.502058268,2.55559206
16:34:20,2.558448315,3.502648115,2.55785799
16:34:20,2.558589935,3.502196074,2.556242943
16:34:20,2.559119701,3.502911806,2.556714058
16:34:20,2.559028387,3.502405405,2.554679155
16:34:20,2.559410334,3.503123045,2.554910183
16:34:20,2.559377432,3.502946854,2.555492401
16:34:20,2.558479548,3.500712872,2.554687023
16:34:20,2.558237553,3.502928734,2.556615353
16:34:20,2.559155464,3.502913713,2.554547071
16:34:20,2.558293104,3.50168705,2.55444169
16:34:20,2.558956623,3.500922441,2.555999756
16:34:20,2.558766127,3.502162695,2.556013107
16:34:20,2.559778214,3.501736879,2.555280685
16:34:20,2.559341192,3.501240253,2.556358814
16:34:20,2.558295965,3.501973629,2.556252956
16:34:20,2.558973789,3.502981663,2.556102753
16:34:20,2.55872941,3.501792192,2.554265499
16:34:20,2.558964968,3.502564669,2.555514336
16:34:20,2.558208466,3.502254248,2.556602955
16:34:20,2.558637381,3.502293825,2.554670811
16:34:20,2.559125662,3.501750946,2.554137945
16:34:20,2.558064461,3.501588583,2.55637598
16:34:20,2.558466911,3.500710487,2.556750298
16:34:20,2.559047699,3.501923323,2.556329489
16:34:20,2.558679819,3.501552105,2.555889368
16:34:20,2.559070826,3.501888037,2.555033207
16:34:20,2.558563232,3.503332615,2.55488205
16:34:20,2.559100628,3.503665447,2.556633472
16:34:20,2.559083462,3.503174067,2.555632591
16:34:20,2.559243202,3.503484011,2.554376841
16:34:20,2.559670687,3.502417088,2.556238413
16:34:20,2.559526682,3.501733303,2.556114674
16:34:20,2.559401035,3.501998186,2.556774139
16:34:20,2.558460951,3.501399279,2.557152987
16:34:20,2.559493542,3.501216888,2.555786848
16:34:20,2.559060097,3.50392127,2.555211782
16:34:20,2.559495926,3.502214193,2.555703402
16:34:20,2.559206486,3.503355265,2.557664156
16:34:20,2.558951855,3.504070997,2.557066441
16:34:20,2.560182095,3.50562644,2.556983232
16:34:20,2.557965279,3.502817869,2.555140734
16:34:20,2.560039997,3.50328517,2.555752993
16:34:20,2.55815053,3.503392458,2.556083679
16:34:20,2.559774637,3.503006458,2.555724621
16:34:20,2.559499502,3.50357008,2.556219816
16:34:20,2.560387611,3.502641439,2.555918932
16:34:20,2.558907032,3.502575159,2.556933403
16:34:20,2.559662104,3.503504276,2.556199551
16:34:20,2.558964491,3.503538132,2.555958748
16:34:20,2.559202909,3.503730536,2.555508852
16:34:20,2.559463263,3.50317359,2.554374695
16:34:20,2.559459925,3.502976894,2.55660224
16:34:20,2.55935359,3.503259659,2.556273937
16:34:20,2.559373379,3.502505541,2.555338383
16:34:20,2.559775829,3.502678871,2.556856155
16:34:20,2.55969429,3.503479481,2.554811239
16:34:20,2.560780764,3.503268719,2.555315018
16:34:20,2.55927968,3.503254175,2.555733204
16:34:20,2.559248686,3.503923655,2.556082249
16:34:20,2.559785366,3.504028797,2.555284023
16:34:20,2.558657169,3.504321575,2.555615425
16:34:20,2.558472395,3.504108191,2.555719852
16:34:20,2.558085442,3.502836704,2.556466818
16:34:20,2.559383869,3.503864288,2.554891109
16:34:20,2.559633017,3.503612518,2.556075096
16:34:20,2.559740782,3.502853632,2.556915522
16:34:21,2.558840036,3.503547192,2.554793358
16:34:21,2.558774233,3.503065109,2.556731701
16:34:21,2.559425354,3.50309968,2.556555748
16:34:21,2.558773756,3.502879858,2.555326462
16:34:21,2.558941126,3.502002239,2.555735826
16:34:21,2.558962345,3.502377987,2.555248499
16:34:21,2.558363199,3.502470732,2.556763649
16:34:21,2.559302092,3.503556967,2.555292606
16:34:21,2.559594631,3.503166437,2.554845095
16:34:21,2.55834198,3.503103018,2.556040049
16:34:21,2.559674025,3.503260136,2.55678916
16:34:21,2.559468985,3.503149748,2.555556536
16:34:21,2.558592319,3.504714012,2.555397987
16:34:21,2.559547901,3.502952337,2.556792736
16:34:21,2.559328556,3.502243519,2.556809187
16:34:21,2.559255838,3.503880024,2.556129932
16:34:21,2.559491634,3.503103018,2.555397987
16:34:21,2.559718847,3.50333333,2.55696249
16:34:21,2.55903554,3.502798796,2.554954767
16:34:21,2.55936408,3.503385305,2.556365967
16:34:21,2.559643507,3.502940655,2.557096958
16:34:21,2.560094357,3.505010128,2.556354284
16:34:21,2.559373379,3.504184961,2.555775642
16:34:21,2.559773922,3.503918648,2.555241585
16:34:21,2.559629917,3.503653526,2.556061983
16:34:21,2.559557199,3.502063036,2.555641174
16:34:21,2.559596777,3.502944946,2.555998802
16:34:21,2.559056282,3.502645731,2.555660963
16:34:21,2.559863567,3.502622604,2.556104183
16:34:21,2.559297562,3.502407312,2.555291891
16:34:21,2.559683084,3.502974987,2.556161642
16:34:21,2.559977293,3.503338337,2.556173563
16:34:21,2.558888912,3.503671885,2.55565238
16:34:21,2.559349537,3.503567457,2.555284739
16:34:21,2.559565783,3.503683805,2.556141853
16:34:21,2.559330463,3.503019333,2.557069063
16:34:21,2.559326649,3.50253129,2.5555439
16:34:21,2.558577538,3.50319171,2.557323694
16:34:21,2.558543444,3.501705408,2.555974245
16:34:21,2.559339762,3.502418518,2.556793928
16:34:21,2.55954051,3.503450871,2.554731131
16:34:21,2.558484316,3.503292084,2.554472685
16:34:21,2.558650017,3.502880573,2.555802345
16:34:21,2.559479713,3.502811432,2.555556536
16:34:21,2.558663607,3.502121449,2.556997538
16:34:21,2.558270693,3.500882864,2.555194855
16:34:21,2.558118105,3.50059557,2.555729866
16:34:21,2.558858633,3.501028538,2.555565834
16:34:21,2.559421062,3.5018332,2.555071354
16:34:21,2.559736013,3.502231121,2.556006908
16:34:21,2.558951139,3.502690077,2.555369377
16:34:21,2.558606863,3.503213167,2.555807352
16:34:21,2.559550285,3.503651619,2.554427147
16:34:21,2.558959723,3.504235029,2.556110859
16:34:21,2.559653521,3.504093409,2.555596828
16:34:21,2.55978632,3.503623724,2.556494951
16:34:21,2.558482885,3.501623869,2.556030273
16:34:21,2.558506966,3.502433062,2.555508852
16:34:21,2.558546305,3.502542019,2.554883242
16:34:21,2.558776617,3.501968384,2.55650568
16:34:21,2.55888319,3.502787113,2.554538012
16:34:21,2.558624029,3.503343582,2.556774139
16:34:21,2.559336901,3.50312376,2.556330204
16:34:21,2.5577178,3.503055334,2.556000471
16:34:21,2.559303284,3.503412962,2.555399179
16:34:21,2.559959412,3.502640963,2.556805372
16:34:21,2.559478998,3.503335238,2.556818485
16:34:21,2.558478117,3.503279924,2.557693243
16:34:21,2.559323072,3.502276897,2.556078196
16:34:21,2.559113264,3.502053976,2.555762291
16:34:21,2.559362173,3.502070189,2.555733204
16:34:21,2.55953908,3.502851963,2.556150436
16:34:21,2.559349537,3.502686739,2.557043791
16:34:21,2.559154749,3.502317429,2.557607889
16:34:21,2.560275793,3.502049923,2.556631804
16:34:21,2.559008598,3.503985643,2.555094719
16:34:21,2.560076475,3.503129005,2.556852579
16:34:21,2.559696436,3.503543615,2.554577589
16:34:21,2.558585167,3.502955437,2.554944277
16:34:21,2.558717966,3.502175808,2.555555105
16:34:21,2.559203625,3.501736879,2.555307865
16:34:21,2.558278084,3.50177002,2.555601358
16:34:21,2.55885005,3.502050638,2.557003021
16:34:21,2.559376717,3.502734184,2.555143118
16:34:21,2.558928728,3.501513004,2.555528641
16:34:21,2.558604479,3.502356529,2.555443525
16:34:21,2.559169292,3.502321482,2.554969311
16:34:21,2.559777021,3.501877546,2.556422234
16:34:21,2.560087681,3.502387762,2.555660248
16:34:21,2.559006691,3.501768589,2.555349112
16:34:21,2.559364796,3.502672434,2.556119204
16:34:21,2.559514999,3.502700329,2.557453871
16:34:21,2.55910182,3.502586842,2.555341959
16:34:21,2.559549809,3.502361059,2.555368662
16:34:21,2.559097052,3.502816439,2.556512117
16:34:21,2.559310675,3.503679514,2.55568409
16:34:21,2.560043573,3.504026175,2.556663752
16:34:21,2.559999943,3.503058434,2.555855513
16:34:21,2.559451342,3.502389193,2.555328369
16:34:21,2.559598923,3.502403498,2.554934263
16:34:21,2.5594244,3.501832485,2.556219816
16:34:21,2.559782982,3.503684282,2.555251598
16:34:21,2.558491468,3.503117323,2.553764343
16:34:21,2.558998108,3.503695488,2.556755781
16:34:21,2.559734106,3.504292965,2.557871819
16:34:21,2.559238911,3.504389763,2.555827856
16:34:21,2.559430838,3.504311085,2.556035757
16:34:21,2.55909133,3.50486517,2.556649685
16:34:21,2.559580803,3.504315853,2.55683279
16:34:21,2.559478998,3.504065514,2.556639194
16:34:21,2.559972525,3.503326654,2.555809259
16:34:21,2.559041739,3.503242493,2.555515766
16:34:21,2.559627056,3.50486517,2.555186272
16:34:21,2.559693813,3.504840374,2.555899143
16:34:21,2.558640242,3.504818439,2.556561232
16:34:22,2.559656858,3.503483534,2.556586266
16:34:22,2.558707952,3.503474236,2.555626154
16:34:22,2.558854342,3.501895905,2.557404995
16:34:22,2.559228182,3.502262354,2.556854725
16:34:22,2.559584379,3.503347635,2.556838989
16:34:22,2.559557199,3.503455877,2.556119919
16:34:22,2.559021235,3.502270937,2.557214975
16:34:22,2.558899641,3.502190113,2.554749012
16:34:22,2.55896306,3.50301218,2.555431604
16:34:22,2.55910778,3.503340721,2.555692911
