Time,X,Y,Z
07:23:32,2.525570393,3.427913666,2.315015316
07:23:32,2.527185202,3.429480553,2.309779644
07:23:32,2.525715113,3.429157019,2.306590557
07:23:32,2.525289536,3.428668022,2.313599348
07:23:32,2.525960922,3.42984724,2.314545631
07:23:32,2.526450157,3.430054426,2.306477547
07:23:32,2.525860548,3.429147482,2.30904007
07:23:32,2.525702715,3.42988348,2.313580275
07:23:32,2.526966095,3.429938793,2.310471773
07:23:32,2.526067495,3.429547071,2.311522245
07:23:32,2.526079893,3.429149151,2.31185627
07:23:32,2.524757624,3.429032564,2.311788559
07:23:32,2.524585724,3.428498983,2.312498808
07:23:32,2.525636911,3.427538872,2.310070753
07:23:32,2.525400162,3.427145004,2.310497284
07:23:32,2.524699688,3.42766571,2.309089184
07:23:32,2.525352478,3.429100752,2.310598373
07:23:32,2.526165724,3.429192066,2.311402798
07:23:32,2.526222944,3.428529739,2.310122967
07:23:32,2.525067091,3.426944256,2.312129259
07:23:32,2.525213718,3.427948713,2.314477444
07:23:32,2.525867462,3.428573608,2.309825182
07:23:32,2.525403261,3.428094625,2.306900978
07:23:32,2.526174068,3.429747581,2.312273264
07:23:32,2.526494265,3.430070162,2.308676243
07:23:32,2.52619338,3.429107189,2.308807135
07:23:32,2.525160551,3.428058624,2.312452316
07:23:32,2.525953293,3.428038836,2.312313318
07:23:32,2.525900602,3.427704811,2.311723709
07:23:32,2.525898218,3.427903891,2.30860424
07:23:32,2.525617361,3.427945375,2.314172268
07:23:32,2.525794268,3.42832756,2.308707714
07:23:32,2.525316954,3.427800894,2.308583975
07:23:33,2.524975538,3.428292036,2.311094522
07:23:33,2.525820255,3.429306984,2.312401295
07:23:33,2.525722027,3.429169416,2.308863878
07:23:33,2.526096582,3.430049419,2.309266329
07:23:33,2.525375366,3.428858042,2.312164545
07:23:33,2.525689363,3.428935051,2.313042879
07:23:33,2.526190996,3.429362059,2.308259726
07:23:33,2.5257442,3.429702997,2.311728001
07:23:33,2.525755405,3.430453777,2.308637381
07:23:33,2.526181936,3.430823803,2.308297157
07:23:33,2.525135756,3.430637836,2.309607267
07:23:33,2.526104212,3.428361893,2.312887192
07:23:33,2.52578187,3.429031372,2.309254408
07:23:33,2.525784254,3.429422617,2.310773849
07:23:33,2.525911093,3.429088116,2.309076548
07:23:33,2.526326895,3.428400278,2.312146664
07:23:33,2.5246768,3.42722106,2.313766003
07:23:33,2.525405645,3.426941872,2.311001301
07:23:33,2.525330305,3.427117586,2.308963776
07:23:33,2.525437355,3.427192211,2.316013813
07:23:33,2.526467323,3.427860737,2.311964989
07:23:33,2.524631023,3.427331686,2.31393671
07:23:33,2.526148319,3.426122904,2.314803839
07:23:33,2.525868893,3.427366734,2.309827566
07:23:33,2.526311636,3.427211285,2.30923295
07:23:33,2.524931669,3.428175926,2.310778141
07:23:33,2.525306225,3.428741693,2.313709259
07:23:33,2.526143312,3.42841053,2.31110692
07:23:33,2.525061607,3.428989649,2.311339855
07:23:33,2.525145769,3.42868185,2.313705444
07:23:33,2.526168108,3.428837061,2.311723232
07:23:33,2.525273323,3.430050373,2.308837175
07:23:33,2.525508165,3.428570747,2.313616753
07:23:33,2.52638483,3.429887056,2.311321735
07:23:33,2.52543807,3.429480553,2.31216526
07:23:33,2.525134087,3.429901838,2.30912447
07:23:33,2.526130199,3.429719925,2.311001301
07:23:33,2.525449038,3.429720402,2.310195684
07:23:33,2.526021719,3.429477692,2.312655926
07:23:33,2.526364326,3.428614616,2.309208393
07:23:33,2.526103735,3.428306103,2.308638573
07:23:33,2.524689674,3.429124594,2.31213975
07:23:33,2.52618742,3.42874217,2.308342457
07:23:33,2.525411844,3.42921567,2.308213472
07:23:33,2.525505304,3.42980051,2.311230898
07:23:33,2.525125504,3.428910494,2.313318253
07:23:33,2.526590824,3.429755211,2.307348013
07:23:33,2.525789261,3.429364204,2.30913806
07:23:33,2.525331259,3.428565025,2.308422565
07:23:33,2.526719093,3.42788291,2.308832645
07:23:33,2.525080204,3.427367926,2.308746576
07:23:33,2.525215387,3.42700696,2.311103106
07:23:33,2.526420593,3.427731991,2.311302662
07:23:33,2.525743723,3.428589344,2.308719873
07:23:33,2.525491476,3.429174662,2.310123682
07:23:33,2.525816202,3.428653002,2.313551426
07:23:33,2.525860071,3.428032637,2.309668064
07:23:33,2.525894165,3.428020239,2.307557583
07:23:33,2.524899244,3.427527428,2.311177731
07:23:33,2.524549961,3.42701292,2.313122988
07:23:33,2.525614738,3.428141117,2.313050985
07:23:33,2.525577307,3.427988529,2.308782101
07:23:33,2.525452137,3.429018497,2.307630301
07:23:33,2.526045799,3.428435087,2.3134408
07:23:33,2.5264256,3.429678202,2.308612347
07:23:33,2.525598526,3.430665016,2.307436943
07:23:33,2.525372982,3.429908514,2.311053753
07:23:33,2.526158333,3.428845882,2.314578056
07:23:33,2.525722027,3.42976737,2.307629824
07:23:33,2.526176214,3.428970098,2.308121443
07:23:33,2.525820971,3.429258585,2.313944817
07:23:33,2.525993109,3.429497242,2.310973406
07:23:33,2.525513172,3.429101229,2.306693316
07:23:33,2.525999546,3.42914176,2.309124231
07:23:33,2.52551651,3.428630829,2.313206196
07:23:33,2.525315046,3.428369522,2.314407825
07:23:33,2.525737762,3.428535461,2.312332153
07:23:33,2.525362968,3.427745581,2.314397335
07:23:33,2.525479794,3.428348064,2.313901663
07:23:33,2.525227308,3.428188562,2.310633659
07:23:33,2.525300503,3.427618742,2.310182333
07:23:33,2.525486469,3.42747426,2.311273813
07:23:33,2.525712729,3.428547621,2.312887669
07:23:33,2.525429964,3.428253412,2.309728146
07:23:33,2.525906563,3.428049803,2.313369274
07:23:33,2.525890112,3.42861414,2.312017918
07:23:33,2.525811434,3.428687572,2.30821228
07:23:33,2.525732994,3.428732634,2.309231043
07:23:33,2.525320768,3.428509951,2.312343359
07:23:33,2.525370836,3.428795576,2.313899517
07:23:33,2.526786566,3.428863764,2.311786175
07:23:33,2.525026798,3.428826332,2.310666084
07:23:33,2.525847673,3.429296732,2.312890053
07:23:33,2.525827408,3.429771185,2.311559439
07:23:33,2.52550149,3.429266214,2.309003353
07:23:33,2.525487185,3.428507328,2.31182003
07:23:33,2.525538683,3.428377151,2.31116581
07:23:33,2.526684523,3.428928852,2.313034058
07:23:33,2.525442123,3.429164886,2.309345961
07:23:33,2.525219679,3.429059267,2.31487608
07:23:33,2.526269436,3.429427385,2.313328266
07:23:33,2.526250601,3.429483891,2.31073761
07:23:33,2.525359154,3.428724527,2.312355042
07:23:33,2.525448561,3.429104805,2.310224056
07:23:33,2.526236057,3.429323912,2.309895992
07:23:33,2.525552988,3.42909503,2.3095541
07:23:33,2.525449753,3.427907228,2.313411713
07:23:33,2.526198626,3.428248167,2.314190865
07:23:33,2.525920391,3.427983522,2.313374043
07:23:34,2.525636911,3.427964449,2.307522774
07:23:34,2.525516987,3.428685904,2.310015917
07:23:34,2.524933338,3.427417517,2.312563181
07:23:34,2.525572777,3.426964521,2.310685158
07:23:34,2.525663376,3.428023577,2.309332132
07:23:34,2.525464296,3.427800894,2.308832645
07:23:34,2.524904728,3.428631306,2.314689398
07:23:34,2.525032997,3.427525759,2.310610294
07:23:34,2.525776625,3.428896189,2.307811499
07:23:34,2.524632454,3.426945448,2.310813904
07:23:34,2.525202513,3.427763224,2.311780691
07:23:34,2.52543211,3.427942514,2.309855461
07:23:34,2.525149345,3.428985119,2.310407162
07:23:34,2.52559495,3.428560972,2.311577082
07:23:34,2.525483608,3.428977251,2.313295603
07:23:34,2.525819302,3.429447651,2.311625004
07:23:34,2.52525115,3.430196285,2.309383392
07:23:34,2.524706125,3.430206537,2.311575413
07:23:34,2.526126623,3.426994562,2.311487675
07:23:34,2.52676034,3.426847458,2.311107397
07:23:34,2.524152994,3.428048134,2.310976982
07:23:34,2.524950266,3.427298546,2.312046766
07:23:34,2.526092052,3.429108381,2.310870647
07:23:34,2.526228666,3.428422213,2.312123299
07:23:34,2.525824547,3.427359104,2.311964273
07:23:34,2.525962114,3.427509308,2.311496973
07:23:34,2.525745392,3.429052591,2.312575817
07:23:34,2.526345015,3.428861856,2.309420347
07:23:34,2.525485277,3.429955721,2.30905509
07:23:34,2.524432898,3.426909447,2.31130743
07:23:34,2.526942253,3.425230026,2.310982943
07:23:34,2.52488637,3.42804122,2.312260628
07:23:34,2.526538134,3.42935276,2.311779737
07:23:34,2.525644779,3.432287216,2.307862043
07:23:34,2.525262356,3.429981709,2.310135365
07:23:34,2.524840117,3.426843643,2.313230515
07:23:34,2.525762558,3.430397272,2.307155132
07:23:34,2.526167393,3.429442883,2.31131506
07:23:34,2.525568008,3.429332495,2.313142776
07:23:34,2.525994301,3.426415443,2.31239295
07:23:34,2.525015354,3.425980806,2.309531212
07:23:34,2.526092052,3.429196835,2.308995724
07:23:34,2.525880098,3.432640553,2.314189672
07:23:34,2.525843382,3.429816484,2.312809944
07:23:34,2.525476694,3.428470135,2.309519768
07:23:34,2.524242878,3.427511215,2.311236143
07:23:34,2.525192022,3.428310633,2.310957909
07:23:34,2.526174068,3.429763794,2.310238838
07:23:34,2.524906397,3.427480459,2.311030865
07:23:34,2.524976015,3.427587986,2.311393976
07:23:34,2.524669409,3.428442955,2.310349226
07:23:34,2.525839567,3.428603172,2.310836792
07:23:34,2.525633812,3.42911911,2.311377048
07:23:34,2.526233673,3.428272486,2.311165094
07:23:34,2.525199652,3.427714825,2.310859442
07:23:34,2.525379419,3.427716494,2.311344147
07:23:34,2.524458885,3.427690506,2.311365604
07:23:34,2.525426149,3.427587986,2.311698914
07:23:34,2.525237322,3.428727388,2.311670542
07:23:34,2.525615931,3.427817583,2.310674906
07:23:34,2.525117636,3.430866003,2.310184479
07:23:34,2.525285721,3.430698633,2.311247587
07:23:34,2.526400566,3.43132019,2.312019587
07:23:34,2.525392771,3.42812109,2.311039209
07:23:34,2.525914192,3.428222179,2.310924292
07:23:34,2.525116682,3.428506613,2.310647011
07:23:34,2.52558136,3.429200649,2.311810017
07:23:34,2.524856567,3.427371502,2.31084466
07:23:34,2.526381493,3.426852226,2.312967777
07:23:34,2.525826931,3.428990126,2.31088233
07:23:34,2.5260849,3.431283236,2.31099844
07:23:34,2.525743008,3.429989576,2.311558008
07:23:34,2.525437355,3.427628994,2.310957909
07:23:34,2.525469065,3.429723978,2.3102777
07:23:34,2.526028395,3.429700136,2.311921358
07:23:34,2.525933266,3.429641724,2.311306477
07:23:34,2.525800943,3.428234339,2.311083317
07:23:34,2.525514126,3.4290452,2.310384989
07:23:34,2.525668144,3.429470062,2.311138391
07:23:34,2.526170731,3.429470062,2.311615467
07:23:34,2.526083231,3.427609444,2.311492682
07:23:34,2.525524139,3.426930428,2.31286931
07:23:34,2.525845051,3.426564455,2.311776638
07:23:34,2.525492907,3.427458763,2.309808016
07:23:34,2.525874138,3.427556038,2.312454462
07:23:34,2.525125504,3.427661419,2.311377525
07:23:34,2.52602911,3.427323341,2.311591864
07:23:34,2.524919271,3.429147005,2.310906649
07:23:34,2.525491953,3.430118561,2.308830261
07:23:34,2.526046991,3.429306984,2.311567068
07:23:34,2.525737286,3.427678823,2.312135696
07:23:34,2.525462151,3.428015232,2.310601711
07:23:34,2.526130199,3.429509401,2.31025672
07:23:34,2.525731802,3.429751635,2.310455322
07:23:35,2.525617838,3.428134918,2.311276674
07:23:35,2.52617979,3.427769184,2.311705828
07:23:35,2.525134563,3.42982626,2.310598373
07:23:35,2.52504921,3.430329084,2.311703444
07:23:35,2.526441097,3.429439545,2.311799526
07:23:35,2.525784254,3.4278965,2.311313152
07:23:35,2.525424004,3.42788291,2.310996771
07:23:35,2.526205063,3.429780245,2.311147451
07:23:35,2.524933338,3.429977655,2.310348034
07:23:35,2.525426149,3.428240538,2.311850548
07:23:35,2.525661707,3.427362919,2.311909914
07:23:35,2.526110888,3.429868937,2.311215162
07:23:35,2.525556087,3.43022871,2.310809135
07:23:35,2.526154041,3.429504871,2.311554432
07:23:35,2.525482655,3.427012444,2.311527014
07:23:35,2.525606155,3.427315474,2.311402082
07:23:35,2.526196241,3.42884779,2.311131477
07:23:35,2.525644779,3.428877115,2.311090708
07:23:35,2.526012897,3.427489996,2.310771465
07:23:35,2.5254457,3.427610636,2.310926914
07:23:35,2.526239634,3.428415775,2.310511112
07:23:35,2.525559425,3.429487467,2.310526848
07:23:35,2.525727272,3.428627491,2.31094408
07:23:35,2.525491476,3.428155899,2.312305212
07:23:35,2.525145292,3.427130938,2.310757399
07:23:35,2.525222063,3.428799391,2.311991453
07:23:35,2.525428534,3.428717136,2.311668158
07:23:35,2.525999069,3.429459572,2.310809135
07:23:35,2.525015831,3.427715302,2.311484575
07:23:35,2.526334524,3.428075314,2.311986446
07:23:35,2.525891781,3.430089235,2.310907125
07:23:35,2.52556181,3.430115223,2.310326576
07:23:35,2.525308609,3.427789211,2.311737776
07:23:35,2.525409937,3.428352833,2.31038928
07:23:35,2.525990486,3.428636074,2.310973406
07:23:35,2.525582314,3.430476427,2.310361385
07:23:35,2.525272131,3.429280519,2.311197519
07:23:35,2.525740623,3.428412437,2.310790539
07:23:35,2.52584672,3.427831411,2.31148839
07:23:35,2.525692225,3.430699587,2.310384035
07:23:35,2.52607131,3.430236578,2.311287642
07:23:35,2.525378227,3.428652287,2.311054468
07:23:35,2.525360346,3.428086042,2.310542583
07:23:35,2.525843382,3.427604198,2.3094697
07:23:35,2.525286913,3.428968906,2.311733723
07:23:35,2.525631428,3.428677082,2.310945034
07:23:35,2.525441647,3.427482843,2.310974121
07:23:35,2.525666952,3.428315878,2.310513735
07:23:35,2.525768042,3.429190397,2.311737299
07:23:35,2.525993109,3.428214312,2.311163902
07:23:35,2.526143312,3.42703557,2.312193155
07:23:35,2.525640488,3.427491188,2.312196016
07:23:35,2.525607347,3.427440643,2.311107397
07:23:35,2.525736332,3.427525282,2.311373711
07:23:35,2.525839567,3.428833008,2.312139273
07:23:35,2.525590181,3.428598881,2.311429262
07:23:35,2.525039673,3.429633141,2.31106925
07:23:35,2.525518894,3.429614544,2.311655521
07:23:35,2.526232958,3.429323196,2.31078887
07:23:35,2.525635242,3.428770542,2.310842991
07:23:35,2.525472164,3.428184748,2.312205315
07:23:35,2.525623798,3.428912878,2.309980154
07:23:35,2.525786877,3.429851055,2.310860634
07:23:35,2.525244951,3.428989649,2.310563803
07:23:35,2.525710821,3.428170681,2.311650753
07:23:35,2.526135921,3.428095102,2.311307907
07:23:35,2.526194572,3.429330587,2.311318874
07:23:35,2.525947571,3.429064512,2.311533213
07:23:35,2.525057316,3.428359032,2.311372519
07:23:35,2.525326252,3.428155899,2.312110662
07:23:35,2.524967194,3.4281106,2.310879946
07:23:35,2.5254848,3.429050922,2.311115265
07:23:35,2.525641441,3.429372787,2.311293602
07:23:35,2.525574923,3.428532124,2.31093049
07:23:35,2.524823427,3.428251028,2.310045242
07:23:35,2.525658607,3.428703547,2.309714794
07:23:35,2.526156425,3.428934336,2.31040597
07:23:35,2.52588892,3.427982807,2.311209917
07:23:35,2.525231361,3.427298546,2.311738968
07:23:35,2.525412798,3.426970243,2.310768366
07:23:35,2.525981903,3.428408146,2.311551809
07:23:35,2.525175095,3.428139925,2.310976028
07:23:35,2.525429964,3.428106546,2.311298609
07:23:35,2.525354147,3.427503824,2.311049938
07:23:35,2.525606155,3.428423882,2.311544418
07:23:35,2.524568081,3.428912878,2.310588837
07:23:35,2.525611401,3.428462744,2.311534405
07:23:35,2.526129484,3.427798986,2.310515165
07:23:35,2.526203156,3.428296804,2.311291218
07:23:35,2.526010036,3.428415298,2.310096502
07:23:35,2.525656939,3.429476023,2.310410738
07:23:35,2.524883032,3.429368496,2.311454296
07:23:35,2.525591373,3.428852797,2.310342073
07:23:35,2.525615215,3.429222822,2.312263727
07:23:35,2.526758432,3.42966938,2.310693026
07:23:35,2.52631402,3.428739309,2.31109643
07:23:35,2.525685549,3.428564548,2.311476469
07:23:35,2.525310278,3.429611683,2.310707569
07:23:35,2.524989367,3.429517031,2.311395168
07:23:35,2.525126219,3.429903984,2.310518742
07:23:35,2.525758266,3.428938389,2.31115365
07:23:35,2.525809288,3.429077148,2.31150198
07:23:35,2.525302172,3.429418087,2.311092615
07:23:35,2.525713444,3.429027319,2.31171751
07:23:35,2.525862932,3.428991318,2.311278343
07:23:35,2.525521278,3.427725792,2.310952425
07:23:35,2.525014162,3.427718163,2.309789658
07:23:35,2.52595973,3.42813015,2.311406374
07:23:35,2.525593996,3.42843318,2.310878754
07:23:35,2.525063276,3.427003145,2.311459064
07:23:35,2.525269508,3.427500725,2.311110497
07:23:35,2.524848938,3.427947044,2.311821222
07:23:35,2.525956631,3.42743516,2.311094522
07:23:35,2.52588582,3.428252935,2.310907841
07:23:35,2.525145769,3.427410126,2.310626507
07:23:35,2.526082039,3.428078651,2.31131959
07:23:36,2.525289536,3.428436279,2.310934544
07:23:36,2.525252342,3.42914176,2.311948061
07:23:36,2.525807381,3.428588629,2.31159687
07:23:36,2.525496483,3.428821564,2.311476469
07:23:36,2.525771856,3.428784609,2.310240984
07:23:36,2.525437355,3.42935276,2.309745789
07:23:36,2.526383877,3.428823948,2.310827017
07:23:36,2.524526596,3.428377151,2.311116219
07:23:36,2.52617979,3.428605556,2.310191154
07:23:36,2.525036573,3.429396152,2.311367512
07:23:36,2.525890589,3.428836584,2.310713291
07:23:36,2.525339842,3.428929567,2.311220884
07:23:36,2.525185823,3.428184748,2.310950279
07:23:36,2.525902271,3.428629637,2.310949564
07:23:36,2.525469065,3.42907238,2.310680151
07:23:36,2.525537491,3.428650618,2.311582804
07:23:36,2.525995493,3.428147316,2.311068058
07:23:36,2.525702238,3.428621054,2.31208396
07:23:36,2.525272846,3.429130316,2.31157279
07:23:36,2.525298595,3.428741217,2.311196566
07:23:36,2.525974274,3.429561138,2.312188387
07:23:36,2.525780439,3.42827177,2.310368299
07:23:36,2.526183367,3.428741217,2.311233044
07:23:36,2.525467873,3.428356886,2.310153246
07:23:36,2.525454521,3.428280592,2.311206818
07:23:36,2.525420666,3.42801404,2.310704231
07:23:36,2.525900126,3.427927494,2.311315536
07:23:36,2.52559495,3.427411318,2.311448097
07:23:36,2.525097609,3.428203583,2.310828209
07:23:36,2.526285648,3.427786589,2.310888052
07:23:36,2.525789738,3.428615093,2.311268568
07:23:36,2.525384665,3.428527594,2.310016394
07:23:36,2.526384354,3.427893877,2.311336517
07:23:36,2.52494669,3.428497553,2.311127901
07:23:36,2.525816202,3.428057432,2.311352015
07:23:36,2.525909185,3.429079294,2.311303377
07:23:36,2.526082516,3.428678036,2.311052322
07:23:36,2.525357246,3.42924571,2.312556744
07:23:36,2.525792122,3.429061413,2.309883833
07:23:36,2.525875568,3.428728104,2.311697721
07:23:36,2.526014566,3.429470062,2.311924934
07:23:36,2.525601387,3.429638386,2.310712337
07:23:36,2.525631905,3.429308653,2.312376499
07:23:36,2.525890112,3.428316593,2.310272455
07:23:36,2.525319338,3.428373814,2.311093807
07:23:36,2.525589705,3.428434372,2.311495066
07:23:36,2.525542974,3.428692102,2.31202817
07:23:36,2.525785446,3.428830147,2.311275005
07:23:36,2.525720835,3.428984642,2.311272621
07:23:36,2.525935888,3.428663254,2.311499596
07:23:36,2.525544405,3.428595066,2.311272621
07:23:36,2.525072575,3.428254604,2.311536312
07:23:36,2.525572777,3.428240538,2.311394453
07:23:36,2.52584672,3.428119421,2.311932802
07:23:36,2.52532506,3.428100824,2.311745882
07:23:36,2.525738478,3.428209305,2.311614752
07:23:36,2.526492596,3.428553343,2.311828613
07:23:36,2.525939703,3.428876162,2.310764074
07:23:36,2.526217937,3.428405046,2.312264919
07:23:36,2.526311159,3.428590536,2.311068058
07:23:36,2.525535345,3.428573608,2.310908318
07:23:36,2.525153399,3.428319693,2.311503887
07:23:36,2.525843859,3.427979231,2.313236475
07:23:36,2.525473595,3.428385735,2.311112404
07:23:36,2.525968552,3.429129124,2.310509443
07:23:36,2.526412249,3.428654671,2.311276197
07:23:36,2.525601387,3.428282976,2.310645819
07:23:36,2.526038647,3.42776823,2.311482191
07:23:36,2.525002956,3.429037333,2.312303782
07:23:36,2.526112556,3.429664373,2.311439991
07:23:36,2.525783062,3.428561449,2.312505484
07:23:36,2.525850058,3.428589821,2.31167388
07:23:36,2.525646448,3.429003716,2.310983419
07:23:36,2.525887966,3.429545403,2.311348677
07:23:36,2.525772333,3.429321527,2.311925411
07:23:36,2.524923325,3.428798199,2.312358141
07:23:36,2.525020123,3.429022551,2.310372829
07:23:36,2.525398254,3.4292171,2.311172724
07:23:36,2.525578976,3.428698301,2.31061244
07:23:36,2.525477409,3.42863822,2.311558485
07:23:36,2.525848866,3.428541899,2.311224937
07:23:36,2.52543211,3.428920269,2.31138587
07:23:36,2.52517581,3.428718567,2.310717344
07:23:36,2.525743008,3.42862916,2.31170702
07:23:36,2.525650024,3.427961588,2.310766697
07:23:36,2.525452137,3.428068399,2.311272621
07:23:36,2.525370836,3.428411245,2.311449051
07:23:36,2.525684595,3.428421497,2.310364246
07:23:36,2.525147915,3.427284718,2.310325384
07:23:36,2.525674582,3.428120613,2.311388731
07:23:36,2.525354147,3.428722143,2.311173439
07:23:36,2.525767565,3.429205894,2.311439276
07:23:36,2.525370836,3.428370714,2.310984612
07:23:36,2.525847435,3.428503036,2.311202765
07:23:36,2.525664806,3.428318739,2.311407804
07:23:36,2.525767565,3.428340197,2.310738087
07:23:36,2.525479794,3.428583384,2.311724424
07:23:36,2.526191473,3.428419113,2.311659813
07:23:36,2.525912285,3.42951107,2.311901093
07:23:36,2.526059866,3.429110527,2.310834408
07:23:36,2.525618315,3.429227352,2.310756207
07:23:36,2.525283337,3.429385185,2.310719728
07:23:36,2.52523303,3.429472446,2.311895132
07:23:36,2.525097609,3.429004192,2.311525822
07:23:36,2.525668621,3.428789616,2.311210394
07:23:36,2.525281668,3.428306103,2.310857058
07:23:36,2.525198936,3.429091692,2.311642408
07:23:36,2.525452137,3.428689718,2.312308788
07:23:36,2.524579048,3.428539515,2.310060024
07:23:36,2.525459766,3.428357601,2.310566902
07:23:36,2.525822639,3.428603172,2.311222553
07:23:36,2.525949717,3.428192139,2.311036825
07:23:36,2.525794268,3.42849803,2.311354399
07:23:36,2.525507689,3.428219795,2.311388016
07:23:36,2.52566576,3.428045273,2.311383009
07:23:37,2.52601409,3.428486347,2.311215878
07:23:37,2.525481462,3.427890301,2.310490131
07:23:37,2.525603771,3.428123474,2.310972214
07:23:37,2.525574446,3.427728415,2.311137199
07:23:37,2.52561903,3.428708076,2.311754704
07:23:37,2.526183367,3.428469658,2.311348677
07:23:37,2.525981426,3.428792,2.310968637
07:23:37,2.525226116,3.427979946,2.311008215
07:23:37,2.525152922,3.428608179,2.311620951
07:23:37,2.525718451,3.427947998,2.311463833
07:23:37,2.52528882,3.428390265,2.31116581
07:23:37,2.525337458,3.428277731,2.311037302
07:23:37,2.524962664,3.428672314,2.310842991
07:23:37,2.525730848,3.428564548,2.311040878
07:23:37,2.525914669,3.429103613,2.311856747
07:23:37,2.526190281,3.429238796,2.310819387
07:23:37,2.525574446,3.428883553,2.311251163
07:23:37,2.525557995,3.429377317,2.310857773
07:23:37,2.525868177,3.429177761,2.311249256
07:23:37,2.525394678,3.428786993,2.311370611
07:23:37,2.525560617,3.429283381,2.311347485
07:23:37,2.525983095,3.428538799,2.310979366
07:23:37,2.524996519,3.429164886,2.310972929
07:23:37,2.525778055,3.429060936,2.310671568
07:23:37,2.525740623,3.429001331,2.311654329
07:23:37,2.525772333,3.428016424,2.311740637
07:23:37,2.525498152,3.428106546,2.311644793
07:23:37,2.526178598,3.428222895,2.312453508
07:23:37,2.526032209,3.427785397,2.311888218
07:23:37,2.52539134,3.427723885,2.31137538
07:23:37,2.52557683,3.427655935,2.312320948
07:23:37,2.526273489,3.428174734,2.311065197
07:23:37,2.525867462,3.428677082,2.311752796
07:23:37,2.526053905,3.428580523,2.311005831
07:23:37,2.525455713,3.428082705,2.310752869
07:23:37,2.525140047,3.427818537,2.311288834
07:23:37,2.525241852,3.428014755,2.311346531
07:23:37,2.52555728,3.427870274,2.310879946
07:23:37,2.524705648,3.428026438,2.311312675
07:23:37,2.525092125,3.428625822,2.310451269
07:23:37,2.525654316,3.428306103,2.310381174
07:23:37,2.525325775,3.428639412,2.310628891
07:23:37,2.525553465,3.428371906,2.312350035
07:23:37,2.5257442,3.428884745,2.311442852
07:23:37,2.525634766,3.429158688,2.311075926
07:23:37,2.526120186,3.429086208,2.311383724
07:23:37,2.525962591,3.429172277,2.311815023
07:23:37,2.525394678,3.428815365,2.310393572
07:23:37,2.525645733,3.429310322,2.310250998
07:23:37,2.524698019,3.428761482,2.311248779
07:23:37,2.525884151,3.428619862,2.31131196
07:23:37,2.525580883,3.428801298,2.310519934
07:23:37,2.52528882,3.428473711,2.311320066
07:23:37,2.525637627,3.427742004,2.312009573
07:23:37,2.526012421,3.427947044,2.311712265
07:23:37,2.525485277,3.428520918,2.311425447
07:23:37,2.525962114,3.428921461,2.310598373
07:23:37,2.525648832,3.428079844,2.311030865
07:23:37,2.525538683,3.429670095,2.311098337
07:23:37,2.526277781,3.429234982,2.311728716
07:23:37,2.525715113,3.428017139,2.310879946
07:23:37,2.52564311,3.428437948,2.311244726
07:23:37,2.525296211,3.428168297,2.310740471
07:23:37,2.52546978,3.428326845,2.30967021
07:23:37,2.524989367,3.428396225,2.311083317
07:23:37,2.525881767,3.42832756,2.31220746
07:23:37,2.525489569,3.428906679,2.310299158
07:23:37,2.525779247,3.428264856,2.311127901
07:23:37,2.525262356,3.428578615,2.310876369
07:23:37,2.524803877,3.428310156,2.311215162
07:23:37,2.525908232,3.42813015,2.310683489
07:23:37,2.525634289,3.428396225,2.310445547
07:23:37,2.525521755,3.428519726,2.311415434
07:23:37,2.526210308,3.429006577,2.310775995
07:23:37,2.525330305,3.428933859,2.31041193
07:23:37,2.525010109,3.428668022,2.310282707
07:23:37,2.525424957,3.42876792,2.311172247
07:23:37,2.524926901,3.429153442,2.312430143
07:23:37,2.52556181,3.428808212,2.312026501
07:23:37,2.525833368,3.42828536,2.31024003
07:23:37,2.525491476,3.42939949,2.310810328
07:23:37,2.52584219,3.429549694,2.310496569
07:23:37,2.525528908,3.429104805,2.312426567
07:23:37,2.52573657,3.428645849,2.311874151
07:23:37,2.525135756,3.428405046,2.310934067
07:23:37,2.524985552,3.428644657,2.311859131
07:23:37,2.525935173,3.42818594,2.310549974
07:23:37,2.525477409,3.42863822,2.310754061
07:23:37,2.525653124,3.428545952,2.311128378
07:23:37,2.524997234,3.428495169,2.311228991
07:23:37,2.525563478,3.428451538,2.311492682
07:23:37,2.525733709,3.428068876,2.311567068
07:23:37,2.52615571,3.4281075,2.311405182
07:23:37,2.525050402,3.428045988,2.311144829
07:23:37,2.525728464,3.428732634,2.311306953
07:23:37,2.525747061,3.428235531,2.311115265
07:23:37,2.525146484,3.428052425,2.311143637
07:23:37,2.525250435,3.428177357,2.310628891
07:23:37,2.525480986,3.428525925,2.310523272
07:23:37,2.526035786,3.428157568,2.311719656
07:23:37,2.525672913,3.428705931,2.311395645
07:23:37,2.525533438,3.42871213,2.310272932
07:23:37,2.525274515,3.428804159,2.309616804
07:23:37,2.524861813,3.429292679,2.311786652
07:23:37,2.524787664,3.428708076,2.311767578
07:23:37,2.525877237,3.428615093,2.311700583
07:23:37,2.526034117,3.429195642,2.310162544
07:23:37,2.525031805,3.42950654,2.312395096
07:23:37,2.525390625,3.428597927,2.31120801
07:23:37,2.526171923,3.429144144,2.310616255
07:23:37,2.52566433,3.428948641,2.3106215
07:23:37,2.525787354,3.42911911,2.309711456
07:23:37,2.525564432,3.428756475,2.311127901
07:23:37,2.52564311,3.428600788,2.311632633
07:23:37,2.526278257,3.429684401,2.310140133
07:23:37,2.525905848,3.428873777,2.310611725
07:23:37,2.525547504,3.429032087,2.311405659
07:23:37,2.525778055,3.428868771,2.310347319
07:23:37,2.525599003,3.428548098,2.310851574
07:23:38,2.525499344,3.428181171,2.310744286
07:23:38,2.525316238,3.428252935,2.311293602
07:23:38,2.525819302,3.428211927,2.311175108
07:23:38,2.525463104,3.428947687,2.311384201
07:23:38,2.525812149,3.428327799,2.310105562
07:23:38,2.525882483,3.428547144,2.311286688
07:23:38,2.525858402,3.427867889,2.311369419
07:23:38,2.525488615,3.428302526,2.311729193
07:23:38,2.525935173,3.427886486,2.311247587
07:23:38,2.525495291,3.428187132,2.311674595
07:23:38,2.525567293,3.428683519,2.31042695
07:23:38,2.525597334,3.428343773,2.311573505
07:23:38,2.525169134,3.428565025,2.311992645
07:23:38,2.525550604,3.428078651,2.311493874
07:23:38,2.525551081,3.42871213,2.311574697
07:23:38,2.525371313,3.42907548,2.311242342
07:23:38,2.525141716,3.429764986,2.310968637
07:23:38,2.525990009,3.428603649,2.311678648
07:23:38,2.525741816,3.428866148,2.312136173
07:23:38,2.525441647,3.428874254,2.311252832
07:23:38,2.525270462,3.428899527,2.310601711
07:23:38,2.525827408,3.428833723,2.311817408
07:23:38,2.5254426,3.429074287,2.311292887
07:23:38,2.524940491,3.42936945,2.31071496
07:23:38,2.525705099,3.429356813,2.31080842
07:23:38,2.525650501,3.429359674,2.31187129
07:23:38,2.525239944,3.429112911,2.310888529
07:23:38,2.525975466,3.428388596,2.310761929
07:23:38,2.525900126,3.428128958,2.311386585
07:23:38,2.525538206,3.429129124,2.311584473
07:23:38,2.525737762,3.42862463,2.310972929
07:23:38,2.525197029,3.427757978,2.310791254
07:23:38,2.525529861,3.428138733,2.311449051
07:23:38,2.525399446,3.427813053,2.310580969
07:23:38,2.525989532,3.428449869,2.311279535
07:23:38,2.525855541,3.428610563,2.311151266
07:23:38,2.525083303,3.428457499,2.311834097
07:23:38,2.52610302,3.428197861,2.311350346
07:23:38,2.525695086,3.428365469,2.31071043
07:23:38,2.525179625,3.428500175,2.310744286
07:23:38,2.525248289,3.428185225,2.312189817
07:23:38,2.525490284,3.428109407,2.309915066
07:23:38,2.52593255,3.428298235,2.310640574
07:23:38,2.525380135,3.428022861,2.310969353
07:23:38,2.525785446,3.428709269,2.310950756
07:23:38,2.526153326,3.428714752,2.310897827
07:23:38,2.525682211,3.429423809,2.311759472
07:23:38,2.525510073,3.42845273,2.311011076
07:23:38,2.525481939,3.428417683,2.310848475
07:23:38,2.525486469,3.428809404,2.311582088
07:23:38,2.525050879,3.429267883,2.311406374
07:23:38,2.525630713,3.428819895,2.311463118
07:23:38,2.525779724,3.429720879,2.311558485
07:23:38,2.526220322,3.428589821,2.310462475
07:23:38,2.525105476,3.428912401,2.311496258
07:23:38,2.525833845,3.429034948,2.311687946
07:23:38,2.525240421,3.429064989,2.310864449
07:23:38,2.525279522,3.428788662,2.310543537
07:23:38,2.525359154,3.428806543,2.311320066
07:23:38,2.525723934,3.42861414,2.311285019
07:23:38,2.525761843,3.428370714,2.311751842
07:23:38,2.52583456,3.42845273,2.310886383
07:23:38,2.524745226,3.4281528,2.311745882
07:23:38,2.52570343,3.429251671,2.311998129
07:23:38,2.525836706,3.428356886,2.311003208
07:23:38,2.525889397,3.42898035,2.310837507
07:23:38,2.525096178,3.427942991,2.310599566
07:23:38,2.52603817,3.427927017,2.31137538
07:23:38,2.525988579,3.428491354,2.311295986
07:23:38,2.525349855,3.428858995,2.310861588
07:23:38,2.525872469,3.428679705,2.310074329
07:23:38,2.525144577,3.428059101,2.311687231
07:23:38,2.525732517,3.428506136,2.311757565
07:23:38,2.526136637,3.42840147,2.311450243
07:23:38,2.526065111,3.428778172,2.31115365
07:23:38,2.52600503,3.428885698,2.311786175
07:23:38,2.525430679,3.428943634,2.31067276
07:23:38,2.525904179,3.428933859,2.310397148
07:23:38,2.526314974,3.428751707,2.311316252
07:23:38,2.525187016,3.42930007,2.31036067
07:23:38,2.526415825,3.428940058,2.311269045
07:23:38,2.526005983,3.429008722,2.311272144
07:23:38,2.52562809,3.429527998,2.310586452
07:23:38,2.525528193,3.428877831,2.311313868
07:23:38,2.524973869,3.428831339,2.311906815
07:23:38,2.525800467,3.428675413,2.310379744
07:23:38,2.525989532,3.428715467,2.31193018
07:23:38,2.52592206,3.429073095,2.310566187
07:23:38,2.52560091,3.428592682,2.311576366
07:23:38,2.525402069,3.428386927,2.311393261
07:23:38,2.525654316,3.429126263,2.311325073
07:23:38,2.525807142,3.427939415,2.310705423
07:23:38,2.525925875,3.428593397,2.310537815
07:23:38,2.525618315,3.428682327,2.311926126
07:23:38,2.525514126,3.428264856,2.31149435
07:23:38,2.526013374,3.428255796,2.310770273
07:23:38,2.525496006,3.428440094,2.310462475
07:23:38,2.525917053,3.428585768,2.311555624
07:23:38,2.525378227,3.428345442,2.311114788
07:23:38,2.525183916,3.428160429,2.311220884
07:23:38,2.525222063,3.428188086,2.310676098
07:23:38,2.525646448,3.42866993,2.311535835
07:23:38,2.525578976,3.428366899,2.311909914
07:23:38,2.525614738,3.428449154,2.310318947
07:23:38,2.52600956,3.428077221,2.311084509
07:23:38,2.526523113,3.428911209,2.311085701
07:23:38,2.525564909,3.428856373,2.311609745
07:23:38,2.525911093,3.428665638,2.311693192
07:23:38,2.5256598,3.428630829,2.310201883
07:23:38,2.525536537,3.429357529,2.310475588
07:23:38,2.526032209,3.429535627,2.309959888
07:23:38,2.525125027,3.429162025,2.310342789
07:23:38,2.525269508,3.428817749,2.310293198
07:23:38,2.525937557,3.42918396,2.310859442
07:23:38,2.525060892,3.429836512,2.311033249
07:23:38,2.525648832,3.429398537,2.310906649
07:23:38,2.525837421,3.428459644,2.310306072
07:23:38,2.525620222,3.429207802,2.310476065
07:23:38,2.525511265,3.429457426,2.310245752
07:23:39,2.524768114,3.428984642,2.310256243
07:23:39,2.525660515,3.42856741,2.310001612
07:23:39,2.526888371,3.428073645,2.311199427
07:23:39,2.525660992,3.428176641,2.311941624
07:23:39,2.525907755,3.428535461,2.310978651
07:23:39,2.525855541,3.428364277,2.310824394
07:23:39,2.525498152,3.428493977,2.3114779
07:23:39,2.525296211,3.428492785,2.311207294
07:23:39,2.525473595,3.428292036,2.311376095
07:23:39,2.525793552,3.427853346,2.310579777
07:23:39,2.52555728,3.428113937,2.311146259
07:23:39,2.525224924,3.428003073,2.312660217
07:23:39,2.525166512,3.427907228,2.311386585
07:23:39,2.525388241,3.428103209,2.3097682
07:23:39,2.526046276,3.427941322,2.311156988
07:23:39,2.525173426,3.428220987,2.311730862
07:23:39,2.526191473,3.428512812,2.311116934
07:23:39,2.525783062,3.429076433,2.312168598
07:23:39,2.525837421,3.428892612,2.310771942
07:23:39,2.525545597,3.428244352,2.311757565
07:23:39,2.525951385,3.429060221,2.311068535
07:23:39,2.526015759,3.429074287,2.311261415
07:23:39,2.525577784,3.429198027,2.312292576
07:23:39,2.525765419,3.429280519,2.310856104
07:23:39,2.526194572,3.4287467,2.311434031
07:23:39,2.525105,3.429059267,2.31093502
07:23:39,2.525500774,3.428993702,2.311095953
07:23:39,2.52627182,3.429197311,2.311398983
07:23:39,2.525844336,3.428821564,2.310349703
07:23:39,2.52519083,3.429204226,2.311741829
07:23:39,2.525755882,3.429111719,2.310542583
07:23:39,2.526273489,3.428941727,2.310855389
07:23:39,2.52551651,3.428718567,2.310037374
07:23:39,2.525669336,3.428101301,2.311572075
07:23:39,2.526248932,3.42876029,2.31122613
07:23:39,2.525264025,3.428484678,2.311313152
07:23:39,2.525764704,3.428538799,2.311957359
07:23:39,2.526083708,3.428538322,2.311902285
07:23:39,2.525537014,3.428843737,2.310307264
07:23:39,2.525733709,3.428814173,2.310828924
07:23:39,2.525792837,3.429107666,2.311392069
07:23:39,2.52562952,3.42824316,2.311282873
07:23:39,2.525544405,3.428468466,2.310728312
07:23:39,2.525976658,3.428159237,2.310664892
07:23:39,2.52551055,3.42861414,2.311927795
07:23:39,2.525596142,3.428554535,2.31105876
07:23:39,2.525792837,3.428200722,2.311446905
07:23:39,2.526042223,3.428419113,2.310434341
07:23:39,2.525765896,3.428932428,2.311192513
07:23:39,2.525693417,3.428699017,2.311532021
07:23:39,2.526123047,3.429183245,2.311211109
07:23:39,2.525390148,3.428267717,2.31022954
07:23:39,2.525100946,3.428885221,2.311253548
07:23:39,2.525594473,3.428883553,2.310442448
07:23:39,2.525789738,3.42914176,2.310182333
07:23:39,2.525584936,3.428620577,2.311475277
07:23:39,2.526091337,3.428774118,2.311991453
07:23:39,2.525740147,3.428904295,2.312361479
07:23:39,2.525463104,3.429123402,2.310996771
07:23:39,2.525505304,3.429234266,2.310476065
07:23:39,2.525908232,3.428407431,2.310962439
07:23:39,2.526055813,3.429157495,2.311036825
07:23:39,2.525658131,3.429158211,2.311470509
07:23:39,2.524967194,3.42843318,2.310407877
07:23:39,2.52556181,3.428575993,2.310791731
07:23:39,2.525039196,3.42816782,2.311881304
07:23:39,2.525955677,3.428435087,2.311638594
07:23:39,2.525502682,3.428200722,2.311533213
07:23:39,2.525577307,3.4289186,2.311321259
07:23:39,2.526082516,3.428447247,2.311162233
07:23:39,2.52539897,3.428184748,2.310221195
07:23:39,2.525315762,3.428922653,2.309992313
07:23:39,2.525847673,3.428340197,2.311512947
07:23:39,2.525884151,3.427539587,2.310982943
07:23:39,2.525479794,3.428392649,2.31149745
07:23:39,2.525551081,3.428846598,2.310432434
07:23:39,2.525881767,3.428257942,2.311140776
07:23:39,2.525376081,3.42905736,2.310624123
07:23:39,2.525434494,3.428315401,2.311293602
07:23:39,2.525882483,3.429157495,2.310890913
07:23:39,2.52603817,3.429086924,2.31129694
07:23:39,2.525612593,3.429320335,2.311529636
07:23:39,2.525469065,3.428991318,2.311769247
07:23:39,2.52543807,3.428690434,2.311079264
07:23:39,2.525315046,3.428844213,2.311556101
07:23:39,2.525716543,3.429074764,2.311131477
07:23:39,2.525743723,3.428600788,2.31227231
07:23:39,2.525888443,3.428589821,2.310628891
07:23:39,2.52504468,3.428899527,2.311005831
07:23:39,2.525145292,3.428636789,2.310564518
07:23:39,2.525396585,3.428826332,2.311445713
07:23:39,2.525264025,3.428946495,2.310678959
07:23:39,2.525416851,3.429093838,2.310397863
07:23:39,2.525713444,3.428539991,2.310688496
07:23:39,2.525728941,3.428510666,2.311658382
07:23:39,2.524913549,3.428567886,2.310990334
07:23:39,2.526412249,3.428307295,2.311178446
07:23:39,2.525985479,3.429012299,2.311116219
07:23:39,2.525134563,3.428405523,2.311590672
07:23:39,2.525796413,3.428868771,2.310484886
07:23:39,2.52555728,3.428207636,2.31174469
07:23:39,2.525640488,3.42822504,2.311103106
07:23:39,2.525639296,3.42822504,2.309856653
07:23:39,2.525762558,3.428207636,2.311929464
07:23:39,2.525797129,3.428446054,2.311797619
07:23:39,2.525300503,3.42796731,2.311772108
07:23:39,2.52565527,3.428272486,2.311612368
07:23:39,2.525853872,3.428133726,2.311733246
07:23:39,2.52516222,3.428519726,2.310817719
07:23:39,2.524955034,3.428630829,2.312145948
07:23:39,2.525302887,3.428289652,2.3101933
07:23:39,2.525882959,3.428863049,2.311443329
07:23:39,2.525508881,3.428531408,2.310408831
07:23:39,2.525906563,3.429179668,2.311109781
07:23:39,2.525426865,3.429225206,2.310133696
07:23:39,2.525519371,3.429222822,2.311378002
07:23:40,2.526203632,3.428309441,2.310759783
07:23:40,2.525327921,3.429214478,2.310594797
07:23:40,2.525325775,3.428664446,2.310042381
07:23:40,2.525938272,3.42947197,2.311156273
07:23:40,2.525395393,3.428717852,2.310545206
07:23:40,2.525219679,3.428930759,2.311295986
07:23:40,2.525204897,3.428784132,2.311905622
07:23:40,2.525564432,3.429133177,2.311717033
07:23:40,2.525747776,3.428538322,2.312252045
07:23:40,2.525877237,3.428547144,2.311383009
07:23:40,2.525547504,3.427896976,2.310928106
07:23:40,2.525170803,3.428768158,2.310304403
07:23:40,2.526062489,3.428915977,2.311026812
07:23:40,2.525345325,3.428091049,2.310778141
07:23:40,2.525399446,3.428036213,2.311746597
07:23:40,2.525800467,3.428382874,2.310181618
07:23:40,2.525813818,3.428389072,2.311296463
07:23:40,2.525571585,3.428375483,2.311370611
07:23:40,2.52535367,3.4283638,2.31165719
07:23:40,2.525407076,3.428214788,2.311874151
07:23:40,2.525656939,3.428249359,2.31055522
07:23:40,2.52590704,3.428467751,2.311927319
07:23:40,2.525454521,3.428545237,2.31076479
07:23:40,2.525570393,3.429166794,2.310486078
07:23:40,2.525878906,3.429337263,2.311147451
07:23:40,2.525865555,3.429480553,2.311391115
07:23:40,2.525265932,3.428851604,2.309652805
07:23:40,2.525352955,3.429090977,2.310414553
07:23:40,2.525435686,3.429077625,2.309478521
07:23:40,2.525329828,3.428937912,2.310388565
07:23:40,2.525868893,3.428655148,2.311733723
07:23:40,2.526112556,3.429107189,2.311290503
07:23:40,2.525544405,3.428768873,2.311633825
07:23:40,2.525225401,3.428843021,2.310445547
07:23:40,2.526414156,3.428509474,2.310768366
07:23:40,2.526000023,3.428552628,2.311609268
07:23:40,2.525895834,3.428647995,2.311233044
07:23:40,2.525833845,3.428793192,2.310814381
07:23:40,2.525416374,3.428646326,2.311236143
07:23:40,2.526077986,3.428695679,2.311162233
07:23:40,2.525479078,3.428828955,2.310990334
07:23:40,2.525515795,3.428135633,2.310763121
07:23:40,2.525617361,3.428882837,2.311288118
07:23:40,2.525890112,3.427755833,2.312418461
07:23:40,2.525683403,3.428062201,2.310962439
07:23:40,2.525379419,3.428335667,2.310488462
07:23:40,2.525702238,3.428260803,2.311007738
07:23:40,2.525918722,3.428086042,2.310513735
07:23:40,2.525708914,3.428474903,2.31096077
07:23:40,2.525195122,3.42871809,2.310997248
07:23:40,2.525234222,3.428287506,2.311005592
07:23:40,2.525489569,3.428317785,2.310227156
07:23:40,2.525968552,3.42855382,2.310187578
07:23:40,2.526341438,3.428277254,2.311629534
07:23:40,2.525963783,3.428130865,2.311504841
07:23:40,2.525878906,3.428326845,2.311133385
07:23:40,2.525819302,3.429214001,2.311143637
07:23:40,2.525439262,3.428553343,2.311483383
07:23:40,2.525528908,3.428730249,2.311802149
07:23:40,2.525495291,3.429769039,2.31055069
07:23:40,2.525488615,3.429006577,2.310916901
07:23:40,2.525833368,3.42874217,2.310652494
07:23:40,2.52554512,3.428784132,2.311205864
07:23:40,2.525183439,3.428981066,2.311467171
07:23:40,2.525435686,3.428278923,2.311537027
07:23:40,2.525577784,3.428108215,2.311626196
07:23:40,2.525802851,3.428713083,2.310800791
07:23:40,2.526196241,3.428440094,2.311089516
07:23:40,2.525686026,3.428735495,2.311257839
07:23:40,2.526185751,3.428997517,2.311897516
07:23:40,2.526350975,3.428380489,2.31144762
07:23:40,2.52535367,3.428075314,2.311414957
07:23:40,2.525550604,3.428710938,2.310904026
07:23:40,2.525872946,3.429198027,2.310249329
07:23:40,2.52556181,3.429556131,2.311169863
07:23:40,2.525266647,3.428858042,2.310308456
07:23:40,2.525397062,3.42843318,2.312124491
07:23:40,2.526007175,3.42903614,2.310743809
07:23:40,2.525354862,3.429202557,2.310651779
07:23:40,2.525955677,3.428540707,2.311354399
07:23:40,2.52527523,3.428818226,2.311466694
07:23:40,2.525350332,3.428193808,2.31068182
07:23:40,2.525520086,3.428310633,2.31077528
07:23:40,2.526168585,3.428788185,2.310446024
07:23:40,2.525605202,3.428436756,2.310230732
07:23:40,2.526019096,3.428718567,2.310603857
07:23:40,2.525813818,3.428768873,2.312052488
07:23:40,2.526057005,3.429639339,2.31085825
07:23:40,2.526040554,3.429607153,2.311300278
07:23:40,2.525635242,3.429175377,2.310416937
07:23:40,2.525791645,3.428956747,2.310929775
07:23:40,2.525464296,3.428967953,2.310976028
07:23:40,2.524909258,3.429028511,2.310246944
07:23:40,2.525648832,3.429491282,2.310611725
07:23:40,2.525571108,3.428884745,2.311245203
07:23:40,2.526009083,3.428957462,2.31006217
07:23:40,2.525187016,3.428527594,2.310214996
07:23:40,2.525621414,3.428759098,2.310399055
07:23:40,2.52598381,3.428341389,2.310013771
07:23:40,2.525390148,3.428438425,2.311150789
07:23:40,2.525660515,3.428919077,2.311935663
07:23:40,2.525885344,3.428435087,2.310673237
07:23:40,2.525788546,3.428777933,2.312237978
07:23:40,2.525016308,3.428459644,2.311837673
07:23:40,2.526324987,3.428428888,2.311190128
07:23:40,2.525179148,3.428223372,2.310968161
07:23:40,2.525475979,3.428739309,2.311109781
07:23:40,2.524950981,3.428192616,2.311264992
07:23:40,2.525375366,3.428037405,2.311419487
07:23:40,2.526042223,3.428274393,2.311528444
07:23:40,2.525952101,3.428694487,2.311437845
07:23:40,2.525666475,3.428619862,2.310103416
07:23:40,2.525907755,3.42803669,2.311591387
07:23:40,2.525713921,3.428912401,2.311824322
07:23:40,2.525956631,3.428609848,2.311788559
07:23:40,2.526232004,3.428347111,2.31111598
07:23:40,2.525989056,3.428965092,2.310462475
07:23:40,2.525522232,3.429561853,2.310780048
07:23:40,2.525911093,3.429024458,2.311405659
07:23:41,2.525402784,3.42870307,2.312509775
07:23:41,2.526154041,3.429345369,2.311570406
07:23:41,2.52572608,3.429714441,2.310852766
07:23:41,2.526129484,3.429452181,2.311177731
07:23:41,2.52479291,3.428479195,2.311183214
07:23:41,2.5260849,3.429432392,2.309859753
07:23:41,2.52523303,3.428922176,2.311671019
07:23:41,2.525848866,3.428860188,2.310200453
07:23:41,2.525436878,3.429275751,2.311305285
07:23:41,2.524963856,3.428602457,2.310519457
07:23:41,2.52614665,3.428794384,2.311066866
07:23:41,2.52609992,3.428780556,2.311998129
07:23:41,2.525680542,3.428476095,2.311418056
07:23:41,2.525247335,3.428751707,2.311657667
07:23:41,2.52589345,3.428313017,2.311686039
07:23:41,2.525677443,3.428580999,2.311266899
07:23:41,2.525596619,3.428482294,2.310817719
07:23:41,2.525491953,3.428021193,2.310038567
07:23:41,2.525230885,3.42869091,2.311180115
07:23:41,2.525444984,3.428822756,2.312041521
07:23:41,2.525537491,3.428195715,2.311061859
07:23:41,2.525974989,3.428772449,2.310106277
07:23:41,2.52567935,3.428753376,2.311196566
07:23:41,2.525237322,3.428796291,2.311391115
07:23:41,2.52571559,3.429047585,2.310408831
07:23:41,2.526050329,3.428395033,2.311392069
07:23:41,2.52614069,3.429122925,2.310584307
07:23:41,2.525523424,3.428531408,2.310849667
07:23:41,2.525284052,3.429205418,2.310142279
07:23:41,2.525771856,3.429166079,2.311324358
07:23:41,2.525766611,3.429101944,2.310525656
07:23:41,2.525570393,3.429174185,2.310683489
07:23:41,2.525166988,3.429129601,2.310513258
07:23:41,2.525919676,3.428705931,2.311484575
07:23:41,2.525797367,3.429058075,2.310424089
07:23:41,2.525202513,3.428804159,2.311417818
07:23:41,2.526414156,3.42899847,2.311178923
07:23:41,2.525801659,3.429255247,2.30995059
07:23:41,2.525594473,3.428463221,2.312011242
07:23:41,2.525380611,3.428513527,2.311588049
07:23:41,2.525683403,3.428301811,2.310319424
07:23:41,2.525027514,3.428507328,2.310640097
07:23:41,2.526130199,3.428936243,2.309685707
07:23:41,2.525452375,3.428112268,2.310478687
07:23:41,2.525263309,3.428422213,2.311209917
07:23:41,2.52536726,3.427734375,2.311628103
07:23:41,2.52576685,3.428164482,2.311409473
07:23:41,2.525245428,3.428765535,2.310192823
07:23:41,2.52551651,3.428375006,2.310809612
07:23:41,2.525631905,3.428003073,2.310134888
07:23:41,2.525614738,3.428102016,2.310446739
07:23:41,2.525979042,3.428306103,2.310839176
07:23:41,2.525950909,3.428423882,2.311856747
07:23:41,2.525786638,3.428662539,2.311543941
07:23:41,2.525653124,3.42903018,2.310594797
07:23:41,2.525032282,3.429274082,2.311389923
07:23:41,2.525199652,3.429145336,2.311490774
07:23:41,2.52509141,3.429069519,2.311489105
07:23:41,2.525625229,3.428700686,2.311300993
07:23:41,2.52614522,3.429212809,2.310545206
07:23:41,2.526015759,3.428882837,2.31147933
07:23:41,2.525054693,3.428824425,2.311001301
07:23:41,2.526314497,3.428948641,2.310879946
07:23:41,2.525806427,3.428577185,2.310667753
07:23:41,2.525577307,3.428880453,2.310230255
07:23:41,2.526015282,3.429178715,2.310743809
07:23:41,2.525587797,3.429666758,2.310029745
07:23:41,2.526113033,3.428482294,2.310204268
07:23:41,2.526102543,3.428458929,2.311563492
07:23:41,2.52537775,3.428297758,2.310430527
07:23:41,2.525578976,3.428521395,2.311865091
07:23:41,2.52672863,3.42792201,2.311855078
07:23:41,2.525193691,3.428892612,2.311643124
07:23:41,2.525771856,3.42878294,2.311341047
07:23:41,2.525643587,3.428508759,2.311415434
07:23:41,2.525767565,3.428188086,2.311395645
07:23:41,2.525369406,3.428416967,2.311123848
07:23:41,2.525775909,3.428704262,2.310163736
07:23:41,2.525582314,3.428593397,2.310499668
07:23:41,2.525960922,3.428395033,2.31125164
07:23:41,2.525950193,3.427818537,2.310516357
07:23:41,2.525724411,3.427924395,2.310402393
07:23:41,2.526027679,3.428366899,2.310170412
07:23:41,2.525625229,3.427705526,2.310821772
07:23:41,2.525847673,3.428731441,2.31140089
07:23:41,2.525238991,3.428627491,2.310348511
07:23:41,2.52551651,3.428239346,2.311743975
07:23:41,2.525681019,3.429312468,2.31072402
07:23:41,2.525646925,3.429018259,2.311917782
07:23:41,2.525746107,3.428864241,2.311326265
07:23:41,2.525723219,3.429090977,2.310930967
07:23:41,2.526693821,3.429140568,2.311921835
07:23:41,2.525444508,3.42944932,2.310319424
07:23:41,2.525223017,3.429073095,2.310799122
07:23:41,2.525472641,3.428715944,2.310894489
07:23:41,2.526331425,3.428488493,2.312308788
07:23:41,2.525786877,3.429255724,2.310712814
07:23:41,2.525960922,3.428319693,2.31088686
07:23:41,2.525774717,3.428828955,2.310833454
07:23:41,2.526030064,3.428770542,2.312873363
07:23:41,2.525549889,3.428627968,2.310675383
07:23:41,2.525730848,3.428290844,2.311140776
07:23:41,2.524653912,3.42818594,2.310789347
07:23:41,2.525678635,3.428945303,2.311846018
07:23:41,2.525877953,3.42865634,2.311715841
07:23:41,2.525909662,3.428241253,2.311225414
07:23:41,2.526504755,3.427653551,2.310259104
07:23:41,2.525678635,3.427868366,2.310708046
07:23:41,2.525508165,3.428482771,2.311109781
07:23:41,2.525500774,3.428601265,2.311480522
07:23:41,2.525693893,3.428474188,2.310219526
07:23:41,2.525675535,3.428900003,2.310465813
07:23:41,2.525650024,3.428508759,2.311329365
07:23:41,2.525783062,3.428412914,2.310653448
07:23:41,2.525951385,3.427733183,2.310428619
07:23:41,2.525115013,3.428559065,2.311350346
07:23:41,2.525970936,3.428496361,2.310875177
07:23:41,2.525933743,3.42865634,2.310464621
07:23:41,2.525636911,3.428516388,2.310720205
07:23:42,2.525457382,3.428316593,2.311222076
07:23:42,2.525539875,3.428532124,2.311272621
07:23:42,2.52522254,3.429242373,2.311338663
07:23:42,2.52594924,3.429246902,2.310327053
07:23:42,2.525444508,3.42870307,2.311444521
07:23:42,2.525717735,3.429012775,2.311766386
07:23:42,2.525763512,3.429046392,2.311273813
07:23:42,2.525466204,3.429172277,2.311883688
07:23:42,2.525518179,3.428830147,2.311065197
07:23:42,2.525407076,3.428659678,2.310504198
07:23:42,2.524968863,3.429135561,2.311372995
07:23:42,2.52614522,3.42884779,2.312096834
07:23:42,2.525838852,3.428579807,2.31149435
07:23:42,2.525457382,3.428268909,2.311737776
07:23:42,2.525631428,3.428663254,2.310053587
07:23:42,2.525915861,3.4282794,2.311490297
07:23:42,2.525978565,3.428804874,2.31053257
07:23:42,2.525198698,3.428342581,2.311837196
07:23:42,2.525386572,3.428568363,2.311813831
07:23:42,2.525453806,3.428393841,2.310189486
07:23:42,2.525272131,3.428449869,2.310615778
07:23:42,2.526020527,3.427588701,2.311110497
07:23:42,2.525045872,3.428359509,2.31067276
07:23:42,2.526121378,3.427973747,2.311548948
07:23:42,2.525579691,3.42828846,2.312005043
07:23:42,2.525474072,3.429037809,2.311201572
07:23:42,2.525477886,3.42897296,2.311080933
07:23:42,2.525588989,3.428132534,2.310496092
07:25:24,2.525063753,3.428526878,2.31129241
07:25:24,2.525172949,3.428269386,2.310657501
07:25:24,2.525302172,3.428709745,2.312194824
07:25:24,2.526235342,3.428601265,2.311928272
07:25:24,2.525218725,3.428578138,2.311138868
07:25:24,2.525799274,3.42871666,2.31084466
07:25:24,2.525771379,3.428837061,2.312814713
07:25:24,2.525606155,3.428668022,2.310362339
07:25:24,2.525313377,3.429050446,2.310958385
07:25:24,2.524967194,3.428757668,2.311519384
07:25:24,2.525950909,3.428478718,2.312331438
07:25:24,2.525643587,3.42825532,2.310725927
07:25:24,2.526553869,3.428667307,2.311578751
07:25:24,2.524810553,3.428607702,2.311999321
07:25:24,2.525765419,3.42885232,2.310876369
07:25:24,2.525593281,3.428399563,2.31079793
07:25:24,2.525098324,3.428603649,2.312727213
07:25:24,2.525510073,3.428450346,2.311477184
07:25:24,2.525045395,3.428728342,2.310744286
07:25:24,2.525840044,3.428230762,2.311005831
07:25:24,2.525522232,3.428568363,2.310711622
07:25:24,2.525286436,3.428428411,2.312088013
07:25:24,2.525692701,3.427924395,2.311648369
07:25:24,2.525364876,3.42909503,2.310946703
07:25:24,2.525372505,3.428486347,2.30995512
07:25:24,2.525354147,3.428560257,2.312415361
07:25:24,2.525623798,3.428811789,2.311571598
07:25:24,2.525588512,3.428585052,2.311157465
07:25:24,2.526000023,3.428331375,2.310558796
07:25:24,2.525463104,3.427996874,2.311395168
07:25:24,2.5251863,3.429100037,2.310311794
07:25:24,2.525316954,3.428379297,2.310860634
07:25:24,2.525688648,3.428335667,2.3110044
07:25:24,2.525470972,3.428446531,2.31130743
07:25:24,2.52584219,3.428112268,2.311678648
07:25:24,2.525831461,3.428231478,2.310353518
07:25:24,2.524780989,3.428476095,2.311539173
07:25:24,2.525530577,3.428008795,2.311217308
07:25:24,2.524914265,3.428972483,2.311717033
07:25:24,2.525911093,3.428369045,2.310407877
07:25:24,2.526031733,3.428607702,2.310722589
07:25:24,2.525574923,3.428468943,2.311444521
07:25:24,2.525634289,3.429002523,2.311656475
07:25:24,2.526091337,3.42829895,2.311238289
07:25:24,2.525019407,3.428821564,2.311242342
07:25:24,2.525586605,3.428410053,2.311113596
07:25:24,2.525589705,3.428938389,2.311436892
07:25:24,2.52542448,3.427970648,2.310652494
07:25:24,2.525198936,3.427979231,2.311626196
07:25:24,2.525587797,3.428603649,2.311414957
07:25:24,2.525586605,3.428828955,2.31152916
07:25:24,2.525635242,3.428270578,2.3110919
07:25:24,2.525546074,3.428462744,2.310512304
07:25:24,2.525513172,3.42841053,2.310496569
07:25:24,2.525459766,3.429023266,2.310090065
07:25:24,2.525637627,3.428250551,2.311000824
07:25:24,2.525320768,3.428888559,2.311266899
07:25:24,2.525352478,3.428653002,2.311238766
07:25:24,2.525531054,3.428671122,2.310971737
07:25:24,2.525482893,3.42812705,2.310938597
07:25:24,2.525322437,3.428040743,2.311565876
07:25:24,2.525758266,3.428153515,2.311461926
07:25:24,2.525392771,3.428092241,2.310950756
07:25:24,2.52543807,3.428632498,2.312073469
07:25:24,2.525773048,3.429047585,2.311370611
07:25:24,2.525714636,3.428442478,2.310873032
07:25:24,2.525976181,3.428377867,2.312156677
07:25:24,2.525224209,3.428961992,2.311398983
07:25:24,2.52532506,3.428578138,2.310968637
07:25:24,2.52568388,3.428281784,2.311263323
07:25:24,2.525486469,3.4283638,2.31197834
07:25:24,2.526103735,3.428282976,2.311272144
07:25:24,2.525319338,3.428259134,2.311387777
07:25:24,2.524890661,3.428728342,2.310827017
07:25:24,2.525447369,3.428219318,2.310676098
07:25:24,2.524565697,3.428642273,2.311043739
07:25:24,2.525808096,3.428081512,2.311029673
07:25:24,2.525066376,3.429283381,2.309797287
07:25:24,2.525713444,3.428609848,2.309960604
07:25:24,2.525139332,3.428718567,2.31105876
07:25:24,2.525501966,3.428792715,2.312254667
07:25:24,2.52539897,3.428916454,2.31053853
07:25:24,2.525616407,3.428602457,2.311681271
07:25:24,2.524996042,3.428525925,2.311166286
07:25:24,2.525730133,3.428269386,2.311498404
07:25:24,2.524962187,3.428971291,2.311459541
07:25:24,2.525168419,3.428525925,2.310907125
07:25:25,2.525444984,3.428828955,2.310248613
07:25:25,2.525490284,3.42864418,2.310968161
07:25:25,2.524891853,3.429060221,2.311598539
07:25:25,2.525259495,3.428369045,2.310940504
07:25:25,2.525234222,3.428759575,2.311451435
07:25:25,2.525447369,3.428423882,2.312208891
07:25:25,2.525568485,3.429008245,2.310274124
07:25:25,2.526175022,3.427921534,2.312220573
07:25:25,2.52502799,3.428234816,2.311267853
07:25:25,2.525817394,3.428909302,2.311636925
07:25:25,2.525477409,3.428596973,2.311157465
07:25:25,2.526442766,3.428487062,2.311190844
07:25:25,2.525296211,3.429050922,2.310979366
07:25:25,2.524802923,3.428504229,2.310189009
07:25:25,2.524345398,3.428330183,2.311608791
07:25:25,2.525750637,3.428503036,2.311463118
07:25:25,2.52504468,3.428689241,2.310214281
07:25:25,2.525333166,3.428364992,2.311975241
07:25:25,2.525450945,3.428437948,2.311366796
07:25:25,2.5249722,3.428662062,2.310716629
07:25:25,2.524824381,3.428693771,2.310706615
07:25:25,2.525892973,3.428602457,2.311585665
07:25:25,2.525465488,3.428876638,2.310503006
07:25:25,2.525894165,3.428599596,2.311290503
07:25:25,2.52573657,3.428236723,2.312031507
07:25:25,2.524506569,3.42871356,2.31131506
07:25:25,2.52531743,3.428112268,2.309571266
07:25:25,2.524841309,3.42909503,2.310955286
07:25:25,2.525662899,3.428400278,2.311224222
07:25:25,2.525927544,3.428403854,2.311418772
07:25:25,2.525779724,3.428317785,2.311541557
07:25:25,2.525514603,3.428308249,2.312047482
07:25:25,2.525662184,3.428568363,2.310436726
07:25:25,2.526375055,3.429115772,2.311127186
07:25:25,2.525546074,3.428648472,2.311192989
07:25:25,2.525348663,3.428625107,2.309660196
07:25:25,2.524891376,3.428735495,2.311300278
07:25:25,2.525233746,3.428308249,2.31136632
07:25:25,2.525466681,3.428420305,2.310941696
07:25:25,2.525573969,3.42903614,2.311838865
07:25:25,2.525137901,3.428562641,2.312200785
07:25:25,2.525074959,3.428296804,2.310584784
07:25:25,2.525103807,3.428197384,2.310223579
07:25:25,2.526121616,3.428300142,2.311135054
07:25:25,2.525191307,3.42858386,2.310243845
07:25:25,2.525623798,3.428735495,2.310867071
07:25:25,2.525682211,3.428152323,2.31073308
07:25:25,2.525104284,3.42838645,2.310971737
07:25:25,2.52608037,3.428901911,2.311486959
07:25:25,2.525405645,3.428415775,2.311255932
07:25:25,2.525407076,3.428336143,2.31077075
07:25:25,2.525222063,3.428160429,2.310602903
07:25:25,2.524806738,3.428331375,2.311012268
07:25:25,2.526233673,3.428808928,2.311072111
07:25:25,2.52573514,3.428798199,2.311277151
07:25:25,2.525094271,3.428566217,2.310525656
07:25:25,2.52515769,3.428183079,2.310661554
07:25:25,2.525307417,3.428305626,2.311174631
07:25:25,2.525329828,3.428488493,2.310069799
07:25:25,2.524935961,3.428970814,2.312196732
07:25:25,2.525474072,3.428784609,2.310694695
07:25:25,2.525119305,3.428910494,2.311186075
07:25:25,2.525582314,3.428957462,2.311685562
07:25:25,2.525204897,3.427997351,2.312033176
07:25:25,2.525281668,3.428242445,2.311352015
07:25:25,2.525172949,3.428808212,2.309651613
07:25:25,2.525112629,3.428187609,2.310597181
07:25:25,2.525902271,3.428632021,2.31058836
07:25:25,2.525418758,3.428089857,2.310589552
07:25:25,2.524913549,3.428424358,2.310898304
07:25:25,2.525244236,3.42819953,2.311011791
07:25:25,2.525453329,3.428297758,2.311199427
07:25:25,2.525563478,3.42895031,2.311136484
07:25:25,2.525024176,3.428081036,2.311221361
07:25:25,2.525657654,3.428903818,2.310185194
07:25:25,2.525541782,3.428417683,2.311525822
07:25:25,2.526037455,3.428525209,2.31078124
07:25:25,2.525819778,3.428308249,2.310778856
07:25:25,2.525640011,3.428614616,2.311116934
07:25:25,2.526108503,3.428582191,2.310897112
07:25:25,2.525453806,3.42893672,2.311349154
07:25:25,2.525740147,3.428593874,2.311272621
07:25:25,2.525429487,3.428326368,2.31103158
07:25:25,2.525234938,3.42905736,2.312534094
07:25:25,2.526259422,3.428276777,2.311639547
07:25:25,2.525850773,3.428481102,2.311034679
07:25:25,2.525974274,3.427708864,2.310581446
07:25:25,2.525643587,3.429124594,2.310111046
07:25:25,2.525693417,3.428771257,2.310441494
07:25:25,2.52584219,3.428197384,2.311262608
07:25:25,2.524604797,3.428277731,2.311262608
07:25:25,2.525400162,3.428357601,2.311383724
07:25:25,2.525664806,3.428811789,2.310528517
07:25:25,2.526010036,3.428008795,2.310368299
07:25:25,2.525188684,3.429015875,2.310958385
07:25:25,2.525508165,3.428477287,2.311521053
07:25:25,2.52600503,3.42838788,2.310367823
07:25:25,2.524835587,3.428755283,2.310238123
07:25:25,2.524711847,3.428575993,2.311244011
07:25:25,2.524442434,3.428605556,2.3110888
07:25:25,2.525285244,3.429243326,2.310706139
07:25:25,2.525601864,3.42862463,2.311077356
07:25:25,2.525439739,3.427945852,2.311641932
07:25:25,2.524732828,3.42897296,2.311044455
07:25:25,2.525718927,3.427980423,2.310463428
07:25:25,2.525145292,3.42839551,2.311462641
07:25:25,2.525685549,3.429426193,2.311996937
07:25:25,2.52525425,3.427974224,2.311259747
07:25:25,2.525962114,3.428943634,2.31022954
07:25:25,2.525146484,3.428562641,2.311210394
07:25:25,2.52543211,3.428350449,2.311435699
07:25:25,2.525824547,3.428414822,2.310523272
07:25:25,2.525098324,3.427886963,2.311172724
07:25:25,2.5254848,3.428770542,2.311526537
07:25:25,2.525399446,3.428598881,2.311249256
07:25:26,2.525316238,3.428560257,2.310434818
07:25:26,2.525718927,3.428736687,2.311477184
07:25:26,2.525610685,3.42819953,2.312512636
07:25:26,2.525102139,3.4284935,2.311589479
07:25:26,2.525855541,3.427672386,2.310959101
07:25:26,2.524937391,3.428664446,2.311347961
07:25:26,2.525510073,3.428537846,2.311695576
07:25:26,2.525383711,3.428972483,2.309765577
07:25:26,2.525147915,3.427697897,2.31111598
07:25:26,2.525404453,3.428932428,2.311223269
07:25:26,2.525571108,3.427964449,2.311307907
07:25:26,2.525550604,3.428289175,2.311936855
07:25:26,2.525592566,3.428095818,2.310131311
07:25:26,2.526185751,3.427869558,2.310320616
07:25:26,2.525543928,3.428002596,2.310410738
07:25:26,2.525807142,3.428268194,2.310596466
07:25:26,2.52546978,3.428615093,2.31245923
07:25:26,2.525472641,3.42833066,2.310646296
07:25:26,2.525316238,3.428498983,2.311577082
07:25:26,2.525434971,3.428580999,2.311267376
07:25:26,2.525792837,3.428446054,2.310515165
07:25:26,2.524953842,3.428231478,2.311033726
07:25:26,2.525686741,3.428356886,2.310537815
07:25:26,2.525284052,3.428979397,2.311040878
07:25:26,2.526238441,3.428299427,2.311342955
07:25:26,2.525393963,3.428449869,2.31076622
07:25:26,2.525069237,3.428215981,2.311553478
07:25:26,2.52534318,3.428390265,2.310959578
07:25:26,2.525416374,3.428303003,2.311702967
07:25:26,2.525429964,3.428733587,2.310827732
07:25:26,2.526285172,3.428406715,2.312267065
07:25:26,2.525434494,3.428985834,2.310795546
07:25:26,2.525495291,3.428898335,2.31122613
07:25:26,2.525439262,3.428828478,2.310628891
07:25:26,2.525275707,3.428547621,2.31090045
07:25:26,2.525399446,3.428057194,2.310887575
07:25:26,2.525063276,3.428585052,2.311370134
07:25:26,2.525336742,3.428386927,2.311270237
07:25:26,2.525303841,3.428111076,2.310831308
07:25:26,2.525205612,3.428213596,2.311113596
07:25:26,2.525283337,3.428701401,2.310622215
07:25:26,2.525571108,3.428389788,2.310651779
07:25:26,2.525691032,3.428407431,2.311794043
07:25:26,2.52585125,3.428552151,2.311981678
07:25:26,2.525919199,3.428135633,2.311018229
07:25:26,2.525300503,3.428535461,2.311124563
07:25:26,2.525370121,3.428728104,2.310689449
07:25:26,2.525740147,3.428295135,2.310479403
07:25:26,2.525165796,3.428292751,2.310745001
07:25:26,2.525422812,3.428405046,2.311793566
07:25:26,2.525014162,3.428702354,2.311298609
07:25:26,2.525979519,3.428533792,2.311658859
07:25:26,2.525547028,3.428364992,2.310515881
07:25:26,2.525164127,3.428349257,2.311745882
07:25:26,2.525590897,3.428384066,2.31084156
07:25:26,2.525202513,3.428290844,2.310325861
07:25:26,2.525979996,3.428709269,2.311700583
07:25:26,2.524845362,3.428788662,2.31090498
07:25:26,2.525444984,3.428508282,2.310094118
07:25:26,2.525519371,3.428642988,2.311389208
07:25:26,2.525087118,3.42814064,2.312101603
07:25:26,2.525812626,3.428451538,2.310005188
07:25:26,2.525319338,3.428787708,2.310920238
07:25:26,2.525052786,3.428487539,2.310609102
07:25:26,2.525026321,3.428731441,2.310881138
07:25:26,2.525142908,3.4285326,2.311827898
07:25:26,2.52541995,3.428168297,2.311006546
07:25:26,2.526311636,3.428617954,2.311549425
07:25:26,2.525511265,3.428754568,2.311075211
07:25:26,2.525116682,3.428645849,2.311081409
07:25:26,2.525209665,3.428345442,2.311190844
07:25:26,2.525733709,3.428604364,2.310505867
07:25:26,2.52522254,3.428057909,2.311345816
07:25:26,2.525402784,3.428246021,2.311572075
07:25:26,2.524289608,3.428872585,2.310806751
07:25:26,2.525677443,3.428705931,2.311757565
07:25:26,2.525741339,3.428441286,2.311256409
07:25:26,2.525520563,3.428334951,2.310774088
07:25:26,2.525038481,3.428173542,2.310781717
07:25:26,2.525127888,3.428496361,2.311254025
07:25:26,2.525539875,3.428672314,2.311321259
07:25:26,2.525551081,3.428750515,2.311228991
07:25:26,2.525712729,3.428278923,2.311852217
07:25:26,2.525748968,3.428287029,2.311984062
07:25:26,2.525424957,3.428524733,2.311503172
07:25:26,2.525261164,3.428793192,2.311583281
07:25:26,2.525644302,3.428175926,2.310908318
07:25:26,2.524780989,3.428495169,2.311225414
07:25:26,2.524807453,3.428193331,2.310014486
07:25:26,2.525428534,3.428214312,2.31230998
07:25:26,2.525339127,3.427951574,2.311852217
07:25:26,2.525737762,3.428968906,2.312045574
07:25:26,2.524955511,3.428468466,2.311582088
07:25:26,2.525631428,3.428470135,2.310642958
07:25:26,2.525350332,3.428251743,2.311227798
07:25:26,2.525606155,3.428592682,2.31101346
07:25:26,2.525351286,3.428644657,2.311360121
07:25:26,2.526092052,3.428537369,2.311475277
07:25:26,2.525634289,3.428476572,2.312142611
07:25:26,2.525487661,3.428659201,2.311051846
07:25:26,2.526016712,3.428384542,2.309599876
07:25:26,2.525918245,3.427991629,2.311564207
07:25:26,2.525154114,3.427992344,2.311533213
07:25:26,2.525855541,3.428667307,2.311787844
07:25:26,2.526322842,3.428356409,2.311229706
07:25:26,2.525991678,3.428864956,2.311061144
07:25:26,2.524638176,3.428562164,2.310448885
07:25:26,2.525667429,3.428800106,2.312175274
07:25:26,2.526128292,3.428502083,2.31112957
07:25:26,2.525920391,3.428500175,2.311540842
07:25:26,2.526046276,3.428688526,2.311108589
07:25:26,2.526012897,3.428456306,2.31130743
07:25:26,2.525331259,3.428772926,2.310177803
07:25:26,2.525449038,3.427786589,2.310179472
07:25:26,2.526006699,3.428270102,2.311474562
07:25:26,2.52505517,3.428003073,2.311941147
07:25:26,2.525485992,3.427884102,2.310757875
07:25:26,2.525762558,3.428472996,2.311406851
07:25:26,2.525857925,3.428750515,2.311705112
07:25:27,2.525656939,3.428275585,2.311584473
07:25:27,2.525552988,3.428834915,2.310895443
07:25:27,2.525166512,3.428655863,2.311198711
07:25:27,2.526063919,3.428796768,2.311393261
07:25:27,2.525691032,3.428827524,2.311534405
07:25:27,2.52610898,3.429170132,2.310766697
07:25:27,2.525450945,3.428790808,2.312021732
07:25:27,2.525493622,3.428337812,2.311323881
07:25:27,2.525692701,3.42850256,2.311632156
07:25:27,2.525092125,3.42822957,2.311150789
07:25:27,2.526177406,3.428436756,2.31110692
07:25:27,2.525352955,3.428317785,2.310500145
07:25:27,2.525574923,3.429242849,2.310264111
07:25:27,2.525381565,3.428404331,2.311392784
07:25:27,2.525375366,3.428808928,2.310210466
07:25:27,2.525361776,3.428510666,2.310782433
07:25:27,2.52498126,3.42866683,2.311739922
07:25:27,2.525189638,3.428024054,2.311738968
07:25:27,2.52581501,3.428645849,2.311550617
07:25:27,2.52528882,3.4290452,2.310762644
07:25:27,2.525824547,3.429086924,2.311304569
07:25:27,2.525387764,3.428633213,2.311822414
07:25:27,2.525413275,3.428454638,2.310978651
07:25:27,2.525780439,3.427939415,2.311287642
07:25:27,2.525788546,3.428563833,2.311964989
07:25:27,2.52484417,3.428731918,2.312121153
07:25:27,2.525802851,3.427764416,2.31131959
07:25:27,2.525802135,3.428464413,2.311215878
07:25:27,2.52554512,3.428816557,2.311282396
07:25:27,2.525771856,3.428251743,2.311088324
07:25:27,2.525347948,3.428631306,2.310907125
07:25:27,2.525682211,3.428542376,2.31226182
07:25:27,2.525118113,3.428184748,2.310463428
07:25:27,2.52530694,3.428789616,2.310423374
07:25:27,2.524903059,3.42755127,2.311437607
07:25:27,2.525248289,3.428108215,2.31129241
07:25:27,2.525771856,3.428535461,2.311518431
07:25:27,2.524990559,3.429082155,2.311688662
07:25:27,2.52593708,3.428127527,2.311758757
07:25:27,2.525052071,3.428349257,2.3110919
07:25:27,2.525350332,3.42898035,2.311398983
07:25:27,2.524905682,3.428402662,2.311163902
07:25:27,2.525259972,3.429033756,2.310585976
07:25:27,2.524949789,3.428444862,2.310897827
07:25:27,2.525068045,3.429172277,2.311459064
07:25:27,2.525131702,3.428244352,2.311513424
07:25:27,2.52527523,3.428714275,2.311081409
07:25:27,2.525424957,3.428809404,2.310356617
07:25:27,2.525711536,3.428479195,2.310490847
07:25:27,2.525475264,3.428869963,2.310610294
07:25:27,2.525870085,3.428830624,2.31157279
07:25:27,2.525265932,3.42868042,2.311250448
07:25:27,2.525360346,3.428912878,2.310850382
07:25:27,2.525518894,3.42897296,2.31152463
07:25:27,2.525688648,3.428419113,2.310465097
07:25:27,2.525505304,3.429058313,2.310674906
07:25:27,2.525823832,3.428507805,2.311763763
07:25:27,2.525868177,3.428423882,2.311432838
07:25:27,2.524978399,3.428177357,2.309936047
07:25:27,2.525884151,3.428471804,2.311774492
07:25:27,2.526253223,3.428304434,2.311357498
07:25:27,2.525589705,3.42820549,2.311431646
07:25:27,2.525931597,3.428897858,2.311407804
07:25:27,2.525877237,3.428296089,2.310904026
07:25:27,2.525291681,3.428226948,2.312240839
07:25:27,2.524611235,3.428844929,2.311417818
07:25:27,2.525599718,3.428487062,2.312041044
07:25:27,2.525294542,3.428525925,2.311342955
07:25:27,2.52542448,3.428719759,2.310959578
07:25:27,2.526089907,3.428222179,2.31008482
07:25:27,2.525160551,3.42884779,2.310969353
07:25:27,2.525347948,3.428882837,2.310940504
07:25:27,2.525817394,3.428261995,2.310719013
07:25:27,2.525586605,3.428515911,2.311566591
07:25:27,2.525440454,3.428273678,2.310928583
07:25:27,2.524604082,3.428905487,2.310730219
07:25:27,2.525107622,3.428536654,2.310554028
07:25:27,2.525798082,3.428487062,2.311269045
07:25:27,2.526253223,3.427732468,2.311332941
07:25:27,2.525969028,3.428668022,2.311206341
07:25:27,2.525650024,3.42833066,2.311471224
07:25:27,2.525639296,3.428307772,2.311458349
07:25:27,2.525509357,3.428597927,2.3106215
07:25:27,2.525549889,3.427871943,2.311853886
07:25:27,2.525820255,3.42882514,2.311283588
07:25:27,2.525154114,3.427917957,2.311590195
07:25:27,2.525202036,3.428082705,2.311808825
07:25:27,2.525674105,3.428878784,2.311503887
07:25:27,2.525542974,3.428519726,2.311352015
07:25:27,2.526149035,3.4283216,2.31138587
07:25:27,2.525457382,3.428745985,2.310661554
07:25:27,2.525369406,3.428508759,2.310255527
07:25:27,2.524954557,3.428059101,2.311576366
07:25:27,2.525416374,3.428179502,2.311459064
07:25:27,2.525370121,3.428517103,2.311753988
07:25:27,2.525644302,3.428366184,2.311094999
07:25:27,2.525329828,3.428313017,2.310408831
07:25:27,2.525165796,3.42907238,2.311489582
07:25:27,2.526232004,3.428633213,2.31110239
07:25:27,2.525644779,3.428857565,2.312424183
07:25:27,2.525596142,3.428920984,2.312115908
07:25:27,2.525798082,3.428591013,2.311589003
07:25:27,2.52561903,3.428571224,2.311226606
07:25:27,2.525762558,3.428810596,2.31105876
07:25:27,2.525877237,3.428402662,2.309752703
07:25:27,2.525779724,3.428865433,2.31057024
07:25:27,2.525373697,3.42856884,2.312011719
07:25:27,2.525220871,3.428138256,2.311198711
07:25:27,2.525701523,3.428431034,2.311593294
07:25:27,2.525964975,3.428336859,2.31120038
07:25:27,2.525541067,3.428415775,2.312002659
07:25:27,2.525455713,3.428969622,2.312387705
07:25:27,2.525497675,3.428408146,2.310982943
07:25:27,2.52516222,3.428476095,2.311348677
07:25:27,2.525836706,3.428208113,2.31125474
07:25:27,2.525518894,3.428155899,2.311206341
07:25:27,2.525515318,3.428134918,2.310757399
07:25:27,2.526079893,3.429077625,2.311358929
07:25:27,2.525525331,3.427887917,2.311206341
07:25:28,2.525475264,3.428772449,2.310506344
07:25:28,2.525082111,3.428509951,2.312610626
07:25:28,2.526204586,3.428427696,2.311294794
07:25:28,2.525118828,3.428453445,2.309975624
07:25:28,2.524863005,3.429205418,2.312183142
07:25:28,2.52523613,3.428162098,2.310478687
07:25:28,2.525713444,3.428201199,2.310382843
07:25:28,2.52550149,3.429174185,2.31033802
07:25:28,2.525847435,3.42829442,2.311210394
07:25:28,2.525513172,3.428495646,2.31279254
07:25:28,2.526063919,3.428428411,2.311012983
07:25:28,2.525145292,3.428089857,2.311365128
07:25:28,2.525466204,3.427857399,2.309893131
07:25:28,2.525505781,3.429102421,2.311661005
07:25:28,2.526037455,3.428299427,2.311529636
07:25:28,2.525800467,3.427476168,2.311186075
07:25:28,2.525346518,3.429185867,2.31090045
07:25:28,2.525883675,3.42817831,2.311356306
07:25:28,2.525936365,3.428419113,2.311450243
07:25:28,2.525216579,3.428518534,2.311404467
07:25:28,2.525087118,3.428261518,2.311084509
07:25:28,2.525569677,3.428832531,2.31125164
07:25:28,2.526464701,3.428510666,2.311401606
07:25:28,2.526139021,3.428609848,2.310055971
07:25:28,2.52570653,3.428218126,2.310669184
07:25:28,2.525633097,3.427730322,2.311140776
07:25:28,2.52570343,3.428314686,2.31123662
07:25:28,2.525809288,3.429350376,2.310832262
07:25:28,2.525961399,3.427810192,2.311312675
07:25:28,2.525566101,3.42824769,2.311783075
07:25:28,2.525418282,3.42807126,2.311206818
07:25:28,2.525094271,3.42876935,2.311294794
07:25:28,2.525731325,3.428975344,2.310871363
07:25:28,2.525802851,3.428506136,2.310931683
07:25:28,2.525964975,3.42986846,2.311786175
07:25:28,2.525584459,3.428615808,2.311728001
07:25:28,2.526018381,3.428023577,2.311344624
07:25:28,2.524672747,3.428438425,2.311100721
07:25:28,2.525380611,3.428530931,2.312383652
07:25:28,2.525849581,3.427746773,2.311132193
07:25:28,2.525954485,3.428772449,2.311370134
07:25:28,2.525895357,3.428744793,2.310387373
07:25:28,2.525706053,3.428577185,2.311370611
07:25:28,2.524679899,3.428375006,2.310993195
07:25:28,2.525777578,3.429058075,2.311384678
07:25:28,2.526572227,3.42821002,2.311448336
07:25:28,2.525839567,3.428375959,2.311554909
07:25:28,2.525845051,3.428828955,2.31178236
07:25:28,2.525440454,3.428635597,2.311729908
07:25:28,2.525331259,3.428673506,2.311369419
07:25:28,2.525200844,3.428694963,2.310791254
07:25:28,2.525355339,3.428396225,2.312180996
07:25:28,2.52605176,3.428281784,2.310924292
07:25:28,2.524940968,3.428981066,2.311990023
07:25:28,2.525198936,3.429134369,2.310987234
07:25:28,2.525588989,3.428431034,2.310956478
07:25:28,2.525768757,3.428403854,2.311579704
07:25:28,2.525691509,3.428937435,2.311192513
07:25:28,2.525527716,3.428774118,2.31037569
07:25:28,2.525178194,3.428988457,2.310681343
07:25:28,2.525216579,3.428623438,2.312466621
07:25:28,2.525952578,3.428119898,2.3120327
07:25:28,2.525067329,3.428089857,2.31109333
07:25:28,2.525308132,3.427953959,2.310865402
07:25:28,2.525429964,3.428240538,2.310481548
07:25:28,2.526275873,3.42873311,2.310638905
07:25:28,2.524796247,3.427949905,2.311422586
07:25:28,2.52561307,3.428277254,2.311555624
07:25:28,2.525592089,3.428415298,2.311614275
07:25:28,2.525072098,3.428998947,2.311589479
07:25:28,2.525285721,3.428730249,2.311460733
07:25:28,2.525159836,3.427868366,2.311464787
07:25:28,2.525688648,3.428323984,2.311111927
07:25:28,2.526251554,3.428193331,2.311404467
07:25:28,2.525597811,3.428841352,2.311114788
07:25:28,2.525541782,3.428654194,2.310170412
07:25:28,2.525755882,3.428052902,2.310721397
07:25:28,2.525032997,3.428268194,2.311420202
07:25:28,2.525716066,3.428949118,2.310369492
07:25:28,2.525064945,3.428878307,2.311201096
07:25:28,2.525324583,3.428703547,2.310959578
07:25:28,2.525020599,3.428626299,2.311352015
07:25:28,2.525857925,3.428762674,2.31165123
07:25:28,2.525333166,3.428671837,2.31213975
07:25:28,2.525390148,3.427814245,2.31150794
07:25:28,2.525754929,3.428234339,2.310534477
07:25:28,2.525705814,3.42861414,2.310100317
07:25:28,2.525747776,3.428737164,2.311347008
07:25:28,2.525506973,3.428880453,2.311977863
07:25:28,2.524979591,3.429464817,2.310251951
07:25:28,2.525867939,3.428753376,2.311053753
07:25:28,2.526494265,3.428647041,2.310414076
07:25:28,2.526218653,3.428666115,2.31050086
07:25:28,2.525538683,3.428801775,2.311871767
07:25:28,2.525646448,3.428589821,2.311533928
07:25:28,2.52590847,3.427830696,2.310523748
07:25:28,2.525524139,3.428741217,2.311728001
07:25:28,2.525258303,3.42795229,2.312297583
07:25:28,2.524852991,3.428625822,2.311964989
07:25:28,2.524843931,3.428853273,2.311688662
07:25:28,2.525327921,3.428460121,2.311981678
07:25:28,2.525620222,3.428090334,2.311435223
07:25:28,2.525384665,3.42914176,2.311257839
07:25:28,2.525780916,3.428787708,2.311937571
07:25:28,2.526345491,3.428589821,2.311323881
07:25:28,2.526185751,3.428537369,2.311392069
07:25:28,2.525571108,3.428384066,2.310288191
07:25:28,2.525747776,3.428707838,2.311741114
07:25:28,2.525625229,3.428745985,2.31120801
07:25:28,2.525780439,3.428600788,2.310918093
07:25:28,2.52520895,3.428687572,2.311858654
07:25:28,2.52572608,3.428307772,2.311068535
07:25:28,2.525976181,3.428728342,2.311329365
07:25:28,2.525291681,3.428776026,2.310199261
07:25:28,2.525176287,3.428639889,2.311743498
07:25:28,2.525797367,3.428128004,2.311707497
07:25:29,2.525268316,3.428095818,2.311255217
07:25:29,2.525516987,3.428183556,2.310768366
07:25:29,2.525812149,3.428451061,2.310652971
07:25:29,2.525580883,3.428679705,2.309674263
07:25:29,2.525465012,3.429017544,2.311346531
07:25:29,2.525680542,3.428575993,2.309567213
07:25:29,2.525312185,3.428251028,2.311516047
07:25:29,2.525162935,3.428215981,2.311487675
07:25:29,2.52583456,3.428178787,2.311454296
07:25:29,2.525514603,3.428571224,2.310572147
07:25:29,2.525443316,3.428337336,2.311493874
07:25:29,2.524884224,3.428585052,2.311395645
07:25:29,2.526037455,3.428404331,2.311975718
07:25:29,2.525618315,3.428837776,2.311079741
07:25:29,2.525097609,3.428165674,2.310471773
07:25:29,2.525238514,3.429289103,2.311547279
07:25:29,2.525567293,3.428601265,2.312179327
07:25:29,2.525604725,3.428320408,2.310281992
07:25:29,2.525375366,3.428325653,2.310873032
07:25:29,2.525414467,3.428248167,2.311827421
07:25:29,2.525535822,3.42878294,2.312049627
07:25:29,2.525249481,3.428339005,2.311224937
07:25:29,2.525202513,3.428326368,2.311076164
07:25:29,2.525257111,3.428707838,2.310603857
07:25:29,2.525538206,3.42769146,2.311197042
07:25:29,2.525607347,3.428455591,2.311796427
07:25:29,2.525465488,3.428629637,2.311047792
07:25:29,2.525506496,3.428386927,2.311249256
07:25:29,2.52513814,3.428481102,2.31169939
07:25:29,2.525484085,3.427803278,2.310928583
07:25:29,2.526001692,3.428292036,2.310776472
07:25:29,2.525867462,3.428684235,2.311444044
07:25:29,2.525277853,3.428606033,2.311960459
07:25:29,2.525350332,3.428539515,2.312039375
07:25:29,2.525450945,3.428347111,2.311719656
07:25:29,2.525286436,3.427894354,2.310827017
07:25:29,2.524819374,3.42850256,2.310964346
07:25:29,2.525462151,3.428520918,2.311736584
07:25:29,2.525340319,3.428756475,2.311418056
07:25:29,2.525549412,3.428562641,2.311797619
07:25:29,2.525946379,3.428144693,2.311066151
07:25:29,2.525439739,3.428082228,2.311323166
07:25:29,2.525315046,3.428266764,2.310076237
07:25:29,2.525601864,3.428285837,2.310410023
07:25:29,2.52551651,3.428379297,2.310766697
07:25:29,2.525229454,3.428625107,2.309892416
07:25:29,2.525604725,3.428944111,2.311156034
07:25:29,2.52564311,3.428740025,2.311445236
07:25:29,2.525463581,3.428762674,2.3113904
07:25:29,2.525711536,3.428815365,2.310219526
07:25:29,2.525392771,3.428473711,2.310992479
07:25:29,2.525252819,3.428838015,2.309882641
07:25:29,2.525737286,3.428761959,2.311396837
07:25:29,2.525847673,3.42933774,2.312611341
07:25:29,2.525098324,3.428633213,2.31222868
07:25:29,2.52479434,3.42893672,2.311346531
07:25:29,2.525777578,3.428898811,2.310823917
07:25:29,2.524760008,3.428615093,2.310830593
07:25:29,2.525096655,3.428601265,2.311549425
07:25:29,2.525154591,3.428697348,2.310611725
07:25:29,2.525348663,3.428627968,2.311722517
07:25:29,2.525832653,3.428536654,2.310502052
07:25:29,2.525506496,3.42901516,2.311549425
07:25:29,2.52551198,3.428614616,2.311810017
07:25:29,2.525453806,3.428428888,2.310891628
07:25:29,2.525438547,3.428616285,2.310677767
07:25:29,2.525848389,3.428227425,2.311110497
07:25:29,2.525072575,3.428755283,2.311676264
07:25:29,2.524895191,3.428168297,2.311443329
07:25:29,2.525440931,3.428503036,2.311206341
07:25:29,2.525904179,3.428328276,2.311542034
07:25:29,2.525615215,3.428276777,2.311038494
07:25:29,2.524413347,3.428507328,2.311099529
07:25:29,2.525542259,3.428717852,2.310151577
07:25:29,2.525519371,3.428278208,2.311402082
07:25:29,2.525599003,3.428770542,2.311072588
07:25:29,2.525590897,3.428364277,2.310447216
07:25:29,2.525502682,3.428471327,2.311199903
07:25:29,2.524704456,3.428414822,2.311895609
07:25:29,2.525635242,3.427936316,2.312553883
07:25:29,2.526120663,3.428230762,2.311152458
07:25:29,2.525326967,3.428470135,2.31094408
07:25:29,2.525446892,3.429324389,2.311186552
07:25:29,2.525650501,3.428833008,2.312520266
07:25:29,2.525439262,3.428202391,2.311179638
07:25:29,2.525504112,3.428596258,2.310982943
07:25:29,2.525475264,3.428283453,2.3121171
07:25:29,2.525695562,3.42924571,2.310116291
07:25:29,2.525520086,3.428616285,2.309884548
07:25:29,2.525287628,3.428940058,2.310166597
07:25:29,2.525994301,3.428919792,2.310261726
07:25:29,2.525620699,3.428922176,2.310791731
07:25:29,2.524820328,3.428526878,2.31222105
07:25:29,2.526327372,3.428293943,2.311039686
07:25:29,2.525234938,3.428874254,2.310836315
07:25:29,2.524971247,3.428478718,2.310857773
07:25:29,2.525935888,3.428564548,2.310395479
07:25:29,2.525814533,3.429160833,2.311347961
07:25:29,2.525212049,3.428893089,2.310240507
07:25:29,2.525340796,3.428876162,2.311273813
07:25:29,2.525056839,3.42866683,2.311738491
07:25:29,2.525552273,3.428115368,2.310870171
07:25:29,2.525296211,3.428879976,2.312149525
07:25:29,2.525460243,3.428772926,2.311635017
07:25:29,2.525042295,3.429098129,2.310634136
07:25:29,2.525005341,3.428816557,2.310671568
07:25:29,2.525441647,3.428366899,2.310185194
07:25:29,2.526110888,3.428471327,2.311514616
07:25:29,2.525516987,3.42848897,2.31065011
07:25:29,2.52586937,3.428431511,2.310369968
07:25:29,2.524560213,3.428146362,2.311179638
07:25:29,2.525517702,3.428044796,2.311850548
07:25:29,2.524986506,3.428402662,2.310806751
07:25:29,2.525243759,3.428287506,2.312597513
07:25:29,2.525238514,3.429109335,2.311461449
07:25:29,2.525139332,3.428710461,2.311458349
07:25:29,2.526283026,3.428030252,2.31080842
07:25:29,2.525541782,3.428328276,2.31200099
07:25:29,2.525537491,3.428363085,2.311641216
07:25:30,2.525103807,3.428786993,2.310475588
07:25:30,2.524768114,3.428250551,2.31140089
07:25:30,2.526117325,3.428437948,2.311318874
07:25:30,2.525768042,3.428882837,2.311581612
07:25:30,2.524961472,3.428682327,2.310990334
07:25:30,2.525506973,3.428103209,2.310625315
07:25:30,2.52504468,3.42820549,2.311110497
07:25:30,2.525115013,3.428587675,2.310873508
07:25:30,2.525419474,3.428940535,2.311017513
07:25:30,2.525656939,3.428697348,2.312326193
07:25:30,2.525708437,3.428363085,2.311769247
07:25:30,2.525146484,3.428456306,2.311296463
07:25:30,2.525803328,3.428715944,2.312456608
07:25:30,2.525515795,3.428548098,2.311772585
07:25:30,2.525327921,3.428942442,2.311453104
07:25:30,2.525309801,3.428417683,2.3107481
07:25:30,2.525428534,3.427736998,2.311661005
07:25:30,2.525466204,3.42857933,2.311149359
07:25:30,2.525708437,3.428454638,2.311283588
07:25:30,2.52492094,3.428207636,2.311136246
07:25:30,2.524851322,3.428247213,2.311032057
07:25:30,2.525343657,3.428233624,2.310749292
07:25:30,2.525189638,3.428748131,2.31128931
07:25:30,2.525183439,3.428720474,2.311014652
07:25:30,2.525431871,3.428370237,2.311777353
07:25:30,2.525258303,3.429035664,2.312352419
07:25:30,2.525080204,3.428320408,2.310908318
07:25:30,2.524898767,3.428570032,2.311582088
07:25:30,2.52570343,3.428328276,2.312386036
07:25:30,2.525277138,3.42831707,2.311578274
07:25:30,2.525251627,3.428847075,2.311667442
07:25:30,2.5252285,3.428846598,2.310336351
07:25:30,2.525316238,3.428313017,2.311287642
07:25:30,2.525650024,3.428650618,2.310674191
07:25:30,2.525604248,3.428715944,2.311574697
07:25:30,2.525143385,3.428830147,2.310508728
07:25:30,2.52628994,3.428889751,2.312416077
07:25:30,2.524987698,3.428605556,2.311554909
07:25:30,2.525546074,3.428509951,2.311623335
07:25:30,2.52486062,3.428261995,2.311358929
07:25:30,2.525230885,3.428337812,2.311026096
07:25:30,2.525482893,3.428054094,2.31088233
07:25:30,2.525565624,3.428675413,2.310796261
07:25:30,2.525572777,3.428173542,2.31298995
07:25:30,2.525656462,3.428444862,2.310694695
07:25:30,2.525198936,3.428581715,2.3119452
07:25:30,2.52519083,3.429179192,2.310422897
07:25:30,2.525111198,3.428611755,2.311463118
07:25:30,2.525303364,3.428636789,2.311950922
07:25:30,2.525954485,3.428054094,2.311503172
07:25:30,2.525529861,3.428341389,2.311553001
07:25:30,2.525455713,3.428638697,2.31140399
07:25:30,2.525630236,3.428418636,2.310730219
07:25:30,2.52528882,3.428874254,2.311733246
07:25:30,2.524866581,3.428239346,2.310876846
07:25:30,2.5249722,3.428235531,2.311808109
07:25:30,2.525625944,3.428155899,2.312046766
07:25:30,2.525799274,3.427597761,2.311205864
07:25:30,2.52483964,3.428531408,2.31072402
07:25:30,2.525161743,3.429234982,2.311291218
07:25:30,2.525098324,3.428398609,2.310102701
07:25:30,2.525288105,3.429001331,2.311803818
07:25:30,2.525474072,3.427984715,2.311370134
07:25:30,2.525703907,3.42871213,2.31137991
07:25:30,2.525323868,3.427979946,2.311971664
07:25:30,2.525146484,3.428226948,2.312098503
07:25:30,2.52564311,3.42848897,2.311458349
07:25:30,2.525261641,3.428384066,2.311647177
07:25:30,2.525206089,3.428535461,2.310945988
07:25:30,2.525673389,3.428241968,2.31193161
07:25:30,2.525945663,3.428267717,2.310742378
07:25:30,2.52508831,3.428372622,2.311300993
07:25:30,2.525204897,3.428954601,2.311834812
07:25:30,2.525710821,3.428188086,2.311762094
07:25:30,2.525273323,3.42795229,2.311607838
07:25:30,2.525362968,3.429258108,2.311211586
07:25:30,2.525103092,3.428393126,2.311400414
07:25:30,2.525144577,3.428312302,2.312145472
07:25:30,2.525692225,3.4285326,2.311130047
07:25:30,2.525444508,3.429393768,2.311827421
07:25:30,2.52527523,3.428752184,2.311730146
07:25:30,2.525399446,3.429256916,2.31188488
07:25:30,2.525963783,3.429098606,2.311332941
07:25:30,2.525352001,3.428838968,2.311296463
07:25:30,2.525312185,3.428682327,2.310828924
07:25:30,2.525840998,3.428297758,2.311489105
07:25:30,2.525691509,3.428678036,2.311192513
07:25:30,2.524804831,3.42876935,2.311628103
07:25:30,2.525867939,3.428627491,2.3123734
07:25:30,2.525414467,3.428268194,2.310333967
07:25:30,2.525375366,3.429159641,2.311172247
07:25:30,2.526320219,3.428244352,2.311149359
07:25:30,2.525792837,3.428130865,2.312102556
07:25:30,2.52539134,3.428125858,2.310513258
07:25:30,2.525698423,3.428527832,2.311640024
07:25:30,2.52500701,3.428272486,2.311282873
07:25:30,2.525758982,3.428740501,2.311575413
07:25:30,2.525400162,3.429044008,2.310759068
07:25:30,2.525439739,3.428494692,2.312069416
07:25:30,2.525292873,3.428731918,2.311753511
07:25:30,2.525267124,3.428692818,2.310660362
07:25:30,2.525863886,3.428610563,2.311538219
07:25:30,2.525596142,3.42820549,2.311737299
07:25:30,2.52579546,3.428600073,2.310667753
07:25:30,2.525148153,3.428297758,2.310687542
07:25:30,2.525344849,3.428645372,2.311734915
07:25:30,2.525205612,3.428822041,2.311734915
07:25:30,2.525827408,3.428734779,2.311662912
07:25:30,2.525325775,3.428341389,2.310216665
07:25:30,2.525352001,3.428648472,2.311577559
07:25:30,2.525532961,3.428955078,2.310796261
07:25:30,2.525600195,3.428630114,2.312119484
07:25:30,2.525816202,3.42841363,2.311195374
07:25:30,2.525853872,3.428489685,2.311799526
07:25:30,2.525440931,3.428501368,2.310817719
07:25:31,2.5262115,3.428993702,2.311561108
07:25:31,2.525271177,3.428674221,2.311891556
07:25:31,2.525822163,3.428929567,2.310715437
07:25:31,2.525272846,3.428708076,2.311367512
07:25:31,2.525882959,3.428512812,2.31192255
07:25:31,2.525722504,3.428866148,2.311846018
07:25:31,2.525239229,3.428994894,2.310481071
07:25:31,2.525198698,3.42835784,2.311075926
07:25:31,2.524465322,3.428768158,2.310871363
07:25:31,2.52585268,3.428931236,2.311694384
07:25:31,2.525156975,3.428077221,2.311660528
07:25:31,2.525388241,3.428667307,2.310837984
07:25:31,2.524955988,3.428662062,2.311138868
07:25:31,2.525681734,3.428774118,2.31093502
07:25:31,2.525150061,3.429365396,2.311087847
07:25:31,2.525438547,3.428254128,2.311612368
07:25:31,2.525854349,3.428295612,2.311506748
07:25:31,2.525687218,3.428543568,2.310526133
07:25:31,2.526235342,3.428198338,2.311334133
07:25:31,2.525706053,3.428189754,2.311765909
07:25:31,2.525705099,3.428119898,2.311082125
07:25:31,2.525518179,3.428734303,2.311961889
07:25:31,2.526132345,3.428180695,2.311388731
07:25:31,2.525098801,3.42849803,2.310939312
07:25:31,2.525746584,3.428851128,2.311796427
07:25:31,2.525758982,3.428214312,2.311208725
07:25:31,2.526144505,3.428738117,2.311868668
07:25:31,2.525594473,3.428565741,2.31140399
07:25:31,2.525723219,3.428112268,2.311317205
07:25:31,2.525705814,3.428173542,2.311370134
07:25:31,2.525380611,3.428575277,2.311340332
07:25:31,2.524994135,3.428089857,2.312136173
07:25:31,2.525576115,3.42876029,2.311480999
07:25:31,2.525198936,3.428572416,2.312142611
07:25:31,2.52558279,3.428800583,2.310505867
07:25:31,2.524838448,3.42855978,2.311309099
07:25:31,2.525636435,3.428730726,2.311011791
07:25:31,2.525487661,3.428554535,2.312039375
07:25:31,2.525080204,3.428836584,2.311626911
07:25:31,2.525137186,3.428435087,2.311344624
07:25:31,2.525796413,3.42847538,2.311624527
07:25:31,2.525288105,3.42847085,2.310474396
07:25:31,2.525836706,3.428529024,2.311701059
07:25:31,2.52571559,3.428277254,2.310876846
07:25:31,2.525678158,3.428673029,2.312067032
07:25:31,2.524976492,3.428394318,2.311279535
07:25:31,2.525651693,3.428621054,2.312001467
07:25:31,2.525402784,3.428469658,2.311359644
07:25:31,2.525614738,3.428448677,2.31166625
07:25:31,2.525827408,3.428589821,2.310941696
07:25:31,2.525984287,3.428131342,2.3111763
07:25:31,2.525906563,3.428278208,2.310303926
07:25:31,2.52560854,3.428364992,2.311074734
07:25:31,2.525320292,3.428640604,2.310869455
07:25:31,2.525847673,3.428740025,2.310447931
07:25:31,2.525179148,3.428184748,2.311638117
07:25:31,2.525370121,3.428780556,2.310981035
07:25:31,2.525895357,3.42833066,2.311051846
07:25:31,2.525904655,3.428931236,2.311201096
07:25:31,2.52573514,3.428651094,2.311224937
07:25:31,2.524969578,3.428707838,2.31080842
07:25:31,2.526138306,3.428834915,2.310374498
07:25:31,2.525597811,3.428890944,2.311273813
07:25:31,2.525439739,3.42871356,2.310679674
07:25:31,2.526232004,3.428120613,2.310717821
07:25:31,2.524973869,3.427950382,2.310560465
07:25:31,2.525295734,3.428906202,2.311493874
07:25:31,2.525830984,3.428487539,2.311335325
07:25:31,2.525115013,3.428008795,2.311263323
07:25:31,2.525276423,3.428038359,2.310106754
07:25:31,2.525337934,3.42896843,2.312268734
07:25:31,2.525944471,3.428414822,2.310359001
07:25:31,2.525239944,3.427845955,2.310678482
07:25:31,2.525678635,3.4282372,2.310665369
07:25:31,2.525818586,3.428442478,2.312022924
07:25:31,2.525114298,3.428839445,2.311890602
07:25:31,2.525448084,3.428416491,2.311168432
07:25:31,2.525374889,3.428830624,2.31161046
07:25:31,2.525833845,3.429230213,2.310865879
07:25:31,2.525072098,3.428641081,2.311104298
07:25:31,2.525447369,3.428636789,2.309959888
07:25:31,2.5257442,3.428952694,2.312166452
07:25:31,2.525859594,3.428007364,2.310450792
07:25:31,2.524918556,3.429134369,2.310513735
07:25:31,2.525304556,3.428192616,2.311029673
07:25:31,2.52558136,3.428166151,2.311960936
07:25:31,2.525822639,3.428793907,2.311151981
07:25:31,2.525265932,3.428790808,2.31118083
07:25:31,2.526189327,3.428710461,2.311416626
07:25:31,2.524858475,3.42848897,2.30982852
07:25:31,2.525161028,3.428860188,2.310735941
07:25:31,2.52543807,3.428603649,2.310846329
07:25:31,2.525064468,3.428448677,2.310906649
07:25:31,2.525247812,3.429106712,2.310597181
07:25:31,2.525394678,3.429215193,2.31084919
07:25:31,2.526121378,3.428981543,2.311434031
07:25:31,2.524276733,3.428759575,2.310888529
07:25:31,2.525129318,3.428765059,2.311615467
07:25:31,2.525670528,3.428415298,2.311179638
07:25:31,2.52595377,3.429015875,2.311234951
07:25:31,2.525609016,3.428077221,2.311286688
07:25:31,2.525391579,3.428608656,2.311968327
07:25:31,2.525686026,3.428612947,2.311779976
07:25:31,2.525073767,3.428729057,2.311688662
07:25:31,2.525355339,3.428472519,2.311826706
07:25:31,2.525531769,3.428571939,2.310863972
07:25:31,2.525677443,3.428447962,2.311239958
07:25:31,2.525503635,3.428455114,2.311383009
07:25:31,2.525528193,3.427989006,2.311905622
07:25:31,2.525274038,3.428063393,2.310985088
07:25:31,2.525275707,3.429032564,2.311622143
07:25:31,2.525943756,3.427742481,2.310371637
07:25:31,2.525693417,3.428465605,2.310784578
07:25:31,2.525323868,3.428708076,2.31106925
07:25:31,2.525409937,3.428376675,2.31196785
07:25:31,2.525764227,3.428287506,2.311489105
07:25:31,2.525344849,3.428219795,2.310864687
07:25:31,2.52594924,3.428326368,2.310564518
07:25:31,2.52555728,3.428780556,2.311089516
07:25:32,2.525716543,3.428775311,2.311053038
07:25:32,2.526200294,3.428268909,2.311307907
07:25:32,2.525371313,3.428287983,2.310976982
07:25:32,2.525827408,3.428519726,2.311187029
07:25:32,2.52577877,3.428968906,2.310891628
07:25:32,2.524755239,3.428403139,2.311138868
07:25:32,2.525518894,3.428437948,2.310269117
07:25:32,2.525857449,3.428784132,2.310865879
07:25:32,2.525366068,3.428029776,2.310949564
07:25:32,2.525502682,3.429050922,2.310551167
07:25:32,2.525754929,3.428910017,2.311160326
07:25:32,2.525271654,3.428621054,2.311365128
07:25:32,2.52609992,3.428510666,2.311115265
07:25:32,2.525789738,3.428737879,2.310280085
07:25:32,2.525431871,3.428406715,2.311114788
07:25:32,2.525354147,3.427856922,2.310336828
07:25:32,2.525794744,3.428315401,2.310425758
07:25:32,2.525944471,3.428729057,2.31120348
07:25:32,2.525683403,3.428166866,2.310038567
07:25:32,2.525770664,3.427974224,2.311446428
07:25:32,2.525672913,3.428661585,2.31079793
07:25:32,2.525485277,3.427947044,2.310498476
07:25:32,2.525901794,3.427930832,2.311272144
07:25:32,2.525415182,3.429235458,2.311092615
07:25:32,2.525797129,3.427783012,2.312097311
07:25:32,2.525566101,3.428468943,2.311912537
07:25:32,2.525640488,3.428371429,2.310783625
07:25:32,2.525431156,3.428323269,2.31140399
07:25:32,2.525369406,3.428059816,2.311000824
07:25:32,2.525761843,3.428217173,2.311570883
07:25:32,2.525611877,3.428730249,2.310896158
07:25:32,2.525475264,3.428238153,2.310920238
07:25:32,2.525872469,3.429035664,2.312081814
07:25:32,2.525446177,3.42844367,2.311539173
07:25:32,2.525599718,3.428870678,2.310943365
07:25:32,2.525621891,3.428717136,2.310329437
07:25:32,2.525741816,3.428529739,2.310738802
07:25:32,2.525506973,3.428782225,2.310853243
07:25:32,2.52568984,3.429258108,2.311300993
07:25:32,2.525548697,3.42881012,2.310934067
07:25:32,2.5256598,3.428872585,2.311913729
07:25:32,2.525556803,3.428480387,2.311902285
07:25:32,2.525443316,3.428820372,2.310818911
07:25:32,2.525747776,3.427791595,2.31086278
07:25:32,2.525529385,3.428416967,2.311930656
07:25:32,2.524553299,3.42865634,2.310853958
07:25:32,2.525909662,3.428189754,2.311615944
07:25:32,2.526000023,3.428447723,2.31112504
07:25:32,2.525993109,3.42804718,2.311636925
07:25:32,2.525290966,3.428743362,2.31274581
07:25:32,2.525624275,3.428727388,2.311900616
07:25:32,2.525574446,3.428322792,2.311801434
07:25:32,2.525354862,3.42826438,2.310908318
07:25:32,2.525273323,3.428653479,2.311683655
07:25:32,2.525966167,3.428460121,2.311891556
07:25:32,2.525741339,3.428788662,2.3106637
07:25:32,2.525653601,3.4283216,2.311730862
07:25:32,2.525259018,3.428128004,2.310513258
07:25:32,2.525630236,3.428627968,2.310959101
07:25:32,2.525255442,3.42948699,2.311007023
07:25:32,2.525685549,3.428606033,2.311696529
07:25:32,2.525318623,3.428319216,2.311718702
07:25:32,2.525974274,3.428371429,2.312052488
07:25:32,2.525419474,3.427849293,2.311149359
07:25:32,2.526324034,3.428596258,2.310384512
07:25:32,2.525224924,3.428059101,2.311227798
07:25:32,2.525381088,3.428589344,2.311593771
07:25:32,2.525312662,3.428786993,2.310922384
07:25:32,2.525372982,3.428925514,2.311019421
07:25:32,2.52512002,3.428748131,2.312258244
07:25:32,2.525924206,3.428086042,2.310801983
07:25:32,2.525842667,3.428612232,2.311063528
07:25:32,2.525697947,3.429018497,2.311094999
07:25:32,2.525989056,3.428699017,2.31186676
07:25:32,2.52566576,3.428663254,2.311132669
07:25:32,2.526068211,3.428490877,2.311812162
07:25:32,2.525359154,3.428124666,2.312106609
07:25:32,2.525547504,3.427839518,2.310750008
07:25:32,2.525590897,3.428415298,2.309870958
07:25:32,2.525961399,3.428384066,2.311443329
07:25:32,2.525083303,3.428318024,2.311633825
07:25:32,2.525789261,3.428292751,2.310907125
07:25:32,2.525646448,3.42851758,2.311196566
07:25:32,2.525847435,3.428552151,2.310698748
07:25:32,2.524872541,3.428750992,2.311757565
07:25:32,2.525775433,3.428456783,2.310090065
07:25:32,2.52585125,3.428540707,2.310503483
07:25:32,2.525244951,3.428334951,2.311411381
07:25:32,2.524930954,3.429046392,2.311451912
07:25:32,2.525620699,3.428155899,2.311082125
07:25:32,2.525292873,3.428547621,2.311074018
07:25:32,2.526253223,3.428693771,2.310803175
07:25:32,2.525227785,3.428539991,2.311493874
07:25:32,2.52572608,3.427930355,2.311179638
07:25:32,2.52644968,3.428878307,2.311797142
07:25:32,2.526150227,3.428536177,2.311195374
07:25:32,2.525864363,3.428675413,2.310799122
07:25:32,2.52568984,3.428771257,2.31193018
07:25:32,2.52515173,3.428534508,2.311047077
07:25:32,2.526165247,3.429191589,2.310974598
07:25:32,2.526381969,3.429007292,2.310801983
07:25:32,2.52500248,3.428666115,2.311165094
07:25:32,2.525748968,3.428501368,2.3110044
07:25:32,2.525064468,3.428678513,2.311018705
07:25:32,2.525209665,3.428982258,2.310644627
07:25:32,2.525552273,3.428281069,2.31166172
07:25:32,2.525657654,3.427975416,2.311763763
07:25:32,2.525340319,3.428828955,2.310584307
07:25:32,2.525004864,3.428641081,2.311576366
07:25:32,2.525831461,3.429317713,2.310559988
07:25:32,2.525620222,3.429011106,2.310842276
07:25:32,2.525740147,3.428278923,2.31058526
07:25:32,2.525407791,3.428346634,2.311175108
07:25:32,2.52579093,3.42822051,2.311072111
07:25:32,2.52586174,3.428169966,2.311408997
07:25:32,2.525730848,3.428730726,2.312217474
07:25:32,2.526231527,3.427762032,2.310929298
07:25:32,2.525424957,3.428302526,2.311184883
07:25:32,2.525650024,3.428845406,2.311016321
07:25:33,2.525387049,3.428332567,2.311669588
07:25:33,2.52560091,3.428301811,2.311019897
07:25:33,2.525443316,3.428542376,2.310814857
07:25:33,2.525787354,3.428854465,2.311444044
07:25:33,2.525807142,3.428684711,2.310791254
07:25:33,2.525227785,3.428915262,2.310950756
07:25:33,2.525171757,3.428248167,2.311979055
07:25:33,2.525110006,3.428165674,2.311196566
07:25:33,2.525686026,3.428357601,2.311538696
07:25:33,2.524739504,3.428533316,2.311252832
07:25:33,2.525568485,3.428833008,2.311903477
07:25:33,2.52621913,3.428307772,2.310468674
07:25:33,2.525681734,3.428331375,2.310214996
07:25:33,2.525551081,3.428817749,2.311794043
07:25:33,2.525561094,3.428555965,2.310921192
07:25:33,2.525529861,3.42888689,2.311136246
07:25:33,2.525876284,3.428401947,2.311252832
07:25:33,2.525457382,3.429030895,2.310060263
07:25:33,2.525147915,3.428778887,2.311239481
07:25:33,2.525116205,3.428446054,2.311101198
07:25:33,2.525870085,3.428733587,2.311187506
07:25:33,2.525252342,3.428638697,2.312298298
07:25:33,2.526032925,3.428589344,2.310077906
07:25:33,2.525273323,3.429037333,2.31078124
07:25:33,2.526011229,3.428336859,2.311108589
07:25:33,2.525653124,3.428062677,2.310190678
07:25:33,2.526419401,3.428066254,2.31188035
07:25:33,2.52546978,3.428503036,2.310605764
07:25:33,2.525902987,3.428253412,2.311367512
07:25:33,2.525999069,3.428709745,2.310562372
07:25:33,2.525303841,3.428116083,2.311126709
07:25:33,2.526375294,3.429177761,2.310926437
07:25:33,2.525439739,3.429155827,2.311080217
07:25:33,2.526078701,3.428427458,2.311389208
07:25:33,2.525143385,3.428452253,2.312103033
07:25:33,2.525688648,3.42851162,2.310337305
07:25:33,2.525519371,3.428351164,2.311078548
07:25:33,2.526065111,3.428506136,2.31024003
07:25:33,2.525198936,3.428560257,2.311544895
07:25:33,2.526413441,3.428616285,2.311242819
07:25:33,2.524966478,3.428589344,2.310709238
07:25:33,2.525110483,3.428572416,2.311161041
07:25:33,2.524742842,3.428393126,2.310588837
07:25:33,2.526083231,3.428245544,2.310978174
07:25:33,2.525411844,3.428763866,2.310502052
07:25:33,2.525290012,3.428586245,2.311294079
07:25:33,2.525914669,3.428375959,2.311746597
07:25:33,2.525562763,3.428253412,2.310677767
07:25:33,2.525516987,3.428304434,2.311119795
07:25:33,2.525802851,3.428730249,2.311180115
07:25:33,2.525580168,3.42862916,2.31087184
07:25:33,2.525621414,3.428455114,2.311304569
07:25:33,2.525354147,3.428145885,2.310837984
07:25:33,2.525213718,3.428843737,2.310864449
07:25:33,2.525674105,3.428391933,2.31125474
07:25:33,2.525305033,3.428903103,2.310693741
07:25:33,2.525444984,3.42871666,2.311546087
07:25:33,2.526007175,3.428715467,2.310823917
07:25:33,2.524926901,3.428323269,2.311516047
07:25:33,2.525641441,3.428273201,2.311288118
07:25:33,2.525794744,3.42851162,2.309879065
07:25:33,2.526065826,3.428074121,2.311827421
07:25:33,2.525285244,3.428661585,2.31179285
07:25:33,2.525370836,3.428203583,2.311018705
07:25:33,2.525015354,3.428152323,2.310321093
07:25:33,2.525836229,3.428380013,2.311405659
07:25:33,2.526210308,3.428855658,2.310795069
07:25:33,2.52590704,3.428515911,2.310715437
07:25:33,2.525862455,3.428521395,2.312196016
07:25:33,2.525734186,3.428970814,2.311017036
07:25:33,2.526405573,3.428545952,2.310603857
07:25:33,2.525995493,3.428805351,2.310139418
07:25:33,2.526047468,3.429038525,2.31073761
07:25:33,2.52542448,3.428888559,2.311381817
07:25:33,2.526001215,3.429007769,2.311738491
07:25:33,2.525582314,3.428678513,2.311617613
07:25:33,2.525140047,3.42931819,2.310272932
07:25:33,2.525679827,3.429054976,2.311663866
07:25:33,2.525872469,3.428785801,2.310830116
07:25:33,2.525110483,3.428168297,2.3111763
07:25:33,2.525514603,3.428509474,2.310932159
07:25:33,2.525786638,3.428893805,2.31112957
07:25:33,2.525597811,3.428664923,2.310873508
07:25:33,2.525170803,3.42934823,2.311056376
07:25:33,2.525985479,3.428548574,2.311100721
07:25:33,2.526046991,3.428478241,2.311648369
07:25:33,2.525428057,3.428349257,2.31134367
07:25:33,2.525574446,3.428013563,2.310908318
07:25:33,2.52528286,3.428678513,2.310461283
07:25:33,2.524716139,3.427985191,2.311683178
07:25:33,2.525629044,3.428523779,2.312180519
07:25:33,2.525658607,3.428724527,2.310609102
07:25:33,2.525819302,3.429134846,2.311144114
07:25:33,2.525526524,3.42819047,2.311553001
07:25:33,2.525512695,3.428362608,2.311474085
07:25:33,2.525586605,3.428297758,2.311337471
07:25:33,2.52565527,3.428721666,2.311255932
07:25:33,2.525744915,3.428481579,2.311330557
07:25:33,2.525753736,3.429125071,2.311698437
07:25:33,2.52482605,3.428123951,2.311338663
07:25:33,2.525112629,3.42868042,2.311085939
07:25:33,2.526007891,3.428097486,2.311183214
07:25:33,2.525745392,3.428454638,2.311943531
07:25:33,2.525313854,3.428608179,2.310022116
07:25:33,2.525711536,3.428678036,2.310919523
07:25:33,2.525323153,3.428573132,2.311351061
07:25:33,2.525479078,3.428568363,2.31139636
07:25:33,2.525863886,3.428927422,2.310007572
07:25:33,2.525387049,3.428196907,2.311608315
07:25:33,2.525523424,3.428828001,2.311569214
07:25:33,2.525341272,3.428309441,2.311571598
07:25:33,2.525178194,3.428525209,2.309779644
07:25:33,2.52508831,3.428674698,2.311949253
07:25:33,2.525305033,3.428988457,2.310691357
07:25:33,2.525783539,3.428487539,2.312441826
07:25:33,2.525784254,3.428457499,2.309953928
07:25:34,2.525308132,3.428527832,2.31077075
07:25:34,2.525538206,3.428452253,2.310180187
07:25:34,2.525946379,3.428125858,2.311003208
07:25:34,2.525456905,3.428739309,2.310727835
07:25:34,2.525386572,3.428186417,2.310757875
07:25:34,2.524991274,3.429020882,2.311615467
07:25:34,2.525377035,3.428181171,2.312082767
07:25:34,2.525677443,3.429012299,2.311807156
07:25:34,2.525399446,3.428155899,2.311104298
07:25:34,2.525962591,3.428412914,2.311019897
07:25:34,2.525363684,3.428389788,2.311064243
07:25:34,2.525646925,3.42901969,2.311128855
07:25:34,2.525120497,3.42865181,2.310768366
07:25:34,2.525924206,3.42828846,2.311548948
07:25:34,2.525438547,3.428526402,2.310221195
07:25:34,2.524926901,3.428436756,2.310358286
07:25:34,2.525805235,3.428985834,2.311109781
07:25:34,2.525085688,3.428201199,2.310461998
07:25:34,2.525195122,3.427919865,2.31128931
07:25:34,2.525214911,3.428674221,2.312242508
07:25:34,2.525666475,3.428296089,2.312128067
07:25:34,2.52583766,3.42840147,2.311222553
07:25:34,2.525731325,3.428834915,2.310427427
07:25:34,2.525520563,3.428668022,2.311276197
07:25:34,2.525928259,3.428541899,2.310452938
07:25:34,2.525319338,3.427850485,2.310794115
07:25:34,2.525681019,3.428171873,2.311360598
07:25:34,2.525741816,3.427769661,2.310964346
07:25:34,2.52518034,3.428939581,2.310474873
07:25:34,2.525793552,3.428356409,2.310878754
07:25:34,2.525631428,3.428785801,2.310571432
07:25:34,2.52500701,3.428815365,2.311393976
07:25:34,2.52501893,3.428588152,2.31093502
07:25:34,2.525807142,3.429152012,2.31133604
07:25:34,2.525126219,3.428496838,2.310748816
07:25:34,2.525216103,3.428908348,2.310436726
07:25:34,2.525931597,3.428235531,2.310656309
07:25:34,2.525812149,3.428579807,2.310038567
07:25:34,2.525636435,3.428277254,2.311676264
07:25:34,2.525969744,3.428532124,2.311916113
07:25:34,2.525728941,3.428480387,2.311948776
07:25:34,2.525225401,3.428098917,2.310482264
07:25:34,2.525421858,3.4287498,2.31095314
07:25:34,2.525705099,3.428593397,2.310891628
07:25:34,2.52558732,3.428366184,2.310040474
07:25:34,2.525933743,3.428180695,2.311438799
07:25:34,2.525356054,3.428287506,2.311262608
07:25:34,2.526275873,3.428706646,2.311186075
07:25:34,2.525542259,3.428711653,2.311397552
07:25:34,2.525374174,3.428467512,2.310658693
07:25:34,2.525514603,3.428382874,2.311060667
07:25:34,2.525651693,3.428373814,2.311372519
07:25:34,2.525626421,3.428195715,2.311946392
07:25:34,2.526427507,3.428679228,2.310688496
07:25:34,2.525827646,3.428580523,2.311613083
07:25:34,2.525357246,3.428693295,2.310667276
07:25:34,2.524863005,3.428678036,2.310979843
07:25:34,2.525444984,3.428899527,2.311810255
07:25:34,2.52568984,3.428275585,2.311500311
07:25:34,2.525775909,3.428109407,2.3100245
07:25:34,2.525259495,3.429092169,2.311880112
07:25:34,2.525552988,3.428144693,2.310523748
07:25:34,2.525470257,3.428560257,2.311406851
07:25:34,2.525189638,3.429126978,2.310619116
07:25:34,2.525257111,3.428301334,2.311144114
07:25:34,2.525433302,3.427813053,2.311079264
07:25:34,2.524761438,3.428012371,2.311161041
07:25:34,2.525216103,3.428916931,2.311519861
07:25:34,2.525202513,3.42841363,2.312085152
07:25:34,2.525400639,3.428158045,2.311944008
07:25:34,2.525667429,3.428508759,2.31105876
07:25:34,2.525926352,3.428541899,2.311670542
07:25:34,2.525864363,3.428694487,2.311296463
07:25:34,2.525295258,3.428481579,2.311517954
07:25:34,2.525187492,3.428381205,2.311443329
07:25:34,2.525840044,3.428296089,2.31124711
07:25:34,2.525712252,3.427389145,2.310378075
07:25:34,2.525635242,3.42821002,2.311558008
07:25:34,2.525646925,3.428946495,2.311786175
07:25:34,2.525207996,3.4281528,2.310605764
07:25:34,2.525835752,3.428197384,2.310839891
07:25:34,2.525682211,3.429133177,2.311981201
07:25:34,2.525303841,3.428530216,2.311678648
07:25:34,2.525672913,3.428625107,2.3118608
07:25:34,2.525668144,3.428301811,2.310915232
07:25:34,2.525524139,3.428423882,2.311481714
07:25:34,2.526046276,3.427961111,2.310339689
07:25:34,2.525280476,3.429089546,2.31170702
07:25:34,2.525333166,3.429152012,2.31124711
07:25:34,2.525588989,3.428647041,2.310935974
07:25:34,2.525691032,3.428481579,2.310512543
07:25:34,2.525264502,3.428436279,2.310949087
07:25:34,2.525458574,3.428109407,2.311681271
07:25:34,2.525569201,3.428679705,2.311387062
07:25:34,2.525372505,3.428537846,2.311078072
07:25:34,2.526288271,3.428495169,2.310905933
07:25:34,2.525322437,3.428403854,2.310641766
07:25:34,2.525518179,3.428810596,2.311291695
07:25:34,2.525191307,3.428930044,2.31150794
07:25:34,2.525848866,3.428431988,2.310993195
07:25:34,2.525264502,3.429310322,2.310138941
07:25:34,2.525107622,3.428836107,2.310985565
07:25:34,2.526042223,3.427968502,2.310566187
07:25:34,2.525312185,3.428266764,2.311730146
07:25:34,2.525646925,3.42841053,2.311578274
07:25:34,2.525688648,3.428975344,2.310584307
07:25:34,2.525870085,3.428799391,2.311581612
07:25:34,2.525585651,3.428955793,2.311053038
07:25:34,2.525671005,3.42906332,2.312081099
07:25:34,2.52598381,3.428915262,2.310156822
07:25:34,2.525783062,3.428963184,2.311176538
07:25:34,2.525788546,3.428095818,2.310853243
07:25:34,2.52540946,3.428510666,2.311478853
07:25:34,2.526420593,3.429006577,2.310801506
07:25:34,2.525993109,3.428592682,2.310990334
07:25:34,2.525481939,3.42837882,2.311645508
07:25:34,2.525561094,3.428403139,2.309939623
07:25:34,2.525845051,3.428282261,2.31227231
07:25:34,2.526489019,3.428795576,2.310975075
07:25:55,2.525656462,3.427996874,2.310887575
07:25:55,2.525615931,3.42820549,2.312057257
07:25:55,2.526212215,3.428430319,2.310766697
07:25:55,2.525319815,3.428414106,2.311124563
07:25:55,2.524866104,3.429210424,2.311353922
07:25:55,2.525218725,3.429007769,2.311593294
07:25:55,2.525403261,3.42915082,2.31052494
07:25:55,2.526421785,3.427788019,2.311041355
07:25:55,2.525878906,3.427783012,2.310601711
07:25:55,2.525719643,3.428700686,2.311423063
07:25:55,2.525705099,3.428242445,2.312505484
07:25:55,2.525529861,3.429133177,2.311715841
07:25:55,2.525640011,3.428837061,2.311022997
07:25:55,2.525624275,3.42866087,2.311748505
07:25:55,2.525697231,3.42838788,2.311980247
07:25:55,2.525483608,3.42919898,2.311125755
07:25:55,2.525304556,3.42858386,2.311560631
07:25:55,2.525462151,3.429053783,2.311980247
07:25:55,2.525894642,3.428623438,2.311627388
07:25:55,2.525719643,3.42851162,2.310615778
07:25:55,2.525497675,3.427551746,2.311212301
07:25:55,2.525878906,3.428930044,2.310939312
07:25:55,2.524843454,3.428476572,2.310709953
07:25:55,2.525434971,3.428297758,2.310718536
07:25:55,2.525921583,3.427587986,2.312384844
07:25:55,2.525694609,3.428174734,2.311255217
07:25:55,2.525195122,3.428639889,2.311392069
07:25:55,2.524921656,3.428498983,2.310450077
07:25:55,2.525341988,3.428183556,2.311455011
07:25:55,2.525174618,3.428658485,2.312633038
07:25:55,2.525205612,3.428145885,2.310648203
07:25:55,2.525033474,3.428585768,2.311519384
07:25:55,2.525851727,3.428942442,2.311172724
07:25:55,2.5250597,3.428781271,2.311583281
07:25:55,2.525792122,3.428622246,2.311154127
07:25:55,2.525609732,3.428271294,2.310990334
07:25:55,2.52563262,3.428026438,2.311385393
07:25:55,2.525625229,3.427895784,2.311601162
07:25:55,2.525067091,3.428478718,2.310282707
07:25:55,2.525227308,3.428557634,2.311091185
07:25:55,2.525121689,3.42808485,2.310832977
07:25:55,2.525701523,3.428498507,2.311017513
07:25:55,2.525239944,3.427940607,2.311553001
07:25:55,2.525803804,3.428574324,2.31165123
07:25:55,2.525934696,3.428563356,2.311084986
07:25:55,2.5252285,3.42768693,2.312206984
07:25:55,2.525144577,3.428291559,2.3117733
07:25:55,2.525907755,3.428415298,2.311281681
07:25:55,2.524950266,3.427963972,2.309860468
07:25:55,2.52538538,3.429500103,2.311546803
07:25:55,2.525875568,3.428946018,2.311774492
07:25:55,2.525087118,3.428500175,2.31139636
07:25:55,2.52554059,3.428383589,2.31071043
07:25:55,2.52537775,3.428199053,2.310884714
07:25:55,2.525271654,3.428837061,2.311641932
07:25:55,2.525449753,3.429191589,2.310455322
07:25:55,2.525687218,3.42871213,2.310442209
07:25:55,2.525955677,3.428692818,2.311544895
07:25:55,2.525563717,3.42766881,2.310009718
07:25:55,2.525732994,3.428395033,2.310009718
07:25:55,2.525518179,3.428828478,2.31053853
07:25:55,2.525595427,3.428191662,2.312074661
07:25:55,2.525574446,3.428082228,2.312050819
07:25:55,2.525193214,3.428239346,2.310185194
07:25:55,2.525194407,3.428303003,2.312016726
07:25:55,2.525749445,3.42829442,2.311280489
07:25:55,2.525693417,3.428235531,2.310796261
07:25:55,2.526076317,3.428863764,2.310834169
07:25:55,2.524997711,3.428492785,2.309912205
07:25:55,2.526339054,3.427916527,2.311455011
07:25:55,2.525001764,3.428770542,2.311946869
07:25:55,2.525687218,3.428474188,2.309806824
07:25:55,2.525262356,3.427891493,2.310584784
07:25:55,2.525058508,3.429011106,2.310038567
07:25:55,2.525180817,3.428733587,2.311402798
07:25:55,2.5249722,3.428728342,2.310003519
07:25:55,2.525527716,3.428668976,2.311154842
07:25:55,2.525301695,3.428120613,2.311927319
07:25:55,2.525591373,3.428938866,2.31150198
07:25:55,2.524914265,3.42818594,2.311209202
07:25:55,2.525369406,3.427934408,2.311770201
07:25:55,2.525535822,3.427670002,2.310731888
07:25:55,2.524985075,3.428156376,2.312558651
07:25:55,2.525222063,3.42886138,2.310894489
07:25:55,2.525198698,3.428360701,2.31187129
07:25:55,2.525773525,3.428398609,2.310384989
07:25:55,2.525585651,3.427944899,2.310568571
07:25:55,2.525615931,3.427890301,2.310928583
07:25:55,2.525460243,3.428481579,2.311445713
07:25:55,2.525398254,3.428582668,2.311048269
07:25:55,2.525912285,3.428545952,2.312333345
07:25:55,2.525740147,3.428730249,2.31118536
07:25:55,2.525618315,3.428791523,2.311892748
07:25:55,2.526112556,3.428540707,2.312560797
07:25:55,2.525444508,3.429129124,2.310814381
07:25:55,2.525613785,3.429306507,2.311320066
07:25:55,2.525141239,3.429250956,2.310999155
07:25:55,2.525574446,3.428474188,2.310993195
07:25:56,2.524858475,3.42785573,2.311783075
07:25:56,2.525489092,3.428708076,2.310539007
07:25:56,2.525627613,3.428563356,2.31243515
07:25:56,2.525243759,3.428879976,2.311940193
07:25:56,2.525675058,3.428740501,2.31105876
07:25:56,2.526002884,3.428643465,2.310840845
07:25:56,2.524988413,3.428779364,2.311416626
07:25:56,2.52590847,3.428768873,2.311264277
07:25:56,2.525969028,3.429210901,2.31116271
07:25:56,2.525758266,3.428028584,2.310791254
07:25:56,2.524844885,3.428845406,2.311859846
07:25:56,2.525479794,3.428417683,2.310485601
07:25:56,2.525533915,3.428727388,2.310603857
07:25:56,2.525653124,3.428816557,2.31222558
07:25:56,2.524906874,3.429389715,2.311671734
07:25:56,2.524954557,3.428729057,2.311675072
07:25:56,2.525738955,3.42876792,2.311509371
07:25:56,2.525830269,3.428246737,2.311577082
07:25:56,2.525542259,3.42809844,2.31166172
07:25:56,2.525764704,3.428753376,2.311821938
07:25:56,2.525635719,3.428536177,2.31118536
07:25:56,2.526310682,3.428062201,2.31076622
07:25:56,2.525744915,3.428570032,2.312376022
07:25:56,2.525230169,3.428332567,2.310425043
07:25:56,2.525811434,3.428539991,2.31066227
07:25:56,2.525890589,3.429195166,2.310788155
07:25:56,2.526602507,3.428684711,2.310384989
07:25:56,2.525983095,3.428484678,2.310708046
07:25:56,2.525305033,3.428299427,2.31128931
07:25:56,2.525566816,3.428673506,2.312123299
07:25:56,2.524976492,3.428976059,2.311774492
07:25:56,2.525630236,3.428914785,2.312764168
07:25:56,2.526232004,3.428115368,2.311299086
07:25:56,2.52592206,3.428306103,2.310431004
07:25:56,2.524926186,3.427959204,2.311326265
07:25:56,2.525011301,3.428617001,2.310767412
07:25:56,2.52549696,3.428141117,2.312286139
07:25:56,2.525763512,3.428372622,2.310806274
07:25:56,2.52589941,3.428916931,2.311299086
07:25:56,2.525792837,3.428652287,2.310623169
07:25:56,2.526036978,3.428932905,2.310774803
07:25:56,2.525376081,3.42860651,2.310910225
07:25:56,2.525308132,3.428289652,2.309793234
07:25:56,2.525375366,3.427774429,2.310275793
07:25:56,2.525764704,3.42840147,2.310754061
07:25:56,2.525716066,3.428105354,2.311413765
07:25:56,2.52471137,3.428582668,2.311215878
07:25:56,2.525095463,3.428226948,2.31116581
07:25:56,2.525242567,3.42866683,2.311522245
07:25:56,2.525022984,3.427859545,2.310580969
07:25:56,2.525602579,3.427587509,2.310948372
07:25:56,2.525742531,3.428879261,2.311377525
07:25:56,2.525709629,3.428514719,2.311584473
07:25:56,2.525340796,3.428800583,2.312041044
07:25:56,2.525198221,3.429338455,2.31189394
07:25:56,2.525749445,3.429060221,2.309957266
07:25:56,2.525732517,3.428729534,2.313168049
07:25:56,2.524810553,3.428362608,2.31227684
07:25:56,2.525618315,3.429003716,2.311645985
07:25:56,2.525626421,3.429071903,2.311709642
07:25:56,2.525696754,3.428577185,2.310660362
07:25:56,2.525063753,3.428240061,2.3109231
07:25:56,2.526325703,3.428527594,2.311745167
07:25:56,2.524906874,3.428144693,2.311345816
07:25:56,2.525910378,3.427955627,2.312275648
07:25:56,2.525901079,3.428257465,2.311230183
07:25:56,2.525280476,3.428417921,2.311427832
07:25:56,2.525677443,3.428621769,2.311690092
07:25:56,2.525960207,3.428902626,2.312072754
07:25:56,2.525806427,3.427585363,2.310996056
07:25:56,2.526025295,3.428465605,2.311054945
07:25:56,2.524669409,3.428774595,2.311827898
07:25:56,2.52550149,3.42818594,2.311932325
07:25:56,2.525242567,3.428607702,2.310945034
07:25:56,2.525813341,3.428632021,2.309680939
07:25:56,2.525535822,3.429248333,2.311512232
07:25:56,2.524749517,3.428412914,2.311548471
07:25:56,2.525222063,3.428642988,2.311499596
07:25:56,2.525454521,3.428281784,2.31106925
07:25:56,2.525192022,3.428258419,2.310474396
07:25:56,2.52498436,3.428898811,2.311116219
07:25:56,2.526276588,3.428455114,2.311754704
07:25:56,2.525248289,3.428469658,2.310521603
07:25:56,2.525266647,3.42836833,2.311082602
07:25:56,2.524836063,3.429045916,2.31017828
07:25:56,2.525776863,3.428548574,2.311039209
07:25:56,2.525472641,3.428273678,2.309974909
07:25:56,2.525369406,3.428199053,2.311450243
07:25:56,2.525918722,3.42810607,2.311172724
07:25:56,2.525865555,3.428677797,2.311152458
07:25:56,2.525569201,3.428641796,2.311264277
07:25:56,2.525491953,3.428367615,2.311265707
07:25:56,2.525956154,3.428995609,2.310378075
07:25:56,2.525046825,3.428594589,2.310821772
07:25:56,2.525551796,3.42901063,2.311678648
07:25:56,2.526360273,3.428155184,2.310626507
07:25:56,2.525309324,3.428991318,2.312063694
07:25:56,2.525163412,3.428553343,2.31096077
07:25:56,2.525864363,3.428518057,2.311365604
07:25:56,2.525476694,3.428478718,2.310453415
07:25:56,2.525541067,3.428304911,2.310612917
07:25:56,2.525433779,3.428352833,2.311669827
07:25:56,2.526035786,3.428463221,2.311475277
07:25:56,2.525386572,3.428702354,2.311332941
07:25:56,2.525197506,3.428519011,2.311076164
07:25:56,2.524511576,3.42855978,2.311880112
07:25:56,2.525812149,3.428138256,2.310248613
07:25:56,2.525752544,3.428287506,2.311177254
07:25:56,2.525298595,3.428297758,2.311024189
07:25:56,2.525895834,3.428414822,2.31137538
07:25:56,2.525312185,3.428499699,2.311030388
07:25:56,2.525619507,3.428784132,2.312644482
07:25:56,2.526105404,3.428084135,2.311110497
07:25:56,2.525993824,3.428592682,2.310978651
07:25:56,2.525836706,3.42916441,2.310960293
07:25:56,2.52539897,3.428538322,2.311521053
07:25:56,2.524723053,3.428565741,2.311620951
07:25:56,2.525765896,3.427880526,2.311108112
07:25:56,2.525656462,3.428696871,2.31062603
07:25:57,2.525277853,3.428882837,2.310515881
07:25:57,2.525496483,3.428086519,2.311138868
07:25:57,2.525449038,3.428657055,2.311459541
07:25:57,2.525914669,3.428868771,2.311287642
07:25:57,2.52555728,3.4278965,2.311487675
07:25:57,2.525770187,3.428555012,2.310834408
07:25:57,2.525830984,3.428627491,2.310587168
07:25:57,2.525416851,3.427978754,2.311840057
07:25:57,2.525528193,3.428105354,2.310666561
07:25:57,2.525717258,3.428658485,2.311157465
07:25:57,2.525708437,3.428658009,2.31129694
07:25:57,2.525702715,3.428548574,2.31027174
07:25:57,2.526097775,3.42915082,2.31198287
07:25:57,2.526087999,3.428453445,2.3112185
07:25:57,2.525407076,3.427910566,2.311836004
07:25:57,2.525473595,3.428462267,2.310972929
07:25:57,2.525802851,3.428579807,2.310741663
07:25:57,2.525783062,3.428423882,2.311686754
07:25:57,2.525357246,3.428229094,2.311269045
07:25:57,2.526005983,3.428779364,2.310801506
07:25:57,2.525204897,3.428972483,2.312164068
07:25:57,2.524989367,3.428678513,2.311630964
07:25:57,2.525755405,3.428707838,2.3109653
07:25:57,2.525712252,3.428504944,2.310694695
07:25:57,2.525344849,3.42804122,2.311514616
07:25:57,2.525266647,3.428526878,2.310869455
07:25:57,2.525239944,3.428515196,2.310391665
07:25:57,2.526065111,3.42832756,2.311859846
07:25:57,2.525349855,3.428217649,2.311152935
07:25:57,2.525535345,3.428694487,2.311140776
07:25:57,2.525759459,3.429406643,2.312794447
07:25:57,2.524990082,3.428627014,2.310497284
07:25:57,2.525801659,3.428252935,2.311114788
07:25:57,2.525775909,3.42910552,2.311764956
07:25:57,2.525101423,3.428865433,2.311446428
07:25:57,2.52534914,3.428710461,2.311197042
07:25:57,2.52572608,3.42958045,2.310828924
07:25:57,2.525607824,3.428801298,2.311467171
07:25:57,2.525251627,3.428687096,2.311371803
07:25:57,2.525850058,3.428748846,2.3109653
07:25:57,2.5252285,3.429080963,2.31115818
07:25:57,2.52504158,3.428260326,2.312071562
07:25:57,2.525282145,3.42855978,2.311535358
07:25:57,2.52584219,3.428327799,2.311881781
07:25:57,2.525800943,3.427993536,2.310915709
07:25:57,2.525662184,3.428346634,2.310310364
07:25:57,2.525714636,3.428050995,2.310490131
07:25:57,2.525853872,3.428426266,2.310803175
07:25:57,2.525446177,3.428617954,2.312161922
07:25:57,2.525716066,3.427670002,2.312121153
07:25:57,2.525271177,3.428319216,2.311702967
07:25:57,2.524881363,3.428284168,2.311649323
07:25:57,2.524711847,3.428949118,2.311480522
07:25:57,2.525500774,3.429022551,2.311779976
07:25:57,2.525717735,3.428325653,2.310393572
07:25:57,2.525277138,3.42850256,2.310388088
07:25:57,2.525566816,3.428501368,2.310235262
07:25:57,2.525950909,3.429291487,2.310804367
07:25:57,2.525845528,3.429092169,2.310857773
07:25:57,2.525426865,3.428894997,2.310127258
07:25:57,2.525372505,3.428876638,2.311281204
07:25:57,2.526398182,3.428612947,2.310667276
07:25:57,2.525749445,3.428734779,2.310797453
07:25:57,2.525761843,3.427959919,2.310905933
07:25:57,2.525730848,3.429293156,2.311512232
07:25:57,2.525795937,3.428095102,2.311215162
07:25:57,2.525340796,3.428766012,2.310757875
07:25:57,2.525596142,3.427681208,2.310925722
07:25:57,2.524734735,3.428478241,2.312556744
07:25:57,2.525609732,3.428398609,2.310959101
07:25:57,2.52550292,3.428319216,2.311015606
07:25:57,2.52581048,3.428296089,2.311519861
07:25:57,2.525995493,3.428399086,2.311762094
07:25:57,2.525971413,3.428679705,2.31131196
07:25:57,2.525146484,3.429158211,2.311344624
07:25:57,2.525137186,3.428625822,2.310830116
07:25:57,2.525397778,3.428586245,2.311141968
07:25:57,2.52538538,3.428589821,2.310974598
07:25:57,2.525246143,3.428319216,2.310590029
07:25:57,2.526087523,3.42873311,2.3109653
07:25:57,2.52515173,3.42871809,2.31090951
07:25:57,2.525530577,3.428498507,2.311183214
07:25:57,2.525868893,3.428337812,2.311680794
07:25:57,2.525660992,3.428338289,2.311778545
07:25:57,2.525752544,3.428326368,2.312005043
07:25:57,2.525634766,3.428087473,2.311412573
07:25:57,2.525626898,3.428539515,2.310545206
07:25:57,2.525240421,3.428853273,2.310778856
07:25:57,2.525597811,3.427945852,2.310075045
07:25:57,2.52603817,3.42811656,2.310845137
07:25:57,2.525867939,3.42855978,2.311143637
07:25:57,2.525654316,3.429092169,2.312477827
07:25:57,2.525715113,3.4290061,2.311352015
07:25:57,2.525588512,3.429037809,2.311671734
07:25:57,2.52500248,3.428390265,2.311084509
07:25:57,2.524816036,3.42920661,2.310367823
07:25:57,2.526096106,3.4290874,2.310220718
07:25:57,2.52523303,3.429126978,2.311760187
07:25:57,2.525269508,3.428265572,2.310855389
07:25:57,2.525390148,3.429270506,2.310362339
07:25:57,2.525908232,3.42807126,2.311866283
07:25:57,2.52616334,3.428937912,2.310455322
07:25:57,2.526298761,3.428112745,2.310731411
07:25:57,2.524980068,3.428621769,2.310627699
07:25:57,2.525973082,3.427633286,2.310753345
07:25:57,2.525231838,3.428149939,2.311388731
07:25:57,2.525319815,3.428609848,2.31036067
07:25:57,2.525341988,3.429112196,2.310343266
07:25:57,2.524875164,3.429154634,2.311347961
07:25:57,2.525929689,3.428625822,2.31110692
07:25:57,2.525487185,3.428520203,2.310308456
07:25:57,2.525448561,3.428105354,2.31147337
07:25:57,2.525780916,3.428761482,2.311204672
07:25:57,2.525508881,3.428483963,2.310673237
07:25:57,2.52550292,3.429129601,2.31190443
07:25:57,2.525686741,3.429227352,2.311354399
07:25:57,2.5256598,3.428506136,2.310464144
07:25:57,2.525479078,3.428829432,2.311019421
07:25:57,2.525795937,3.428856373,2.311075926
07:25:58,2.526065826,3.429077625,2.310731411
07:25:58,2.52564311,3.428239346,2.311745167
07:25:58,2.525787354,3.428282261,2.310945511
07:25:58,2.525261641,3.427240133,2.311344147
07:25:58,2.525541067,3.427769661,2.311097622
07:25:58,2.525618315,3.429220915,2.310177803
07:25:58,2.526141882,3.428873062,2.310951948
07:25:58,2.52583456,3.428743362,2.311044931
07:25:58,2.525262833,3.429215193,2.311172724
07:25:58,2.525549889,3.428399086,2.310352325
07:25:58,2.525404453,3.427861452,2.310362339
07:25:58,2.525519371,3.429096222,2.309280396
07:25:58,2.525210857,3.428391457,2.311693668
07:25:58,2.525461435,3.429388046,2.311461926
07:25:58,2.525280476,3.427936792,2.310823202
07:25:58,2.525765419,3.428869963,2.311206818
07:25:58,2.525779247,3.429001331,2.312064648
07:25:58,2.525379419,3.429023743,2.3100245
07:25:58,2.525874853,3.429422617,2.31195879
07:25:58,2.525028706,3.428499699,2.310025454
07:25:58,2.525802851,3.428579807,2.310531378
07:25:58,2.525864363,3.428289175,2.310661554
07:25:58,2.526703358,3.428479195,2.311540365
07:25:58,2.525477409,3.428134441,2.310126543
07:25:58,2.525356531,3.428953886,2.311957359
07:25:58,2.525383711,3.428604841,2.311888218
07:25:58,2.525860548,3.42829895,2.311751842
07:25:58,2.524911642,3.42759347,2.310751677
07:25:58,2.525319815,3.427951097,2.312300682
07:25:58,2.525673389,3.427586555,2.311121464
07:25:58,2.525255442,3.428394318,2.310992479
07:25:58,2.525856733,3.42817831,2.311257839
07:25:58,2.525021791,3.428729057,2.31175971
07:25:58,2.525296926,3.429015875,2.310717344
07:25:58,2.52564311,3.428930044,2.311229706
07:25:58,2.525249958,3.428766012,2.311549425
07:25:58,2.52592206,3.428926706,2.310444832
07:25:58,2.525867462,3.428943634,2.311650753
07:25:58,2.525224209,3.428547621,2.311111927
07:25:58,2.525544405,3.428782225,2.311573505
07:25:58,2.52581501,3.429602385,2.310312986
07:25:58,2.525915861,3.429231405,2.310940504
07:25:58,2.525508881,3.428642988,2.31132555
07:25:58,2.525477886,3.428128958,2.310618639
07:25:58,2.525887966,3.428765059,2.311182499
07:25:58,2.524882555,3.428796291,2.311684847
07:25:58,2.52522254,3.427889109,2.311641216
07:25:58,2.525678158,3.428340197,2.310378075
07:25:58,2.525894642,3.42881918,2.310683489
07:25:58,2.525769234,3.428503752,2.311295271
07:25:58,2.525454521,3.428553343,2.31144762
07:25:58,2.52665472,3.429149151,2.312085629
07:25:58,2.526028395,3.429037809,2.311275482
07:25:58,2.525337934,3.428796768,2.31133914
07:25:58,2.525545597,3.428562641,2.31088686
07:25:58,2.525872946,3.428472996,2.309976101
07:25:58,2.525185108,3.428389788,2.310601711
07:25:58,2.525402784,3.428863049,2.311316252
07:25:58,2.525446177,3.429022551,2.311537504
07:25:58,2.525658607,3.430059433,2.310981035
07:25:58,2.52612257,3.428842545,2.311600685
07:25:58,2.525195122,3.429230213,2.312069416
07:25:58,2.525237322,3.428068399,2.3116467
07:25:58,2.525634766,3.428249836,2.31201911
07:25:58,2.525422812,3.428825617,2.310574532
07:25:58,2.525537014,3.428534508,2.310549974
07:25:58,2.525887251,3.428215981,2.310802698
07:25:58,2.525237322,3.428776741,2.310339689
07:25:58,2.525316238,3.428151131,2.310688972
07:25:58,2.526021004,3.429018497,2.310982943
07:25:58,2.525764227,3.428889036,2.311004877
07:25:58,2.525577307,3.428298235,2.310984135
07:25:58,2.524900913,3.429109812,2.309706688
07:25:58,2.525572777,3.427905083,2.311861277
07:25:58,2.525692225,3.4281106,2.312348843
07:25:58,2.525467873,3.428427696,2.311309814
07:25:58,2.525845528,3.429998398,2.312253475
07:25:58,2.52572608,3.42906332,2.310666561
07:25:58,2.525986195,3.428830624,2.31090498
07:25:58,2.526016712,3.429157019,2.311084509
07:25:58,2.525827408,3.429404736,2.311458349
07:25:58,2.525262356,3.428320408,2.311977863
07:25:58,2.525668621,3.428626299,2.311407566
07:25:58,2.525717735,3.42847085,2.312245846
07:25:58,2.525991678,3.428087473,2.312031269
07:25:58,2.525390625,3.428566694,2.311171055
07:25:58,2.526089907,3.42804122,2.311856747
07:25:58,2.525552273,3.428123474,2.310568094
07:25:58,2.525629044,3.428061485,2.311830759
07:25:58,2.52580452,3.428597927,2.311525345
07:25:58,2.525135756,3.428061485,2.31103158
07:25:58,2.524813652,3.427381039,2.311272621
07:25:58,2.525489092,3.428008318,2.312337637
07:25:58,2.526170731,3.427868366,2.310937166
07:25:58,2.52542448,3.428295135,2.311414242
07:25:58,2.524893045,3.42927289,2.311405659
07:25:58,2.525712252,3.429838419,2.310637236
07:25:58,2.52515769,3.428750515,2.31210351
07:25:58,2.526132822,3.428325176,2.311556816
07:25:58,2.525616407,3.428446531,2.310576677
07:25:58,2.525530577,3.428946018,2.311724901
07:25:58,2.526267767,3.428365469,2.310978651
07:25:58,2.525207043,3.428777933,2.311060667
07:25:58,2.525327444,3.428457737,2.311148643
07:25:58,2.525509357,3.42836833,2.31128931
07:25:58,2.525850773,3.428139925,2.311511278
07:25:58,2.525803328,3.428391933,2.312293053
07:25:58,2.525566101,3.428293228,2.312067032
07:25:58,2.525510073,3.427606583,2.309987307
07:25:58,2.525062561,3.427931547,2.311874866
07:25:58,2.525539398,3.427023411,2.311863422
07:25:58,2.525925875,3.428137302,2.309806824
07:25:58,2.524706125,3.429009914,2.311417818
07:25:58,2.524960995,3.429007292,2.309751987
07:25:58,2.525634289,3.429224014,2.310794353
07:25:58,2.525448561,3.429437876,2.310890436
07:25:59,2.525423288,3.428500891,2.311389923
07:25:59,2.525001764,3.428155184,2.309754848
07:25:59,2.52527523,3.429084539,2.310667276
07:25:59,2.525590181,3.429180861,2.311963797
07:25:59,2.525374174,3.427988529,2.309350014
07:25:59,2.525456905,3.428367615,2.310586452
07:25:59,2.525249481,3.428131342,2.311408281
07:25:59,2.525027514,3.428385258,2.311632633
07:25:59,2.5251441,3.428168774,2.310857773
07:25:59,2.525371313,3.427523613,2.311582088
07:25:59,2.525217772,3.427437067,2.310688496
07:25:59,2.525979519,3.428464413,2.311196089
07:25:59,2.525168419,3.427798271,2.311196566
07:25:59,2.525261641,3.428781271,2.310954332
07:25:59,2.525486469,3.428953409,2.310358286
07:25:59,2.525710821,3.428414106,2.311629534
07:25:59,2.52585125,3.428795576,2.311532021
07:25:59,2.525366545,3.428626299,2.311087132
07:25:59,2.525692701,3.428408861,2.311620951
07:25:59,2.526018381,3.429440022,2.310608625
07:25:59,2.525334835,3.428779364,2.309942484
07:25:59,2.525034666,3.428266048,2.311402082
07:25:59,2.526225328,3.428755283,2.312272787
07:25:59,2.525247335,3.427828312,2.311119318
07:25:59,2.525572777,3.428336859,2.310018778
07:25:59,2.525272131,3.428217173,2.310318232
07:25:59,2.525918245,3.428553343,2.310326576
07:25:59,2.5252285,3.428189278,2.31076479
07:25:59,2.525019407,3.42804718,2.311024189
07:25:59,2.525305033,3.428232431,2.311461449
07:25:59,2.525669813,3.428435087,2.311361313
07:25:59,2.525200129,3.428364277,2.311959982
07:25:59,2.52539134,3.428309441,2.310827732
07:25:59,2.52527523,3.428400278,2.311037302
07:25:59,2.525428534,3.429320335,2.311038017
07:25:59,2.52527523,3.429002523,2.311457157
07:25:59,2.525706053,3.42912817,2.311238766
07:25:59,2.526012421,3.428269386,2.310972929
07:25:59,2.525319815,3.428972006,2.31068182
07:25:59,2.525243759,3.427936316,2.311033249
07:25:59,2.52561307,3.428364992,2.310947895
07:25:59,2.525137186,3.428422689,2.311134577
07:25:59,2.525192022,3.428453445,2.31044054
07:25:59,2.524486542,3.429172277,2.312667608
07:25:59,2.526252031,3.428537846,2.311516762
07:25:59,2.525426865,3.428133726,2.310643911
07:25:59,2.525033474,3.428263187,2.311444521
07:25:59,2.525612593,3.427522421,2.310992479
07:25:59,2.525416851,3.42866683,2.311305761
07:25:59,2.52581501,3.428691626,2.31117034
07:25:59,2.525490284,3.428385735,2.311683178
07:25:59,2.525389433,3.428845882,2.312371492
07:25:59,2.52564311,3.428664923,2.311006546
07:25:59,2.525347471,3.428414106,2.31094718
07:25:59,2.525135756,3.428107262,2.312042713
07:25:59,2.52605629,3.428408146,2.311389923
07:25:59,2.525592089,3.42788291,2.311614752
07:25:59,2.525669336,3.429238319,2.311190844
07:25:59,2.525551081,3.428649187,2.311434031
07:25:59,2.524909258,3.428378105,2.310986042
07:25:59,2.525625944,3.428369522,2.31124115
07:25:59,2.52580452,3.428965569,2.311374903
07:25:59,2.525982618,3.428323269,2.312530518
07:25:59,2.525481462,3.427815914,2.311739683
07:25:59,2.525292158,3.428290844,2.310889721
07:25:59,2.52516818,3.428415775,2.310918808
07:25:59,2.524531603,3.427869081,2.311543941
07:25:59,2.525556803,3.427725792,2.311246157
07:25:59,2.525979042,3.428253412,2.310671568
07:25:59,2.525687218,3.428701878,2.311369419
07:25:59,2.524837732,3.428702354,2.311108112
07:25:59,2.525339842,3.427921057,2.311647177
07:25:59,2.525756836,3.428273678,2.311169863
07:25:59,2.525294542,3.428942919,2.310587168
07:25:59,2.525060892,3.428460836,2.310695171
07:25:59,2.5254426,3.42924571,2.312185526
07:25:59,2.525983095,3.428851128,2.31084466
07:25:59,2.525395393,3.428802967,2.310463428
07:25:59,2.525285244,3.428510666,2.310704947
07:25:59,2.52538228,3.429560661,2.311118603
07:25:59,2.524867296,3.428109407,2.311415911
07:25:59,2.525427341,3.427673578,2.311048269
07:25:59,2.525156498,3.428284645,2.311574697
07:25:59,2.525312185,3.427828312,2.310643435
07:25:59,2.525236607,3.428826332,2.311627388
07:25:59,2.525303841,3.428323269,2.311762571
07:25:59,2.525296211,3.428510666,2.30991888
07:25:59,2.525258303,3.428362608,2.311275005
07:25:59,2.525358438,3.427987337,2.312259912
07:25:59,2.52604866,3.427247524,2.311341524
07:25:59,2.525817156,3.42800498,2.30925703
07:25:59,2.525040388,3.428607702,2.310961962
07:25:59,2.52551198,3.427673578,2.312082767
07:25:59,2.524344444,3.428116083,2.311487675
07:25:59,2.525778055,3.428488493,2.311211586
07:25:59,2.525620222,3.42851758,2.310677767
07:25:59,2.524566889,3.428688049,2.310549498
07:25:59,2.524909258,3.428334951,2.311896801
07:25:59,2.525656939,3.428734779,2.311556101
07:25:59,2.525130033,3.428818703,2.310896635
07:25:59,2.525425673,3.428897858,2.311283588
07:25:59,2.525928259,3.428169966,2.311636925
07:25:59,2.525728941,3.427736998,2.310708046
07:25:59,2.524885178,3.428741217,2.311282873
07:25:59,2.525898695,3.429328918,2.311192036
07:25:59,2.525335789,3.428693295,2.311791658
07:25:59,2.525633812,3.428259611,2.309289694
07:25:59,2.525200129,3.428464413,2.310106277
07:25:59,2.525156975,3.428053617,2.312697887
07:25:59,2.525914669,3.428237677,2.311106205
07:25:59,2.525936365,3.428229094,2.310163021
07:25:59,2.525279522,3.428409338,2.310260296
07:25:59,2.52525115,3.428622246,2.311266899
07:25:59,2.524932861,3.429489136,2.310961246
07:25:59,2.525732517,3.428356886,2.310692549
07:25:59,2.525134087,3.42885685,2.310790539
07:25:59,2.525386572,3.428364992,2.312194824
07:25:59,2.525536537,3.427540541,2.310556412
07:25:59,2.525577307,3.42806673,2.310698032
07:26:00,2.525237322,3.428593397,2.310322046
07:26:00,2.525072575,3.428403139,2.3110044
07:26:00,2.526179314,3.429038525,2.311887741
07:26:00,2.525903463,3.428688049,2.311304092
07:26:00,2.525227308,3.42803216,2.31129241
07:26:00,2.52605176,3.428189278,2.311423063
07:26:00,2.525981426,3.428301334,2.31129241
07:26:00,2.525541067,3.428557158,2.310112715
07:26:00,2.525571585,3.427099705,2.309980154
07:26:00,2.525686026,3.428422689,2.311168432
07:26:00,2.52525425,3.428201914,2.310874224
07:26:00,2.525223732,3.428315401,2.31125164
07:26:00,2.525534391,3.428430319,2.311598539
07:26:00,2.525388956,3.429349899,2.311099529
07:26:00,2.524802208,3.428521395,2.311306953
07:26:00,2.526009083,3.428232431,2.311022997
07:26:00,2.525192499,3.428541183,2.31005764
07:26:00,2.525354862,3.428808212,2.310796738
07:26:00,2.525341272,3.428426266,2.311734438
07:26:00,2.525123596,3.428789616,2.311048746
07:26:00,2.525585651,3.42843318,2.310318232
07:26:00,2.525259972,3.428587198,2.310623169
07:26:00,2.525398254,3.428137302,2.311680794
07:26:00,2.526005507,3.428982735,2.311317205
07:26:00,2.525512695,3.42863369,2.310915232
07:26:00,2.52539897,3.427893162,2.311999321
07:26:00,2.52567935,3.427857876,2.311766386
07:26:00,2.526257038,3.427974939,2.310928583
07:26:00,2.525904655,3.428939581,2.3112185
07:26:00,2.525457859,3.428114653,2.310712814
07:26:00,2.525201321,3.428825617,2.311697245
07:26:00,2.524519444,3.428226233,2.311003685
07:26:00,2.525853872,3.428735495,2.311439991
07:26:00,2.526082516,3.428375959,2.310602427
07:26:00,2.525190353,3.427883387,2.312000513
07:26:00,2.526239634,3.427513599,2.311161041
07:26:00,2.52528882,3.428251743,2.31145072
07:26:00,2.525515318,3.428948164,2.309243679
07:26:00,2.525093794,3.428766727,2.310606956
07:26:00,2.525322437,3.428728104,2.311138391
07:26:00,2.525465012,3.429484606,2.31182909
07:26:00,2.525708437,3.428070784,2.310886383
07:26:00,2.525425673,3.427985191,2.311134577
07:26:00,2.524861336,3.427929163,2.312174082
07:26:00,2.525655746,3.427478075,2.311104774
07:26:00,2.525359869,3.42924881,2.311516047
07:26:00,2.525513172,3.429093361,2.310360193
07:26:00,2.525723934,3.427886963,2.311764479
07:26:00,2.524900436,3.428349257,2.31176877
07:26:00,2.52554512,3.428781748,2.31150794
07:26:00,2.525551796,3.428632498,2.311097622
07:26:00,2.524724007,3.429358006,2.310467005
07:26:00,2.525697947,3.428421021,2.310415745
07:26:00,2.525432587,3.428441286,2.31024766
07:26:00,2.525255919,3.428697348,2.31123209
07:26:00,2.525569201,3.428296089,2.311299086
07:26:00,2.525292873,3.427944183,2.311074018
07:26:00,2.526042938,3.428476095,2.310253143
07:26:00,2.525328636,3.428738117,2.310235739
07:26:00,2.52555728,3.428720474,2.312603235
07:26:00,2.525653124,3.428192139,2.310437202
07:26:00,2.525627613,3.42827487,2.310350418
07:26:00,2.525392771,3.428574324,2.311743975
07:26:00,2.525737762,3.428175449,2.31265521
07:26:00,2.525058031,3.427852154,2.31116271
07:26:00,2.525351048,3.429125071,2.311150789
07:26:00,2.525379419,3.429244041,2.312058449
07:26:00,2.525887966,3.428607225,2.311222076
07:26:00,2.525444508,3.428267241,2.310414553
07:26:00,2.52554512,3.428383589,2.311519384
07:26:00,2.524932146,3.427997828,2.311297417
07:26:00,2.526092529,3.427884579,2.312047958
07:26:00,2.52573514,3.427927017,2.311414957
07:26:00,2.525196314,3.428418636,2.311535358
07:26:00,2.524581194,3.428309441,2.311019421
07:26:00,2.525241137,3.428719282,2.31176877
07:26:00,2.52560854,3.429064989,2.310881853
07:26:00,2.525290012,3.428412437,2.311008692
07:26:00,2.525752544,3.428409338,2.311540842
07:26:00,2.525137901,3.428736687,2.310642958
07:26:00,2.525060892,3.428318739,2.311259031
07:26:00,2.525412798,3.429229021,2.31109333
07:26:00,2.525580168,3.428473711,2.310511827
07:26:00,2.525531054,3.428137302,2.312524319
07:26:00,2.525555611,3.429022551,2.309844494
07:26:00,2.524837255,3.42903018,2.311138868
07:26:00,2.525212526,3.429139853,2.312834501
07:26:00,2.525702238,3.428540707,2.310597181
07:26:00,2.526119471,3.42840147,2.310894966
07:26:00,2.524607897,3.42794919,2.311650753
07:26:00,2.525141239,3.428141832,2.31177783
07:26:00,2.525256634,3.428907871,2.311360121
07:26:00,2.525032997,3.428287506,2.310015202
07:26:00,2.525333643,3.428118229,2.312782764
07:26:00,2.525771379,3.427953482,2.311295986
07:26:00,2.52581811,3.428214312,2.310325384
07:26:00,2.525162935,3.428724051,2.310327053
07:26:00,2.526115417,3.428190947,2.312719822
07:26:00,2.52554822,3.428134441,2.311122179
07:26:00,2.524909258,3.428323269,2.310249329
07:26:00,2.526004076,3.42824769,2.312423706
07:26:00,2.525735617,3.429020166,2.310934067
07:26:00,2.525751352,3.429120302,2.310666561
07:26:00,2.524989367,3.428478718,2.310160398
07:26:00,2.52576685,3.428623915,2.311237574
07:26:00,2.525364161,3.428667307,2.309718847
07:26:00,2.525318623,3.428509951,2.311054468
07:26:00,2.525082588,3.428108692,2.311433315
07:26:00,2.524536371,3.428829432,2.311944008
07:26:00,2.525918245,3.428267717,2.311136246
07:26:00,2.525505304,3.428623438,2.311749935
07:26:00,2.525292873,3.429012775,2.310818195
07:26:00,2.525771856,3.429534435,2.310432434
07:26:00,2.525492668,3.428798199,2.310794115
07:26:00,2.526053905,3.429394245,2.3116436
07:26:01,2.526062489,3.428446054,2.311085939
07:26:01,2.525135756,3.4276371,2.311162233
07:26:01,2.525577307,3.429180861,2.312115431
07:26:01,2.525244951,3.428314686,2.310219526
07:26:01,2.525696039,3.428750992,2.309873343
07:26:01,2.525900602,3.428995609,2.311414242
07:26:01,2.524828911,3.428725719,2.311791182
07:26:01,2.525600195,3.428423166,2.311510086
07:26:01,2.525316238,3.428112745,2.310795069
07:26:01,2.525898695,3.42860198,2.31065917
07:26:01,2.525766611,3.428994894,2.312254667
07:26:01,2.524742603,3.428449869,2.31089282
07:26:01,2.525739431,3.427996397,2.310771942
07:26:01,2.525300503,3.428460836,2.311853409
07:26:01,2.52543211,3.428466797,2.311837196
07:26:01,2.525701523,3.429070711,2.310860634
07:26:01,2.524784088,3.428137541,2.310162544
07:26:01,2.525831461,3.428508282,2.310680151
07:26:01,2.524930954,3.428259134,2.312158346
07:26:01,2.525440931,3.428688526,2.310982943
07:26:01,2.526091337,3.429089069,2.311125755
07:26:01,2.525453806,3.428387642,2.311059475
07:26:01,2.524530888,3.427965641,2.311675072
07:26:01,2.52591753,3.428203106,2.310657501
07:26:01,2.525354147,3.428461552,2.312310696
07:26:01,2.525333643,3.427807093,2.312395811
07:26:01,2.525614262,3.42851162,2.310438633
07:26:01,2.525101423,3.429386854,2.310845613
07:26:01,2.525336742,3.428684711,2.311561823
07:26:01,2.525442123,3.429086924,2.31125474
07:26:01,2.525393963,3.429261446,2.310640097
07:26:01,2.525207043,3.429180861,2.310804129
07:26:01,2.5245924,3.428619385,2.310878754
07:26:01,2.525472879,3.429042339,2.311439991
07:26:01,2.525401115,3.428545952,2.311418772
07:26:01,2.525178194,3.428512335,2.310746431
07:26:01,2.525471449,3.428006172,2.31054306
07:26:01,2.525485277,3.428369045,2.31087184
07:26:01,2.525469065,3.427905083,2.311784983
07:26:01,2.525520086,3.427852869,2.3121171
07:26:01,2.524634123,3.427824497,2.310631514
07:26:01,2.525319815,3.428160906,2.311564207
07:26:01,2.52568388,3.428371429,2.311870337
07:26:01,2.525661707,3.428216457,2.312193155
07:26:01,2.525716066,3.42779398,2.311783075
07:26:01,2.524931669,3.42835331,2.310142279
07:26:01,2.52511549,3.428728342,2.311723232
07:26:01,2.526113749,3.428615093,2.311453819
07:26:01,2.524987698,3.427792072,2.31007123
07:26:01,2.525968552,3.428787708,2.310754299
07:26:01,2.525219202,3.428506613,2.311486959
07:26:01,2.524691582,3.42868042,2.311042547
07:26:01,2.525203705,3.428724527,2.310724735
07:26:01,2.525210142,3.429288626,2.311448097
07:26:01,2.525691509,3.428233624,2.311269045
07:26:01,2.52641058,3.428310156,2.31136632
07:26:01,2.525430679,3.428307295,2.31124711
07:26:01,2.525216579,3.428431511,2.311255932
07:26:01,2.525135756,3.428095818,2.312441349
07:26:01,2.525660992,3.42901063,2.311500788
07:26:01,2.525716543,3.42880249,2.311112881
07:26:01,2.525798559,3.428729057,2.312133312
07:26:01,2.525244951,3.428876638,2.310834169
07:26:01,2.525905371,3.42824316,2.311470032
07:26:01,2.525908232,3.428123951,2.311601877
07:26:01,2.525387764,3.428397417,2.310917616
07:26:01,2.525513172,3.428249359,2.311680794
07:26:01,2.525756359,3.429018497,2.311645985
07:26:01,2.525541067,3.428860188,2.312017918
07:26:01,2.525753736,3.428825617,2.309942484
07:26:01,2.524624825,3.428812504,2.311042547
07:26:01,2.525798559,3.4277668,2.311653614
07:26:01,2.525413275,3.427881241,2.310820103
07:26:01,2.525915384,3.427531481,2.312255383
07:26:01,2.5255723,3.428864956,2.31223917
07:26:01,2.525905848,3.428264856,2.312162161
07:26:01,2.525515318,3.428431511,2.311629057
07:26:01,2.526278973,3.428127527,2.311084986
07:26:01,2.525320292,3.427740097,2.311159849
07:26:01,2.525823832,3.428587198,2.311280012
07:26:01,2.525817394,3.42810607,2.310840368
07:26:01,2.525212049,3.428316593,2.311065197
07:26:01,2.525668144,3.428060293,2.310885191
07:26:01,2.525318146,3.428258419,2.310534954
07:26:01,2.525410652,3.428874254,2.311632156
07:26:01,2.524932861,3.428284168,2.310268402
07:26:01,2.525330305,3.428403139,2.311553478
07:26:01,2.525986671,3.428876162,2.311506033
07:26:01,2.52542448,3.428651094,2.310218334
07:26:01,2.525318623,3.427964449,2.309197187
07:26:01,2.525161028,3.428227901,2.311316729
07:26:01,2.524939299,3.428375483,2.311292887
07:26:01,2.524743557,3.42904973,2.310755014
07:26:01,2.525061607,3.42901969,2.310491323
07:26:01,2.525189638,3.429572344,2.311471701
07:26:01,2.525313377,3.428385735,2.31320715
07:26:01,2.525510073,3.428290367,2.311538219
07:26:01,2.52579093,3.427859068,2.310606241
07:26:01,2.524735212,3.42827177,2.310877562
07:26:01,2.525945663,3.42809701,2.31098175
07:26:01,2.526222944,3.428130865,2.310971737
07:26:01,2.525117397,3.428519011,2.310628891
07:26:01,2.52551198,3.427867889,2.31058836
07:26:01,2.525886536,3.427927971,2.31149745
07:26:01,2.526012897,3.42827487,2.311625719
07:26:01,2.525336742,3.427981138,2.310518265
07:26:01,2.525685072,3.428028584,2.310509443
07:26:01,2.525807142,3.4288342,2.31080842
07:26:01,2.525329828,3.428800106,2.31130743
07:26:01,2.524893045,3.429033279,2.31024766
07:26:01,2.525758982,3.428557634,2.310017586
07:26:01,2.525368929,3.428078651,2.312289
07:26:01,2.525613785,3.428115368,2.311291695
07:26:01,2.525227785,3.428472996,2.31024766
07:26:01,2.525330782,3.427788496,2.311118126
07:26:01,2.525753736,3.428101301,2.311726809
07:26:01,2.525284529,3.428803682,2.311831236
07:26:01,2.525600195,3.428739309,2.310894012
07:26:01,2.524751902,3.428397417,2.312287331
07:26:02,2.525073767,3.428168297,2.311543226
07:26:02,2.525792837,3.428916931,2.31051755
07:26:02,2.52543807,3.428778887,2.310703754
07:26:02,2.524867773,3.428416967,2.312307596
07:26:02,2.525089741,3.428487539,2.312050343
07:26:02,2.525453329,3.428196907,2.310558796
07:26:02,2.524679422,3.428259134,2.311075926
07:26:02,2.525308609,3.428144217,2.311051846
07:26:02,2.52513051,3.428498983,2.311613083
07:26:02,2.525290012,3.428912878,2.311547995
07:26:02,2.525567293,3.429031372,2.310010195
07:26:02,2.525329113,3.42838788,2.311563492
07:26:02,2.525170326,3.42790556,2.310642958
07:26:02,2.525579691,3.428105354,2.311953783
07:26:02,2.525256634,3.428741693,2.311226606
07:26:02,2.525272131,3.427776814,2.311237097
07:26:02,2.525052071,3.428128004,2.310943365
07:26:02,2.526057005,3.427604914,2.310512304
07:26:02,2.525650024,3.42843318,2.310216665
07:26:02,2.525060415,3.42798686,2.311083317
07:26:02,2.525615931,3.428173065,2.311861277
07:26:02,2.525113106,3.428548574,2.31153965
07:26:02,2.525597811,3.427749395,2.310702324
07:26:02,2.525425673,3.428105354,2.311240435
07:26:02,2.525538206,3.428515196,2.311144829
07:26:02,2.52558136,3.428643465,2.31041193
07:26:02,2.525401115,3.42841363,2.31169486
07:26:02,2.525799751,3.428964376,2.311203957
07:26:02,2.525539875,3.428319216,2.311098814
07:26:02,2.525911808,3.428777933,2.310099363
07:26:02,2.525397778,3.428729534,2.31115365
07:26:02,2.525152206,3.428232431,2.311872959
07:26:02,2.525636911,3.429123402,2.311989307
07:26:02,2.525658131,3.427927971,2.310418129
07:26:02,2.525450945,3.428336143,2.311504364
07:26:02,2.524900436,3.428689241,2.311530828
07:26:02,2.525865078,3.428447723,2.310473204
07:26:02,2.525660515,3.428538322,2.311585665
07:26:02,2.52527833,3.428781748,2.311869144
07:26:02,2.525312185,3.427993536,2.310804367
07:26:02,2.525131702,3.428565025,2.310519457
07:26:02,2.52527833,3.427805662,2.311614275
07:26:02,2.525382996,3.42852211,2.311683178
07:26:02,2.525454998,3.428892612,2.311410189
07:26:02,2.525651693,3.428529024,2.3111763
07:26:02,2.525685072,3.428337812,2.31063652
07:26:02,2.525403261,3.428480387,2.311070442
07:26:02,2.526319742,3.42792511,2.311572075
07:26:02,2.525613785,3.428480387,2.311635017
07:26:02,2.525673389,3.428373098,2.310801506
07:26:02,2.525025845,3.427341223,2.311638117
07:26:02,2.524944544,3.427570105,2.311022997
07:26:02,2.52549696,3.428235531,2.311297894
07:26:02,2.525657654,3.428961277,2.311731339
07:26:02,2.525746584,3.428907394,2.312278032
07:26:02,2.525559902,3.428310156,2.311073542
07:26:02,2.525526524,3.429287672,2.31145668
07:26:02,2.525482655,3.428604841,2.311249971
07:26:02,2.525780916,3.428664446,2.310823917
07:26:02,2.52563262,3.428593397,2.311299086
07:26:02,2.525510073,3.42824316,2.311120987
07:26:02,2.525760651,3.428309441,2.311510563
07:26:02,2.525261164,3.428562164,2.311794043
07:26:02,2.525693417,3.428972483,2.310807467
07:26:02,2.525997162,3.428977251,2.311256409
07:26:02,2.525809288,3.428559065,2.311192989
07:26:02,2.525214911,3.428572416,2.31226182
07:26:02,2.525631905,3.428907394,2.312101841
07:26:02,2.525676966,3.428877831,2.311079264
07:26:02,2.525666952,3.428474903,2.311992645
07:26:02,2.525439739,3.428306818,2.311903954
07:26:02,2.525470972,3.428680897,2.310782433
07:26:02,2.52614665,3.428784132,2.311049938
07:26:02,2.525762558,3.428925514,2.311697245
07:26:02,2.524873018,3.428000927,2.311569214
07:26:02,2.525577784,3.427873135,2.310019732
07:26:02,2.525022268,3.427993536,2.311615944
07:26:02,2.525521755,3.428076029,2.311234236
07:26:02,2.525846243,3.427727222,2.309952259
07:26:02,2.525591373,3.428585768,2.312057257
07:26:02,2.525475264,3.427651167,2.310513258
07:26:02,2.524748087,3.428263187,2.310864449
07:26:02,2.525609732,3.427959919,2.311923027
07:26:02,2.525638819,3.429028273,2.310959101
07:26:02,2.525715113,3.428542376,2.311003208
07:26:02,2.526050806,3.428139448,2.311108112
07:26:02,2.525250435,3.428266048,2.311371326
07:26:02,2.525491476,3.428833723,2.311763763
07:26:02,2.525641918,3.428756475,2.311197519
07:26:02,2.525315046,3.428304911,2.31202364
07:26:02,2.525791645,3.428403139,2.312402964
07:26:02,2.525710821,3.428493977,2.310365915
07:26:02,2.525750637,3.428430319,2.312176943
07:26:02,2.525640011,3.428268194,2.312317371
07:26:02,2.52513814,3.428934336,2.311478853
07:26:02,2.526270628,3.42821002,2.311248064
07:26:02,2.525676966,3.428153992,2.311696529
07:26:02,2.524708986,3.428571224,2.311954975
07:26:02,2.525604248,3.429636717,2.310523748
07:26:02,2.525970936,3.428745508,2.31162858
07:26:02,2.525738478,3.428225756,2.311730146
07:26:02,2.525590181,3.428131342,2.31156826
07:26:02,2.525231838,3.428632498,2.310876846
07:26:02,2.525776863,3.428281069,2.311321259
07:26:02,2.526136637,3.428436279,2.312625647
07:26:02,2.525961399,3.428012848,2.312221766
07:26:02,2.525596619,3.428431511,2.310521126
07:26:02,2.525650501,3.42861414,2.310920238
07:26:02,2.525181532,3.428139925,2.310505867
07:26:02,2.525712252,3.428563356,2.310618639
07:26:02,2.525857925,3.427963257,2.31162858
07:26:02,2.525337934,3.428534985,2.310990334
07:26:02,2.526412964,3.427876711,2.312235594
07:26:02,2.524577379,3.428788662,2.312185526
07:26:02,2.525741816,3.428192616,2.311026096
07:26:02,2.525529861,3.428587198,2.311564684
07:26:02,2.525650978,3.428825617,2.310438633
07:26:02,2.525535345,3.428850412,2.310384989
07:26:02,2.525452137,3.428472996,2.31155014
07:26:03,2.525466681,3.429054976,2.311302662
07:26:03,2.524772406,3.428895473,2.312078953
07:26:03,2.525541067,3.428217173,2.310860157
07:26:03,2.525710106,3.428134441,2.310549974
07:26:03,2.525809288,3.428824425,2.312609434
07:26:03,2.525871754,3.428799391,2.311227322
07:26:03,2.526212215,3.429032564,2.310167313
07:26:03,2.525268316,3.428445339,2.31142807
07:26:03,2.526009083,3.428457499,2.311779976
07:26:03,2.525238991,3.428795099,2.311053038
07:26:03,2.525279999,3.428297758,2.310060024
07:26:03,2.525599003,3.428853273,2.310371161
07:26:03,2.52523613,3.428745508,2.313163042
07:26:03,2.525997162,3.428042412,2.311451912
07:26:03,2.526111841,3.428102016,2.311189651
07:26:03,2.525728941,3.427788019,2.310605764
07:26:03,2.525238991,3.428729057,2.311227322
07:26:03,2.526097775,3.428118706,2.310949564
07:26:03,2.525641918,3.428040743,2.311008215
07:26:03,2.525295734,3.428138733,2.311300993
07:26:03,2.526194572,3.427256823,2.311199427
07:26:03,2.525067329,3.427994013,2.311615467
07:26:03,2.525981426,3.428195,2.311503172
07:26:03,2.525303841,3.428159714,2.312609434
07:26:03,2.525555611,3.428755283,2.310776472
07:26:03,2.526285172,3.428536654,2.31146431
07:26:03,2.525594473,3.428249359,2.310921907
07:26:03,2.525360346,3.428678513,2.31069684
07:26:03,2.525741339,3.428565025,2.310616255
07:26:03,2.525426865,3.429102421,2.310670376
07:26:03,2.526271105,3.429533243,2.311531544
07:26:03,2.526296139,3.429058313,2.310582638
07:26:03,2.526221037,3.428502083,2.312357426
07:26:03,2.525621414,3.429288626,2.311685562
07:26:03,2.525303364,3.428435087,2.311683178
07:26:03,2.524587393,3.428289652,2.312206984
07:26:03,2.525429487,3.428993225,2.311636209
07:26:03,2.525521278,3.428274393,2.311825037
07:26:03,2.525936365,3.42842555,2.311787367
07:26:03,2.525590181,3.428331852,2.31141305
07:26:03,2.525832653,3.428053617,2.312061548
07:26:03,2.526106596,3.428310156,2.311242819
07:26:03,2.525494814,3.428052425,2.311116219
07:26:03,2.525771856,3.427936316,2.311984539
07:26:03,2.525160551,3.428349972,2.311083794
07:26:03,2.525927067,3.42819047,2.310680151
07:26:03,2.525193214,3.429012775,2.311132193
07:26:03,2.525444984,3.428778172,2.311259747
07:26:03,2.52528882,3.428196907,2.312008381
07:26:03,2.525258303,3.428537369,2.311690092
07:26:03,2.525255442,3.428134441,2.310807467
07:26:03,2.525500774,3.427817106,2.310698748
07:26:03,2.525637627,3.428817749,2.311047077
07:26:03,2.525409937,3.428900003,2.311544418
07:26:03,2.526020288,3.428134441,2.310384989
07:26:03,2.526021004,3.428174257,2.310359478
07:26:03,2.5250175,3.428553343,2.312123299
07:26:03,2.526017904,3.428486347,2.311459064
07:26:03,2.525543928,3.42865634,2.31147337
07:26:03,2.525550604,3.428429842,2.31197238
07:26:03,2.525987387,3.42854929,2.310669184
07:26:03,2.525592089,3.428786516,2.311656475
07:26:03,2.524941444,3.428532124,2.312157154
07:26:03,2.525610209,3.428857565,2.310505867
07:26:03,2.52609539,3.428295135,2.310968161
07:26:03,2.525553703,3.428697348,2.309859276
07:26:03,2.525685072,3.428978682,2.312615395
07:26:03,2.525200129,3.429027319,2.31157279
07:26:03,2.525743008,3.429174185,2.31007123
07:26:03,2.52573514,3.429595709,2.311453104
07:26:03,2.525475264,3.428728104,2.310708761
07:26:03,2.525537014,3.428057432,2.310711145
07:26:03,2.525132895,3.428352833,2.311089516
07:26:03,2.525952578,3.428249359,2.311787367
07:26:03,2.525692225,3.428179502,2.311299801
07:26:03,2.525743723,3.427942991,2.311377525
07:26:03,2.52589941,3.429082155,2.311589003
07:26:03,2.525113106,3.42765975,2.310994864
07:26:03,2.52543807,3.427619934,2.310598373
07:26:03,2.526667595,3.427919865,2.313231707
07:26:03,2.525916338,3.428175926,2.310850859
07:26:03,2.525099516,3.428400278,2.312017918
07:26:03,2.525179148,3.427907228,2.31150794
07:26:03,2.525479794,3.427772522,2.31123209
07:26:03,2.526055098,3.42839098,2.311731339
07:26:03,2.525249481,3.42822504,2.310930967
07:26:03,2.525504827,3.428465605,2.310301781
07:26:03,2.525710821,3.428429842,2.311672211
07:26:03,2.525780916,3.428247213,2.311654806
07:26:03,2.525305033,3.428728342,2.311113596
07:26:03,2.52504921,3.429330587,2.30997014
07:26:03,2.52538538,3.428929567,2.310248137
07:26:03,2.525775909,3.428402662,2.309824705
07:26:03,2.525466204,3.429331779,2.311230183
07:26:03,2.525600195,3.428704739,2.311398506
07:26:03,2.525545597,3.42873311,2.312009573
07:26:03,2.525118828,3.428240061,2.311091185
07:26:03,2.52564311,3.428552628,2.311429977
07:26:03,2.526028395,3.427961111,2.311604261
07:26:03,2.52580452,3.428536177,2.310188293
07:26:03,2.524954557,3.428337336,2.311859846
07:26:03,2.52513814,3.428741217,2.311805248
07:26:03,2.525868893,3.427965641,2.311455965
07:26:03,2.52570653,3.428811789,2.31117034
07:26:03,2.525527,3.428276777,2.311342955
07:26:03,2.526021719,3.428925514,2.311458111
07:26:03,2.525543451,3.42838788,2.311281204
07:26:03,2.525766611,3.427977562,2.31149435
07:26:03,2.525649309,3.428707123,2.310494661
07:26:03,2.525104284,3.427857876,2.310214281
07:26:03,2.525746107,3.428679705,2.310623169
07:26:03,2.525674105,3.42868185,2.311758757
07:26:03,2.524476528,3.428268909,2.310828924
07:26:03,2.525940418,3.42851162,2.311251163
07:26:03,2.525767565,3.428696871,2.311581612
07:26:03,2.525842667,3.428484678,2.311118126
07:26:04,2.526216745,3.428705931,2.311270952
07:26:04,2.525336266,3.428729057,2.312309504
07:26:04,2.525418282,3.428730249,2.31163168
07:26:04,2.524925232,3.428960085,2.312469006
07:26:04,2.524913073,3.428455114,2.311753988
07:26:04,2.524831057,3.427966356,2.310706139
07:26:04,2.525994301,3.428729534,2.310984612
07:26:04,2.52483654,3.428623438,2.311042547
07:26:04,2.524960279,3.428835392,2.31094408
07:26:04,2.525694609,3.429029703,2.311498404
07:26:04,2.525800943,3.42868042,2.311748505
07:26:04,2.525462151,3.428848743,2.310778141
07:26:04,2.525435686,3.428506136,2.311012268
07:26:04,2.525366545,3.428533792,2.31259203
07:26:04,2.524927378,3.428603172,2.311420202
07:26:04,2.524962664,3.428349257,2.31243968
07:26:04,2.525039673,3.428728104,2.310717344
07:38:44,2.524413347,3.429822683,2.310763836
07:38:44,2.526393652,3.430438757,2.31213522
07:38:44,2.525656939,3.429446459,2.310847521
07:38:44,2.525562763,3.428869963,2.311501503
07:38:44,2.523305655,3.42460227,2.312890768
07:38:44,2.525115013,3.426902771,2.314772606
07:38:44,2.52645278,3.427967787,2.31210947
07:38:44,2.526007175,3.428184748,2.310336351
07:38:44,2.524251699,3.430230618,2.308648348
07:38:44,2.525839567,3.42986536,2.31166172
07:38:44,2.52754426,3.430428982,2.311467171
07:38:44,2.526334524,3.423135042,2.311249256
07:38:44,2.525868893,3.42670393,2.307516336
07:38:44,2.523227692,3.428109407,2.308542013
07:38:44,2.523506403,3.42836833,2.315747738
07:38:44,2.524742842,3.430965424,2.315796614
07:38:44,2.527378559,3.427200794,2.311337471
07:38:44,2.52436614,3.427638292,2.30706501
07:38:44,2.527173519,3.428304434,2.312072039
07:38:44,2.522588253,3.426375866,2.312535763
07:38:44,2.526469707,3.428057432,2.315359116
07:38:44,2.525247812,3.425646544,2.315658331
07:38:44,2.528109074,3.426444769,2.309769392
07:38:44,2.523447275,3.425873756,2.310117483
07:38:44,2.523511648,3.428755283,2.315453768
07:38:44,2.524667025,3.428652287,2.312717676
07:38:44,2.526833296,3.429885149,2.310643435
07:38:44,2.525408745,3.428037405,2.308459282
07:38:44,2.524638891,3.426613808,2.313446045
07:38:44,2.525887966,3.427338362,2.316526651
07:38:44,2.525978565,3.42859745,2.309509039
07:38:44,2.525449038,3.429306507,2.304768085
07:38:44,2.524378777,3.430123091,2.31357789
07:38:44,2.524567366,3.42868185,2.313442469
07:38:44,2.52543211,3.429655552,2.310613871
07:38:44,2.523099899,3.427579403,2.310666561
07:38:44,2.526911259,3.429717541,2.311212301
07:38:44,2.526040554,3.427402735,2.312661886
07:38:44,2.52431035,3.428888083,2.308721542
07:38:44,2.523546219,3.424005747,2.314171553
07:38:44,2.524053812,3.42667222,2.310846329
07:38:44,2.525903463,3.427502632,2.310802698
07:38:44,2.526935816,3.429193258,2.313139915
07:38:44,2.52559495,3.427885294,2.314101934
07:38:44,2.524145126,3.425241947,2.311317682
07:38:44,2.525506973,3.427430868,2.308832169
07:38:44,2.525082588,3.426846981,2.311486483
07:38:44,2.526958704,3.426170349,2.312644958
07:38:44,2.525257111,3.426453114,2.311423063
07:38:44,2.526987791,3.430678129,2.311827898
07:38:44,2.524358273,3.428338289,2.312178135
07:38:44,2.526030064,3.428175449,2.313010931
07:38:44,2.52641058,3.429159641,2.312345982
07:38:44,2.525712729,3.429064512,2.310488462
07:38:44,2.526426792,3.430858612,2.310505867
07:38:44,2.525764227,3.42898035,2.311852217
07:38:44,2.525198936,3.427884579,2.313751936
07:38:44,2.524723053,3.427512884,2.311733246
07:38:44,2.524401665,3.428445339,2.311489582
07:38:44,2.525872469,3.428965092,2.30962801
07:38:44,2.525633812,3.427750587,2.312279701
07:38:44,2.525528193,3.429063797,2.313336849
07:38:44,2.525131226,3.427391768,2.311937571
07:38:44,2.524299622,3.426829815,2.309963942
07:38:44,2.524372816,3.426934481,2.311638594
07:38:44,2.525925875,3.428870678,2.31296587
07:38:44,2.525982618,3.428946495,2.312844992
07:38:44,2.525568485,3.428327799,2.312214613
07:38:44,2.525305748,3.428759575,2.311550617
07:38:44,2.525914192,3.428025723,2.313463449
07:38:44,2.525900602,3.430142164,2.310504198
07:38:44,2.525316954,3.428971291,2.310427427
07:38:44,2.52477932,3.428077459,2.312006712
07:38:44,2.525171757,3.428650618,2.312335491
07:38:44,2.524650574,3.428412914,2.310900927
07:38:44,2.524842739,3.42751646,2.310876846
07:38:44,2.525476694,3.426198721,2.312017202
07:38:44,2.525077105,3.428566694,2.309775352
07:38:44,2.524698019,3.42816329,2.310232878
07:38:44,2.525463581,3.42876792,2.310395956
07:38:44,2.525188208,3.426587582,2.312298298
07:38:44,2.524852514,3.42773962,2.311039686
07:38:44,2.525347948,3.427540064,2.312211275
07:38:44,2.524893522,3.426715374,2.310112715
07:38:44,2.524285316,3.427381039,2.312235594
07:38:44,2.526082039,3.428071976,2.311953068
07:38:44,2.525688648,3.428399086,2.31017828
07:38:44,2.525093794,3.430049419,2.311461926
07:38:44,2.524688482,3.430369854,2.313229322
07:38:44,2.525228977,3.429180861,2.313480139
07:38:44,2.525640488,3.428876162,2.309711933
07:38:44,2.525272846,3.427168369,2.310951471
07:38:44,2.525634289,3.427380562,2.310765505
07:38:44,2.524671078,3.429515839,2.310986757
07:38:44,2.525339127,3.42915082,2.313416958
07:38:44,2.525189638,3.428446531,2.313113213
07:38:44,2.526039362,3.429345369,2.312833309
07:38:44,2.524969578,3.427794456,2.309456587
07:38:44,2.525439739,3.427757978,2.311032057
07:38:44,2.524867773,3.426714897,2.312024117
07:38:44,2.52519083,3.427616119,2.31396246
07:38:44,2.525172949,3.426968336,2.312166929
07:38:44,2.525304556,3.428435564,2.311522961
07:38:44,2.525822163,3.428114653,2.311881781
07:38:44,2.525976181,3.428113937,2.311762571
07:38:44,2.524780989,3.428336143,2.3108356
07:38:44,2.525072575,3.427327871,2.310428143
07:38:44,2.52565217,3.427677155,2.312429667
07:38:44,2.525060892,3.427876711,2.312833786
07:38:44,2.525080204,3.428146362,2.310418606
07:38:44,2.525410652,3.428552628,2.310375214
07:38:44,2.5260005,3.428396702,2.31155014
07:38:44,2.526117802,3.429182053,2.311961889
07:38:44,2.524901867,3.428962469,2.312491655
07:38:44,2.524642229,3.42966032,2.311295271
07:38:44,2.525104284,3.42845273,2.310809612
07:38:45,2.525457859,3.427362204,2.312100887
07:38:45,2.52539587,3.427754641,2.312628746
07:38:45,2.525174141,3.428123474,2.312440634
07:38:45,2.525358438,3.427186489,2.312206984
07:38:45,2.52492094,3.426910162,2.311944485
07:38:45,2.52541995,3.428725243,2.311471701
07:38:45,2.525480986,3.428622246,2.312393904
07:38:45,2.524703741,3.427533865,2.310687542
07:38:45,2.525237322,3.42805481,2.312159061
07:38:45,2.524965048,3.427576065,2.311120987
07:38:45,2.525328636,3.428888083,2.310938597
07:38:45,2.52550292,3.428897381,2.313568592
07:38:45,2.525442123,3.428582668,2.311345339
07:38:45,2.525408745,3.428539515,2.312716484
07:38:45,2.524743557,3.428683519,2.309883356
07:38:45,2.525138855,3.428836107,2.310112715
07:38:45,2.524808645,3.429312944,2.311971188
07:38:45,2.525064945,3.42789197,2.311207294
07:38:45,2.525241137,3.427368402,2.310742855
07:38:45,2.525330782,3.427704334,2.311669588
07:38:45,2.525887966,3.427638769,2.312175274
07:38:45,2.525528193,3.427106142,2.311256886
07:38:45,2.525403261,3.427535057,2.312026978
07:38:45,2.525675058,3.427796125,2.31187892
07:38:45,2.524798155,3.427122355,2.311436415
07:38:45,2.524866581,3.427136183,2.310779333
07:38:45,2.525444508,3.42809701,2.311774969
07:38:45,2.525017977,3.428890228,2.311173439
07:38:45,2.525580883,3.427685261,2.312437534
07:38:45,2.526028395,3.427240133,2.310523272
07:38:45,2.525635719,3.427836895,2.309006214
07:38:45,2.525314569,3.42753315,2.310344934
07:38:45,2.525025368,3.42918396,2.310653448
07:38:45,2.525645733,3.430318832,2.3110888
07:38:45,2.525576115,3.429953337,2.311617136
07:38:45,2.52534914,3.428367853,2.311917305
07:38:45,2.525596619,3.428459644,2.311604261
07:38:45,2.525441647,3.428025246,2.310329437
07:38:45,2.525113821,3.428592682,2.312007904
07:38:45,2.525340319,3.427624702,2.311382532
07:38:45,2.524802208,3.428473711,2.311846018
07:38:45,2.525058508,3.428636789,2.311141253
07:38:45,2.524667501,3.428061485,2.311049461
07:38:45,2.525258303,3.427927971,2.311888933
07:38:45,2.525713444,3.427887917,2.31024313
07:38:45,2.52531147,3.426964521,2.311789751
07:38:45,2.525140524,3.427074909,2.313017845
07:38:45,2.525553703,3.426846504,2.311065197
07:38:45,2.525576115,3.427518845,2.310850382
07:38:45,2.525056839,3.429045916,2.311243534
07:38:45,2.524903536,3.428627491,2.31166625
07:38:45,2.525453806,3.429300547,2.310665369
07:38:45,2.525404453,3.427978754,2.311233759
07:38:45,2.525674105,3.427793264,2.311738968
07:38:45,2.525110006,3.42763257,2.311777353
07:38:45,2.524963856,3.428546429,2.309760094
07:38:45,2.524817944,3.42805481,2.311576366
07:38:45,2.525381088,3.428577185,2.310421228
07:38:45,2.525370121,3.42813015,2.311212301
07:38:45,2.524693251,3.427143097,2.311739683
07:38:45,2.526398897,3.427417517,2.312452316
07:38:45,2.525644779,3.427253962,2.310997248
07:38:45,2.525977373,3.427587032,2.311430454
07:38:45,2.52581501,3.427323341,2.312300682
07:38:45,2.524997711,3.427893877,2.312469721
07:38:45,2.524778843,3.427054644,2.311686754
07:38:45,2.525231361,3.428337812,2.312117815
07:38:45,2.525326967,3.428587675,2.311342478
07:38:45,2.524831533,3.429297447,2.31193161
07:38:45,2.525800467,3.42864418,2.311352015
07:38:45,2.525820971,3.428986311,2.311702251
07:38:45,2.525596142,3.429652691,2.311625719
07:38:45,2.52520442,3.428967476,2.308908701
07:38:45,2.526041746,3.429398775,2.311769962
07:38:45,2.525086164,3.428422213,2.311783552
07:38:45,2.524883032,3.428556442,2.311483383
07:38:45,2.525802851,3.428147554,2.312247276
07:38:45,2.525422096,3.428120613,2.312279701
07:38:45,2.52502799,3.427874804,2.312273264
07:38:45,2.525397062,3.427404881,2.311173439
07:38:45,2.525183916,3.426877022,2.311645508
07:38:45,2.525687218,3.427384615,2.311481714
07:38:45,2.525611877,3.427677155,2.311824322
07:38:45,2.525248289,3.427267313,2.312175274
07:38:45,2.525374174,3.427497387,2.310314655
07:38:45,2.525680542,3.426945448,2.312206984
07:38:45,2.525290012,3.427360535,2.311042547
07:38:45,2.525790453,3.427924395,2.310548782
07:38:45,2.525780439,3.428440094,2.311439276
07:38:45,2.525406599,3.428251743,2.311852217
07:38:45,2.525651693,3.428281069,2.311260223
07:38:45,2.525568008,3.428426743,2.311468124
07:38:45,2.525665283,3.428261518,2.310418606
07:38:45,2.524960279,3.428254604,2.311731339
07:38:45,2.525033474,3.428948641,2.311295986
07:38:45,2.525343657,3.427631378,2.311072588
07:38:45,2.5255723,3.428156376,2.311401606
07:38:45,2.525524139,3.427946568,2.312957287
07:38:45,2.525757551,3.427847147,2.31168437
07:38:45,2.52564311,3.427908182,2.311690092
07:38:45,2.525272846,3.427333355,2.312303305
07:38:45,2.52487421,3.428067446,2.31041646
07:38:45,2.525465488,3.427562237,2.31239748
07:38:45,2.525312662,3.427334547,2.312382221
07:38:45,2.525269985,3.427716017,2.311945677
07:38:45,2.525377035,3.428155899,2.310691833
07:38:45,2.524943352,3.429101944,2.309891224
07:38:45,2.525730848,3.428932905,2.310447931
07:38:45,2.525285721,3.428295612,2.310531378
07:38:45,2.526077509,3.427794933,2.311629534
07:38:45,2.525113821,3.428442955,2.311762094
07:38:45,2.525504112,3.428184271,2.311008692
07:38:45,2.525403976,3.429120779,2.311826706
07:38:45,2.525230885,3.427897453,2.310833454
07:38:45,2.525525808,3.428081512,2.310241938
07:38:46,2.525827646,3.427545309,2.310297251
07:38:46,2.525477409,3.426763535,2.311480999
07:38:46,2.52525425,3.427332163,2.312268734
07:38:46,2.525669813,3.427555323,2.311661005
07:38:46,2.525395393,3.427683592,2.311256886
07:38:46,2.525718451,3.427486897,2.310832977
07:38:46,2.524853945,3.427802801,2.311413765
07:38:46,2.524972677,3.427180767,2.312512636
07:38:46,2.526129007,3.427618742,2.31186223
07:38:46,2.525384665,3.428158045,2.310907841
07:38:46,2.525264025,3.427459955,2.311815023
07:38:46,2.525658607,3.428522587,2.31147933
07:38:46,2.525219679,3.428919792,2.310628414
07:38:46,2.525261641,3.428364992,2.311842918
07:38:46,2.525279522,3.428644657,2.312083244
07:38:46,2.5251863,3.428785801,2.310810328
07:38:46,2.52545619,3.42803669,2.311035633
07:38:46,2.525892973,3.428370714,2.311159372
07:38:46,2.52534318,3.4285326,2.311366796
07:38:46,2.525583506,3.428381205,2.312762976
07:38:46,2.525747061,3.428137302,2.312351227
07:38:46,2.525549889,3.428479195,2.311940193
07:38:46,2.525925875,3.427930355,2.311702967
07:38:46,2.525298119,3.428392649,2.312397003
07:38:46,2.525454521,3.427755833,2.312850714
07:38:46,2.525070906,3.427154779,2.310805082
07:38:46,2.524978876,3.427262068,2.313026667
07:38:46,2.524843454,3.426837206,2.312230587
07:38:46,2.525569677,3.426714182,2.312164068
07:38:46,2.524904251,3.427655935,2.31145668
07:38:46,2.525549889,3.428456306,2.31094408
07:38:46,2.524976015,3.42886138,2.310590029
07:38:46,2.524880648,3.428601265,2.311586142
07:38:46,2.52536726,3.427542925,2.310394287
07:38:46,2.525559425,3.427817106,2.311256409
07:38:46,2.52591753,3.428808212,2.31156826
07:38:46,2.52483654,3.428369045,2.311489105
07:38:46,2.525783539,3.428059816,2.3113904
07:38:46,2.525560617,3.427656412,2.31179595
07:38:46,2.52528286,3.427918673,2.311085701
07:38:46,2.525457859,3.427927971,2.311908007
07:38:46,2.525391579,3.427630901,2.311942339
07:38:46,2.524891376,3.428109407,2.312047482
07:38:46,2.525174141,3.428204298,2.310704231
07:38:46,2.524981737,3.427299261,2.311550617
07:38:46,2.525845051,3.428268194,2.312082052
07:38:46,2.525004864,3.427707195,2.310400963
07:38:46,2.525095463,3.42828846,2.310928583
07:38:46,2.524754763,3.428396225,2.311003208
07:38:46,2.525427341,3.428727388,2.310355425
07:38:46,2.525605202,3.428901911,2.311521769
07:38:46,2.525239944,3.427675009,2.311318874
07:38:46,2.525103807,3.42848587,2.311464787
07:38:46,2.52554059,3.4283638,2.311732054
07:38:46,2.526381969,3.42941761,2.311066866
07:38:46,2.525901079,3.428782225,2.310902119
07:38:46,2.525173426,3.428142309,2.310749292
07:38:46,2.52558136,3.428422689,2.312542915
07:38:46,2.525762558,3.428027391,2.312290192
07:38:46,2.525492668,3.428113461,2.310061455
07:38:46,2.524914742,3.427830696,2.311045885
07:38:46,2.525497675,3.427842379,2.312335491
07:38:46,2.525047302,3.42717886,2.311347008
07:38:46,2.52502799,3.427084208,2.310275793
07:38:46,2.526089907,3.428039551,2.312882662
07:38:46,2.525803804,3.427604914,2.313475609
07:38:46,2.52504921,3.42740941,2.310551882
07:38:46,2.524901867,3.427561045,2.311661005
07:38:46,2.525349855,3.428134918,2.30948019
07:38:46,2.525449753,3.428292036,2.312784433
07:38:46,2.525980711,3.428558111,2.310837507
07:38:46,2.525126219,3.429020166,2.311355591
07:38:46,2.525349855,3.427919149,2.311209202
07:38:46,2.525500774,3.428038836,2.311490774
07:38:46,2.525319815,3.428789139,2.311290503
07:38:46,2.525792122,3.428815365,2.311681271
07:38:46,2.525522232,3.428866148,2.31204915
07:38:46,2.52607584,3.42775631,2.312343597
07:38:46,2.525744915,3.428428411,2.311480045
07:38:46,2.526063442,3.428045273,2.311647177
07:38:46,2.525407076,3.428052902,2.311965466
07:38:46,2.525299311,3.428282261,2.311489582
07:38:46,2.525458574,3.428382874,2.312327385
07:38:46,2.525751829,3.428639412,2.312305212
07:38:46,2.525448561,3.428239346,2.312447548
07:38:46,2.524926186,3.428168297,2.310985088
07:38:46,2.525456905,3.427120447,2.31128931
07:38:46,2.52515769,3.427877188,2.310733795
07:38:46,2.525419474,3.427988529,2.310642481
07:38:46,2.525168419,3.42811656,2.311518431
07:38:46,2.52567935,3.42903614,2.311137199
07:38:46,2.525553703,3.428698301,2.312239647
07:38:46,2.525808573,3.4284935,2.311291218
07:38:46,2.525380611,3.428328991,2.311816692
07:38:46,2.525479794,3.42761755,2.312066555
07:38:46,2.524908543,3.427616119,2.310830116
07:38:46,2.525817394,3.427959919,2.311772585
07:38:46,2.525201321,3.427582502,2.311758757
07:38:46,2.525296211,3.427738428,2.312087536
07:38:46,2.525014639,3.427925587,2.312258244
07:38:46,2.525675058,3.427360535,2.311553478
07:38:46,2.526297331,3.427719355,2.310791254
07:38:46,2.525615215,3.427491188,2.310727835
07:38:46,2.525358438,3.427970171,2.310830116
07:38:46,2.524856091,3.428448677,2.31090951
07:38:46,2.525364161,3.428504229,2.311282873
07:38:46,2.525370836,3.428800583,2.310839891
07:38:46,2.524833441,3.428617954,2.312074184
07:38:46,2.525494814,3.428699017,2.311599016
07:38:46,2.526195049,3.42895031,2.311706305
07:38:46,2.525227785,3.428159237,2.311163902
07:38:46,2.524809361,3.427578688,2.309869289
07:38:46,2.525450945,3.428369522,2.311849356
07:38:46,2.525874853,3.427788496,2.311016321
07:38:46,2.525508165,3.428645849,2.310949087
07:38:46,2.525662899,3.428503036,2.310717821
07:38:46,2.525302172,3.429074287,2.312064171
07:38:46,2.525475979,3.428508759,2.311679363
07:38:46,2.526796341,3.427452326,2.311021805
07:38:47,2.524909258,3.427186966,2.310961246
07:38:47,2.525365353,3.427828312,2.312026978
07:38:47,2.525006294,3.42723012,2.310385704
07:38:47,2.525876284,3.426980495,2.311992645
07:38:47,2.525354147,3.42773366,2.311476469
07:38:47,2.52566433,3.427443027,2.311709642
07:38:47,2.525426865,3.427657366,2.31084919
07:38:47,2.525730848,3.428709745,2.31085825
07:38:47,2.524915218,3.427589893,2.311259747
07:38:47,2.524856567,3.427953482,2.311351538
07:38:47,2.525131226,3.427796841,2.312438965
07:38:47,2.525573492,3.42871809,2.310922384
07:38:47,2.525482655,3.428010464,2.31218791
07:38:47,2.525444984,3.427757025,2.3113904
07:38:47,2.525297403,3.427589178,2.311095953
07:38:47,2.525690556,3.4281106,2.311690092
07:38:47,2.525424004,3.428597927,2.312011242
07:38:47,2.525751352,3.428642988,2.312398672
07:38:47,2.525938272,3.428412914,2.311224937
07:38:47,2.525212049,3.429092169,2.31046629
07:38:47,2.52509737,3.428435087,2.311418056
07:38:47,2.525466204,3.428052902,2.311970234
07:38:47,2.525707245,3.427773714,2.311663389
07:38:47,2.525192022,3.428075314,2.312055588
07:38:47,2.525148869,3.427770376,2.310800791
07:38:47,2.525444984,3.427924395,2.312839031
07:38:47,2.52436924,3.428215981,2.312271118
07:38:47,2.525288105,3.428649664,2.311755896
07:38:47,2.525416374,3.427956343,2.311256409
07:38:47,2.525702238,3.428593397,2.311086655
07:38:47,2.525790453,3.428767204,2.312341213
07:38:47,2.525268316,3.427736044,2.311144114
07:38:47,2.525464296,3.427676678,2.310692549
07:38:47,2.525356054,3.427594662,2.311890125
07:38:47,2.525607824,3.427819252,2.311220169
07:38:47,2.525090933,3.428702354,2.311318874
07:38:47,2.525295258,3.428586245,2.312005043
07:38:47,2.525801659,3.42822957,2.312040567
07:38:47,2.525096178,3.42805028,2.311369419
07:38:47,2.525569201,3.427031517,2.31140089
07:38:47,2.525298595,3.427430868,2.311914206
07:38:47,2.526120663,3.427433252,2.311789751
07:38:47,2.525730133,3.427883387,2.311558485
07:38:47,2.525620699,3.428131342,2.31244874
07:38:47,2.525063276,3.428442955,2.312145472
07:38:47,2.525734186,3.428229094,2.310942888
07:38:47,2.524669886,3.427864075,2.311043739
07:38:47,2.525695562,3.427689314,2.311563492
07:38:47,2.526138306,3.42790556,2.311059475
07:38:47,2.525591373,3.428596973,2.311310291
07:38:47,2.525448561,3.428982258,2.3120327
07:38:47,2.525743723,3.428630829,2.31182003
07:38:47,2.525124311,3.429231405,2.311144829
07:38:47,2.525207043,3.429234982,2.31078577
07:38:47,2.525716543,3.428966284,2.311717033
07:38:47,2.526059389,3.427798271,2.312721014
07:38:47,2.525513411,3.42755127,2.311652422
07:38:47,2.525959253,3.42828536,2.31144762
07:38:47,2.525562286,3.428359032,2.311471224
07:38:47,2.525397778,3.427654743,2.311652422
07:38:47,2.525466204,3.427172661,2.311061144
07:38:47,2.524942636,3.427812338,2.311745167
07:38:47,2.526057005,3.427328348,2.310896635
07:38:47,2.526005983,3.427471876,2.311083794
07:38:47,2.524998188,3.428117514,2.311634541
07:38:47,2.525154114,3.42741251,2.312778473
07:38:47,2.525752544,3.427847147,2.312666893
07:38:47,2.525436878,3.427694559,2.311150074
07:38:47,2.525371313,3.42775631,2.310728312
07:38:47,2.525604725,3.428636789,2.312532902
07:38:47,2.525840044,3.428700209,2.310341597
07:38:47,2.524717808,3.4282372,2.311976433
07:38:47,2.525654793,3.428318739,2.311173439
07:38:47,2.525916338,3.428534508,2.311770201
07:38:47,2.525886536,3.428830147,2.310145617
07:38:47,2.525947571,3.428056479,2.311121464
07:38:47,2.524935961,3.428211927,2.311117411
07:38:47,2.525839567,3.428269386,2.312002659
07:38:47,2.525191307,3.427829027,2.312111378
07:38:47,2.525051594,3.428709269,2.311835289
07:38:47,2.525457859,3.428340673,2.311345339
07:38:47,2.526102543,3.428315878,2.311691284
07:38:47,2.525190353,3.428107262,2.313002348
07:38:47,2.526479006,3.427981138,2.310971737
07:38:47,2.525488615,3.428089857,2.311299086
07:38:47,2.525993109,3.428174257,2.310655832
07:38:47,2.525490284,3.428422213,2.311144114
07:38:47,2.525650024,3.428261518,2.312138081
07:38:47,2.525290012,3.429073572,2.311627388
07:38:47,2.524554491,3.429009914,2.312403679
07:38:47,2.526226044,3.428460121,2.311454296
07:38:47,2.525131702,3.427578211,2.310778141
07:38:47,2.524804354,3.427906752,2.312231064
07:38:47,2.525370121,3.427728415,2.311823368
07:38:47,2.524921656,3.4277668,2.311882973
07:38:47,2.525187492,3.426992893,2.312283516
07:38:47,2.525658131,3.427529097,2.310522318
07:38:47,2.525875568,3.427199602,2.31268096
07:38:47,2.526426077,3.428035498,2.312043905
07:38:47,2.525666952,3.427945375,2.311206341
07:38:47,2.525185108,3.427408218,2.311572075
07:38:47,2.525797129,3.427055836,2.311128378
07:38:47,2.524878979,3.427677155,2.312114716
07:38:47,2.525359869,3.427837849,2.310944557
07:38:47,2.525517702,3.428342581,2.311276197
07:38:47,2.525355339,3.428772449,2.310379744
07:38:47,2.525369406,3.42904067,2.31137991
07:38:47,2.525874138,3.429889202,2.311980724
07:38:47,2.525853157,3.428821087,2.311679363
07:38:47,2.526304483,3.428906679,2.311486483
07:38:47,2.525213718,3.428558588,2.312004328
07:38:47,2.524866581,3.428408146,2.312469721
07:38:47,2.524990559,3.428310633,2.3106215
07:38:47,2.526064634,3.428622246,2.31205678
07:38:47,2.525244951,3.428421021,2.310979843
07:38:47,2.525247812,3.428214312,2.310434818
07:38:48,2.525208712,3.428296089,2.31090951
07:38:48,2.525547504,3.427803278,2.311281681
07:38:48,2.525510073,3.428058624,2.312564373
07:38:48,2.525040388,3.427392244,2.311517239
07:38:48,2.525737762,3.428057194,2.311664581
07:38:48,2.525180817,3.42726922,2.311910868
07:38:48,2.525336266,3.427332878,2.311276197
07:38:48,2.524860144,3.427647114,2.310231686
07:38:48,2.52578187,3.427412987,2.312055588
07:38:48,2.525475979,3.428507328,2.312190533
07:38:48,2.525902271,3.427249908,2.312310696
07:38:48,2.525318623,3.428243637,2.311382532
07:38:48,2.525040388,3.428236723,2.310659885
07:38:48,2.525964975,3.428421497,2.311896324
07:38:48,2.52537179,3.428155184,2.311110497
07:38:48,2.525858402,3.427868366,2.311853886
07:38:48,2.5260005,3.42829895,2.310726404
07:38:48,2.525519371,3.42828536,2.311886072
07:38:48,2.525107622,3.428109407,2.310884714
07:38:48,2.525200844,3.428438425,2.310813904
07:38:48,2.524798155,3.428041697,2.310972214
07:38:48,2.524858475,3.428042412,2.31273222
07:38:48,2.526101828,3.427885294,2.311624527
07:38:48,2.525263309,3.427439451,2.311723709
07:38:48,2.525444984,3.427390337,2.311647177
07:38:48,2.52504158,3.428696871,2.310104609
07:38:48,2.524810553,3.428041697,2.31153965
07:38:48,2.525545597,3.428049088,2.311655998
07:38:48,2.525084972,3.428726912,2.311638117
07:38:48,2.525792122,3.428440571,2.310269117
07:38:48,2.525305033,3.428019762,2.311121464
07:38:48,2.525149345,3.428783417,2.311729193
07:38:48,2.524918556,3.428315401,2.311037302
07:38:48,2.525374889,3.428024054,2.311547995
07:38:48,2.52508831,3.428095818,2.311410189
07:38:48,2.52527833,3.428234816,2.312834501
07:38:48,2.52508831,3.428598404,2.311699867
07:38:48,2.525247335,3.427484512,2.311385393
07:38:48,2.524802923,3.426983595,2.312277317
07:38:48,2.525263309,3.426588774,2.311617136
07:38:48,2.525967836,3.427734375,2.311992645
07:38:48,2.525665283,3.426937819,2.312031269
07:38:48,2.525500298,3.427594662,2.312755823
07:38:48,2.525470972,3.427715302,2.310628891
07:38:48,2.525152922,3.427710772,2.311713457
07:38:48,2.525644302,3.42784667,2.312382698
07:38:48,2.524870157,3.427685976,2.311224222
07:38:48,2.525860548,3.427425861,2.31143117
07:38:48,2.526277065,3.428166151,2.311516047
07:38:48,2.525692225,3.428603649,2.311347008
07:38:48,2.526017904,3.428496361,2.31186986
07:38:48,2.525513411,3.428175926,2.310579062
07:38:48,2.525749445,3.429099083,2.31129241
07:38:48,2.525224209,3.429360867,2.311794758
07:38:48,2.525377035,3.42896843,2.311128378
07:38:48,2.525745392,3.428794384,2.310776472
07:38:48,2.52538228,3.42842555,2.311027288
07:38:48,2.525103807,3.428343773,2.310587168
07:38:48,2.52577877,3.427882195,2.311104774
07:38:48,2.525996685,3.428649664,2.311455011
07:38:48,2.525539398,3.428724051,2.312051773
07:38:48,2.524947882,3.427651167,2.311986923
07:38:48,2.525402784,3.427742004,2.311865568
07:38:48,2.529545307,3.427772045,2.310599566
07:38:48,2.52396965,3.42491889,2.317086458
07:38:48,2.520993948,3.423524857,2.330402851
07:38:48,2.523890972,3.424006939,2.298425913
07:38:48,2.531789064,3.430170059,2.302678585
07:38:48,2.521195889,3.435678482,2.327470541
07:38:48,2.524527073,3.428393126,2.313628435
07:38:48,2.526716232,3.423460245,2.310181141
07:38:48,2.531639338,3.422756672,2.318902016
07:38:48,2.520247459,3.431249142,2.282387257
07:38:48,2.522947311,3.433475018,2.317060947
07:38:48,2.519060612,3.435863972,2.312222719
07:38:48,2.537083626,3.428448677,2.332354546
07:38:48,2.523370028,3.432441235,2.295936823
07:38:48,2.521697283,3.433252573,2.309584141
07:38:48,2.519422531,3.420927286,2.325608492
07:38:48,2.533984661,3.427760839,2.324801683
07:38:48,2.530112982,3.423580885,2.306701899
07:38:48,2.526273966,3.427540064,2.296778917
07:38:48,2.517979145,3.426399231,2.328309059
07:38:48,2.532244682,3.426945925,2.320998192
07:38:48,2.529450417,3.428529024,2.305100203
07:38:48,2.530025005,3.427531958,2.313637257
07:38:48,2.520773411,3.431434631,2.304326534
07:38:48,2.522251606,3.425207853,2.311550617
07:38:48,2.522172689,3.417610168,2.314823627
07:38:48,2.531882048,3.430161953,2.305898905
07:38:48,2.520419121,3.426125526,2.303179502
07:38:48,2.52875495,3.424583673,2.310451984
07:38:48,2.516363859,3.433020115,2.314583778
07:38:48,2.53050375,3.430872917,2.304695368
07:38:48,2.526898384,3.425121784,2.318456173
07:38:48,2.529252768,3.429085732,2.323459148
07:38:48,2.525310278,3.432290316,2.312419891
07:38:48,2.52341342,3.429970503,2.319764137
07:38:48,2.524190903,3.433867931,2.319379568
07:38:48,2.531222105,3.429561853,2.299747467
07:38:48,2.522959471,3.42423749,2.317310333
07:38:48,2.523202419,3.41154623,2.307333946
07:38:48,2.52468729,3.433086157,2.305907965
07:38:48,2.524585724,3.429905176,2.310750484
07:38:48,2.527194023,3.435060501,2.323785067
07:38:48,2.53067255,3.425828695,2.30679965
07:38:48,2.526035786,3.432669401,2.317656279
07:38:48,2.519569397,3.422324181,2.318341017
07:38:48,2.521143198,3.425778389,2.298437834
07:38:48,2.521325827,3.427715302,2.29983449
07:38:48,2.530194044,3.440528393,2.315226793
07:38:48,2.522435904,3.429200172,2.330367565
07:38:48,2.520508528,3.43186307,2.313562632
07:38:48,2.521450043,3.426393032,2.308042049
07:38:48,2.533904791,3.429682732,2.319061995
07:38:48,2.533526659,3.427078485,2.320955276
07:38:48,2.523962498,3.434328079,2.304505587
07:38:48,2.51726675,3.425598621,2.31499958
07:38:48,2.53436327,3.430256367,2.303153992
07:38:49,2.5318501,3.431055546,2.305605888
07:38:49,2.529599428,3.430429935,2.312391758
07:38:49,2.513953686,3.427987337,2.311063051
07:38:49,2.517518997,3.430262566,2.324531555
07:38:49,2.525056839,3.423886538,2.316518545
07:38:49,2.532165051,3.426560402,2.314847708
07:38:49,2.520573139,3.425200939,2.315660715
07:38:49,2.523725986,3.428796768,2.30328393
07:38:49,2.52119422,3.428111076,2.317942858
07:38:49,2.532969475,3.428428888,2.318719387
07:38:49,2.532288551,3.430146456,2.292955399
07:38:49,2.523593187,3.428596258,2.294102907
07:38:49,2.520177126,3.430978775,2.302677393
07:38:49,2.526377678,3.433632374,2.309385061
07:38:49,2.526754618,3.42707181,2.312568903
07:38:49,2.52748251,3.425639629,2.296990395
07:38:49,2.520739317,3.432766438,2.307505369
07:38:49,2.522935629,3.425516605,2.311465979
07:38:49,2.527774572,3.427076101,2.304902792
07:38:49,2.524407625,3.429425001,2.311371326
07:38:49,2.524402857,3.428109407,2.309467316
07:38:49,2.527362585,3.426338434,2.305351257
07:38:49,2.5233531,3.424277544,2.314408302
07:38:49,2.525168419,3.424536943,2.30702734
07:38:49,2.523666859,3.428175449,2.311334133
07:38:49,2.527123213,3.428122759,2.306858778
07:38:49,2.522792101,3.431471586,2.319236755
07:38:49,2.522740364,3.428104401,2.308886051
07:38:49,2.520529747,3.428724051,2.314453125
07:38:49,2.528899908,3.428807974,2.314962626
07:38:49,2.526328564,3.432527781,2.309947252
07:38:49,2.52598381,3.427206516,2.313659906
07:38:49,2.52118659,3.425783634,2.315131903
07:38:49,2.52603054,3.425026894,2.316383362
07:38:49,2.526571512,3.425768614,2.309733391
07:38:49,2.526695728,3.427113056,2.313534737
07:38:49,2.524390459,3.428604364,2.316628695
07:38:49,2.525667429,3.426301479,2.308869839
07:38:49,2.5265975,3.43100214,2.308678627
07:38:49,2.526364326,3.428155899,2.3145082
07:38:49,2.524465322,3.427985191,2.309366941
07:38:49,2.526996613,3.424836636,2.321423769
07:38:49,2.525114298,3.426459312,2.311414242
07:38:49,2.527778864,3.430038452,2.304366112
07:38:49,2.524365425,3.429769993,2.307496786
07:38:49,2.523810863,3.42954874,2.313520193
07:38:49,2.52370882,3.428147316,2.323347092
07:38:49,2.526212692,3.429120779,2.31534481
07:38:49,2.527185917,3.43362546,2.302373171
07:38:49,2.525542259,3.429031372,2.320668936
07:38:49,2.52671504,3.424230576,2.310251951
07:38:49,2.524483681,3.426589251,2.30343318
07:38:49,2.523306847,3.426150084,2.317425728
07:38:49,2.526105404,3.429283381,2.314493179
07:38:49,2.52711606,3.429204226,2.314599991
07:38:49,2.525776863,3.42599678,2.317041874
07:38:49,2.525724411,3.427707195,2.311554909
07:38:49,2.525522947,3.431808233,2.311412573
07:38:49,2.526527166,3.427997828,2.311271429
07:38:49,2.525920868,3.426429272,2.309370279
07:38:49,2.524631739,3.426102161,2.318446398
07:38:49,2.525671005,3.428011179,2.318430424
07:38:49,2.527114391,3.429577589,2.311432838
07:38:49,2.527302265,3.42904067,2.301129103
07:38:49,2.52466321,3.4257164,2.30884409
07:38:49,2.52319479,3.430422068,2.319983244
07:38:49,2.524914265,3.43218255,2.305318594
07:38:49,2.524677992,3.429150343,2.307021618
07:38:49,2.525801659,3.42535305,2.31445694
07:38:49,2.522936821,3.425842524,2.3187356
07:38:49,2.52520895,3.427601337,2.306690216
07:38:49,2.524353027,3.431015253,2.311103106
07:38:49,2.525552273,3.4266541,2.314014912
07:38:49,2.525469065,3.427100182,2.308423042
07:38:49,2.524299622,3.428941727,2.308103085
07:38:49,2.523807287,3.430084467,2.311140776
07:38:49,2.52586627,3.429112911,2.309477329
07:38:49,2.527219057,3.423873901,2.309436083
07:38:49,2.525535822,3.427501917,2.305514336
07:38:49,2.522982836,3.428683043,2.31023407
07:38:49,2.524646997,3.429506063,2.314287663
07:38:49,2.52554059,3.427159071,2.310482502
07:38:49,2.524913549,3.425744295,2.31007266
07:38:49,2.526217461,3.427240133,2.314060688
07:38:49,2.525371313,3.432109833,2.313366652
07:38:49,2.52637434,3.428104877,2.310226679
07:38:49,2.524477243,3.429026842,2.312367916
07:38:49,2.523872375,3.427481174,2.308574677
07:38:49,2.524685621,3.427011251,2.313181162
07:38:49,2.527916193,3.425901413,2.307756424
07:38:49,2.52426815,3.427916527,2.3107934
07:38:49,2.525763512,3.429863214,2.311015606
07:38:49,2.523066759,3.432630777,2.309355736
07:38:49,2.527649641,3.429633141,2.310991526
07:38:49,2.526231527,3.426712513,2.317026854
07:38:49,2.528215647,3.425546646,2.312781572
07:38:49,2.524496555,3.426398039,2.308742046
07:38:49,2.526178598,3.425041437,2.308216333
07:38:49,2.526821375,3.42701602,2.320745707
07:38:49,2.52648139,3.427446604,2.304794788
07:38:49,2.523838997,3.428061485,2.306801319
07:38:49,2.523839951,3.42925334,2.311807632
07:38:49,2.527098656,3.428634405,2.313751936
07:38:49,2.524906874,3.431073427,2.313285828
07:38:49,2.524882555,3.428676605,2.311707497
07:38:49,2.523228407,3.424504995,2.311658382
07:38:49,2.525691509,3.425661325,2.314960241
07:38:49,2.527555227,3.428615093,2.313999653
07:38:49,2.52600956,3.427255869,2.311626196
07:38:49,2.524426222,3.429842234,2.307684183
07:38:49,2.525039673,3.428710461,2.31499815
07:38:49,2.526157856,3.429362535,2.310325861
07:38:49,2.525710106,3.42665863,2.308198929
07:38:49,2.524970055,3.42689538,2.315850735
07:38:49,2.525035381,3.42626667,2.315852404
07:38:49,2.524921656,3.429434776,2.312089682
07:38:49,2.52646637,3.429433107,2.310770273
07:38:49,2.524182081,3.428608656,2.31262064
07:38:49,2.526414633,3.427870274,2.315502644
07:38:50,2.525389433,3.429922581,2.308231354
07:38:50,2.525290966,3.429037333,2.314001322
07:38:50,2.524445772,3.430441618,2.31316781
07:38:50,2.525944471,3.426640987,2.310150146
07:38:50,2.525255442,3.425650597,2.310899019
07:38:50,2.526779652,3.424641609,2.31039238
07:38:50,2.524813652,3.428070068,2.310997248
07:38:50,2.526339769,3.428563833,2.315207481
07:38:50,2.525073767,3.428551435,2.308995724
07:38:50,2.524895191,3.428685427,2.306462765
07:38:50,2.526097298,3.429270029,2.316618443
07:38:50,2.526165247,3.427861452,2.313607931
07:38:50,2.526049852,3.429032087,2.307873726
07:38:50,2.525779724,3.425937891,2.313111305
07:38:50,2.525947094,3.427231312,2.314347982
07:38:50,2.526311636,3.428356886,2.311257362
07:38:50,2.525442123,3.42816782,2.309497595
07:38:50,2.524540901,3.427514791,2.311718225
07:38:50,2.525392771,3.428533316,2.31713891
07:38:50,2.526144028,3.42820549,2.314249277
07:38:50,2.525744915,3.430170536,2.306055307
07:38:50,2.52337122,3.426293612,2.307834148
07:38:50,2.525860548,3.424250841,2.315727234
07:38:50,2.524996042,3.425877094,2.314362526
07:38:50,2.525357246,3.429083824,2.306680202
07:38:50,2.524547338,3.428754568,2.311260939
07:38:50,2.525535822,3.428042889,2.312686682
07:38:50,2.524745226,3.425917625,2.313973904
07:38:50,2.524600267,3.429583311,2.308487654
07:38:50,2.524600267,3.429244518,2.314999104
07:38:50,2.525901079,3.42868042,2.312290907
07:38:50,2.525775433,3.429302454,2.31137991
07:38:50,2.526263714,3.429007292,2.3089993
07:38:50,2.524376154,3.428405523,2.308057785
07:38:50,2.526394844,3.428024054,2.312299967
07:38:50,2.525132418,3.428798914,2.314464331
07:38:50,2.526587963,3.427612543,2.307802916
07:38:50,2.524804831,3.430039406,2.30973053
07:38:50,2.525675535,3.42745471,2.312834978
07:38:50,2.524677277,3.426054239,2.313589573
07:38:50,2.526099205,3.426182985,2.31152916
07:38:50,2.525553703,3.426296949,2.313607454
07:38:50,2.525617361,3.427431583,2.311085939
07:38:50,2.526125431,3.428067684,2.31095314
07:38:50,2.5257442,3.426239729,2.311811447
07:38:50,2.525533915,3.429796219,2.30709815
07:38:50,2.526015759,3.429393768,2.313340187
07:38:50,2.525669336,3.430571318,2.309738398
07:38:50,2.526114941,3.42933917,2.310751677
07:38:50,2.525620222,3.425223112,2.316001177
07:38:50,2.524933815,3.427219391,2.309729815
07:38:50,2.525675058,3.428450346,2.311136246
07:38:50,2.52615118,3.431088686,2.308794737
07:38:50,2.525838375,3.430082083,2.312611341
07:38:50,2.525725603,3.42860198,2.312508583
07:38:50,2.526857853,3.42802906,2.307937145
07:38:50,2.52627182,3.427394629,2.308663368
07:38:50,2.524730921,3.428303003,2.316833973
07:38:50,2.525626898,3.428483963,2.30770278
07:38:50,2.525255442,3.428668022,2.311774969
07:38:50,2.525241852,3.429123402,2.31168437
07:38:50,2.525582314,3.427882195,2.316217661
07:38:50,2.525313854,3.427953482,2.314244509
07:38:50,2.524699211,3.428630114,2.305297613
07:38:50,2.524590254,3.429563284,2.313110828
07:38:50,2.525303841,3.429472446,2.320188046
07:38:50,2.52562809,3.427153587,2.310713291
07:38:50,2.526692152,3.427357197,2.307090759
07:38:50,2.524875164,3.428117275,2.311739922
07:38:50,2.524744749,3.42859149,2.314240456
07:38:50,2.524895668,3.427923203,2.309565067
07:38:50,2.525264025,3.427674294,2.312896013
07:38:50,2.52614522,3.426410675,2.312268257
07:38:50,2.525289536,3.42721653,2.312478542
07:38:50,2.524702549,3.427177668,2.313378572
07:38:50,2.525583506,3.428861856,2.312237263
07:38:50,2.525678158,3.429706573,2.312368631
07:38:50,2.525226116,3.428449869,2.311173916
07:38:50,2.524856567,3.427131414,2.312691689
07:38:50,2.524985552,3.42792654,2.310959578
07:38:50,2.526242018,3.428207636,2.310773134
07:38:50,2.525172949,3.428095102,2.311128378
07:38:50,2.525384665,3.42947197,2.309403658
07:38:50,2.52529335,3.430320263,2.311875343
07:38:50,2.525641918,3.426250696,2.309372187
07:38:50,2.524961472,3.42791748,2.310540199
07:38:50,2.525786638,3.42593956,2.308445215
07:38:50,2.526084423,3.428838968,2.313297272
07:38:50,2.525381088,3.429020166,2.311406851
07:38:50,2.525065899,3.426226854,2.30995512
07:38:50,2.525434971,3.428093433,2.312105417
07:38:50,2.524908543,3.429758072,2.311731339
07:38:50,2.526623726,3.428872585,2.309611559
07:38:50,2.525678158,3.429125786,2.313399315
07:38:50,2.526550531,3.426859856,2.311644316
07:38:50,2.525550604,3.424807787,2.312255859
07:38:50,2.525592566,3.42829442,2.310343266
07:38:50,2.525656462,3.429425001,2.31307888
07:38:50,2.525444508,3.428726912,2.314046621
07:38:50,2.526557207,3.428548574,2.312584162
07:38:50,2.525618315,3.427554131,2.306210279
07:38:50,2.524574518,3.427387953,2.315713406
07:38:50,2.526133776,3.426182508,2.310908318
07:38:50,2.525594473,3.428271294,2.307655334
07:38:50,2.525585651,3.429120302,2.304543734
07:38:50,2.525528193,3.427736759,2.318297625
07:38:50,2.525140047,3.427955151,2.313793182
07:38:50,2.525961399,3.427083731,2.309592485
07:38:50,2.525158405,3.428100109,2.312049627
07:38:50,2.525127888,3.429397821,2.314839125
07:38:50,2.525477886,3.42942214,2.312440157
07:38:50,2.525414467,3.428169489,2.309283972
07:38:50,2.526161909,3.426267862,2.310566187
07:38:50,2.525706053,3.427068949,2.311175823
07:38:50,2.525510073,3.429587364,2.310569048
07:38:51,2.524639368,3.430062294,2.308798313
07:38:51,2.525697947,3.42799449,2.313641548
07:38:51,2.525807142,3.428108692,2.312112093
07:38:51,2.52504158,3.42742157,2.314128399
07:38:51,2.525584936,3.428939581,2.310121298
07:38:51,2.525020599,3.429562569,2.31377697
07:38:51,2.525565624,3.428761959,2.316037178
07:38:51,2.525960207,3.426886797,2.305452824
07:38:51,2.526017904,3.42722106,2.310922384
07:38:51,2.525238514,3.426429272,2.315033913
07:38:51,2.525236607,3.426743746,2.314999104
07:38:51,2.526107311,3.428927898,2.310521126
07:38:51,2.525756359,3.429054499,2.305458069
07:38:51,2.526185751,3.428245544,2.312194824
07:38:51,2.525802135,3.425303459,2.315164089
07:38:51,2.526096106,3.426380634,2.31425786
07:38:51,2.524950266,3.427083731,2.309169531
07:38:51,2.524512291,3.428974867,2.307847023
07:38:51,2.524824858,3.427726269,2.312504053
07:38:51,2.526680946,3.427322865,2.315199852
07:38:51,2.525966167,3.427175522,2.309262276
07:38:51,2.526035309,3.429597378,2.313158035
07:38:51,2.52640295,3.427922726,2.31501174
07:38:51,2.52561307,3.427801609,2.313585281
07:38:51,2.525943756,3.427380562,2.308365107
07:38:51,2.525319815,3.427221775,2.315933228
07:38:51,2.525515318,3.428551435,2.318012476
07:38:51,2.525229454,3.429200172,2.312437534
07:38:51,2.525505304,3.428455114,2.31024313
07:38:51,2.525034189,3.429263115,2.310424566
07:38:51,2.52533865,3.429500103,2.311760902
07:38:51,2.524855375,3.427417517,2.315935135
07:38:51,2.524746418,3.427156925,2.310643435
07:38:51,2.525021315,3.429816008,2.307773113
07:38:51,2.524487257,3.429101944,2.313474417
07:38:51,2.525363684,3.42788291,2.313353062
07:38:51,2.52644515,3.426659107,2.309207916
07:38:51,2.526010036,3.426910639,2.312969685
07:38:51,2.524895668,3.426402092,2.31302619
07:38:51,2.525331259,3.428908348,2.312059164
07:38:51,2.525430679,3.429856777,2.312064171
07:38:51,2.525598526,3.427772045,2.308930635
07:38:51,2.525578976,3.424017668,2.312415361
07:38:51,2.525526524,3.427559853,2.310557127
07:38:51,2.524966002,3.425777674,2.310029745
07:38:51,2.524842024,3.42861414,2.31366539
07:38:51,2.526016712,3.427266359,2.307940483
07:38:51,2.525286913,3.428444147,2.314679623
07:38:51,2.524667501,3.428313494,2.313310146
07:38:51,2.524630547,3.427324533,2.311049461
07:38:51,2.526092529,3.425621271,2.312196016
07:38:51,2.525371313,3.426259279,2.312241316
07:38:51,2.524838448,3.428231955,2.310051441
07:38:51,2.524359465,3.428373098,2.312155485
07:38:51,2.525468588,3.427443027,2.312521935
07:38:51,2.525107384,3.428421497,2.316591501
07:38:51,2.525926352,3.431622028,2.308371782
07:38:51,2.524986029,3.429458618,2.309314728
07:38:51,2.52537179,3.42747879,2.318575621
07:38:51,2.526202679,3.427777767,2.314042091
07:38:51,2.525080919,3.427694559,2.308748484
07:38:51,2.524190903,3.428126335,2.311740637
07:38:51,2.525867462,3.429598093,2.313225269
07:38:51,2.524706125,3.427159071,2.310407877
07:38:51,2.525928736,3.427880526,2.308027506
07:38:51,2.525631428,3.430053234,2.312368631
07:38:51,2.525856733,3.428805828,2.314264297
07:38:51,2.524561644,3.426517725,2.312527657
07:38:51,2.524985552,3.428123951,2.310169697
07:38:51,2.526353836,3.42788744,2.308319569
07:38:51,2.527029991,3.426669836,2.31537199
07:38:51,2.525514126,3.42626524,2.311594486
07:38:51,2.523168087,3.429097414,2.305504322
07:38:51,2.52638483,3.431174755,2.30761528
07:38:51,2.525669813,3.428863764,2.315180302
07:38:51,2.526968718,3.427361012,2.313831806
07:38:51,2.524298429,3.426491737,2.30769062
07:38:51,2.52479434,3.424644232,2.315486431
07:38:51,2.526028395,3.42712903,2.311454296
07:38:51,2.527174711,3.428201199,2.309522629
07:38:51,2.52483654,3.430219173,2.31169486
07:38:51,2.525424004,3.426946402,2.314284563
07:38:51,2.525166512,3.42778182,2.311703444
07:38:51,2.525985003,3.427972555,2.310674191
07:38:51,2.52589941,3.429703712,2.31506896
07:38:51,2.525453329,3.426863432,2.30930829
07:38:51,2.525112629,3.426685333,2.312294722
07:38:51,2.525313377,3.426936626,2.3124578
07:38:51,2.526712656,3.429392576,2.315212965
07:38:51,2.525880098,3.431183815,2.309809923
07:38:51,2.525174618,3.42986989,2.312265873
07:38:51,2.524977207,3.429356337,2.314920425
07:38:51,2.524179697,3.430682182,2.311951876
07:38:51,2.525549412,3.429636717,2.310678482
07:38:51,2.524774075,3.424829245,2.311481714
07:38:51,2.524629354,3.426516533,2.316540718
07:38:51,2.525637627,3.427343607,2.311395645
07:38:51,2.52649951,3.430318832,2.310897827
07:38:51,2.525271177,3.425485373,2.307703495
07:38:51,2.523928165,3.426934004,2.315020084
07:38:51,2.525409937,3.427480459,2.315073252
07:38:51,2.526135445,3.428649187,2.309740782
07:38:51,2.525496483,3.42842555,2.308500528
07:38:51,2.525511265,3.428818703,2.313434362
07:38:51,2.526014566,3.425878286,2.316058636
07:38:51,2.526563406,3.427096605,2.307007074
07:38:51,2.525281668,3.426936626,2.307761908
07:38:51,2.525121212,3.429921389,2.312258244
07:38:51,2.525094986,3.429590702,2.312767506
07:38:51,2.526791096,3.428554535,2.308963776
07:38:51,2.524610281,3.428174257,2.308519602
07:38:51,2.524855375,3.431445599,2.313863516
07:38:51,2.525688171,3.425224304,2.313941717
07:38:51,2.526133776,3.424941063,2.308855772
07:38:51,2.526041746,3.425332308,2.306864262
07:38:51,2.52395606,3.427156448,2.311311007
07:38:51,2.524334908,3.430375814,2.315244675
07:38:51,2.525416851,3.428936243,2.312523127
07:38:51,2.526658297,3.429428577,2.305250883
07:38:52,2.526593924,3.42990303,2.313703775
07:38:52,2.525369406,3.428281784,2.314017534
07:38:52,2.525203705,3.42591238,2.313231707
07:38:52,2.525718451,3.424814939,2.313444853
07:38:52,2.525624275,3.42856884,2.312513113
07:38:52,2.526919842,3.431740761,2.309818268
07:38:52,2.525476694,3.431262493,2.31050992
07:38:52,2.52584672,3.427356482,2.310690165
07:38:52,2.524152994,3.429219246,2.312874556
07:38:52,2.526091099,3.428027391,2.312499285
07:38:52,2.527015448,3.430876255,2.312401772
07:38:52,2.525359154,3.426566124,2.316430807
07:38:52,2.524674416,3.425876617,2.314903259
07:38:52,2.525638103,3.426050186,2.310390472
07:38:52,2.526041031,3.427510023,2.311359644
07:38:52,2.525887251,3.427947521,2.311484575
07:38:52,2.524418354,3.428302526,2.313441277
07:38:52,2.524927378,3.428196907,2.31249404
07:38:52,2.525504112,3.430024385,2.310853958
07:38:52,2.526065826,3.428554535,2.311798334
07:38:52,2.52562809,3.428203106,2.311490297
07:38:52,2.524835587,3.42681241,2.313835621
07:38:52,2.524847746,3.4259305,2.312705755
07:38:52,2.526152134,3.428090334,2.311800957
07:38:52,2.524487734,3.429382324,2.313509941
07:38:52,2.525997162,3.428411245,2.308177471
07:38:52,2.525755405,3.429296255,2.310507059
07:38:52,2.525466681,3.42744875,2.306951284
07:38:52,2.524392843,3.427888632,2.314762115
07:38:52,2.526964188,3.426718712,2.312646627
07:38:52,2.525699854,3.42488265,2.309438944
07:38:52,2.524857283,3.42371726,2.311535835
07:38:52,2.525210142,3.431291819,2.310695171
07:38:52,2.526247025,3.432388306,2.313015461
07:38:52,2.527060509,3.431136131,2.309704781
07:38:52,2.52422142,3.428240061,2.311757088
07:38:52,2.525093794,3.428067684,2.314859629
07:38:52,2.526824474,3.429999352,2.312295914
07:38:52,2.525702238,3.428111792,2.306198359
07:38:52,2.524608612,3.427353382,2.3125
07:38:52,2.525112629,3.427614927,2.3165133
07:38:52,2.525666475,3.427790403,2.314029217
07:38:52,2.524420977,3.428039551,2.307539701
07:38:52,2.525725603,3.427639961,2.31146431
07:38:52,2.525403976,3.427730322,2.314966202
07:38:52,2.525743008,3.427540064,2.314505577
07:38:52,2.524318457,3.42777133,2.310911417
07:38:52,2.525167465,3.426650047,2.311349869
07:38:52,2.525623798,3.425418377,2.315705776
07:38:52,2.524614811,3.427027941,2.312319756
07:38:52,2.52504921,3.42983532,2.316272259
07:38:52,2.526190281,3.429332972,2.310996771
07:38:52,2.526240349,3.430024385,2.307406664
07:38:52,2.52488637,3.428535461,2.312006712
07:38:52,2.525750637,3.429937124,2.309906483
07:38:52,2.525933743,3.430870056,2.309846163
07:38:52,2.525246143,3.427364111,2.310683012
07:38:52,2.525362968,3.426704645,2.31569314
07:38:52,2.526087523,3.425347805,2.312230587
07:38:52,2.525590897,3.425243855,2.311996937
07:38:52,2.524741888,3.430139065,2.309857607
07:38:52,2.525189638,3.429000854,2.313969374
07:38:52,2.525464296,3.428741217,2.307598829
07:38:52,2.523136854,3.426942587,2.311633825
07:38:52,2.525046349,3.427219868,2.315876722
07:38:52,2.525119305,3.429079771,2.311187506
07:38:52,2.525463581,3.425590992,2.313005209
07:38:52,2.525145769,3.428517103,2.312961102
07:38:52,2.526137829,3.4289608,2.312228203
07:38:52,2.525030613,3.430357933,2.31393218
07:38:52,2.526569843,3.428265572,2.31187892
07:38:52,2.524690628,3.429393768,2.308322668
07:38:52,2.524631023,3.428166866,2.314078569
07:38:52,2.525209665,3.429634333,2.309788465
07:38:52,2.526610136,3.425873756,2.313308001
07:38:52,2.525588512,3.424611568,2.310692549
07:38:52,2.52571559,3.424648285,2.308031559
07:38:52,2.525495291,3.43060708,2.316319704
07:38:52,2.526548624,3.430179834,2.310847521
07:38:52,2.526542902,3.428501368,2.311626196
07:38:52,2.525927067,3.426584244,2.310564995
07:38:52,2.524774075,3.427640676,2.313341379
07:38:52,2.526726246,3.428226948,2.312279224
07:38:52,2.52639246,3.42779398,2.308980703
07:38:52,2.524332047,3.426455498,2.307347298
07:38:52,2.525505304,3.428457499,2.315348387
07:38:52,2.525426865,3.428714752,2.311344147
07:38:52,2.525475979,3.428658009,2.31192255
07:38:52,2.52534914,3.429222822,2.312781572
07:38:52,2.525942087,3.430151463,2.311647892
07:38:52,2.52606988,3.429759741,2.309725285
07:38:52,2.523820639,3.428104401,2.311848879
07:38:52,2.5265975,3.427914143,2.315015793
07:38:52,2.5257442,3.426322937,2.315446854
07:38:52,2.524149179,3.424832821,2.310362339
07:38:52,2.524760008,3.427817583,2.315397501
07:38:52,2.525026321,3.431264877,2.316985607
07:38:52,2.526600838,3.429314613,2.313282728
07:38:52,2.524548531,3.426321983,2.310638905
07:38:52,2.525463104,3.428730726,2.313987255
07:38:52,2.527511835,3.4290483,2.311202288
07:38:52,2.525843859,3.428552151,2.310866594
07:38:52,2.526021004,3.42699337,2.308856249
07:38:52,2.525863886,3.427336216,2.311205149
07:38:52,2.525630236,3.427801609,2.313868999
07:38:52,2.525926352,3.429033279,2.30834651
07:38:52,2.525380135,3.4290483,2.30825758
07:38:52,2.524935484,3.428729057,2.313161373
07:38:52,2.524326324,3.428503752,2.316703081
07:38:52,2.527106524,3.427813053,2.305896282
07:38:52,2.524807453,3.427921057,2.307464361
07:38:52,2.523385525,3.427008867,2.311850548
07:38:52,2.526835442,3.427827835,2.312718153
07:38:52,2.526025772,3.429074287,2.308857918
07:38:52,2.525324583,3.428446054,2.309423923
07:38:52,2.525135756,3.429834843,2.313828945
07:38:53,2.525444984,3.427906275,2.315677643
07:38:53,2.526111841,3.429136753,2.305398226
07:38:53,2.524991274,3.430403471,2.307451248
07:38:53,2.525744915,3.426972628,2.312641621
07:38:53,2.525395393,3.426994562,2.316706181
07:38:53,2.525873661,3.426545858,2.314163923
07:38:53,2.526246548,3.427350521,2.311957359
07:38:53,2.526240826,3.429917574,2.308951139
07:38:53,2.525097609,3.429240465,2.312244177
07:38:53,2.525668621,3.42931366,2.309386015
07:38:53,2.524571896,3.427436352,2.307676554
07:38:53,2.52543211,3.426433325,2.316017389
07:38:53,2.526244879,3.42600441,2.313791037
07:38:53,2.526415825,3.427045584,2.308301449
07:38:53,2.524532795,3.427546978,2.311192989
07:38:53,2.525198936,3.429053307,2.311752796
07:38:53,2.525423288,3.429428816,2.312022924
07:38:53,2.524209023,3.427770853,2.308259726
07:38:53,2.525401115,3.427075386,2.314758062
07:38:53,2.525489569,3.428173065,2.313895464
07:38:53,2.526065826,3.427211285,2.307580948
07:38:53,2.523201942,3.424843311,2.31237483
07:38:53,2.525478601,3.42749691,2.316389561
07:38:53,2.526293516,3.428578138,2.307631016
07:38:53,2.525480986,3.43018961,2.314145088
07:38:53,2.525110006,3.430642366,2.312730551
07:38:53,2.526168108,3.429050446,2.30845046
07:38:53,2.525388241,3.427912474,2.30969739
07:38:53,2.523910999,3.427569628,2.31118083
07:38:53,2.52503109,3.427391768,2.314241648
07:38:53,2.525563478,3.428687572,2.312726736
07:38:53,2.524436951,3.426667213,2.310690165
07:38:53,2.526212692,3.428526402,2.320731401
07:38:53,2.527393579,3.429547071,2.314460278
07:38:53,2.525727272,3.428373814,2.310361385
07:38:53,2.524708509,3.425987005,2.312417746
07:38:53,2.524838448,3.427349329,2.312650919
07:38:53,2.525857925,3.426719427,2.313724041
07:38:53,2.524856091,3.427417994,2.307855606
07:38:53,2.526601791,3.428072453,2.3098948
07:38:53,2.522722006,3.42986083,2.312412262
07:38:53,2.526706696,3.431133509,2.31387639
07:38:53,2.526513577,3.428271294,2.305894852
07:38:53,2.524940491,3.426032066,2.310778856
07:38:53,2.524338961,3.424709082,2.315378904
07:38:53,2.523163795,3.42868638,2.310738087
07:38:53,2.526121616,3.429701328,2.307775497
07:38:53,2.526435137,3.432246923,2.307243824
07:38:53,2.523693323,3.431295633,2.315052986
07:38:53,2.523532152,3.426768064,2.310917616
07:38:53,2.524060488,3.422785997,2.314894438
07:38:53,2.527224302,3.426683664,2.309131861
07:38:53,2.525812149,3.431954384,2.304053783
07:38:53,2.525178194,3.430152655,2.314429283
07:38:53,2.523178101,3.428533316,2.316110134
07:38:53,2.52708745,3.429636002,2.305840969
07:38:53,2.525141716,3.428055286,2.305435658
07:38:53,2.527396679,3.426483154,2.311779022
07:38:53,2.525076151,3.4267869,2.310002804
07:38:53,2.526693344,3.427952766,2.315579414
07:38:53,2.525141716,3.427462101,2.312836647
07:38:53,2.525904655,3.426910162,2.310609102
07:38:53,2.526198149,3.42680788,2.308236122
07:38:53,2.525830269,3.430833101,2.314722061
07:38:53,2.526496649,3.431182623,2.314511061
07:38:53,2.526939869,3.430417061,2.307320595
07:38:53,2.525269032,3.428670645,2.314859629
07:38:53,2.526448965,3.428123474,2.314033508
07:38:53,2.524041653,3.425879955,2.308717489
07:38:53,2.525538206,3.426705122,2.309400797
07:38:53,2.523895264,3.427145004,2.309338808
07:38:53,2.525117636,3.429214478,2.314035416
07:38:53,2.526412249,3.428420305,2.317150354
07:38:53,2.528134346,3.427405596,2.3110044
07:38:53,2.523887634,3.426947594,2.318600655
07:38:53,2.524774075,3.429646969,2.305162191
07:38:53,2.527267218,3.428409338,2.307754517
07:38:53,2.526273012,3.425277233,2.31622982
07:38:53,2.525987387,3.428303003,2.308568954
07:38:53,2.522896528,3.431635857,2.310180664
07:38:53,2.523251295,3.428375006,2.31507206
07:38:53,2.527585506,3.429371119,2.314594507
07:38:53,2.526565075,3.43050456,2.310913086
07:38:53,2.523451328,3.426981211,2.313344479
07:38:53,2.524268866,3.426154852,2.309444904
07:38:53,2.524160862,3.429503679,2.305356741
07:38:53,2.526631832,3.428506613,2.313673019
07:38:53,2.526329041,3.430151463,2.311633825
07:38:53,2.525796413,3.425738573,2.314953804
07:38:53,2.523271322,3.426337242,2.316017866
07:38:53,2.527085543,3.427552462,2.312226772
07:38:53,2.527202368,3.429929018,2.307957888
07:38:53,2.526787519,3.431257725,2.305747271
07:38:53,2.523875952,3.428897381,2.312108994
07:38:53,2.525359154,3.424511433,2.31312871
07:38:53,2.524945021,3.425421238,2.304159164
07:38:53,2.526034594,3.429115295,2.310177803
07:38:53,2.525012493,3.430524349,2.31582737
07:38:53,2.525543928,3.425997257,2.311636209
07:38:53,2.525016785,3.426859856,2.310888529
07:38:53,2.525873661,3.430578232,2.309823513
07:38:53,2.526618481,3.428815842,2.309228182
07:38:53,2.526395798,3.42754364,2.312894821
07:38:53,2.523996353,3.428771734,2.303926229
07:38:53,2.525271177,3.428482771,2.30979085
07:38:53,2.525116682,3.425677776,2.313667774
07:38:53,2.528397799,3.427845955,2.310155153
07:38:53,2.525355339,3.42778182,2.305315495
07:38:53,2.52606988,3.427338362,2.31535387
07:38:53,2.525145292,3.429209948,2.310508728
07:38:53,2.52586174,3.429557323,2.306055784
07:38:53,2.526585102,3.427598953,2.311435699
07:38:53,2.526839972,3.42412138,2.311205149
07:38:53,2.524912119,3.423367739,2.312768698
07:38:53,2.524759293,3.426956415,2.310678482
07:38:53,2.525826216,3.429021358,2.311393976
07:38:53,2.526675224,3.42730999,2.315774441
07:38:53,2.525941372,3.426346302,2.313009739
07:38:53,2.524604797,3.427666187,2.312187195
07:38:54,2.525379419,3.431063652,2.308528185
07:38:54,2.525825739,3.428458929,2.312263727
07:38:54,2.525201321,3.427335024,2.313439846
07:38:54,2.525479794,3.426331043,2.310069799
07:38:54,2.523671627,3.429560661,2.308984756
07:38:54,2.526562691,3.431910515,2.309915781
07:38:54,2.526955843,3.430417538,2.31093049
07:38:54,2.525412798,3.429142237,2.310889721
07:38:54,2.525865078,3.426663399,2.315051317
07:38:54,2.524796963,3.427814245,2.312341213
07:38:54,2.525210142,3.42599678,2.310681343
07:38:54,2.525409937,3.424801111,2.307327747
07:38:54,2.525215387,3.425344706,2.314815521
07:38:54,2.525702715,3.42770195,2.313925743
07:38:54,2.526097775,3.429390907,2.309233427
07:38:54,2.524669409,3.427950382,2.31118536
07:38:54,2.524945021,3.426916838,2.311736584
07:38:54,2.525976658,3.428866625,2.312528133
07:38:54,2.526550531,3.428684711,2.314165592
07:38:54,2.526002884,3.427648306,2.3073318
07:38:54,2.525718927,3.425048351,2.310954809
07:38:54,2.526421785,3.427013636,2.313046455
07:38:54,2.526228666,3.428741217,2.305958748
07:38:54,2.525587797,3.431089163,2.306546926
07:38:54,2.525290012,3.425888777,2.31307745
07:38:54,2.525266647,3.428185225,2.315843582
07:38:54,2.52630353,3.426363945,2.310559988
07:38:54,2.525477886,3.425674438,2.309160709
07:38:54,2.526322842,3.429740429,2.311085939
07:38:54,2.526007175,3.425482035,2.311661005
07:38:54,2.525623798,3.426675081,2.310497284
07:38:54,2.525725126,3.428403854,2.313742638
07:38:54,2.526468992,3.428474903,2.308192015
07:38:54,2.525295734,3.427900314,2.312425375
07:38:54,2.525453806,3.427825212,2.314320564
07:38:54,2.525604725,3.427807093,2.308224916
07:38:54,2.525583982,3.428498983,2.309719324
07:38:54,2.525042295,3.428897858,2.310450792
07:38:54,2.526277781,3.42696166,2.312021494
07:38:54,2.525625229,3.428114653,2.309165716
07:38:54,2.525265455,3.430567026,2.311588049
07:38:54,2.525340796,3.431074619,2.312947512
07:38:54,2.525890589,3.428153992,2.312818527
07:38:54,2.524762869,3.427129745,2.311633348
07:38:54,2.525444984,3.428153992,2.311376095
07:38:54,2.525111198,3.430352211,2.310177088
07:38:54,2.525426149,3.430012941,2.31329155
07:38:54,2.52504468,3.427345514,2.311712742
07:38:54,2.525732994,3.425274849,2.312835693
07:38:54,2.525928736,3.427494526,2.311015606
07:38:54,2.52555728,3.429686785,2.308797121
07:38:54,2.525062084,3.429068804,2.317199945
07:38:54,2.525299788,3.426508188,2.309030056
07:38:54,2.525308609,3.42876935,2.311323881
07:38:54,2.524652004,3.428114653,2.31196785
07:38:54,2.525669813,3.427349329,2.314806461
07:38:54,2.52606988,3.42803669,2.309936047
07:38:54,2.526022911,3.427155256,2.310438156
07:38:54,2.525346041,3.427939415,2.308432341
07:38:54,2.52468729,3.428632021,2.311455488
07:38:54,2.525684595,3.430499554,2.311354399
07:38:54,2.525542974,3.430156708,2.310640097
07:38:54,2.525095463,3.428428411,2.312535286
07:38:54,2.525106192,3.429527998,2.307455778
07:38:54,2.524804354,3.429936409,2.318669796
07:38:54,2.525867939,3.427980423,2.314799786
07:38:54,2.52570653,3.427197695,2.30779171
07:38:54,2.525187016,3.4282794,2.31458497
07:38:54,2.52625823,3.429646492,2.313275814
07:38:54,2.52603817,3.430458546,2.315334082
07:38:54,2.525333166,3.426407814,2.31452632
07:38:54,2.525665283,3.42565012,2.311072588
07:38:54,2.524202585,3.427436829,2.310976982
07:38:54,2.525046349,3.427395821,2.308772326
07:38:54,2.524883032,3.428228378,2.30967927
07:38:54,2.525193214,3.427044153,2.310613871
07:38:54,2.524274111,3.426114321,2.315416098
07:38:54,2.524960279,3.428613424,2.312977791
07:38:54,2.526065826,3.429403543,2.314302206
07:38:54,2.525658607,3.429823399,2.309219837
07:38:54,2.52529335,3.428380489,2.313119411
07:38:54,2.525620222,3.428559065,2.311700583
07:38:54,2.52584672,3.429757595,2.309620142
07:38:54,2.525320768,3.427218676,2.311440945
07:38:54,2.526451588,3.428341389,2.310120344
07:38:54,2.525433302,3.429607153,2.311109781
07:38:54,2.52600956,3.430497169,2.311849356
07:38:54,2.52502346,3.426674366,2.312627554
07:38:54,2.524441957,3.425871372,2.316224098
07:38:54,2.525535822,3.425711393,2.311109304
07:38:54,2.52550149,3.426485538,2.309616327
07:38:54,2.52463007,3.428241253,2.314815521
07:38:54,2.525446892,3.42722106,2.311860323
07:38:54,2.524847746,3.426381826,2.310730219
07:38:54,2.525224924,3.427547932,2.309219837
07:38:54,2.524955511,3.428811789,2.313304186
07:38:54,2.525656939,3.429584026,2.312764168
07:38:54,2.526261806,3.429680824,2.308973074
07:38:54,2.525576115,3.427565575,2.309959412
07:38:54,2.524918556,3.42764616,2.313761473
07:38:54,2.525320292,3.428457737,2.313208103
07:38:54,2.524872541,3.428845406,2.31140089
07:38:54,2.525691509,3.42821002,2.306487322
07:38:54,2.525504112,3.429044724,2.312604904
07:38:54,2.526415586,3.427800894,2.314807892
07:38:54,2.525308609,3.42880702,2.307398558
07:38:54,2.524786949,3.427277088,2.312779665
07:38:54,2.525194407,3.427283525,2.3156991
07:38:54,2.525824547,3.427751064,2.31373024
07:38:54,2.52603817,3.428352833,2.309252024
07:38:54,2.526525974,3.426640987,2.305909872
07:38:54,2.524112463,3.42630887,2.312050343
07:38:54,2.526401758,3.428238153,2.311244011
07:38:54,2.52568984,3.429507256,2.31116581
07:38:54,2.526293516,3.430024862,2.313587666
07:38:55,2.525774717,3.427389622,2.312838316
07:38:55,2.526198149,3.427307844,2.309616327
07:38:55,2.525140047,3.427577496,2.310452223
07:38:55,2.525529385,3.427837372,2.309531212
07:38:55,2.52531743,3.427736759,2.312926292
07:38:55,2.526346684,3.428042889,2.311239481
07:38:55,2.525712252,3.428064585,2.308537483
07:38:55,2.525044203,3.428684711,2.311841011
07:38:55,2.525838852,3.429489136,2.313587666
07:38:55,2.525382996,3.428377151,2.312107801
07:38:55,2.52531147,3.429018497,2.312676907
07:38:55,2.525361776,3.428548574,2.311634541
07:38:55,2.525535822,3.426838398,2.310880661
07:38:55,2.524834871,3.427175522,2.309855461
07:38:55,2.525320292,3.426631451,2.311812639
07:38:55,2.525699854,3.42794919,2.310455799
07:38:55,2.525779724,3.429609776,2.308441639
07:38:55,2.525330305,3.428833008,2.309989929
07:38:55,2.525219679,3.42796278,2.313164949
07:38:55,2.52603054,3.428147554,2.307980537
07:38:55,2.524552822,3.427887917,2.311771393
07:38:55,2.525084972,3.429261446,2.312311649
07:38:55,2.525255442,3.42903018,2.311022997
07:38:55,2.525783539,3.427981138,2.310723782
07:38:55,2.525264502,3.427480459,2.310290575
07:38:55,2.525891304,3.429073095,2.31077528
07:38:55,2.52530694,3.42906332,2.313213825
07:38:55,2.526171923,3.428952217,2.311870337
07:38:55,2.524737358,3.426944733,2.307262659
07:38:55,2.525267839,3.427647591,2.309771776
07:38:55,2.52461648,3.427138805,2.313194513
07:38:55,2.526602983,3.428564548,2.309387207
07:38:55,2.524248838,3.427392244,2.31331706
07:38:55,2.5254457,3.428423882,2.312264919
07:38:55,2.525680542,3.427742004,2.311745167
07:38:55,2.525390625,3.427371502,2.310356617
07:38:55,2.525631905,3.427011251,2.311480522
07:38:55,2.526114225,3.427100182,2.311829805
07:38:55,2.525624275,3.426445723,2.314301491
07:38:55,2.525246143,3.428517103,2.307799816
07:38:55,2.525731325,3.428427458,2.311450243
07:38:55,2.525259495,3.429611683,2.312806129
07:38:55,2.524698496,3.429704666,2.313711405
07:38:55,2.525755405,3.429384708,2.311522961
07:38:55,2.525464296,3.430094719,2.31022954
07:38:55,2.525467873,3.42891407,2.308636189
07:38:55,2.525742531,3.428166151,2.31425786
07:38:55,2.525510073,3.428268194,2.308161497
07:38:55,2.526388884,3.426839113,2.309798002
07:38:55,2.526792288,3.428609371,2.310269594
07:38:55,2.526383877,3.429053783,2.310429811
07:38:55,2.524505854,3.428042889,2.311563492
07:38:55,2.524264574,3.427736759,2.31235981
07:38:55,2.525173426,3.427170038,2.312206507
07:38:55,2.525638819,3.427482843,2.311406374
07:38:55,2.524903059,3.429093361,2.31161046
07:38:55,2.524558544,3.429397821,2.309791565
07:38:55,2.525141239,3.425814867,2.312372208
07:38:55,2.525472164,3.427176237,2.311942816
07:38:55,2.52486372,3.429399967,2.309915066
07:38:55,2.524286747,3.427456617,2.310086012
07:38:55,2.525621414,3.429275751,2.312356949
07:38:55,2.525790453,3.428711653,2.312269926
07:38:55,2.525972128,3.428314209,2.312143564
07:38:55,2.525127888,3.428221703,2.309665918
07:38:55,2.524668694,3.428642273,2.313008547
07:38:55,2.525846243,3.428052902,2.311961412
07:38:55,2.526672125,3.427805662,2.310152292
07:38:55,2.524766445,3.427920341,2.310359001
07:38:55,2.525000572,3.426960468,2.311712265
07:38:55,2.524908543,3.4275105,2.31286931
07:38:55,2.526135921,3.428749323,2.313855886
07:38:55,2.525104284,3.428342581,2.309319258
07:38:55,2.524979591,3.426404953,2.310129404
07:38:55,2.524697304,3.427817583,2.312192202
07:38:55,2.525617361,3.427231312,2.315000296
07:38:55,2.524550915,3.425713062,2.312271833
07:38:55,2.524758816,3.429205894,2.311558485
07:38:55,2.525373697,3.42773366,2.311177254
07:38:55,2.524572372,3.430422068,2.311048746
07:38:55,2.526275873,3.430495977,2.312841892
07:38:55,2.526456594,3.428994417,2.309413433
07:38:55,2.525160551,3.427558661,2.310100317
07:38:55,2.524376154,3.43050456,2.311835289
07:38:55,2.525004864,3.426784039,2.311384201
07:38:55,2.525383711,3.427317381,2.311198235
07:38:55,2.525318623,3.428184748,2.311639071
07:38:55,2.524589062,3.42919898,2.311835289
07:38:55,2.523940563,3.427513599,2.312124491
07:38:55,2.526400566,3.427451611,2.3096416
07:38:55,2.525630236,3.427911758,2.313311815
07:38:55,2.527668715,3.426432133,2.313063145
07:38:55,2.523802042,3.425466061,2.311654806
07:38:55,2.525797367,3.42596221,2.310120344
07:38:55,2.526490688,3.428177118,2.311827421
07:38:55,2.525923014,3.427133322,2.311427832
07:38:55,2.525265932,3.427788496,2.312504053
07:38:55,2.526019573,3.42734313,2.310986757
07:38:55,2.524482965,3.429163694,2.313131809
07:38:55,2.525749445,3.428650618,2.312799931
07:38:55,2.525654316,3.427486658,2.309311152
07:38:55,2.525441647,3.427587986,2.30996871
07:38:55,2.524488926,3.427135468,2.312783241
07:38:55,2.524751425,3.428738117,2.312828541
07:38:55,2.526113033,3.42884779,2.312278032
07:38:55,2.525748968,3.43015933,2.312265873
07:38:55,2.526007175,3.430025578,2.311326742
07:38:55,2.525961399,3.430506706,2.310374022
07:38:55,2.525259972,3.427229166,2.309354067
07:38:55,2.526127815,3.427376747,2.311834812
07:38:55,2.526236057,3.42871213,2.312229395
07:38:55,2.52496767,3.430630445,2.311008215
07:38:55,2.524436951,3.426303864,2.311644793
07:38:55,2.525093794,3.425919533,2.31202364
07:38:55,2.524902344,3.427207232,2.313461781
07:38:55,2.524097681,3.429866552,2.310264587
07:38:55,2.524662733,3.427112579,2.312131882
07:38:55,2.525537491,3.42789793,2.313038349
07:38:55,2.52652812,3.427947998,2.312108994
07:38:56,2.525749445,3.427244425,2.310832262
07:38:56,2.524981737,3.426075459,2.314254999
07:38:56,2.524469614,3.427283049,2.312636852
07:38:56,2.526329756,3.427777767,2.312790871
07:38:56,2.524855375,3.428717136,2.310456276
07:38:56,2.526368141,3.427123547,2.311517954
07:38:56,2.524982452,3.428855181,2.311845303
07:38:56,2.525323153,3.42889142,2.311697245
07:38:56,2.525125027,3.427959919,2.31120348
07:38:56,2.525371313,3.427922726,2.310386181
07:38:56,2.526451588,3.429207802,2.312236786
07:38:56,2.526206732,3.426934481,2.312578201
07:38:56,2.525590181,3.42753768,2.31206584
07:38:56,2.525470257,3.426850557,2.311431646
07:38:56,2.5254426,3.429896116,2.312599659
07:38:56,2.525844336,3.42903018,2.311948776
07:38:56,2.524346113,3.429550886,2.311304569
07:38:56,2.525244236,3.427210808,2.312930822
07:38:56,2.524745226,3.427959919,2.310342789
07:38:56,2.526090384,3.428679228,2.312195539
07:38:56,2.52442956,3.428549767,2.311306477
07:38:56,2.524066687,3.428613424,2.310794115
07:38:56,2.525592089,3.428504229,2.311150074
07:38:56,2.525726557,3.428728342,2.311852694
07:38:56,2.525702715,3.431015253,2.311933517
07:38:56,2.525462151,3.428370237,2.31171751
07:38:56,2.525208712,3.428170681,2.311325073
07:38:56,2.524978876,3.428766012,2.310536623
07:38:56,2.525182724,3.426813602,2.312862396
07:38:56,2.526403427,3.427343607,2.311511278
07:38:56,2.52532196,3.426121235,2.311865091
07:38:56,2.525949717,3.42758131,2.313056469
07:38:56,2.525387049,3.428563833,2.31243968
07:38:56,2.525281668,3.42776823,2.311837673
07:38:56,2.525616407,3.42634201,2.310455799
07:38:56,2.524773359,3.42670393,2.312911034
07:38:56,2.526078701,3.42727828,2.311148167
07:38:56,2.525474072,3.427919149,2.310968161
07:38:56,2.525289536,3.428027868,2.311262608
07:38:56,2.525736332,3.428306103,2.311535835
07:38:56,2.525786638,3.428942442,2.311863899
07:38:56,2.524289131,3.428410053,2.311726809
07:38:56,2.525228977,3.429018497,2.311245203
07:38:56,2.525857925,3.429586887,2.311927319
07:38:56,2.525775433,3.428587675,2.311137199
07:38:56,2.525010586,3.428107262,2.311084986
07:38:56,2.525158405,3.427832842,2.311193705
07:38:56,2.525998354,3.427702427,2.311423063
07:38:56,2.525765896,3.428086519,2.310530901
07:38:56,2.525290489,3.428754568,2.31138134
07:38:56,2.524977684,3.428961992,2.311009407
07:38:56,2.524980783,3.428876638,2.310347319
07:38:56,2.52524662,3.427955151,2.311268568
07:38:56,2.525161743,3.427056789,2.312286854
07:38:56,2.525599718,3.427865744,2.311321735
07:38:56,2.525362492,3.428366899,2.310634136
07:38:56,2.525285721,3.426927328,2.311323166
07:38:56,2.526199102,3.426348209,2.311815739
07:38:56,2.525446177,3.427041292,2.312096119
07:38:56,2.526210308,3.428645372,2.310956478
07:38:56,2.525792837,3.427303314,2.311371803
07:38:56,2.525738478,3.428375959,2.311908007
07:38:56,2.525610209,3.428075314,2.312775373
07:38:56,2.525630713,3.428147554,2.311213493
07:38:56,2.525419474,3.428742886,2.311760187
07:38:56,2.525741816,3.427324057,2.311351061
07:38:56,2.526729107,3.427138805,2.312113523
07:38:56,2.525674582,3.428650618,2.312524319
07:38:56,2.525723219,3.42843318,2.311723232
07:38:56,2.525138855,3.42778182,2.311949253
07:38:56,2.525085688,3.42714262,2.311709881
07:38:56,2.52513361,3.427075386,2.311423063
07:38:56,2.525352955,3.427820444,2.310518265
07:38:56,2.525517702,3.427288055,2.312575817
07:38:56,2.525107622,3.427672386,2.310099363
07:38:56,2.525217295,3.428495646,2.311139584
07:38:56,2.52536726,3.42810607,2.311089993
07:38:56,2.526040554,3.429637909,2.311547995
07:38:56,2.525326252,3.430044651,2.312298298
07:38:56,2.525060892,3.428556442,2.313129902
07:38:56,2.525560617,3.428562641,2.311505556
07:38:56,2.525515318,3.428034306,2.311620474
07:38:56,2.525687218,3.428925037,2.311198235
07:38:56,2.525763035,3.428501368,2.310928106
07:38:56,2.525356531,3.428730726,2.311991215
07:38:56,2.525132895,3.428392649,2.311991215
07:38:56,2.525192499,3.428252935,2.311849356
07:38:56,2.525396585,3.428897381,2.311509371
07:38:56,2.525298119,3.427688122,2.311938047
07:38:56,2.525150537,3.427160263,2.312998295
07:38:56,2.524842739,3.427438259,2.311551332
07:38:56,2.525147915,3.427895308,2.312320232
07:38:56,2.525481462,3.428184271,2.311049938
07:38:56,2.525792122,3.427428722,2.312021494
07:38:56,2.524846077,3.42723012,2.312528133
07:38:56,2.525458574,3.428125858,2.311212301
07:38:56,2.525719643,3.428896189,2.311736584
07:38:56,2.526020527,3.428256273,2.310750008
07:38:56,2.52540946,3.426424742,2.312456131
07:38:56,2.52513051,3.427818537,2.311079264
07:38:56,2.525348663,3.429168463,2.310962439
07:38:56,2.525310755,3.428619862,2.310713768
07:38:56,2.52468729,3.428526878,2.312128067
07:38:56,2.525993109,3.428393841,2.311776638
07:38:56,2.525525331,3.429129124,2.311597347
07:38:56,2.52548027,3.428336143,2.31190443
07:38:56,2.525597334,3.428014755,2.311371326
07:38:56,2.525662899,3.428336859,2.310816526
07:38:56,2.525623798,3.427651644,2.310976982
07:38:56,2.525174618,3.428191662,2.311872482
07:38:56,2.52563262,3.429142952,2.311800241
07:38:56,2.525545597,3.428547144,2.312011242
07:38:56,2.52503109,3.428128958,2.311525822
07:38:56,2.526409388,3.428313494,2.312328577
07:38:56,2.525465012,3.428541183,2.312047958
07:38:56,2.525554419,3.428296804,2.310741186
07:38:56,2.525516987,3.42792654,2.311935663
07:38:56,2.525203228,3.42787075,2.310955763
07:38:56,2.525949717,3.427406788,2.312855482
07:38:57,2.525514126,3.428215981,2.311903954
07:38:57,2.525042295,3.428394318,2.312435865
07:38:57,2.525708914,3.42766571,2.312412262
07:38:57,2.526195765,3.427805662,2.311622858
07:38:57,2.52505517,3.428523779,2.312598705
07:38:57,2.525635719,3.427778244,2.312068939
07:38:57,2.525313854,3.427995682,2.311504841
07:38:57,2.525327444,3.427807808,2.311282873
07:38:57,2.52540946,3.427993536,2.31239295
07:38:57,2.525130033,3.428235531,2.310948372
07:38:57,2.525988579,3.428021193,2.311397791
07:38:57,2.525942564,3.427705526,2.31197238
07:38:57,2.524895191,3.427974939,2.312247276
07:38:57,2.525228977,3.427910566,2.311776161
07:38:57,2.525748968,3.427999735,2.311429977
07:38:57,2.525833368,3.427671909,2.311130047
07:38:57,2.525753736,3.427781105,2.31047821
07:38:57,2.526106596,3.427288055,2.311334848
07:38:57,2.525231361,3.429065704,2.311654329
07:38:57,2.526034594,3.429054499,2.309821606
07:38:57,2.525568008,3.428940058,2.312274456
07:38:57,2.525354147,3.428607702,2.311394453
07:38:57,2.525599718,3.42866993,2.31210947
07:38:57,2.526168108,3.429154158,2.311135769
07:38:57,2.525761366,3.428483963,2.31200552
07:38:57,2.525716066,3.427952766,2.311678648
07:38:57,2.524717331,3.428550959,2.311305761
07:38:57,2.526090384,3.428808212,2.311281204
07:38:57,2.524497747,3.427546501,2.310147524
07:38:57,2.525106192,3.427796841,2.312501669
07:38:57,2.524965048,3.427658558,2.312205315
07:38:57,2.525756836,3.428821087,2.312098026
07:38:57,2.52507329,3.426360607,2.311579227
07:38:57,2.525650024,3.427336693,2.31096983
07:38:57,2.52579546,3.426919222,2.311876535
07:38:57,2.526059389,3.426403761,2.311800003
07:38:57,2.525884628,3.427131414,2.31034565
07:38:57,2.525588512,3.427725792,2.311827421
07:38:57,2.525148869,3.428068399,2.311445713
07:38:57,2.525519371,3.427711964,2.311580896
07:38:57,2.526057482,3.428236723,2.312214613
07:38:57,2.525535345,3.427378178,2.311715841
07:38:57,2.525303841,3.428664923,2.310678482
07:38:57,2.525596142,3.427327871,2.31177783
07:38:57,2.525723934,3.427963257,2.311383009
07:38:57,2.525814533,3.428417683,2.312041998
07:38:57,2.52573657,3.428559065,2.312375307
07:38:57,2.525210142,3.428517103,2.310530186
07:38:57,2.525104284,3.429002047,2.310367107
07:38:57,2.525549412,3.427549362,2.311790228
07:38:57,2.525553465,3.428044081,2.311603546
07:38:57,2.525237322,3.428065538,2.311991215
07:38:57,2.525771856,3.427348852,2.313600063
07:38:57,2.524914742,3.428442955,2.312350035
07:38:57,2.524828434,3.428765535,2.311630964
07:38:57,2.525460243,3.428095818,2.312279224
07:38:57,2.525374174,3.427499056,2.312654018
07:38:57,2.525698423,3.42730093,2.312815905
07:38:57,2.525126696,3.42777729,2.311151981
07:38:57,2.525622606,3.42863369,2.311171532
07:38:57,2.525172234,3.42822051,2.312406301
07:38:57,2.526116133,3.427770376,2.310802698
07:38:57,2.525000095,3.428124666,2.311187029
07:38:57,2.525199652,3.428610563,2.311128855
07:38:57,2.525529861,3.429101229,2.31175971
07:38:57,2.525189161,3.428171873,2.311037302
07:38:57,2.525262833,3.427412987,2.311427832
07:38:57,2.524849653,3.427783489,2.311465502
07:38:57,2.525380611,3.427757978,2.31234479
07:38:57,2.526055098,3.427030802,2.31181097
07:38:57,2.525572777,3.427242041,2.312089205
07:38:57,2.524525881,3.427757978,2.311689615
07:38:57,2.525674105,3.427366257,2.312279701
07:38:57,2.525092602,3.427422047,2.311923742
07:38:57,2.525806427,3.428308964,2.311752796
07:38:57,2.525718451,3.427811861,2.312060833
07:38:57,2.525514126,3.428045273,2.311736584
07:38:57,2.5249722,3.429278135,2.310577869
07:38:57,2.524902344,3.428654671,2.311371803
07:38:57,2.525048018,3.428445339,2.311738968
07:38:57,2.525202036,3.428367615,2.311024189
07:38:57,2.525962114,3.428595781,2.311510086
07:38:57,2.525887966,3.428613424,2.311783075
07:38:57,2.524959564,3.428487539,2.311462641
07:38:57,2.525188208,3.428752184,2.31187892
07:38:57,2.525883675,3.427742481,2.312235594
07:38:57,2.525524616,3.427877188,2.311558962
07:38:57,2.524977207,3.428046465,2.312393904
07:38:57,2.52508831,3.428324461,2.311905622
07:38:57,2.524833679,3.428021193,2.310693979
07:38:57,2.525728464,3.427408218,2.311923742
07:38:57,2.525361776,3.428137541,2.311921358
07:38:57,2.525875568,3.427093506,2.311242342
07:38:57,2.526130676,3.42755127,2.31094718
07:38:57,2.525668144,3.427374363,2.312433958
07:38:57,2.524833679,3.427225828,2.310979366
07:38:57,2.524998903,3.427281857,2.311897516
07:38:57,2.526005507,3.428174257,2.312026978
07:38:57,2.525768042,3.428339481,2.311304092
07:38:57,2.525973082,3.428081036,2.311898708
07:38:57,2.525313377,3.428478241,2.311638594
07:38:57,2.525049686,3.428136826,2.311074018
07:38:57,2.525459051,3.428435087,2.311949968
07:38:57,2.525592566,3.427354574,2.312973261
07:38:57,2.52489686,3.42801404,2.312402487
07:38:57,2.525682211,3.428166866,2.311496258
07:38:57,2.525604248,3.427950382,2.311330557
07:38:57,2.525629044,3.427496433,2.310604572
07:38:57,2.525100946,3.427859545,2.310655832
07:38:57,2.525584936,3.429099083,2.31112504
07:38:57,2.52539587,3.428416491,2.312415361
07:38:57,2.525934696,3.428519726,2.311391115
07:38:57,2.525113821,3.4283216,2.311249971
07:38:57,2.525573492,3.428593874,2.311431646
07:38:57,2.525786638,3.428775311,2.312666893
07:38:57,2.525560617,3.428416491,2.312678099
07:38:58,2.525501966,3.428000212,2.312761068
07:38:58,2.525020123,3.428682327,2.312240124
07:38:58,2.526511431,3.428362608,2.3123734
07:38:58,2.525069714,3.427973032,2.312009096
07:38:58,2.525315762,3.427864552,2.311463833
07:38:58,2.525588989,3.42822504,2.310543537
07:38:58,2.525657654,3.428768873,2.312571287
07:38:58,2.526088715,3.427572489,2.31143117
07:38:58,2.525111198,3.427254677,2.31220746
07:38:58,2.525387764,3.426882267,2.312692165
07:38:58,2.525272846,3.427729607,2.312991619
07:38:58,2.525252819,3.428057194,2.31145072
07:38:58,2.52496767,3.427880049,2.311532736
07:38:58,2.52498126,3.427797079,2.312406301
07:38:58,2.525320768,3.426810026,2.312031984
07:38:58,2.52551651,3.427564383,2.311634541
07:38:58,2.526480675,3.427825212,2.311281681
07:38:58,2.525393963,3.428143501,2.311903477
07:38:58,2.525921583,3.427981615,2.311609268
07:38:58,2.525318146,3.428122282,2.311551809
07:38:58,2.525662899,3.427990437,2.311049461
07:38:58,2.525813341,3.429160357,2.311309814
07:38:58,2.525598526,3.429630756,2.310689449
07:38:58,2.525536537,3.428292751,2.311946392
07:38:58,2.525719643,3.428407431,2.312327385
07:38:58,2.525390625,3.428361893,2.3118999
07:38:58,2.52575016,3.428459644,2.311510563
07:38:58,2.525635719,3.428724051,2.311287642
07:38:58,2.524833679,3.428243637,2.311870813
07:38:58,2.525168419,3.428256273,2.313224077
07:38:58,2.525269032,3.428280592,2.311444044
07:38:58,2.525134087,3.427609444,2.313175917
07:38:58,2.525529861,3.428361893,2.312041521
07:38:58,2.525593281,3.42805481,2.312039852
07:38:58,2.525786638,3.427927017,2.311156034
07:38:58,2.525036812,3.426805735,2.312293053
07:38:58,2.524597883,3.4276371,2.312463522
07:38:58,2.52536726,3.42821002,2.311932325
07:38:58,2.52588582,3.428114653,2.311239481
07:38:58,2.525465488,3.427586079,2.31200099
07:38:58,2.525466681,3.427864075,2.311486483
07:38:58,2.525479794,3.428345442,2.311611891
07:38:58,2.525556803,3.428354025,2.311512232
07:38:58,2.5254426,3.428199053,2.312943697
07:38:58,2.525776863,3.428104877,2.31222558
07:38:58,2.525492907,3.427919865,2.311152458
07:38:58,2.525675535,3.427779913,2.311941624
07:38:58,2.52594924,3.428977728,2.312635183
07:38:58,2.525268316,3.42837429,2.312244177
07:38:58,2.525593996,3.427542925,2.311996937
07:38:58,2.525217295,3.428042412,2.310688496
07:38:58,2.525450945,3.428318739,2.311815023
07:38:58,2.52554822,3.428290844,2.312042713
07:38:58,2.525487661,3.427726269,2.310980558
07:38:58,2.52571559,3.428100824,2.311632156
07:38:58,2.525474072,3.428600073,2.310714245
07:38:58,2.525464296,3.428700209,2.31186986
07:38:58,2.525829792,3.428392649,2.312017918
07:38:58,2.525542259,3.428653479,2.311596155
07:38:58,2.525380611,3.428057909,2.312816858
07:38:58,2.52543211,3.428164482,2.31280303
07:38:58,2.524852991,3.4283216,2.311623335
07:38:58,2.525406599,3.428003073,2.311482906
07:38:58,2.525269032,3.426777601,2.311480999
07:38:58,2.525499344,3.427705526,2.311257362
07:38:58,2.525679827,3.428002596,2.311585665
07:38:58,2.525472879,3.428112745,2.311209917
07:38:58,2.52511549,3.428081512,2.310515881
07:38:58,2.525126219,3.428351164,2.310620308
07:38:58,2.525521278,3.42801857,2.311813354
07:38:58,2.525779247,3.427016973,2.312761068
07:38:58,2.525087118,3.427283049,2.312180519
07:38:58,2.525468588,3.428573132,2.311486483
07:38:58,2.52482152,3.42768693,2.312961102
07:38:58,2.525738955,3.426874876,2.311652422
07:38:58,2.52556181,3.427546501,2.312603951
07:38:58,2.526092052,3.427380562,2.312278509
07:38:58,2.525492907,3.428607702,2.312463999
07:38:58,2.525426865,3.428045988,2.311433315
07:38:58,2.525461435,3.427750587,2.311304569
07:38:58,2.525594473,3.427886963,2.311512947
07:38:58,2.526047468,3.428081036,2.311492682
07:38:58,2.525330782,3.427995205,2.311108112
07:38:58,2.525732517,3.428187609,2.311453104
07:38:58,2.524808645,3.428778172,2.311435223
07:38:58,2.525244236,3.428180695,2.310820103
07:38:58,2.526233673,3.428379297,2.311517239
07:38:58,2.525829792,3.428100109,2.312173367
07:38:58,2.525669336,3.428840637,2.311467171
07:38:58,2.525319815,3.428580523,2.311449051
07:38:58,2.525393963,3.428035021,2.312662601
07:38:58,2.525062561,3.42810607,2.311815023
07:38:58,2.525156975,3.42876792,2.311803818
07:38:58,2.525780916,3.428244352,2.311693192
07:38:58,2.525265455,3.427785397,2.313031673
07:38:58,2.525692701,3.427269697,2.311574221
07:38:58,2.52581811,3.428116083,2.310187578
07:38:58,2.525539875,3.427933216,2.312312841
07:38:58,2.525633812,3.428259611,2.312062502
07:38:58,2.525576115,3.42777729,2.311368227
07:38:58,2.525675535,3.428169966,2.310913563
07:38:58,2.52491045,3.428290844,2.311402082
07:38:58,2.526139498,3.428331852,2.311417818
07:38:58,2.525454998,3.428071976,2.312078953
07:38:58,2.525046349,3.428271294,2.311026812
07:38:58,2.525593281,3.428035498,2.311570883
07:38:58,2.525808573,3.428414106,2.311705112
07:38:58,2.525941372,3.427991152,2.311177254
07:38:58,2.524836063,3.42822051,2.311008215
07:38:58,2.524900913,3.42791748,2.311865568
07:38:58,2.52633357,3.42834878,2.31136322
07:38:58,2.525249004,3.428132057,2.310966492
07:38:59,2.525727272,3.42881918,2.310997963
07:38:59,2.525395393,3.428007603,2.31112504
07:38:59,2.525188684,3.428082705,2.312445164
07:38:59,2.525478601,3.428370237,2.310701609
07:38:59,2.526150703,3.427932024,2.311347485
07:38:59,2.525658131,3.427503109,2.311028481
07:38:59,2.525397778,3.427814245,2.312031507
07:38:59,2.525266647,3.428507328,2.312489271
07:38:59,2.525359869,3.428554535,2.310868979
07:38:59,2.52632618,3.42837429,2.311641216
07:38:59,2.525156975,3.427325726,2.313414574
07:38:59,2.526446104,3.427419901,2.311771393
07:38:59,2.526232004,3.427410603,2.310786486
07:38:59,2.525262833,3.427696228,2.312140942
07:38:59,2.525560617,3.427449942,2.312494516
07:38:59,2.525880098,3.427746058,2.312009096
07:38:59,2.525927067,3.427497387,2.311286688
07:38:59,2.525554895,3.428133726,2.31147337
07:38:59,2.525523424,3.42808485,2.31022954
07:38:59,2.525379419,3.427945852,2.310816526
07:38:59,2.525437355,3.428351641,2.311591387
07:38:59,2.524990559,3.428339005,2.310962439
07:38:59,2.525341988,3.428332567,2.311394453
07:38:59,2.525440931,3.428100109,2.311707497
07:38:59,2.5256989,3.428065538,2.311784029
07:38:59,2.525379419,3.427506685,2.312168121
07:38:59,2.525742531,3.428108692,2.311739922
07:38:59,2.525120497,3.427866459,2.312661886
07:38:59,2.524890184,3.427777767,2.311389923
07:38:59,2.525968552,3.427968979,2.311439991
07:38:59,2.52564764,3.427636147,2.312358618
07:38:59,2.525840998,3.427686453,2.311593771
07:38:59,2.525550604,3.428233147,2.311363935
07:38:59,2.525771856,3.428388596,2.311222076
07:38:59,2.525056839,3.427680016,2.31210351
07:38:59,2.525280952,3.427819252,2.311533213
07:38:59,2.525386572,3.428210735,2.311174631
07:38:59,2.52586627,3.428761959,2.311015606
07:38:59,2.525134563,3.427973747,2.311645508
07:38:59,2.525004148,3.428005457,2.310953617
07:38:59,2.525942564,3.428684235,2.312615395
07:38:59,2.525924683,3.428330183,2.311587334
07:38:59,2.525397778,3.427683115,2.312093973
07:38:59,2.525606632,3.428238869,2.311228991
07:38:59,2.526273012,3.428281784,2.311983585
07:38:59,2.525357246,3.428218603,2.311158657
07:38:59,2.525177479,3.428211212,2.31003356
07:38:59,2.52531147,3.427416801,2.312193632
07:38:59,2.525898695,3.428401947,2.311557293
07:38:59,2.525063276,3.427546024,2.312081814
07:38:59,2.525535822,3.428174257,2.312031507
07:38:59,2.525942087,3.427530289,2.312508583
07:38:59,2.525425673,3.427576542,2.310388565
07:38:59,2.525284052,3.428155899,2.312648296
07:38:59,2.524806023,3.428197384,2.311403275
07:38:59,2.525194407,3.427947044,2.312524796
07:38:59,2.52607131,3.428442955,2.311506033
07:38:59,2.525553465,3.428784609,2.31056571
07:38:59,2.525357246,3.428506136,2.311346531
07:38:59,2.525417328,3.428312302,2.31040597
07:38:59,2.525318623,3.428422689,2.31131196
07:38:59,2.526068687,3.428487539,2.31118536
07:38:59,2.52518034,3.428989649,2.311079264
07:38:59,2.525105476,3.427806854,2.312046766
07:38:59,2.525678635,3.428111792,2.311330557
07:38:59,2.525500774,3.428688049,2.311879635
07:38:59,2.525094271,3.427875996,2.311651945
07:38:59,2.525076151,3.428492069,2.309694529
07:38:59,2.524245501,3.427927494,2.311228514
07:38:59,2.525182009,3.427839041,2.311841011
07:38:59,2.525415182,3.427936316,2.310509443
07:38:59,2.526360273,3.427931547,2.312777281
07:38:59,2.525980711,3.428376675,2.311914206
07:38:59,2.525400162,3.427979231,2.311376572
07:38:59,2.525586605,3.427471876,2.311553001
07:38:59,2.526065826,3.427633762,2.31219244
07:38:59,2.525935173,3.427769661,2.312038898
07:38:59,2.525847435,3.428229094,2.312704802
07:38:59,2.525752544,3.427857399,2.31145072
07:38:59,2.525773048,3.428705931,2.311132193
07:38:59,2.525784731,3.42789793,2.311347485
07:38:59,2.525234938,3.428035498,2.310872316
07:38:59,2.525290966,3.427661419,2.311876535
07:38:59,2.526170731,3.428728342,2.312147856
07:38:59,2.525650978,3.427736759,2.31147933
07:38:59,2.525505781,3.427684069,2.311657667
07:38:59,2.525045395,3.427655935,2.311670542
07:38:59,2.525128126,3.428354025,2.312028885
07:38:59,2.525396585,3.427324533,2.312017918
07:38:59,2.525244951,3.427711248,2.312055588
07:38:59,2.525138855,3.427929878,2.311694384
07:38:59,2.525454521,3.428057909,2.310802698
07:38:59,2.5254848,3.42812705,2.311862707
07:38:59,2.52536726,3.427890301,2.311690092
07:38:59,2.525538206,3.428420305,2.312444687
07:38:59,2.525155783,3.428263903,2.311357737
07:38:59,2.525358438,3.428339481,2.311705112
07:38:59,2.525637627,3.428147316,2.310880661
07:38:59,2.525446177,3.429268837,2.311221361
07:38:59,2.526011229,3.428151846,2.312090874
07:38:59,2.524653912,3.428334951,2.30997014
07:38:59,2.525194407,3.42849803,2.31121397
07:38:59,2.525039673,3.428416967,2.311490774
07:38:59,2.525764227,3.428256273,2.312313318
07:38:59,2.525739431,3.42775631,2.312611341
07:38:59,2.525294542,3.428171158,2.312470198
07:38:59,2.52538228,3.427794933,2.311489582
07:38:59,2.525415659,3.427774429,2.311816216
07:38:59,2.525426865,3.427750587,2.311878443
07:38:59,2.525836706,3.42787385,2.311518431
07:38:59,2.525827408,3.428127527,2.311248779
07:38:59,2.525658607,3.427580595,2.311341524
07:39:00,2.525213718,3.427791595,2.31170392
07:39:00,2.525706053,3.428082228,2.311365128
07:39:00,2.525250435,3.428086519,2.310598373
07:39:00,2.525615931,3.42838788,2.311482191
07:39:00,2.524812222,3.428903818,2.311535358
07:39:00,2.52596736,3.428592205,2.311767578
07:39:00,2.525682688,3.427862644,2.310614586
07:39:00,2.524674892,3.428966761,2.311598063
07:39:00,2.525621414,3.428451538,2.311458111
07:39:00,2.52549696,3.428490877,2.310845613
07:39:00,2.525243759,3.428613424,2.310560465
07:39:00,2.525273323,3.428815842,2.310651302
07:39:00,2.525501966,3.428465128,2.311535358
07:39:00,2.526084423,3.428003788,2.311849356
07:39:00,2.525392771,3.428659201,2.311491966
07:39:00,2.525377035,3.428387642,2.311406851
07:39:00,2.525560617,3.427731991,2.31103611
07:39:00,2.524381638,3.42797184,2.312027693
07:39:00,2.525482893,3.427329779,2.311197042
07:39:00,2.525646925,3.428203583,2.311612368
07:39:00,2.526067495,3.427625179,2.311807632
07:39:00,2.525175095,3.428160906,2.312390089
07:39:00,2.524927378,3.427432775,2.312075377
07:39:00,2.52554059,3.427142143,2.311848164
07:39:00,2.525979996,3.427690983,2.311638594
07:39:00,2.52590704,3.427913666,2.312140942
07:39:00,2.526216745,3.427875519,2.312328577
07:39:00,2.525623798,3.428394318,2.311586142
07:39:00,2.525015831,3.427614212,2.311483383
07:39:00,2.525599718,3.428593874,2.311597347
07:39:00,2.524937391,3.427873135,2.310955286
07:39:00,2.525184631,3.42791748,2.312422276
07:39:00,2.525247812,3.427985668,2.311498404
07:39:00,2.524755716,3.427785873,2.312500477
07:39:00,2.525829077,3.42766881,2.312137365
07:39:00,2.524913073,3.428274393,2.310335159
07:39:00,2.525824547,3.428113461,2.311303377
07:39:00,2.525604725,3.427357197,2.311668634
07:39:00,2.526004076,3.428536177,2.311923742
07:39:00,2.525656462,3.428465128,2.31127882
07:39:00,2.525668621,3.428319216,2.312493563
07:39:00,2.525341988,3.42715168,2.311120272
07:39:00,2.525080919,3.42792654,2.311460257
07:39:00,2.525863886,3.4278965,2.311463118
07:39:00,2.525891304,3.428786993,2.311499596
07:39:00,2.52550292,3.428539515,2.312045574
07:39:00,2.52579093,3.428314686,2.311718225
07:39:00,2.525467873,3.428187132,2.311613083
07:39:00,2.52550149,3.428141117,2.312037706
07:39:00,2.525095463,3.427518845,2.310940981
07:39:00,2.525571108,3.427394152,2.311622143
07:39:00,2.525408268,3.427991629,2.310966492
07:39:00,2.525871754,3.42818594,2.31090498
07:39:00,2.525319338,3.426986933,2.311970711
07:39:00,2.525958061,3.427695036,2.31163168
07:39:00,2.52535367,3.427364588,2.311995506
07:39:00,2.525182009,3.427834988,2.311440945
07:39:00,2.526103735,3.427559137,2.311597347
07:39:00,2.524882555,3.427798986,2.311918497
07:39:00,2.525630236,3.427740097,2.312916279
07:39:00,2.525528193,3.42782402,2.311116219
07:39:00,2.525898695,3.428476572,2.311595678
07:39:00,2.525056362,3.427906275,2.311788559
07:39:00,2.525289536,3.427537203,2.311224222
07:39:00,2.525212049,3.427936792,2.312209606
07:39:00,2.525457382,3.428267241,2.311474085
07:39:00,2.525635242,3.428678036,2.310562849
07:39:00,2.525731802,3.428192616,2.312205315
07:39:00,2.525720835,3.428369522,2.311521769
07:39:00,2.525286436,3.427998543,2.31190443
07:39:00,2.525329113,3.427824497,2.310390949
07:39:00,2.524714947,3.428230286,2.3118186
07:39:00,2.525822163,3.42860198,2.312157154
07:39:00,2.525562763,3.428186417,2.311500311
07:39:00,2.525250435,3.427487612,2.312276125
07:39:00,2.525298595,3.427636623,2.310972929
07:39:00,2.52595377,3.427849293,2.31112957
07:39:00,2.525534391,3.427540064,2.311711073
07:39:00,2.525579691,3.427826881,2.311451435
07:39:00,2.525463104,3.427910566,2.311886072
07:39:00,2.525264502,3.428048611,2.311535835
07:39:00,2.524861813,3.427918673,2.311800957
07:39:00,2.525933743,3.427817583,2.311691999
07:39:00,2.525844336,3.427983522,2.311173916
07:39:00,2.5256989,3.427890301,2.311172247
07:39:00,2.525307417,3.427692175,2.311664581
07:39:00,2.525549889,3.428609848,2.311692476
07:39:00,2.525739431,3.427947521,2.311925411
07:39:00,2.52562809,3.427633286,2.311355591
07:39:00,2.525372505,3.427978754,2.310652494
07:39:00,2.52529335,3.427406788,2.311747313
07:39:00,2.52507329,3.427976608,2.312055588
07:39:00,2.525459766,3.427862644,2.311817884
07:39:00,2.525566101,3.427318573,2.312454939
07:39:00,2.525431871,3.427839518,2.311523438
07:39:00,2.526065826,3.427971363,2.312085629
07:39:00,2.524953365,3.427784681,2.311612368
07:39:00,2.525771379,3.428454638,2.312750816
07:39:00,2.525456905,3.427925587,2.310782909
07:39:00,2.525686741,3.428639412,2.310657978
07:39:00,2.525368214,3.428603172,2.312045574
07:39:00,2.525134563,3.428507328,2.311850548
07:39:00,2.52523613,3.428291559,2.311350346
07:39:00,2.52476263,3.42798686,2.311151981
07:39:00,2.525185108,3.42819953,2.311828613
07:39:00,2.525868893,3.428564548,2.311591387
07:39:00,2.525877953,3.427514076,2.311116934
07:39:00,2.525475979,3.428435564,2.310263634
07:39:00,2.525592566,3.427639484,2.310805559
07:39:00,2.525744915,3.428456783,2.311826229
07:39:00,2.525079012,3.427677631,2.311673403
07:39:00,2.525566101,3.427812338,2.311812162
07:39:00,2.524939299,3.427803278,2.311720133
07:39:00,2.525266647,3.427524567,2.311510563
07:39:00,2.525038481,3.427834511,2.310634851
07:39:00,2.525730133,3.427797794,2.311445713
07:39:00,2.525629044,3.427371979,2.311337471
07:39:00,2.52581501,3.428067684,2.310146809
07:39:00,2.525158405,3.427495718,2.311257362
07:39:01,2.525892258,3.428042889,2.312932014
07:39:01,2.525465488,3.428158045,2.310544729
07:39:01,2.525219202,3.427840233,2.311503887
07:39:01,2.525751829,3.427833319,2.311393261
07:39:01,2.525255442,3.42810607,2.312033892
07:39:01,2.525104284,3.427988529,2.311166763
07:39:01,2.525387764,3.428448677,2.311123371
07:39:01,2.525567293,3.428224564,2.311431646
07:39:01,2.526263714,3.427749872,2.311645508
07:39:01,2.525564909,3.427578688,2.31209445
07:39:01,2.525368214,3.428064585,2.31137991
07:39:01,2.52505517,3.428532124,2.311090708
07:39:01,2.525193691,3.428327799,2.311451912
07:39:01,2.525580168,3.428149462,2.311881781
07:39:01,2.52492094,3.427669525,2.31165719
07:39:01,2.525488615,3.427902699,2.311444044
07:39:01,2.525566816,3.42816782,2.312577009
07:39:01,2.524831057,3.428515911,2.310952425
07:39:01,2.525655746,3.428178787,2.310975075
07:39:01,2.525270462,3.427808285,2.311536312
07:39:01,2.525457382,3.427721024,2.311540365
07:39:01,2.525827646,3.428280592,2.312025309
07:39:01,2.525870562,3.428427458,2.310832262
07:39:01,2.52580452,3.428257465,2.30984211
07:39:01,2.525480986,3.428049088,2.311389208
07:39:01,2.525846243,3.427955151,2.31223917
07:39:01,2.525863886,3.427600145,2.313008547
07:39:01,2.52523613,3.427936316,2.311157465
07:39:01,2.524722099,3.42809391,2.312099218
07:39:01,2.525318146,3.428144693,2.311298609
07:39:01,2.525730848,3.427789211,2.31121397
07:39:01,2.525675535,3.427982807,2.311090708
07:39:01,2.525259495,3.427789688,2.310131311
07:39:01,2.525031805,3.427598476,2.311405659
07:39:01,2.5257442,3.427051306,2.311876535
07:39:01,2.525007725,3.42752862,2.310815334
07:39:01,2.525593281,3.426948071,2.312417269
07:39:01,2.525044203,3.427976608,2.311608315
07:39:01,2.525559902,3.428295135,2.311395645
07:39:01,2.525486469,3.427764893,2.311991215
07:39:01,2.525658607,3.427198887,2.310836792
07:39:01,2.525245428,3.427418709,2.310434818
07:39:01,2.524624109,3.428287029,2.311570883
07:39:01,2.525822639,3.428621054,2.310996056
07:39:01,2.524840832,3.4281075,2.3111763
07:39:01,2.525613785,3.427640676,2.311445713
07:39:01,2.525583982,3.427378178,2.311201096
07:39:01,2.52515769,3.428575277,2.31175065
07:39:01,2.525022268,3.428097486,2.311641216
07:39:01,2.525072575,3.427207232,2.311661005
07:39:01,2.524766445,3.427788019,2.311999321
07:39:01,2.524873734,3.42842555,2.311391592
07:39:01,2.525069237,3.427542448,2.31172204
07:39:01,2.52566433,3.427260399,2.31263423
07:39:01,2.525487185,3.427582979,2.311813831
07:39:01,2.524644136,3.427984715,2.312473774
07:39:01,2.525036573,3.428191662,2.311302185
07:39:01,2.525750637,3.427408218,2.311752796
07:39:01,2.525201321,3.427821636,2.31102562
07:39:01,2.525822163,3.428210735,2.312323093
07:39:01,2.525607824,3.427869081,2.311327457
07:39:01,2.525651693,3.427810192,2.311475754
07:39:01,2.525116682,3.428976536,2.311358452
07:39:01,2.524939299,3.427844286,2.311632156
07:39:01,2.526129484,3.428283453,2.311840057
07:39:01,2.525477409,3.428021193,2.311556101
07:39:01,2.525320292,3.428411722,2.311714649
07:39:01,2.525702715,3.427718163,2.311400414
07:39:01,2.526153326,3.428200245,2.311623812
07:39:01,2.525599718,3.427554846,2.311691284
07:39:01,2.525654316,3.428188086,2.311976433
07:39:01,2.525740623,3.428094625,2.311936855
07:39:01,2.525979519,3.427920341,2.31124115
07:39:01,2.52462697,3.428236008,2.311311483
07:39:01,2.525078535,3.428204775,2.311306477
07:39:01,2.525523424,3.427470207,2.311830759
07:39:01,2.525034666,3.428338289,2.311208725
07:39:01,2.525319338,3.427848816,2.311624527
07:39:01,2.525460958,3.428317785,2.310218334
07:39:01,2.525259495,3.428251028,2.310264587
07:39:01,2.525617838,3.428541899,2.312039852
07:39:01,2.525897026,3.42796278,2.312827349
07:39:01,2.525110483,3.427782297,2.311467171
07:39:01,2.52608037,3.427810192,2.311699867
07:39:01,2.524749517,3.42714715,2.310730696
07:39:01,2.525757551,3.42777729,2.310169697
07:39:01,2.526218653,3.42777729,2.312284231
07:39:01,2.525721312,3.427929878,2.311712265
07:39:01,2.525589705,3.427495718,2.311321735
07:39:01,2.525108337,3.427766085,2.311593294
07:39:01,2.524722338,3.427892685,2.311521769
07:39:01,2.524919748,3.427124739,2.311639071
07:39:01,2.525588989,3.427742481,2.311906338
07:39:01,2.525357246,3.428016424,2.311516762
07:39:01,2.524847746,3.427895308,2.311989307
07:39:01,2.525272846,3.427893162,2.311337471
07:39:01,2.524949789,3.428077221,2.312447548
07:39:01,2.525108337,3.427711248,2.311547995
07:39:01,2.525421143,3.428573132,2.311288834
07:39:01,2.525638103,3.428256989,2.31118083
07:39:01,2.525116205,3.427499056,2.310659885
07:39:01,2.525785923,3.428880453,2.311224222
07:39:01,2.525174618,3.428019047,2.312126875
07:39:01,2.524867296,3.427854061,2.31127429
07:39:01,2.525634766,3.427561522,2.3120327
07:39:01,2.524850845,3.427956343,2.311956644
07:39:01,2.525901079,3.428247213,2.311440468
07:39:01,2.525552988,3.428355694,2.312388897
07:39:01,2.525170803,3.428420305,2.310631037
07:39:01,2.525102615,3.42809391,2.311136484
07:39:01,2.524789333,3.428091526,2.311421871
07:39:01,2.525174141,3.428131342,2.31144762
07:39:01,2.525485992,3.427480459,2.311617613
07:39:01,2.525352478,3.427624702,2.312142611
07:39:01,2.525666952,3.427907228,2.311596155
07:39:01,2.525441647,3.427776098,2.311395168
07:39:01,2.525970936,3.427316666,2.311432123
07:39:01,2.525733709,3.427673101,2.311522245
07:39:01,2.525472164,3.427707672,2.311127186
07:39:01,2.525179625,3.427867174,2.310373306
07:39:01,2.525644302,3.428117275,2.311317205
07:39:01,2.525686741,3.427832842,2.311384201
07:39:02,2.525582314,3.428380013,2.312010288
07:39:02,2.5254457,3.428422213,2.311525822
07:39:02,2.524593115,3.427861452,2.311429977
07:39:02,2.525403976,3.427588701,2.311842203
07:39:02,2.525611877,3.42768693,2.311734438
07:39:02,2.525080919,3.427973032,2.311455011
07:39:02,2.524813414,3.428625107,2.311985254
07:39:02,2.525515795,3.428359032,2.31205368
07:39:02,2.524831057,3.428027391,2.31076479
07:39:02,2.525150061,3.428436756,2.310885668
07:39:02,2.525296211,3.427882195,2.310652494
07:39:02,2.525188684,3.427975416,2.311549425
07:39:02,2.525475979,3.427991629,2.313203812
07:39:02,2.525672197,3.428179979,2.311543226
07:39:02,2.524535656,3.428864956,2.311460257
07:39:02,2.525838852,3.427890301,2.312186003
07:39:02,2.525320292,3.428795576,2.311732531
07:39:02,2.525194407,3.427770853,2.311969042
07:39:02,2.525384188,3.428249359,2.311256409
07:39:02,2.525103807,3.428183079,2.311304569
07:39:02,2.525227308,3.427420855,2.311787844
07:39:02,2.525152206,3.427670002,2.310236454
07:39:02,2.525436878,3.428010464,2.311458111
07:39:02,2.525816202,3.427562237,2.311256409
07:39:02,2.525269508,3.427382946,2.311291695
07:39:02,2.525009394,3.427299738,2.312388897
07:39:02,2.525035381,3.428079367,2.311830282
07:39:02,2.525209665,3.426914215,2.310850859
07:39:02,2.525120497,3.427743673,2.310548306
07:39:02,2.526082039,3.427877188,2.311306477
07:39:02,2.525383711,3.427915335,2.312760592
07:39:02,2.525995493,3.427692652,2.312380791
07:39:02,2.525696039,3.427854061,2.311625719
07:39:02,2.525359869,3.4283638,2.311266422
07:39:02,2.525229454,3.427674294,2.311005592
07:39:02,2.52504921,3.427725792,2.310774088
07:39:02,2.524894476,3.428407431,2.311567783
07:39:02,2.525020599,3.427440643,2.311796427
07:39:02,2.525221348,3.427319288,2.311245203
07:39:02,2.525344849,3.427797079,2.311623812
07:39:02,2.52504468,3.42817235,2.312128067
07:39:02,2.525119305,3.427855253,2.312291384
07:39:02,2.524780512,3.427982807,2.311130047
07:39:02,2.525189638,3.428737164,2.310335159
07:39:02,2.525168419,3.42811656,2.311791182
07:39:02,2.525082588,3.428330183,2.310911894
07:39:02,2.525154591,3.428192139,2.311902285
07:39:02,2.525302172,3.428822041,2.310973406
07:39:02,2.52567935,3.428070784,2.31115365
07:39:02,2.525290012,3.428079367,2.310961962
07:39:02,2.525178432,3.428401947,2.311171055
07:39:02,2.525296211,3.428134441,2.310910702
07:39:02,2.525789261,3.42805028,2.311775684
07:39:02,2.525416851,3.427360535,2.31181097
07:39:02,2.52488637,3.428103209,2.311454296
07:39:02,2.524923325,3.428216457,2.311984062
07:39:02,2.524900913,3.428188562,2.3111763
07:39:02,2.524900436,3.427233219,2.312618971
07:39:02,2.525378227,3.427557945,2.311909914
07:39:02,2.52523303,3.427912951,2.311249256
07:39:02,2.524436951,3.427844286,2.310979366
07:39:02,2.52501893,3.427683592,2.310280085
07:39:02,2.524692535,3.428011656,2.311617136
07:39:02,2.524760723,3.427837849,2.311531544
07:39:02,2.524385452,3.428160429,2.311179638
07:39:02,2.52522254,3.428207636,2.309605122
07:39:02,2.525333166,3.427906752,2.311500311
07:39:02,2.525105,3.428024769,2.311105251
07:39:02,2.524903536,3.427891493,2.311038017
07:39:02,2.525097609,3.427545309,2.310584784
07:39:02,2.52496767,3.427736998,2.311517954
07:39:02,2.524469614,3.428024054,2.312352419
07:39:02,2.526069403,3.427925587,2.310691357
07:39:02,2.52531147,3.428308249,2.311522245
07:39:02,2.525329828,3.428057432,2.312517881
07:39:02,2.525069714,3.428077221,2.311131477
07:39:02,2.525057316,3.427777767,2.311966658
07:39:02,2.525779247,3.42792654,2.31090498
07:39:02,2.525265455,3.428657532,2.311099529
07:39:02,2.525556803,3.428360224,2.312152147
07:39:02,2.525575638,3.428092241,2.311948061
07:39:02,2.525267124,3.428355217,2.311709642
07:39:02,2.525217772,3.4281106,2.310603857
07:39:02,2.524791002,3.427689791,2.312035322
07:39:02,2.525294542,3.427667141,2.310730696
07:39:02,2.525431156,3.427226782,2.311971188
07:39:02,2.525123596,3.427001476,2.311402082
07:39:02,2.525169611,3.427970171,2.312232733
07:39:02,2.524628162,3.427834511,2.312010765
07:39:02,2.52548027,3.428226233,2.311827898
07:39:02,2.524987221,3.427732468,2.312083244
07:39:02,2.524760008,3.428097486,2.312115431
07:39:02,2.525162935,3.42754364,2.311246634
07:39:02,2.525241852,3.427673578,2.311967373
07:39:02,2.525801659,3.427820444,2.311482906
07:39:02,2.525218725,3.427854061,2.311252356
07:39:02,2.525126219,3.428166151,2.311325073
07:39:02,2.525403261,3.428168774,2.310794115
07:39:02,2.525330305,3.427979946,2.310702801
07:39:02,2.525217772,3.428248167,2.311328173
07:39:02,2.525635719,3.428396702,2.311350346
07:39:02,2.525390625,3.428017139,2.311242819
07:39:02,2.525223017,3.428943634,2.31149745
07:39:02,2.525111198,3.428433895,2.312496185
07:39:02,2.525385857,3.428735971,2.312507868
07:39:02,2.525402784,3.428034306,2.311159372
07:39:02,2.525578976,3.427767038,2.311294794
07:39:02,2.525779247,3.427508116,2.310535669
07:39:02,2.525453806,3.428171158,2.311644316
07:39:02,2.525391579,3.427952766,2.311995029
07:39:02,2.525592566,3.428592682,2.311251163
07:39:02,2.525598526,3.427873135,2.310602427
07:39:02,2.525586605,3.428607702,2.312008381
07:39:02,2.525335789,3.427657127,2.310111523
07:39:02,2.525418282,3.427587986,2.31163168
07:39:02,2.525355339,3.428035498,2.311928272
07:39:03,2.525060415,3.428054094,2.311424732
07:39:03,2.525868893,3.428527594,2.311431646
07:39:03,2.525531054,3.427757978,2.311743975
07:39:03,2.525303841,3.428222895,2.31200099
07:39:03,2.525092125,3.427437782,2.312085152
07:39:03,2.524973392,3.428169966,2.311229706
07:39:03,2.525791645,3.428576469,2.31123662
07:39:03,2.525487185,3.428051472,2.312182665
07:39:03,2.525307417,3.427489281,2.311173916
07:39:03,2.525012493,3.427101374,2.312041044
07:39:03,2.525094986,3.427638292,2.311671734
07:39:03,2.525344133,3.427356482,2.31103158
07:39:03,2.52554822,3.427988529,2.311612368
07:39:03,2.525707245,3.427860737,2.31157279
07:39:03,2.525635719,3.42822051,2.311602354
07:39:03,2.525634766,3.42740941,2.311636209
07:39:03,2.525222063,3.428206682,2.311886549
07:39:03,2.524977207,3.427751064,2.311952591
07:39:03,2.524688005,3.428400278,2.311215162
07:39:03,2.524694443,3.428145885,2.311066151
07:39:03,2.525620699,3.428545952,2.311851501
07:39:03,2.525183916,3.427937746,2.311840296
07:39:03,2.525062084,3.428732634,2.311572075
07:39:03,2.525811434,3.428144693,2.311699867
07:39:03,2.525853872,3.427947998,2.311495543
07:39:03,2.524945498,3.42801404,2.312465429
07:39:03,2.525376081,3.427275658,2.311126709
07:39:03,2.525116682,3.427950382,2.312260628
07:39:03,2.524956703,3.427917957,2.311992645
07:39:03,2.52561903,3.427662611,2.311186552
07:39:03,2.525122404,3.427616596,2.311373711
07:39:03,2.526221037,3.427179575,2.311639547
07:39:03,2.525112629,3.427708864,2.311615467
07:39:03,2.524937391,3.428224564,2.311323881
07:39:03,2.524915218,3.428090334,2.311210394
07:39:03,2.525272131,3.427426577,2.310904026
07:39:03,2.526068687,3.42752862,2.311675787
07:39:03,2.525122404,3.427774429,2.311815739
07:39:03,2.525004148,3.42795229,2.311896801
07:39:03,2.525702715,3.428151846,2.312456131
07:39:03,2.525473595,3.428731441,2.311906338
07:39:03,2.525496006,3.427669525,2.311469316
07:39:03,2.525034189,3.428345919,2.311306477
07:39:03,2.52540946,3.428070784,2.311647177
07:39:03,2.526076317,3.428848267,2.311868668
07:39:03,2.524737835,3.428133726,2.310695887
07:39:03,2.525259018,3.427373648,2.312412262
07:39:03,2.525522947,3.427689314,2.312089682
07:39:03,2.525312185,3.427845478,2.311029673
07:39:03,2.525579691,3.42737484,2.311826706
07:39:03,2.525952101,3.428150654,2.311388731
07:39:03,2.525265932,3.428471804,2.312058449
07:39:03,2.525812149,3.428642273,2.311897516
07:39:03,2.525052071,3.428132534,2.311267376
07:39:03,2.525696754,3.428193331,2.311246634
07:39:03,2.525505781,3.427922726,2.310853243
07:39:03,2.524913073,3.42680335,2.31133914
07:39:03,2.524949789,3.428101301,2.311332464
07:39:03,2.525597334,3.428175926,2.311504841
07:39:03,2.525494814,3.427932024,2.311075211
07:39:03,2.525614738,3.427586555,2.310665369
07:39:03,2.524851322,3.427723408,2.311503887
07:39:03,2.525434971,3.42787075,2.310558319
07:39:03,2.524890184,3.42818594,2.310566187
07:39:03,2.524864197,3.42763257,2.311288118
07:39:03,2.525067091,3.427516699,2.311280012
07:39:03,2.525253773,3.428177357,2.311230898
07:39:03,2.525522947,3.427759171,2.311464787
07:39:03,2.525625229,3.42773962,2.311474562
07:39:03,2.525148153,3.42735672,2.311414957
07:39:03,2.525101423,3.427702427,2.310867786
07:39:03,2.525017977,3.428131342,2.311222553
07:39:03,2.525377035,3.427989006,2.310881138
07:39:03,2.525696754,3.428323984,2.312388897
07:39:03,2.525753021,3.428472519,2.31165719
07:39:03,2.525699854,3.427983522,2.312150478
07:39:03,2.524914742,3.428705931,2.311425924
07:39:03,2.525475264,3.428367615,2.31141305
07:39:03,2.525400639,3.427970171,2.311967373
07:39:03,2.525705814,3.42878294,2.311222076
07:39:03,2.525169134,3.428446531,2.310729027
07:39:03,2.525004148,3.427780628,2.312707663
07:39:03,2.525343657,3.427873135,2.312354565
07:39:03,2.524920464,3.428256989,2.311593294
07:39:03,2.524864197,3.428423166,2.311959982
07:39:03,2.525200129,3.428141117,2.311857462
07:39:03,2.52500248,3.427258492,2.311511755
07:39:03,2.52545023,3.427913666,2.311026096
07:39:03,2.524968386,3.42757535,2.31094408
07:39:03,2.524399996,3.427896976,2.312702656
07:39:03,2.525156498,3.428381205,2.311215878
07:39:03,2.524847269,3.428111792,2.311397552
07:39:03,2.525696754,3.428040028,2.311615467
07:39:03,2.524986029,3.428223372,2.31205368
07:39:03,2.525724411,3.428246021,2.311156034
07:39:03,2.524645329,3.428028584,2.311264277
07:39:03,2.525014162,3.428113937,2.311869144
07:39:03,2.525709629,3.427483559,2.311199427
07:39:03,2.524875164,3.428035021,2.311336517
07:39:03,2.525319338,3.42819047,2.312106609
07:39:03,2.525363684,3.427985668,2.311798334
07:39:03,2.525351048,3.428665638,2.312014818
07:39:03,2.525638103,3.428281069,2.311971664
07:39:03,2.525371313,3.428465128,2.311895609
07:39:03,2.525355339,3.428456306,2.312146664
07:39:03,2.525100946,3.428011179,2.312335491
07:39:03,2.52557683,3.428287983,2.31171751
07:39:03,2.526443958,3.428037643,2.312349558
07:39:03,2.525220156,3.428170681,2.312711954
07:39:03,2.525481462,3.428411245,2.312480211
07:39:03,2.525303841,3.427950382,2.311584949
07:39:03,2.524919271,3.428238153,2.311513424
07:39:03,2.52519083,3.428505421,2.311677456
07:39:03,2.525277853,3.428981066,2.310458899
07:39:03,2.525098801,3.428463221,2.311242819
07:39:03,2.525285244,3.428487062,2.312159061
07:39:03,2.525569677,3.428444147,2.311942339
07:39:03,2.525515795,3.428327799,2.311292887
07:39:03,2.525586605,3.42752862,2.312001944
07:39:04,2.525050879,3.428284168,2.311405182
07:39:04,2.525259018,3.427641153,2.311593294
07:39:04,2.525514603,3.428222179,2.311892271
07:39:04,2.525068045,3.427828312,2.31102109
07:39:04,2.525336266,3.427700758,2.311713934
07:39:04,2.525574923,3.42743516,2.311929464
07:39:04,2.52519083,3.427950382,2.31243515
07:39:04,2.525573969,3.427759171,2.3113904
07:39:04,2.525237799,3.427676678,2.311540842
07:39:04,2.52578187,3.428074837,2.311596155
07:39:04,2.525299311,3.428331375,2.311748981
07:39:04,2.525261641,3.427824497,2.311463833
07:39:04,2.525475264,3.428260326,2.312160015
07:39:04,2.525148153,3.428431511,2.310889721
07:39:04,2.525480986,3.429411173,2.3108356
07:39:04,2.525181532,3.42847538,2.311874151
07:39:04,2.525813818,3.428125858,2.312002659
07:39:04,2.525384188,3.427798986,2.31220293
07:39:04,2.525974989,3.428160429,2.312543631
07:39:04,2.525345325,3.428412914,2.311803341
07:39:04,2.525842667,3.428048134,2.311859131
07:39:04,2.525569677,3.428248644,2.31116271
07:39:04,2.525883675,3.428704262,2.311770201
07:39:04,2.524754763,3.427742481,2.311432123
07:39:04,2.52492857,3.427580595,2.311547995
07:39:04,2.525559425,3.42847085,2.311649323
07:39:04,2.525099993,3.428230286,2.311944008
07:39:04,2.525578976,3.428142309,2.311880112
07:39:04,2.525732994,3.428171873,2.31139636
07:39:04,2.525477886,3.427826881,2.31150794
07:39:04,2.524938583,3.428290844,2.31231451
07:39:04,2.525142431,3.427829027,2.311292887
07:39:04,2.525310278,3.427651644,2.31124115
07:39:04,2.525803804,3.428836107,2.311388016
07:39:04,2.525336266,3.428392649,2.311573505
07:39:04,2.526036501,3.428540707,2.310964346
07:39:04,2.52518034,3.427845478,2.31227231
07:39:04,2.525430679,3.428539515,2.31195426
07:39:04,2.525189161,3.427942514,2.310655832
07:39:04,2.524714947,3.427917957,2.310535669
07:39:04,2.524909258,3.427747011,2.310880661
07:39:04,2.524940491,3.427562237,2.311501503
07:39:04,2.525611877,3.427850962,2.311736107
07:39:04,2.525104284,3.427504301,2.311816216
07:39:04,2.524433374,3.427565575,2.311029673
07:39:04,2.525397778,3.427857399,2.311183214
07:39:04,2.524533987,3.428435087,2.312145948
07:39:04,2.524958849,3.428132057,2.311156034
07:39:04,2.525228977,3.427155972,2.311434031
07:39:04,2.525047302,3.4282794,2.311752796
07:39:04,2.525447369,3.428569555,2.31167388
07:39:04,2.524953842,3.427400351,2.3119452
07:39:04,2.525210857,3.427869081,2.310306787
07:39:04,2.52567625,3.427952766,2.312022924
07:39:04,2.525777578,3.428630829,2.311194181
07:39:04,2.525630713,3.428007364,2.31116581
07:39:04,2.52491641,3.428042412,2.310972929
07:39:04,2.525408745,3.427784204,2.311095953
07:39:04,2.525434494,3.427621126,2.311516047
07:39:04,2.525173426,3.428315401,2.311395168
07:39:04,2.524817228,3.42801857,2.31157589
07:39:04,2.524891853,3.42814064,2.311300278
07:39:04,2.524942636,3.427578688,2.310346842
07:39:04,2.524890184,3.427473068,2.31246233
07:39:04,2.525055885,3.42802906,2.311644793
07:39:04,2.526045799,3.42783618,2.312176228
07:39:04,2.524928093,3.428048611,2.310532093
07:39:04,2.525731802,3.428263903,2.311228514
07:39:04,2.525576115,3.427881718,2.310689449
07:39:04,2.525876284,3.428070784,2.31159687
07:39:04,2.525795937,3.427517653,2.311359644
07:39:04,2.525731325,3.428057194,2.311567783
07:39:04,2.525335789,3.427833319,2.310830116
07:39:04,2.524499178,3.42794919,2.311307907
07:39:04,2.525436163,3.428180695,2.310637236
07:39:04,2.525661707,3.427693367,2.311623812
07:39:04,2.526129007,3.427722216,2.311320543
07:39:04,2.52458024,3.428284645,2.312541246
07:39:04,2.525900126,3.428696871,2.310807943
07:39:04,2.524979591,3.42771244,2.311435223
07:39:04,2.52495718,3.42779088,2.310937166
07:39:04,2.525486469,3.428878784,2.311136246
07:39:04,2.525862932,3.428003788,2.310688496
07:39:04,2.525616407,3.428040743,2.31184721
07:39:04,2.524795055,3.428073645,2.311438799
07:39:04,2.525286436,3.427627802,2.312050819
07:39:04,2.52554512,3.427987337,2.311188936
07:39:04,2.525292873,3.428399563,2.311288118
07:39:04,2.524878979,3.427607536,2.311504364
07:39:04,2.525602579,3.427659273,2.310428143
07:39:04,2.525823832,3.428762674,2.311079741
07:39:04,2.525620699,3.427697182,2.311809301
07:39:04,2.52567935,3.427489996,2.311357737
07:39:04,2.524991274,3.428056479,2.310957909
07:39:04,2.524832726,3.427923203,2.31120801
07:39:04,2.525064945,3.428314686,2.312390089
07:39:04,2.525491476,3.427895784,2.311977863
07:39:04,2.525453329,3.427992344,2.311212778
07:39:04,2.525343657,3.427774906,2.311126709
07:39:04,2.524829626,3.428022385,2.312725306
07:39:04,2.525551081,3.427596807,2.311093807
07:39:04,2.525162935,3.42822504,2.311730862
07:39:04,2.52551055,3.427985668,2.312055111
07:39:04,2.525795937,3.427915335,2.311331272
07:39:04,2.524998903,3.42759037,2.311122656
07:39:04,2.525492668,3.427961111,2.311419487
07:39:04,2.52615571,3.428125143,2.310767412
07:39:04,2.525405645,3.428234339,2.312514305
07:39:04,2.524964571,3.427895784,2.311822414
07:39:04,2.525708914,3.42729044,2.310384512
07:39:04,2.524806023,3.427834511,2.312402964
07:39:04,2.52580595,3.428628445,2.310500145
07:39:04,2.525204897,3.427938223,2.31090045
07:39:04,2.525849581,3.428376675,2.310787678
07:39:04,2.52558136,3.428261995,2.311012983
07:39:05,2.525731802,3.428011656,2.311649323
07:39:05,2.525372505,3.428318739,2.312072039
07:39:05,2.524975538,3.427461624,2.31159687
07:39:05,2.52507019,3.427496433,2.312391758
07:39:05,2.525207996,3.427731991,2.313184023
07:39:05,2.525225401,3.427469015,2.311727524
07:39:05,2.52540946,3.428153992,2.311231375
07:39:05,2.525054693,3.427126646,2.312541723
07:39:05,2.525068521,3.428009987,2.311964989
07:39:05,2.525823355,3.427490473,2.31128931
07:39:05,2.525644302,3.427656412,2.310847521
07:39:05,2.524867773,3.428207636,2.31141305
07:39:05,2.525414467,3.427634478,2.31202817
07:39:05,2.525155306,3.427440643,2.311184168
07:39:05,2.525160551,3.428382874,2.310506344
07:39:05,2.525022984,3.428710938,2.310090303
07:39:05,2.525248289,3.428065538,2.311475277
07:39:05,2.525279045,3.428290844,2.311790228
07:39:05,2.525548697,3.42794013,2.31132555
07:39:05,2.525252819,3.427871466,2.310684681
07:39:05,2.524883747,3.427881718,2.311840296
07:39:05,2.525001764,3.428208113,2.310854435
07:39:05,2.525239944,3.428275585,2.310772657
07:39:05,2.52516222,3.427957296,2.312169313
07:39:05,2.525527716,3.427752972,2.312000513
07:39:05,2.525027514,3.428184271,2.311938047
07:39:05,2.525478601,3.428535461,2.311496258
07:39:05,2.525220871,3.428647041,2.311315536
07:39:05,2.525195837,3.428053617,2.312002659
07:39:05,2.525024652,3.427785397,2.311553001
07:39:05,2.524752617,3.428409338,2.311053753
07:39:05,2.525078535,3.427744389,2.311395645
07:39:05,2.525454998,3.427919865,2.311963081
07:39:05,2.525020599,3.427877188,2.311720133
07:39:05,2.525929689,3.427296162,2.311539173
07:39:05,2.524052143,3.428127527,2.311519384
07:39:05,2.525870085,3.427908897,2.312622547
07:39:05,2.525238514,3.427890301,2.311804771
07:39:05,2.525609016,3.42751646,2.311637402
07:39:05,2.525329113,3.42771244,2.31252265
07:39:05,2.525344849,3.428238869,2.312030554
07:39:05,2.525072575,3.4277637,2.312284708
07:39:05,2.525192499,3.427730799,2.311876535
07:39:05,2.525344849,3.427594662,2.311156273
07:39:05,2.525198698,3.426837206,2.311140776
07:39:05,2.524817944,3.427676678,2.311599493
07:39:05,2.524842739,3.427914619,2.311273813
07:39:05,2.525589705,3.428000212,2.311073542
07:39:05,2.525173426,3.427683592,2.310965776
07:39:05,2.525725603,3.428155184,2.310588837
07:39:05,2.524777651,3.428076029,2.311356783
07:39:05,2.525295734,3.42822051,2.312340736
07:39:05,2.524840832,3.428509951,2.311487675
07:39:05,2.525336742,3.428731441,2.312860489
07:39:05,2.525805235,3.428391933,2.310980558
07:39:05,2.525160551,3.428134918,2.312115908
07:39:05,2.525153399,3.428403139,2.311872482
07:39:05,2.525150537,3.428175449,2.311554432
07:39:05,2.525259495,3.428052425,2.311713457
07:39:05,2.524822712,3.428773403,2.310929298
07:39:05,2.525555611,3.42849803,2.310586452
07:39:05,2.525590897,3.428400755,2.311599016
07:39:05,2.525939703,3.428705931,2.311786652
07:39:05,2.525045395,3.42813015,2.31131959
07:39:05,2.525220871,3.428181887,2.311201096
07:39:05,2.525148153,3.428535461,2.31056571
07:39:05,2.525580883,3.428026438,2.312105894
07:39:05,2.525522947,3.428180695,2.311413765
07:39:05,2.524405718,3.42796731,2.311105251
07:39:05,2.524891376,3.427903891,2.311619759
07:39:05,2.525400639,3.428236723,2.310916901
07:39:05,2.52487421,3.428187132,2.311966181
07:39:05,2.525691509,3.427807808,2.3110044
07:39:05,2.525542974,3.427970648,2.31199646
07:39:05,2.525039673,3.427579403,2.311070442
07:39:05,2.524977684,3.428435087,2.312204599
07:39:05,2.525322437,3.427857876,2.31152463
07:39:05,2.525045872,3.428762674,2.311705112
07:39:05,2.525110006,3.427900791,2.311368227
07:39:05,2.525472879,3.428414106,2.311432123
07:39:05,2.525217295,3.428360701,2.311717033
07:39:05,2.525180817,3.428092718,2.311577559
07:39:05,2.524941444,3.427576065,2.31200099
07:39:05,2.525462151,3.428340197,2.312794447
07:39:05,2.5251441,3.428479195,2.31130743
07:39:05,2.525363684,3.428213596,2.311680079
07:39:05,2.524586678,3.428165674,2.311690092
07:39:05,2.525758266,3.428424358,2.311325073
07:39:05,2.525139332,3.428356886,2.311028481
07:39:05,2.525560617,3.428645849,2.311851501
07:39:05,2.525264025,3.427748203,2.310899496
07:39:05,2.524624109,3.427797079,2.311848879
07:39:05,2.525504827,3.427947044,2.312098026
07:39:05,2.525563478,3.428384066,2.312501669
07:39:05,2.52513814,3.428406715,2.310728312
07:39:05,2.525489569,3.428530216,2.311974764
07:39:05,2.525416851,3.428042412,2.311908007
07:39:05,2.525634289,3.427779436,2.31233716
07:39:05,2.525326967,3.427643776,2.311976433
07:39:05,2.525046349,3.428017139,2.311615944
07:39:05,2.52556181,3.427900791,2.312261105
07:39:05,2.525468588,3.427789211,2.310809612
07:39:05,2.525617838,3.427826881,2.312959909
07:39:05,2.525396585,3.427346706,2.312060833
07:39:05,2.52476263,3.42785573,2.31197691
07:39:05,2.525032282,3.427244902,2.312126398
07:39:05,2.525112629,3.428254128,2.311519861
07:39:05,2.524741888,3.427716494,2.311739922
07:39:05,2.52530098,3.427393436,2.311589003
07:39:05,2.525140047,3.427769184,2.311669827
07:39:05,2.524838924,3.428168774,2.312234402
07:39:05,2.525466681,3.427896976,2.312129259
07:39:05,2.525217295,3.428493977,2.311686754
07:39:05,2.525259972,3.428384542,2.310822487
07:39:05,2.52532196,3.428003073,2.311679363
07:39:05,2.525221348,3.428178787,2.311495543
07:39:05,2.524889231,3.428499699,2.312015295
07:39:05,2.524943352,3.428013563,2.311653614
07:39:05,2.525325775,3.428328276,2.312124014
07:39:06,2.525756359,3.427861929,2.311847687
07:39:06,2.525472164,3.428466797,2.31200552
07:39:06,2.525259972,3.427848101,2.311591387
07:39:06,2.525555611,3.427982807,2.311510563
07:39:06,2.525072575,3.427961588,2.312442541
07:39:06,2.525290966,3.428058624,2.311552286
07:39:06,2.524873018,3.427941322,2.311466694
07:39:06,2.525166988,3.428055286,2.310999155
07:39:06,2.525305748,3.427464485,2.312016726
07:39:06,2.52539134,3.428347111,2.311294794
07:39:06,2.525134563,3.42795682,2.311867476
07:39:06,2.525271177,3.428040743,2.311869144
07:39:06,2.525180817,3.427720547,2.312589884
07:39:06,2.525624752,3.428072453,2.311444521
07:39:06,2.525378227,3.427998543,2.312323093
07:39:06,2.525046825,3.427515268,2.312140465
07:39:06,2.525103092,3.427904367,2.311406851
07:39:06,2.524701357,3.428231955,2.311849356
07:39:06,2.525318623,3.428415298,2.312329054
07:39:06,2.525502682,3.4282794,2.311896801
07:39:06,2.524989367,3.428337336,2.311321259
07:39:06,2.525419474,3.427651167,2.311932802
07:39:06,2.525196314,3.427922726,2.311826229
07:39:06,2.525084972,3.427556515,2.310951948
07:39:06,2.524996042,3.427754641,2.312248945
07:39:06,2.525012493,3.428264856,2.31150198
07:39:06,2.525270462,3.427928686,2.311560631
07:39:06,2.524980068,3.427865744,2.311406851
07:39:06,2.524786949,3.42834878,2.31174469
07:39:06,2.525307417,3.428345442,2.311126232
07:39:06,2.525205612,3.42826438,2.311295986
07:39:06,2.525197506,3.428460121,2.312720537
07:39:06,2.525162935,3.428276062,2.312036514
07:39:06,2.525124311,3.428027391,2.311453819
07:39:06,2.525485277,3.428402662,2.311011076
07:39:06,2.524840117,3.428429842,2.311484575
07:39:06,2.524938583,3.427784204,2.311990499
07:39:06,2.525049686,3.428030252,2.312308311
07:39:06,2.524988413,3.428387642,2.31202817
07:39:06,2.52609992,3.427445889,2.309994698
07:39:06,2.525712252,3.427915335,2.311159372
07:39:06,2.525238991,3.427523613,2.311574697
07:39:06,2.525411844,3.427606583,2.310739279
07:39:06,2.525079727,3.427820921,2.311610937
07:39:06,2.525111675,3.427944899,2.312297583
07:39:06,2.526087523,3.427251101,2.312634706
07:39:06,2.525425673,3.428408146,2.311807156
07:39:06,2.525453329,3.428335667,2.310698748
07:39:06,2.525535822,3.427675009,2.312193155
07:39:06,2.525125027,3.427782297,2.311737299
07:39:06,2.525257111,3.427982807,2.311698914
07:39:06,2.525830269,3.428314686,2.31128931
07:39:06,2.525830269,3.428198338,2.312027693
07:39:06,2.525641918,3.427644968,2.311284065
07:39:06,2.525481939,3.427922726,2.311226606
07:39:06,2.525894642,3.427703142,2.31145072
07:39:06,2.525521278,3.428320885,2.311998844
07:39:06,2.524996519,3.428421497,2.31184721
07:39:06,2.525472879,3.428482771,2.310526133
07:39:06,2.525487185,3.427928686,2.311636209
07:39:06,2.524791002,3.428259134,2.310552359
07:39:06,2.525597811,3.428625822,2.312663078
07:39:06,2.525695086,3.428277731,2.310984135
07:39:06,2.525477886,3.427901506,2.311504364
07:39:06,2.525725603,3.427861929,2.311408997
07:39:06,2.525462151,3.428133249,2.311516047
07:39:06,2.525308609,3.427954435,2.311609745
07:39:06,2.525315046,3.427654028,2.311538696
07:39:06,2.525005341,3.42840147,2.310835123
07:39:06,2.525036573,3.427910089,2.312820911
07:39:06,2.526104212,3.427750587,2.310496569
07:39:06,2.525658131,3.427906275,2.312474012
07:39:06,2.52502346,3.427880049,2.311365604
07:39:06,2.525500298,3.427674294,2.311693192
07:39:06,2.52517581,3.428447247,2.31094408
07:39:06,2.525758982,3.42846632,2.312160015
07:39:06,2.525798082,3.427407026,2.312416077
07:39:06,2.525879383,3.427460909,2.311110973
07:39:06,2.525177479,3.428000212,2.312226772
07:39:06,2.524976492,3.427754641,2.310522795
07:39:06,2.525551796,3.427856922,2.312278509
07:39:06,2.525180817,3.427597284,2.31180644
07:39:06,2.525620699,3.428026915,2.311341047
07:39:06,2.52587676,3.427569628,2.310776949
07:39:06,2.525533438,3.428044081,2.311664581
07:39:06,2.524963856,3.428114653,2.311082602
07:39:06,2.52497077,3.427889824,2.311565399
07:39:06,2.524874687,3.428169966,2.310976982
07:39:06,2.525306225,3.428407431,2.311100721
07:39:06,2.525357246,3.427302599,2.310968161
07:39:06,2.5260849,3.42751646,2.310853958
07:39:06,2.525090218,3.428529739,2.312380791
07:39:06,2.525148153,3.428302526,2.311478376
07:39:06,2.525412798,3.427561045,2.311986446
07:39:06,2.52580452,3.427904367,2.31249404
07:39:06,2.52562952,3.42779088,2.311966658
07:39:06,2.52567625,3.428109407,2.311347485
07:39:06,2.525374889,3.42783618,2.31184411
07:39:06,2.525320768,3.427476168,2.311133385
07:39:06,2.525526524,3.427798271,2.31072402
07:39:06,2.525840998,3.427098513,2.311276674
07:39:06,2.525891781,3.427979231,2.311460733
07:39:06,2.525348663,3.428223372,2.31210041
07:39:06,2.525109529,3.427764893,2.311551809
07:39:06,2.525238514,3.427656412,2.310101509
07:39:06,2.525315762,3.427706957,2.311199427
07:39:06,2.524676085,3.428299427,2.311270237
07:39:06,2.525198698,3.427397966,2.310975552
07:39:06,2.525099993,3.427565575,2.311607838
07:39:06,2.525243044,3.427384615,2.311873674
07:39:06,2.525498152,3.428295612,2.311275005
07:39:06,2.525784731,3.42782402,2.310850859
07:39:06,2.524596691,3.427711248,2.311081409
07:39:06,2.525867939,3.42781806,2.311374903
07:39:06,2.525424004,3.428633213,2.311378002
07:39:06,2.52543211,3.428033829,2.311912537
07:39:06,2.525314569,3.428632498,2.309502363
07:39:06,2.525588512,3.427619934,2.311890602
07:39:06,2.526026964,3.428301811,2.312279224
07:39:07,2.525241137,3.427636623,2.311654329
07:39:07,2.525496006,3.427976131,2.311867476
07:39:07,2.524879456,3.428399086,2.312139273
07:39:07,2.525107622,3.427832842,2.311645508
07:39:07,2.525663376,3.428508282,2.312052488
07:39:07,2.524879456,3.427911282,2.310896635
07:39:07,2.525674582,3.428008795,2.312223196
07:39:07,2.525048018,3.427514791,2.310773134
07:39:07,2.525556803,3.42753768,2.310439348
07:39:07,2.525425673,3.427880526,2.311940193
07:39:07,2.525886536,3.427867174,2.310973406
07:39:07,2.526143312,3.427584171,2.310773134
07:39:07,2.525056839,3.427980423,2.310684681
07:39:07,2.52573657,3.427907705,2.31297493
07:39:07,2.524955034,3.42781353,2.311639071
07:39:07,2.52568388,3.428006649,2.312022448
07:39:07,2.525695086,3.427671909,2.312010765
07:39:07,2.52485013,3.42805028,2.311173916
07:39:07,2.524885178,3.427874804,2.311151266
07:39:07,2.525675535,3.427603245,2.31253171
07:39:07,2.525210857,3.427789211,2.311520576
07:39:07,2.525974274,3.428405046,2.310018778
07:39:07,2.526185036,3.427987814,2.311448097
07:39:07,2.525879383,3.427787066,2.310257912
07:39:07,2.525310278,3.428360224,2.313045979
07:39:07,2.525053263,3.427548885,2.312024117
07:39:07,2.525537014,3.427600861,2.31065464
07:39:07,2.525989532,3.428290367,2.311597347
07:39:07,2.52560091,3.428444147,2.312315702
07:39:07,2.525603771,3.428051472,2.31133008
07:39:07,2.525799274,3.427688122,2.311741829
07:39:07,2.524973392,3.428810596,2.311762094
07:39:07,2.525158405,3.428191662,2.312606573
07:39:07,2.525535345,3.427877665,2.311144829
07:39:07,2.524886847,3.428164959,2.311857939
07:39:07,2.525477886,3.427939415,2.310929298
07:39:07,2.525620222,3.428356409,2.311933517
07:39:07,2.524182081,3.427839518,2.312140942
07:39:07,2.525488615,3.428523779,2.311912537
07:39:07,2.525597334,3.427897453,2.311519384
07:39:07,2.525947571,3.428289652,2.311552286
07:39:07,2.525555611,3.428068876,2.31205678
07:39:07,2.525191307,3.427898407,2.311640024
07:39:07,2.525214434,3.427266836,2.31181097
07:39:07,2.525792837,3.427619934,2.311134577
07:39:07,2.525121689,3.428070068,2.311114788
07:39:07,2.525246143,3.427446604,2.312039852
07:39:07,2.525677443,3.428094625,2.311917305
07:39:07,2.525820255,3.427640676,2.310957909
07:39:07,2.525623798,3.428030252,2.311086655
07:39:07,2.525617838,3.427939415,2.311397791
07:39:07,2.526127815,3.427752972,2.312566042
07:39:07,2.525603056,3.428013563,2.311757565
07:39:07,2.525794744,3.428379297,2.311434507
07:39:07,2.526160002,3.427833319,2.312077045
07:39:07,2.525682211,3.428663731,2.311211586
07:39:07,2.525550604,3.427991629,2.311606646
07:39:07,2.525980711,3.427798986,2.311530828
07:39:07,2.525805235,3.42796278,2.312368631
07:39:07,2.525933266,3.427675009,2.31225419
07:39:07,2.525476694,3.428109407,2.311823368
07:39:07,2.525318146,3.428409338,2.311856747
07:39:07,2.525924206,3.428132534,2.310928106
07:39:07,2.525405645,3.427859545,2.312826872
07:39:07,2.526237249,3.428526878,2.311764956
07:39:07,2.525272846,3.427684784,2.310716629
07:39:07,2.524819851,3.428259134,2.311683655
07:39:07,2.525401592,3.428322077,2.312431335
07:39:07,2.525641918,3.427961588,2.312107801
07:39:07,2.526263237,3.427411795,2.311371326
07:39:07,2.52603054,3.428637981,2.311488152
07:39:07,2.525645733,3.427800894,2.312350035
07:39:07,2.525173426,3.428125143,2.311481714
07:39:07,2.526221037,3.427583694,2.311011076
07:39:07,2.5254426,3.428065062,2.311135769
07:39:07,2.526164055,3.427464008,2.311707497
07:39:07,2.525611401,3.427404404,2.311689138
07:39:07,2.525168419,3.427288532,2.311522245
07:39:07,2.524843931,3.427854538,2.311856747
07:39:07,2.525599003,3.427440166,2.311915398
07:39:07,2.524684429,3.428181887,2.312041998
07:39:07,2.525498152,3.428048134,2.310317039
07:39:07,2.525121212,3.427198887,2.311640739
07:39:07,2.524900913,3.427744865,2.311122179
07:39:07,2.524963379,3.428369522,2.311245203
07:39:07,2.525479794,3.427910089,2.31101346
07:39:07,2.525518894,3.42803669,2.311548471
07:39:07,2.52577877,3.428375959,2.313023329
07:39:07,2.525562286,3.428044796,2.311050653
07:39:07,2.525392771,3.428435087,2.311299086
07:39:07,2.525326967,3.427947521,2.311630964
07:39:07,2.52550149,3.428250551,2.311700583
07:39:07,2.525276423,3.428252935,2.312059641
07:39:07,2.524893522,3.428158522,2.310947895
07:39:07,2.526106596,3.428263903,2.312822104
07:39:07,2.52538228,3.428401947,2.312733412
07:39:07,2.525701046,3.427792072,2.311684847
07:39:07,2.525148869,3.427921057,2.311588526
07:39:07,2.52570653,3.428276777,2.312242985
07:39:07,2.525416851,3.428308964,2.312030554
07:39:07,2.52548027,3.427888632,2.312130451
07:39:07,2.525836706,3.427644968,2.310342789
07:39:07,2.525596619,3.42730999,2.311609268
07:39:07,2.52554822,3.427395821,2.312314987
07:39:07,2.525248289,3.428091526,2.311903477
07:39:07,2.525058508,3.428286552,2.311471224
07:39:07,2.525189161,3.428089142,2.312257051
07:39:07,2.525150537,3.428426266,2.312074661
07:39:07,2.525236607,3.42784667,2.311797142
07:39:07,2.525257826,3.427627325,2.312131166
07:39:07,2.524774075,3.427604914,2.312817335
07:39:07,2.525306225,3.427666903,2.311296463
07:39:07,2.525744915,3.427862644,2.312069416
07:39:07,2.525451422,3.427915335,2.311495543
07:39:07,2.525188684,3.428270102,2.311417818
07:39:07,2.525437355,3.42809701,2.312546253
07:39:08,2.52576685,3.429013968,2.31089282
07:39:08,2.525627613,3.427332163,2.310972214
07:39:08,2.525220871,3.427767754,2.311926126
07:39:08,2.525747061,3.427596331,2.311535358
07:39:08,2.525701046,3.428045273,2.311936855
07:39:08,2.525677443,3.427371502,2.311061144
07:39:08,2.525358438,3.428073645,2.311431646
07:39:08,2.525400639,3.428246021,2.31145668
07:39:08,2.525285721,3.427736044,2.31121397
07:39:08,2.525223017,3.428722858,2.311299801
07:39:08,2.524320126,3.428463936,2.311510563
07:39:08,2.525379419,3.428814173,2.312836647
07:39:08,2.525649309,3.42829442,2.312230587
07:39:08,2.524755239,3.427647114,2.311187029
07:39:08,2.524720192,3.428627968,2.311328173
07:39:08,2.525188684,3.428111076,2.311614752
07:39:08,2.525313854,3.428206682,2.31111598
07:39:08,2.525315046,3.427888632,2.311896324
07:39:08,2.525295258,3.427900791,2.31178546
07:39:08,2.52531147,3.428026915,2.311743975
07:39:08,2.525220871,3.427676201,2.311984062
07:39:08,2.525231838,3.427696228,2.310968637
07:39:08,2.525450945,3.427648783,2.311072588
07:39:08,2.52585268,3.428042889,2.311116934
07:39:08,2.525068045,3.427866936,2.311944008
07:39:08,2.526462793,3.427555323,2.312196016
07:39:08,2.525142908,3.428456306,2.310806274
07:39:08,2.525799751,3.427965641,2.311072111
07:39:08,2.52497077,3.427640676,2.312228203
07:39:08,2.525257826,3.427675486,2.311465502
07:39:08,2.525481939,3.427735567,2.310944557
07:39:08,2.52464056,3.42813611,2.310706139
07:39:08,2.525152922,3.427963257,2.311697721
07:39:08,2.525077105,3.427890301,2.311270952
07:39:08,2.52516818,3.428138733,2.311510086
07:39:08,2.525099516,3.428320885,2.311388731
07:39:08,2.525367737,3.427710056,2.312930107
07:39:08,2.524988413,3.428548098,2.312509775
07:39:08,2.525364876,3.427700758,2.31063962
07:39:08,2.52502799,3.427410126,2.312022448
07:39:08,2.525596142,3.428358555,2.311550617
07:39:08,2.525972605,3.428343773,2.312049627
07:39:08,2.524834394,3.427876711,2.312200069
07:39:08,2.525702715,3.427520514,2.311042547
07:39:08,2.525297403,3.427563429,2.311372995
07:39:08,2.52534914,3.427473783,2.312966347
07:39:08,2.525226593,3.428067684,2.31228137
07:39:08,2.525411844,3.428431511,2.310972214
07:39:08,2.525286436,3.427883387,2.310519934
07:39:08,2.525272131,3.428077459,2.311357498
07:39:08,2.52520895,3.427820444,2.311104298
07:39:08,2.525172234,3.428151846,2.311086655
07:39:08,2.525490761,3.428167343,2.311520576
07:39:08,2.525394678,3.427783489,2.311709881
07:39:08,2.525159121,3.427829504,2.312508583
07:39:08,2.525129318,3.427806139,2.311482191
07:39:08,2.525078535,3.428548098,2.311009407
07:39:08,2.525159836,3.427694559,2.3120327
07:39:08,2.526034117,3.428272486,2.312006712
07:39:08,2.52580452,3.428550959,2.311909199
07:39:08,2.524653912,3.427609921,2.310484409
07:39:08,2.524583101,3.428574324,2.311163425
07:39:08,2.525092125,3.427550554,2.313020945
07:39:08,2.525397062,3.428530216,2.312323809
07:39:08,2.525223732,3.42817831,2.312071323
07:39:08,2.525341272,3.428117275,2.311707497
07:39:08,2.525275707,3.428301334,2.311638594
07:39:08,2.525583506,3.428062677,2.310525656
07:39:08,2.525259018,3.428505421,2.310774803
07:39:08,2.525244951,3.42863369,2.310462475
07:39:08,2.524808645,3.428145885,2.31123662
07:39:08,2.525446177,3.428311348,2.311897993
07:39:08,2.525042295,3.427869558,2.311901569
07:39:08,2.525640488,3.42808485,2.312389612
07:39:08,2.525185108,3.427145481,2.311471224
07:39:08,2.52541399,3.428636074,2.311342955
07:39:08,2.525237799,3.427850962,2.312101841
07:39:08,2.525239944,3.428281069,2.311107397
07:39:08,2.524856567,3.42809391,2.310825348
07:39:08,2.525424004,3.427854061,2.311861277
07:39:08,2.524819374,3.427530289,2.312041044
07:39:08,2.525244236,3.428259134,2.311521769
07:39:08,2.524948597,3.427935123,2.311417103
07:39:08,2.524740219,3.427592278,2.31190443
07:39:08,2.525508165,3.428529024,2.31183362
07:39:08,2.525243044,3.427981615,2.310844183
07:39:08,2.52504921,3.428173542,2.311035156
07:39:08,2.526161909,3.427868366,2.312093973
07:39:08,2.525526524,3.428444147,2.311704636
07:39:08,2.525452375,3.428375006,2.311613083
07:39:08,2.525140047,3.428626299,2.311386585
07:39:08,2.525364876,3.428010464,2.311761379
07:39:08,2.52489996,3.428075314,2.311796427
07:39:08,2.525229454,3.427534342,2.31187892
07:39:08,2.525780916,3.428189754,2.31213522
07:39:08,2.525206089,3.427964449,2.311099529
07:39:08,2.524978876,3.427904367,2.311817884
07:39:08,2.524873018,3.427758455,2.311911821
07:39:08,2.525876284,3.427525759,2.312051773
07:39:08,2.52541399,3.427268505,2.310941696
07:39:08,2.525058031,3.427365065,2.310572147
07:39:08,2.525673389,3.428566217,2.310906649
07:39:08,2.526019573,3.427879333,2.311187029
07:39:08,2.525194407,3.427707672,2.312445879
07:39:08,2.524466515,3.427877665,2.311593294
07:39:08,2.524933338,3.42726326,2.31187892
07:39:08,2.526110888,3.428178787,2.312203407
07:39:08,2.524853706,3.427327871,2.312021732
07:39:08,2.524840832,3.428120613,2.311071634
07:39:08,2.525047302,3.4272089,2.311985731
07:39:08,2.525693417,3.427369118,2.310873508
07:39:08,2.525505304,3.427492857,2.311364412
07:39:08,2.525068045,3.427763224,2.310852051
07:39:08,2.525782347,3.427783489,2.311120272
07:39:08,2.525554419,3.42726326,2.310624838
07:39:09,2.525158405,3.427994013,2.310720205
07:39:09,2.525389433,3.427881241,2.311383009
07:39:09,2.525653124,3.428463936,2.312144756
07:39:09,2.525405645,3.427921534,2.311698437
07:39:09,2.524881363,3.428081512,2.311555624
07:39:09,2.525001764,3.427710056,2.312259436
07:39:09,2.525255442,3.427639484,2.31200552
07:39:09,2.525361776,3.428304911,2.311560631
07:39:09,2.525491953,3.427627325,2.310971737
07:39:09,2.525238991,3.427755833,2.311559439
07:39:09,2.525152206,3.428693771,2.312078238
07:39:09,2.524716616,3.428027868,2.312204123
07:39:09,2.525356054,3.428823233,2.31235075
07:39:09,2.525575638,3.428462267,2.311548471
07:39:09,2.525611401,3.428149462,2.311820745
07:39:09,2.525701046,3.42808485,2.311711073
07:39:09,2.52551651,3.428192616,2.311698437
07:39:09,2.525715113,3.428329468,2.311530828
07:39:09,2.525586128,3.428412914,2.311415434
07:39:09,2.525678158,3.427882195,2.312107086
07:39:09,2.525641918,3.428903103,2.311033249
07:39:09,2.525113821,3.427864075,2.311552286
07:39:09,2.525529861,3.427877188,2.310574532
07:39:09,2.52613163,3.427881241,2.311906338
07:39:09,2.525388956,3.428056479,2.311679363
07:39:09,2.525035858,3.428402662,2.311139584
07:39:09,2.52534914,3.428080559,2.311959982
07:39:09,2.525416374,3.428089142,2.310661077
07:39:09,2.526370287,3.427815914,2.311517954
07:39:09,2.525087118,3.428104877,2.311870813
07:39:09,2.525382996,3.427631378,2.311680079
07:39:09,2.525665283,3.427690983,2.311619759
07:39:09,2.524772406,3.427794933,2.311853409
07:39:09,2.524972677,3.427896976,2.311328888
07:39:09,2.525606632,3.427812338,2.311438799
07:39:09,2.52525115,3.427725077,2.312313318
07:39:09,2.5253613,3.428186417,2.311288118
07:39:09,2.525640011,3.428315878,2.310817003
07:39:09,2.525359869,3.428308964,2.311177731
07:39:09,2.524764538,3.427914619,2.310670376
07:39:09,2.525384188,3.428149939,2.31133604
07:39:09,2.525354147,3.427925587,2.311509371
07:39:09,2.525202513,3.427979946,2.31116581
07:39:09,2.525518179,3.427702427,2.311358452
07:39:09,2.525933266,3.427577496,2.310959578
07:39:09,2.525506496,3.427439451,2.312649488
07:39:09,2.525389433,3.427638769,2.310644627
07:39:09,2.525424004,3.427553654,2.311802149
07:39:09,2.525330305,3.427858353,2.311159372
07:39:09,2.525575638,3.428720951,2.311266422
07:39:09,2.524586678,3.428225756,2.310845613
07:39:09,2.525397062,3.427849293,2.313101053
07:39:09,2.52561307,3.428386927,2.312017918
07:39:09,2.525159836,3.427353382,2.311220169
07:39:09,2.525743008,3.428055286,2.312509775
07:39:09,2.524533272,3.427214146,2.310941696
07:39:09,2.524764061,3.428051472,2.311224937
07:39:09,2.525563478,3.428468466,2.311643124
07:39:09,2.525100946,3.427987337,2.312445879
07:39:09,2.525137901,3.427983999,2.310833454
07:39:09,2.525444984,3.427851677,2.312108994
07:39:09,2.525156975,3.427734375,2.312183142
07:39:09,2.525012493,3.427866459,2.31185627
07:39:09,2.525169611,3.427103758,2.311561108
07:39:09,2.525033474,3.42816329,2.312192202
07:39:09,2.525719643,3.428215981,2.311291218
07:39:09,2.52507019,3.428216457,2.310131788
07:39:09,2.525537014,3.4276824,2.312275648
07:39:09,2.524717331,3.427878857,2.310554743
07:39:09,2.525580883,3.427783489,2.312002659
07:39:09,2.524868965,3.427481651,2.311246634
07:39:09,2.525069237,3.427325726,2.311002493
07:39:09,2.525220871,3.428026438,2.312473774
07:39:09,2.525020123,3.427718639,2.311098814
07:39:09,2.525034666,3.427719831,2.311458111
07:39:09,2.524942636,3.428057909,2.310766697
07:39:09,2.525479078,3.427748203,2.311754704
07:39:09,2.52529335,3.427774906,2.310274124
07:39:09,2.525119305,3.428189278,2.310832977
07:39:09,2.52524662,3.427699089,2.312201977
07:39:09,2.524838924,3.428157091,2.311434507
07:39:09,2.524749041,3.428538322,2.311679602
07:39:09,2.525171757,3.427607059,2.31131506
07:39:09,2.525410652,3.428049088,2.311658859
07:39:09,2.525265932,3.428257942,2.312398195
07:39:09,2.52586937,3.427681208,2.311776638
07:39:09,2.525384188,3.427604914,2.310975552
07:39:09,2.524912119,3.427752972,2.311165094
07:39:09,2.52520752,3.428145885,2.31219101
07:39:09,2.524549484,3.42753315,2.31022954
07:39:09,2.525277853,3.427830696,2.312031507
07:39:09,2.524843931,3.428155899,2.311158657
07:39:09,2.525739431,3.427918673,2.312300682
07:39:09,2.525325775,3.428099632,2.312075853
07:39:09,2.525582314,3.428117275,2.31078577
07:39:09,2.525031805,3.427514076,2.311060667
07:39:09,2.52507329,3.427710772,2.312415361
07:39:09,2.525348663,3.427822113,2.310819387
07:39:09,2.525177479,3.428214788,2.312071323
07:39:09,2.52606082,3.428372622,2.312005043
07:39:09,2.525798082,3.427881241,2.3118608
07:39:09,2.525056839,3.428469658,2.31116581
07:39:09,2.523913145,3.427565575,2.310832262
07:39:09,2.525169611,3.427611113,2.311198235
07:39:09,2.524595261,3.428217173,2.311470032
07:39:09,2.525527,3.428438425,2.311482191
07:39:09,2.525272131,3.427996874,2.311786175
07:39:09,2.52515769,3.427317381,2.31136775
07:39:09,2.525072575,3.428679228,2.311615467
07:39:09,2.525440931,3.427470207,2.310692549
07:39:09,2.525724411,3.428496361,2.310529709
07:39:09,2.52512002,3.428630829,2.311620474
07:39:09,2.52554059,3.42820859,2.3118999
07:39:09,2.525547504,3.427844286,2.312376022
07:39:09,2.525455713,3.427888632,2.311642408
07:39:09,2.525387764,3.42797184,2.311414242
07:39:09,2.52531147,3.428193808,2.312278509
07:39:09,2.525297403,3.427832842,2.311707497
07:39:09,2.524982452,3.428054094,2.311817884
07:39:10,2.525198221,3.427866936,2.310973406
07:39:10,2.524752855,3.427877665,2.310267925
07:39:10,2.525594473,3.427592278,2.311218977
07:39:10,2.525065899,3.428295135,2.311705828
07:39:10,2.525457859,3.427582979,2.310796261
07:39:10,2.526055813,3.427881241,2.31081152
07:39:10,2.526266575,3.428008795,2.312156677
07:39:10,2.52523303,3.427983522,2.310684681
07:39:10,2.525747061,3.427098513,2.311831236
07:39:10,2.525594473,3.427503824,2.311110973
07:39:10,2.524503708,3.428042412,2.312057972
07:39:10,2.524980783,3.427961111,2.311395168
07:39:10,2.525948763,3.427706957,2.312132835
07:39:10,2.525411129,3.428001881,2.310873508
07:39:10,2.525515795,3.428070784,2.310526133
07:39:10,2.525665283,3.427735567,2.312489271
07:39:10,2.525165796,3.428003788,2.311033726
07:39:10,2.52473855,3.428189754,2.311537027
07:39:10,2.525693893,3.428296089,2.311471224
07:39:10,2.526142836,3.428102493,2.311216593
07:39:10,2.525340796,3.428117514,2.312385321
07:39:10,2.525431871,3.428278923,2.311761379
07:39:10,2.525636911,3.427754641,2.311783552
07:39:10,2.525675058,3.428660393,2.312540054
07:39:10,2.52583766,3.428233624,2.312485218
07:39:10,2.525118828,3.427822113,2.31226182
07:39:10,2.525666952,3.427974224,2.312414885
07:39:10,2.525599718,3.428178787,2.311172247
07:39:10,2.525361776,3.428076506,2.311984062
07:39:10,2.525118828,3.427667618,2.312133312
07:39:10,2.525183916,3.428300619,2.311689138
07:39:10,2.525771856,3.427686453,2.311194181
07:39:10,2.525541782,3.428385258,2.313672543
07:39:10,2.525635719,3.428902626,2.311724901
07:39:10,2.52565217,3.427748203,2.310428619
07:39:10,2.525029182,3.428587198,2.310336828
07:39:10,2.525088787,3.42870307,2.311679602
07:39:10,2.52566433,3.428777218,2.311010599
07:39:10,2.525809288,3.427744389,2.311525822
07:39:10,2.525640488,3.427706957,2.311483383
07:39:10,2.52525115,3.427749395,2.311341047
07:39:10,2.525755882,3.428192616,2.311288834
07:39:10,2.525848389,3.428067684,2.310789347
07:39:10,2.525183916,3.428073645,2.310818195
07:39:10,2.525453806,3.427857399,2.311703444
07:39:10,2.525308609,3.428098917,2.311000824
07:39:10,2.525198936,3.427447557,2.312144756
07:39:10,2.524995565,3.427902699,2.311074734
07:39:10,2.525244951,3.428044081,2.311411381
07:39:10,2.524888039,3.428125858,2.311369419
07:39:10,2.525274038,3.42783618,2.311723232
07:39:10,2.525603056,3.427966833,2.310364723
07:39:10,2.526002407,3.4281075,2.310077429
07:39:10,2.52605629,3.427491188,2.312204599
07:39:10,2.52515173,3.427522898,2.311105251
07:39:10,2.525621891,3.427683592,2.311499119
07:39:10,2.525359154,3.42817831,2.311421871
07:39:10,2.5258286,3.428343773,2.311485767
07:39:10,2.525529385,3.428339005,2.31159687
07:39:10,2.525806427,3.427972555,2.31168437
07:39:10,2.525324583,3.428204298,2.311461926
07:39:10,2.525144577,3.427889824,2.311641216
07:39:10,2.52525425,3.428121567,2.312610149
07:39:10,2.524876833,3.4281106,2.31050992
07:39:10,2.525401115,3.427761555,2.310400963
07:39:10,2.525605202,3.427912951,2.311406851
07:39:10,2.525468588,3.428117275,2.311351061
07:39:10,2.525344133,3.427625179,2.3124578
07:39:10,2.525970221,3.427757263,2.311397552
07:39:10,2.525872946,3.427808285,2.312059164
07:39:10,2.524810553,3.427963972,2.311633348
07:39:10,2.525730848,3.427961588,2.312247753
07:39:10,2.525302887,3.428001881,2.311427116
07:39:10,2.52586174,3.428578138,2.311835289
07:39:10,2.52524662,3.428230762,2.313348055
07:39:10,2.525562286,3.427912951,2.312259912
07:39:10,2.525542974,3.427137136,2.311538696
07:39:10,2.524560213,3.428103209,2.312283039
07:39:10,2.52458787,3.427657127,2.31138587
07:39:10,2.5260849,3.428519011,2.31233263
07:39:10,2.525591373,3.428381205,2.309915781
07:39:10,2.52618742,3.428568363,2.311838388
07:39:10,2.526229858,3.427825212,2.309587955
07:39:10,2.525274515,3.426987648,2.311302662
07:39:10,2.524855375,3.428284645,2.311892271
07:39:10,2.525192499,3.427651644,2.312879086
07:39:10,2.525253773,3.428144693,2.311500311
07:39:10,2.524963856,3.427866936,2.311935663
07:39:10,2.525360346,3.428207636,2.311622143
07:39:10,2.525320292,3.427897453,2.31106472
07:39:10,2.525789738,3.427330494,2.310583591
07:39:10,2.524987221,3.427917957,2.310230255
07:39:10,2.52578187,3.427863121,2.311972857
07:39:10,2.525126696,3.427869081,2.311730146
07:39:10,2.525721312,3.427597761,2.312327862
07:39:10,2.525573969,3.427930355,2.309549093
07:39:10,2.524782896,3.427527428,2.311198235
07:39:10,2.525629044,3.427861929,2.311033249
07:39:10,2.524766445,3.428072453,2.312020779
07:39:10,2.525902987,3.427445889,2.312050819
07:39:10,2.526152134,3.42799449,2.31295228
07:39:10,2.525960922,3.427559853,2.312013626
07:39:10,2.52500701,3.428233624,2.311584473
07:39:10,2.525822639,3.426874876,2.311330557
07:39:10,2.525330782,3.426791668,2.311026812
07:39:10,2.52468276,3.428271294,2.311751127
07:39:10,2.526098728,3.427636147,2.311040878
07:39:10,2.52560091,3.427842379,2.31096983
07:39:10,2.525384188,3.42768693,2.31140089
07:39:10,2.525377035,3.428538322,2.310984612
07:39:10,2.525533915,3.427811146,2.311821222
07:39:10,2.525062084,3.427988529,2.312330246
07:39:10,2.525013447,3.428142309,2.311425924
07:39:10,2.525756836,3.428300619,2.311684847
07:39:10,2.525696754,3.428352833,2.310805559
07:39:10,2.525981426,3.428685904,2.311131477
07:39:10,2.525135279,3.427591085,2.311517954
07:39:10,2.525367737,3.428005457,2.310786963
07:39:10,2.525712252,3.42749691,2.312098503
07:39:11,2.526160717,3.427707672,2.310214996
07:39:11,2.525485992,3.42787075,2.311436415
07:39:11,2.525224209,3.429170132,2.30978322
07:39:11,2.525741816,3.428599596,2.309904337
07:39:11,2.525577307,3.427765608,2.312074184
07:39:11,2.525721312,3.428986311,2.313307285
07:39:11,2.52558279,3.426751852,2.312346458
07:39:11,2.525010109,3.427114964,2.310688972
07:39:11,2.526388884,3.428927898,2.311318874
07:39:11,2.52483654,3.428698301,2.309335709
07:39:11,2.525520086,3.427507162,2.312246799
07:39:11,2.525159836,3.426588774,2.309462309
07:39:11,2.525277138,3.428533316,2.311616421
07:39:11,2.525868177,3.428463221,2.312686682
07:39:11,2.525637627,3.428137302,2.310236454
07:39:11,2.525207043,3.427165747,2.308066368
07:39:11,2.525079727,3.42806673,2.313049078
07:39:11,2.525210857,3.42805028,2.313393116
07:39:11,2.526316881,3.42785573,2.309966326
07:39:11,2.526749611,3.427976131,2.310356617
07:39:11,2.525395393,3.427607059,2.3100245
07:39:11,2.525461435,3.428065538,2.312740803
07:39:11,2.524903536,3.427350998,2.309708357
07:39:11,2.526230335,3.427592754,2.310769081
07:39:11,2.525457859,3.427492857,2.310058117
07:39:11,2.526186943,3.427718639,2.313646317
07:39:11,2.526550531,3.428447962,2.311384678
07:39:11,2.526149035,3.427934408,2.310344458
07:39:11,2.52565217,3.427786589,2.310577869
07:39:11,2.525005817,3.428340197,2.310905457
07:39:11,2.525531054,3.427127838,2.309847355
07:39:11,2.526100397,3.428468943,2.309233427
07:39:11,2.524694443,3.427037716,2.313969374
07:39:11,2.526133776,3.427425385,2.31344676
07:39:11,2.525499344,3.427192211,2.309896708
07:39:11,2.526643038,3.428772449,2.311738491
07:39:11,2.524938583,3.427755117,2.311659336
07:39:11,2.525772333,3.428148746,2.311603546
07:39:11,2.525932074,3.427910089,2.307506323
07:39:11,2.524827242,3.4276371,2.31256485
07:39:11,2.52505517,3.428073645,2.310175419
07:39:11,2.524454832,3.42768693,2.31219101
07:39:11,2.526150703,3.427961588,2.312758207
07:39:11,2.525722027,3.428011179,2.31348443
07:39:11,2.525090218,3.427205801,2.312727213
07:39:11,2.526003599,3.42885685,2.310310364
07:39:11,2.524620771,3.427613735,2.312234402
07:39:11,2.526502609,3.427753448,2.313120604
07:39:11,2.52615118,3.42827177,2.309746981
07:39:11,2.525944471,3.429723978,2.311776638
07:39:11,2.52581048,3.427966356,2.310713291
07:39:11,2.524612427,3.428133726,2.311822414
07:39:11,2.526277065,3.42779398,2.312180519
07:39:11,2.52555871,3.428393126,2.311645985
07:39:11,2.526324987,3.42865181,2.310592651
07:39:11,2.52567935,3.428466797,2.311071634
07:39:11,2.525423288,3.426800966,2.311651945
07:39:11,2.525052071,3.428168774,2.312382698
07:39:11,2.526120663,3.42863822,2.31325841
07:39:11,2.52579546,3.427976608,2.311304569
07:39:11,2.524826765,3.429275274,2.310507059
07:39:11,2.525275707,3.42887187,2.3123703
07:39:11,2.525341988,3.428982258,2.311975241
07:39:11,2.526136637,3.427815914,2.310784578
07:39:11,2.526004076,3.428302526,2.311809301
07:39:11,2.525453806,3.428017139,2.312223673
07:39:11,2.52487421,3.42743206,2.310637236
07:39:11,2.525741339,3.428692102,2.30840683
07:39:11,2.524297237,3.4274683,2.309688091
07:39:11,2.524756908,3.428384542,2.313007355
07:39:11,2.524663925,3.427920341,2.313632488
07:39:11,2.526534319,3.427166462,2.311687946
07:39:11,2.525272131,3.427269697,2.309325218
07:39:11,2.525356531,3.427344799,2.309470892
07:39:11,2.524404049,3.428672314,2.3128438
07:39:11,2.525767565,3.428541183,2.315913916
07:39:11,2.525034666,3.429120779,2.311675072
07:39:11,2.526024103,3.427601337,2.312672377
07:39:11,2.525409937,3.42975235,2.311898708
07:39:11,2.524945974,3.430753231,2.308794737
07:39:11,2.525354147,3.428225756,2.310834169
07:39:11,2.525578976,3.427880526,2.311429977
07:39:11,2.525166512,3.428157568,2.310930967
07:39:11,2.524389982,3.429314613,2.312567711
07:39:11,2.526012421,3.425872564,2.313379288
07:39:11,2.524805546,3.429483891,2.310031891
07:39:11,2.526062489,3.427985191,2.309732199
07:39:11,2.525248289,3.428240061,2.309787512
07:39:11,2.524696112,3.425727606,2.311776638
07:39:11,2.524621248,3.42694068,2.309607267
07:39:11,2.524959564,3.431583166,2.30653429
07:39:11,2.525936365,3.429268837,2.312876225
07:39:11,2.526250124,3.426950455,2.313183308
07:39:11,2.526334524,3.426892996,2.312456131
07:39:11,2.525302172,3.42762351,2.311451912
07:39:11,2.525154591,3.426541805,2.312806606
07:39:11,2.52446866,3.426541328,2.308149576
07:39:11,2.525350332,3.428094625,2.31236577
07:39:11,2.525352955,3.428259134,2.307885408
07:39:11,2.52579093,3.429469585,2.309369802
07:39:11,2.52500248,3.427959204,2.312594652
07:39:11,2.525827646,3.429478884,2.312887669
07:39:11,2.525082588,3.427779913,2.312001467
07:39:11,2.525189638,3.428997517,2.310544252
07:39:11,2.525784731,3.429504395,2.311206341
07:39:11,2.524737835,3.429028988,2.311043262
07:39:11,2.525354862,3.427955151,2.313616276
07:39:11,2.526536703,3.428585052,2.311125755
07:39:11,2.526087999,3.429037333,2.311942339
07:39:11,2.52509141,3.42782712,2.309422731
07:39:11,2.524673939,3.427136183,2.314172268
07:39:11,2.525905371,3.428333044,2.313565016
07:39:11,2.525006294,3.426185846,2.309300661
07:39:11,2.524298429,3.425674438,2.312868118
07:39:11,2.524947882,3.426389933,2.318515301
07:39:11,2.526521921,3.42747879,2.318472862
07:39:11,2.526345015,3.428675413,2.306831598
07:39:11,2.525592566,3.428010464,2.306714296
07:39:11,2.52464056,3.42869091,2.312668085
07:39:12,2.525670528,3.428086519,2.312525272
07:39:12,2.525829792,3.427165747,2.306978703
07:39:12,2.525604248,3.426272631,2.306817055
07:39:12,2.524490595,3.427842379,2.314057112
07:39:12,2.526185036,3.427217007,2.316131115
07:39:12,2.525614738,3.426642656,2.309271812
07:39:12,2.524424553,3.428043604,2.306586981
07:39:12,2.523839712,3.429862499,2.315532207
07:39:12,2.526067019,3.429550409,2.316725254
07:39:12,2.525653601,3.430198431,2.307070971
07:39:12,2.525212526,3.429084539,2.308237791
07:39:12,2.524648905,3.427955151,2.316720486
07:39:12,2.525871277,3.426882267,2.311949253
07:39:12,2.525521278,3.428817034,2.309371471
07:39:12,2.524560213,3.427564383,2.312885046
07:39:12,2.525112629,3.427781105,2.315413713
07:39:12,2.526167393,3.42984724,2.313234091
07:39:12,2.525855064,3.42991066,2.304275513
07:39:12,2.525194407,3.427036285,2.309583664
07:39:12,2.524022341,3.42729497,2.314326525
07:39:12,2.526026487,3.427847147,2.311632633
07:39:12,2.525523424,3.426040888,2.31111598
07:39:12,2.524564981,3.426915884,2.311161518
07:39:12,2.524535179,3.427390337,2.312678814
07:39:12,2.525048018,3.427839518,2.313892126
07:39:12,2.525121689,3.428792715,2.307481766
07:39:12,2.525362492,3.429517508,2.313130379
07:39:12,2.525290966,3.427338362,2.313646793
07:39:12,2.525542259,3.427596331,2.309300661
07:39:12,2.524381638,3.426942587,2.309948444
07:39:12,2.524689198,3.425040483,2.307082891
07:39:12,2.526043415,3.425336123,2.316565037
07:39:12,2.524731874,3.427692652,2.312343597
07:39:12,2.525528908,3.427991629,2.307342291
07:39:12,2.525449038,3.427587986,2.306462288
07:39:12,2.525531769,3.428649187,2.312429667
07:39:12,2.524816751,3.429031372,2.314146996
07:39:12,2.526055813,3.42800951,2.314832926
07:39:12,2.525920391,3.427605391,2.310518742
07:39:12,2.525419474,3.427520514,2.311707497
07:39:12,2.524415255,3.428863764,2.314161539
07:39:12,2.524907589,3.429032564,2.31053853
07:39:12,2.524876356,3.4288342,2.308817863
07:39:12,2.526099205,3.42860198,2.311315536
07:39:12,2.525691509,3.430690765,2.314474583
07:39:12,2.525490284,3.428478241,2.31368351
07:39:12,2.525230885,3.427198887,2.307273626
07:39:12,2.524570704,3.42724371,2.306551456
07:39:12,2.524834871,3.427296162,2.30881691
07:39:12,2.526100397,3.427589178,2.315612793
07:39:12,2.526397705,3.428509474,2.310249805
07:39:12,2.524415255,3.42825532,2.308632135
07:39:12,2.525122881,3.429131508,2.308901787
07:39:12,2.527130604,3.430584431,2.313160658
07:39:12,2.526105404,3.428004265,2.312837124
07:39:12,2.525312185,3.426810741,2.307813168
07:39:12,2.524939299,3.426371336,2.310487986
07:39:12,2.527353764,3.427589178,2.314466953
07:39:12,2.524866104,3.429037333,2.309650898
07:39:12,2.524917364,3.426890612,2.312147141
07:39:12,2.524752617,3.429452181,2.311054468
07:39:12,2.525939226,3.429362535,2.313338041
07:39:12,2.525209665,3.428470135,2.312465429
07:39:12,2.523354769,3.427228451,2.310693026
07:39:12,2.524712324,3.428156376,2.310461283
07:39:12,2.524223328,3.428770065,2.310368299
07:39:12,2.525487661,3.428721666,2.310746908
07:39:12,2.524908543,3.426821709,2.311725616
07:39:12,2.524306297,3.429619074,2.311626911
07:39:12,2.524715424,3.427752256,2.311173916
07:39:12,2.524998188,3.426684856,2.312653303
07:39:12,2.525771856,3.427411795,2.309676647
07:39:12,2.525681734,3.427949905,2.311192513
07:39:12,2.524450779,3.428278208,2.308723688
07:39:12,2.525767565,3.428492785,2.312984228
07:39:12,2.52633357,3.426521301,2.308876514
07:39:12,2.525553703,3.429776907,2.308068514
07:39:12,2.52623415,3.428012371,2.311909914
07:39:12,2.524240494,3.428485155,2.312549114
07:39:12,2.525326252,3.428251028,2.309649706
07:39:12,2.526307344,3.427447557,2.310532093
07:39:12,2.524662733,3.425599337,2.314152479
07:39:12,2.525369406,3.427519321,2.318470478
07:39:12,2.526902199,3.426304579,2.309655666
07:39:12,2.524383545,3.429665565,2.299988508
07:39:12,2.523571968,3.429938793,2.308679819
07:39:12,2.525100946,3.427262068,2.317976236
07:39:12,2.526222706,3.427944183,2.313381672
07:39:12,2.525308609,3.428612232,2.304940939
07:39:12,2.524522781,3.428054094,2.310588837
07:39:12,2.523790359,3.428568363,2.317885399
07:39:12,2.524619341,3.428430319,2.313966513
07:39:12,2.525271654,3.426631451,2.30175066
07:39:12,2.524809837,3.428567886,2.310344934
07:39:12,2.523611307,3.428607225,2.317240477
07:39:12,2.525481939,3.428692818,2.307239294
07:39:12,2.524591208,3.429493666,2.305115223
07:39:12,2.524192095,3.426867247,2.317442894
07:39:12,2.525728464,3.427451134,2.313809633
07:39:12,2.526542902,3.427212,2.308282375
07:39:12,2.524299622,3.42736578,2.313217163
07:39:12,2.525131226,3.427790403,2.312885046
07:39:12,2.525118828,3.42851162,2.309339523
07:39:12,2.524867773,3.427338362,2.307899237
07:39:12,2.525127888,3.42871809,2.31524229
07:39:12,2.526144505,3.428400278,2.316126823
07:39:12,2.526232004,3.429160833,2.316913366
07:39:12,2.526407003,3.42821312,2.308063507
07:39:12,2.525693893,3.42784667,2.309015036
07:39:12,2.52483654,3.426548243,2.314347982
07:39:12,2.52558732,3.42812109,2.312071323
07:39:12,2.525371313,3.426543951,2.314158678
07:39:12,2.523754835,3.427807808,2.313164234
07:39:12,2.524915218,3.42674613,2.321609974
07:39:12,2.526781797,3.429047585,2.307680845
07:39:12,2.526372671,3.430550337,2.304676294
07:39:13,2.524973869,3.428535461,2.31355381
07:39:13,2.524194479,3.427919865,2.315402269
07:39:13,2.525292873,3.42586112,2.311442852
07:39:13,2.524420977,3.426234007,2.307785511
07:39:13,2.525271654,3.428164959,2.314388037
07:39:13,2.52577877,3.430428505,2.308938265
07:39:13,2.524831057,3.427783489,2.312614918
07:39:13,2.524653196,3.428650618,2.307141304
07:39:13,2.524266243,3.429052114,2.309775829
07:39:13,2.524915695,3.428286552,2.311580896
07:39:13,2.525070906,3.42639184,2.314843416
07:39:13,2.527278662,3.425980806,2.314807653
07:39:13,2.525093794,3.428359032,2.304457903
07:39:13,2.524385929,3.427440643,2.308972597
07:39:13,2.523877621,3.427583694,2.309843302
07:39:13,2.525957346,3.427452326,2.316548586
07:39:13,2.525912285,3.428012848,2.312407017
07:39:13,2.525177479,3.428310156,2.309774637
07:39:13,2.525261164,3.427327156,2.313192129
07:39:13,2.525357246,3.427466869,2.309577703
07:39:13,2.525682211,3.42863822,2.309224606
07:39:13,2.523768902,3.428422213,2.309263468
07:39:13,2.526106596,3.427206516,2.317631245
07:39:13,2.525230885,3.426738501,2.31338954
07:39:13,2.52489996,3.428468466,2.308794022
07:39:13,2.524945974,3.42886734,2.309893608
07:39:13,2.524676085,3.430130243,2.312182665
07:39:13,2.52701354,3.427361012,2.314206123
07:39:13,2.525518179,3.428322792,2.306330919
07:39:13,2.524963856,3.427810192,2.311079264
07:39:13,2.523908138,3.427581787,2.313293219
07:39:13,2.524775267,3.427976131,2.311709881
07:39:13,2.525436878,3.428592205,2.305451632
07:39:13,2.525741816,3.42911911,2.310076714
07:39:13,2.522902727,3.428046465,2.314631224
07:39:13,2.525247812,3.426897287,2.310972214
07:39:13,2.52546978,3.426802158,2.310153961
07:39:13,2.525140524,3.427917957,2.310739994
07:39:13,2.52606988,3.426645517,2.310782909
07:39:13,2.525571585,3.427812338,2.311174631
07:39:13,2.52495718,3.42783618,2.312488794
07:39:13,2.524461985,3.429605484,2.310917616
07:39:13,2.525712252,3.428156376,2.311927319
07:39:13,2.524817228,3.427415371,2.313387394
07:39:13,2.525063753,3.428783417,2.311411858
07:39:13,2.525213718,3.426852226,2.312868595
07:39:13,2.525020123,3.428200245,2.313487291
07:39:13,2.525290966,3.427289248,2.3153162
07:39:13,2.526020288,3.427369595,2.307346106
07:39:13,2.52421093,3.428985119,2.312911034
07:39:13,2.525374889,3.427834988,2.314490795
07:39:13,2.526244164,3.42888689,2.312480688
07:39:13,2.525330782,3.427911282,2.309767962
07:39:13,2.524125814,3.427841425,2.315640926
07:39:13,2.525160551,3.428370714,2.312865257
07:39:13,2.525896549,3.427996874,2.308694363
07:39:13,2.525314569,3.427387953,2.311392069
07:39:13,2.524285793,3.427466869,2.313224077
07:39:13,2.526052952,3.426489353,2.312574863
07:39:13,2.525462151,3.427811146,2.310451984
07:39:13,2.525144577,3.428105354,2.311913013
07:39:13,2.525548697,3.428918123,2.309911728
07:39:13,2.525034189,3.429035664,2.311500311
07:39:13,2.525116205,3.427524567,2.312330961
07:39:13,2.524798155,3.427968979,2.311385393
07:39:13,2.526371479,3.427525759,2.309999704
07:39:13,2.524858475,3.427255869,2.313048601
07:39:13,2.526025295,3.427426815,2.311487675
07:39:13,2.525255442,3.428258419,2.314391613
07:39:13,2.525529861,3.427081347,2.311862707
07:39:13,2.525908232,3.428706646,2.311406851
07:39:13,2.52590847,3.427847147,2.307632208
07:39:13,2.52488637,3.428314209,2.309213638
07:39:13,2.524832249,3.426258087,2.312976122
07:39:13,2.524847746,3.427446604,2.313061476
07:39:13,2.525856256,3.42650032,2.310897112
07:39:13,2.525701046,3.426878929,2.312513828
07:39:13,2.524798155,3.427473068,2.310507059
07:39:13,2.525543451,3.428268194,2.308243513
07:39:13,2.525202513,3.428451538,2.308727026
07:39:13,2.524655819,3.427399635,2.312781572
07:39:13,2.525605202,3.42761755,2.312237978
07:39:13,2.524675608,3.426497936,2.309750319
07:39:13,2.52493453,3.427096367,2.30834651
07:39:13,2.524870157,3.428159237,2.309926987
07:39:13,2.525960207,3.427253008,2.312673569
07:39:13,2.525014639,3.428495169,2.310376883
07:39:13,2.525925875,3.428419113,2.311895609
07:39:13,2.524793148,3.42782402,2.31204915
07:39:13,2.52516818,3.428144217,2.312267065
07:39:13,2.525028706,3.428508759,2.310988426
07:39:13,2.525904655,3.427223921,2.312665224
07:39:13,2.524405718,3.426337242,2.310471058
07:39:13,2.525289536,3.427865744,2.313168049
07:39:13,2.525806427,3.426452398,2.311445713
07:39:13,2.525027514,3.428073168,2.31175828
07:39:13,2.524942636,3.428923845,2.312975407
07:39:13,2.52509737,3.428555965,2.310082436
07:39:13,2.525142431,3.427326679,2.313657999
07:39:13,2.525571108,3.4277668,2.312112331
07:39:13,2.525321245,3.426415443,2.311315536
07:39:13,2.525453806,3.428043604,2.310126543
07:39:13,2.525699854,3.428155899,2.310898304
07:39:13,2.525524616,3.427526474,2.313103914
07:39:13,2.5251863,3.427570105,2.312368631
07:39:13,2.526020288,3.429098606,2.312029362
07:39:13,2.525339842,3.427556515,2.310727835
07:39:13,2.52442503,3.427443027,2.310208082
07:39:13,2.525531054,3.426860571,2.310799122
07:39:13,2.525150537,3.428254604,2.308845282
07:39:13,2.524131775,3.4278965,2.311194897
07:39:13,2.524731874,3.426821709,2.313546419
07:39:13,2.524847746,3.428305626,2.311364412
07:39:13,2.524673939,3.429271221,2.311650753
07:39:13,2.525110483,3.429134846,2.308710098
07:39:13,2.525376558,3.42737484,2.312535286
07:39:13,2.525979996,3.429224014,2.311927319
07:39:13,2.524929762,3.428201914,2.311776161
07:39:13,2.525290489,3.426981688,2.313356638
07:39:14,2.525693893,3.428787708,2.313364267
07:39:14,2.525624275,3.428179979,2.312896967
07:39:14,2.525388241,3.428173065,2.314054489
07:39:14,2.525099993,3.428017855,2.31057024
07:39:14,2.525469065,3.427989006,2.311237574
07:39:14,2.52518034,3.428285837,2.31357789
07:39:14,2.52543807,3.428187132,2.315280199
07:39:14,2.525502682,3.427587986,2.309583664
07:39:14,2.525159121,3.427955627,2.312694073
07:39:14,2.525514603,3.427093506,2.313646793
07:39:14,2.525172949,3.427373648,2.309339523
07:39:14,2.525094271,3.426965237,2.310811996
07:39:14,2.525259972,3.428292751,2.310653448
07:39:14,2.524686813,3.428030968,2.313077688
07:39:14,2.524823427,3.428383589,2.310402155
07:39:14,2.525529861,3.427848816,2.313339472
07:39:14,2.52501893,3.427252293,2.31111598
07:39:14,2.525163412,3.427404404,2.311705112
07:39:14,2.525914192,3.42737031,2.313656807
07:39:14,2.525296211,3.427366257,2.311925411
07:39:14,2.524840117,3.427244425,2.310045242
07:39:14,2.525100946,3.428261995,2.313393593
07:39:14,2.52566433,3.428171158,2.312369823
07:39:14,2.525507689,3.429121494,2.312962294
07:39:14,2.52602458,3.428175926,2.312809944
07:39:14,2.525292158,3.42761755,2.312049627
07:39:14,2.525217772,3.427717209,2.312616587
07:39:14,2.52560854,3.427413464,2.312080622
07:39:14,2.525390625,3.427297354,2.311184168
07:39:14,2.526049376,3.427697182,2.313527346
07:39:14,2.525471449,3.428684235,2.312739134
07:39:14,2.525639296,3.428146362,2.310054064
07:39:14,2.52531743,3.428430319,2.310170412
07:39:14,2.525080919,3.427424192,2.312460423
07:39:14,2.525151014,3.427398443,2.311734438
07:39:14,2.52487421,3.427586079,2.310223579
07:39:14,2.524633646,3.427865267,2.311360121
07:39:14,2.525549412,3.427848101,2.310706139
07:39:14,2.525786877,3.428190947,2.310417414
07:39:14,2.525365353,3.428314686,2.3091712
07:39:14,2.525494814,3.429070711,2.310513735
07:39:14,2.524905682,3.42754364,2.312171936
07:39:14,2.526170015,3.429171324,2.311794758
07:39:14,2.525788546,3.427544117,2.310928106
07:39:14,2.524936914,3.427441835,2.309325695
07:39:14,2.524532795,3.428209305,2.312851191
07:39:14,2.525713921,3.428166866,2.312863588
07:39:14,2.524878979,3.428300619,2.312090397
07:39:14,2.525156498,3.428397417,2.311810255
07:39:14,2.525170803,3.427734852,2.313357115
07:39:14,2.525673389,3.428591013,2.31193018
07:39:14,2.52530694,3.427836895,2.309690475
07:39:14,2.52627182,3.427648783,2.312854767
07:39:14,2.525998354,3.427382231,2.311766386
07:39:14,2.525795937,3.427677631,2.311808825
07:39:14,2.525378227,3.427845955,2.310381889
07:39:14,2.524997711,3.428446054,2.31216526
07:39:14,2.525188684,3.428715944,2.312453985
07:39:14,2.525503635,3.428858519,2.310060024
07:39:14,2.525103807,3.428016424,2.311608791
07:39:14,2.524795055,3.427443027,2.312488794
07:39:14,2.525491953,3.427436352,2.31134367
07:39:14,2.525234222,3.427905083,2.308823347
07:39:14,2.525296926,3.428275585,2.313195705
07:39:14,2.525585651,3.42765522,2.310433626
07:39:14,2.525267839,3.429435253,2.312039375
07:39:14,2.525282145,3.427679539,2.312629223
07:39:14,2.525785923,3.428129673,2.312453508
07:39:14,2.525249481,3.428655863,2.309195518
07:39:14,2.525374174,3.428273678,2.310218334
07:39:14,2.524744749,3.427764893,2.31149435
07:39:14,2.525319338,3.427302599,2.310972929
07:39:14,2.525009394,3.42743206,2.311648369
07:39:14,2.525636435,3.427309513,2.314550638
07:39:14,2.525202036,3.427479982,2.312986612
07:39:14,2.52557683,3.427885771,2.310652971
07:39:14,2.525542974,3.428340673,2.312335968
07:39:14,2.525560617,3.428308249,2.312117815
07:39:14,2.525543928,3.428071976,2.311795235
07:39:14,2.525806427,3.428075314,2.310638428
07:39:14,2.524923325,3.427746773,2.312000513
07:39:14,2.524544477,3.428295135,2.311336517
07:39:14,2.52501893,3.428081036,2.310709238
07:39:14,2.525279522,3.427545309,2.311327457
07:39:14,2.525209665,3.42803669,2.311678171
07:39:14,2.524968863,3.428334236,2.310452938
07:39:14,2.525005341,3.428567886,2.310611725
07:39:14,2.525348663,3.42812705,2.311620951
07:39:14,2.525472641,3.42743206,2.310507059
07:39:14,2.525063276,3.427593946,2.312765598
07:39:14,2.525443792,3.428357601,2.311672688
07:39:14,2.525946379,3.42820549,2.312132835
07:39:14,2.52567935,3.42870307,2.310419559
07:39:14,2.525207996,3.428441763,2.310518265
07:39:14,2.525035381,3.428820372,2.312106609
07:39:14,2.525584936,3.42868042,2.311754704
07:39:14,2.525302172,3.428109407,2.311882973
07:39:14,2.524966478,3.427662134,2.311622143
07:39:14,2.525536537,3.427637577,2.311150789
07:39:14,2.525390625,3.428045988,2.310968637
07:39:14,2.524896383,3.427541256,2.311615467
07:39:14,2.525331259,3.428030252,2.312395811
07:39:14,2.525718451,3.428558588,2.311969042
07:39:14,2.524748087,3.428114653,2.310055256
07:39:14,2.524655342,3.427884579,2.310254335
07:39:14,2.525862455,3.427256346,2.312257051
07:39:14,2.52545619,3.427842379,2.313016415
07:39:14,2.525681019,3.427666187,2.311648846
07:39:14,2.525516987,3.427089214,2.312180519
07:39:14,2.525596619,3.428215504,2.31087184
07:39:14,2.526050329,3.42820859,2.311188459
07:39:14,2.525849581,3.428496838,2.31064868
07:39:14,2.525246143,3.428910494,2.312650204
07:39:14,2.525406599,3.427857399,2.313314676
07:39:14,2.525421143,3.427515268,2.310800791
07:39:15,2.525444984,3.427105427,2.311370611
07:39:15,2.524251223,3.427332878,2.311154127
07:39:15,2.525134563,3.427894354,2.312555075
07:39:15,2.525510073,3.428284168,2.311719418
07:39:15,2.524906397,3.428109884,2.313230515
07:39:15,2.525192499,3.427563906,2.312953472
07:39:15,2.525625229,3.427647114,2.311698914
07:39:15,2.524661541,3.427361727,2.309621811
07:39:15,2.52464056,3.42801404,2.311771393
07:39:15,2.526397705,3.427244902,2.313552618
07:39:15,2.525325775,3.427357197,2.311648369
07:39:15,2.524811745,3.427871943,2.312042713
07:39:15,2.52538538,3.427856922,2.310983419
07:39:15,2.52471137,3.427294493,2.312224865
07:39:15,2.52489996,3.427976608,2.30999732
07:39:15,2.524917364,3.427807093,2.3116436
07:39:15,2.52486372,3.427943707,2.312257051
07:39:15,2.525531054,3.427167177,2.312042713
07:39:15,2.525749445,3.42768693,2.311049461
07:39:15,2.525625229,3.426852942,2.309597969
07:39:15,2.525192499,3.427860737,2.310982943
07:39:15,2.525746107,3.42785573,2.312234879
07:39:15,2.525442123,3.428310156,2.311238289
07:39:15,2.525862455,3.427893877,2.310932159
07:39:15,2.525415659,3.427749872,2.310999632
07:39:15,2.524840832,3.428385258,2.311763287
07:39:15,2.525554419,3.427620411,2.312171221
07:39:15,2.525610209,3.428236723,2.311705112
07:39:15,2.525053978,3.427621603,2.311979055
07:39:15,2.525571585,3.427416801,2.313069582
07:39:15,2.525248289,3.427862644,2.31194067
07:39:15,2.524801731,3.428277254,2.309764147
07:39:15,2.525090933,3.428326845,2.311581612
07:39:15,2.526123762,3.428632498,2.313123703
07:39:15,2.525341272,3.428827524,2.312585592
07:39:15,2.525172234,3.427706957,2.312676907
07:39:15,2.525669813,3.427589178,2.310404778
07:39:15,2.524958849,3.427877665,2.311720133
07:39:15,2.525076151,3.428335667,2.312345982
07:39:15,2.525479078,3.427827835,2.311356306
07:39:15,2.525121212,3.428545237,2.311298609
07:39:15,2.524674416,3.428442955,2.311158657
07:39:15,2.525472164,3.427845478,2.312403917
07:39:15,2.525606632,3.427587509,2.311341524
07:39:15,2.525319338,3.427841425,2.311138868
07:39:15,2.524822712,3.42856884,2.311154127
07:39:15,2.525020599,3.428183079,2.311848164
07:39:15,2.525111675,3.427569628,2.309947729
07:39:15,2.525666475,3.427718163,2.310395956
07:39:15,2.52583456,3.428381681,2.311645985
07:39:15,2.52509141,3.427847624,2.311822414
07:39:15,2.525446892,3.428330183,2.311500311
07:39:15,2.525125504,3.428334236,2.3106215
07:39:15,2.52543807,3.427978754,2.311411858
07:39:15,2.525285244,3.428109407,2.310721397
07:39:15,2.525363684,3.427615404,2.31096077
07:39:15,2.52540946,3.427979231,2.311959267
07:39:15,2.525487661,3.428123474,2.313748121
07:39:15,2.525927544,3.427895308,2.311356783
07:39:15,2.525354862,3.428365469,2.309560299
07:39:15,2.525212049,3.42765975,2.311300993
07:39:15,2.524903059,3.42789793,2.313644648
07:39:15,2.526066303,3.428141832,2.312232256
07:39:15,2.525771856,3.427476883,2.310640097
07:39:15,2.525529385,3.427315474,2.310750008
07:39:15,2.525234222,3.427720547,2.311582088
07:39:15,2.524885654,3.428359032,2.312839508
07:39:15,2.525357246,3.429276943,2.308697224
07:39:15,2.524601221,3.428355694,2.311019897
07:39:15,2.525582314,3.428070068,2.31323123
07:39:15,2.525543928,3.427390337,2.312765598
07:39:15,2.525108337,3.428053617,2.310397863
07:39:15,2.525760174,3.428024769,2.31145668
07:39:15,2.525210857,3.427702427,2.311980247
07:39:15,2.525522947,3.428430319,2.311607122
07:39:15,2.525092125,3.428741693,2.310461998
07:39:15,2.525243044,3.428098917,2.310434818
07:39:15,2.525529861,3.428447247,2.312484741
07:39:15,2.526164055,3.428217649,2.3106637
07:39:15,2.525870085,3.427703142,2.311061859
07:39:15,2.525406599,3.42696166,2.311075926
07:39:15,2.525038481,3.427959919,2.312923908
07:39:15,2.525330782,3.428839445,2.311635017
07:39:15,2.525021315,3.427879333,2.311044931
07:39:15,2.525623798,3.427694559,2.311224937
07:39:15,2.525566816,3.427578688,2.311783075
07:39:15,2.525260448,3.427716494,2.312602043
07:39:15,2.525635719,3.428012371,2.311411858
07:39:15,2.524919271,3.428289175,2.313121319
07:39:15,2.524683237,3.427610636,2.311118603
07:39:15,2.525167465,3.428030252,2.311120987
07:39:15,2.525564432,3.42800951,2.311438799
07:39:15,2.526114941,3.427147627,2.311808825
07:39:15,2.525187492,3.427876711,2.312026501
07:39:15,2.525485992,3.428102493,2.311000824
07:39:15,2.525343657,3.428234339,2.31200552
07:39:15,2.525671721,3.427969694,2.311216354
07:39:15,2.52594924,3.427931547,2.310314655
07:39:15,2.525607347,3.427727222,2.312304735
07:39:15,2.525892258,3.427340746,2.309505701
07:39:15,2.525266647,3.428088188,2.311017036
07:39:15,2.525017977,3.428008318,2.31128931
07:39:15,2.525204897,3.427931547,2.311210394
07:39:15,2.525300503,3.42765522,2.310832262
07:39:15,2.525294065,3.427604914,2.31129241
07:39:15,2.525125504,3.428153515,2.312279224
07:39:15,2.525285244,3.427241325,2.311732531
07:39:15,2.525746584,3.427901506,2.311407804
07:39:15,2.525682688,3.427511215,2.311389923
07:39:15,2.524900913,3.428059101,2.311655521
07:39:15,2.525388956,3.427880526,2.3116467
07:39:15,2.526208639,3.427845955,2.310959101
07:39:15,2.525472879,3.427574158,2.312280178
07:39:15,2.52589941,3.427621603,2.310845137
07:39:15,2.525102139,3.428076506,2.312351704
07:39:15,2.524740696,3.427296162,2.311159849
07:39:15,2.524582386,3.427801609,2.311913013
07:39:15,2.525016308,3.42757535,2.311683655
07:39:15,2.524673939,3.427671909,2.311712265
07:39:16,2.52522254,3.428705454,2.311590195
07:39:16,2.525843859,3.428297758,2.310141563
07:39:16,2.525332451,3.427856445,2.310241461
07:39:16,2.52503109,3.428009987,2.311962605
07:39:16,2.525000572,3.428091049,2.311420679
07:39:16,2.525140524,3.428242445,2.310933352
07:39:16,2.525963783,3.427628994,2.31202817
07:39:16,2.525862455,3.42852211,2.310320616
07:39:16,2.525149345,3.427854538,2.311701059
07:39:16,2.525541782,3.427700758,2.311432838
07:39:16,2.525303841,3.427870274,2.312458754
07:39:16,2.525604248,3.428537846,2.311863422
07:39:16,2.525361776,3.428006172,2.310713768
07:39:16,2.52585268,3.428223372,2.312005043
07:39:16,2.525207996,3.427610636,2.312385321
07:39:16,2.525189161,3.427333355,2.311152935
07:39:16,2.524507761,3.428089857,2.312250853
07:39:16,2.525538683,3.427925587,2.312672377
07:39:16,2.525342464,3.428416491,2.31128931
07:39:16,2.525320768,3.427710772,2.311361313
07:39:16,2.525089741,3.427870274,2.312105417
07:39:16,2.52556181,3.427861452,2.310693026
07:39:16,2.525420666,3.426891088,2.311514139
07:39:16,2.525960207,3.427192688,2.311083317
07:39:16,2.525045872,3.427967787,2.312203407
07:39:16,2.524852991,3.428641081,2.312651634
07:39:16,2.525356054,3.4275105,2.311041355
07:39:16,2.52527833,3.428234339,2.310258389
07:39:16,2.525372505,3.4274652,2.311581612
07:39:16,2.524891853,3.427817106,2.312267065
07:39:16,2.524824858,3.427767038,2.311521769
07:39:16,2.525881767,3.427731276,2.311753511
07:39:16,2.525211334,3.428496838,2.312366247
07:39:16,2.525295258,3.427803755,2.310467005
07:39:16,2.525792122,3.427124023,2.311748981
07:39:16,2.525454521,3.428440094,2.310417414
07:39:16,2.525986671,3.428211927,2.311654806
07:39:16,2.525037527,3.427426577,2.310390472
07:39:16,2.525413275,3.428351641,2.311548471
07:39:16,2.525355339,3.42728591,2.312301874
07:39:16,2.525554895,3.428371429,2.311772585
07:39:16,2.525229454,3.427651644,2.310999632
07:39:16,2.52525115,3.4281075,2.311114073
07:39:16,2.525494099,3.428733587,2.311729908
07:39:16,2.525405169,3.428221703,2.310526848
07:39:16,2.525874138,3.427964449,2.311880112
07:39:16,2.524965525,3.428084135,2.312104225
07:39:16,2.525359869,3.428175449,2.313278675
07:39:16,2.526089191,3.427933216,2.311733723
07:39:16,2.525368214,3.427881241,2.311737776
07:39:16,2.525360823,3.42814517,2.311826229
07:39:16,2.525751352,3.428003073,2.311793566
07:39:16,2.525098801,3.427674294,2.31193018
07:39:16,2.525376558,3.427707195,2.311786175
07:39:16,2.525096655,3.427866936,2.312223673
07:39:16,2.525623083,3.427625895,2.3112638
07:39:16,2.524540424,3.428043604,2.311527729
07:39:16,2.525532961,3.428982735,2.311084986
07:39:16,2.525532961,3.428003073,2.310899496
07:39:16,2.525446177,3.428920984,2.311508894
07:39:16,2.525714636,3.427862644,2.310804367
07:39:16,2.525063276,3.42890501,2.310447216
07:39:16,2.525730133,3.428441286,2.311570883
07:39:16,2.525336266,3.428408861,2.312074661
07:39:16,2.525328636,3.428064585,2.312566042
07:39:16,2.525143385,3.428603172,2.312026978
07:39:16,2.52577424,3.428345442,2.311453819
07:39:16,2.52497077,3.428073168,2.311296463
07:39:16,2.525159836,3.428535461,2.310966492
07:39:16,2.52591753,3.427785873,2.311901093
07:39:16,2.525958061,3.428714275,2.311961889
07:39:16,2.525564432,3.428127527,2.311988115
07:39:16,2.526111364,3.428337336,2.312318563
07:39:16,2.525380611,3.428310633,2.311530828
07:39:16,2.525868177,3.42787075,2.311760902
07:39:16,2.525065899,3.427886963,2.311816692
07:39:16,2.525383711,3.428166866,2.312589884
07:39:16,2.525625229,3.428204298,2.311477184
07:39:16,2.525914192,3.427678347,2.310824633
07:39:16,2.524958372,3.428450346,2.31173563
07:39:16,2.525439739,3.427992821,2.311851025
07:39:16,2.525334835,3.427740812,2.31226635
07:39:16,2.525109529,3.427941322,2.312477112
07:39:16,2.525685549,3.427809,2.31185627
07:39:16,2.525064945,3.427759171,2.311228991
07:39:16,2.525495291,3.427585363,2.311633825
07:39:16,2.525707245,3.428152323,2.31071496
07:39:16,2.525275707,3.427725792,2.310377359
07:39:16,2.525231838,3.428039551,2.31112504
07:39:16,2.525108814,3.427850962,2.312617779
07:39:16,2.525405169,3.42799902,2.311812639
07:39:16,2.525763035,3.42849803,2.31183362
07:39:16,2.52539897,3.428104877,2.310911894
07:39:16,2.525528193,3.428268194,2.311893463
07:39:16,2.525220156,3.428074837,2.312011719
07:39:16,2.525428057,3.428412914,2.311880112
07:39:16,2.525342464,3.427696228,2.311842203
07:39:16,2.525659323,3.427944183,2.310704947
07:39:16,2.52527833,3.427868366,2.310944557
07:39:16,2.525346041,3.428786516,2.31166172
07:39:16,2.525631905,3.428209305,2.310856581
07:39:16,2.525158167,3.428082705,2.312502384
07:39:16,2.526126623,3.427835703,2.311436892
07:39:16,2.525131226,3.427383423,2.311417818
07:39:16,2.525176287,3.42801857,2.31148839
07:39:16,2.525416374,3.427510023,2.312624216
07:39:16,2.525567293,3.427441359,2.311126232
07:39:16,2.525189638,3.427452803,2.310723782
07:39:16,2.525073767,3.427684784,2.312048435
07:39:16,2.525361776,3.427929163,2.311265707
07:39:16,2.525635242,3.428423882,2.311617136
07:39:16,2.525380611,3.427672386,2.310369968
07:39:16,2.525479794,3.428416491,2.311300278
07:39:16,2.52505517,3.428037643,2.311455965
07:39:16,2.52549696,3.427219391,2.311669588
07:39:16,2.525787354,3.428584576,2.31078124
07:39:17,2.525630713,3.428133726,2.311134577
07:39:17,2.525490761,3.427804947,2.312882662
07:39:17,2.525053263,3.428166151,2.311906815
07:39:17,2.525636435,3.42784667,2.311283588
07:39:17,2.52539134,3.428092241,2.312298775
07:39:17,2.525887966,3.428296804,2.312090397
07:39:17,2.52557683,3.428248167,2.311857939
07:39:17,2.525122881,3.428587675,2.310965776
07:39:17,2.525400162,3.428038836,2.311428785
07:39:17,2.525333166,3.428201914,2.311194897
07:39:17,2.525481462,3.428419828,2.31186676
07:39:17,2.525954485,3.428218603,2.310976982
07:39:17,2.525182009,3.428308964,2.311713457
07:39:17,2.52502346,3.427923918,2.310658693
07:39:17,2.525441647,3.427944183,2.31237483
07:39:17,2.525685549,3.427697897,2.311495066
07:39:17,2.52483964,3.428384542,2.310961246
07:39:17,2.525180817,3.42838645,2.312421083
07:39:17,2.525724411,3.428174257,2.311445713
07:39:17,2.525032282,3.427905083,2.311044455
07:39:17,2.525104284,3.427416801,2.311223269
07:39:17,2.525413275,3.428201914,2.312607765
07:39:17,2.525259972,3.428465605,2.310905933
07:39:17,2.525408268,3.427760363,2.311680794
07:39:17,2.52580595,3.427527428,2.312705755
07:39:17,2.525458574,3.428122282,2.312561989
07:39:17,2.525566101,3.428315401,2.311723232
07:39:17,2.525366068,3.427994013,2.310937881
07:39:17,2.525569201,3.427871466,2.312170029
07:39:17,2.525303841,3.428270578,2.311662197
07:39:17,2.525728941,3.427885294,2.312129259
07:39:17,2.524850845,3.427759647,2.311127186
07:39:17,2.525648832,3.427636623,2.312112331
07:39:17,2.52614212,3.427826405,2.311725616
07:39:17,2.524712324,3.428251743,2.311693668
07:39:17,2.52462697,3.428251743,2.311002493
07:39:17,2.525524616,3.428133726,2.311313868
07:39:17,2.525230169,3.429085732,2.311424732
07:39:17,2.525094271,3.428303957,2.311078072
07:39:17,2.525496006,3.427787066,2.311920404
07:39:17,2.525475264,3.428260803,2.311367512
07:39:17,2.525271177,3.428193331,2.311221361
07:39:17,2.525350332,3.428128004,2.311921358
07:39:17,2.525914669,3.427686453,2.311706305
07:39:17,2.525688648,3.427352905,2.310874224
07:39:17,2.525302887,3.42794013,2.312062979
07:39:17,2.525340319,3.428105354,2.312012911
07:39:17,2.525504112,3.42868185,2.312140465
07:39:17,2.525415659,3.427995682,2.3110888
07:39:17,2.525542259,3.427511692,2.311316729
07:39:17,2.525392771,3.428421497,2.311169863
07:39:17,2.525475264,3.427792072,2.310761929
07:39:17,2.52501297,3.427707672,2.311864376
07:39:17,2.525142431,3.428255796,2.311767578
07:39:17,2.525712729,3.428097725,2.310874224
07:39:17,2.52539897,3.428204775,2.311590672
07:39:17,2.525404453,3.427831411,2.311020613
07:39:17,2.525785446,3.427602053,2.311658382
07:39:17,2.525228977,3.427317381,2.311848164
07:39:17,2.525419474,3.428021669,2.311054945
07:39:17,2.525109529,3.427648783,2.311687946
07:39:17,2.524883032,3.427636623,2.312298298
07:39:17,2.525300503,3.427892685,2.310996771
07:39:17,2.525770187,3.428345919,2.311394453
07:39:17,2.525692701,3.42736578,2.311719656
07:39:17,2.52533865,3.42789197,2.311192989
07:39:17,2.525303364,3.428984642,2.311299801
07:39:17,2.525340319,3.42794013,2.312510252
07:39:17,2.525654793,3.427554131,2.312164068
07:39:17,2.525320292,3.4279356,2.31125164
07:39:17,2.525655746,3.428151846,2.311533213
07:39:17,2.525759459,3.428361893,2.310900927
07:39:17,2.5250175,3.42817831,2.310727835
07:39:17,2.525609016,3.428432703,2.310903311
07:39:17,2.526126623,3.42766881,2.31130743
07:39:17,2.525496006,3.428626299,2.310192823
07:39:17,2.525164604,3.428688049,2.311491489
07:39:17,2.52551055,3.428427458,2.311223745
07:39:17,2.524772406,3.428380013,2.311691284
07:39:17,2.525298119,3.427838326,2.311813831
07:39:17,2.526053905,3.42742157,2.311361313
07:39:17,2.525210857,3.427821636,2.312220573
07:39:17,2.52579093,3.427922726,2.312729359
07:39:17,2.525479078,3.427563429,2.311637402
07:39:17,2.525275707,3.427695036,2.310769081
07:39:17,2.52529335,3.427936316,2.312009096
07:39:17,2.525634766,3.427759171,2.311640739
07:39:17,2.525220871,3.427459955,2.310969353
07:39:17,2.524614096,3.428430319,2.313258886
07:39:17,2.525573492,3.427541256,2.310577393
07:39:17,2.524927378,3.428127527,2.311241627
07:39:17,2.524589777,3.427123547,2.311208725
07:39:17,2.525082588,3.428434372,2.311043739
07:39:17,2.525216103,3.427703619,2.313196421
07:39:17,2.525137186,3.427727938,2.31256485
07:39:17,2.52558136,3.42813611,2.310496569
07:39:17,2.524674416,3.428131342,2.309976816
07:39:17,2.525039673,3.428278923,2.312376022
07:39:17,2.524948597,3.428073168,2.312402487
07:39:17,2.525152922,3.427824497,2.312706947
07:39:17,2.525626421,3.428589344,2.311825514
07:39:17,2.52566576,3.427692652,2.312629938
07:39:17,2.525421858,3.428419113,2.3110919
07:39:17,2.525571585,3.427866936,2.311290026
07:39:17,2.525284529,3.428137302,2.311030388
07:39:17,2.526055813,3.428259134,2.311788559
07:39:17,2.525214434,3.428715467,2.311985254
07:39:17,2.525717258,3.428087473,2.311491489
07:39:17,2.524769306,3.427875996,2.312275648
07:39:17,2.52573657,3.427767754,2.312711954
07:39:17,2.524631739,3.42796731,2.311377048
07:39:17,2.525765419,3.428043604,2.311090708
07:39:17,2.524300814,3.428516388,2.312167645
07:39:17,2.525103092,3.427643299,2.311624527
07:39:17,2.525329828,3.428203583,2.3112185
07:39:17,2.52494216,3.428652287,2.31054759
07:39:17,2.525850058,3.428700686,2.311542749
07:39:17,2.525400162,3.42808485,2.312940121
07:39:17,2.525785923,3.42799449,2.311705828
07:39:18,2.525553465,3.42814517,2.311578751
07:39:18,2.52508831,3.427611113,2.311150074
07:39:18,2.525307417,3.427853346,2.312006235
07:39:18,2.525017977,3.427552938,2.310971737
07:39:18,2.525202513,3.427298546,2.311535358
07:39:18,2.525472164,3.428573608,2.312492847
07:39:18,2.525344133,3.428017855,2.311614275
07:39:18,2.525707722,3.427673101,2.310963154
07:39:18,2.525231361,3.428713083,2.311130047
07:39:18,2.525485277,3.428874254,2.310619831
07:39:18,2.525308132,3.427473068,2.31277585
07:39:18,2.525665283,3.427971363,2.313192844
07:39:18,2.525554895,3.427886486,2.311802149
07:39:18,2.525579691,3.428468943,2.311299086
07:39:18,2.524708986,3.428086042,2.312174082
07:39:18,2.525979996,3.428395033,2.311895132
07:39:18,2.525277138,3.427936316,2.311659813
07:39:18,2.52548027,3.428143024,2.311943531
07:39:18,2.525128126,3.427798986,2.311052322
07:39:18,2.524640083,3.428530216,2.311946392
07:39:18,2.525514603,3.42835331,2.311974049
07:39:18,2.524871826,3.427598476,2.310267925
07:39:18,2.524752617,3.428055286,2.311141968
07:39:18,2.525403976,3.428037405,2.311581612
07:39:18,2.525126219,3.427336693,2.312991142
07:39:18,2.525379419,3.427501917,2.311371326
07:39:18,2.524961472,3.428528547,2.310852766
07:39:18,2.525511265,3.427648306,2.312261105
07:39:18,2.52573657,3.427804947,2.312343597
07:39:18,2.525710106,3.42787385,2.310894012
07:39:18,2.525582314,3.427664995,2.310629606
07:39:18,2.525006294,3.42812109,2.311608315
07:39:18,2.525935888,3.42787075,2.311264992
07:39:18,2.525380135,3.428027391,2.312220573
07:39:18,2.525279999,3.428113461,2.312474728
07:39:18,2.525001764,3.428310156,2.31233263
07:39:18,2.524806738,3.428230762,2.312608957
07:39:18,2.525489092,3.427415848,2.311933517
07:39:18,2.525375366,3.42781806,2.311913013
07:39:18,2.525731802,3.428278923,2.311350346
07:39:18,2.525304556,3.428151131,2.311516047
07:39:18,2.525059223,3.428196907,2.311663389
07:39:18,2.525244236,3.427843571,2.311804771
07:39:18,2.525518179,3.427872658,2.312276125
07:39:18,2.524938107,3.427823305,2.31196785
07:39:18,2.52545619,3.428155899,2.311400414
07:39:18,2.525613785,3.428137302,2.311975241
07:39:18,2.525641441,3.428157091,2.312009573
07:39:18,2.525420666,3.428120613,2.312078953
07:39:18,2.525431871,3.428516388,2.312709093
07:39:18,2.525401592,3.428188562,2.311246157
07:39:18,2.525932074,3.428176641,2.312814236
07:39:18,2.524651051,3.428137302,2.312363863
07:39:18,2.525713921,3.428183556,2.312208891
07:39:18,2.525117636,3.428152323,2.312424183
07:39:18,2.525740147,3.427612543,2.311914921
07:39:18,2.525283337,3.428014755,2.310950279
07:39:18,2.525585651,3.428131342,2.312097311
07:39:18,2.525054693,3.427393436,2.311407566
07:39:18,2.525088787,3.427281141,2.312568903
07:39:18,2.525611877,3.427919865,2.311844826
07:39:18,2.525606155,3.427955151,2.310900927
07:39:18,2.525986195,3.428015232,2.31218791
07:39:18,2.525545597,3.427742481,2.311802626
07:39:18,2.524964571,3.428035498,2.312321424
07:39:18,2.524945498,3.427718163,2.311593294
07:39:18,2.525418758,3.428363085,2.312317371
07:39:18,2.525671721,3.427876711,2.311100006
07:39:18,2.525380135,3.427944899,2.312005043
07:39:18,2.525698423,3.428398609,2.311915398
07:39:18,2.525111198,3.428287983,2.311308622
07:39:18,2.524766445,3.428300142,2.311530828
07:39:18,2.525412798,3.427677155,2.3108356
07:39:18,2.525695086,3.427781105,2.311449528
07:39:18,2.526188135,3.428395033,2.31178546
07:39:18,2.525391579,3.42784071,2.311901569
07:39:18,2.525255919,3.427961588,2.312014103
07:39:18,2.525557995,3.428049803,2.312473059
07:39:18,2.525738955,3.428811312,2.311044455
07:39:18,2.525389433,3.427947521,2.311424255
07:39:18,2.525361776,3.428422213,2.311291695
07:39:18,2.525280476,3.427902699,2.311297417
07:39:18,2.525178194,3.428676605,2.311848879
07:39:18,2.525476694,3.426997423,2.312241316
07:39:18,2.524870157,3.428343773,2.31208396
07:39:18,2.525412083,3.428548574,2.311357498
07:39:18,2.524573803,3.427597761,2.311921358
07:39:18,2.525238991,3.428400278,2.310913086
07:39:18,2.525983095,3.428181171,2.309894323
07:39:18,2.525221348,3.42861414,2.311220884
07:39:18,2.525321245,3.428081036,2.311560631
07:39:18,2.525696754,3.428370714,2.310618639
07:39:18,2.525644302,3.428221703,2.311038017
07:39:18,2.52488637,3.42812705,2.311054468
07:39:18,2.524626017,3.428664923,2.311239481
07:39:18,2.52567935,3.428015947,2.312307596
07:39:18,2.525439262,3.427806139,2.311999321
07:39:18,2.525161028,3.428218603,2.312326193
07:39:18,2.525280952,3.427880526,2.311387062
07:39:18,2.525783062,3.428636789,2.310723066
07:39:18,2.52562809,3.428322077,2.312688351
07:39:18,2.525797367,3.427884102,2.311194181
07:39:18,2.52545023,3.428031445,2.310627699
07:39:18,2.525527,3.428573608,2.310812712
07:39:18,2.525678635,3.428504229,2.312039852
07:39:18,2.525641918,3.428148746,2.31110239
07:39:18,2.52562809,3.427554846,2.310950279
07:39:18,2.525271177,3.428237677,2.312152386
07:39:18,2.525030613,3.428222179,2.311253548
07:39:18,2.52535367,3.428729057,2.312089205
07:39:18,2.525134087,3.428231478,2.31190443
07:39:18,2.525057316,3.427137613,2.310572147
07:39:18,2.525329113,3.428274393,2.310790062
07:39:18,2.52537179,3.427880049,2.311598063
07:39:18,2.525381565,3.428071976,2.311615944
07:39:19,2.52573514,3.428786993,2.313116312
07:39:19,2.525512695,3.42795682,2.312278509
07:39:19,2.52530098,3.428073645,2.310548782
07:39:19,2.525244951,3.427977562,2.311807632
07:39:19,2.525731802,3.428022861,2.310482264
07:39:19,2.524600744,3.427874804,2.312382698
07:39:19,2.525329113,3.428162575,2.312217474
07:39:19,2.525591373,3.428008795,2.311351538
07:39:19,2.525577307,3.428193808,2.311472893
07:39:19,2.525426865,3.428257465,2.311813831
07:39:19,2.526154518,3.42795229,2.312380075
07:39:19,2.525256634,3.4287498,2.310921192
07:39:19,2.525881767,3.428072453,2.310818195
07:39:19,2.525341272,3.427717209,2.312556744
07:39:19,2.525180817,3.428053617,2.310959101
07:39:19,2.525198936,3.427742004,2.312326908
07:39:19,2.5252285,3.42796278,2.311159849
07:39:19,2.525372505,3.428499699,2.311039209
07:39:19,2.525985479,3.428447247,2.311870813
07:39:19,2.525751829,3.428123474,2.311348677
07:39:19,2.525354862,3.428214788,2.311148643
07:39:19,2.525492907,3.428175449,2.311839581
07:39:19,2.525336742,3.428187132,2.311831713
07:39:19,2.525890112,3.427714825,2.312120676
07:39:19,2.525022268,3.427826881,2.312363386
07:39:19,2.525733709,3.428325653,2.311500788
07:39:19,2.525689363,3.428539515,2.311563492
07:39:19,2.525667429,3.428363085,2.312171936
07:39:19,2.524858475,3.428036213,2.311665773
07:39:19,2.525128841,3.427433252,2.311581612
07:39:19,2.52537179,3.428067446,2.312245369
07:39:19,2.52586174,3.428426743,2.311198235
07:39:19,2.524928093,3.427785873,2.311408997
07:39:19,2.525364876,3.427289248,2.311616421
07:39:19,2.525198698,3.42876792,2.312431812
07:39:19,2.524517059,3.427956343,2.311580896
07:39:19,2.525665283,3.428611755,2.310810804
07:39:19,2.525024176,3.427963972,2.3113904
07:39:19,2.524991751,3.427394629,2.311412573
07:39:19,2.524397135,3.428495169,2.31145072
07:39:19,2.525746107,3.427519321,2.310978651
07:39:19,2.525702238,3.428440571,2.311753988
07:39:19,2.525352478,3.427339554,2.313575029
07:39:19,2.525522232,3.428536654,2.311690092
07:39:19,2.525131702,3.428748131,2.311830282
07:39:19,2.525264025,3.428048611,2.312373638
07:39:19,2.525777578,3.428508759,2.311437845
07:39:19,2.525666952,3.427755117,2.310461998
07:39:19,2.52598381,3.428560257,2.311794758
07:39:19,2.526171207,3.428431511,2.311220169
07:39:19,2.525992393,3.428223372,2.311616421
07:39:19,2.526109695,3.428271294,2.312639713
07:39:19,2.525458574,3.428116083,2.311475754
07:39:19,2.524949789,3.428000212,2.31188941
07:39:19,2.525079727,3.427818537,2.311882973
07:39:19,2.525942087,3.428320885,2.311814547
07:39:19,2.524958849,3.428097725,2.311419487
07:39:19,2.524940491,3.427825689,2.311416626
07:39:19,2.526116133,3.427778244,2.311593294
07:39:19,2.525654316,3.428160906,2.311252356
07:39:19,2.525730848,3.428017855,2.311104298
07:39:19,2.525670528,3.42811656,2.310122967
07:39:19,2.525149345,3.428221703,2.310845137
07:39:19,2.525028706,3.428249359,2.311797142
07:39:19,2.525681734,3.4276824,2.311714649
07:39:19,2.525510073,3.428038836,2.311270237
07:39:19,2.525679827,3.427502632,2.311089993
07:39:19,2.525552988,3.428974152,2.310611725
07:39:19,2.525381565,3.428079367,2.311292887
07:39:19,2.525617838,3.42819953,2.312101603
07:39:19,2.525812149,3.4281075,2.311716318
07:39:19,2.52513051,3.42829442,2.311946869
07:39:19,2.524800539,3.428049088,2.310395479
07:39:19,2.525213242,3.428233624,2.31150198
07:39:19,2.525316238,3.428227901,2.312316895
07:39:19,2.524966478,3.428025723,2.310825348
07:39:19,2.525247335,3.42860198,2.310470581
07:39:19,2.524702549,3.42895031,2.311211109
07:39:19,2.525335789,3.427611828,2.31148839
07:39:19,2.525304556,3.428191662,2.31160593
07:39:19,2.525549889,3.428218126,2.310505867
07:39:19,2.525001764,3.427779436,2.312563181
07:39:19,2.525522947,3.428270102,2.312064171
07:39:19,2.526035786,3.42862463,2.312065363
07:39:19,2.52564764,3.427912951,2.311182022
07:39:19,2.525552273,3.428014755,2.312031984
07:39:19,2.525919199,3.427989006,2.312008381
07:39:19,2.525126219,3.427757263,2.310245037
07:39:19,2.524708986,3.427904367,2.311201096
07:39:19,2.52586627,3.428832531,2.31316781
07:39:19,2.525318623,3.428352118,2.311787367
07:39:19,2.525604248,3.427900314,2.311968327
07:39:19,2.525359154,3.42798686,2.31038332
07:39:19,2.525964499,3.428391457,2.311547279
07:39:19,2.525753736,3.428437948,2.312551975
07:39:19,2.524487734,3.427667618,2.311127901
07:39:19,2.525880575,3.428509951,2.310604572
07:39:19,2.525524139,3.428455591,2.311805248
07:39:19,2.525559902,3.428534985,2.313085318
07:39:19,2.525481939,3.427088022,2.311478853
07:39:19,2.52535367,3.428457499,2.311672211
07:39:19,2.525081396,3.427717209,2.311998844
07:39:19,2.525586605,3.428423166,2.312596321
07:39:19,2.526125908,3.427997351,2.31129241
07:39:19,2.525918245,3.42776823,2.311290503
07:39:19,2.524724722,3.427820444,2.311948061
07:39:19,2.525609732,3.42844367,2.312652826
07:39:19,2.524967194,3.428271294,2.311599493
07:39:19,2.525522947,3.428189754,2.31076026
07:39:19,2.525448561,3.428662539,2.310628891
07:39:19,2.525996685,3.428068876,2.313184023
07:39:19,2.525223732,3.428328991,2.311453819
07:39:19,2.525894165,3.42797184,2.31168437
07:39:19,2.525372982,3.428174734,2.311780691
07:39:19,2.52520442,3.428323269,2.311535835
07:39:19,2.525860071,3.428031445,2.311443329
07:39:19,2.525653124,3.428478718,2.312589169
07:39:19,2.525318146,3.428311825,2.311909914
07:39:19,2.526042938,3.428329468,2.312210798
07:39:20,2.525732994,3.427984715,2.311071634
07:39:20,2.52550149,3.427473783,2.311615467
07:39:20,2.525679827,3.427400827,2.311808825
07:39:20,2.525532961,3.428449869,2.310909033
07:39:20,2.525062084,3.42831707,2.311193705
07:39:20,2.52560091,3.428427696,2.310969353
07:39:20,2.525264025,3.427928686,2.311869144
07:39:20,2.525340319,3.42768693,2.311302185
07:39:20,2.526130199,3.428276777,2.311579704
07:39:20,2.525884628,3.427730799,2.313585997
07:39:20,2.525196314,3.428062201,2.311675072
07:39:20,2.524866581,3.42860651,2.311000824
07:39:20,2.525770187,3.428648472,2.311803341
07:39:20,2.525678635,3.428034306,2.311800003
07:39:20,2.524917364,3.427978754,2.310956955
07:39:20,2.525130033,3.428722143,2.311689138
07:39:20,2.526172161,3.428489685,2.311979532
07:39:20,2.525403976,3.42737937,2.311591864
07:39:20,2.525470972,3.428119421,2.31222105
07:39:20,2.525505304,3.42757988,2.311766386
07:39:20,2.525243759,3.428016424,2.311077356
07:39:20,2.525706053,3.428334951,2.311824322
07:39:20,2.525214911,3.427726269,2.311457157
07:39:20,2.525696754,3.428044081,2.312330961
07:39:20,2.525531054,3.427925587,2.311793566
07:39:20,2.525688648,3.428042889,2.31138134
07:39:20,2.526304007,3.427875996,2.312365055
07:39:20,2.525797129,3.427830219,2.311268568
07:39:20,2.52538228,3.42860198,2.310724735
07:39:20,2.525512695,3.428675413,2.311589003
07:39:20,2.52564311,3.427930832,2.31105876
07:39:20,2.525404453,3.428108692,2.310619831
07:39:20,2.525274038,3.42778182,2.311209917
07:39:20,2.525785923,3.428408861,2.312515259
07:39:20,2.525193691,3.428204775,2.311158657
07:39:20,2.524876356,3.42803669,2.311718225
07:39:20,2.525183916,3.427807093,2.311877728
07:39:20,2.525383711,3.427574158,2.311370134
07:39:20,2.525249958,3.428198338,2.311082125
07:39:20,2.525522947,3.42802906,2.312169313
07:39:20,2.525242567,3.428253412,2.311946869
07:39:20,2.525594473,3.428193808,2.311414957
07:39:20,2.525315046,3.428129673,2.312055588
07:39:20,2.525686741,3.428370714,2.311747789
07:39:20,2.525052071,3.427703619,2.312323093
07:39:20,2.525641918,3.427910089,2.311504364
07:39:20,2.52519083,3.428012371,2.311181307
07:39:20,2.526045799,3.427485228,2.311988831
07:39:20,2.525898695,3.428256989,2.312581778
07:39:20,2.525482893,3.427941322,2.311155319
07:39:20,2.525024176,3.428278923,2.311131477
07:39:20,2.525579691,3.427658081,2.311999321
07:39:20,2.525673389,3.428077221,2.311530352
07:39:20,2.525408745,3.427916527,2.312229872
07:39:20,2.52581501,3.428688526,2.312355042
07:39:20,2.525835752,3.428731441,2.311776638
07:39:20,2.525998354,3.428514719,2.311741829
07:39:20,2.526157856,3.427400351,2.311726809
07:39:20,2.525574923,3.427935123,2.311675787
07:39:20,2.525559425,3.427453279,2.311827421
07:39:20,2.525064945,3.428200245,2.311598063
07:39:20,2.525631905,3.427984715,2.311444521
07:39:20,2.526419878,3.42744875,2.312161207
07:39:20,2.525656462,3.428052902,2.310641289
07:39:20,2.52524662,3.42795682,2.3108356
07:39:20,2.525413275,3.428174257,2.311332464
07:39:20,2.524832249,3.428403139,2.312232733
07:39:20,2.525234938,3.428187609,2.311388731
07:39:20,2.524813414,3.427789688,2.310676098
07:39:20,2.525230169,3.428250551,2.311128378
07:39:20,2.526199102,3.428212404,2.310896635
07:39:20,2.526251554,3.428455114,2.310801506
07:39:20,2.524893045,3.428384542,2.312382698
07:39:20,2.525694609,3.428030968,2.312547445
07:39:20,2.524935961,3.427872658,2.312178612
07:39:20,2.525303841,3.428411722,2.310521126
07:39:20,2.526172876,3.428453445,2.310138226
07:39:20,2.525981426,3.427927494,2.312628031
07:39:20,2.525780916,3.427822113,2.310804367
07:39:20,2.525973797,3.428303003,2.311181307
07:39:20,2.525216103,3.428401947,2.310729027
07:39:20,2.524297953,3.428095818,2.311838388
07:39:20,2.525708914,3.42847991,2.311411381
07:39:20,2.525312662,3.428370714,2.310811996
07:39:20,2.525648832,3.428834915,2.311933994
07:39:20,2.525542974,3.42761755,2.312010288
07:39:20,2.525265455,3.42806673,2.311437845
07:39:20,2.525755882,3.427859545,2.311665773
07:39:20,2.525832176,3.428570032,2.312420368
07:39:20,2.525214434,3.428431511,2.312662601
07:39:20,2.525789261,3.427907705,2.311639547
07:39:20,2.525611401,3.427586555,2.311574697
07:39:20,2.524780512,3.427754641,2.31081605
07:39:20,2.525940418,3.428407431,2.312739611
07:39:20,2.525307417,3.427970171,2.311942816
07:39:20,2.525198698,3.427180767,2.311594963
07:39:20,2.525056362,3.428069592,2.311561823
07:39:20,2.525645256,3.427587032,2.312409878
07:39:20,2.525108337,3.428062201,2.311389923
07:39:20,2.525666475,3.428444862,2.31152463
07:39:20,2.525597811,3.428217173,2.312226772
07:39:20,2.525420666,3.427764893,2.311791658
07:39:20,2.526119471,3.428134441,2.310570955
07:39:20,2.52512002,3.427745581,2.311544895
07:39:20,2.526016712,3.42854476,2.311604738
07:39:20,2.524776459,3.428007364,2.311402082
07:39:20,2.525302887,3.42817235,2.311384678
07:39:20,2.524573803,3.428153992,2.310546398
07:39:20,2.525741339,3.428323269,2.311321735
07:39:20,2.525331259,3.427757025,2.31188488
07:39:20,2.525003672,3.428387642,2.311576366
07:39:20,2.526355982,3.428188562,2.31133604
07:39:20,2.525356054,3.428319216,2.311297417
07:39:20,2.524503708,3.427766085,2.311123371
07:39:20,2.525418282,3.42800498,2.312433958
07:39:20,2.525360823,3.428437471,2.311658382
07:39:20,2.525149345,3.427685261,2.311715126
07:39:20,2.526052237,3.427861929,2.312516212
07:39:20,2.524683237,3.428372622,2.313120604
07:39:21,2.525235415,3.427482843,2.311040878
07:39:21,2.525933743,3.427330971,2.311450243
07:39:21,2.525409937,3.428448677,2.310951948
07:39:21,2.525388956,3.428147316,2.31199193
07:39:21,2.525336266,3.427857876,2.310560465
07:39:21,2.525105476,3.428082228,2.310963631
07:39:21,2.525535345,3.427828312,2.311344624
07:39:21,2.525885344,3.428740025,2.311266422
07:39:21,2.526108503,3.427448034,2.310687065
07:39:21,2.52590847,3.427634954,2.310717344
07:39:21,2.525735617,3.428282976,2.310976982
07:39:21,2.525264502,3.42781806,2.311771393
07:39:21,2.52499485,3.428022861,2.310498953
07:39:21,2.525806427,3.427780628,2.310834169
07:39:21,2.525394678,3.427559137,2.310860634
07:39:21,2.525911808,3.428564548,2.311199903
07:39:21,2.52603054,3.428002596,2.310796261
07:39:21,2.52624321,3.427779436,2.311186552
07:39:21,2.526034594,3.427895308,2.311263323
07:39:21,2.52504468,3.427853346,2.312114716
07:39:21,2.525407076,3.428463221,2.311543941
07:39:21,2.525390625,3.428240538,2.311589479
07:39:21,2.524988413,3.42851162,2.311935186
07:39:21,2.525891304,3.428393841,2.312268257
07:39:21,2.52551198,3.428160906,2.311213493
07:39:21,2.525052071,3.427843094,2.311000347
07:39:21,2.525393248,3.427866459,2.310282707
07:39:21,2.525408268,3.428326368,2.311591864
07:39:21,2.5254457,3.428307772,2.31084466
07:39:21,2.525486469,3.428467512,2.311360121
07:39:21,2.525142908,3.428160906,2.31168437
07:39:21,2.525415182,3.427625179,2.31165719
07:39:21,2.524869442,3.428223372,2.311594963
07:39:21,2.526193857,3.428155899,2.310562372
07:39:21,2.525466204,3.428218126,2.311007738
07:39:21,2.525686026,3.428231955,2.311648846
07:39:21,2.525635719,3.42775631,2.311113596
07:39:21,2.52618742,3.428036213,2.311281681
07:39:21,2.525641918,3.428412437,2.312654495
07:39:21,2.525944948,3.428065538,2.312799454
07:39:21,2.52558732,3.428088188,2.311924219
07:39:21,2.525093794,3.428050995,2.311108589
07:39:21,2.525671005,3.42825222,2.311252832
07:39:21,2.525631905,3.428400755,2.311363935
07:39:21,2.5260005,3.427883387,2.310548306
07:39:21,2.526069403,3.428888083,2.31186676
07:39:21,2.525116205,3.428079367,2.312280893
07:39:21,2.52580452,3.428585052,2.311302185
07:39:21,2.525226116,3.427474976,2.310958385
07:39:21,2.525666475,3.428158522,2.311120272
07:39:21,2.526126623,3.427790403,2.312631845
07:39:21,2.524827242,3.427918673,2.312237978
07:39:21,2.525793552,3.428503036,2.311533213
07:39:21,2.525008917,3.427822828,2.311362028
07:39:21,2.525373697,3.42814064,2.312180996
07:39:21,2.525357723,3.428304434,2.311852694
07:39:21,2.524123907,3.428139448,2.311733723
07:39:21,2.525888443,3.428144693,2.311900616
07:39:21,2.525686741,3.428252935,2.312167645
07:39:21,2.52487421,3.428300142,2.310842276
07:39:21,2.5256598,3.42801857,2.311910868
07:39:21,2.525059223,3.428033352,2.311771393
07:39:21,2.525494099,3.427787066,2.312295914
07:39:21,2.525336266,3.427770376,2.311026812
07:39:21,2.525380135,3.427288532,2.311299801
07:39:21,2.524762869,3.428481102,2.312140465
07:39:21,2.525649309,3.42867589,2.311894655
07:39:21,2.525771379,3.427965641,2.312089205
07:39:21,2.525877953,3.427699089,2.31193471
07:39:21,2.525376081,3.42804122,2.311186075
07:39:21,2.524611235,3.428421021,2.312633038
07:39:21,2.525017977,3.427930355,2.311821222
07:39:21,2.525624752,3.427696943,2.311959267
07:39:21,2.525329828,3.427776814,2.311697721
07:39:21,2.52528882,3.428051472,2.310320616
07:39:21,2.52509141,3.428404331,2.310073137
07:39:21,2.525155306,3.427460432,2.311146259
07:39:21,2.524942636,3.427738428,2.311604738
07:39:21,2.525171757,3.42749238,2.311004877
07:39:21,2.525434971,3.427972555,2.311110497
07:39:21,2.525418758,3.428236008,2.311104298
07:39:21,2.52570343,3.42886734,2.311872959
07:39:21,2.525743008,3.428217649,2.311687946
07:39:21,2.525492907,3.427992344,2.311540365
07:39:21,2.525800943,3.428457737,2.311459541
07:39:21,2.525257111,3.428701401,2.31232214
07:39:21,2.525999546,3.428740025,2.311310291
07:39:21,2.525477886,3.428262711,2.310936689
07:39:21,2.525861263,3.428238869,2.311357498
07:39:21,2.525360823,3.428152323,2.310711622
07:39:21,2.525963306,3.428998947,2.310703754
07:39:21,2.524800539,3.427936792,2.310732603
07:39:21,2.524870634,3.428790331,2.311975718
07:39:21,2.526188135,3.427977562,2.311816692
07:39:21,2.525727749,3.428189278,2.312147141
07:39:21,2.526157856,3.428144217,2.311561108
07:39:21,2.525160551,3.427962065,2.312157869
07:39:21,2.52590704,3.428335667,2.311286211
07:39:21,2.52486062,3.428200722,2.311626196
07:39:21,2.525256634,3.42810607,2.311257839
07:39:21,2.525274038,3.428480387,2.311890602
07:39:21,2.525289536,3.428833008,2.31150198
07:39:21,2.525603771,3.427276611,2.310984135
07:39:21,2.525630713,3.428367853,2.31105566
07:39:21,2.525597334,3.427758455,2.311625719
07:39:21,2.525411844,3.428343058,2.311234951
07:39:21,2.525578499,3.428022385,2.311525822
07:39:21,2.526129007,3.428217649,2.310580254
07:39:21,2.525038481,3.428000927,2.311857939
07:39:21,2.525202036,3.42729044,2.312282562
07:39:21,2.525482655,3.428157568,2.311721325
07:39:21,2.525656462,3.428145885,2.312612772
07:39:21,2.525304556,3.427570105,2.310645103
07:39:21,2.525538683,3.427527905,2.312276125
07:39:21,2.525633097,3.428695679,2.311822414
07:39:21,2.525645733,3.428068876,2.310537338
07:39:22,2.524988413,3.427772045,2.311266899
07:39:22,2.525974989,3.427563906,2.311795235
07:39:22,2.525214434,3.428085327,2.311294079
07:39:22,2.525251627,3.428069592,2.311510563
07:39:22,2.525671005,3.427368402,2.31116581
07:39:22,2.524913549,3.427956343,2.31227684
07:39:22,2.525368214,3.42784071,2.311747313
07:39:22,2.525271654,3.427689314,2.311298609
07:39:22,2.525825739,3.427884579,2.311328173
07:39:22,2.52531147,3.428605556,2.312757015
07:39:22,2.52517581,3.427959204,2.311275005
07:39:22,2.525651693,3.428026915,2.310708761
07:39:22,2.525660992,3.427820444,2.311337471
07:39:22,2.525547504,3.428290367,2.311757565
07:39:22,2.525444508,3.427736998,2.311964989
07:39:22,2.525086164,3.428691626,2.311437845
07:39:22,2.524812222,3.427713156,2.311589479
07:39:22,2.525154114,3.428127527,2.312957287
07:39:22,2.525533915,3.428457499,2.312530518
07:39:22,2.525789261,3.42797184,2.311222553
07:39:22,2.525548697,3.428311348,2.311023474
07:39:22,2.525911808,3.427779436,2.311402082
07:39:22,2.525131226,3.428192616,2.312432528
07:39:22,2.525356531,3.427485704,2.311037302
07:39:22,2.525154591,3.427786589,2.311543226
07:39:22,2.52524662,3.42824316,2.311966181
07:39:22,2.525328636,3.427767754,2.311391592
07:39:22,2.525588989,3.428068876,2.311519861
07:39:22,2.525215387,3.427933931,2.3126688
07:39:22,2.525077105,3.428292751,2.310438156
07:39:22,2.52528286,3.427947998,2.312142611
07:39:22,2.524976015,3.42825222,2.311260939
07:39:22,2.525123596,3.428545952,2.311306953
07:39:22,2.524862528,3.428181887,2.311982393
07:39:22,2.525238514,3.427266359,2.312771082
07:39:22,2.524944544,3.427422762,2.312156677
07:39:22,2.525185823,3.427726984,2.311842203
07:39:22,2.525724411,3.427378178,2.31145668
07:39:22,2.525238514,3.428257942,2.310821295
07:39:22,2.524831057,3.428139448,2.311867476
07:39:22,2.52500701,3.427762747,2.311376572
07:39:22,2.525588512,3.428011656,2.312226057
07:39:22,2.525359154,3.427829504,2.311551332
07:39:22,2.524908066,3.428393841,2.311462641
07:39:22,2.525773048,3.428024769,2.311225414
07:39:22,2.525493622,3.427355766,2.311260939
07:39:22,2.525087595,3.427893877,2.311599016
07:39:22,2.525885344,3.427845478,2.311132193
07:39:22,2.525137901,3.427945852,2.311644793
07:39:22,2.524327278,3.430459738,2.312577724
07:39:22,2.525683403,3.427113056,2.312116623
07:39:22,2.525799751,3.426116943,2.311850548
07:39:22,2.525840044,3.426152468,2.31278038
07:39:22,2.52537775,3.428653479,2.310781717
07:39:22,2.524652004,3.428948641,2.312279224
07:39:22,2.526724339,3.428492069,2.31249547
07:39:22,2.526954889,3.427067757,2.312067032
07:39:22,2.525738478,3.428021193,2.311743498
07:39:22,2.524153471,3.428224564,2.309575081
07:39:22,2.524166346,3.427364588,2.312196016
07:39:22,2.526583433,3.429405451,2.312661409
07:39:22,2.525501966,3.428951502,2.312021494
07:39:22,2.5236938,3.427145481,2.310124159
07:39:22,2.524180889,3.426832676,2.311449051
07:39:22,2.526653528,3.428630829,2.310730219
07:39:22,2.525744915,3.427616596,2.312313795
07:39:22,2.527010679,3.429804802,2.310230732
07:39:22,2.523919344,3.429219246,2.311622858
07:39:22,2.525453806,3.427467823,2.312530041
07:39:22,2.527127028,3.429705858,2.310874701
07:39:22,2.526487827,3.427622795,2.312119484
07:39:22,2.524574995,3.428299427,2.309773445
07:39:22,2.524180412,3.427554846,2.311741829
07:39:22,2.523394346,3.428118706,2.313158989
07:39:22,2.527725458,3.428102493,2.311811447
07:39:22,2.524983883,3.428239346,2.310530901
07:39:22,2.524477243,3.42849803,2.311432123
07:39:22,2.52458787,3.428602457,2.312645435
07:39:22,2.525905371,3.428380489,2.31232214
07:39:22,2.525929213,3.427140951,2.310284615
07:39:22,2.525864363,3.428420305,2.310611725
07:39:22,2.524098873,3.427673101,2.312644482
07:39:22,2.525131226,3.429356337,2.311734438
07:39:22,2.525763035,3.427416801,2.310331583
07:39:22,2.525890589,3.428290844,2.310283899
07:39:22,2.525149345,3.428622723,2.31242156
07:39:22,2.525660515,3.429009914,2.312868118
07:39:22,2.524743557,3.427451134,2.31088233
07:39:22,2.525339127,3.427754164,2.31152916
07:39:22,2.524950981,3.427856445,2.311537504
07:39:22,2.525300503,3.428852797,2.311564207
07:39:22,2.525819302,3.428249836,2.312482595
07:39:22,2.525609016,3.427658081,2.310977459
07:39:22,2.524727345,3.428030968,2.310874224
07:39:22,2.525489092,3.428215981,2.311527014
07:39:22,2.526174545,3.428822756,2.311796427
07:39:22,2.524350882,3.428306818,2.311082602
07:39:22,2.524605274,3.427260399,2.311906338
07:39:22,2.524610758,3.427024126,2.311713934
07:39:22,2.526248217,3.42839551,2.310818195
07:39:22,2.524825573,3.428301811,2.312158346
07:39:22,2.525473595,3.427165031,2.312865973
07:39:22,2.523874044,3.427334547,2.31142664
07:39:22,2.525910378,3.428530216,2.310688496
07:39:22,2.52604413,3.429233789,2.311184168
07:39:22,2.525788546,3.426777124,2.311850071
07:39:22,2.524227619,3.426048994,2.312566042
07:39:22,2.525062561,3.427104235,2.310838699
07:39:22,2.525122881,3.428860903,2.311844826
07:39:22,2.526318073,3.428344727,2.31175971
07:39:22,2.525394678,3.427444696,2.311902285
07:39:22,2.525697947,3.428784609,2.310502052
07:39:22,2.52568984,3.428822756,2.311165094
07:39:22,2.526312828,3.428510666,2.311865568
07:39:22,2.525039196,3.426370859,2.312772989
07:39:22,2.524284601,3.42831707,2.312618971
07:39:22,2.524490595,3.428717136,2.311539173
07:39:22,2.526298761,3.428202391,2.311178923
07:39:22,2.524457932,3.428472996,2.31041193
07:39:23,2.524982452,3.427148819,2.312534094
07:39:23,2.52498126,3.428243637,2.312575817
07:39:23,2.52508378,3.428351641,2.311490774
07:39:23,2.525136709,3.428204775,2.312809467
07:39:23,2.525390148,3.427313089,2.311999321
07:39:23,2.525234222,3.427638769,2.311749935
07:39:23,2.524966002,3.427413464,2.310140371
07:39:23,2.525195837,3.428828001,2.311697245
07:39:23,2.525087595,3.428300619,2.313454151
07:39:23,2.525586605,3.428173065,2.311171055
07:39:23,2.525060415,3.427536726,2.310640574
07:39:23,2.525082111,3.427592278,2.311541557
07:39:23,2.524996042,3.428226948,2.311192989
07:39:23,2.523800373,3.427997828,2.312745571
07:39:23,2.525247812,3.427225113,2.31208396
07:39:23,2.52533865,3.427296638,2.31157589
07:39:23,2.525479078,3.428141832,2.312862396
07:39:23,2.525569677,3.427992344,2.31017065
07:39:23,2.525746584,3.427633762,2.311311007
07:39:23,2.524785757,3.428069592,2.311418772
07:39:23,2.524833441,3.428603172,2.311616421
07:39:23,2.524591208,3.428881168,2.312454939
07:39:23,2.525907755,3.426976919,2.311445236
07:39:23,2.525809765,3.426316977,2.312376022
07:39:23,2.526062012,3.428021669,2.312059641
07:39:23,2.525072098,3.428585052,2.312317371
07:39:23,2.525797129,3.428138256,2.310666561
07:39:23,2.525843859,3.427770853,2.310985565
07:39:23,2.525364161,3.428143024,2.309909821
07:39:23,2.52484417,3.429133654,2.312586784
07:39:23,2.525791645,3.428898811,2.311573505
07:39:23,2.524770021,3.428013563,2.312516689
07:39:23,2.525217772,3.427246571,2.312626839
07:39:23,2.525440454,3.427243233,2.311887264
07:39:23,2.525517702,3.427784204,2.311280012
07:39:23,2.526101351,3.428517103,2.311458111
07:39:23,2.524960995,3.427246571,2.311541557
07:39:23,2.525090933,3.428685427,2.312389612
07:39:23,2.525528908,3.428795576,2.312384129
07:39:23,2.525866747,3.427759647,2.310087681
07:39:23,2.524969578,3.427947998,2.310915709
07:39:23,2.525577307,3.428146362,2.312696695
07:39:23,2.524835587,3.428901196,2.310937881
07:39:23,2.525606155,3.427443743,2.310194492
07:39:23,2.525619507,3.428901196,2.311286211
07:39:23,2.524961472,3.427813053,2.31066227
07:39:23,2.524798155,3.428125143,2.312534094
07:39:23,2.525721312,3.428141832,2.311582804
07:39:23,2.525574923,3.427966356,2.310771942
07:39:23,2.52550292,3.426561594,2.310805559
07:39:23,2.525376081,3.42742753,2.312095165
07:39:23,2.525424957,3.42681694,2.311008692
07:39:23,2.525337458,3.42871356,2.311964273
07:39:23,2.525350332,3.4290483,2.31195426
07:39:23,2.524925709,3.428462744,2.311850071
07:39:23,2.525443316,3.427598476,2.310110092
07:39:23,2.525979996,3.428014755,2.311148167
07:39:23,2.52580452,3.428153992,2.312895298
07:39:23,2.525409937,3.427242041,2.311567783
07:39:23,2.524752617,3.428091526,2.31146884
07:39:23,2.525452137,3.428058624,2.312428951
07:39:23,2.525219202,3.427542925,2.313368797
07:39:23,2.524979591,3.42811656,2.311218977
07:39:23,2.524506569,3.428195,2.310683966
07:39:23,2.526086807,3.428160429,2.311745882
07:39:23,2.525675058,3.428604364,2.311649799
07:39:23,2.525703907,3.427797079,2.31165719
07:39:23,2.524684906,3.426749945,2.309512138
07:39:23,2.525511265,3.427447557,2.311190128
07:39:23,2.524801731,3.427598953,2.311461449
07:39:23,2.525755405,3.427433252,2.310957909
07:39:23,2.525046825,3.428207636,2.311987638
07:39:23,2.525032997,3.428598404,2.311424255
07:39:23,2.525697947,3.427600145,2.312070608
07:39:23,2.525443316,3.427918673,2.31146884
07:39:23,2.525654316,3.427662134,2.309936762
07:39:23,2.525274515,3.428307295,2.310331106
07:39:23,2.525032282,3.427947521,2.31197834
07:39:23,2.525074482,3.427495718,2.311300278
07:39:23,2.524517059,3.427170038,2.311607122
07:39:23,2.525644779,3.428990841,2.312302351
07:39:23,2.525585651,3.428781271,2.31184411
07:39:23,2.526232004,3.428042412,2.312397003
07:39:23,2.524739504,3.427352905,2.311567068
07:39:23,2.524830103,3.427777767,2.31081605
07:39:23,2.525195122,3.427837849,2.311753511
07:39:23,2.525921583,3.427675486,2.311460733
07:39:23,2.525374174,3.428870678,2.311056376
07:39:23,2.525623083,3.427857399,2.310428143
07:39:23,2.524870634,3.428325653,2.310125351
07:39:23,2.525820255,3.428436756,2.311912537
07:39:23,2.524941444,3.428508759,2.311021805
07:39:23,2.525409937,3.428160429,2.310539722
07:39:23,2.525175095,3.428458452,2.310426235
07:39:23,2.524873018,3.428505421,2.311707497
07:39:23,2.52469492,3.427312374,2.311277151
07:39:23,2.525194407,3.427482367,2.31187892
07:39:23,2.525880098,3.428070784,2.310884237
07:39:23,2.525514126,3.429398775,2.312937498
07:39:23,2.525498867,3.428468943,2.310237646
07:39:23,2.525383711,3.427634954,2.311080933
07:56:02,2.524858952,3.426960468,2.312183142
07:56:02,2.524982929,3.426946402,2.312210083
07:56:02,2.525172949,3.427710056,2.312846184
07:56:02,2.524499178,3.427054644,2.311816216
07:56:02,2.524980783,3.427197218,2.312453985
07:56:02,2.524517059,3.427410126,2.31157589
07:56:02,2.524422169,3.427555323,2.311002493
07:56:02,2.525095463,3.427776814,2.311841011
07:56:02,2.525004864,3.428040743,2.31112957
07:56:02,2.524189711,3.42683506,2.311649323
07:56:02,2.525352955,3.426705122,2.312086344
07:56:02,2.524252892,3.426558018,2.312056065
07:56:02,2.525217772,3.427124739,2.311417103
07:56:02,2.52456212,3.426843166,2.311690807
07:56:02,2.524824381,3.425919533,2.312551975
07:56:02,2.52428627,3.426331043,2.311383009
07:56:02,2.525241852,3.42711544,2.3117733
07:56:02,2.524657726,3.426067829,2.311114073
07:56:02,2.525263309,3.426297426,2.311388731
07:56:02,2.524785757,3.427852154,2.312563181
07:56:02,2.525117636,3.427222729,2.310785294
07:56:02,2.524962187,3.42613554,2.312294722
07:56:02,2.525697231,3.426034451,2.311035156
07:56:02,2.525052786,3.427074194,2.311743498
07:56:02,2.525378227,3.427038908,2.311986446
07:56:02,2.524692059,3.426747084,2.311871767
07:56:02,2.5250597,3.425558567,2.31187892
07:56:02,2.525544405,3.427387476,2.312644005
07:56:02,2.524890661,3.426887274,2.311297417
07:56:02,2.52507019,3.42759347,2.310830116
07:56:02,2.524612904,3.42819047,2.31269908
07:56:02,2.525203705,3.427689314,2.311737776
07:56:02,2.524656534,3.425947189,2.310227156
07:56:02,2.524468899,3.426118851,2.311313152
07:56:02,2.525474787,3.42605567,2.313654661
07:56:02,2.524872541,3.428916454,2.31072402
07:56:02,2.525004864,3.428408861,2.311464787
07:56:02,2.524831533,3.427321672,2.311840296
07:56:02,2.525574923,3.426551342,2.312663555
07:56:02,2.524481773,3.425574064,2.313307285
07:56:02,2.525518894,3.426570177,2.311840296
07:56:02,2.524785757,3.426802158,2.310979366
07:56:02,2.525279522,3.426562786,2.311734438
07:56:02,2.523908138,3.427233696,2.311514616
07:56:02,2.524995565,3.426072836,2.310147524
07:56:02,2.524886847,3.426064491,2.312457323
07:56:02,2.524725437,3.427030802,2.311702967
07:56:02,2.524904728,3.427470207,2.310623646
07:56:02,2.524599791,3.42648983,2.313262939
07:56:02,2.524832726,3.425391674,2.311393261
07:56:02,2.524182081,3.424843311,2.312564373
07:56:02,2.524752617,3.425513744,2.311939001
07:56:02,2.524962187,3.426002026,2.311484098
07:56:02,2.525336266,3.428287506,2.310957909
07:56:02,2.524060965,3.42822504,2.3117733
07:56:02,2.524438381,3.426675558,2.312403679
07:56:02,2.524983883,3.425640821,2.310936689
07:56:02,2.524422169,3.426620483,2.3129251
07:56:02,2.524871349,3.42613554,2.311901569
07:56:02,2.524834871,3.426434994,2.312091589
07:56:02,2.52406168,3.425925255,2.31105876
07:56:02,2.524966478,3.426150084,2.310867786
07:56:02,2.524906397,3.427817106,2.311805248
07:56:02,2.524814844,3.428161383,2.311886549
07:56:02,2.525155306,3.426600933,2.311840057
07:56:02,2.524891853,3.427684784,2.311234236
07:56:02,2.524831533,3.427557945,2.311903954
07:56:02,2.524889231,3.426991701,2.311887264
07:56:02,2.524720192,3.426333904,2.311753511
07:56:02,2.524604797,3.425848246,2.311286211
07:56:02,2.525223732,3.427953959,2.312584162
07:56:02,2.524399996,3.427869081,2.31123662
07:56:02,2.524691582,3.427334547,2.311945677
07:56:02,2.524821043,3.426377773,2.311967373
07:56:02,2.524799347,3.426071644,2.310796261
07:56:02,2.524335623,3.426728964,2.312003851
07:56:02,2.524893045,3.426679611,2.311126232
07:56:02,2.524171591,3.425996065,2.312213421
07:56:02,2.524417877,3.426837206,2.31147337
07:56:02,2.524379253,3.426590443,2.312125683
07:56:02,2.524701357,3.426804543,2.311955452
07:56:02,2.52505517,3.425544977,2.312381506
07:56:02,2.524963379,3.426305056,2.312153101
07:56:02,2.525115013,3.426720381,2.311793566
07:56:03,2.524896383,3.425684929,2.311471224
07:56:03,2.525046349,3.425757647,2.31008935
07:56:03,2.523796797,3.425542116,2.312009573
07:56:03,2.524474859,3.42710495,2.313494682
07:56:03,2.524918079,3.428450346,2.311388016
07:56:03,2.525072575,3.427484512,2.311525822
07:56:03,2.524739027,3.427491188,2.312287331
07:56:03,2.525452375,3.426527977,2.312215805
07:56:03,2.524199247,3.426874876,2.311614275
07:56:03,2.524788141,3.426002741,2.310562372
07:56:03,2.525166512,3.426943064,2.311159372
07:56:03,2.524939299,3.426099539,2.312315702
07:56:03,2.525316238,3.426949263,2.311239481
07:56:03,2.524716616,3.42681694,2.311422586
07:56:03,2.524288416,3.426899195,2.311251163
07:56:03,2.524809361,3.428563833,2.311349869
07:56:03,2.524708986,3.427395821,2.311128855
07:56:03,2.524633646,3.426703453,2.311276197
07:56:03,2.524553299,3.426399708,2.312589884
07:56:03,2.525654316,3.426712036,2.31133914
07:56:03,2.524661541,3.4264009,2.310408831
07:56:03,2.524612427,3.426859856,2.312385321
07:56:03,2.524908066,3.426557541,2.311775684
07:56:03,2.524986029,3.427355289,2.311704636
07:56:03,2.525039673,3.427344799,2.311044455
07:56:03,2.524962187,3.426427364,2.312611818
07:56:03,2.524420977,3.42629528,2.312008381
07:56:03,2.524774075,3.426413536,2.31174469
07:56:03,2.524523973,3.425542831,2.312089205
07:56:03,2.525114298,3.426418781,2.312125683
07:56:03,2.524822712,3.425287247,2.312690973
07:56:03,2.523978949,3.426915884,2.312452793
07:56:03,2.524784088,3.426747561,2.312535286
07:56:03,2.524183273,3.425921202,2.312372208
07:56:03,2.524299145,3.426306486,2.312498808
07:56:03,2.525172949,3.426768064,2.311570883
07:56:03,2.52491641,3.426970243,2.311376095
07:56:03,2.524781704,3.426711321,2.312195539
07:56:03,2.524933338,3.426684141,2.311887264
07:56:03,2.525400162,3.426940203,2.311132193
07:56:03,2.524690628,3.427486658,2.311089516
07:56:03,2.525638103,3.428284645,2.312505007
07:56:03,2.524841309,3.426991701,2.311911821
07:56:03,2.525257826,3.426370144,2.311188936
07:56:03,2.525241852,3.427165747,2.311714649
07:56:03,2.523801565,3.426504374,2.311535358
07:56:03,2.524435759,3.426799774,2.311267376
07:56:03,2.524212122,3.427087545,2.311679602
07:56:03,2.524581194,3.426151752,2.311179638
07:56:03,2.524661541,3.426399708,2.313728333
07:56:03,2.525364161,3.427276134,2.311970711
07:56:03,2.524859667,3.427289248,2.311041355
07:56:03,2.524710894,3.427903175,2.311190128
07:56:03,2.523934841,3.425636292,2.311944485
07:56:03,2.524376631,3.425685167,2.312101603
07:56:03,2.525362968,3.426417828,2.311930656
07:56:03,2.524463654,3.425276518,2.310857773
07:56:03,2.523847818,3.426504374,2.312944889
07:56:03,2.525230885,3.427068949,2.312262774
07:56:03,2.524875164,3.427254677,2.311232567
07:56:03,2.524856567,3.426259279,2.311644793
07:56:03,2.524869442,3.425670385,2.311917305
07:56:03,2.524501085,3.427609444,2.311687231
07:56:03,2.5248034,3.426910639,2.310986757
07:56:03,2.524499178,3.426405668,2.310753345
07:56:03,2.524425745,3.426048279,2.312986135
07:56:03,2.524696827,3.427288532,2.312553883
07:56:03,2.524354219,3.426169872,2.312654495
07:56:03,2.524630547,3.42714715,2.312105894
07:56:03,2.524930477,3.427994013,2.311408997
07:56:03,2.524376154,3.426573992,2.31226635
07:56:03,2.525374174,3.426258087,2.311163902
07:56:03,2.525753736,3.42706275,2.311490774
07:56:03,2.525600195,3.428290844,2.313313007
07:56:03,2.524737358,3.425335646,2.310537338
07:56:03,2.524567366,3.426135302,2.311449051
07:56:03,2.525422812,3.427324057,2.31174469
07:56:03,2.524882555,3.427073002,2.311942339
07:56:03,2.525405169,3.426091671,2.313792706
07:56:03,2.52560091,3.428075314,2.3109231
07:56:03,2.524352551,3.42884779,2.309342146
07:56:03,2.525380611,3.42571187,2.312933207
07:56:03,2.524684906,3.426778316,2.312729836
07:56:03,2.524383545,3.42607522,2.311956644
07:56:03,2.524847746,3.425331116,2.310924768
07:56:03,2.524519444,3.425477982,2.311370134
07:56:03,2.525122404,3.427323341,2.312955856
07:56:03,2.524894238,3.427966356,2.313007116
07:56:03,2.52538228,3.426965714,2.31187892
07:56:03,2.524542809,3.42690897,2.312477112
07:56:03,2.524799347,3.426139116,2.312433004
07:56:03,2.523804903,3.425821304,2.313335657
07:56:03,2.525268316,3.425111532,2.312204123
07:56:03,2.52501297,3.425396919,2.312970161
07:56:03,2.524420977,3.426169157,2.311723709
07:56:03,2.524649382,3.427912951,2.312274933
07:56:03,2.524619341,3.427695751,2.311942339
07:56:03,2.524662733,3.42741251,2.311987638
07:56:03,2.525504112,3.42651701,2.310930967
07:56:03,2.524458885,3.426728964,2.311639547
07:56:03,2.524522066,3.426204443,2.311823368
07:56:03,2.525273323,3.426310062,2.312037706
07:56:03,2.524617672,3.427165747,2.312692165
07:56:03,2.525360823,3.427390814,2.3123734
07:56:03,2.524883032,3.426585436,2.311605453
07:56:03,2.525042295,3.426887274,2.312909365
07:56:03,2.525604248,3.42653513,2.312579393
07:56:03,2.524461269,3.426946402,2.31146431
07:56:03,2.524771214,3.426749468,2.312800646
07:56:03,2.524361372,3.426122904,2.31186986
07:56:03,2.52502346,3.425884485,2.312492371
07:56:03,2.524381638,3.426276445,2.312340021
07:56:03,2.525165319,3.427425861,2.310320139
07:56:03,2.525393963,3.427079439,2.31298995
07:56:03,2.525021315,3.428554535,2.313246727
07:56:03,2.524994135,3.426589251,2.31116271
07:56:04,2.525391579,3.42668128,2.31041193
07:56:04,2.525290966,3.426616907,2.313024998
07:56:04,2.524918556,3.426764011,2.310790062
07:56:04,2.525269032,3.426340103,2.31171751
07:56:04,2.524614096,3.426570654,2.31243372
07:56:04,2.524836063,3.425858736,2.312221766
07:56:04,2.524364948,3.426766157,2.310889244
07:56:04,2.524644613,3.427394152,2.311378002
07:56:04,2.524487257,3.426418304,2.312024593
07:56:04,2.524928093,3.426514864,2.31245923
07:56:04,2.525339127,3.42586565,2.312511444
07:56:04,2.524594307,3.427941322,2.311865091
07:56:04,2.524407864,3.426360607,2.311211109
07:56:04,2.524215937,3.426869631,2.311559916
07:56:04,2.525069714,3.427419901,2.312295437
07:56:04,2.524780512,3.427100897,2.311994314
07:56:04,2.524533272,3.42715168,2.312723398
07:56:04,2.524871826,3.426778793,2.312379599
07:56:04,2.525226116,3.426682949,2.311488152
07:56:04,2.524533987,3.427943707,2.312205315
07:56:04,2.524218321,3.426433325,2.313343287
07:56:04,2.524981737,3.426147699,2.31220746
07:56:04,2.524913073,3.426877022,2.311609745
07:56:04,2.524927378,3.426014423,2.311156988
07:56:04,2.524540901,3.427095652,2.312348366
07:56:04,2.524992466,3.426741362,2.312146664
07:56:04,2.525292873,3.427512884,2.310698748
07:56:04,2.524267673,3.426659107,2.313257217
07:56:04,2.525510073,3.427060366,2.313313484
07:56:04,2.52566433,3.425940752,2.310166597
07:56:04,2.524658203,3.426222324,2.310695887
07:56:04,2.525247812,3.426631451,2.312327862
07:56:04,2.524755716,3.426625252,2.311605453
07:56:04,2.525206089,3.426869631,2.312047482
07:56:04,2.525064468,3.426745415,2.310959101
07:56:04,2.524334431,3.426428556,2.311295271
07:56:04,2.525205612,3.427657127,2.312584162
07:56:04,2.524600267,3.426435709,2.311783552
07:56:04,2.524948597,3.426208973,2.310973406
07:56:04,2.524476528,3.427614212,2.313062668
07:56:04,2.52457571,3.426863432,2.312258244
07:56:04,2.524332523,3.426372528,2.31074357
07:56:04,2.524955988,3.426290751,2.313586473
07:56:04,2.525296926,3.428274393,2.312313795
07:56:04,2.52474761,3.428300619,2.311933517
07:56:04,2.524642229,3.426163435,2.312237263
07:56:04,2.52427578,3.426146507,2.310608625
07:56:04,2.524510384,3.426810026,2.313878059
07:56:04,2.524701357,3.426496744,2.313274622
07:56:04,2.524532795,3.427143812,2.309419155
07:56:04,2.523923874,3.426815987,2.313898325
07:56:04,2.524673223,3.427757025,2.313159466
07:56:04,2.524791718,3.426681757,2.310015202
07:56:04,2.524902344,3.427046299,2.310625315
07:56:04,2.52429533,3.427666187,2.3119452
07:56:04,2.524164438,3.427054644,2.312377691
07:56:04,2.52528882,3.426300287,2.311686754
07:56:04,2.524600744,3.426428556,2.311881781
07:56:04,2.52437377,3.426020145,2.309799433
07:56:04,2.524495363,3.426672697,2.312167645
07:56:04,2.524453163,3.42777729,2.311180115
07:56:04,2.525193691,3.428255796,2.313322067
07:56:04,2.524802923,3.426651239,2.310070038
07:56:04,2.524655342,3.425852537,2.311990023
07:56:04,2.525094986,3.425739765,2.310963631
07:56:04,2.52522254,3.426459312,2.309998989
07:56:04,2.524121284,3.426446438,2.31333518
07:56:04,2.524831057,3.427291632,2.312589169
07:56:04,2.525244236,3.427222729,2.312352896
07:56:04,2.525435686,3.427098513,2.309305429
07:56:04,2.524505377,3.426553011,2.311205149
07:56:04,2.524421692,3.427535057,2.313444376
07:56:04,2.524831057,3.426858664,2.312915802
07:56:04,2.524808168,3.427074909,2.310248613
07:56:04,2.524918079,3.426880598,2.310492039
07:56:04,2.524511576,3.426404953,2.312529325
07:56:04,2.524309158,3.425833941,2.313603878
07:56:04,2.524511576,3.427660227,2.310142279
07:56:04,2.52520442,3.427525759,2.311304569
07:56:04,2.524544001,3.427498579,2.310567379
07:56:04,2.524644613,3.426986456,2.313312292
07:56:04,2.525397778,3.426530361,2.312020779
07:56:04,2.524382353,3.427048206,2.310397148
07:56:04,2.525458574,3.427139521,2.310848475
07:56:04,2.525274038,3.427304983,2.313134193
07:56:04,2.524857283,3.426933289,2.313220024
07:56:04,2.525420666,3.42625165,2.312424898
07:56:04,2.525308609,3.426959753,2.312047958
07:56:04,2.525080919,3.42675519,2.312125206
07:56:04,2.525517702,3.42729497,2.310984135
07:56:04,2.524508238,3.42677021,2.31329155
07:56:04,2.524639368,3.426541328,2.311177254
07:56:04,2.524857759,3.426389456,2.309422255
07:56:04,2.52509141,3.427086115,2.311405659
07:56:04,2.524757624,3.426906109,2.312104702
07:56:04,2.525026798,3.427111864,2.310264587
07:56:04,2.524215221,3.426729679,2.311295986
07:56:04,2.525131226,3.426916361,2.312615871
07:56:04,2.524730206,3.426877022,2.31346941
07:56:04,2.525430679,3.426331043,2.31281352
07:56:04,2.524752855,3.426832199,2.310738087
07:56:04,2.524949789,3.425901413,2.312018394
07:56:04,2.524951458,3.426520109,2.314515829
07:56:04,2.524856091,3.427109003,2.312750816
07:56:04,2.525309324,3.427135468,2.31074357
07:56:04,2.52434659,3.42717886,2.312038183
07:56:04,2.524536371,3.427837372,2.313494682
07:56:04,2.524576187,3.427092314,2.313615084
07:56:04,2.525066376,3.426311255,2.310923576
07:56:04,2.52410841,3.426863909,2.311247587
07:56:04,2.524320126,3.426154852,2.312237263
07:56:04,2.52462697,3.427286863,2.311635017
07:56:04,2.524559736,3.427109003,2.312710285
07:56:04,2.524806023,3.427642345,2.31084466
07:56:04,2.524265766,3.427539587,2.309934855
07:56:04,2.525230169,3.427313566,2.31423521
07:56:04,2.524843931,3.426722765,2.313203812
07:56:04,2.524194956,3.427074194,2.311593771
07:56:04,2.524933815,3.426660299,2.309982061
07:56:05,2.52462244,3.426339626,2.310756207
07:56:05,2.524589062,3.427188158,2.312309504
07:56:05,2.524735212,3.427226305,2.313374996
07:56:05,2.524250507,3.42633462,2.310753345
07:56:05,2.524966002,3.426938295,2.310963154
07:56:05,2.524163008,3.426966667,2.311853886
07:56:05,2.525425673,3.42637825,2.314252853
07:56:05,2.525142908,3.425969124,2.311277151
07:56:05,2.524868488,3.426597834,2.310253143
07:56:05,2.524462461,3.427353382,2.311939478
07:56:05,2.525238514,3.426720381,2.312946081
07:56:05,2.525128126,3.427083731,2.311688662
07:56:05,2.524867773,3.425928116,2.310406685
07:56:05,2.524175644,3.426254034,2.310693741
07:56:05,2.525008917,3.427413464,2.313066721
07:56:05,2.524711847,3.426035404,2.312654495
07:56:05,2.524367332,3.426689863,2.310079813
07:56:05,2.523999453,3.426527977,2.311559439
07:56:05,2.524978399,3.426707745,2.313182831
07:56:05,2.524831057,3.426962852,2.313098669
07:56:05,2.525084496,3.427072525,2.309565067
07:56:05,2.52496767,3.426649332,2.311410666
07:56:05,2.524119377,3.426020622,2.3114779
07:56:05,2.524761438,3.426426888,2.312784433
07:56:05,2.524635792,3.426742077,2.313271761
07:56:05,2.524751425,3.42733717,2.310647011
07:56:05,2.525290012,3.426466703,2.313277721
07:56:05,2.525056839,3.426949263,2.311913729
07:56:05,2.524682045,3.427274942,2.3114779
07:56:05,2.525008917,3.427327871,2.311971188
07:56:05,2.524521112,3.426973104,2.312800646
07:56:05,2.525343657,3.426701069,2.312973738
07:56:05,2.525322437,3.426783085,2.311997652
07:56:05,2.524254084,3.426902771,2.310397148
07:56:05,2.524505854,3.426577806,2.311881304
07:56:05,2.524594784,3.425971508,2.310934544
07:56:05,2.525092602,3.426795959,2.310483217
07:56:05,2.524760723,3.427026749,2.310545921
07:56:05,2.525126696,3.426349401,2.312860966
07:56:05,2.525069237,3.426571846,2.312932491
07:56:05,2.524990559,3.426319361,2.311630249
07:56:05,2.52551198,3.427133322,2.312113523
07:56:05,2.524940491,3.42729497,2.311578274
07:56:05,2.524695635,3.426687479,2.311981201
07:56:05,2.524517775,3.426637888,2.311008215
07:56:05,2.524665117,3.427143812,2.312442541
07:56:05,2.525037527,3.426224709,2.312163353
07:56:05,2.524842024,3.428017855,2.311991453
07:56:05,2.526035309,3.426360607,2.31229353
07:56:05,2.524884224,3.427340269,2.311407804
07:56:05,2.525503635,3.426616907,2.312096119
07:56:05,2.524780512,3.426697731,2.310429335
07:56:05,2.524535179,3.426318645,2.310931683
07:56:05,2.524419069,3.426109552,2.312578917
07:56:05,2.525279045,3.426384211,2.312868595
07:56:05,2.52500701,3.426969528,2.312115908
07:56:05,2.5243361,3.427118301,2.311499119
07:56:05,2.524077177,3.426953077,2.310966492
07:56:05,2.524624109,3.427103043,2.313724041
07:56:05,2.524590731,3.426736116,2.30963707
07:56:05,2.525185108,3.42700386,2.310708046
07:56:05,2.524989367,3.42668128,2.311167955
07:56:05,2.524646521,3.426518917,2.312894821
07:56:05,2.524762869,3.426377773,2.310907841
07:56:05,2.525092125,3.426908255,2.310999632
07:56:05,2.525042295,3.426583052,2.310525656
07:56:05,2.524319649,3.426917553,2.312126875
07:56:05,2.524390459,3.426159143,2.313990355
07:56:05,2.524361372,3.427268028,2.310806751
07:56:05,2.524558067,3.426517725,2.311202288
07:56:05,2.524727821,3.426070929,2.310683489
07:56:05,2.525324583,3.426020622,2.313491106
07:56:05,2.524955034,3.426813602,2.312951088
07:56:05,2.524953842,3.426457644,2.310921907
07:56:05,2.52422142,3.427456856,2.310666561
07:56:05,2.5242033,3.426143885,2.313162565
07:56:05,2.525365353,3.42673111,2.311613083
07:56:05,2.524905205,3.426397324,2.312148333
07:56:05,2.524414539,3.426457644,2.310750008
07:56:05,2.524848938,3.42681241,2.311131477
07:56:05,2.524486542,3.427320957,2.313939095
07:56:05,2.525087118,3.427362919,2.310999155
07:56:05,2.525211334,3.42775631,2.310693741
07:56:05,2.524319649,3.4279356,2.31278491
07:56:05,2.524888754,3.426388741,2.313565731
07:56:05,2.525299311,3.426817417,2.312105894
07:56:05,2.525481462,3.426625729,2.311948776
07:56:05,2.524737835,3.426065445,2.311666965
07:56:05,2.524691105,3.42667222,2.311888218
07:56:05,2.524252892,3.427096605,2.312422276
07:56:05,2.52471137,3.426914215,2.312798977
07:56:05,2.524729013,3.426826,2.311047077
07:56:05,2.524193287,3.427190304,2.311977863
07:56:05,2.524848461,3.426929712,2.312762976
07:56:05,2.52496767,3.426380634,2.31056118
07:56:05,2.524804354,3.425924778,2.311495543
07:56:05,2.524144411,3.427276611,2.311790705
07:56:05,2.524616003,3.426726818,2.312485933
07:56:05,2.525372982,3.426887274,2.312311172
07:56:05,2.52397728,3.427473068,2.311911345
07:56:05,2.524995565,3.426760197,2.312038898
07:56:05,2.524342537,3.427324057,2.312031269
07:56:05,2.525264025,3.427226305,2.312041521
07:56:05,2.524533987,3.427212477,2.311019897
07:56:05,2.524539471,3.426527977,2.311649799
07:56:05,2.52494216,3.426504374,2.311574697
07:56:05,2.523791552,3.426570177,2.31377697
07:56:05,2.525030613,3.426702738,2.311729908
07:56:05,2.523600817,3.426465273,2.312506199
07:56:05,2.524962187,3.426698923,2.313298464
07:56:05,2.524320126,3.427451611,2.312277317
07:56:05,2.524523973,3.42737031,2.311996937
07:56:05,2.525459766,3.426666498,2.31055522
07:56:05,2.524648905,3.427403927,2.311787844
07:56:05,2.52498436,3.427063942,2.312144279
07:56:06,2.525117397,3.426781893,2.310246468
07:56:06,2.524469614,3.425983191,2.311634541
07:56:06,2.524529696,3.426621199,2.312942028
07:56:06,2.525090933,3.426794767,2.311960936
07:56:06,2.524771214,3.427036285,2.311628103
07:56:06,2.525481939,3.426945925,2.310655117
07:56:06,2.525881767,3.42752409,2.311446428
07:56:06,2.524541616,3.427203417,2.312639236
07:56:06,2.525210857,3.426323652,2.313707829
07:56:06,2.52538228,3.426616907,2.312084436
07:56:06,2.525003672,3.425673962,2.310080051
07:56:06,2.524915695,3.426192284,2.310599566
07:56:06,2.524596214,3.427012444,2.312366962
07:56:06,2.526118279,3.426728487,2.312653303
07:56:06,2.525366068,3.427178383,2.312166452
07:56:06,2.524598598,3.426585436,2.311054468
07:56:06,2.524539709,3.426879883,2.311084986
07:56:06,2.524407864,3.426762342,2.312045097
07:56:06,2.524755716,3.426768064,2.311800003
07:56:06,2.524639368,3.426464081,2.310009718
07:56:06,2.524299145,3.426449537,2.312016726
07:56:06,2.525214434,3.426859856,2.313091516
07:56:06,2.524805546,3.42779088,2.310975075
07:56:06,2.524718523,3.427272558,2.311723709
07:56:06,2.524846554,3.427289248,2.311855793
07:56:06,2.524852991,3.426090479,2.312316895
07:56:06,2.524379253,3.426828623,2.311645985
07:56:06,2.524968386,3.427320957,2.310961962
07:56:06,2.524635315,3.426822186,2.312577724
07:56:06,2.525496006,3.426976442,2.311255217
07:56:06,2.524742842,3.426178455,2.311156988
07:56:06,2.524502516,3.426975965,2.312514782
07:56:06,2.525654793,3.427375555,2.311799526
07:56:06,2.524870634,3.4269979,2.31268549
07:56:06,2.525056839,3.427179575,2.311337948
07:56:06,2.52492404,3.426020145,2.311577082
07:56:06,2.524635792,3.426335812,2.312387705
07:56:06,2.525315762,3.425982475,2.313103914
07:56:06,2.525143385,3.426251173,2.311201572
07:56:06,2.52486372,3.426730156,2.311292887
07:56:06,2.524743557,3.427811861,2.311956167
07:56:06,2.525475979,3.427987814,2.313324213
07:56:06,2.524600744,3.427676201,2.310635328
07:56:06,2.525140047,3.426114321,2.309532881
07:56:06,2.524713039,3.427438259,2.31169939
07:56:06,2.524742603,3.426366806,2.313646793
07:56:06,2.525244951,3.427317381,2.311128378
07:56:06,2.524463654,3.42640996,2.311216593
07:56:06,2.524319172,3.426855326,2.312268734
07:56:06,2.524880171,3.426286936,2.310488939
07:56:06,2.524498224,3.427044153,2.311671019
07:56:06,2.525182009,3.426799774,2.311228514
07:56:06,2.52494669,3.427311897,2.313444376
07:56:06,2.524120092,3.42596674,2.312250137
07:56:06,2.525619507,3.42535758,2.31099844
07:56:06,2.52432847,3.426463366,2.31065917
07:56:06,2.525301695,3.426828623,2.312504053
07:56:06,2.523928642,3.427640676,2.311677456
07:56:06,2.525319338,3.426968336,2.311981678
07:56:06,2.524534464,3.427800179,2.311577559
07:56:06,2.524414539,3.427163839,2.312650204
07:56:06,2.524871349,3.427195787,2.310108662
07:56:06,2.524641514,3.42729044,2.311570406
07:56:06,2.524728537,3.426508188,2.312240124
07:56:06,2.524121761,3.426625252,2.31216526
07:56:06,2.525043011,3.426417828,2.311683178
07:56:06,2.52520895,3.427061081,2.311087132
07:56:06,2.525529861,3.427830219,2.311434507
07:56:06,2.524881363,3.428091049,2.311623812
07:56:06,2.525098324,3.427456617,2.313383818
07:56:06,2.524722338,3.426156282,2.311695576
07:56:06,2.524744034,3.426043987,2.311403275
07:56:06,2.525304556,3.425565004,2.311629534
07:56:06,2.525417328,3.425534725,2.31194067
07:56:06,2.524684429,3.426184177,2.311424255
07:56:06,2.524743557,3.426707268,2.310748816
07:56:06,2.524658918,3.427316666,2.311958075
07:56:06,2.524937391,3.425963402,2.310893297
07:56:06,2.524755716,3.426588774,2.311622858
07:56:06,2.525132895,3.426236629,2.312229395
07:56:06,2.524914265,3.426166773,2.312319279
07:56:06,2.524660587,3.425795317,2.312457323
07:56:06,2.525326967,3.426923513,2.311919928
07:56:06,2.524552822,3.425841331,2.311986923
07:56:06,2.524175167,3.426928043,2.310622215
07:56:06,2.524562597,3.42743206,2.313511372
07:56:06,2.52515769,3.427284241,2.31229353
07:56:06,2.525358438,3.427412987,2.311727524
07:56:06,2.524948597,3.426814318,2.312595129
07:56:06,2.525123596,3.425885916,2.31190443
07:56:06,2.524860144,3.426531553,2.31269908
07:56:06,2.524725437,3.426515579,2.311640024
07:56:06,2.525526524,3.426846027,2.31353426
07:56:06,2.524544477,3.427521229,2.31206584
07:56:06,2.524867296,3.427197218,2.310776949
07:56:06,2.524424076,3.426907778,2.310847998
07:56:06,2.524842739,3.426084757,2.311574221
07:56:06,2.524691582,3.426101685,2.311828613
07:56:06,2.52440691,3.426656723,2.310725927
07:56:06,2.524519444,3.426348686,2.312932014
07:56:06,2.524009466,3.426378727,2.312096119
07:56:06,2.524511576,3.426632166,2.31240797
07:56:06,2.525438547,3.427193403,2.311544418
07:56:06,2.5245924,3.426841974,2.311662912
07:56:06,2.525137901,3.426885843,2.312512636
07:56:06,2.524420977,3.426738977,2.312215805
07:56:06,2.524731874,3.426579475,2.311484575
07:56:06,2.525259018,3.426978111,2.31118083
07:56:06,2.524582386,3.426673889,2.311871767
07:56:06,2.524106503,3.426748753,2.311597347
07:56:06,2.524772406,3.427505016,2.31229949
07:56:06,2.525152206,3.426871538,2.311949253
07:56:06,2.524673223,3.426456928,2.311930656
07:56:06,2.524069786,3.42713213,2.31191659
07:56:06,2.525077105,3.427429199,2.311810255
07:56:06,2.525256634,3.426533222,2.3118999
07:56:06,2.525303841,3.426306486,2.312494516
07:56:06,2.524386644,3.426326275,2.31213522
07:56:06,2.524499893,3.426641464,2.311731339
07:56:07,2.524247646,3.427322149,2.311743021
07:56:07,2.524907589,3.42826438,2.311338663
07:56:07,2.525053263,3.427088022,2.311733723
07:56:07,2.524985552,3.427170038,2.310698748
07:56:07,2.525117636,3.427314758,2.311625719
07:56:07,2.524343252,3.427016497,2.311960936
07:56:07,2.524372816,3.426772118,2.311651945
07:56:07,2.524823666,3.42672348,2.31182003
07:56:07,2.525013447,3.427104235,2.311851025
07:56:07,2.524176836,3.426261187,2.311874866
07:56:07,2.525022268,3.426597357,2.311439991
07:56:07,2.524456263,3.427170038,2.310955763
07:56:07,2.525204897,3.426884174,2.311462641
07:56:07,2.524582386,3.426246405,2.31188941
07:56:07,2.524275303,3.426501989,2.311959267
07:56:07,2.523807287,3.426370144,2.312157154
07:56:07,2.525038004,3.426398516,2.311056376
07:56:07,2.524681091,3.425850153,2.311837196
07:56:07,2.524720192,3.426508188,2.311470509
07:56:07,2.524504185,3.426514864,2.312689304
07:56:07,2.524729013,3.4274652,2.312344074
07:56:07,2.524833679,3.426899195,2.311327457
07:56:07,2.524768114,3.42630887,2.311285019
07:56:07,2.524690628,3.426622868,2.312052965
07:56:07,2.524896383,3.426611423,2.312385321
07:56:07,2.52499938,3.426752806,2.312112093
07:56:07,2.524787664,3.426939487,2.311776161
07:56:07,2.524832249,3.426570654,2.311388016
07:56:07,2.524614096,3.427728415,2.311626911
07:56:07,2.524842739,3.427770376,2.310432434
07:56:07,2.524902344,3.426974297,2.311287642
07:56:07,2.524904728,3.427362919,2.31079793
07:56:07,2.524808645,3.42682457,2.312469006
07:56:07,2.524810553,3.425676107,2.311140776
07:56:07,2.524156809,3.427336693,2.311482906
07:56:07,2.524679422,3.426675081,2.31216073
07:56:07,2.524924517,3.426719904,2.3110466
07:56:07,2.525546074,3.426772118,2.31159997
07:56:07,2.524513483,3.427173853,2.311495066
07:56:07,2.524667501,3.42675066,2.311810255
07:56:07,2.524624109,3.426841259,2.312585592
07:56:07,2.524277449,3.426006556,2.313060284
07:56:07,2.524727345,3.426783562,2.311810017
07:56:07,2.524080992,3.427541256,2.31082058
07:56:07,2.524644136,3.426145077,2.310461998
07:56:07,2.524602413,3.426896334,2.312453508
07:56:07,2.525839567,3.427531958,2.31215167
07:56:07,2.524778843,3.427284241,2.312353849
07:56:07,2.525268316,3.426558018,2.311177254
07:56:07,2.524093628,3.426395893,2.312804937
07:56:07,2.524578094,3.426945925,2.311635017
07:56:07,2.524814844,3.426590443,2.311722517
07:56:07,2.524466038,3.426656008,2.312128544
07:56:07,2.525117397,3.426043987,2.312021732
07:56:07,2.524558544,3.426903725,2.312564373
07:56:07,2.524947882,3.426388264,2.311439276
07:56:07,2.524397135,3.425824165,2.311554909
07:56:07,2.525275707,3.426533937,2.31157589
07:56:07,2.524960279,3.426617622,2.311936855
07:56:07,2.524971247,3.426218748,2.311521769
07:56:07,2.524849653,3.426643133,2.31110692
07:56:07,2.524858952,3.426504374,2.312078238
07:56:07,2.524504185,3.427036285,2.311094522
07:56:07,2.524997234,3.427618742,2.311624527
07:56:07,2.524936914,3.426968336,2.312196016
07:56:07,2.524764061,3.426538229,2.311293602
07:56:07,2.524852514,3.427675009,2.311435223
07:56:07,2.524985075,3.426657438,2.311413765
07:56:07,2.52422595,3.427088022,2.311980724
07:56:07,2.524375439,3.426911831,2.311711073
07:56:07,2.524988413,3.426030874,2.310631037
07:56:07,2.524780512,3.426708937,2.312175751
07:56:07,2.52517581,3.427331686,2.311273813
07:56:07,2.524064302,3.426680088,2.312091827
07:56:07,2.524920464,3.426766157,2.311688662
07:56:07,2.524040461,3.426828146,2.312116623
07:56:07,2.524285316,3.425950766,2.311838865
07:56:07,2.524884224,3.42571187,2.311455488
07:56:07,2.525038004,3.425676107,2.311234951
07:56:07,2.525634289,3.426213741,2.312150478
07:56:07,2.524446249,3.426777601,2.312533617
07:56:07,2.524955034,3.426813602,2.312714338
07:56:07,2.524660587,3.427280664,2.311804771
07:56:07,2.524978876,3.426705122,2.312055588
07:56:07,2.524943829,3.426467896,2.311636209
07:56:07,2.524342537,3.426971912,2.311187506
07:56:07,2.52498126,3.427132607,2.311564684
07:56:07,2.52486515,3.426403284,2.311360598
07:56:07,2.525149345,3.426623583,2.312517881
07:56:07,2.525103092,3.426579475,2.313081264
07:56:07,2.525088787,3.426826,2.313195705
07:56:07,2.525016308,3.42706275,2.311948776
07:56:07,2.52520442,3.426524162,2.312289715
07:56:07,2.525040388,3.426969528,2.311722517
07:56:07,2.524947882,3.427023411,2.31171751
07:56:07,2.525198936,3.426152945,2.31185627
07:56:07,2.525142908,3.426555395,2.313192129
07:56:07,2.524850845,3.426774979,2.312080622
07:56:07,2.524139404,3.427021742,2.311337471
07:56:07,2.524511099,3.427031994,2.311547995
07:56:07,2.524559736,3.426748753,2.311701775
07:56:07,2.525059223,3.427237272,2.31230998
07:56:07,2.524082184,3.426456451,2.312168121
07:56:07,2.525148869,3.427256823,2.311373711
07:56:07,2.525159836,3.426242113,2.311643124
07:56:07,2.524945021,3.426907063,2.311538696
07:56:07,2.525570393,3.426798105,2.312073469
07:56:07,2.524860144,3.427102089,2.310520649
07:56:07,2.525079727,3.427915335,2.311781168
07:56:07,2.525206089,3.427191496,2.311551809
07:56:07,2.524992943,3.426520586,2.312767506
07:56:07,2.525267839,3.42626667,2.312356949
07:56:07,2.524399996,3.426033258,2.311227322
07:56:07,2.525062561,3.426369667,2.311737299
07:56:07,2.525397778,3.427222252,2.311989307
07:56:07,2.524717808,3.426402569,2.310839176
07:56:07,2.525500774,3.426679611,2.31162858
07:56:07,2.524372339,3.426966667,2.311477184
07:56:07,2.524945974,3.427504301,2.311947584
07:56:08,2.524566174,3.426816225,2.312108994
07:56:08,2.525014162,3.426844358,2.311525822
07:56:08,2.525146484,3.426770926,2.312262774
07:56:08,2.524963856,3.426692724,2.311669588
07:56:08,2.524349689,3.427495718,2.311999798
07:56:08,2.525078535,3.427075386,2.311876059
07:56:08,2.525103807,3.427326679,2.311995029
07:56:08,2.524559736,3.426916838,2.3120327
07:56:08,2.524497271,3.426736593,2.311892748
07:56:08,2.525495291,3.426854134,2.311734438
07:56:08,2.523929834,3.426481485,2.312371492
07:56:08,2.525262833,3.426252842,2.31228137
07:56:08,2.525082588,3.426865101,2.312455416
07:56:08,2.52462244,3.42575717,2.311173916
07:56:08,2.525020599,3.425859451,2.311897993
07:56:08,2.524693251,3.425964117,2.311682463
07:56:08,2.524721384,3.425636768,2.312988281
07:56:08,2.524632454,3.426546574,2.311177731
07:56:08,2.524770021,3.42643404,2.312223196
07:56:08,2.52492404,3.426903725,2.310566902
07:56:08,2.525219679,3.426196337,2.310789347
07:56:08,2.525187492,3.427048206,2.311266899
07:56:08,2.525120497,3.425961018,2.311371326
07:56:08,2.52460289,3.427056789,2.311971188
07:56:08,2.524696112,3.427136183,2.311686039
07:56:08,2.524638891,3.427281857,2.311853409
07:56:08,2.524942636,3.427028656,2.31130743
07:56:08,2.525336266,3.427083731,2.311331272
07:56:08,2.524166822,3.426412344,2.312134504
07:56:08,2.525359869,3.426794767,2.311492682
07:56:08,2.52508831,3.426261663,2.311956167
07:56:08,2.525102615,3.427390814,2.312067032
07:56:08,2.525340796,3.42726922,2.311888218
07:56:08,2.524796247,3.42679739,2.312020302
07:56:08,2.52504158,3.42681551,2.311340332
07:56:08,2.524554968,3.425970316,2.311689138
07:56:08,2.524418354,3.426981688,2.311113596
07:56:08,2.525084496,3.42742157,2.31120348
07:56:08,2.524962187,3.427028656,2.311019421
07:56:08,2.52489686,3.426632166,2.311132669
07:56:08,2.524728537,3.427462816,2.311830282
07:56:08,2.525188208,3.426755905,2.312783718
07:56:08,2.525399446,3.427047729,2.311224222
07:56:08,2.524897575,3.426990032,2.310586452
07:56:08,2.524456978,3.427000761,2.311075211
07:56:08,2.524586678,3.427390337,2.311669827
07:56:08,2.524635315,3.426739693,2.312016726
07:56:08,2.524710894,3.426906586,2.311414957
07:56:08,2.524775267,3.426721096,2.311830282
07:56:08,2.525142908,3.4272089,2.310921192
07:56:08,2.525698423,3.42671299,2.311998129
07:56:08,2.524619341,3.426172733,2.311449051
07:56:08,2.524363041,3.427124739,2.311528444
07:56:08,2.524863005,3.426530361,2.312095642
07:56:08,2.524568558,3.426000357,2.311633825
07:56:08,2.524692535,3.427168846,2.311011791
07:56:08,2.524404526,3.426955462,2.311886549
07:56:08,2.525237322,3.425986528,2.312026501
07:56:08,2.524753571,3.426892996,2.312828541
07:56:08,2.524189234,3.426068306,2.3129251
07:56:08,2.524641514,3.427191019,2.311154842
07:56:08,2.524160385,3.427247047,2.311969519
07:56:08,2.524594307,3.426844358,2.312442541
07:56:08,2.52457571,3.426930428,2.312335491
07:56:08,2.525389433,3.427048206,2.311979532
07:56:08,2.525256634,3.427649975,2.311054468
07:56:08,2.524775267,3.427065611,2.31182003
07:56:08,2.524678707,3.426254034,2.31157589
07:56:08,2.525382996,3.427327871,2.31200099
07:56:08,2.524632931,3.42692852,2.312208891
07:56:08,2.525363684,3.426418781,2.31148839
07:56:08,2.52474761,3.426395893,2.311101913
07:56:08,2.524806023,3.427090406,2.312274933
07:56:08,2.524487734,3.426470757,2.310441017
07:56:08,2.524431467,3.42605567,2.311798334
07:56:08,2.524702072,3.426349401,2.311321259
07:56:08,2.524460793,3.426252842,2.310897112
07:56:08,2.523966074,3.426234007,2.312197924
07:56:08,2.524795771,3.42653203,2.31084919
07:56:08,2.525243044,3.426109552,2.311702251
07:56:08,2.525087595,3.426301479,2.312217474
07:56:08,2.525432587,3.426645517,2.312279701
07:56:08,2.524975538,3.427080631,2.311195374
07:56:08,2.525038004,3.426854134,2.311570883
07:56:08,2.52492404,3.426431656,2.312445164
07:56:08,2.524816751,3.427389622,2.311695576
07:56:08,2.524367332,3.427414179,2.311188936
07:56:08,2.5244596,3.427041769,2.311917305
07:56:08,2.525104284,3.426729679,2.312166929
07:56:08,2.524870157,3.427392244,2.311991453
07:56:08,2.524655819,3.426578999,2.311314344
07:56:08,2.524689674,3.426579475,2.311971188
07:56:08,2.524669409,3.42663312,2.311052322
07:56:08,2.525089741,3.426921129,2.311264992
07:56:08,2.524712324,3.427117109,2.311936855
07:56:08,2.524429083,3.426318169,2.311718225
07:56:08,2.524669409,3.427192688,2.311789036
07:56:08,2.524696112,3.42736721,2.311260223
07:56:08,2.525299311,3.427068949,2.31139636
07:56:08,2.525134563,3.427137136,2.311807632
07:56:08,2.525123596,3.427074909,2.31078577
07:56:08,2.525007725,3.42660141,2.310833454
07:56:08,2.52439785,3.426537275,2.31152463
07:56:08,2.524413347,3.427505016,2.311412573
07:56:08,2.524867773,3.426944256,2.311845303
07:56:08,2.525082111,3.426834583,2.312526464
07:56:08,2.524369955,3.426667213,2.311662197
07:56:08,2.524661541,3.427339077,2.311486483
07:56:08,2.524346113,3.427126408,2.312781572
07:56:08,2.524662018,3.426880598,2.311938047
07:56:08,2.52426672,3.427060366,2.311583281
07:56:08,2.524363041,3.426397324,2.311194897
07:56:08,2.523965597,3.426644325,2.312166929
07:56:08,2.525153399,3.42630887,2.312604427
07:56:08,2.524541616,3.426405907,2.312555075
07:56:08,2.524957657,3.426981211,2.311342955
07:56:09,2.524668217,3.4270401,2.311503887
07:56:09,2.524436235,3.427616119,2.312002659
07:56:09,2.524926901,3.427027941,2.312479019
07:56:09,2.524939775,3.426525831,2.311190128
07:56:09,2.524593115,3.427093506,2.31192255
07:56:09,2.524854898,3.426739693,2.311425924
07:56:09,2.525070906,3.426671505,2.311066866
07:56:09,2.52428174,3.426904917,2.312589169
07:56:09,2.524762869,3.426997423,2.311720848
07:56:09,2.524282217,3.427108526,2.310602903
07:56:09,2.524617672,3.427091122,2.31191659
07:56:09,2.524982452,3.426781178,2.311718702
07:56:09,2.525169611,3.427171469,2.312171221
07:56:09,2.524910927,3.426937103,2.311700583
07:56:09,2.524891853,3.426876545,2.312323093
07:56:09,2.524429083,3.426725864,2.312045097
07:56:09,2.525086641,3.426735878,2.311342955
07:56:09,2.52453208,3.426980019,2.311360598
07:56:09,2.524852514,3.426627874,2.31152916
07:56:09,2.524761915,3.426872015,2.311133862
07:56:09,2.524217129,3.426585913,2.310613394
07:56:09,2.524779797,3.426620483,2.310590744
07:56:09,2.525221348,3.426423073,2.311596155
07:56:09,2.524978876,3.426151752,2.312407017
07:56:09,2.525467873,3.427029848,2.312514782
07:56:09,2.525237322,3.426465988,2.312143564
07:56:09,2.524451971,3.426682949,2.311713457
07:56:09,2.524961472,3.427175045,2.312236071
07:56:09,2.525038004,3.426919222,2.311791658
07:56:09,2.524635315,3.426425457,2.311611891
07:56:09,2.524550915,3.427232027,2.31136775
07:56:09,2.52446866,3.427124739,2.311949253
07:56:09,2.525924206,3.426205158,2.311252356
07:56:09,2.525363684,3.426941872,2.311908722
07:56:09,2.524798155,3.42697382,2.312026501
07:56:09,2.525309324,3.426895857,2.312302351
07:56:09,2.524554968,3.42672801,2.311530352
07:56:09,2.524653912,3.426970243,2.311787367
07:56:09,2.524675608,3.426692247,2.311145306
07:56:09,2.525193214,3.426950455,2.312614918
07:56:09,2.52456975,3.427269697,2.311230183
07:56:09,2.524649382,3.427376032,2.312354565
07:56:09,2.524224281,3.427093506,2.311995029
07:56:09,2.524437428,3.427038908,2.312351227
07:56:09,2.525360346,3.426627874,2.311822414
07:56:09,2.525152922,3.427146196,2.311865091
07:56:09,2.524623632,3.426970243,2.312634706
07:56:09,2.52507019,3.426826954,2.31160593
07:56:09,2.524780989,3.426992178,2.311128855
07:56:09,2.524837255,3.426665545,2.312024117
07:56:09,2.525691032,3.426082611,2.312096119
07:56:09,2.5252285,3.426082611,2.312134504
07:56:09,2.525044203,3.427322149,2.311610937
07:56:09,2.52511549,3.426431656,2.312075377
07:56:09,2.524608612,3.42675972,2.312296391
07:56:09,2.524513483,3.426056862,2.311892748
07:56:09,2.524460077,3.426379442,2.312589169
07:56:09,2.524756432,3.42662859,2.311586142
07:56:09,2.52479291,3.425866842,2.311445713
07:56:09,2.524648905,3.426799774,2.312492847
07:56:09,2.524808645,3.42667222,2.311399698
07:56:09,2.525309324,3.42698431,2.311444044
07:56:09,2.525152922,3.426846027,2.310297966
07:56:09,2.524665117,3.426921129,2.312155485
07:56:09,2.524466515,3.42675519,2.311556816
07:56:09,2.524802208,3.426689148,2.310652971
07:56:09,2.525053978,3.426726103,2.31245923
07:56:09,2.52455616,3.426905632,2.312176228
07:56:09,2.524875164,3.427274942,2.311020613
07:56:09,2.52525425,3.427613735,2.312226772
07:56:09,2.525247335,3.427105427,2.312417269
07:56:09,2.524501085,3.427007675,2.312056065
07:56:09,2.524586678,3.427378178,2.312768221
07:56:09,2.52554822,3.426847458,2.311926126
07:56:09,2.525300503,3.427030802,2.313292742
07:56:09,2.524781704,3.426915884,2.312709093
07:56:09,2.524319649,3.426917553,2.312783718
07:56:09,2.524904251,3.426886797,2.311702967
07:56:09,2.525068045,3.426308393,2.311925411
07:56:09,2.52455163,3.426686287,2.312638044
07:56:09,2.523631096,3.426787376,2.311690807
07:56:09,2.524737835,3.426921844,2.311842203
07:56:09,2.525153399,3.426103354,2.312306404
07:56:09,2.525079727,3.42640996,2.311909199
07:56:09,2.524770498,3.426534414,2.312030077
07:56:09,2.524602413,3.426747084,2.311623812
07:56:09,2.524724007,3.427256346,2.311192513
07:56:09,2.524810553,3.427206516,2.312190533
07:56:09,2.524868488,3.426599741,2.311588526
07:56:09,2.524737835,3.426607847,2.311749697
07:56:09,2.524948597,3.426915407,2.311288118
07:56:09,2.524689198,3.427111864,2.312434673
07:56:09,2.52419138,3.426768541,2.3120327
07:56:09,2.524814844,3.427671194,2.311237574
07:56:09,2.524766445,3.426460505,2.313062668
07:56:09,2.524942636,3.426535606,2.31220293
07:56:09,2.524740219,3.426976442,2.311323166
07:56:09,2.524874687,3.426839113,2.311633348
07:56:09,2.524857759,3.426770926,2.312301874
07:56:09,2.524819374,3.426603079,2.312343597
07:56:09,2.524868488,3.426795244,2.311960936
07:56:09,2.525418758,3.42663312,2.311003685
07:56:09,2.524199247,3.426858187,2.312577724
07:56:09,2.52453208,3.426844358,2.31163168
07:56:09,2.524851322,3.427039385,2.311484098
07:56:09,2.524450064,3.427155972,2.311971188
07:56:09,2.524200916,3.427389622,2.31194067
07:56:09,2.524474144,3.427215338,2.311272621
07:56:09,2.524436235,3.427311182,2.311119318
07:56:09,2.525263309,3.426795244,2.312028885
07:56:09,2.525046349,3.427127361,2.312536955
07:56:09,2.524801731,3.427066565,2.312347651
07:56:09,2.524452448,3.426615,2.312028885
07:56:09,2.524727821,3.425587654,2.312422276
07:56:09,2.524987221,3.426024675,2.311609268
07:56:09,2.52513361,3.426873684,2.311762094
07:56:09,2.525492668,3.426451206,2.311815739
07:56:09,2.524568558,3.427159071,2.31199646
07:56:09,2.524410486,3.426844358,2.31192255
07:56:10,2.525087118,3.427038908,2.311278343
07:56:10,2.524875164,3.42655015,2.312287331
07:56:10,2.524965525,3.426552534,2.310220242
07:56:10,2.52478528,3.427337885,2.310473204
07:56:10,2.525164604,3.426777601,2.311829805
07:56:10,2.52520752,3.427177668,2.311460733
07:56:10,2.524827242,3.427018166,2.31201911
07:56:10,2.524820328,3.427514076,2.311348677
07:56:10,2.525196314,3.427029133,2.311882496
07:56:10,2.524801016,3.427352905,2.311040163
07:56:10,2.524788618,3.42621541,2.311422586
07:56:10,2.525250435,3.427003145,2.312291384
07:56:10,2.525219679,3.427351713,2.311555624
07:56:10,2.52495718,3.42655921,2.312925816
07:56:10,2.525421858,3.427315474,2.31225872
07:56:10,2.525078535,3.426885843,2.311248779
07:56:10,2.525163412,3.426790953,2.312959194
07:56:10,2.524876356,3.426666498,2.312362432
07:56:10,2.524855375,3.426873207,2.312731743
07:56:10,2.524859667,3.426852942,2.311650753
07:56:10,2.52572608,3.426718712,2.312721014
07:56:10,2.524584532,3.42719841,2.31232214
07:56:10,2.524993658,3.426246405,2.312545538
07:56:10,2.525210857,3.426855803,2.311874866
07:56:10,2.524147987,3.42628479,2.311601162
07:56:10,2.524532795,3.426995754,2.311762094
07:56:10,2.52524662,3.426873684,2.311321735
07:56:10,2.524726152,3.426788568,2.31222868
07:56:10,2.525439739,3.426768541,2.311662197
07:56:10,2.525198698,3.426626205,2.312377691
07:56:10,2.524227142,3.426798105,2.310677767
07:56:10,2.524350882,3.426749468,2.312343597
07:56:10,2.525568008,3.426407814,2.31276989
07:56:10,2.524908066,3.426767349,2.312067032
07:56:10,2.524764538,3.425930977,2.311008215
07:56:10,2.524215937,3.426380634,2.312124014
07:56:10,2.525049686,3.42701602,2.310799122
07:56:10,2.525417328,3.426389456,2.310611725
07:56:10,2.524419069,3.426728964,2.311751127
07:56:10,2.524756432,3.426718235,2.310490131
07:56:10,2.52449894,3.426154852,2.31132555
07:56:10,2.524579048,3.426553488,2.312112093
07:56:10,2.524871826,3.426738501,2.311428785
07:56:10,2.524315119,3.426669836,2.310652971
07:56:10,2.525140524,3.42742157,2.309998512
07:56:10,2.525740623,3.426684141,2.311243534
07:56:10,2.525301695,3.426769733,2.312714815
07:56:10,2.524816751,3.426696539,2.311876059
07:56:10,2.524858952,3.426542759,2.311229706
07:56:10,2.524857759,3.427158594,2.312274456
07:56:10,2.52499938,3.426454782,2.311736107
07:56:10,2.524668217,3.426716328,2.311560631
07:56:10,2.525232553,3.427598476,2.311082125
07:56:10,2.525089741,3.427119255,2.311909914
07:56:10,2.524496078,3.426534414,2.312279224
07:56:10,2.524791002,3.426584959,2.310557127
07:56:10,2.524914742,3.426567316,2.311923027
07:56:10,2.524914265,3.427227259,2.311017036
07:56:10,2.525166988,3.426027536,2.311540365
07:56:10,2.525071383,3.427467823,2.311968327
07:56:10,2.524678707,3.425795317,2.311615467
07:56:10,2.525192499,3.426484823,2.311561108
07:56:10,2.524788141,3.427264929,2.310716152
07:56:10,2.524458885,3.426809549,2.310606241
07:56:10,2.524227142,3.427298069,2.311935186
07:56:10,2.525088787,3.426724672,2.312472582
07:56:10,2.524068594,3.427080154,2.311267376
07:56:10,2.525078535,3.426275492,2.311638594
07:56:10,2.525016308,3.427006483,2.310691833
07:56:10,2.524515867,3.426463366,2.31217742
07:56:10,2.524583578,3.426191568,2.312073469
07:56:10,2.524989367,3.427270889,2.31152916
07:56:10,2.524910927,3.426588774,2.310945034
07:56:10,2.524445772,3.42588377,2.310934067
07:56:10,2.524782896,3.426877022,2.310516357
07:56:10,2.52517581,3.426818132,2.31235981
07:56:10,2.525170326,3.426355362,2.311772108
07:56:10,2.524231195,3.426343203,2.312313795
07:56:10,2.525031805,3.426696539,2.311121464
07:56:10,2.525121212,3.427349329,2.312308311
07:56:10,2.524070501,3.42653513,2.311645985
07:56:10,2.524758101,3.426832199,2.313182831
07:56:10,2.524577379,3.42644906,2.311155319
07:56:10,2.524704456,3.427299738,2.310899019
07:56:10,2.52379632,3.426916838,2.31236577
07:56:10,2.525195837,3.426352978,2.311467886
07:56:10,2.524608612,3.426659822,2.312277317
07:56:10,2.524634123,3.426264048,2.312583447
07:56:10,2.52485013,3.426207304,2.312011242
07:56:10,2.523976088,3.426603794,2.312164545
07:56:10,2.524749517,3.426241398,2.31110692
07:56:10,2.524594784,3.426826239,2.311422586
07:56:10,2.524856567,3.426877022,2.312816143
07:56:10,2.525477886,3.426389933,2.312841177
07:56:10,2.524886847,3.426753521,2.312100887
07:56:10,2.52473855,3.426207781,2.312067747
07:56:10,2.524919748,3.426808834,2.310887575
07:56:10,2.524929285,3.426669121,2.31138134
07:56:10,2.524499893,3.426396847,2.311107397
07:56:10,2.525010586,3.427451134,2.311257362
07:56:10,2.524458885,3.426598549,2.311911345
07:56:10,2.524531603,3.42696619,2.312473059
07:56:10,2.525512695,3.426537752,2.31263876
07:56:10,2.525302887,3.427108526,2.311800003
07:56:10,2.524612904,3.427195787,2.311883688
07:56:10,2.525086641,3.426972628,2.312110186
07:56:10,2.524714947,3.427131414,2.312373638
07:56:10,2.524633646,3.426978111,2.310450077
07:56:10,2.524761438,3.426829338,2.311709642
07:56:10,2.524404526,3.427250624,2.312472582
07:56:10,2.52513814,3.426564455,2.311658382
07:56:10,2.525625944,3.426877022,2.312269926
07:56:10,2.525049686,3.426499605,2.312298298
07:56:10,2.524856091,3.4266541,2.310552359
07:56:10,2.524264574,3.42732048,2.312201977
07:56:11,2.524398088,3.426565647,2.312134027
07:56:11,2.524976015,3.427129745,2.311548471
07:56:11,2.524622917,3.426864624,2.311799526
07:56:11,2.525128126,3.42634201,2.310579777
07:56:11,2.525272846,3.426525354,2.311582088
07:56:11,2.52404213,3.427041769,2.311506033
07:56:11,2.524716139,3.426553488,2.312424898
07:56:11,2.524955511,3.42688179,2.31137538
07:56:11,2.52457571,3.426553011,2.312093258
07:56:11,2.524449587,3.426452398,2.311508417
07:56:11,2.525008202,3.426258564,2.31132555
07:56:11,2.524930954,3.427464008,2.311609268
07:56:11,2.524706125,3.426946878,2.311442137
07:56:11,2.525453806,3.426892281,2.312429667
07:56:11,2.524929762,3.427375555,2.311371803
07:56:11,2.524931669,3.426418781,2.312139273
07:56:11,2.524651527,3.426340103,2.310869455
07:56:11,2.525194407,3.426473141,2.311712742
07:56:11,2.524690628,3.426598549,2.31122613
07:56:11,2.525465488,3.426749468,2.311908007
07:56:11,2.524998903,3.427444696,2.312865973
07:56:11,2.524662018,3.427233219,2.312506676
07:56:11,2.525210142,3.426630259,2.311116934
07:56:11,2.525075674,3.427365065,2.310876846
07:56:11,2.525129318,3.426515579,2.312085629
07:56:11,2.524838924,3.426642656,2.311467886
07:56:11,2.525475264,3.426809549,2.312559605
07:56:11,2.52545023,3.426733971,2.312521458
07:56:11,2.524344921,3.426897287,2.311197042
07:56:11,2.524312019,3.427279472,2.310663462
07:56:11,2.524951458,3.427062273,2.312530041
07:56:11,2.52581501,3.426670313,2.31345892
07:56:11,2.524450779,3.427294493,2.313313007
07:56:11,2.52498436,3.425907135,2.311936855
07:56:11,2.525169134,3.426266193,2.311442852
07:56:11,2.524834394,3.426526308,2.311891079
07:56:11,2.52436924,3.42691803,2.311234236
07:56:11,2.524744749,3.427166462,2.311764479
07:56:11,2.525141716,3.426356316,2.312556744
07:56:11,2.524772882,3.426994562,2.311517239
07:56:11,2.524533272,3.426978111,2.310868263
07:56:11,2.525010109,3.427314758,2.310972214
07:56:11,2.524558544,3.42722106,2.3121984
07:56:11,2.524533987,3.427166224,2.311766386
07:56:11,2.525024652,3.42659235,2.311905622
07:56:11,2.525010109,3.426832676,2.312480211
07:56:11,2.524028778,3.427411795,2.311668634
07:56:11,2.524329662,3.426721096,2.311784029
07:56:11,2.525016785,3.426728964,2.311393976
07:56:11,2.524207115,3.426818132,2.311730146
07:56:11,2.524424076,3.426708937,2.313223362
07:56:11,2.524702549,3.426589966,2.311711788
07:56:11,2.524679422,3.426485538,2.311690092
07:56:11,2.525178432,3.426434517,2.311664581
07:56:11,2.524626017,3.427303314,2.312042713
07:56:11,2.525397062,3.426762819,2.312889576
07:56:11,2.524589062,3.426758528,2.31289196
07:56:11,2.52495718,3.426430464,2.311580896
07:56:11,2.52522254,3.426649332,2.311139584
07:56:11,2.524092674,3.426239014,2.312113523
07:56:11,2.524918556,3.426567793,2.312261105
07:56:11,2.524581194,3.426428556,2.312311649
07:56:11,2.524823666,3.426869154,2.31115818
07:56:11,2.524891376,3.426478148,2.312188387
07:56:11,2.524750233,3.426826954,2.312259436
07:56:11,2.524868965,3.426551342,2.311997652
07:56:11,2.524806738,3.427111864,2.312449932
07:56:11,2.524303436,3.426499128,2.311520576
07:56:11,2.525159836,3.426676512,2.312851191
07:56:11,2.524399281,3.426692247,2.311730146
07:56:11,2.524718523,3.426285744,2.312197208
07:56:11,2.524809361,3.427558661,2.311620474
07:56:11,2.524503708,3.427532673,2.311628103
07:56:11,2.525339127,3.427086353,2.31229949
07:56:11,2.524370432,3.426268578,2.312145472
07:56:11,2.524517775,3.427102566,2.312046289
07:56:11,2.524106026,3.427017689,2.311389923
07:56:11,2.524771214,3.426876545,2.311728001
07:56:11,2.524903536,3.42648077,2.311980247
07:56:11,2.525224924,3.427107096,2.312222242
07:56:11,2.524920464,3.42731595,2.312003851
07:56:11,2.524501085,3.426627398,2.312505484
07:56:11,2.524761915,3.426394224,2.311702251
07:56:11,2.525193691,3.427166224,2.311356783
07:56:11,2.525028706,3.426823378,2.311955452
07:56:11,2.524945974,3.426915407,2.312138557
07:56:11,2.524943352,3.426718235,2.311544418
07:56:11,2.52577424,3.426363945,2.312134504
07:56:11,2.524686813,3.426757336,2.31262064
07:56:11,2.525095463,3.42639184,2.311986446
07:56:11,2.524848461,3.426415682,2.311815739
07:56:11,2.524284124,3.426872015,2.312628031
07:56:11,2.52482605,3.426965714,2.311268568
07:56:11,2.525192022,3.426975489,2.312452793
07:56:11,2.52448082,3.426514864,2.31200552
07:56:11,2.525262356,3.42595005,2.312932491
07:56:11,2.524089575,3.427372694,2.31279707
07:56:11,2.52427125,3.427142143,2.311184168
07:56:11,2.524758816,3.427000284,2.311018229
07:56:11,2.524689198,3.426570177,2.312752008
07:56:11,2.524909735,3.426422358,2.312661409
07:56:11,2.524416447,3.426775694,2.311548471
07:56:11,2.524330139,3.426867247,2.311827421
07:56:11,2.525161743,3.427198887,2.311919928
07:56:11,2.524905682,3.426287413,2.312395096
07:56:11,2.524919748,3.42675066,2.312372684
07:56:11,2.524525881,3.426456928,2.311943531
07:56:11,2.525154114,3.42695117,2.311745167
07:56:11,2.524669886,3.426576614,2.311266422
07:56:11,2.525174141,3.427311897,2.311961889
07:56:11,2.524938107,3.426774502,2.311401606
07:56:11,2.524945974,3.426714897,2.311651945
07:56:11,2.524318457,3.426937819,2.312506676
07:56:11,2.524639368,3.427064419,2.311419487
07:56:11,2.524435759,3.426930904,2.31077075
07:56:11,2.525313854,3.426236629,2.312176228
07:56:11,2.524758816,3.427654028,2.311966658
07:56:11,2.524274111,3.426719427,2.312401295
07:56:11,2.524454355,3.426417828,2.312063694
07:56:12,2.524541616,3.426501513,2.311846018
07:56:12,2.524278641,3.426577806,2.310492277
07:56:12,2.524629354,3.425765038,2.31206584
07:56:12,2.524258852,3.425989389,2.312882662
07:56:12,2.524206638,3.426935196,2.312876701
07:56:12,2.524451971,3.426241398,2.312783718
07:56:12,2.524914742,3.42658186,2.311076164
07:56:12,2.524568558,3.426518917,2.310169697
07:56:12,2.525166512,3.426584959,2.311054945
07:56:12,2.524489403,3.426708937,2.312614441
07:56:12,2.52458787,3.427185297,2.311763287
07:56:12,2.52502346,3.427046299,2.312744379
07:56:12,2.525078058,3.427187443,2.311641932
07:56:12,2.524795771,3.426323652,2.310919523
07:56:12,2.524385452,3.426941872,2.311291695
07:56:12,2.524682045,3.426942587,2.313440084
07:56:12,2.524786949,3.426589966,2.311504841
07:56:12,2.524688005,3.426367998,2.310559511
07:56:12,2.524834394,3.426603079,2.311654806
07:56:12,2.524596691,3.427392244,2.31096077
07:56:12,2.524168015,3.427283049,2.312007427
07:56:12,2.524448156,3.426833868,2.311223745
07:56:12,2.524786472,3.427120447,2.312039375
07:56:12,2.525118828,3.426461697,2.312174082
07:56:12,2.524764538,3.427111864,2.312232733
07:56:12,2.525058031,3.426576138,2.311834812
07:56:12,2.524541616,3.427182436,2.312608242
07:56:12,2.524573326,3.427214861,2.311745882
07:56:12,2.524895668,3.426716089,2.312303305
07:56:12,2.524626493,3.426758528,2.312010288
07:56:12,2.52555871,3.426211357,2.311747313
07:56:12,2.524474859,3.426644325,2.311342478
07:56:12,2.524805546,3.426876068,2.311168909
07:56:12,2.524198055,3.426801443,2.312895298
07:56:12,2.525897741,3.427369118,2.312674761
07:56:12,2.524817228,3.426973104,2.311999321
07:56:12,2.524597883,3.426789284,2.311567068
07:56:12,2.524590254,3.427309036,2.311533213
07:56:12,2.525236607,3.426941395,2.311452627
07:56:12,2.52470088,3.427668333,2.312660694
07:56:12,2.524890661,3.427191019,2.313107491
07:56:12,2.525474072,3.426529646,2.310623646
07:56:12,2.524761915,3.426167965,2.312692881
07:56:12,2.524745941,3.427279472,2.311546087
07:56:12,2.524426222,3.426335096,2.312073469
07:56:12,2.525362968,3.426155329,2.312817335
07:56:12,2.524795055,3.426597834,2.312402487
07:56:12,2.52560854,3.426941872,2.312423468
07:56:12,2.525192022,3.427026749,2.311122656
07:56:12,2.525150537,3.427312374,2.310786486
07:56:12,2.524216413,3.42696166,2.311535358
07:56:12,2.524728537,3.426540613,2.311428785
07:56:12,2.525082588,3.426549435,2.312197924
07:56:12,2.525405645,3.427061081,2.312136889
07:56:12,2.525237799,3.426692724,2.312461138
07:56:12,2.524742842,3.426964045,2.310863256
07:56:12,2.524414539,3.427121162,2.311048269
07:56:12,2.525269985,3.426627874,2.312133312
07:56:12,2.525027514,3.427267313,2.311739922
07:56:12,2.524932146,3.42707777,2.311825037
07:56:12,2.524493694,3.426934004,2.312036991
07:56:12,2.525072575,3.427286863,2.311686754
07:56:12,2.525292873,3.427311897,2.312479496
07:56:12,2.524639368,3.427536249,2.311831236
07:56:12,2.524646997,3.426483631,2.312916756
07:56:12,2.525014162,3.426887274,2.311762094
07:56:12,2.525159121,3.426324844,2.311804771
07:56:12,2.524378777,3.426772118,2.311826706
07:56:12,2.52489996,3.426335812,2.311434031
07:56:12,2.524655819,3.42677021,2.311918497
07:56:12,2.524720907,3.427113771,2.311807156
07:56:12,2.52486515,3.427692652,2.312222719
07:56:12,2.525264502,3.426361799,2.311608791
07:56:12,2.524085522,3.425878763,2.31142807
07:56:12,2.524337053,3.426926374,2.312743187
07:56:12,2.524460793,3.426636696,2.311964989
07:56:12,2.524635315,3.426921129,2.310996771
07:56:12,2.523956776,3.427143097,2.311728716
07:56:12,2.524765253,3.42722106,2.311524153
07:56:12,2.524599075,3.427270889,2.310729504
07:56:12,2.524674416,3.426944256,2.312834501
07:56:12,2.524135113,3.427199602,2.31213212
07:56:12,2.524231672,3.42724824,2.313294411
07:56:12,2.525230885,3.42668128,2.311094522
07:56:12,2.524912119,3.42662406,2.312621832
07:56:12,2.524876356,3.426466703,2.311734438
07:56:12,2.524824858,3.426897287,2.310246468
07:56:12,2.525219202,3.426488876,2.312247276
07:56:12,2.525482893,3.427086353,2.311259747
07:56:12,2.525305748,3.426706076,2.3117733
07:56:12,2.524595261,3.426355362,2.311530828
07:56:12,2.524650097,3.426783562,2.31197691
07:56:12,2.524620295,3.426887274,2.3116467
07:56:12,2.525487185,3.426598549,2.311825514
07:56:12,2.524399996,3.427098513,2.311939478
07:56:12,2.525145292,3.426686287,2.311587334
07:56:12,2.525813818,3.425989389,2.312348843
07:56:12,2.525158167,3.427148819,2.311892271
07:56:12,2.524262905,3.426391125,2.311772108
07:56:12,2.52462697,3.426615477,2.312490463
07:56:12,2.524726152,3.427344322,2.311369419
07:56:12,2.525340319,3.426702738,2.31295228
07:56:12,2.525402784,3.426424265,2.311689138
07:56:12,2.524996042,3.42658186,2.310896635
07:56:12,2.524887562,3.427082539,2.311657667
07:56:12,2.524343252,3.426406622,2.312153101
07:56:12,2.524541616,3.426325798,2.311679602
07:56:12,2.524894238,3.426606178,2.311150074
07:56:12,2.524933815,3.426450014,2.311223269
07:56:12,2.525207996,3.426889896,2.311748505
07:56:12,2.525571585,3.426783562,2.312894821
07:56:12,2.525008202,3.426677704,2.311787367
07:56:12,2.524639368,3.427293301,2.311760902
07:56:12,2.524985075,3.427260876,2.311136484
07:56:12,2.524298429,3.427087545,2.311304569
07:56:12,2.524867773,3.427097321,2.311291218
07:56:12,2.524800539,3.426603794,2.312923431
07:56:12,2.525131702,3.427262545,2.31144762
07:56:12,2.524617672,3.427414656,2.312344074
07:56:13,2.525061607,3.426832676,2.31269598
07:56:13,2.524996519,3.427052498,2.311147451
07:56:13,2.525245428,3.427716494,2.311467171
07:56:13,2.52533865,3.42699337,2.312159538
07:56:13,2.524673939,3.426806688,2.312440634
07:56:13,2.52513814,3.426742077,2.312958002
07:56:13,2.525009394,3.4270854,2.311292887
07:56:13,2.524607182,3.427494049,2.310982943
07:56:13,2.524895191,3.42674017,2.312289
07:56:13,2.525313377,3.426253557,2.313095331
07:56:13,2.524661541,3.426848173,2.310912371
07:56:13,2.525093794,3.426397324,2.312906027
07:56:13,2.525214911,3.427021265,2.311697245
07:56:13,2.525299311,3.427276611,2.31144166
07:56:13,2.524942636,3.427068949,2.310526848
07:56:13,2.525357723,3.427189827,2.312494993
07:56:13,2.525229454,3.427182913,2.31146431
07:56:13,2.525333643,3.426526308,2.31213522
07:56:13,2.52494216,3.427261353,2.311527729
07:56:13,2.525059223,3.427100182,2.311128378
07:56:13,2.524809361,3.427045584,2.312214613
07:56:13,2.524836063,3.427599669,2.311932325
07:56:13,2.525072575,3.426748753,2.311011076
07:56:13,2.524858952,3.426365137,2.311341047
07:56:13,2.524615288,3.427626371,2.311002016
07:56:13,2.524368286,3.425948381,2.310869455
07:56:13,2.524840832,3.426362276,2.311589003
07:56:13,2.52472353,3.42698884,2.312105894
07:56:13,2.524906397,3.426627398,2.311840296
07:56:13,2.524441242,3.427047014,2.312577724
07:56:13,2.52483654,3.427277088,2.31133008
07:56:13,2.524416924,3.426747084,2.311511755
07:56:13,2.524440765,3.426578283,2.311803818
07:56:13,2.524474859,3.426518202,2.312599182
07:56:13,2.524997711,3.426523447,2.311734438
07:56:13,2.525262833,3.427163839,2.311496973
07:56:13,2.525571585,3.426906109,2.312047958
07:56:13,2.52535367,3.425967216,2.311774969
07:56:13,2.525227308,3.426756859,2.311290026
07:56:13,2.525238991,3.427257299,2.312176943
07:56:13,2.525296926,3.426351786,2.311307907
07:56:13,2.524512768,3.426783085,2.311743021
07:56:13,2.524886847,3.426244974,2.312507391
07:56:13,2.525011301,3.426100731,2.311862707
07:56:13,2.524619341,3.426726103,2.312093973
07:56:13,2.524260521,3.426814795,2.312197208
07:56:13,2.524543285,3.427217484,2.311043262
07:56:13,2.524610758,3.426247597,2.311819077
07:56:13,2.525158167,3.427098513,2.312722921
07:56:13,2.524101257,3.426906586,2.311146975
07:56:13,2.524404049,3.427461624,2.311112404
07:56:13,2.525200844,3.426662207,2.312174082
07:56:13,2.524552107,3.426310062,2.312090874
07:56:13,2.524614811,3.426809549,2.312179327
07:56:13,2.524422884,3.426361799,2.312491655
07:56:13,2.524523258,3.427612543,2.311905146
07:56:13,2.524726152,3.426037788,2.312287331
07:56:13,2.524552822,3.426613092,2.31208396
07:56:13,2.524620295,3.426925421,2.311432838
07:56:13,2.524447441,3.426444769,2.312142611
07:56:13,2.524203777,3.426654816,2.31116581
07:56:13,2.525418282,3.426762819,2.311943531
07:56:13,2.523740053,3.426852226,2.312868595
07:56:13,2.524945021,3.426996469,2.312105417
07:56:13,2.524727345,3.426740885,2.313222408
07:56:13,2.524276257,3.426981688,2.311514616
07:56:13,2.524808645,3.426192284,2.311469316
07:56:13,2.524766922,3.427097321,2.312351704
07:56:13,2.525150537,3.426523447,2.312358618
07:56:13,2.524975061,3.426894188,2.311913729
07:56:13,2.524554014,3.426620007,2.311950922
07:56:13,2.524353743,3.427306175,2.312920332
07:56:13,2.524471998,3.426778316,2.311988831
07:56:13,2.525090933,3.426600218,2.311543941
07:56:13,2.524928093,3.427118778,2.311272621
07:56:13,2.52498436,3.426376581,2.311489105
07:56:13,2.5249722,3.426572561,2.311197042
07:56:13,2.524476051,3.426262856,2.312398672
07:56:13,2.525267839,3.426879406,2.312457323
07:56:13,2.525210857,3.426218748,2.311342955
07:56:13,2.52487421,3.427011251,2.311976433
07:56:13,2.523402214,3.426576614,2.311757565
07:56:13,2.524848938,3.42683959,2.311570883
07:56:13,2.525116205,3.426110268,2.312563896
07:56:13,2.524237633,3.426640272,2.312678099
07:56:13,2.524768829,3.427057505,2.311603546
07:56:13,2.525501966,3.426221132,2.311974049
07:56:13,2.524996519,3.426407099,2.311831236
07:56:13,2.525233746,3.427166224,2.311698437
07:56:13,2.525040865,3.42744422,2.312498093
07:56:13,2.525228977,3.426358223,2.311044455
07:56:13,2.525098324,3.425717115,2.311151266
07:56:13,2.52509141,3.426553488,2.31208849
07:56:13,2.525150537,3.426796198,2.312445879
07:56:13,2.524871826,3.426783085,2.311958075
07:56:13,2.525058031,3.426591635,2.311570406
07:56:13,2.524872541,3.426503181,2.311602354
07:56:13,2.524610281,3.426040888,2.310728312
07:56:13,2.525352001,3.426118135,2.311237574
07:56:13,2.525074482,3.427059889,2.311405182
07:56:13,2.52461648,3.4266541,2.311896324
07:56:13,2.524904251,3.427244902,2.312733412
07:56:13,2.524673939,3.426473141,2.312401295
07:56:13,2.524756432,3.426714182,2.312443733
07:56:13,2.524707794,3.426569462,2.310580254
07:56:13,2.525390625,3.426585436,2.311747789
07:56:13,2.524566889,3.426384926,2.31146431
07:56:13,2.524694443,3.426357508,2.312829733
07:56:13,2.524802208,3.427083015,2.311423779
07:56:13,2.524032831,3.426565647,2.311911345
07:56:13,2.524983883,3.426729679,2.312793255
07:56:13,2.525627613,3.426520586,2.311338663
07:56:13,2.524573326,3.426243067,2.31116271
07:56:13,2.524577379,3.427083731,2.312095165
07:56:13,2.524249315,3.426831007,2.310672283
07:56:13,2.52492094,3.426889896,2.312470198
07:56:14,2.524446249,3.42743206,2.311804771
07:56:14,2.524782181,3.427186966,2.312741995
07:56:14,2.524595261,3.426983595,2.311892271
07:56:14,2.524650097,3.426965237,2.311906815
07:56:14,2.524626493,3.427313566,2.31258297
07:56:14,2.524960279,3.426866293,2.312456608
07:56:14,2.525015831,3.427284241,2.31137538
07:56:14,2.524478436,3.427243233,2.311504364
07:56:14,2.524771214,3.426711321,2.312424898
07:56:14,2.525010586,3.426666021,2.312129259
07:56:14,2.524360418,3.426631451,2.311009884
07:56:14,2.525274515,3.426863909,2.311141253
07:56:14,2.524705648,3.427465677,2.312148333
07:56:14,2.524410963,3.427062273,2.311706305
07:56:14,2.525289536,3.426388741,2.310726404
07:56:14,2.525141239,3.427625895,2.312081099
07:56:14,2.525212526,3.42703557,2.311275005
07:56:14,2.524864197,3.426799297,2.31243968
07:56:14,2.524509907,3.426687479,2.311275482
07:56:14,2.525279045,3.42714262,2.311546087
07:56:14,2.525350332,3.426903725,2.311812162
07:56:14,2.524951458,3.426926374,2.312161922
07:56:14,2.525434494,3.426288605,2.311162233
07:56:14,2.524707794,3.426984787,2.31210041
07:56:14,2.525043011,3.427222729,2.311742306
07:56:14,2.525660992,3.427374363,2.31156826
07:56:14,2.52555728,3.426752329,2.31116581
07:56:14,2.524720192,3.426899672,2.312125206
07:56:14,2.525194407,3.426738501,2.311240435
07:56:14,2.52449131,3.426278353,2.311942816
07:56:14,2.524804354,3.42655468,2.312170029
07:56:14,2.52449131,3.427467346,2.311376572
07:56:14,2.524389982,3.426655293,2.311295271
07:56:14,2.524919271,3.426873207,2.311564684
07:56:14,2.52430582,3.426822901,2.311144114
07:56:14,2.524651527,3.426843166,2.311177254
07:56:14,2.524535179,3.427095175,2.312663078
07:56:14,2.524609804,3.426447868,2.311383724
07:56:14,2.524612904,3.426585913,2.311329365
07:56:14,2.524962664,3.427195072,2.312019587
07:56:14,2.525546074,3.426678419,2.311512947
07:56:14,2.525042295,3.427171469,2.312182188
07:56:14,2.524976015,3.426528692,2.311591864
07:56:14,2.525521755,3.426733971,2.311085939
07:56:14,2.524416924,3.426576138,2.311747313
07:56:14,2.524291039,3.42672801,2.31233716
07:56:14,2.524457932,3.426805019,2.311683178
07:56:14,2.525217295,3.42632699,2.311769247
07:56:14,2.525062084,3.427172661,2.31114316
07:56:14,2.525244236,3.42672801,2.311842203
07:56:14,2.523955584,3.426556349,2.311821222
07:56:14,2.525195837,3.426991701,2.311389208
07:56:14,2.524870157,3.427229166,2.311712265
07:56:14,2.525593996,3.426726818,2.311437607
07:56:14,2.525480986,3.426902771,2.312067747
07:56:14,2.525127172,3.426644325,2.310616255
07:56:14,2.524791718,3.427029848,2.311987638
07:56:14,2.524842024,3.426916361,2.311867476
07:56:14,2.524190903,3.427511692,2.312152147
07:56:14,2.524282217,3.427393436,2.312354565
07:56:14,2.525087118,3.426287413,2.311946392
07:56:14,2.52504158,3.426832199,2.312245846
07:56:14,2.524610758,3.42688942,2.31200552
07:56:14,2.5244174,3.426890612,2.3118608
07:56:14,2.524429083,3.426284075,2.311578751
07:56:14,2.523966551,3.427363396,2.310337305
07:56:14,2.52489996,3.426494122,2.311903477
07:56:14,2.525448561,3.42622757,2.311445236
07:56:14,2.524342537,3.427224636,2.311262131
07:56:14,2.525001764,3.42681551,2.312093973
07:56:14,2.525243044,3.426192284,2.311797619
07:56:14,2.525174141,3.426833391,2.311686754
07:56:14,2.525019407,3.426676512,2.312129736
07:56:14,2.525358438,3.42634201,2.311154842
07:56:14,2.524811029,3.42651701,2.31131959
07:56:14,2.52468729,3.427045584,2.312308311
07:56:14,2.524660587,3.426654816,2.312060833
07:56:14,2.52520895,3.427663803,2.311336994
07:56:14,2.524771214,3.426770926,2.312488794
07:56:14,2.525436878,3.427313566,2.311074018
07:56:14,2.524826765,3.426680088,2.310949564
07:56:14,2.524737358,3.426176548,2.311533213
07:56:14,2.524612904,3.426994562,2.31238842
07:56:14,2.524406433,3.426868439,2.312008381
07:56:14,2.524938583,3.426822901,2.311220169
07:56:14,2.524848461,3.426470757,2.312761068
07:56:14,2.524658918,3.427481174,2.312687874
07:56:14,2.524823427,3.426774502,2.311853886
07:56:14,2.524897575,3.42739296,2.311365128
07:56:14,2.525203705,3.42607832,2.311908007
07:56:14,2.524952173,3.42681551,2.312564373
07:56:14,2.524635792,3.426657915,2.311980724
07:56:14,2.524689674,3.426849842,2.312574863
07:56:14,2.524656534,3.426366091,2.313310623
07:56:14,2.52502346,3.426876545,2.311975241
07:56:14,2.525341272,3.426375628,2.312915087
07:56:14,2.5244596,3.427027941,2.312517405
07:56:14,2.525054693,3.427261353,2.311362028
07:56:14,2.524773359,3.425701618,2.312427759
07:56:14,2.524904251,3.426878929,2.311633825
07:56:14,2.524438143,3.426964521,2.311848879
07:56:14,2.525330305,3.426632643,2.311890602
07:56:14,2.524847746,3.427283049,2.311926126
07:56:14,2.524582386,3.426826954,2.312093973
07:56:14,2.524707317,3.426682949,2.311985254
07:56:14,2.525177002,3.426926851,2.311767578
07:56:14,2.524955511,3.426310062,2.311807632
07:56:14,2.524400473,3.426959276,2.311852217
07:56:14,2.524645805,3.42685461,2.310856104
07:56:14,2.524428368,3.42667222,2.312726259
07:56:14,2.525306225,3.42716217,2.312033176
07:56:14,2.52496767,3.426849842,2.311890125
07:56:14,2.525137901,3.427044153,2.312755823
07:56:14,2.523995161,3.426870823,2.311201096
07:56:14,2.525560617,3.426742554,2.311141968
07:56:14,2.525201321,3.427322865,2.312106609
07:56:14,2.524936914,3.427408218,2.311753511
07:56:14,2.525048018,3.426524639,2.310717821
07:56:14,2.525367737,3.42730093,2.312166929
07:56:15,2.525583982,3.426305056,2.311410189
07:56:15,2.524960279,3.426885843,2.312473774
07:56:15,2.525346518,3.426822901,2.312423468
07:56:15,2.524997711,3.426605225,2.310088396
07:56:15,2.525328636,3.427066565,2.311640024
07:56:15,2.524671078,3.426870823,2.311537027
07:56:15,2.525158405,3.426751137,2.311930656
07:56:15,2.525165319,3.426674366,2.312067032
07:56:15,2.525319338,3.426755905,2.312603951
07:56:15,2.525279999,3.427254677,2.311128378
07:56:15,2.52562809,3.42680335,2.310878038
07:56:15,2.525529385,3.426826,2.311537027
07:56:15,2.524443865,3.42627883,2.31184411
07:56:15,2.525669813,3.426594496,2.311253548
07:56:15,2.524767637,3.426781893,2.311305285
07:56:15,2.525292873,3.42729497,2.312360287
07:56:15,2.5246768,3.427049398,2.311794758
07:56:15,2.524128914,3.426731586,2.310945034
07:56:15,2.524070978,3.427734852,2.310304403
07:56:15,2.5254457,3.42686677,2.31230998
07:56:15,2.524070501,3.427313566,2.311663389
07:56:15,2.524852991,3.426548243,2.312572479
07:56:15,2.5244205,3.426507711,2.311302662
07:56:15,2.524852514,3.4265275,2.311567068
07:56:15,2.524679422,3.427526951,2.312031984
07:56:15,2.524824381,3.427700043,2.312514305
07:56:15,2.524538279,3.427406073,2.312308311
07:56:15,2.524539471,3.42697382,2.31259346
07:56:15,2.524971247,3.427078962,2.311035156
07:56:15,2.524998188,3.427080631,2.311659813
07:56:15,2.524935961,3.426984787,2.312534571
07:56:15,2.524098396,3.426960468,2.31184721
07:56:15,2.525470257,3.426272631,2.311062336
07:56:15,2.524631739,3.426832676,2.311126232
07:56:15,2.524730921,3.426997423,2.311910868
07:56:15,2.524952173,3.42621088,2.312081814
07:56:15,2.525624752,3.426184893,2.312279224
07:56:15,2.525120497,3.427283525,2.312104702
07:56:15,2.524389982,3.426673889,2.312178135
07:56:15,2.524640083,3.426863432,2.31215167
07:56:15,2.524306297,3.42675972,2.311800957
07:56:15,2.524265766,3.427096367,2.311760902
07:56:15,2.524736404,3.427514791,2.311710596
07:56:15,2.525359869,3.426472664,2.311068058
07:56:15,2.525918245,3.426384926,2.312916756
07:56:15,2.524482965,3.42655015,2.31133604
07:56:15,2.525289536,3.426362753,2.31163168
07:56:15,2.525017977,3.42670393,2.312353849
07:56:15,2.524260044,3.427217484,2.31172204
07:56:15,2.524626493,3.426627874,2.312469006
07:56:15,2.524828911,3.42626667,2.312777996
07:56:15,2.525257826,3.42603159,2.311291218
07:56:15,2.524612904,3.426289797,2.313007355
07:56:15,2.525226593,3.426872015,2.311859131
07:56:15,2.525164604,3.426666021,2.312384844
07:56:15,2.524908543,3.42646718,2.311879635
07:56:15,2.524871826,3.427526951,2.31089282
07:56:15,2.525380135,3.42738533,2.310642481
07:56:15,2.524417877,3.427226782,2.312779188
07:56:15,2.525077105,3.427060366,2.311897993
07:56:15,2.52494216,3.426693916,2.311384678
07:56:15,2.524223328,3.426846981,2.311463833
07:56:15,2.524691582,3.42714262,2.311033726
07:56:15,2.524766922,3.427186489,2.312236786
07:56:15,2.525090933,3.426255703,2.31181097
07:56:15,2.524477243,3.426154852,2.312020302
07:56:15,2.525156498,3.426460981,2.311551809
07:56:15,2.525134087,3.426482439,2.311630249
07:56:15,2.524895191,3.426350594,2.311445236
07:56:15,2.525363684,3.426735163,2.311620474
07:56:15,2.524707794,3.427122355,2.31213212
07:56:15,2.52518034,3.426621199,2.311558962
07:56:15,2.524703264,3.426885843,2.311303377
07:56:15,2.52504158,3.426333427,2.311500788
07:56:15,2.524662733,3.427122355,2.313280821
07:56:15,2.524741411,3.426441431,2.311422586
07:56:15,2.525760174,3.4269135,2.311576366
07:56:15,2.524949074,3.426703453,2.310884714
07:56:15,2.524688005,3.42723465,2.311718702
07:56:15,2.524624825,3.42729497,2.311219692
07:56:15,2.525839567,3.42645812,2.311820745
07:56:15,2.525151014,3.426804543,2.311383009
07:56:15,2.524838448,3.42663312,2.311719656
07:56:15,2.524808168,3.42728591,2.312966824
07:56:15,2.524689198,3.426974297,2.311956644
07:56:15,2.524893522,3.426146507,2.311521769
07:56:15,2.524381161,3.427016497,2.310805082
07:56:15,2.525470257,3.427045584,2.311327696
07:56:15,2.525093317,3.427030325,2.311859131
07:56:15,2.525314569,3.426362753,2.31229353
07:56:15,2.524803877,3.426811218,2.312450409
07:56:15,2.524729013,3.426923513,2.312407494
07:56:15,2.524114609,3.426395178,2.312242508
07:56:15,2.524409294,3.426673889,2.311429262
07:56:15,2.52488637,3.42626524,2.311483383
07:56:15,2.524378777,3.426716328,2.3119452
07:56:15,2.525252342,3.427411318,2.311636925
07:56:15,2.524170399,3.427373648,2.3110888
07:56:15,2.524976492,3.426749945,2.312006235
07:56:15,2.524958849,3.426592827,2.311236143
07:56:15,2.524602413,3.42688632,2.312051535
07:56:15,2.525228977,3.427088022,2.312252998
07:56:15,2.524809361,3.426699877,2.312142611
07:56:15,2.524680614,3.426288128,2.311769962
07:56:15,2.525267839,3.426271439,2.311820745
07:56:15,2.524906874,3.426476479,2.311350346
07:56:15,2.525313377,3.426237345,2.311491966
07:56:15,2.525068045,3.427128553,2.310745001
07:56:15,2.525241137,3.426650524,2.311275482
07:56:15,2.524965525,3.426555872,2.311150789
07:56:15,2.525004864,3.426722288,2.31118536
07:56:15,2.524647713,3.426959753,2.311993122
07:56:15,2.524792194,3.426647186,2.311883688
07:56:15,2.524413347,3.427156448,2.312014103
07:56:15,2.524472475,3.427107096,2.3124578
07:56:16,2.524185658,3.42696166,2.311177731
07:56:16,2.525210857,3.42711997,2.312578917
07:56:16,2.524766445,3.4266119,2.311267853
07:56:16,2.524170399,3.426902056,2.310910225
07:56:16,2.526156902,3.426439047,2.31171751
07:56:16,2.524569988,3.42738533,2.312193155
07:56:16,2.525197029,3.427084208,2.312541723
07:56:16,2.524550438,3.427020073,2.311760187
07:56:16,2.52508378,3.427663803,2.31156826
07:56:16,2.525274038,3.427148342,2.312059164
07:56:16,2.525020123,3.426339626,2.312335491
07:56:16,2.524873018,3.427203894,2.312309504
07:56:16,2.524784088,3.427760363,2.311865568
07:56:16,2.52513814,3.426817417,2.311273813
07:56:16,2.525102615,3.426884651,2.311709642
07:56:16,2.525139332,3.426167965,2.311610937
07:56:16,2.524527788,3.426747084,2.310778141
07:56:16,2.524655342,3.427467346,2.311816216
07:56:16,2.524799824,3.427082539,2.311627388
07:56:16,2.525149345,3.426074505,2.311108112
07:56:16,2.524578571,3.426680088,2.31190443
07:56:16,2.524976015,3.426687479,2.312194824
07:56:16,2.525086164,3.427212477,2.311852217
07:56:16,2.524693727,3.426761389,2.312767029
07:56:16,2.524152279,3.426462889,2.312756538
07:56:16,2.52470088,3.42665863,2.311097145
07:56:16,2.525024176,3.426727295,2.311519861
07:56:16,2.525172949,3.427075386,2.312039375
07:56:16,2.525147915,3.426755905,2.312105417
07:56:16,2.524809361,3.42642355,2.310736895
07:56:16,2.524481773,3.426118851,2.312093973
07:56:16,2.524960995,3.426697731,2.311703444
07:56:16,2.524296761,3.42660141,2.3114779
07:56:16,2.52426815,3.426492929,2.312241316
07:56:16,2.5252285,3.426814795,2.311579227
07:56:16,2.525144577,3.426788568,2.312052488
07:56:16,2.524731398,3.426218748,2.312170029
07:56:16,2.524389982,3.426794052,2.311619282
07:56:16,2.524643421,3.427070618,2.312387228
07:56:16,2.525489092,3.426598549,2.312348843
07:56:16,2.52513814,3.426653624,2.311051846
07:56:16,2.525280952,3.426728487,2.312080622
07:56:16,2.525431871,3.426597357,2.311142445
07:56:16,2.524980068,3.426971436,2.311912537
07:56:16,2.524962187,3.427147627,2.311957359
07:56:16,2.524565697,3.426171064,2.311314344
07:56:16,2.524714947,3.427378178,2.311972857
07:56:16,2.524904251,3.426405907,2.311566591
07:56:16,2.524661541,3.426700354,2.311273813
07:56:16,2.525691509,3.4270854,2.311171532
07:56:16,2.524806738,3.42737937,2.311780691
07:56:16,2.525529861,3.426995754,2.311726809
07:56:16,2.524896383,3.426898479,2.312152147
07:56:16,2.524409771,3.426183701,2.312416077
07:56:16,2.525120497,3.426309586,2.312531233
07:56:16,2.524677992,3.426712513,2.311680079
07:56:16,2.525078058,3.426657438,2.311864376
07:56:16,2.525166512,3.427168369,2.312532425
07:56:16,2.525360346,3.426650524,2.312506676
07:56:16,2.525230169,3.426823854,2.311701059
07:56:16,2.524774551,3.427620411,2.311939001
07:56:16,2.524988413,3.426851034,2.311218977
07:56:16,2.525036812,3.426734686,2.31220293
07:56:16,2.524737358,3.426543236,2.311969042
07:56:16,2.525615215,3.426964045,2.311836004
07:56:16,2.524383545,3.42671299,2.311558962
07:56:16,2.524744749,3.426542759,2.312401295
07:56:16,2.525360346,3.426621199,2.312239647
07:56:16,2.524702549,3.425981998,2.311779976
07:56:16,2.525051594,3.426610708,2.312277317
07:56:16,2.525137186,3.427038431,2.313129187
07:56:16,2.524766445,3.42654562,2.311508894
07:56:16,2.525268316,3.426273346,2.312180519
07:56:16,2.524212599,3.427420378,2.311728716
07:56:16,2.524953842,3.426561594,2.311171532
07:56:16,2.52534318,3.427019358,2.312861681
07:56:16,2.524992466,3.427109718,2.311825514
07:56:16,2.52468276,3.4266119,2.311767578
07:56:16,2.525078058,3.426962852,2.311867476
07:56:16,2.524787664,3.426743269,2.310920238
07:56:16,2.524461269,3.426552534,2.311745167
07:56:16,2.524160862,3.427310705,2.31201601
07:56:16,2.525148869,3.426010847,2.313802958
07:56:16,2.524440289,3.42651701,2.311510563
07:56:16,2.524363041,3.426430464,2.313026667
07:56:16,2.525397778,3.426525354,2.312344074
07:56:16,2.52482152,3.426972628,2.312041998
07:56:16,2.524461985,3.426894665,2.312425375
07:56:16,2.525354862,3.426463366,2.31220746
07:56:16,2.525472641,3.427212477,2.312666416
07:56:16,2.524379253,3.427201271,2.312444687
07:56:16,2.524313688,3.426900387,2.311686754
07:56:16,2.524481773,3.426228046,2.311174631
07:56:16,2.524545193,3.426612616,2.31133604
07:56:16,2.524886847,3.426732779,2.311663389
07:56:16,2.524779797,3.426911831,2.31130147
07:56:16,2.524825573,3.42646718,2.312367916
07:56:16,2.524761915,3.427021265,2.312483072
07:56:16,2.524768114,3.426595211,2.31275773
07:56:16,2.524977207,3.426545143,2.311803818
07:56:16,2.524498224,3.427125216,2.312564373
07:56:16,2.524936914,3.427006483,2.31223917
07:56:16,2.525081396,3.426974297,2.311733246
07:56:16,2.524796247,3.426781178,2.311767578
07:56:16,2.524523258,3.427219391,2.312269449
07:56:16,2.524788618,3.427171469,2.311008692
07:56:16,2.524426222,3.427348137,2.312033892
07:56:16,2.524675608,3.426583767,2.312299967
07:56:16,2.524899244,3.4269135,2.311382532
07:56:16,2.525119305,3.426580667,2.312291384
07:56:16,2.524730206,3.426902056,2.312993526
07:56:16,2.52449894,3.426640272,2.312230587
07:56:17,2.524907589,3.427291632,2.311795235
07:56:17,2.524222612,3.427052975,2.311820745
07:56:17,2.524458885,3.427502632,2.312162161
07:56:17,2.524324417,3.426512718,2.311535358
07:56:17,2.5246768,3.427001476,2.312615871
07:56:17,2.525088787,3.427016973,2.312937021
07:56:17,2.524632454,3.426478148,2.312088013
07:56:17,2.524696112,3.426735163,2.311095715
07:56:17,2.524733543,3.42670393,2.31172204
07:56:17,2.524574995,3.426816225,2.312275648
07:56:17,2.524948597,3.42692852,2.311444521
07:56:17,2.524315119,3.426773787,2.311584949
07:56:17,2.52489686,3.426869631,2.311849356
07:56:17,2.524748087,3.426370859,2.312772989
07:56:17,2.524454832,3.426483631,2.312247276
07:56:17,2.524418354,3.427069664,2.312061787
07:56:17,2.524964571,3.426855803,2.312638044
07:56:17,2.524962187,3.42752409,2.311243534
07:56:17,2.524280071,3.426697254,2.310596466
07:56:17,2.525009394,3.427160978,2.312596798
07:56:17,2.525050402,3.426555395,2.312389612
07:56:17,2.524989367,3.426613808,2.311404467
07:56:17,2.524888039,3.426318169,2.311356783
07:56:17,2.525046825,3.426926374,2.312687159
07:56:17,2.525043488,3.426935673,2.31307292
07:56:17,2.52554512,3.426899672,2.313251972
07:56:17,2.524780512,3.427791595,2.312033176
07:56:17,2.525226116,3.427227259,2.312142134
07:56:17,2.52464056,3.426949263,2.312145948
07:56:17,2.524323225,3.427221775,2.311640739
07:56:17,2.52543211,3.426208973,2.31232214
07:56:17,2.524641037,3.426665068,2.311836004
07:56:17,2.524682045,3.42683506,2.311533928
07:56:17,2.524814367,3.427428007,2.311693668
07:56:17,2.524455786,3.426995754,2.311633348
07:56:17,2.524552107,3.426572561,2.312418938
07:56:17,2.524378061,3.426932096,2.311411858
07:56:17,2.524801731,3.426494122,2.312115908
07:56:17,2.524558544,3.426766872,2.312672377
07:56:17,2.524891853,3.426633835,2.310838699
07:56:17,2.52500701,3.426553011,2.311475277
07:56:17,2.525385857,3.426568985,2.313348055
07:56:17,2.525100946,3.426273346,2.311831236
07:56:17,2.524958372,3.426910639,2.312722206
07:56:17,2.524460793,3.426314354,2.312483788
07:56:17,2.52487421,3.426637888,2.312089205
07:56:17,2.525004864,3.426426172,2.31166172
07:56:17,2.524990082,3.426806211,2.312200785
07:56:17,2.525182009,3.427664995,2.310980558
07:56:17,2.523555994,3.427079439,2.311920881
07:56:17,2.524630547,3.426901579,2.311365128
07:56:17,2.525090933,3.426752329,2.311886549
07:56:17,2.525025368,3.426749945,2.312794447
07:56:17,2.524697304,3.427283049,2.311701059
07:56:17,2.525126696,3.426843166,2.312931299
07:56:17,2.524238348,3.426298618,2.311095715
07:56:17,2.524096012,3.426218748,2.312399864
07:56:17,2.524998188,3.426995754,2.31256485
07:56:17,2.525210142,3.426392317,2.312376022
07:56:17,2.524856567,3.42616272,2.312155485
07:56:17,2.525135756,3.426343679,2.312378883
07:56:17,2.525347471,3.426714897,2.31176877
07:56:17,2.524282932,3.427291632,2.310520649
07:56:17,2.525337934,3.426388264,2.311464787
07:56:17,2.524724007,3.426187515,2.312682867
07:56:17,2.524395704,3.426894665,2.311194897
07:56:17,2.524487734,3.426722288,2.311522245
07:56:17,2.524248838,3.426852226,2.313298464
07:56:17,2.525318623,3.426620007,2.311511755
07:56:17,2.524395704,3.426567793,2.312488794
07:56:17,2.524813652,3.427200794,2.311942816
07:56:17,2.524504185,3.427061081,2.31140089
07:56:17,2.524771214,3.42670846,2.311230898
07:56:17,2.52501297,3.426939011,2.312046766
07:56:17,2.524457932,3.426742077,2.312448025
07:56:17,2.525411129,3.426722288,2.3118999
07:56:17,2.525401592,3.427023411,2.312114716
07:56:17,2.524402142,3.426693439,2.311223269
07:56:17,2.5249722,3.427282333,2.311770201
07:56:17,2.524751425,3.426781893,2.312581301
07:56:17,2.524316311,3.427387476,2.31246233
07:56:17,2.524683237,3.427226782,2.311901569
07:56:17,2.524493694,3.426572561,2.311391115
07:56:17,2.525263309,3.426912308,2.31169486
07:56:17,2.524658203,3.427196741,2.312462807
07:56:17,2.524103165,3.42688942,2.311143637
07:56:17,2.524808645,3.427336693,2.311756372
07:56:17,2.524504185,3.427357197,2.312555552
07:56:17,2.525056839,3.426476955,2.311616421
07:56:17,2.52503109,3.427136421,2.312740326
07:56:17,2.525214434,3.42714262,2.312039375
07:56:17,2.52551198,3.426898479,2.312351227
07:56:17,2.525120497,3.426826954,2.311397552
07:56:17,2.524815559,3.426625729,2.313365459
07:56:17,2.524907589,3.42628932,2.311873674
07:56:17,2.524616003,3.427008867,2.311138868
07:56:17,2.525130033,3.426683664,2.310846329
07:56:17,2.525070906,3.426651239,2.311689138
07:56:17,2.524822712,3.427514076,2.311607122
07:56:17,2.52464056,3.426630259,2.311759472
07:56:17,2.52415061,3.427237272,2.312468529
07:56:17,2.524908066,3.426571846,2.31286931
07:56:17,2.52410531,3.427154779,2.312375307
07:56:17,2.524842739,3.427462816,2.3121984
07:56:17,2.525413275,3.427136421,2.313088655
07:56:17,2.524523973,3.426379919,2.311439991
07:56:17,2.52512002,3.427346945,2.312416077
07:56:17,2.524208307,3.427260399,2.3115623
07:56:17,2.525345325,3.427333355,2.312098026
07:56:17,2.524085522,3.426951885,2.310701609
07:56:17,2.52430582,3.427011728,2.313805103
07:56:17,2.525105,3.427018881,2.31187129
07:56:17,2.52543211,3.426701546,2.312743664
07:56:17,2.524702549,3.426983595,2.312231779
07:56:17,2.525393248,3.426538229,2.311540365
07:56:17,2.525185823,3.426451921,2.310414553
07:56:17,2.524833441,3.427313089,2.312926292
07:56:17,2.524597883,3.426557541,2.312030077
07:56:17,2.52523613,3.426597357,2.311397791
07:56:18,2.524597883,3.426167488,2.312057972
07:56:18,2.525427341,3.426472664,2.313405991
07:56:18,2.5250597,3.426402569,2.312361479
07:56:18,2.524438381,3.426167488,2.312282562
07:56:18,2.52489996,3.426803827,2.312375307
07:56:18,2.524686098,3.427669525,2.311356306
07:56:18,2.525471449,3.426960468,2.312427282
07:56:18,2.524333715,3.427324533,2.312186003
07:56:18,2.525000095,3.427109718,2.311561108
07:56:18,2.524891853,3.426923037,2.312644482
07:56:18,2.524610281,3.426975012,2.312115431
07:56:18,2.525518179,3.426902056,2.312310696
07:56:18,2.524832249,3.427045584,2.312536955
07:56:18,2.525117397,3.427362919,2.312502384
07:56:18,2.524353743,3.426381826,2.312304735
07:56:18,2.524807453,3.427362919,2.311751127
07:56:18,2.524877548,3.427052498,2.311942816
07:56:18,2.525166512,3.426966667,2.312844515
07:56:18,2.524978876,3.426698923,2.312666893
07:56:18,2.525427341,3.426430464,2.311025143
07:56:18,2.524196625,3.427185297,2.310411215
07:56:18,2.525125027,3.427282333,2.310242653
07:56:18,2.524867773,3.42673111,2.312007427
07:56:18,2.525008917,3.427472591,2.312197208
07:56:18,2.525120497,3.42683053,2.312451124
07:56:18,2.524883747,3.426921844,2.31163168
07:56:18,2.52564311,3.426381826,2.311712265
07:56:18,2.525193214,3.427120447,2.311957359
07:56:18,2.523765326,3.427165031,2.312319279
07:56:18,2.524949789,3.426785946,2.311638594
07:56:18,2.524666548,3.427364111,2.31253171
07:56:18,2.52455163,3.426859856,2.311542749
07:56:18,2.524827242,3.427062273,2.312367439
07:56:18,2.525920868,3.427119255,2.312178612
07:56:18,2.524608612,3.427249908,2.312323809
07:56:18,2.525586605,3.426768064,2.312752485
07:56:18,2.524383545,3.426571369,2.312168598
07:56:18,2.525472641,3.42647481,2.311314344
07:56:18,2.525270462,3.426409483,2.312703133
07:56:18,2.525145292,3.426753998,2.311212301
07:56:18,2.524718523,3.4265275,2.311511755
07:56:18,2.524901867,3.426190376,2.312318563
07:56:18,2.525281668,3.426781178,2.312165737
07:56:18,2.524941444,3.426919937,2.312371016
07:56:18,2.524361372,3.426939487,2.311699867
07:56:18,2.525116682,3.426945925,2.311693192
07:56:18,2.524624109,3.426631451,2.31122613
07:56:18,2.525419474,3.426617622,2.312153578
07:56:18,2.524272919,3.427380562,2.312838316
07:56:18,2.524476528,3.427424192,2.311561108
07:56:18,2.525083303,3.427201986,2.31109643
07:56:18,2.525169611,3.426789761,2.312932014
07:56:18,2.524407625,3.426289797,2.312784433
07:56:18,2.524134159,3.426291227,2.31204319
07:56:18,2.525107384,3.427180767,2.311567783
07:56:18,2.525117397,3.426621199,2.31168437
07:56:18,2.524542809,3.427158594,2.312404633
07:56:18,2.524980068,3.426512718,2.311757088
07:56:18,2.525512695,3.426766157,2.311449051
07:56:18,2.525789738,3.426737785,2.312674284
07:56:18,2.524684906,3.426308393,2.311327457
07:56:18,2.524543285,3.426682949,2.311554909
07:56:18,2.525235415,3.427105427,2.311105967
07:56:18,2.524987698,3.427217484,2.312156677
07:56:18,2.52426815,3.427008152,2.310216665
07:56:18,2.525146961,3.427157879,2.313101053
07:56:18,2.524768114,3.426473141,2.312510252
07:56:18,2.524424076,3.427156925,2.312551975
07:56:18,2.524552822,3.42688632,2.311156988
07:56:18,2.525305033,3.426850557,2.311901569
07:56:18,2.525090218,3.426113844,2.311623335
07:56:18,2.524857759,3.427560329,2.310934544
07:56:18,2.52500248,3.427854061,2.311652422
07:56:18,2.525241852,3.426576614,2.312846184
07:56:18,2.524731398,3.426339626,2.311979532
07:56:18,2.524952173,3.426215887,2.311910868
07:56:18,2.524540424,3.426619291,2.311345816
07:56:18,2.524457932,3.426501989,2.310600042
07:56:18,2.524731398,3.427437782,2.312521458
07:56:18,2.52491641,3.427280664,2.311589479
07:56:18,2.524922132,3.426407099,2.312839031
07:56:18,2.525367737,3.427980423,2.312231064
07:56:18,2.524745226,3.426986456,2.312136889
07:56:18,2.524850845,3.426488876,2.311269045
07:56:18,2.52508378,3.426911831,2.311252356
07:56:18,2.524823427,3.427142143,2.312453985
07:56:18,2.525237322,3.426370144,2.312086821
07:56:18,2.524978399,3.426696539,2.311834097
07:56:19,2.525116682,3.426355839,2.311743021
07:56:19,2.524596214,3.426802158,2.312124491
07:56:19,2.524975061,3.42718935,2.313133717
07:56:19,2.524523258,3.426704645,2.312190533
07:56:19,2.524069786,3.426727295,2.310867071
07:56:19,2.524840832,3.426538944,2.311815739
07:56:19,2.523869514,3.426070452,2.311525345
07:56:19,2.524069786,3.426764727,2.313056469
07:56:19,2.525004148,3.426978111,2.311461926
07:56:19,2.524654388,3.426776171,2.312690973
07:56:19,2.524947882,3.427051783,2.310805559
07:56:19,2.524528265,3.426836729,2.310070753
07:56:19,2.524762869,3.426465988,2.312364578
07:56:19,2.525308609,3.427086353,2.309974432
07:56:19,2.52479434,3.427042961,2.311909914
07:56:19,2.524965525,3.427167654,2.311398983
07:56:19,2.526021004,3.426958084,2.312061548
07:56:19,2.525352955,3.427597284,2.312149048
07:56:19,2.524804831,3.427393436,2.31219244
07:56:19,2.524367332,3.426967144,2.312636375
07:56:19,2.525528908,3.427088737,2.311705828
07:56:19,2.525239944,3.426843166,2.312728167
07:56:19,2.52455163,3.427483559,2.310979366
07:56:19,2.524785757,3.425602913,2.311802149
07:56:19,2.524280548,3.427407742,2.312078238
07:56:19,2.525081396,3.426902771,2.312244177
07:56:19,2.52538538,3.427167654,2.311446905
07:56:19,2.524194956,3.426851749,2.311196089
07:56:19,2.524844885,3.427005529,2.310943365
07:56:19,2.524590731,3.426418304,2.311709881
07:56:19,2.524786472,3.427381754,2.312200785
07:56:19,2.525026321,3.426803827,2.311052322
07:56:19,2.524919748,3.426468372,2.31199646
07:56:19,2.525343657,3.427485704,2.310364723
07:56:19,2.524838924,3.427425861,2.31006217
07:56:19,2.525109529,3.426478863,2.31126976
07:56:19,2.524869442,3.426622391,2.312832117
07:56:19,2.524812222,3.427152872,2.312224865
07:56:19,2.524813414,3.427429199,2.310763121
07:56:19,2.525105476,3.426165342,2.311138391
07:56:19,2.524777651,3.426059961,2.311990499
07:56:19,2.524019957,3.427299261,2.311868668
07:56:19,2.524200201,3.425690413,2.312001467
07:56:19,2.524441242,3.426809549,2.311771393
07:56:19,2.525430679,3.427804947,2.312339544
07:56:19,2.525372982,3.426626682,2.312556267
07:56:19,2.524618387,3.427513599,2.313455105
07:56:19,2.524398088,3.426232815,2.31144762
07:56:19,2.524074793,3.427122355,2.311196089
07:56:19,2.524392843,3.426769018,2.31093049
07:56:19,2.525001287,3.426486969,2.311525822
07:56:19,2.5245049,3.426176548,2.31242156
07:56:19,2.524820328,3.426221609,2.312458754
07:56:19,2.524869442,3.427305698,2.312420368
07:56:19,2.524651527,3.426906586,2.312598705
07:56:19,2.524587393,3.427411795,2.311518431
07:56:19,2.524280071,3.426464081,2.312735319
07:56:19,2.525236607,3.426565647,2.311538219
07:56:19,2.525176287,3.426419973,2.311425924
07:56:19,2.524366617,3.426992893,2.312542439
07:56:19,2.524770021,3.426803827,2.312621832
07:56:19,2.524826765,3.427090406,2.310462952
07:56:19,2.524395227,3.426663876,2.311374187
07:56:19,2.524371147,3.42695117,2.310278893
07:56:19,2.524925232,3.427342415,2.313335657
07:56:19,2.525092125,3.427314758,2.312713623
07:56:19,2.524774551,3.426669121,2.3121171
07:56:19,2.524297953,3.426015377,2.312316895
07:56:19,2.523584366,3.426844358,2.311034679
07:56:19,2.524986029,3.426389933,2.311950922
07:56:19,2.524617672,3.426587582,2.311594963
07:56:19,2.524022818,3.426688671,2.311041355
07:56:19,2.524320126,3.426492929,2.31149745
07:56:19,2.525321245,3.426375628,2.311786652
07:56:19,2.524458647,3.42642355,2.311758757
07:56:19,2.524289608,3.426916838,2.310928106
07:56:19,2.52425766,3.426470757,2.312136173
07:56:19,2.52470088,3.426930904,2.311876535
07:56:19,2.524919748,3.426766872,2.311365128
07:56:19,2.524608612,3.426582575,2.31150198
07:56:19,2.525269508,3.427222729,2.312184334
07:56:19,2.525015831,3.427219391,2.310873508
07:56:19,2.525159121,3.426881075,2.311984539
07:56:19,2.525578499,3.428217173,2.311321259
07:56:19,2.524956703,3.427395344,2.31150198
07:56:19,2.524416924,3.426936626,2.312520266
07:56:19,2.525010586,3.427038431,2.309811115
07:56:19,2.52473855,3.426368475,2.312752485
07:56:19,2.524266243,3.426183701,2.311770916
07:56:19,2.524971247,3.426444292,2.310956478
07:56:19,2.525296926,3.426268578,2.312851191
07:56:19,2.525101423,3.426431656,2.310992002
07:56:19,2.525233746,3.426333904,2.311547279
07:56:19,2.524476528,3.426576138,2.312875748
07:56:19,2.524224997,3.427357197,2.312676907
07:56:19,2.524811745,3.426837921,2.313048601
07:56:19,2.525166512,3.426626205,2.313075542
07:56:19,2.525127888,3.426122427,2.311286688
07:56:19,2.524577379,3.427122355,2.311948061
07:56:19,2.525237322,3.427537203,2.311853886
07:56:19,2.524925709,3.427288532,2.312504292
07:56:19,2.524401665,3.426976919,2.311746597
07:56:19,2.525487661,3.426235676,2.311089516
07:56:19,2.524111748,3.426302671,2.312258244
07:56:19,2.525155306,3.425445557,2.312401295
07:56:19,2.525294542,3.427772045,2.311680794
07:56:19,2.524883032,3.426992893,2.311969519
07:56:19,2.525040388,3.426387072,2.311072111
07:56:19,2.524732351,3.427109003,2.312062502
07:56:19,2.525352001,3.426651716,2.312748432
07:56:19,2.524518251,3.427209616,2.311910868
07:56:19,2.52478981,3.426950455,2.311168909
07:56:19,2.525603056,3.426571369,2.312710762
07:56:19,2.524741888,3.426885366,2.312269449
07:56:19,2.52468729,3.426032782,2.311152935
07:56:19,2.524097204,3.427188635,2.313487291
07:56:19,2.5250597,3.427390814,2.313217163
07:56:19,2.524755239,3.427304983,2.311272144
07:56:19,2.525255919,3.427452326,2.310835123
07:56:19,2.52486372,3.426125526,2.31197238
07:56:19,2.524324894,3.425828218,2.312677622
07:56:19,2.524660587,3.426726103,2.311575413
07:56:19,2.525050879,3.426621675,2.312586784
07:56:19,2.525489092,3.42660737,2.311999798
07:56:19,2.524982452,3.426120043,2.312480211
07:56:19,2.524307251,3.426499128,2.312585115
07:56:19,2.524329662,3.427364588,2.311882496
07:56:19,2.52411294,3.427577019,2.312928915
07:56:19,2.525768757,3.427676678,2.31243968
07:56:19,2.52448988,3.426826,2.312089682
07:56:19,2.524853945,3.426102161,2.312248468
07:56:19,2.5246768,3.426424742,2.312470198
07:56:19,2.524885654,3.427190304,2.312623501
07:56:20,2.524394512,3.4263587,2.310897112
07:56:20,2.52473402,3.427264452,2.31236577
07:56:20,2.523889303,3.425745964,2.312872648
07:56:20,2.525368929,3.426497936,2.311417103
07:56:20,2.524606466,3.426568508,2.310649157
07:56:20,2.523774624,3.427289724,2.311615467
07:56:20,2.525236607,3.426749945,2.312250137
07:56:20,2.525176287,3.427056789,2.312039375
07:56:20,2.525244951,3.426213741,2.311449528
07:56:20,2.525026321,3.425772667,2.311412573
07:56:20,2.52448082,3.426711321,2.311773777
07:56:20,2.525079012,3.426798582,2.311488152
07:56:20,2.524554491,3.427637577,2.31248641
07:56:20,2.525102615,3.427819729,2.311752796
07:56:20,2.52498436,3.426121235,2.313261747
07:56:20,2.524646997,3.426314354,2.312034369
07:56:20,2.525067329,3.426450014,2.310315847
07:56:20,2.52474761,3.428081512,2.311633825
07:56:20,2.524564981,3.427196741,2.312696695
07:56:20,2.52523303,3.427086353,2.311320543
07:56:20,2.524843931,3.425950766,2.312578201
07:56:20,2.525063276,3.426649332,2.311647892
07:56:20,2.52550149,3.427118778,2.311251163
07:56:20,2.525526524,3.426672697,2.311662197
07:56:20,2.524857759,3.425767899,2.311182499
07:56:20,2.524477243,3.42577529,2.311630249
07:56:20,2.525396585,3.427116156,2.311239958
07:56:20,2.525415182,3.426874399,2.311453819
07:56:20,2.523812056,3.42717886,2.31337738
07:56:20,2.525303364,3.427942514,2.310394287
07:56:20,2.525478601,3.427774906,2.312082052
07:56:20,2.524305105,3.427306652,2.312534571
07:56:20,2.525073767,3.426438332,2.312005043
07:56:20,2.524675608,3.426822901,2.311610937
07:56:20,2.52457571,3.427462101,2.310858965
07:56:20,2.524647713,3.426627398,2.312379599
07:56:20,2.524898052,3.426129818,2.312021732
07:56:20,2.524475336,3.425940752,2.312101603
07:56:20,2.525548697,3.425923586,2.312571764
07:56:20,2.524853706,3.425862312,2.312710762
07:56:20,2.524056196,3.426946402,2.312574387
07:56:20,2.525132895,3.426883459,2.31273675
07:56:20,2.524718523,3.425929785,2.312125683
07:56:20,2.525500298,3.426570654,2.311952591
07:56:20,2.525248289,3.426469088,2.312126398
07:56:20,2.525344133,3.425902128,2.310329914
07:56:20,2.524768829,3.426722288,2.311565399
07:56:20,2.5250597,3.42692852,2.313153982
07:56:20,2.525036573,3.427628994,2.31284833
07:56:20,2.524995565,3.427030325,2.310832977
07:56:20,2.525020123,3.426192284,2.310666084
07:56:20,2.524987221,3.426683664,2.3110919
07:56:20,2.524282217,3.426505566,2.312858105
07:56:20,2.524600267,3.426546574,2.311649323
07:56:20,2.524605989,3.426751137,2.311374187
07:56:20,2.524577379,3.42697382,2.311068058
07:56:20,2.524605274,3.426942587,2.311220884
07:56:20,2.525364876,3.426857471,2.31216073
07:56:20,2.524710178,3.426650047,2.310142756
07:56:20,2.524135113,3.426127911,2.313897133
07:56:20,2.525198698,3.426591158,2.313516378
07:56:20,2.524716139,3.425720453,2.311950445
07:56:20,2.524769306,3.425499678,2.310265541
07:56:20,2.524673939,3.426873684,2.311969519
07:56:20,2.525184631,3.427227974,2.314283609
07:56:20,2.525339842,3.42777133,2.313210726
07:56:20,2.525082588,3.427096367,2.311397552
07:56:20,2.526162863,3.427680731,2.312574863
07:56:20,2.524193764,3.427017689,2.312088013
07:56:20,2.524440765,3.42718482,2.31165719
07:56:20,2.524428368,3.427530289,2.310301304
07:56:20,2.524673939,3.425915956,2.313117981
07:56:20,2.525096178,3.426831007,2.312242508
07:56:20,2.524496078,3.426306009,2.312724113
07:56:20,2.525342464,3.426799297,2.312870979
07:56:20,2.525032997,3.427326202,2.309238434
07:56:20,2.524739504,3.426709652,2.310522795
07:56:20,2.524690628,3.425994635,2.312155962
07:56:20,2.524242401,3.426194668,2.312137365
07:56:20,2.525021315,3.426465988,2.31197834
07:56:20,2.524449587,3.426990509,2.312692165
07:56:20,2.525255919,3.426399231,2.312277317
07:56:20,2.524880648,3.426897287,2.311461926
07:56:20,2.525327444,3.426366806,2.312846661
07:56:20,2.524544477,3.427430391,2.311651945
07:56:20,2.524983883,3.427727938,2.311802149
07:56:20,2.524775743,3.427401543,2.312418461
07:56:20,2.525392771,3.427163839,2.312434673
07:56:20,2.524833679,3.425788879,2.311551332
07:56:20,2.524743557,3.426570177,2.312702656
07:56:20,2.525136709,3.426948071,2.313769102
07:56:20,2.524814844,3.427066565,2.312603951
07:56:20,2.524323702,3.426773787,2.312054396
07:56:20,2.525170803,3.426265717,2.312633514
07:56:20,2.524680614,3.425876617,2.310674906
07:56:20,2.524424553,3.426577091,2.310857058
07:56:20,2.524156809,3.426800251,2.312513828
07:56:20,2.524743557,3.426034451,2.312647343
07:56:20,2.523920536,3.426045418,2.311516047
07:56:20,2.524400949,3.427203894,2.311068058
07:56:20,2.525198221,3.426482439,2.311340332
07:56:20,2.525308132,3.427247047,2.311011791
07:56:20,2.524405718,3.427029848,2.312004328
07:56:20,2.524630547,3.426422358,2.312797785
07:56:20,2.524307251,3.426265717,2.310847521
07:56:20,2.52466321,3.42627883,2.312231779
07:56:20,2.524724722,3.426929712,2.312045097
07:56:20,2.524109602,3.426754713,2.310861588
07:56:20,2.524123669,3.427176714,2.311826706
07:56:20,2.525060892,3.427226782,2.312218666
07:56:20,2.525234222,3.426960468,2.312688351
07:56:20,2.524247169,3.427038908,2.3106215
07:56:20,2.52483654,3.428116083,2.31098175
07:56:20,2.524796963,3.427112579,2.312655926
07:56:20,2.525412083,3.42592001,2.312212944
07:56:21,2.524782181,3.426213741,2.312998772
07:56:21,2.524489403,3.426223993,2.312031507
07:56:21,2.524893522,3.427166224,2.311772108
07:56:21,2.525468588,3.426103354,2.313346148
07:56:21,2.524991274,3.427584887,2.311401606
07:56:21,2.52433753,3.426802158,2.311609268
07:56:21,2.525180817,3.42616272,2.312058449
07:56:21,2.524413347,3.425953627,2.311436892
07:56:21,2.525078535,3.427352905,2.310569763
07:56:21,2.524220943,3.426887274,2.31217289
07:56:21,2.52498436,3.427157879,2.31189394
07:56:21,2.524812698,3.426697254,2.310361862
07:56:21,2.525102615,3.425374746,2.312414885
07:56:21,2.523913145,3.428504229,2.311837673
07:56:21,2.524853706,3.427878141,2.311002493
07:56:21,2.525074959,3.42633462,2.310458899
07:56:21,2.52478528,3.427016497,2.312971354
07:56:21,2.524838448,3.426813126,2.312330961
07:56:21,2.525065899,3.425354242,2.312453985
07:56:21,2.523974895,3.427050114,2.312728167
07:56:21,2.524316788,3.427658558,2.311098337
07:56:21,2.524438381,3.427083731,2.310428619
07:56:21,2.525121689,3.426631451,2.313904762
07:56:21,2.52475071,3.425668001,2.311956167
07:56:21,2.525144577,3.426086903,2.311510086
07:56:21,2.524299145,3.426512003,2.312606096
07:56:21,2.525010586,3.425655127,2.312105417
07:56:21,2.524841309,3.427142143,2.312538862
07:56:21,2.524160862,3.42691803,2.311089993
07:56:21,2.525191307,3.425799131,2.313148499
07:56:21,2.525509357,3.427052975,2.313818932
07:56:21,2.525460958,3.426201582,2.311877251
07:56:21,2.524448395,3.429251671,2.310176134
07:56:21,2.524938107,3.42744875,2.312340736
07:56:21,2.526117802,3.426590443,2.311504841
07:56:21,2.525002956,3.425604105,2.313073874
07:56:21,2.524986029,3.426673889,2.31121397
07:56:21,2.524389982,3.428644657,2.310641766
07:56:21,2.525559425,3.427834988,2.312083244
07:56:21,2.524881363,3.42756772,2.310711622
07:56:21,2.525177002,3.426666021,2.312834501
07:56:21,2.525098324,3.425251245,2.31299758
07:56:21,2.524829626,3.425632238,2.311749935
07:56:21,2.524345398,3.426051855,2.312203407
07:56:21,2.525277138,3.428467512,2.312588692
07:56:21,2.525456905,3.426116467,2.311866283
07:56:21,2.524761438,3.426280022,2.311467886
07:56:21,2.524745941,3.425788879,2.312518597
07:56:21,2.524881363,3.425284863,2.31283617
07:56:21,2.5249722,3.427381039,2.311805248
07:56:21,2.524361849,3.426656246,2.311286688
07:56:21,2.525232553,3.427868366,2.313067436
07:56:21,2.524374962,3.426464558,2.311345339
07:56:21,2.52504468,3.427390337,2.31195879
07:56:21,2.524923325,3.427028656,2.311142445
07:56:21,2.525093794,3.42755127,2.312079906
07:56:21,2.525126696,3.426688671,2.313077688
07:56:21,2.524960279,3.426707268,2.311333656
07:56:21,2.525068521,3.425589323,2.311250448
07:56:21,2.525986671,3.426081896,2.311986923
07:56:21,2.524821043,3.426991701,2.312399864
07:56:21,2.524742603,3.426136732,2.313157558
07:56:21,2.524626493,3.42581749,2.311783552
07:56:21,2.525045395,3.425718069,2.312475204
07:56:21,2.524546862,3.426388741,2.312327862
07:56:21,2.52461648,3.42579484,2.311139584
07:56:21,2.525182724,3.426415443,2.312554598
07:56:21,2.524247646,3.426995754,2.311334848
07:56:21,2.525252819,3.425732374,2.311951876
07:56:21,2.524350166,3.42656517,2.311421871
07:56:21,2.524958849,3.427563429,2.311740637
07:56:21,2.525190353,3.428212404,2.311771393
07:56:21,2.524895191,3.427624702,2.311174631
07:56:21,2.525259495,3.427688122,2.31073308
07:56:21,2.525849581,3.426407814,2.311421871
07:56:21,2.5250175,3.427244425,2.313024282
07:56:21,2.524775743,3.427598953,2.310976028
07:56:21,2.523243904,3.427366734,2.311276197
07:56:21,2.524968386,3.426885366,2.312353849
07:56:21,2.52564764,3.426639795,2.312440634
07:56:21,2.525454998,3.425470352,2.311648846
07:56:21,2.525172234,3.426855326,2.311717033
07:56:21,2.524282217,3.427033901,2.311057091
07:56:21,2.524691105,3.427734375,2.310724735
07:56:21,2.524707794,3.426455975,2.310754299
07:56:21,2.525428534,3.426021814,2.312018394
07:56:21,2.525341988,3.425791264,2.312272787
07:56:21,2.524974346,3.426584244,2.311679602
07:56:21,2.524392843,3.427530289,2.310750008
07:56:21,2.525224209,3.427336693,2.310636044
07:56:21,2.525577784,3.426920652,2.31209445
07:56:21,2.525602579,3.426532745,2.310748816
07:56:21,2.52481842,3.426252365,2.313526869
07:56:21,2.523749828,3.426894188,2.312137365
07:56:21,2.524804831,3.427070141,2.311753511
07:56:21,2.524727345,3.426228046,2.31150198
07:56:21,2.524966478,3.426632643,2.311554432
07:56:21,2.524955988,3.426819324,2.311672688
07:56:21,2.524457932,3.426851034,2.31078124
07:56:21,2.525177002,3.426668644,2.312591076
07:56:21,2.524688005,3.427357197,2.311242342
07:56:21,2.524873734,3.427043676,2.310794353
07:56:21,2.52502799,3.426231146,2.312160015
07:56:21,2.524790525,3.427194595,2.31321311
07:56:21,2.524925232,3.426956415,2.311203957
07:56:21,2.525068521,3.427358389,2.312895298
07:56:21,2.524309158,3.427774906,2.312042713
07:56:21,2.525359869,3.426801443,2.311424255
07:56:21,2.525721312,3.426242113,2.312182188
07:56:21,2.52481842,3.427629709,2.312592983
07:56:21,2.524689674,3.427086353,2.31167388
07:56:21,2.524509907,3.426798105,2.311789036
07:56:21,2.524713755,3.427032709,2.311411381
07:56:21,2.524863005,3.426882267,2.310823917
07:56:21,2.524880648,3.426445484,2.312121868
07:56:21,2.524306774,3.427011251,2.312377214
07:56:21,2.525050879,3.427255154,2.310728312
07:56:21,2.524813414,3.425937176,2.310543537
07:56:21,2.52492404,3.426983595,2.31200099
07:56:22,2.525062561,3.426235676,2.311570406
07:56:22,2.525235415,3.426847458,2.311694384
07:56:22,2.524996519,3.425970793,2.31169486
07:56:22,2.524709702,3.427381754,2.312631845
07:56:22,2.524644613,3.426537275,2.311224937
07:56:22,2.524878263,3.426869154,2.3096416
07:56:22,2.524558067,3.426481962,2.313699961
07:56:22,2.525367737,3.426682949,2.312799454
07:56:22,2.525308609,3.427654028,2.312724113
07:56:22,2.525005341,3.425967216,2.311262608
07:56:22,2.525199652,3.426123619,2.311918974
07:56:22,2.524521112,3.426429749,2.310801506
07:56:22,2.524068594,3.428186417,2.310975552
07:56:22,2.524758101,3.427248716,2.313009739
07:56:22,2.524421692,3.427825212,2.312095642
07:56:22,2.524758816,3.426377058,2.312302828
07:56:22,2.52500701,3.426535606,2.312371016
07:56:22,2.525097609,3.425476789,2.312252522
07:56:22,2.524965048,3.426786184,2.310769081
07:56:22,2.524451256,3.427258015,2.311160326
07:56:22,2.525214911,3.427035093,2.312153101
07:56:22,2.52458024,3.425939083,2.312502861
07:56:22,2.525020599,3.425863504,2.31276989
07:56:22,2.524298429,3.427938938,2.310889721
07:56:22,2.524091482,3.427541733,2.310528517
07:56:22,2.524497271,3.427634478,2.310898304
07:56:22,2.524761915,3.426855803,2.312144279
07:56:22,2.525514126,3.427124739,2.312124014
07:56:22,2.524332523,3.426978827,2.311823845
07:56:22,2.525035858,3.427702427,2.311929464
07:56:22,2.524652004,3.427084923,2.311959267
07:56:22,2.524225235,3.426902771,2.311355114
07:56:22,2.524783134,3.425874472,2.312295914
07:56:22,2.525515318,3.426792145,2.312822104
07:56:22,2.524838924,3.426827431,2.31143117
07:56:22,2.525142908,3.426640987,2.310985565
07:56:22,2.525056839,3.426349878,2.312137365
07:56:22,2.52468276,3.427242041,2.312185526
07:56:22,2.525033474,3.426312447,2.310676575
07:56:22,2.524563313,3.425686836,2.311495066
07:56:22,2.525683403,3.426418781,2.312585115
07:56:22,2.525144577,3.426473618,2.311823368
07:56:22,2.524896383,3.427684784,2.312377214
07:56:22,2.525047302,3.425822496,2.312372684
07:56:22,2.524938583,3.426357031,2.31204319
07:56:22,2.524922132,3.427470684,2.31073308
07:56:22,2.524695635,3.427959204,2.311740637
07:56:22,2.525537014,3.427593946,2.311898708
07:56:22,2.524661541,3.427836895,2.310805559
07:56:22,2.524992466,3.426641464,2.311378717
07:56:22,2.524315119,3.427749395,2.312514782
07:56:22,2.524932146,3.427102566,2.311424732
07:56:22,2.524798155,3.427990437,2.31107688
07:56:22,2.524965525,3.428336859,2.312007427
07:56:22,2.5248034,3.426576138,2.311553001
07:56:22,2.524862528,3.426216364,2.313575506
07:56:22,2.524814367,3.426411152,2.311836004
07:56:22,2.524590731,3.427623987,2.309710741
07:56:22,2.525038004,3.427026749,2.312193632
07:56:22,2.524961472,3.426464081,2.312229872
07:56:22,2.524584532,3.426413536,2.311036825
07:56:22,2.524688005,3.425792933,2.312826157
07:56:22,2.524534464,3.425265551,2.312246799
07:56:22,2.524691582,3.427138329,2.311187506
07:56:22,2.52431035,3.427173853,2.312216282
07:56:22,2.525069714,3.426367998,2.311458111
07:56:22,2.525239229,3.425634146,2.31109643
07:56:22,2.524607897,3.426528692,2.311653614
07:56:22,2.524461269,3.426374435,2.311378717
07:56:22,2.523789406,3.425806046,2.312055111
07:56:22,2.524947166,3.425656796,2.312795877
07:56:22,2.524996042,3.426319838,2.312811852
07:56:22,2.524353027,3.425778866,2.311205864
07:56:22,2.525413275,3.425678968,2.310616255
07:56:22,2.524283409,3.427535534,2.31175971
07:56:22,2.524531603,3.428022385,2.312034369
07:56:22,2.524517059,3.427122831,2.312082767
07:56:22,2.52537775,3.426222801,2.31233263
07:56:22,2.524789333,3.427059174,2.31188488
07:56:22,2.525368214,3.42719841,2.311783552
07:56:22,2.525103807,3.426281214,2.311687946
07:56:22,2.5245049,3.427126646,2.312323809
07:56:22,2.525079727,3.429076433,2.311620474
07:56:22,2.524116516,3.427716494,2.311165094
07:56:22,2.524933338,3.42607522,2.311842203
07:56:22,2.525533438,3.427582979,2.312541246
07:56:22,2.525350332,3.42851758,2.31003499
07:56:22,2.524926186,3.427128553,2.310545206
07:56:22,2.524926186,3.427077293,2.312493563
07:56:22,2.524563313,3.427061081,2.312278509
07:56:22,2.525436163,3.425648212,2.312378883
07:56:22,2.524652719,3.427018881,2.311034679
07:56:22,2.524557352,3.427490473,2.312080622
07:56:22,2.525043488,3.428113461,2.312182665
07:56:22,2.52530098,3.426681757,2.311384201
07:56:22,2.524739504,3.424657822,2.311581612
07:56:22,2.525169134,3.425495625,2.312954664
07:56:22,2.525296926,3.426569462,2.311966181
07:56:22,2.524548531,3.426655293,2.311299801
07:56:22,2.524604082,3.425870895,2.312290192
07:56:22,2.524483681,3.426035404,2.313161373
07:56:22,2.524696112,3.424919605,2.312525988
07:56:22,2.524704456,3.426095486,2.310213089
07:56:22,2.524282932,3.426896334,2.311366796
07:56:22,2.524788618,3.426811934,2.312983751
07:56:22,2.523847342,3.426497459,2.312938213
07:56:22,2.52527833,3.427068472,2.312143564
07:56:22,2.524589062,3.426672697,2.311412573
07:56:22,2.525444984,3.426894188,2.311248779
07:56:22,2.52448988,3.428577185,2.311100006
07:56:22,2.525105,3.428548098,2.311650753
07:56:22,2.524380445,3.428158045,2.312210798
07:56:22,2.524179697,3.426219225,2.312161207
07:56:22,2.525062561,3.427063227,2.312280178
07:56:22,2.525124311,3.42866993,2.31041193
07:56:22,2.52417922,3.427972555,2.312250853
07:56:23,2.524549961,3.428146362,2.310949564
07:56:23,2.524696112,3.426510096,2.310928106
07:56:23,2.525329113,3.426457644,2.311098814
07:56:23,2.524523258,3.427051306,2.312361002
07:56:23,2.524430275,3.425959826,2.311444521
07:56:23,2.524555683,3.426101685,2.311203957
07:56:23,2.525208712,3.426781893,2.313925743
07:56:23,2.525943279,3.425224543,2.313151121
07:56:23,2.524931669,3.426621675,2.31054759
07:56:23,2.524149179,3.426020145,2.310424566
07:56:23,2.5245049,3.425580263,2.311583996
07:56:23,2.524170399,3.426667213,2.312367439
07:56:23,2.523777723,3.425862312,2.311237097
07:56:23,2.525570393,3.4264009,2.312627554
07:56:23,2.524707317,3.42612052,2.312628031
07:56:23,2.524723053,3.427556515,2.311849356
07:56:23,2.524639368,3.427463293,2.310318947
07:56:23,2.52422142,3.42689538,2.311538696
07:56:23,2.525170803,3.426486969,2.311981678
07:56:23,2.524602413,3.427165747,2.312308311
07:56:23,2.524685621,3.427180767,2.310681343
07:56:23,2.525411129,3.426855326,2.312188387
07:56:23,2.525007725,3.426886797,2.310518265
07:56:23,2.52591753,3.427148342,2.311655521
07:56:23,2.524332523,3.427256346,2.310311794
07:56:23,2.524320841,3.427808285,2.310404301
07:56:23,2.524881363,3.426392317,2.312621355
07:56:23,2.525148869,3.427538395,2.311740637
07:56:23,2.52457118,3.428057194,2.309646845
07:56:23,2.524587393,3.42578125,2.312359333
07:56:23,2.524780989,3.4258883,2.311543226
07:56:23,2.524201393,3.426325798,2.311905146
07:56:23,2.525005341,3.426844358,2.311532021
07:56:23,2.524965048,3.42630887,2.311063051
07:56:23,2.524405241,3.427133799,2.31024766
07:56:23,2.524928093,3.426858187,2.310520649
07:56:23,2.525259495,3.427137613,2.31148839
07:56:23,2.525226116,3.426944256,2.311643124
07:56:23,2.52408433,3.427107573,2.311893463
07:56:23,2.524692535,3.427258015,2.312499285
07:56:23,2.525216103,3.426151752,2.311245203
07:56:23,2.524296284,3.426286936,2.312068939
07:56:23,2.52523613,3.427272558,2.312635183
07:56:23,2.524278641,3.426778793,2.3125875
07:56:23,2.525930882,3.42655468,2.312419891
07:56:23,2.524475336,3.426624775,2.312252522
07:56:23,2.524499178,3.426688671,2.311063051
07:56:23,2.524704933,3.425814152,2.311304092
07:56:23,2.525422812,3.426349878,2.310671568
07:56:23,2.524867773,3.427283525,2.312450409
07:56:23,2.524677992,3.426896811,2.311475277
07:56:23,2.524958372,3.427214861,2.31149435
07:56:23,2.524596691,3.427563906,2.311943531
07:56:23,2.525499344,3.42822957,2.312250853
07:56:23,2.525105,3.427788496,2.311917782
07:56:23,2.524741411,3.427415848,2.312816858
07:56:23,2.525119305,3.427782297,2.311495066
07:56:23,2.524982452,3.426572561,2.31105113
07:56:23,2.523847342,3.426792622,2.310225725
07:56:23,2.524636507,3.427636147,2.311472178
07:56:23,2.524950981,3.427306652,2.313398361
07:56:23,2.524963856,3.428244352,2.311950922
07:56:23,2.524811029,3.427382946,2.310395479
07:56:23,2.524031639,3.427246094,2.312245369
07:56:23,2.524820328,3.426145077,2.311641216
07:56:23,2.5244174,3.426357508,2.31165719
07:56:23,2.524714947,3.425858736,2.311078072
07:56:23,2.524392366,3.424795628,2.312136889
07:56:23,2.524913073,3.425782442,2.311990023
07:56:23,2.525092125,3.42506218,2.313189268
07:56:23,2.524611712,3.42630887,2.309353113
07:56:23,2.525031805,3.426637888,2.312185526
07:56:23,2.524645805,3.426786184,2.312484026
07:56:23,2.524628878,3.425737381,2.312458754
07:56:23,2.52450037,3.426589966,2.312041998
07:56:23,2.524867773,3.426226139,2.310579062
07:56:23,2.525470257,3.426378727,2.312286139
07:56:23,2.525294065,3.427609444,2.31136775
07:56:23,2.524303436,3.427016973,2.311304092
07:56:23,2.524645329,3.427826881,2.313210726
07:56:23,2.525440931,3.427581787,2.312859297
07:56:23,2.524542809,3.426928043,2.310509443
07:56:23,2.525030613,3.425551176,2.310226679
07:56:23,2.525008917,3.42834425,2.311587334
07:56:23,2.524995565,3.426980019,2.31350708
07:56:23,2.524696827,3.425816298,2.310846806
07:56:23,2.524363041,3.426557541,2.312682867
07:56:23,2.524542809,3.427778721,2.31205368
07:56:23,2.52531743,3.428938866,2.310503483
07:56:23,2.524645329,3.427663326,2.309947252
07:56:23,2.524087191,3.427357912,2.310889721
07:56:23,2.524928093,3.426349878,2.311516762
07:56:23,2.524635792,3.426142693,2.311623812
07:56:23,2.525475264,3.426155567,2.311220884
07:56:23,2.525135756,3.426367283,2.310827732
07:56:23,2.52452898,3.426778793,2.31354022
07:56:23,2.525412798,3.427056789,2.311639547
07:56:23,2.524427414,3.426190376,2.311680079
07:56:23,2.524581909,3.426244259,2.313358307
07:56:23,2.524720907,3.427231312,2.311308622
07:56:23,2.524753571,3.426328182,2.311703444
07:56:23,2.524356604,3.426302195,2.311226606
07:56:23,2.524932146,3.426651716,2.312423468
07:56:23,2.524930477,3.42485261,2.31316185
07:56:23,2.524727345,3.425372601,2.311815739
07:56:23,2.524873734,3.426159859,2.311487675
07:56:23,2.524110794,3.426968336,2.312695265
07:56:23,2.524435759,3.426742554,2.311908722
07:56:23,2.52457118,3.425465584,2.311652422
07:56:23,2.525763035,3.425739765,2.311916113
07:56:23,2.524353027,3.427081347,2.311334133
07:56:23,2.524262428,3.426967859,2.311451435
07:56:23,2.524831057,3.426841259,2.309833765
07:56:23,2.525138855,3.427420855,2.312547445
07:56:23,2.524508953,3.426460505,2.310758591
07:56:23,2.525139332,3.42731595,2.312553883
07:56:23,2.525172234,3.427627325,2.31168437
07:56:23,2.524908066,3.42824769,2.31205678
07:56:23,2.524364948,3.428049088,2.311778545
07:56:24,2.524807453,3.426479578,2.31101346
07:56:24,2.525062561,3.42617321,2.312487125
07:56:24,2.524906874,3.427121639,2.311625719
07:56:24,2.525590181,3.427276611,2.310495377
07:56:24,2.524646997,3.42761755,2.311008215
07:56:24,2.52513361,3.427574873,2.312050343
07:56:24,2.524906874,3.425983191,2.312321424
07:56:24,2.52507329,3.426469564,2.311991453
07:56:24,2.524884462,3.425931692,2.312684536
07:56:24,2.524685621,3.42636466,2.311066866
07:56:24,2.524108887,3.426413536,2.311830759
07:56:24,2.525237799,3.425866127,2.310777664
07:56:24,2.524854898,3.425666332,2.31267643
07:56:24,2.524838924,3.425945997,2.311620474
07:56:24,2.525775909,3.427614927,2.311903477
07:56:24,2.525065899,3.427390814,2.311700583
07:56:24,2.524631023,3.427137136,2.311727524
07:56:24,2.525143385,3.425704479,2.311637402
07:56:24,2.524899244,3.426371336,2.310865402
07:56:24,2.524933815,3.426932812,2.310110092
07:56:24,2.52478528,3.426557541,2.312139273
07:56:24,2.524557352,3.427511692,2.310371637
07:56:24,2.52452898,3.426868439,2.312325001
07:56:24,2.524637699,3.42598033,2.313737631
07:56:24,2.524938583,3.427242041,2.311834812
07:56:24,2.52456212,3.427289248,2.309953451
07:56:24,2.524768114,3.427514076,2.312025309
07:56:24,2.52495265,3.427798271,2.311839581
07:56:24,2.524770498,3.426656246,2.311736107
07:56:24,2.524715424,3.426322937,2.311042547
07:56:24,2.524340153,3.427167654,2.312617064
07:56:24,2.525010109,3.427430391,2.312112093
07:56:24,2.524631023,3.428146362,2.311355114
07:56:24,2.524732828,3.427042484,2.312640905
07:56:24,2.52515769,3.42646718,2.312269926
07:56:24,2.525397778,3.426447868,2.312682152
07:56:24,2.524385929,3.427442551,2.311282873
07:56:24,2.525014639,3.426780701,2.311703444
07:56:24,2.524737835,3.427280664,2.311848879
07:56:24,2.525198698,3.42768693,2.311975241
07:56:24,2.524266243,3.425394773,2.312327862
07:56:24,2.524615288,3.425855875,2.313174248
07:56:24,2.524349689,3.427233696,2.311311483
07:56:24,2.525021315,3.42735672,2.310878754
07:56:24,2.524732351,3.42697382,2.312475204
07:56:24,2.525134087,3.425089359,2.312219858
07:56:24,2.524735212,3.426244974,2.31259203
07:56:24,2.525103807,3.426275015,2.312959194
07:56:24,2.525386572,3.42601037,2.311373711
07:56:24,2.524868965,3.427293301,2.312719345
07:56:24,2.524571896,3.426693916,2.310728312
07:56:24,2.524618864,3.426646471,2.310498953
07:56:24,2.523960829,3.425814867,2.312219858
07:56:24,2.524432182,3.427309036,2.312462807
07:56:24,2.524734735,3.427316666,2.313489914
07:56:24,2.524626493,3.428481102,2.311435699
07:56:24,2.524529457,3.427154064,2.312331438
07:56:24,2.524762869,3.427808285,2.311460733
07:56:24,2.524735212,3.427065611,2.311478853
07:56:24,2.525167465,3.427898407,2.313007116
07:56:24,2.525507689,3.428048611,2.310886383
07:56:24,2.525136709,3.428744793,2.310707569
07:56:24,2.525113106,3.42694068,2.311731339
07:56:24,2.525573492,3.425590515,2.311543941
07:56:24,2.524994135,3.426332712,2.312678814
07:56:24,2.525514603,3.426640987,2.311417818
07:56:24,2.524852514,3.426841974,2.313188076
07:56:24,2.525369406,3.426036596,2.312543631
07:56:24,2.525600195,3.426229954,2.313465834
07:56:24,2.525332451,3.425771475,2.312076569
07:56:24,2.524893522,3.42579484,2.311886072
07:56:24,2.525238991,3.42749691,2.311504364
07:56:24,2.524894476,3.427345514,2.311362743
07:56:24,2.525257111,3.425530434,2.311800957
07:56:24,2.524539471,3.425113678,2.310757875
07:56:24,2.524045706,3.426778316,2.31212759
07:56:24,2.52444911,3.427213192,2.31296587
07:56:24,2.524885178,3.427908897,2.311411858
07:56:24,2.525060892,3.427109718,2.312038898
07:56:24,2.524674892,3.426310778,2.312451124
07:56:24,2.524231195,3.426033258,2.312040567
07:56:24,2.524333239,3.425962925,2.312570095
07:56:24,2.524882555,3.42685461,2.312016726
07:56:24,2.524996519,3.427202463,2.311039209
07:56:24,2.525199652,3.426384926,2.311327457
07:56:24,2.525070906,3.42616272,2.312021732
07:56:24,2.524578094,3.426851749,2.311926603
07:56:24,2.524585009,3.427469015,2.312294722
07:56:24,2.524812222,3.426802158,2.311365128
07:56:24,2.525183916,3.427654028,2.312367439
07:56:24,2.52460289,3.427063942,2.311416626
07:56:24,2.525261641,3.426450729,2.311262608
07:56:24,2.525271177,3.426032782,2.310868263
07:56:24,2.525253773,3.42800951,2.312378883
07:56:24,2.524507761,3.427689314,2.311899185
07:56:24,2.524396658,3.427233696,2.310645819
07:56:24,2.524861813,3.426615,2.311649799
07:56:24,2.524768114,3.426307201,2.311913729
07:56:24,2.524417877,3.426806688,2.311659813
07:56:24,2.524555683,3.426943541,2.312084436
07:56:24,2.524826765,3.425750494,2.313657999
07:56:24,2.52479291,3.426049471,2.311859846
07:56:24,2.525058508,3.426909447,2.31191659
07:56:24,2.525432587,3.425836802,2.311516047
07:56:24,2.524234295,3.426430941,2.312348843
07:56:24,2.52492094,3.426605701,2.310950756
07:56:24,2.525477886,3.426007271,2.311396837
07:56:24,2.524710178,3.426255703,2.311740637
07:56:24,2.524787664,3.426136255,2.310484409
07:56:24,2.524645329,3.426618099,2.311787367
07:56:24,2.525624275,3.427158594,2.312782049
07:56:24,2.525658607,3.42766571,2.3112638
07:56:24,2.524168491,3.426730156,2.311895132
07:56:24,2.525081396,3.426684141,2.311619282
07:56:24,2.525076866,3.427282333,2.310718536
07:56:24,2.525104284,3.427486658,2.311674595
07:56:24,2.524887562,3.427437782,2.312012911
07:56:24,2.52557683,3.426901579,2.312166452
07:56:24,2.525526524,3.427221775,2.312052488
07:56:25,2.525094271,3.426075459,2.311807632
07:56:25,2.524299622,3.425889969,2.312030077
07:56:25,2.524866104,3.427462816,2.312776804
07:56:25,2.525446177,3.428187609,2.310794353
07:56:25,2.525166512,3.426647186,2.310626507
07:56:25,2.525064945,3.427145004,2.311549425
07:56:25,2.525146961,3.42613101,2.31193161
07:56:25,2.524256945,3.427397966,2.311837673
07:56:25,2.524474859,3.427022934,2.312774658
07:56:25,2.525022984,3.426995277,2.3110044
07:56:25,2.525117397,3.426366806,2.311082125
07:56:25,2.524683237,3.426160336,2.311926126
07:56:25,2.524918556,3.426417112,2.312350035
07:56:25,2.525140047,3.426836729,2.312705278
07:56:25,2.524625301,3.426769018,2.313103914
07:56:25,2.525146961,3.426821709,2.313448906
07:56:25,2.525087118,3.426004887,2.310846329
07:56:25,2.524893522,3.42568922,2.313193321
07:56:25,2.524708509,3.426983118,2.310385704
07:56:25,2.524717331,3.426099062,2.31209445
07:56:25,2.525087595,3.426695824,2.311841011
07:56:25,2.52497077,3.427006483,2.312209606
07:56:25,2.524404049,3.426525354,2.311032534
07:56:25,2.524591923,3.426432848,2.312819719
07:56:25,2.525235415,3.427037716,2.311109304
07:56:25,2.525266647,3.427899122,2.312233686
07:56:25,2.524511576,3.427460432,2.312332153
07:56:25,2.525603056,3.426247597,2.312319279
07:56:25,2.525230169,3.426876068,2.312491179
07:56:25,2.523891449,3.426575184,2.311571598
07:56:25,2.52478528,3.427762747,2.311434507
07:56:25,2.525474787,3.427618742,2.311789036
07:56:25,2.525144577,3.42737484,2.310396671
07:56:25,2.525439739,3.426685333,2.313037395
07:56:25,2.52458024,3.42711544,2.310280085
07:56:25,2.52462697,3.426498413,2.311748981
07:56:25,2.524473667,3.42787075,2.311041355
07:56:25,2.524726152,3.426903248,2.312542439
07:56:25,2.52500701,3.426649332,2.310842276
07:56:25,2.524536848,3.426408291,2.312479019
07:56:25,2.525500774,3.426377058,2.311026096
07:56:25,2.524036884,3.426842451,2.311244011
07:56:25,2.524026871,3.42622757,2.311827421
07:56:25,2.525610685,3.426688671,2.312311649
07:56:25,2.525147915,3.426317453,2.311698437
07:56:25,2.523614168,3.42675972,2.311989307
07:56:25,2.525202036,3.426716089,2.312716961
07:56:25,2.52520752,3.426953554,2.310137749
07:56:25,2.525312185,3.426960945,2.312162876
07:56:25,2.524251223,3.426375628,2.311168432
07:56:25,2.524653912,3.426533222,2.310864687
07:56:25,2.525180817,3.426684141,2.312170029
07:56:25,2.524454832,3.426481485,2.311707497
07:56:25,2.525213718,3.427794933,2.311781883
07:56:25,2.524892569,3.426831007,2.310992002
07:56:25,2.524579048,3.427138329,2.311209202
07:56:25,2.524650097,3.426985502,2.312851191
07:56:25,2.525142431,3.427484512,2.313102245
07:56:25,2.524644613,3.427484512,2.311500311
07:56:25,2.52438283,3.426655293,2.312876701
07:56:25,2.525713921,3.427370787,2.311032057
07:56:25,2.524270535,3.428025246,2.311653137
07:56:25,2.524891853,3.426537275,2.313048601
07:56:25,2.524356604,3.427695036,2.311150074
07:56:25,2.525542974,3.427315474,2.312477827
07:56:25,2.525294065,3.427787304,2.312146664
07:56:25,2.52516222,3.426499128,2.312147856
07:56:25,2.524887562,3.425807714,2.311460257
07:56:25,2.524935961,3.426354885,2.312104225
07:56:25,2.524949074,3.427279949,2.311171055
07:56:25,2.524594784,3.425933361,2.311687231
07:56:25,2.524137974,3.425454378,2.312312365
07:56:25,2.52452445,3.425892353,2.312785864
07:56:25,2.525524139,3.426190376,2.312255383
07:56:25,2.524556875,3.427426815,2.311300278
07:56:25,2.525388241,3.426864624,2.312428951
07:56:25,2.524820328,3.427389145,2.31197691
07:56:25,2.525368214,3.426289797,2.3118999
07:56:25,2.525068045,3.426616907,2.311944485
07:56:25,2.524532795,3.425803423,2.312162876
07:56:25,2.52505517,3.426971436,2.311816216
07:56:25,2.524566174,3.426903248,2.311830759
07:56:25,2.524930477,3.427719355,2.310034275
07:56:25,2.524780512,3.425989866,2.311195374
07:56:25,2.524423361,3.425891876,2.312013626
07:56:25,2.524381638,3.426284075,2.311300278
07:56:25,2.524655342,3.426566601,2.311120987
07:56:25,2.524871349,3.427130938,2.311975718
07:56:25,2.525508165,3.426939487,2.311336517
07:56:25,2.524950266,3.426669121,2.312322617
07:56:25,2.525082588,3.426236153,2.312050819
07:56:25,2.524692535,3.428059101,2.311206818
07:56:25,2.525610685,3.427411318,2.311914921
07:56:25,2.525366068,3.427303791,2.312187195
07:56:25,2.524852514,3.427148342,2.310966492
07:56:25,2.524935961,3.426819324,2.311543226
07:56:25,2.524526596,3.426710129,2.311842918
07:56:25,2.524733543,3.427133799,2.311547995
07:56:25,2.524359941,3.427822113,2.311658382
07:56:25,2.525361776,3.427166462,2.311807156
07:56:25,2.526161194,3.427148342,2.310890913
07:56:25,2.524694443,3.425989389,2.310562849
07:56:25,2.524804354,3.426762819,2.310798645
07:56:25,2.525210142,3.426790476,2.312050819
07:56:25,2.524458885,3.425250053,2.31044364
07:56:25,2.524659395,3.427350521,2.31167388
07:56:25,2.524621248,3.425765038,2.310926437
07:56:25,2.524735928,3.425887108,2.311374187
07:56:25,2.524844885,3.42688942,2.312601566
07:56:25,2.524936914,3.426897287,2.310870647
07:56:25,2.524868965,3.426816225,2.31084466
07:56:25,2.525035381,3.426417112,2.311759472
07:56:25,2.525326252,3.427035093,2.310957909
07:56:25,2.524987221,3.426781178,2.311472893
07:56:25,2.524338961,3.426949978,2.311310291
07:56:26,2.523866415,3.427538395,2.311287165
07:56:26,2.525452375,3.427187443,2.311021805
07:56:26,2.524962664,3.427144289,2.31370306
07:56:26,2.52482152,3.426205158,2.311490774
07:56:26,2.524918079,3.426431656,2.311306477
07:56:26,2.524391651,3.427160263,2.311874866
07:56:26,2.525106192,3.427663326,2.311701059
07:56:26,2.524614811,3.427389622,2.310978174
07:56:26,2.525016308,3.427419186,2.310836315
07:56:26,2.525192499,3.426558018,2.311963081
07:56:26,2.524635315,3.426841259,2.312147141
07:56:26,2.524463177,3.427339077,2.311105967
07:56:26,2.525199652,3.42742753,2.311480522
07:56:26,2.524905205,3.427466393,2.313663721
07:56:26,2.524465322,3.426186323,2.311988831
07:56:26,2.524748087,3.427764416,2.311584473
07:56:26,2.525061607,3.426978827,2.310584307
07:56:26,2.524591208,3.426648378,2.312962294
07:56:26,2.524707317,3.426811934,2.311404467
07:56:26,2.525163412,3.426482439,2.310713291
07:56:26,2.52369833,3.426735163,2.310963631
07:56:26,2.524960279,3.426259279,2.312462807
07:56:26,2.524227619,3.426477671,2.311765909
07:56:26,2.524647713,3.42708993,2.311719656
07:56:26,2.52538538,3.427262068,2.31128931
07:56:26,2.525019407,3.425546646,2.313598394
07:56:26,2.524975061,3.426085711,2.312199116
07:56:26,2.524327278,3.426410675,2.311698914
07:56:26,2.524845362,3.427603245,2.31101346
07:56:26,2.525200129,3.427308321,2.311264992
07:56:26,2.52453208,3.426762342,2.312256336
07:56:26,2.524594307,3.427113771,2.312372208
07:56:26,2.524909735,3.426473141,2.312305927
07:56:26,2.525376558,3.426777124,2.311291218
07:56:26,2.524563789,3.427576542,2.311203957
07:56:26,2.525251627,3.426714897,2.31248641
07:56:26,2.525140047,3.42627883,2.311625719
07:56:26,2.524110794,3.426245451,2.309907675
07:56:26,2.525681734,3.427127361,2.309967518
07:56:26,2.525048494,3.426910639,2.311516047
07:56:26,2.525005817,3.426735878,2.311908007
07:56:26,2.52502799,3.428061008,2.310994864
07:56:26,2.524283409,3.426946402,2.312157869
07:56:26,2.524731874,3.426470757,2.312732935
07:56:26,2.525177479,3.426296949,2.312457323
07:56:26,2.524665117,3.426903248,2.311784029
07:56:26,2.52551055,3.427787066,2.312073469
07:56:26,2.524641514,3.426620007,2.31229353
07:56:26,2.523909807,3.426366091,2.311993122
07:56:26,2.524921656,3.426964521,2.310690641
07:56:26,2.524950981,3.426567316,2.311249971
07:56:26,2.524544477,3.425583601,2.31142807
07:56:26,2.525174141,3.426371336,2.311165094
07:56:26,2.524660587,3.425770283,2.312672377
07:56:26,2.525875568,3.426574469,2.310774088
07:56:26,2.524166822,3.426627398,2.311665773
07:56:26,2.52538538,3.425684929,2.310821295
07:56:26,2.524894476,3.426913023,2.311475277
07:56:26,2.524722338,3.425904989,2.311831236
07:56:26,2.525176287,3.426158667,2.311519384
07:56:26,2.524473667,3.42701292,2.311551809
07:56:26,2.524716616,3.426602602,2.311658859
07:56:26,2.524627686,3.426651716,2.310416937
07:56:26,2.524871826,3.427373648,2.311005831
07:56:26,2.524784565,3.426960945,2.311344147
07:56:26,2.524614096,3.426512003,2.311424255
07:56:26,2.524536371,3.427327156,2.311233759
07:56:26,2.524832726,3.427133322,2.311773777
07:56:26,2.524536848,3.426978827,2.311407566
07:56:26,2.524532795,3.42825222,2.311957359
07:56:26,2.524544001,3.426688671,2.311291695
07:56:26,2.525092125,3.426756144,2.312647343
07:56:26,2.524704456,3.426597834,2.311985731
07:56:26,2.52558732,3.426367998,2.311854601
07:56:26,2.524752855,3.427713633,2.311364412
07:56:26,2.525315762,3.426756144,2.312159061
07:56:26,2.525027514,3.427302122,2.312329769
07:56:26,2.524901867,3.427554846,2.312223196
07:56:26,2.525072575,3.427657366,2.311826229
07:56:26,2.524655819,3.427554131,2.312355757
07:56:26,2.525195837,3.426514387,2.312712431
07:56:26,2.525062084,3.426482439,2.311826229
07:56:26,2.525909185,3.426313639,2.312074661
07:56:26,2.525538206,3.426781893,2.312661409
07:56:26,2.52439785,3.426587582,2.31131196
07:56:26,2.52504158,3.427054644,2.310824394
07:56:26,2.52486372,3.427148342,2.311534405
07:56:26,2.525072575,3.426763535,2.311007023
07:56:26,2.524441957,3.426508904,2.311009407
07:56:26,2.525142431,3.426971912,2.312448025
07:56:26,2.525136709,3.426616907,2.311737776
07:56:26,2.525298119,3.427687407,2.311393976
07:56:26,2.524343729,3.42710495,2.312668085
07:56:26,2.525165319,3.425988197,2.312838316
07:56:26,2.525552273,3.426755905,2.312076569
07:56:26,2.524960995,3.426192284,2.313243151
07:56:26,2.524918079,3.426352978,2.311585665
07:56:26,2.524991274,3.426811218,2.311467886
07:56:26,2.524767637,3.426369667,2.312611818
07:56:26,2.524938583,3.426603794,2.31115365
07:56:26,2.524834871,3.426505089,2.311820745
07:56:26,2.524457932,3.427390337,2.310674191
07:56:26,2.524938107,3.427168369,2.311569691
07:56:26,2.524646521,3.427800894,2.311648846
07:56:26,2.52542448,3.427845955,2.311531544
07:56:26,2.525473595,3.427425385,2.312981367
07:56:26,2.525251627,3.426879406,2.311800003
07:56:26,2.52422142,3.426726818,2.31159997
07:56:26,2.525218725,3.426716089,2.312093258
07:56:26,2.525286913,3.426252842,2.312204599
07:56:26,2.524699688,3.426808834,2.31084466
07:56:26,2.524291754,3.426518917,2.312241316
07:56:26,2.524842024,3.425204992,2.312358618
07:56:26,2.524812222,3.427083731,2.313544035
07:56:26,2.525037527,3.426136732,2.311574221
07:56:26,2.524354219,3.426566601,2.311385393
07:56:26,2.523920536,3.425832748,2.311760187
07:56:26,2.524533987,3.426305056,2.31127429
07:56:26,2.524752855,3.426605701,2.31207943
07:56:27,2.5246768,3.427684069,2.311918974
07:56:27,2.524045229,3.42708683,2.311812639
07:56:27,2.52446866,3.42635107,2.312216282
07:56:27,2.524988413,3.42649579,2.312197208
07:56:27,2.525203228,3.426015854,2.312979698
07:56:27,2.525625944,3.426008463,2.311882496
07:56:27,2.524928093,3.426799297,2.310771942
07:56:27,2.524419069,3.427742004,2.31181097
07:56:27,2.524960279,3.426439524,2.312084436
07:56:27,2.525521278,3.426764727,2.311516047
07:56:27,2.524416924,3.426747561,2.310976028
07:56:27,2.524796963,3.427594662,2.311710596
07:56:27,2.524938583,3.427630186,2.312809944
07:56:27,2.524714947,3.426941395,2.312409878
07:56:27,2.524905205,3.426079512,2.310856104
07:56:27,2.52489686,3.427921057,2.311284065
07:56:27,2.524857759,3.427236319,2.312036514
07:56:27,2.524848938,3.427010536,2.311902761
07:56:27,2.524979591,3.426429272,2.311186552
07:56:27,2.525147915,3.427439451,2.311112881
07:56:27,2.524855375,3.427349329,2.311415911
07:56:27,2.525084496,3.426140308,2.313359261
07:56:27,2.52469492,3.427028656,2.311078548
07:56:27,2.524796963,3.426927328,2.312102556
07:56:27,2.525254965,3.426994562,2.311577082
07:56:27,2.525092125,3.426127434,2.310875177
07:56:27,2.525080919,3.425842047,2.312563181
07:56:27,2.525432587,3.426471949,2.313322067
07:56:27,2.524741411,3.425936699,2.312399387
07:56:27,2.525205612,3.425915956,2.312464952
07:56:27,2.524882555,3.426315308,2.311723232
07:56:27,2.524821043,3.426439047,2.311575413
08:10:57,2.524692535,3.425002813,2.31295228
08:10:57,2.524323225,3.425504923,2.311639547
08:10:57,2.524006844,3.425438404,2.312761784
08:10:57,2.524280071,3.425234079,2.311832428
08:10:57,2.523437262,3.42501092,2.3117733
08:10:57,2.524706841,3.426115036,2.312040567
08:10:57,2.524641037,3.425743818,2.311295271
08:10:57,2.524451971,3.425402641,2.313131809
08:10:57,2.524684429,3.426114321,2.313261747
08:10:57,2.524761438,3.426343679,2.311920881
08:10:57,2.524932861,3.425652981,2.311433315
08:10:57,2.524405241,3.425715208,2.312663078
08:10:57,2.524199724,3.425741434,2.311737776
08:10:57,2.524069309,3.426259279,2.312244654
08:10:57,2.5240376,3.425820827,2.313057899
08:10:57,2.524973392,3.425381422,2.311089993
08:10:57,2.524370432,3.425756454,2.312377691
08:10:57,2.524600744,3.426556826,2.312524319
08:10:57,2.523931503,3.425320148,2.312436342
08:10:57,2.524066687,3.425868511,2.312538862
08:10:57,2.524141312,3.425984859,2.312051535
08:10:57,2.523810387,3.425499201,2.311607838
08:10:57,2.524852514,3.426402092,2.313297987
08:10:57,2.524691105,3.426155329,2.313231707
08:10:57,2.524516582,3.426243067,2.313115597
08:10:57,2.524631023,3.426211834,2.312167645
08:10:57,2.525185823,3.426281929,2.311128855
08:10:57,2.524626493,3.426671028,2.312045097
08:10:57,2.52423501,3.425764799,2.31183362
08:10:57,2.524589777,3.426498413,2.312708378
08:10:57,2.524674416,3.425957441,2.311543226
08:10:57,2.524424553,3.426852942,2.311158657
08:10:57,2.524323225,3.426070452,2.312649012
08:10:57,2.524219513,3.425869703,2.311452627
08:10:57,2.524316311,3.426064491,2.311607122
08:10:57,2.524730206,3.425879955,2.31319046
08:10:57,2.52423501,3.425296307,2.313425064
08:10:57,2.524442434,3.42480278,2.312844992
08:10:57,2.524974346,3.42606616,2.312620163
08:10:57,2.524949789,3.425408363,2.311998844
08:10:57,2.524568081,3.425596237,2.311868668
08:10:57,2.523892403,3.425656796,2.312259436
08:10:57,2.52387476,3.425981283,2.312303782
08:10:57,2.524671555,3.425455809,2.313369751
08:10:57,2.524496555,3.425827503,2.312901258
08:10:57,2.524077177,3.425192595,2.311783075
08:10:57,2.52417469,3.426321983,2.311422586
08:10:57,2.524775267,3.42526865,2.31110692
08:10:57,2.524152279,3.426813126,2.312647343
08:10:57,2.523989677,3.426842451,2.312947512
08:10:57,2.524568558,3.426367283,2.311519384
08:10:57,2.524963856,3.426278353,2.312661409
08:10:57,2.52500248,3.426325798,2.312048435
08:10:57,2.524381161,3.426462173,2.313383818
08:10:57,2.523669243,3.42609787,2.313113213
08:10:57,2.523611784,3.425896883,2.31254673
08:10:57,2.524258852,3.427070618,2.313235283
08:10:57,2.52495265,3.425499678,2.312364578
08:10:57,2.524481297,3.425741434,2.311649323
08:10:57,2.524325609,3.425729275,2.311225414
08:10:57,2.5244596,3.424665689,2.313169241
08:10:57,2.523700714,3.425387621,2.313016415
08:10:57,2.524588585,3.424901009,2.313170195
08:10:57,2.52451992,3.424870968,2.311681271
08:10:57,2.52433753,3.425701618,2.312255859
08:10:57,2.524562597,3.42488718,2.312809467
08:10:57,2.524472475,3.426144361,2.312381506
08:10:57,2.524437428,3.425502062,2.312490463
08:10:57,2.524825573,3.425344706,2.313004732
08:10:57,2.524433374,3.42628479,2.312022924
08:10:57,2.523976564,3.426204443,2.312912226
08:10:57,2.524754763,3.426302195,2.311921835
08:10:57,2.525010109,3.426450729,2.311543226
08:10:57,2.524174213,3.426068306,2.312386036
08:10:57,2.525007725,3.425772667,2.312313318
08:10:57,2.52401638,3.42527318,2.311518908
08:10:57,2.524711847,3.425503254,2.311526537
08:10:57,2.524315119,3.425983191,2.3121171
08:10:57,2.52422595,3.425868034,2.31287384
08:10:57,2.524377108,3.426152468,2.311959982
08:10:57,2.524391174,3.425169706,2.3128438
08:10:58,2.524404526,3.425396919,2.3123703
08:10:58,2.524493694,3.426152468,2.312801838
08:10:58,2.525352478,3.425336599,2.312675714
08:10:58,2.524413347,3.42565012,2.312141657
08:10:58,2.524651527,3.425605536,2.312142611
08:10:58,2.524013519,3.426326275,2.312544107
08:10:58,2.524428129,3.425852537,2.31286478
08:10:58,2.524701357,3.42621541,2.312427759
08:10:58,2.524983883,3.42554903,2.311320543
08:10:58,2.524492979,3.425691128,2.312470913
08:10:58,2.524514675,3.425942421,2.311712265
08:10:58,2.524035215,3.426288605,2.311886549
08:10:58,2.524547338,3.425947189,2.312541723
08:10:58,2.524134159,3.425635576,2.311916113
08:10:58,2.524489403,3.425745249,2.313068867
08:10:58,2.524488449,3.425844908,2.311920404
08:10:58,2.524525166,3.425508499,2.312511444
08:10:58,2.524821043,3.425278902,2.31298995
08:10:58,2.525125504,3.425540447,2.312427282
08:10:58,2.524335623,3.425077915,2.311988831
08:10:58,2.524809837,3.426154137,2.311387062
08:10:58,2.524093628,3.426590443,2.311321735
08:10:58,2.524136782,3.425828218,2.311774492
08:10:58,2.524209738,3.426089287,2.312496901
08:10:58,2.524514675,3.426365137,2.313024282
08:10:58,2.524653912,3.425337315,2.312379599
08:10:58,2.524777651,3.425805092,2.31227231
08:10:58,2.524338961,3.425778866,2.313071251
08:10:58,2.524347067,3.425915003,2.312617064
08:10:58,2.524494886,3.426303387,2.310622215
08:10:58,2.524410963,3.425461769,2.31319809
08:10:58,2.524228811,3.425069332,2.312859297
08:10:58,2.524913549,3.42578578,2.311681986
08:10:58,2.524305105,3.425851345,2.311736584
08:10:58,2.524398088,3.426282406,2.31131196
08:10:58,2.524628878,3.425911188,2.311895132
08:10:58,2.524309635,3.425513744,2.312649012
08:10:58,2.524014473,3.426274538,2.312098026
08:10:58,2.523571253,3.426022291,2.313409805
08:10:58,2.524170399,3.425526857,2.313419342
08:10:58,2.524164438,3.426269054,2.31264329
08:10:58,2.524428129,3.42590785,2.311460733
08:10:58,2.525215387,3.424948454,2.311544895
08:10:58,2.524920464,3.425504923,2.313067436
08:10:58,2.524842024,3.425234556,2.312883854
08:10:58,2.524448395,3.42651701,2.313129902
08:10:58,2.524313688,3.425926208,2.313478708
08:10:58,2.524467468,3.425154209,2.310291529
08:10:58,2.525527716,3.426149368,2.312895298
08:10:58,2.52504468,3.425751209,2.311453819
08:10:58,2.525127888,3.426264763,2.31291151
08:10:58,2.524297237,3.426530361,2.312107086
08:10:58,2.524422884,3.42525816,2.31251955
08:10:58,2.524447441,3.425666809,2.311332464
08:10:58,2.524213791,3.426148891,2.31232214
08:10:58,2.524674892,3.424792528,2.311286688
08:10:58,2.524018764,3.426632643,2.313113213
08:10:58,2.524302006,3.425782442,2.311911345
08:10:58,2.524309635,3.426497459,2.311534405
08:10:58,2.524525881,3.426054239,2.31245923
08:10:58,2.524446964,3.426862955,2.310597658
08:10:58,2.524410486,3.426206589,2.313010931
08:10:58,2.523785114,3.425318956,2.313910723
08:10:58,2.524481297,3.42626524,2.311723232
08:10:58,2.52408886,3.42626524,2.311649799
08:10:58,2.524232626,3.425595522,2.312229395
08:10:58,2.524258852,3.425066233,2.312735558
08:10:58,2.524643421,3.426197529,2.312431812
08:10:58,2.52426672,3.42566514,2.312580585
08:10:58,2.524421692,3.425378561,2.312337637
08:10:58,2.524343252,3.425667524,2.312475204
08:10:58,2.523896456,3.426221609,2.312115908
08:10:58,2.524558067,3.425555229,2.313038349
08:10:58,2.52454567,3.425370216,2.31274581
08:10:58,2.524340868,3.425494671,2.312648296
08:10:58,2.524384975,3.425690413,2.311917782
08:10:58,2.524813414,3.425973177,2.311977863
08:10:58,2.524496555,3.426373243,2.312085629
08:10:58,2.523867607,3.425017118,2.313180447
08:10:58,2.524261236,3.425509214,2.31336832
08:10:58,2.524669886,3.425516605,2.312596321
08:10:58,2.523807287,3.425133467,2.312437057
08:10:58,2.524125814,3.425773859,2.312273741
08:10:58,2.524941444,3.425759315,2.31241107
08:10:58,2.523567915,3.4253335,2.311846018
08:10:58,2.524650097,3.426122427,2.312834978
08:10:58,2.524235487,3.425612688,2.312298775
08:10:58,2.523533344,3.425557613,2.312587976
08:10:58,2.52418375,3.425319672,2.311988831
08:10:58,2.524385929,3.425714254,2.312290907
08:10:58,2.524411678,3.426422358,2.312399864
08:10:58,2.52473855,3.425746441,2.312360287
08:10:58,2.524457455,3.425197601,2.313622475
08:10:58,2.524440765,3.425321817,2.312010288
08:10:58,2.525036573,3.42619276,2.312647343
08:10:58,2.52429533,3.425967216,2.312621832
08:10:58,2.524644613,3.425686359,2.312592983
08:10:58,2.524091482,3.426154852,2.31268549
08:10:58,2.524778843,3.425890684,2.312265873
08:10:58,2.523602009,3.426128626,2.312382698
08:10:58,2.52379632,3.426275015,2.312391281
08:10:58,2.524494886,3.425670862,2.312385321
08:10:58,2.524685621,3.426059961,2.311868668
08:10:58,2.524679422,3.42596221,2.31276536
08:10:58,2.524708986,3.425482512,2.311981201
08:10:58,2.524721384,3.426065445,2.312376499
08:10:58,2.525098324,3.425363541,2.312045097
08:10:58,2.524347067,3.425782919,2.312739134
08:10:58,2.524232626,3.425297499,2.312430143
08:10:58,2.524344921,3.425207376,2.313023329
08:10:58,2.524214983,3.42604661,2.311529636
08:10:58,2.525085688,3.425648928,2.311582088
08:10:58,2.524180412,3.426246405,2.311693668
08:10:58,2.524169683,3.42623353,2.312682152
08:10:58,2.524433851,3.425424099,2.313562155
08:10:58,2.524321318,3.425124407,2.312068939
08:10:58,2.524214506,3.42533493,2.313726902
08:10:58,2.524378777,3.425862789,2.311500311
08:10:58,2.524758816,3.426758528,2.312853098
08:10:59,2.524267673,3.426485538,2.310451269
08:10:59,2.524245501,3.426011562,2.312406301
08:10:59,2.524904251,3.425779581,2.313785076
08:10:59,2.524082184,3.42541647,2.313085318
08:10:59,2.524254084,3.426491737,2.312287807
08:10:59,2.524085522,3.426492929,2.31190443
08:10:59,2.52423501,3.425798655,2.311748505
08:10:59,2.523941517,3.425996065,2.312095165
08:10:59,2.524216413,3.425262451,2.312383413
08:10:59,2.523733616,3.426414728,2.311592579
08:10:59,2.524696112,3.42564702,2.311966181
08:10:59,2.524230003,3.424950123,2.311836481
08:10:59,2.524081469,3.425968409,2.311532736
08:10:59,2.524978876,3.424730539,2.312589884
08:10:59,2.525158405,3.426349878,2.312886715
08:10:59,2.524417877,3.42581892,2.311595678
08:10:59,2.524504185,3.425967216,2.31197834
08:10:59,2.524599075,3.42553854,2.313295126
08:10:59,2.524082184,3.426037788,2.312242031
08:10:59,2.524956703,3.425630569,2.312755823
08:10:59,2.524248838,3.425902128,2.312633038
08:10:59,2.524276257,3.425688028,2.312031507
08:10:59,2.524581194,3.425601721,2.311941147
08:10:59,2.523978949,3.426497936,2.3121984
08:10:59,2.5241189,3.425695658,2.312663555
08:10:59,2.524605989,3.425483704,2.313236952
08:10:59,2.524350882,3.425807714,2.312352419
08:10:59,2.524874687,3.425515413,2.311662912
08:10:59,2.525146961,3.425973654,2.311696529
08:10:59,2.524345398,3.425290108,2.312171221
08:10:59,2.523987293,3.426229954,2.312290907
08:10:59,2.524215221,3.425940275,2.313418627
08:10:59,2.523910999,3.42512989,2.312507391
08:10:59,2.524389982,3.426222801,2.311254025
08:10:59,2.524181604,3.425726414,2.312369108
08:10:59,2.524474144,3.425901413,2.313233376
08:10:59,2.523987293,3.426666498,2.311657667
08:10:59,2.524607897,3.425821304,2.312372208
08:10:59,2.52498889,3.426137924,2.314058304
08:10:59,2.524668217,3.425462246,2.312387228
08:10:59,2.524377584,3.424618244,2.312030077
08:10:59,2.524918556,3.425675154,2.311242819
08:10:59,2.522882938,3.426460981,2.313322067
08:10:59,2.524559259,3.426430464,2.310472488
08:10:59,2.524247646,3.425802708,2.312239647
08:10:59,2.5243361,3.425008535,2.313264608
08:10:59,2.524381161,3.425246477,2.312686205
08:10:59,2.52492857,3.425926208,2.312118292
08:10:59,2.524757624,3.425595522,2.313209534
08:10:59,2.524448156,3.426698923,2.311614752
08:10:59,2.524492502,3.426774979,2.311769247
08:10:59,2.524110794,3.425618172,2.312150478
08:10:59,2.524921656,3.42515564,2.312424898
08:10:59,2.524474859,3.425217628,2.31150794
08:10:59,2.524324894,3.425982475,2.311789036
08:10:59,2.524110079,3.426541805,2.313130379
08:10:59,2.523978949,3.425266266,2.312257051
08:10:59,2.524229527,3.426085472,2.312759876
08:10:59,2.524564981,3.425336599,2.311546803
08:10:59,2.525578499,3.425484419,2.312347174
08:10:59,2.523759127,3.426151276,2.31232214
08:10:59,2.524487257,3.42663908,2.311967373
08:10:59,2.524757624,3.4265275,2.312259436
08:10:59,2.524690628,3.426060915,2.312189341
08:10:59,2.52415514,3.425367355,2.312137365
08:10:59,2.524124622,3.425904989,2.31243515
08:10:59,2.523802042,3.426096678,2.312618256
08:10:59,2.524183273,3.425868034,2.312276125
08:10:59,2.524304152,3.425578356,2.312301159
08:10:59,2.524456263,3.425891876,2.311690807
08:10:59,2.524091482,3.425321817,2.312885761
08:10:59,2.524925232,3.425732851,2.31289649
08:10:59,2.523861647,3.425369024,2.312511444
08:10:59,2.524923325,3.425581932,2.312479496
08:10:59,2.525309324,3.424878597,2.312229395
08:10:59,2.524050951,3.425876617,2.312135696
08:10:59,2.524916887,3.425538063,2.313038349
08:10:59,2.524533272,3.425424099,2.31161046
08:10:59,2.524518967,3.425992966,2.312244654
08:10:59,2.524544477,3.426116467,2.312331438
08:10:59,2.524348259,3.425590515,2.311292887
08:10:59,2.524535179,3.425718784,2.311886072
08:10:59,2.525086641,3.426110744,2.311832905
08:10:59,2.524423361,3.426253557,2.311440468
08:10:59,2.524499178,3.425076723,2.312118292
08:10:59,2.52431798,3.425737858,2.312159538
08:10:59,2.524722099,3.426635981,2.311537504
08:10:59,2.524128914,3.42583847,2.312887192
08:10:59,2.524202108,3.425667524,2.312689304
08:10:59,2.524320126,3.425354242,2.312387705
08:10:59,2.524869442,3.425380945,2.312178135
08:10:59,2.524801016,3.425301075,2.312776804
08:10:59,2.524053812,3.425286055,2.313344955
08:10:59,2.52494669,3.425327063,2.31277585
08:10:59,2.524400949,3.426235676,2.311588049
08:10:59,2.52423501,3.42597723,2.311923027
08:10:59,2.524599075,3.425709724,2.313119411
08:10:59,2.524776459,3.42629981,2.311976433
08:10:59,2.524424076,3.425993443,2.31124711
08:10:59,2.524625301,3.426600218,2.312292099
08:10:59,2.524367332,3.426555395,2.312752485
08:10:59,2.52426362,3.426077127,2.312984943
08:10:59,2.524466038,3.426409483,2.312352419
08:10:59,2.523815632,3.425565481,2.313011408
08:10:59,2.524107218,3.425650597,2.311607838
08:10:59,2.524991274,3.42600441,2.311665058
08:10:59,2.523804903,3.425616503,2.312424183
08:10:59,2.52484417,3.425368547,2.311687231
08:10:59,2.524073601,3.426060915,2.313316584
08:10:59,2.524168015,3.425964594,2.312427282
08:10:59,2.524660587,3.425850153,2.311796427
08:10:59,2.523755312,3.425605059,2.312785864
08:10:59,2.524389267,3.424998522,2.312946558
08:10:59,2.523745298,3.426148176,2.312098026
08:10:59,2.524316311,3.426074505,2.313068867
08:11:00,2.523304224,3.424695253,2.311926126
08:11:00,2.524201393,3.426229954,2.311931133
08:11:00,2.525248289,3.425550699,2.311264277
08:11:00,2.523970842,3.426346302,2.312739134
08:11:00,2.523878098,3.425732851,2.31320262
08:11:00,2.524357557,3.425400257,2.313353539
08:11:00,2.524740696,3.426258564,2.312145948
08:11:00,2.523915768,3.426648378,2.312067747
08:11:00,2.525102139,3.427017689,2.312395096
08:11:00,2.524895191,3.426277637,2.312652111
08:11:00,2.524752617,3.426053524,2.311540365
08:11:00,2.524861336,3.426083088,2.31210351
08:11:00,2.524313688,3.42589736,2.312749624
08:11:00,2.524491787,3.425476074,2.313132524
08:11:00,2.524125099,3.426478863,2.312112093
08:11:00,2.523611307,3.426013231,2.31263423
08:11:00,2.523765802,3.425826311,2.312561512
08:11:00,2.524609804,3.425850868,2.312803507
08:11:00,2.524347544,3.426236153,2.312571287
08:11:00,2.524031639,3.425688744,2.313020945
08:11:00,2.524291039,3.425281286,2.311951876
08:11:00,2.524927378,3.425433397,2.312336445
08:11:00,2.524342537,3.425834656,2.312844515
08:11:00,2.524884224,3.426092148,2.312262774
08:11:00,2.524933338,3.425588846,2.31210947
08:11:00,2.524739027,3.425697565,2.31257534
08:11:00,2.524747133,3.425884962,2.312346458
08:11:00,2.524324417,3.426107407,2.311847687
08:11:00,2.524579048,3.425550222,2.312234879
08:11:00,2.525370836,3.42604208,2.312347174
08:11:00,2.524578094,3.42550683,2.312024593
08:11:00,2.523921013,3.426252365,2.312336445
08:11:00,2.524721384,3.425392866,2.312832117
08:11:00,2.524552107,3.425246477,2.311747313
08:11:00,2.523854733,3.425392389,2.311993837
08:11:00,2.525022268,3.425837755,2.313807964
08:11:00,2.524604082,3.42579174,2.312539339
08:11:00,2.524833441,3.425610781,2.312389612
08:11:00,2.524247646,3.426056862,2.312799931
08:11:00,2.524472475,3.426110268,2.31256938
08:11:00,2.524523258,3.426106215,2.312584639
08:11:00,2.525193214,3.425712585,2.312292576
08:11:00,2.52438879,3.42683506,2.312556267
08:11:00,2.524193287,3.426203966,2.312270641
08:11:00,2.525466681,3.426292896,2.312939644
08:11:00,2.524316311,3.42647028,2.312200785
08:11:00,2.524619341,3.425645351,2.312301159
08:11:00,2.524246454,3.425404787,2.313155174
08:11:00,2.524580717,3.425899267,2.311933994
08:11:00,2.525385857,3.426052332,2.312556744
08:11:00,2.524090767,3.426231146,2.312118292
08:11:00,2.524704456,3.425714254,2.312463522
08:11:00,2.52428174,3.425741434,2.311921835
08:11:00,2.525058508,3.425102949,2.312045574
08:11:00,2.524155617,3.425918818,2.312847137
08:11:00,2.524432182,3.425789356,2.311771393
08:11:00,2.524258852,3.425461054,2.312293053
08:11:00,2.524546146,3.425745964,2.312386036
08:11:00,2.52466321,3.42577219,2.311424732
08:11:00,2.524208307,3.425999165,2.313104391
08:11:00,2.524114609,3.425116539,2.312278032
08:11:00,2.524209023,3.42577219,2.31229353
08:11:00,2.523680925,3.426195145,2.312058449
08:11:00,2.525100946,3.425931692,2.312134027
08:11:00,2.52482605,3.425790548,2.312774181
08:11:00,2.524347544,3.42521596,2.31183362
08:11:00,2.524569988,3.426401615,2.311812162
08:11:00,2.524060965,3.425468445,2.311522245
08:11:00,2.524368286,3.42634201,2.31210351
08:11:00,2.524642706,3.42575407,2.312887669
08:11:00,2.524125814,3.425498486,2.310878754
08:11:00,2.524198055,3.426502705,2.311659336
08:11:00,2.52473402,3.425688744,2.311836481
08:11:00,2.524418354,3.426384211,2.312898636
08:11:00,2.524001837,3.425871372,2.313044071
08:11:00,2.524952173,3.426619291,2.311687946
08:11:00,2.524932146,3.425587654,2.312755585
08:11:00,2.524455786,3.425670862,2.311103106
08:11:00,2.524519444,3.425896168,2.312501669
08:11:00,2.525125027,3.426226139,2.312334299
08:11:00,2.524899244,3.426045418,2.314114571
08:11:00,2.524294615,3.426100254,2.313057661
08:11:00,2.524039745,3.425332785,2.312563896
08:11:00,2.524741888,3.425741434,2.311508894
08:11:00,2.524016857,3.425955296,2.312160015
08:11:00,2.52466321,3.426651716,2.311650753
08:11:00,2.52464056,3.426429749,2.311632156
08:11:00,2.524745226,3.425581455,2.312216997
08:11:00,2.524189711,3.426032066,2.311138868
08:11:00,2.524242401,3.425299168,2.312607765
08:11:00,2.524481297,3.426075935,2.312272787
08:11:00,2.524399281,3.424890518,2.313181639
08:11:00,2.524306774,3.425244808,2.313345671
08:11:00,2.525201321,3.425688744,2.311886072
08:11:00,2.523844242,3.42560792,2.311124563
08:11:00,2.524298429,3.426325798,2.312847137
08:11:00,2.524891853,3.425909996,2.312119007
08:11:00,2.525001287,3.425935984,2.311826706
08:11:00,2.524764061,3.426105499,2.3126719
08:11:00,2.524585009,3.425669193,2.312859297
08:11:00,2.52518034,3.425698757,2.312689781
08:11:00,2.524750233,3.425521851,2.311905622
08:11:01,2.52460289,3.426924706,2.312206507
08:11:01,2.524665117,3.42693615,2.311703444
08:11:01,2.524909735,3.426162243,2.313246727
08:11:01,2.524319649,3.42595315,2.312165737
08:11:01,2.524359941,3.42624259,2.311887264
08:11:01,2.524298429,3.426206589,2.313147783
08:11:01,2.523153305,3.425292492,2.311815023
08:11:02,2.524147511,3.425694704,2.312697172
08:11:02,2.524158001,3.426105499,2.31235981
08:11:02,2.524307251,3.425993443,2.311633348
08:11:02,2.524871349,3.425473928,2.311805248
08:11:02,2.52462244,3.426072121,2.31226182
08:11:02,2.524466038,3.425157547,2.312682867
08:11:02,2.524451256,3.425538063,2.312994719
08:11:02,2.524530888,3.425510883,2.312111378
08:11:02,2.524353743,3.425359488,2.313330889
08:11:02,2.524457455,3.425092936,2.312666416
08:11:02,2.523958921,3.425860643,2.311727524
08:11:02,2.524781704,3.42600441,2.312581301
08:11:02,2.52401638,3.42530489,2.311799526
08:11:02,2.523961782,3.425891876,2.312646627
08:11:02,2.524854898,3.425619364,2.312885761
08:11:02,2.523824453,3.425589323,2.312247276
08:11:02,2.524888754,3.425943613,2.312527657
08:11:02,2.524810553,3.426384211,2.312588692
08:11:02,2.523999453,3.426668644,2.312575817
08:11:02,2.524782896,3.426198721,2.312973261
08:11:02,2.524266243,3.425763607,2.312610626
08:11:02,2.5241189,3.426411867,2.311826229
08:11:02,2.524729013,3.426231623,2.311171055
08:11:02,2.524811745,3.425033092,2.313225269
08:11:02,2.524879456,3.425524712,2.312820911
08:11:02,2.524207115,3.42591238,2.31280756
08:11:02,2.524703264,3.425778866,2.31188941
08:11:02,2.524938583,3.42600441,2.31268549
08:11:02,2.524456978,3.425397396,2.312203407
08:11:02,2.524563313,3.426285744,2.311773777
08:11:02,2.523846626,3.425769091,2.312583447
08:11:02,2.524554014,3.426203251,2.312726736
08:11:02,2.525245428,3.425067425,2.312348366
08:11:02,2.524266243,3.42595005,2.311577559
08:11:02,2.524605274,3.425869703,2.311918497
08:11:02,2.524258852,3.426205635,2.312287331
08:11:02,2.524096489,3.42590332,2.312187195
08:11:02,2.524123907,3.425478458,2.311493874
08:11:02,2.524100065,3.42579174,2.312147856
08:11:02,2.524943352,3.425941944,2.312759876
08:11:02,2.524758816,3.425583124,2.312394619
08:11:02,2.524828911,3.425487041,2.312547922
08:11:02,2.525004148,3.425257683,2.312398195
08:11:02,2.524602413,3.426104546,2.313192129
08:11:02,2.524426937,3.425572157,2.312686205
08:11:02,2.525001764,3.425231218,2.312121868
08:11:02,2.524293423,3.425927401,2.313076735
08:11:02,2.524392843,3.425398588,2.311577082
08:11:02,2.523738384,3.426029682,2.312924623
08:11:02,2.524566174,3.426800966,2.311626196
08:11:02,2.524278641,3.425818205,2.312700748
08:11:02,2.524464846,3.426348209,2.311039686
08:11:02,2.523951054,3.42607832,2.312047958
08:11:02,2.524803877,3.426317453,2.312259912
08:11:02,2.524014473,3.426009178,2.311409473
08:11:02,2.524523973,3.42555809,2.311157465
08:11:02,2.524781704,3.425825834,2.311070442
08:11:02,2.524128199,3.425904989,2.31163168
08:11:02,2.524242401,3.425533295,2.311991453
08:11:02,2.524624825,3.425842524,2.312808275
08:11:02,2.524868965,3.425133467,2.311906338
08:11:02,2.523944855,3.425325155,2.311824322
08:11:02,2.524248123,3.426034451,2.311503887
08:11:02,2.523827314,3.42514205,2.312617779
08:11:02,2.524799347,3.424804211,2.31257391
08:11:02,2.524605274,3.424947739,2.312703133
08:11:02,2.524247646,3.425993443,2.311282396
08:11:02,2.524523258,3.426383018,2.312642813
08:11:02,2.524537802,3.426064491,2.312855482
08:11:02,2.524521589,3.42671752,2.311656475
08:11:02,2.524492979,3.425018787,2.312235594
08:11:02,2.524501562,3.426719427,2.311671734
08:11:02,2.524276257,3.426005363,2.313173056
08:11:02,2.524546862,3.426454306,2.312168121
08:11:02,2.524481773,3.425487041,2.311734915
08:11:02,2.524144411,3.426147223,2.312068939
08:11:02,2.524596214,3.425951242,2.312195539
08:11:02,2.523852348,3.425213099,2.313263416
08:11:02,2.524442434,3.426550627,2.311882496
08:11:02,2.523762941,3.425434589,2.312206507
08:11:02,2.52523613,3.427618742,2.311186075
08:11:02,2.523545265,3.425969601,2.311966181
08:11:02,2.52499485,3.425979137,2.313811779
08:11:02,2.524168491,3.425260067,2.31275773
08:11:02,2.524726152,3.426305056,2.311488152
08:11:02,2.524940968,3.425321817,2.311880112
08:11:02,2.523958445,3.426223993,2.312348843
08:11:02,2.524026871,3.426382303,2.311990023
08:11:02,2.524209738,3.426517725,2.313324213
08:11:02,2.525053978,3.426754713,2.313046455
08:11:02,2.524366617,3.426569462,2.31316185
08:11:02,2.524935007,3.426236153,2.312566042
08:11:02,2.524756432,3.425423622,2.312855959
08:11:02,2.524439573,3.42632699,2.313153982
08:11:02,2.525139332,3.425601721,2.313826561
08:11:02,2.524272919,3.425639153,2.312184334
08:11:02,2.524288416,3.425732851,2.312853098
08:11:02,2.524631023,3.426624775,2.31245923
08:11:02,2.524901867,3.425513268,2.31254673
08:11:02,2.525057316,3.426303387,2.312326908
08:11:02,2.524457932,3.425451994,2.313516378
08:11:02,2.524254799,3.425021172,2.311622858
08:11:02,2.524183273,3.425247669,2.313011408
08:11:02,2.524889231,3.425296783,2.311638117
08:11:02,2.524735212,3.42646718,2.312091589
08:11:02,2.524480104,3.42634201,2.313028336
08:11:02,2.524690628,3.425028086,2.313621998
08:11:02,2.524399281,3.425785065,2.312162876
08:11:02,2.524144411,3.426393032,2.310619831
08:11:02,2.524432898,3.426275969,2.310641766
08:11:02,2.524636507,3.425832272,2.313290834
08:11:02,2.523832321,3.426607847,2.313774109
08:11:02,2.525252342,3.426343679,2.312511921
08:11:02,2.524760008,3.426400423,2.312025309
08:11:02,2.524443865,3.425759315,2.312398672
08:11:02,2.524526596,3.425195217,2.313502312
08:11:02,2.523871183,3.426018238,2.312694073
08:11:02,2.525132418,3.426877022,2.31168437
08:11:02,2.52413559,3.426243067,2.312166452
08:11:02,2.524177313,3.425564051,2.312837124
08:11:02,2.523786545,3.426285744,2.312246799
08:11:02,2.52485013,3.425594568,2.312453508
08:11:02,2.52499485,3.425360441,2.311499119
08:11:02,2.524122953,3.424454689,2.312320232
08:11:02,2.524184704,3.424801111,2.313083649
08:11:02,2.52504158,3.426077843,2.312154293
08:11:02,2.524483681,3.425718069,2.313648701
08:11:02,2.524796247,3.425345898,2.313338518
08:11:02,2.524284601,3.424967289,2.312324524
08:11:02,2.524450064,3.425074816,2.312410355
08:11:02,2.52565527,3.426191568,2.312147141
08:11:02,2.524389982,3.426366091,2.311658859
08:11:02,2.524540901,3.426091671,2.312012911
08:11:02,2.523856401,3.425373316,2.31272459
08:11:02,2.524858952,3.425580263,2.312586784
08:11:02,2.52500248,3.425910711,2.312536478
08:11:02,2.525241137,3.426908255,2.312545538
08:11:02,2.523372889,3.425443888,2.310992002
08:11:02,2.525064468,3.426176071,2.313033581
08:11:02,2.525009394,3.426406622,2.312949419
08:11:02,2.524580717,3.42578125,2.311749697
08:11:02,2.524368763,3.426715374,2.312002659
08:11:02,2.524593115,3.424788952,2.31193161
08:11:02,2.524174213,3.425485373,2.312229395
08:11:02,2.524966002,3.427546978,2.310532093
08:11:02,2.524540901,3.425992966,2.311558962
08:11:02,2.524695635,3.426030397,2.31250906
08:11:02,2.524788141,3.425638437,2.312296391
08:11:02,2.524003983,3.42591548,2.312273264
08:11:02,2.524402857,3.42701292,2.311620474
08:11:02,2.524827957,3.426268578,2.311868668
08:11:02,2.525541067,3.425292969,2.311032057
08:11:02,2.525128841,3.426089287,2.312965155
08:11:02,2.524910927,3.426385641,2.312505007
08:11:02,2.524996042,3.425592184,2.313163042
08:11:02,2.524509907,3.425872564,2.312900782
08:11:02,2.524741411,3.425529242,2.312112331
08:11:02,2.524404526,3.425545454,2.310367107
08:11:02,2.524457455,3.424529552,2.312064171
08:11:02,2.52421999,3.424862385,2.313891649
08:11:02,2.524736404,3.425401449,2.312903643
08:11:02,2.52500701,3.427076101,2.310844183
08:11:02,2.523721218,3.426374435,2.312379599
08:11:02,2.523803234,3.425651789,2.312014818
08:11:02,2.524541616,3.425281763,2.311525822
08:11:02,2.525334358,3.426347494,2.311457157
08:11:02,2.525213242,3.426478148,2.311857939
08:11:02,2.523835659,3.426533222,2.313921213
08:11:02,2.524681091,3.425610304,2.312191725
08:11:02,2.524617195,3.426246405,2.311802149
08:11:02,2.523857832,3.426245928,2.312039852
08:11:02,2.524807453,3.424754858,2.312648296
08:11:02,2.524837255,3.425632954,2.313073874
08:11:02,2.524496555,3.426232815,2.312759399
08:11:02,2.524256468,3.42656517,2.310482502
08:11:02,2.524306297,3.425278902,2.311160326
08:11:02,2.525210142,3.425751686,2.312136889
08:11:02,2.524884462,3.425765038,2.312940121
08:11:02,2.524717808,3.425943613,2.312044382
08:11:02,2.524167299,3.426447868,2.312320948
08:11:02,2.524631739,3.426639795,2.311332941
08:11:02,2.524692059,3.426647663,2.312770605
08:11:02,2.524432182,3.42614603,2.312231779
08:11:02,2.524784565,3.425704956,2.312108994
08:11:02,2.524559736,3.426196814,2.311363935
08:11:02,2.525165319,3.425700426,2.313239574
08:11:02,2.524586678,3.425606251,2.313603401
08:11:02,2.524141312,3.424551964,2.311275005
08:11:02,2.524771214,3.424371719,2.312545061
08:11:02,2.525128126,3.426826239,2.312338352
08:11:02,2.524569273,3.425411463,2.312073469
08:11:02,2.524565697,3.425508499,2.311467886
08:11:02,2.524354935,3.425688744,2.312993526
08:11:02,2.525530577,3.425857544,2.313201904
08:11:02,2.524792194,3.426593304,2.313463449
08:11:02,2.525307417,3.425251722,2.312779188
08:11:02,2.524860144,3.426469088,2.312174559
08:11:02,2.525227785,3.426735163,2.312201262
08:11:02,2.524913549,3.426178455,2.312441826
08:11:02,2.524440289,3.425456285,2.312252522
08:11:02,2.524448156,3.426553011,2.312346458
08:11:02,2.525080204,3.425054312,2.312208414
08:11:02,2.52497077,3.427171469,2.310767412
08:11:02,2.524208307,3.426293612,2.312955141
08:11:02,2.524655819,3.425896883,2.313008547
08:11:02,2.523795128,3.425765514,2.311961889
08:11:02,2.524649382,3.425139666,2.311678648
08:11:02,2.525470257,3.426064491,2.312987566
08:11:02,2.525025368,3.426489353,2.31247139
08:11:02,2.525285721,3.426473618,2.31230998
08:11:02,2.525002956,3.426207781,2.313350677
08:11:02,2.524481297,3.424920797,2.312870502
08:11:02,2.524913549,3.425865173,2.313071728
08:11:02,2.525048018,3.426424742,2.312074184
08:11:02,2.523887634,3.42587328,2.311816692
08:11:02,2.523978472,3.425403357,2.312451601
08:11:02,2.524945021,3.425529242,2.31207943
08:11:02,2.524338484,3.425760508,2.311838865
08:11:02,2.524397135,3.425875425,2.312687874
08:11:02,2.525144577,3.42596674,2.311398506
08:11:02,2.524732828,3.426477671,2.312146664
08:11:02,2.524591923,3.425740242,2.312323093
08:11:02,2.524833679,3.425433397,2.31259346
08:11:02,2.525263309,3.424868584,2.313913345
08:11:02,2.524677277,3.425223827,2.312772989
08:11:02,2.524484158,3.425832748,2.31245923
08:11:02,2.524512768,3.425806522,2.312485218
08:11:02,2.523901463,3.425299883,2.312510252
08:11:02,2.524277925,3.424864531,2.312274456
08:11:02,2.5246346,3.425509691,2.312197924
08:11:02,2.524496078,3.425668001,2.312722206
08:11:02,2.52390933,3.42591238,2.312932014
08:11:02,2.524783134,3.425854921,2.311939478
08:11:02,2.524563313,3.426788568,2.311127186
08:11:02,2.524550438,3.426348686,2.311764479
08:11:02,2.524795055,3.426858664,2.313281536
08:11:02,2.525049686,3.426175117,2.313178778
08:11:02,2.52527833,3.426047802,2.313142776
08:11:02,2.524382353,3.426749468,2.310752869
08:11:02,2.524296284,3.425507307,2.31146884
08:11:02,2.525178432,3.425444603,2.314117432
08:11:02,2.524696112,3.425236702,2.312306404
08:11:02,2.525051594,3.425597906,2.312946558
08:11:02,2.524095297,3.426072121,2.311808109
08:11:02,2.524125814,3.426257372,2.312739611
08:11:03,2.524877548,3.424774885,2.311595678
08:11:03,2.524811029,3.425428629,2.313187599
08:11:03,2.524568081,3.425954819,2.3124578
08:11:03,2.524880648,3.425767899,2.312443018
08:11:03,2.525096655,3.425631046,2.311989307
08:11:03,2.524953842,3.424750328,2.312897444
08:11:03,2.524981737,3.425678968,2.311793566
08:11:03,2.52499938,3.426432133,2.312183142
08:11:03,2.524766922,3.426120043,2.312394619
08:11:03,2.524242401,3.427369595,2.313076258
08:11:03,2.52357316,3.425736666,2.31313777
08:11:03,2.524337053,3.42539978,2.312634706
08:11:03,2.524915218,3.425786257,2.312481403
08:11:03,2.524176836,3.425049543,2.311917782
08:11:03,2.52434206,3.426085711,2.313876867
08:11:03,2.524052858,3.426697254,2.313222885
08:11:03,2.5244174,3.426277637,2.311927319
08:11:03,2.524172783,3.426104546,2.311840057
08:11:03,2.524940491,3.425583601,2.313204288
08:11:03,2.524288416,3.42544961,2.313030005
08:11:03,2.525392294,3.424750805,2.312412739
08:11:03,2.523695707,3.426118135,2.31127429
08:11:03,2.524589062,3.425888777,2.312629938
08:11:03,2.524831533,3.426391125,2.312381506
08:11:03,2.524058104,3.42504096,2.310426235
08:11:03,2.524686098,3.425779581,2.312890053
08:11:03,2.524752855,3.425891161,2.311672211
08:11:03,2.524305105,3.425780773,2.311257362
08:11:03,2.525120497,3.425374746,2.311814547
08:11:03,2.524057388,3.42527318,2.313188076
08:11:03,2.524240017,3.425565004,2.31222868
08:11:03,2.52435708,3.424360514,2.311693192
08:11:03,2.523904085,3.425487518,2.311862707
08:11:03,2.524470091,3.425930977,2.313032389
08:11:03,2.524273396,3.42521143,2.313383818
08:11:03,2.524588585,3.425797462,2.312603235
08:11:03,2.5246346,3.425662994,2.312797785
08:11:03,2.524672031,3.426081896,2.312320948
08:11:03,2.52461648,3.426375628,2.314007044
08:11:03,2.52536726,3.425683022,2.313076258
08:11:03,2.524739027,3.425351858,2.312279701
08:11:03,2.524938583,3.425382614,2.313187599
08:11:03,2.524594307,3.425390005,2.312853098
08:11:03,2.524843931,3.425506115,2.312579393
08:11:03,2.524899244,3.426293612,2.312311649
08:11:03,2.524209023,3.42519021,2.31291914
08:11:03,2.524641037,3.425998449,2.312491655
08:11:03,2.523770332,3.42623353,2.310782909
08:11:03,2.524535656,3.425887585,2.311554909
08:11:03,2.524626493,3.424999237,2.312066555
08:11:03,2.524692535,3.424846649,2.31209445
08:11:03,2.524113894,3.425098658,2.311813354
08:11:03,2.524602413,3.425758839,2.313327551
08:11:03,2.525115013,3.426255703,2.312443972
08:11:03,2.524668694,3.426244259,2.311834097
08:11:03,2.524703741,3.427110195,2.31167388
08:11:03,2.523861647,3.426296234,2.312335491
08:11:03,2.524372339,3.425154448,2.313489676
08:11:03,2.524517059,3.425570965,2.313544035
08:11:03,2.524609089,3.426208496,2.312227488
08:11:03,2.524019957,3.426833868,2.311665773
08:11:03,2.524626017,3.425223112,2.312633038
08:11:03,2.524446249,3.425270319,2.313546419
08:11:03,2.525002956,3.425884962,2.312037706
08:11:03,2.524507761,3.425454855,2.313091516
08:11:03,2.524702549,3.426204443,2.31137538
08:11:03,2.524720192,3.425998449,2.31223321
08:11:03,2.524686813,3.424769878,2.310526848
08:11:03,2.524893045,3.426102161,2.311517239
08:11:03,2.524390459,3.42552352,2.311853409
08:11:03,2.524550915,3.424976826,2.312839985
08:11:03,2.52395153,3.425243855,2.313652277
08:11:03,2.524458647,3.425015926,2.312138557
08:11:03,2.52442956,3.425829887,2.311626911
08:11:03,2.524667025,3.426659822,2.312474012
08:11:03,2.524419546,3.425894022,2.3114779
08:11:03,2.524713039,3.425985813,2.310282707
08:11:03,2.524574995,3.425382137,2.311040878
08:11:03,2.524547338,3.426476479,2.311966658
08:11:03,2.523991346,3.426402092,2.311485291
08:11:03,2.525010109,3.425349712,2.313140392
08:11:03,2.524409294,3.425600529,2.313757896
08:11:03,2.524659872,3.424985886,2.312247753
08:11:03,2.525127172,3.425963402,2.312883854
08:11:03,2.524335623,3.425540924,2.312126875
08:11:03,2.524664402,3.425261259,2.311961412
08:11:03,2.524658918,3.425568581,2.31361866
08:11:03,2.52430582,3.426013231,2.312144756
08:11:03,2.525300503,3.425286531,2.312153101
08:11:03,2.524209023,3.426009655,2.312834978
08:11:03,2.52450037,3.426347017,2.312133312
08:11:03,2.524077892,3.425661802,2.312506676
08:11:03,2.524445057,3.425879955,2.312078953
08:11:03,2.524689198,3.425477982,2.310448885
08:11:03,2.52478528,3.425672054,2.312595606
08:11:03,2.524802208,3.425292969,2.313645124
08:11:03,2.52457118,3.42569232,2.312001467
08:11:03,2.52417922,3.425770998,2.311953783
08:11:03,2.524881363,3.42543149,2.312895298
08:11:03,2.524644613,3.426083088,2.31350112
08:11:03,2.524133682,3.426316261,2.311890125
08:11:03,2.524264097,3.426442385,2.311245203
08:11:03,2.524227619,3.425677776,2.313674212
08:11:03,2.524478912,3.425656319,2.312471867
08:11:03,2.524457932,3.425494194,2.311659336
08:11:03,2.524405718,3.42565465,2.310711622
08:11:03,2.524450779,3.425804615,2.310637236
08:11:03,2.524992466,3.426453114,2.312392473
08:11:03,2.524354935,3.425611973,2.312728167
08:11:03,2.525043011,3.426424265,2.312278032
08:11:03,2.524557352,3.42539072,2.312031984
08:11:03,2.52482152,3.426060915,2.311371326
08:11:03,2.524632454,3.426154137,2.311824322
08:11:03,2.525030613,3.426090479,2.311711073
08:11:03,2.52462244,3.426074505,2.311979532
08:11:03,2.524542093,3.42546463,2.312178135
08:11:03,2.524361372,3.426333904,2.31053257
08:11:03,2.524646521,3.426924706,2.31023407
08:11:03,2.524669886,3.425665617,2.312735319
08:11:04,2.524014473,3.426325321,2.311708927
08:11:04,2.524760008,3.424942255,2.311972857
08:11:04,2.524371147,3.425143242,2.312642097
08:11:04,2.524117231,3.424892426,2.310508728
08:11:04,2.524291039,3.425709009,2.310796261
08:11:04,2.52436924,3.426050663,2.313030005
08:11:04,2.524463654,3.426496744,2.312090874
08:11:04,2.524511576,3.425328016,2.312442541
08:11:04,2.524167299,3.425874949,2.313367128
08:11:04,2.524658918,3.425174475,2.313640594
08:11:04,2.524894238,3.425591707,2.312168598
08:11:04,2.523937941,3.425646544,2.311395168
08:11:04,2.524913073,3.425877094,2.312906504
08:11:04,2.524766445,3.425919533,2.312037706
08:11:04,2.524617195,3.426559925,2.312253475
08:11:04,2.524692535,3.425896883,2.312170029
08:11:04,2.52513814,3.425666332,2.311385393
08:11:04,2.524643421,3.426363468,2.312093973
08:11:04,2.524756432,3.426530361,2.311874866
08:11:04,2.524300814,3.425927401,2.311689615
08:11:04,2.523990154,3.426406622,2.311882496
08:11:04,2.524843454,3.425353765,2.311772585
08:11:04,2.52435708,3.42650032,2.311455011
08:11:04,2.52410078,3.426024675,2.312136173
08:11:04,2.525279999,3.425814867,2.312718868
08:11:04,2.524758816,3.425002813,2.312804937
08:11:04,2.524432898,3.425599813,2.31370306
08:11:04,2.52477932,3.425332308,2.312064171
08:11:04,2.524347544,3.426030874,2.310799122
08:11:04,2.524581194,3.425836086,2.314239264
08:11:04,2.524766922,3.425097466,2.313108921
08:11:04,2.524418354,3.424599409,2.313463926
08:11:04,2.524399996,3.426414728,2.312955856
08:11:04,2.524906874,3.426218748,2.312578917
08:11:04,2.524912119,3.426381826,2.311721325
08:11:04,2.524368286,3.424497128,2.313332081
08:11:04,2.524078846,3.425816298,2.31307435
08:11:04,2.525299311,3.425906658,2.311427832
08:11:04,2.523395538,3.426231623,2.312994719
08:11:04,2.524491787,3.426208973,2.312061548
08:11:04,2.524505854,3.425840855,2.31226635
08:11:04,2.523862362,3.427042484,2.311459064
08:11:04,2.524202108,3.426067829,2.313750029
08:11:04,2.524631739,3.425768614,2.312628031
08:11:04,2.523939371,3.426094532,2.311686039
08:11:04,2.524699211,3.425514936,2.31240797
08:11:04,2.524739504,3.425175428,2.313396692
08:11:04,2.524379253,3.425514936,2.311830759
08:11:04,2.524215937,3.426173925,2.30947423
08:11:04,2.5244596,3.425753593,2.312983274
08:11:04,2.524884462,3.426000357,2.31076026
08:11:04,2.524780989,3.425884962,2.312234879
08:11:04,2.52401185,3.426622391,2.312208891
08:11:04,2.52401185,3.426022291,2.312841177
08:11:04,2.524903059,3.424595833,2.312721014
08:11:04,2.524686813,3.425059795,2.311512232
08:11:04,2.524178028,3.427126646,2.311573505
08:11:04,2.524968386,3.42729497,2.311370611
08:11:04,2.525052786,3.426024675,2.310593605
08:11:04,2.524672747,3.424820185,2.313394308
08:11:04,2.524822712,3.426337242,2.313245058
08:11:04,2.524591923,3.426610708,2.310773134
08:11:04,2.525158405,3.427655935,2.312633514
08:11:04,2.524283409,3.424834251,2.312670708
08:11:04,2.524936914,3.424319029,2.312105894
08:11:04,2.524678707,3.424885988,2.313390255
08:11:04,2.524280548,3.426687479,2.311374903
08:11:04,2.524843931,3.426125526,2.313113213
08:11:04,2.524479628,3.425857067,2.312803507
08:11:04,2.523804426,3.425841331,2.313592672
08:11:04,2.52520895,3.423425913,2.310603857
08:11:04,2.524652004,3.425812006,2.311837196
08:11:04,2.525051594,3.426965237,2.312804222
08:11:04,2.523999453,3.426487684,2.31098175
08:11:04,2.524198055,3.426241398,2.310194492
08:11:04,2.524813652,3.42530489,2.312846661
08:11:04,2.525144577,3.425138474,2.312254667
08:11:04,2.523900509,3.427479267,2.312794447
08:11:04,2.524628878,3.42675066,2.311696529
08:11:04,2.525101423,3.427193403,2.312613249
08:11:04,2.525233746,3.425403833,2.312095642
08:11:04,2.524469614,3.425014734,2.311098814
08:11:04,2.524198055,3.425754786,2.312874556
08:11:04,2.524633646,3.425177097,2.311689138
08:11:04,2.524595261,3.426650524,2.31161356
08:11:04,2.52488184,3.426414728,2.311775684
08:11:04,2.524427414,3.425927401,2.312652826
08:11:04,2.524413347,3.424363852,2.312620163
08:11:04,2.524333239,3.425605059,2.313390732
08:11:04,2.524151802,3.425783634,2.312013626
08:11:04,2.524394512,3.426191568,2.31257534
08:11:04,2.524355412,3.425308466,2.312726259
08:11:04,2.525277138,3.42565465,2.314377546
08:11:04,2.52445364,3.425866127,2.31247592
08:11:04,2.523601294,3.426419497,2.312093258
08:11:04,2.524518967,3.427244902,2.312065363
08:11:04,2.524080276,3.426485538,2.311693192
08:11:04,2.524558067,3.426216364,2.311087847
08:11:04,2.524378777,3.424613714,2.313127279
08:11:04,2.524451256,3.425204992,2.311068058
08:11:04,2.524460793,3.426896811,2.312214136
08:11:04,2.524514198,3.426728964,2.310537815
08:11:04,2.524145126,3.425034523,2.31093049
08:11:04,2.523455858,3.424038172,2.312574863
08:11:04,2.524161577,3.423620224,2.314178944
08:11:04,2.524215937,3.426722765,2.312220573
08:11:04,2.523977757,3.426679611,2.311696053
08:11:04,2.524727345,3.425114632,2.312224388
08:11:04,2.524531603,3.424134493,2.312986612
08:11:04,2.5256989,3.426021814,2.312208414
08:11:04,2.525043011,3.426439524,2.313325882
08:11:04,2.524264574,3.426856041,2.312086344
08:11:04,2.524855375,3.42735672,2.311168909
08:11:04,2.525035381,3.425758123,2.310915232
08:11:04,2.524194956,3.426151276,2.312443972
08:11:05,2.524716616,3.425824165,2.312473774
08:11:05,2.524962187,3.425895214,2.31175518
08:11:05,2.52460289,3.427063227,2.311286211
08:11:05,2.524873734,3.426463366,2.312289
08:11:05,2.523638725,3.425381422,2.312171221
08:11:05,2.524997711,3.425513744,2.313055754
08:11:05,2.524609089,3.42562294,2.312744379
08:11:05,2.524880171,3.42573905,2.313759565
08:11:05,2.524285316,3.425999641,2.314453125
08:11:05,2.524336576,3.426593304,2.313070774
08:11:05,2.524895191,3.424915314,2.313010216
08:11:05,2.524741411,3.424063444,2.312700748
08:11:05,2.524735928,3.425388336,2.313621998
08:11:05,2.524392366,3.426318645,2.311828613
08:11:05,2.525060892,3.42679739,2.312075853
08:11:05,2.524397135,3.425421238,2.312104702
08:11:05,2.524056911,3.425046682,2.312617064
08:11:05,2.524660587,3.42493391,2.313416243
08:11:05,2.524419546,3.426774979,2.312968493
08:11:05,2.524706125,3.427568436,2.310069084
08:11:05,2.524805546,3.42658186,2.311898708
08:11:05,2.52438879,3.425790548,2.313447714
08:11:05,2.524144173,3.426645041,2.311852694
08:11:05,2.524552822,3.426427364,2.311608315
08:11:05,2.52408886,3.42632699,2.312483788
08:11:05,2.524454355,3.425581455,2.313937902
08:11:05,2.524193764,3.425908327,2.311831713
08:11:05,2.523415089,3.426002026,2.311738968
08:11:05,2.524552822,3.425624609,2.312813044
08:11:05,2.524280071,3.425125122,2.3126688
08:11:05,2.524336576,3.426615,2.311111927
08:11:05,2.524580717,3.426288605,2.311664581
08:11:05,2.524840832,3.423502445,2.311197519
08:11:05,2.524481773,3.425274372,2.312786818
08:11:05,2.524146318,3.425898075,2.312335491
08:11:05,2.524346113,3.426874399,2.311791658
08:11:05,2.524224281,3.426599026,2.31296587
08:11:05,2.524653912,3.42599678,2.313399792
08:11:05,2.52431798,3.425578356,2.312035799
08:11:05,2.524832249,3.425845861,2.311948776
08:11:05,2.523929834,3.426400423,2.310608149
08:11:05,2.524582386,3.426248312,2.311345339
08:11:05,2.524334431,3.42698431,2.311787367
08:11:05,2.52448988,3.426388264,2.312252522
08:11:05,2.524067163,3.424418449,2.313208103
08:11:05,2.524713039,3.423911095,2.312678099
08:11:05,2.524385929,3.426835775,2.315069914
08:11:05,2.524512291,3.426373243,2.312642097
08:11:05,2.524576187,3.427357912,2.311659813
08:11:05,2.525276423,3.425074577,2.312988758
08:11:05,2.525599718,3.425909519,2.312883377
08:11:05,2.524382353,3.425676584,2.311946869
08:11:05,2.525036812,3.425682545,2.310253859
08:11:05,2.524202108,3.426548958,2.312095165
08:11:05,2.524996519,3.425774336,2.312650919
08:11:05,2.524282217,3.425264597,2.311672688
08:11:05,2.524491787,3.42466855,2.312319756
08:11:05,2.524837255,3.425526381,2.311413765
08:11:05,2.52417326,3.426504374,2.312321424
08:11:05,2.524858475,3.427578211,2.312726259
08:11:05,2.524481773,3.425516605,2.312488794
08:11:05,2.524733543,3.425316095,2.31228137
08:11:05,2.524706125,3.425660372,2.312577009
08:11:05,2.524297953,3.426021814,2.312215805
08:11:05,2.524856091,3.426409483,2.31220746
08:11:05,2.524336576,3.426369667,2.311538696
08:11:05,2.525072575,3.426161528,2.311327696
08:11:05,2.524517059,3.423957586,2.313675404
08:11:05,2.524514675,3.423917294,2.312308311
08:11:05,2.524605274,3.424198627,2.312167645
08:11:05,2.524877548,3.425389528,2.311034679
08:11:05,2.524214506,3.426106691,2.312057257
08:11:05,2.52415514,3.425225735,2.312410355
08:11:05,2.523943186,3.425780773,2.31278491
08:11:05,2.524621248,3.425931692,2.311130047
08:11:05,2.52462697,3.42560339,2.312994719
08:11:05,2.525053263,3.427078962,2.311033726
08:11:05,2.52469492,3.426099539,2.310857773
08:11:05,2.524321318,3.425675392,2.311913013
08:11:05,2.52386117,3.425336123,2.313412905
08:11:05,2.524207115,3.426035166,2.311432838
08:11:05,2.524071455,3.427040577,2.311697721
08:11:05,2.524074316,3.426930904,2.311570406
08:11:05,2.524535179,3.427259207,2.312741518
08:11:05,2.524658918,3.425008059,2.312343597
08:11:05,2.524730921,3.424504995,2.311932325
08:11:05,2.524552822,3.425737381,2.310827732
08:11:05,2.524163485,3.427231312,2.312824726
08:11:05,2.52388525,3.425021172,2.312042713
08:11:05,2.524685621,3.426293612,2.3130548
08:11:05,2.524690628,3.425040483,2.311633825
08:11:05,2.525103807,3.42539978,2.313868284
08:11:05,2.524333715,3.425287247,2.312544107
08:11:05,2.525320292,3.425928116,2.311609745
08:11:05,2.523981333,3.426404476,2.310863972
08:11:05,2.524351358,3.425671577,2.312291384
08:11:05,2.524276257,3.425831556,2.312834978
08:11:05,2.524540424,3.425524235,2.313134909
