Time,X,Y,Z
15:03:54,2.560899734,3.507215977,2.558989048
15:03:54,2.56021452,3.506079435,2.559391737
15:03:54,2.561100245,3.506412745,2.560160875
15:03:54,2.560196638,3.505752087,2.558086157
15:03:54,2.560590506,3.505827665,2.558922052
15:03:54,2.560643196,3.505699635,2.557929516
15:03:54,2.560571671,3.506167889,2.558006287
15:03:54,2.561790228,3.506663561,2.559565067
15:03:54,2.560312271,3.506876945,2.558991909
15:03:54,2.560493946,3.506596327,2.558446646
15:03:54,2.560199022,3.507190704,2.557751656
15:03:54,2.559497118,3.506339312,2.558609247
15:03:54,2.56056881,3.506118536,2.558935881
15:03:54,2.559500217,3.505773544,2.557072878
15:03:54,2.559921741,3.507540941,2.558362007
15:03:54,2.560133219,3.505523443,2.557723761
15:03:54,2.559451342,3.506801128,2.558844805
15:03:54,2.560108185,3.505908728,2.556577206
15:03:54,2.559916496,3.505497456,2.558293819
15:03:54,2.559803486,3.504771233,2.557276487
15:03:54,2.560020924,3.505128622,2.558370352
15:03:54,2.559720278,3.504876375,2.557126522
15:03:54,2.559496403,3.505167961,2.55653739
15:03:54,2.560165644,3.50488472,2.558289766
15:03:54,2.559794426,3.505616188,2.558445215
15:03:54,2.560674906,3.505716801,2.557863474
15:03:54,2.560899019,3.505307198,2.557868719
15:03:54,2.560021639,3.503222942,2.558369875
15:03:54,2.560601711,3.50262785,2.55768609
15:03:54,2.560532093,3.502675533,2.558123827
15:03:54,2.559478998,3.501664877,2.55845499
15:03:54,2.56039238,3.502932072,2.558293819
15:03:54,2.560368299,3.503305197,2.558141232
15:03:54,2.560727119,3.503208637,2.558842659
15:03:54,2.56123662,3.503663301,2.558665514
15:03:54,2.560620785,3.503746986,2.55817461
15:03:54,2.561877489,3.504580736,2.559955597
15:03:54,2.56080389,3.504675627,2.558523417
15:03:54,2.561288118,3.504328251,2.559845209
15:03:54,2.56076169,3.503553867,2.559514523
15:03:54,2.561313391,3.505092382,2.558543682
15:03:54,2.56085062,3.504771948,2.558471203
15:03:54,2.56033659,3.503955603,2.55943799
15:03:54,2.560847998,3.506262302,2.559565067
15:03:54,2.56135726,3.506832361,2.559574842
15:03:54,2.561187029,3.506227016,2.559481621
15:03:54,2.560441732,3.506402969,2.558731079
15:03:54,2.561499119,3.506340981,2.558553219
15:03:54,2.560240746,3.507385731,2.55956769
15:03:54,2.560498714,3.50612402,2.559980154
15:03:54,2.560431719,3.506296635,2.558560848
15:03:54,2.560029507,3.508231878,2.559035063
15:03:54,2.56056881,3.50641036,2.559576988
15:03:54,2.560404301,3.506109476,2.558351994
15:03:54,2.560933352,3.506886482,2.558344126
15:03:54,2.560497999,3.506994963,2.55836606
15:03:54,2.560708046,3.507730246,2.558976412
15:03:54,2.56094718,3.508266449,2.558581591
15:03:54,2.559779167,3.508415222,2.557684183
15:03:54,2.560976982,3.508402824,2.558084249
15:03:54,2.561039209,3.508417368,2.558570862
15:03:54,2.560614824,3.509304762,2.559165001
15:03:54,2.561393261,3.507469893,2.559209108
15:03:54,2.561071396,3.506816626,2.557904243
15:03:54,2.560129166,3.505688667,2.558648586
15:03:54,2.560333014,3.506683588,2.559482336
15:03:54,2.561378717,3.506940842,2.559196711
15:03:54,2.560647011,3.505675554,2.55826664
15:03:54,2.560671091,3.506581783,2.559249401
15:03:54,2.56039238,3.50583744,2.558200598
15:03:54,2.561677217,3.505510092,2.558452129
15:03:54,2.561395168,3.506379604,2.558953047
15:03:54,2.560780764,3.505468845,2.559355974
15:03:54,2.560642242,3.504983902,2.558195353
15:03:54,2.561249256,3.504419565,2.558969975
15:03:54,2.560340881,3.504375219,2.558160305
15:03:54,2.560813189,3.50491333,2.558988333
15:03:54,2.560118437,3.504975557,2.558821678
15:03:54,2.561231375,3.505730152,2.557765484
15:03:54,2.560911417,3.505214453,2.558806181
15:03:54,2.561632395,3.504688978,2.557364702
15:03:54,2.560633898,3.50452137,2.558422089
15:03:54,2.560445786,3.504865885,2.558338881
15:03:54,2.561350107,3.505359173,2.557429552
15:03:54,2.560186863,3.505204678,2.55856967
15:03:54,2.561553478,3.505797863,2.557920218
15:03:54,2.560491323,3.505476475,2.559119701
15:03:54,2.560822964,3.505554199,2.557828903
15:03:54,2.561314344,3.506818771,2.558340549
15:03:54,2.560620785,3.507009745,2.559556961
15:03:54,2.561207771,3.506945848,2.557957172
15:03:54,2.56166935,3.507208824,2.558999062
15:03:54,2.561270237,3.506770849,2.558724403
15:03:54,2.560732603,3.506738901,2.558713675
15:03:55,2.561377048,3.507293701,2.560146332
15:03:55,2.561038494,3.508025646,2.559191227
15:03:55,2.560916662,3.508024454,2.558773518
15:03:55,2.560956001,3.507125378,2.558692694
15:03:55,2.560655117,3.507413626,2.558117867
15:03:55,2.560566664,3.506876945,2.5584445
15:03:55,2.56137228,3.508150339,2.55743885
15:03:55,2.561401129,3.506654263,2.559016466
15:03:55,2.560870171,3.506812811,2.559101343
15:03:55,2.561139584,3.506809473,2.558202744
15:03:55,2.559482336,3.506397247,2.558128595
15:03:55,2.560477734,3.507442474,2.558322906
15:03:55,2.561405182,3.507940292,2.558933973
15:03:55,2.561042309,3.505712032,2.558382988
15:03:55,2.560386181,3.505082369,2.558298349
15:03:55,2.560980797,3.505990028,2.558151245
15:03:55,2.56055069,3.505678177,2.558438063
15:03:55,2.560818672,3.504413605,2.559946537
15:03:55,2.561296701,3.505151749,2.558657646
15:03:55,2.560964346,3.50496769,2.560116529
15:03:55,2.561392546,3.504677296,2.559128523
15:03:55,2.560904741,3.504786491,2.558809757
15:03:55,2.561284781,3.505184174,2.559281826
15:03:55,2.561115742,3.505498171,2.559175491
15:03:55,2.561276197,3.505302191,2.558322191
15:03:55,2.560341358,3.505741358,2.558820963
15:03:55,2.559762716,3.504116774,2.559800386
15:03:55,2.561232328,3.505066156,2.559224844
15:03:55,2.560506582,3.505251408,2.559133053
15:03:55,2.56059432,3.503407717,2.557374001
15:03:55,2.560032368,3.503710985,2.559191942
15:03:55,2.560571671,3.504009247,2.557105303
15:03:55,2.559959412,3.504170895,2.559057713
15:03:55,2.560284615,3.504039288,2.55802393
15:03:55,2.561377048,3.504653215,2.557727814
15:03:55,2.560156345,3.504987717,2.55798173
15:03:55,2.561437607,3.505378723,2.557830811
15:03:55,2.560165644,3.505196095,2.558356047
15:03:55,2.56113553,3.506010294,2.559011936
15:03:55,2.561511517,3.506403685,2.557868719
15:03:55,2.560477734,3.507389545,2.560045004
15:03:55,2.562631369,3.50613308,2.558371544
15:03:55,2.560908318,3.506015539,2.558833599
15:03:55,2.559880733,3.505791664,2.558608055
15:03:55,2.561063051,3.506694078,2.559081554
15:03:55,2.560376167,3.506476164,2.558404207
15:03:55,2.560216427,3.508041382,2.558307171
15:03:55,2.560657024,3.506954193,2.558627129
15:03:55,2.561306477,3.507625103,2.558175564
15:03:55,2.560904741,3.507169485,2.558488131
15:03:55,2.561185122,3.507582903,2.558130503
15:03:55,2.560979605,3.507912874,2.559135675
15:03:55,2.561212063,3.507851362,2.558382273
15:03:55,2.560727835,3.507451534,2.559203148
15:03:55,2.561019897,3.507312536,2.558970928
15:03:55,2.561691761,3.507221937,2.558989048
15:03:55,2.56039691,3.507180929,2.557662249
15:03:55,2.560063362,3.506462336,2.559529066
15:03:55,2.559631109,3.506744385,2.557357311
15:03:55,2.560952663,3.507311344,2.559175491
15:03:55,2.561144829,3.506978512,2.558723688
15:03:55,2.560108185,3.506448269,2.559288025
15:03:55,2.560595751,3.505335093,2.558534622
15:03:55,2.560951233,3.50490427,2.55860734
15:03:55,2.56072998,3.504644632,2.558593512
15:03:55,2.560998678,3.504005194,2.557143688
15:03:55,2.560976267,3.504334211,2.559585333
15:03:55,2.560566187,3.503942251,2.558897495
15:03:55,2.560595751,3.503137112,2.558213234
15:03:55,2.560262442,3.504993677,2.558531046
15:03:55,2.56120348,3.505141258,2.558763981
15:03:55,2.560679674,3.505413294,2.559178114
15:03:55,2.561166048,3.504713297,2.558067799
15:03:55,2.560746908,3.504743814,2.558897495
15:03:55,2.55960536,3.50417161,2.556932211
15:03:55,2.56025815,3.503454447,2.558351278
15:03:55,2.560592413,3.503625631,2.55847764
15:03:55,2.561197042,3.506079435,2.55843544
15:03:55,2.560525656,3.505479813,2.558644295
15:03:55,2.56115675,3.505569935,2.560491323
15:03:55,2.560976982,3.505399704,2.558810949
15:03:55,2.561424971,3.506220341,2.559761524
15:03:55,2.561472654,3.506511688,2.558396578
15:03:55,2.561516285,3.507335424,2.560439825
15:03:55,2.56103754,3.507052898,2.558251619
15:03:55,2.560566187,3.507800579,2.558586836
15:03:55,2.560856819,3.507626534,2.558783293
15:03:55,2.560364485,3.505857706,2.556928873
15:03:55,2.560655832,3.50701189,2.557766676
15:03:55,2.56086731,3.506175995,2.558445215
15:03:55,2.560904741,3.506469727,2.558871984
15:03:55,2.560925484,3.506913185,2.559307098
15:03:55,2.561014175,3.507171154,2.558422804
15:03:55,2.560225964,3.506906748,2.558572292
15:03:55,2.561076164,3.506737709,2.558240891
15:03:55,2.560712099,3.507118702,2.558032513
15:03:55,2.560959816,3.507713795,2.558115959
15:03:55,2.560351133,3.505964756,2.558008194
15:03:55,2.56058979,3.506101608,2.558391571
15:03:55,2.560638666,3.506331205,2.557802916
15:03:55,2.560085535,3.506906748,2.558346033
15:03:55,2.560434103,3.505689859,2.559118509
15:03:55,2.56058073,3.505827188,2.559310436
15:03:55,2.561369896,3.506206751,2.558793783
15:03:55,2.560659647,3.505702257,2.559906721
15:03:55,2.561200619,3.504723787,2.558546305
15:03:55,2.560711384,3.504136324,2.557077169
15:03:55,2.560084343,3.504349232,2.557561874
15:03:55,2.560924768,3.505055666,2.558015585
15:03:55,2.56012392,3.504190445,2.557283401
15:03:55,2.55997467,3.50570941,2.558301687
15:03:55,2.560946465,3.505624771,2.558642149
15:03:55,2.5613482,3.503437042,2.557790756
15:03:55,2.560563803,3.504216671,2.558265448
15:03:55,2.560764313,3.504555941,2.557430506
15:03:56,2.560457468,3.504860878,2.558669567
15:03:56,2.560019732,3.504859447,2.558336258
15:03:56,2.560218573,3.505152225,2.558366776
15:03:56,2.560324669,3.504483461,2.558305264
15:03:56,2.560533524,3.504298925,2.558634996
15:03:56,2.560851336,3.504472733,2.558043718
15:03:56,2.561070919,3.504471302,2.557969093
15:03:56,2.560811758,3.505293846,2.557832956
15:03:56,2.560550213,3.50548315,2.557723761
15:03:56,2.561263561,3.505586147,2.55909276
15:03:56,2.561143398,3.506614685,2.559242725
15:03:56,2.561194181,3.507324219,2.558781385
15:03:56,2.561433315,3.508095503,2.558264732
15:03:56,2.560938835,3.507905006,2.558986187
15:03:56,2.560273886,3.507301569,2.559045792
15:03:56,2.560653925,3.507493734,2.558518648
15:03:56,2.560731888,3.506961107,2.558930635
15:03:56,2.561072826,3.506469011,2.558590651
15:03:56,2.560860395,3.507988691,2.558978319
15:03:56,2.561163187,3.509148598,2.558338881
15:03:56,2.560762882,3.508216143,2.557882547
15:03:56,2.561134815,3.509103537,2.559716225
15:03:56,2.561954737,3.508072615,2.55954361
15:03:56,2.560990095,3.507705927,2.559514523
15:03:56,2.560929298,3.50831151,2.559649467
15:03:56,2.561162472,3.509389877,2.557638407
15:03:56,2.560669184,3.50878191,2.559574127
15:03:56,2.560892105,3.508374691,2.55799222
15:03:56,2.560790539,3.508422136,2.558351994
15:03:56,2.561116457,3.507965088,2.558281183
15:03:56,2.560964346,3.507158518,2.559646845
15:03:56,2.561451197,3.508821011,2.559201002
15:03:56,2.562022924,3.507201672,2.559996128
15:03:56,2.561356783,3.507640839,2.560087442
15:03:56,2.561723471,3.507174969,2.558712482
15:03:56,2.560727835,3.506532431,2.55923152
15:03:56,2.561465979,3.505766392,2.560112476
15:03:56,2.560680389,3.505238295,2.558692694
15:03:56,2.561666489,3.505811214,2.558024645
15:03:56,2.560918331,3.504596233,2.559889555
15:03:56,2.561139584,3.50420928,2.559740067
15:03:56,2.560774326,3.503802776,2.558109999
15:03:56,2.561101913,3.503859997,2.557869911
15:03:56,2.560679674,3.504048347,2.558804512
15:03:56,2.561095476,3.503713608,2.55840683
15:03:56,2.561441422,3.503885746,2.558842659
15:03:56,2.560685635,3.50382328,2.557901621
15:03:56,2.560945272,3.504068613,2.558871269
15:03:56,2.560562611,3.503853798,2.558741808
15:03:56,2.560424089,3.503416777,2.559442043
15:03:56,2.560487986,3.503581285,2.557949305
15:03:56,2.560250759,3.503020048,2.558629036
15:03:56,2.560590506,3.503138781,2.559642076
15:03:56,2.560855627,3.503663301,2.557892561
15:03:56,2.560529709,3.505027771,2.558795691
15:03:56,2.561636448,3.506348372,2.559472561
15:03:56,2.561046839,3.505917549,2.55941534
15:03:56,2.561541557,3.507217884,2.56043911
15:03:56,2.561656237,3.506723404,2.55995059
15:03:56,2.561974764,3.507115602,2.559821367
15:03:56,2.562108278,3.508901119,2.558763981
15:03:56,2.561946154,3.508194923,2.558564425
15:03:56,2.561257124,3.508291721,2.559303522
15:03:56,2.562235594,3.508706808,2.559613943
15:03:56,2.563287973,3.509102345,2.560518026
15:03:56,2.561884165,3.508102179,2.559899569
15:03:56,2.562623501,3.509012699,2.558940411
15:03:56,2.561418295,3.508030891,2.558886528
15:03:56,2.561189175,3.50830698,2.558464527
15:03:56,2.561754465,3.507820845,2.557812929
15:03:56,2.561004162,3.508714914,2.558592558
15:03:56,2.561557055,3.508906603,2.558790684
15:03:56,2.561989307,3.509100437,2.557510138
15:03:56,2.560910225,3.508780479,2.559375763
15:03:56,2.560677528,3.507888794,2.557714701
15:03:56,2.561061382,3.508273602,2.557932138
15:03:56,2.560897589,3.507605314,2.557643652
15:03:56,2.560613394,3.507114887,2.560107231
15:03:56,2.561317921,3.506943226,2.558087349
15:03:56,2.561221361,3.506109476,2.558601379
15:03:56,2.560847521,3.506032705,2.558445215
15:03:56,2.561463118,3.505177736,2.558276653
15:03:56,2.560939312,3.505352736,2.558665991
15:03:56,2.561930895,3.505083323,2.55903244
15:03:56,2.560914755,3.503446102,2.557926655
15:03:56,2.561671257,3.504167795,2.557781219
15:03:56,2.56148839,3.505023956,2.559024096
15:03:56,2.560893059,3.50603199,2.560297728
15:03:56,2.560684204,3.505116224,2.557991028
15:03:56,2.561151505,3.504308701,2.557994843
15:03:56,2.561210394,3.503159046,2.559418201
15:03:56,2.560792685,3.502486467,2.55819726
15:03:56,2.561002731,3.503036261,2.557913542
15:03:56,2.560982466,3.504326344,2.5584445
15:03:56,2.560596943,3.503636122,2.55924201
15:03:56,2.560234308,3.504043102,2.558847427
15:03:56,2.56077075,3.504295111,2.559533119
15:03:56,2.560624838,3.505250216,2.55919075
15:03:56,2.559885502,3.505257368,2.558492899
15:03:56,2.560371876,3.506441116,2.557340145
15:03:56,2.561576843,3.50687623,2.558566332
15:03:56,2.56106019,3.507210255,2.558602095
15:03:56,2.561395168,3.507844925,2.558711767
15:03:56,2.561295271,3.508134365,2.558478355
15:03:56,2.560385466,3.50900054,2.55856967
15:03:56,2.560465097,3.507365465,2.557926655
15:03:56,2.560786247,3.509132385,2.558177471
15:03:56,2.560326815,3.508919001,2.557668209
15:03:56,2.56015563,3.508254766,2.557424068
15:03:56,2.560418606,3.50792408,2.558021069
15:03:56,2.561297417,3.509046793,2.558221102
15:03:56,2.560897589,3.508290529,2.558724403
15:03:56,2.56065464,3.509304762,2.559098005
15:03:56,2.56127286,3.508787632,2.557676792
15:03:56,2.561267614,3.509626627,2.558164835
15:03:56,2.560828447,3.50839591,2.5573349
15:03:56,2.560358524,3.507852077,2.558088779
15:03:56,2.561015129,3.507740021,2.558634996
15:03:56,2.561329842,3.506800413,2.558189392
15:03:57,2.559898853,3.505711317,2.558557749
15:03:57,2.56036973,3.50571847,2.558117867
15:03:57,2.560980797,3.506375074,2.558563709
15:03:57,2.560318947,3.504362822,2.558592081
15:03:57,2.561042309,3.504989147,2.558330059
15:03:57,2.560904741,3.505226851,2.558139086
15:03:57,2.560723305,3.506059408,2.558390617
15:03:57,2.560937405,3.504427433,2.559229612
15:03:57,2.560674906,3.503762484,2.558731079
15:03:57,2.561017752,3.503518581,2.559045076
15:03:57,2.560507298,3.50371623,2.559196711
15:03:57,2.561188459,3.504295111,2.558077812
15:03:57,2.560488462,3.504107475,2.559126377
15:03:57,2.561884642,3.504092216,2.559443951
15:03:57,2.5607059,3.503273726,2.559074163
15:03:57,2.561455965,3.503590345,2.560235023
15:03:57,2.560775518,3.503321409,2.558635712
15:03:57,2.560026884,3.502955914,2.558722496
15:03:57,2.562339306,3.504187346,2.55872488
15:03:57,2.560506582,3.504184961,2.558137655
15:03:57,2.559650421,3.504980564,2.557578802
15:03:57,2.560694695,3.504699945,2.558966398
15:03:57,2.560456276,3.504310369,2.558828831
15:03:57,2.560608149,3.504456043,2.558846712
15:03:57,2.560840607,3.504316568,2.558441401
15:03:57,2.56065464,3.506018162,2.558364391
15:03:57,2.560720682,3.506425142,2.559129238
15:03:57,2.560963631,3.506504297,2.558691978
15:03:57,2.559954643,3.507283926,2.557402372
15:03:57,2.560973406,3.508287191,2.55711937
15:03:57,2.560877323,3.507852793,2.559211731
15:03:57,2.560791254,3.507869005,2.557297945
15:03:57,2.560630798,3.507155895,2.557790041
15:03:57,2.561029196,3.506602049,2.558864117
15:03:57,2.56056881,3.507465124,2.557981014
15:03:57,2.561070204,3.507582188,2.558053732
15:03:57,2.560222387,3.50806284,2.557817698
15:03:57,2.560250759,3.507041454,2.558339834
15:03:57,2.561570406,3.506906033,2.558398962
15:03:57,2.560321093,3.507026196,2.559148312
15:03:57,2.560534954,3.506792068,2.558614492
15:03:57,2.560302973,3.507161379,2.559290409
15:03:57,2.561169147,3.506419659,2.558623075
15:03:57,2.560352087,3.506310463,2.559738874
15:03:57,2.559984446,3.506036997,2.559325457
15:03:57,2.559631109,3.505797863,2.558512688
15:03:57,2.562101603,3.506099701,2.557783365
15:03:57,2.560517311,3.506295443,2.557586193
15:03:57,2.561230183,3.505372286,2.558520079
15:03:57,2.560779333,3.504443645,2.558521986
15:03:57,2.560328245,3.503890514,2.558800459
15:03:57,2.56007123,3.504679203,2.559399605
15:03:57,2.560667753,3.505105972,2.558679581
15:03:57,2.561104536,3.503749132,2.558701754
15:03:57,2.561051607,3.50496769,2.558457613
15:03:57,2.561290264,3.503475428,2.558309555
15:03:57,2.561714411,3.504491568,2.558983564
15:03:57,2.56116724,3.504867077,2.558439255
15:03:57,2.56131649,3.504839182,2.558828831
15:03:57,2.561544418,3.505017757,2.558486223
15:03:57,2.56150198,3.505361795,2.558172941
15:03:57,2.560586452,3.505631924,2.559830189
15:03:57,2.561379433,3.504684687,2.559228897
15:03:57,2.561458588,3.506278276,2.560631037
15:03:57,2.561242342,3.505553007,2.559870958
15:03:57,2.560860395,3.506218433,2.557851553
15:03:57,2.56071806,3.506134987,2.559047699
15:03:57,2.561500788,3.506333828,2.558050394
15:03:57,2.560727835,3.506783485,2.557357311
15:03:57,2.561164141,3.507754564,2.558326244
15:03:57,2.560727835,3.506834984,2.559699059
15:03:57,2.560641527,3.505591393,2.558621168
15:03:57,2.561846495,3.506812096,2.558807611
15:03:57,2.560628891,3.507456064,2.559439898
15:03:57,2.560719967,3.508123636,2.557658195
15:03:57,2.560920954,3.508071661,2.557635307
15:03:57,2.560638666,3.508040667,2.55856514
15:03:57,2.560704947,3.508519173,2.558729887
15:03:57,2.561178684,3.507302284,2.557543755
15:03:57,2.560777903,3.508441448,2.558463573
15:03:57,2.560769558,3.507116795,2.558708429
15:03:57,2.561890841,3.50854969,2.558709145
15:03:57,2.560769558,3.509428024,2.558096886
15:03:57,2.56146121,3.507895231,2.559237003
15:03:57,2.561531782,3.508094072,2.558383703
15:03:57,2.561028481,3.507808208,2.559119225
15:03:57,2.561174393,3.508164167,2.557399035
15:03:57,2.561418295,3.507570505,2.559046268
15:03:57,2.561445475,3.50785923,2.559258223
15:03:57,2.561027765,3.507778406,2.559336662
15:03:57,2.561841011,3.507120132,2.558873177
15:03:57,2.561706543,3.505795002,2.556824923
15:03:57,2.561726332,3.506341696,2.560229063
15:03:57,2.562124491,3.505844116,2.558394909
15:03:57,2.561618567,3.505586863,2.559832811
15:03:57,2.56185174,3.505392313,2.560915232
15:03:57,2.562891006,3.504327059,2.558674812
15:03:57,2.561361551,3.505357742,2.559633017
15:03:57,2.560741663,3.504328966,2.55850172
15:03:57,2.560099363,3.504803896,2.559631586
15:03:57,2.560967684,3.5043118,2.558249474
15:03:57,2.56098175,3.504711151,2.558326244
15:03:57,2.56036377,3.503594875,2.558988333
15:03:57,2.561325073,3.503741741,2.558217525
15:03:57,2.561366081,3.503869057,2.559230804
15:03:57,2.561609268,3.50381875,2.559830666
15:03:57,2.560892105,3.504050255,2.558091402
15:03:57,2.561650991,3.503950357,2.559371948
15:03:57,2.561553001,3.504732847,2.559623718
15:03:57,2.560443163,3.505281448,2.558889151
15:03:57,2.560296535,3.504639626,2.558627844
15:03:57,2.56033349,3.505326033,2.558705807
15:03:57,2.56147027,3.506651163,2.560075045
15:03:57,2.562462091,3.50712204,2.557986498
15:03:57,2.561020613,3.506620407,2.557940006
15:03:57,2.560606956,3.506878138,2.560087919
15:03:58,2.560591698,3.505680799,2.558110714
15:03:58,2.560703516,3.505902529,2.559323311
15:03:58,2.560731173,3.506801844,2.559073448
15:03:58,2.56084013,3.507730722,2.559551001
15:03:58,2.561655045,3.507999659,2.559803009
15:03:58,2.56094718,3.508937359,2.558971643
15:03:58,2.561828613,3.507848263,2.558026552
15:03:58,2.560483217,3.507550955,2.557910204
15:03:58,2.561085939,3.508528233,2.558407545
15:03:58,2.560825109,3.508883715,2.558398962
15:03:58,2.560702801,3.507506371,2.558200598
15:03:58,2.560084343,3.507249117,2.558154821
15:03:58,2.559307575,3.506913185,2.55795908
15:03:58,2.560754299,3.507050991,2.557519436
15:03:58,2.560992241,3.507026196,2.558499336
15:03:58,2.561007977,3.506082058,2.559339523
15:03:58,2.560517788,3.506434917,2.558170319
15:03:58,2.560869455,3.504794121,2.557913542
15:03:58,2.560682297,3.503747702,2.558752775
15:03:58,2.55993557,3.504266262,2.55866003
15:03:58,2.561279535,3.504202366,2.558951139
15:03:58,2.561210871,3.504493952,2.559090614
15:03:58,2.560893774,3.504630327,2.557024717
15:03:58,2.560142994,3.504404545,2.558514118
15:03:58,2.560709953,3.505218744,2.557662249
15:03:58,2.560630798,3.504578114,2.558665991
15:03:58,2.560423374,3.503386259,2.558413267
15:03:58,2.560271978,3.505366325,2.558580637
15:03:58,2.561676502,3.506197453,2.559251547
15:03:58,2.561742067,3.505674362,2.559182644
15:03:58,2.561131954,3.505720615,2.559174061
15:03:58,2.560784578,3.504723787,2.559015989
15:03:58,2.561131954,3.506436348,2.559101343
15:03:58,2.561005831,3.506037474,2.55953455
15:03:58,2.561629057,3.506371498,2.559765816
15:03:58,2.560988903,3.505271673,2.558900118
15:03:58,2.561573505,3.505777359,2.558671236
15:03:58,2.560554743,3.505572557,2.558665514
15:03:58,2.56103754,3.506084442,2.559531212
15:03:58,2.560838461,3.50570035,2.558059216
15:03:58,2.560229063,3.505077124,2.557822466
15:03:58,2.560483217,3.505701542,2.55906415
15:03:58,2.560838938,3.505890846,2.559044361
15:03:58,2.561093807,3.5070436,2.558909416
15:03:58,2.561148167,3.505912304,2.557311773
15:03:58,2.562091589,3.506555557,2.559034348
15:03:58,2.561644316,3.506162405,2.55843401
15:03:58,2.56101203,3.505773544,2.558902264
15:03:58,2.561019421,3.506285667,2.558425426
15:03:58,2.561444044,3.506604671,2.5585742
15:03:58,2.560892105,3.506531,2.556622744
15:03:58,2.560105562,3.50797677,2.557342052
15:03:58,2.560812473,3.50751543,2.558260679
15:03:58,2.560288429,3.507846832,2.559417486
15:03:58,2.561211348,3.508968592,2.558773756
15:03:58,2.560599804,3.508574963,2.559023142
15:03:58,2.56025219,3.507504463,2.558778048
15:03:58,2.561076164,3.50797224,2.558659554
15:03:58,2.56042695,3.507009268,2.55896306
15:03:58,2.56199646,3.508676291,2.559175491
15:03:58,2.561583281,3.508066654,2.558349848
15:03:58,2.562083721,3.507358789,2.559419394
15:03:58,2.561329842,3.507866144,2.556804657
15:03:58,2.560475588,3.505751371,2.559346676
15:03:58,2.560499191,3.505956888,2.558219194
15:03:58,2.560897589,3.506099701,2.559209824
15:03:58,2.561983347,3.5061903,2.558163643
15:03:58,2.560830832,3.506893635,2.557985067
15:03:58,2.56093812,3.506379604,2.559155703
15:03:58,2.560668468,3.506274462,2.558231831
15:03:58,2.561327934,3.507437944,2.560039759
15:03:58,2.561407089,3.506375074,2.558171511
15:03:58,2.56098032,3.506886482,2.558722973
15:03:58,2.561457396,3.504657745,2.558145046
15:03:58,2.560092211,3.504100561,2.558910847
15:03:58,2.560211658,3.503660679,2.558972836
15:03:58,2.560618877,3.504264355,2.559535265
15:03:58,2.561118841,3.5035851,2.559170008
15:03:58,2.560715675,3.504704952,2.559156179
15:03:58,2.560780764,3.502967834,2.557874441
15:03:58,2.561074734,3.503079176,2.558357954
15:03:58,2.561138153,3.503136396,2.558387041
15:03:58,2.560839415,3.504799843,2.55835247
15:03:58,2.561220884,3.504460573,2.559118509
15:03:58,2.561489105,3.504944801,2.558452129
15:03:58,2.560810328,3.505199909,2.558777094
15:03:58,2.5601511,3.50485611,2.557978153
15:03:58,2.560007811,3.504655123,2.558371544
15:03:58,2.560445786,3.504472017,2.559074879
15:03:58,2.560928822,3.505817413,2.558348179
15:03:58,2.560799122,3.505996466,2.558985472
15:03:58,2.560630083,3.505406141,2.557193279
15:03:58,2.560527086,3.506461143,2.557781219
15:03:58,2.561181545,3.505681992,2.55770874
15:03:58,2.56152463,3.507662535,2.559251547
15:03:58,2.560540915,3.507696152,2.557528019
15:03:58,2.561715603,3.508577108,2.559582949
15:03:58,2.562344074,3.508397818,2.559470892
15:03:58,2.561131954,3.507125378,2.55867672
15:03:58,2.560592413,3.507385731,2.55792594
15:03:58,2.560476065,3.507155895,2.558750153
15:03:58,2.559656858,3.507080317,2.559762716
15:03:58,2.560745239,3.506429434,2.558606863
15:03:58,2.560551405,3.506818771,2.558751583
15:03:58,2.559959412,3.50675559,2.5583601
15:03:58,2.56055665,3.50747776,2.558686018
15:03:58,2.561039686,3.507184029,2.558485508
15:03:58,2.560433149,3.506771803,2.558584929
15:03:58,2.560933828,3.505747318,2.559470177
15:03:58,2.560991526,3.505511284,2.559786081
15:03:58,2.561823845,3.506002665,2.559437275
15:03:58,2.560968161,3.506451845,2.558924675
15:03:58,2.560784578,3.506169558,2.559421301
15:03:58,2.561115026,3.50723362,2.559524536
15:03:58,2.561041594,3.507612705,2.560203075
15:03:58,2.56145668,3.506318808,2.558573484
15:03:58,2.561166048,3.506561041,2.558794975
15:03:58,2.561120272,3.506915331,2.558857918
15:03:58,2.561251163,3.506973267,2.557506323
15:03:59,2.559693336,3.505847216,2.558372498
15:03:59,2.560639381,3.504956484,2.558906317
15:03:59,2.562308073,3.507315159,2.559165716
15:03:59,2.560728312,3.505779982,2.55888176
15:03:59,2.560425282,3.505555868,2.559191227
15:03:59,2.5607059,3.505758286,2.559851885
15:03:59,2.560620785,3.505785227,2.560060978
15:03:59,2.560914755,3.506139278,2.559824944
15:03:59,2.561084747,3.506201982,2.559107304
15:03:59,2.560778618,3.506702662,2.559344769
15:03:59,2.561026573,3.506046057,2.558840036
15:03:59,2.561128855,3.506101608,2.558960199
15:03:59,2.561945438,3.507266283,2.559704304
15:03:59,2.561480284,3.505995989,2.559478045
15:03:59,2.561264515,3.50611496,2.559406757
15:03:59,2.56122756,3.506202698,2.558311701
15:03:59,2.561151981,3.506160975,2.559046984
15:03:59,2.561821938,3.507338762,2.55950737
15:03:59,2.561158895,3.506080151,2.559743643
15:03:59,2.562003851,3.506687403,2.558594942
15:03:59,2.561574221,3.507103205,2.559855223
15:03:59,2.561117172,3.50823617,2.558917522
15:03:59,2.561354399,3.507893085,2.55793786
15:03:59,2.562550306,3.508373499,2.55965209
15:03:59,2.561321974,3.50796628,2.556791782
15:03:59,2.56047678,3.50631547,2.559791088
15:03:59,2.561131954,3.507113934,2.558810949
15:03:59,2.560746431,3.507322311,2.55970788
15:03:59,2.561549902,3.506347179,2.559998751
15:03:59,2.561508179,3.50782609,2.557776213
15:03:59,2.560822248,3.506690741,2.560459614
15:03:59,2.562249422,3.507649899,2.5587852
15:03:59,2.561101913,3.507405996,2.559320927
15:03:59,2.562359095,3.507958651,2.558991909
15:03:59,2.560632229,3.505618811,2.557357311
15:03:59,2.560480118,3.505888224,2.559244156
15:03:59,2.561680794,3.505319357,2.558996916
15:03:59,2.561549187,3.505296707,2.559945107
15:03:59,2.562594891,3.505842447,2.558217525
15:03:59,2.562290668,3.506257057,2.558609724
15:03:59,2.561323881,3.505586863,2.560573339
15:03:59,2.561307192,3.505999088,2.559372425
15:03:59,2.561859131,3.506314278,2.56008935
15:03:59,2.561266422,3.506786108,2.558585405
15:03:59,2.561130762,3.506538153,2.558732748
15:03:59,2.561372757,3.506662846,2.560497999
15:03:59,2.561753988,3.507122755,2.55843854
15:03:59,2.560700893,3.506272078,2.559684515
15:03:59,2.561527967,3.506819963,2.559043169
15:03:59,2.561615705,3.505696535,2.560312986
15:03:59,2.562195063,3.507483959,2.55984807
15:03:59,2.56115818,3.506193638,2.558581591
15:03:59,2.561771631,3.507241964,2.55980587
15:03:59,2.561117649,3.506838322,2.55889225
15:03:59,2.561708212,3.50701499,2.559826136
15:03:59,2.561469078,3.506690741,2.558610439
15:03:59,2.561553001,3.505922794,2.558170795
15:03:59,2.560196161,3.505552292,2.557816982
15:03:59,2.560582399,3.506002665,2.557853937
15:03:59,2.560529232,3.506584883,2.559316158
15:03:59,2.560799837,3.507167578,2.557633877
15:03:59,2.560999393,3.505443811,2.558986187
15:03:59,2.560955048,3.506709099,2.558580637
15:03:59,2.561144829,3.506269693,2.55764842
15:03:59,2.560595751,3.505629778,2.557903528
15:03:59,2.560914278,3.506705046,2.559081554
15:03:59,2.560687542,3.505739927,2.558459997
15:03:59,2.561169624,3.507110357,2.55800271
15:03:59,2.560519218,3.506256342,2.559738159
15:03:59,2.560501099,3.506893635,2.558508158
15:03:59,2.561661482,3.507672787,2.559623003
15:03:59,2.561635733,3.50630331,2.557984352
15:03:59,2.560576439,3.507237434,2.558276176
15:03:59,2.562495232,3.505553722,2.559411049
15:03:59,2.562394142,3.506742239,2.559872389
15:03:59,2.5615201,3.507502317,2.560236216
15:03:59,2.561879396,3.508033514,2.559936047
15:03:59,2.561458588,3.507424116,2.55968523
15:03:59,2.560775518,3.506905556,2.559328079
15:03:59,2.561443329,3.507658958,2.55927062
15:03:59,2.56134963,3.506868362,2.560277939
15:03:59,2.562117338,3.50781703,2.55843401
15:03:59,2.560816288,3.507675171,2.558134317
15:03:59,2.560887337,3.506996155,2.558330059
15:03:59,2.560085058,3.505589962,2.55815959
15:03:59,2.560490608,3.506432295,2.558660984
15:03:59,2.561661005,3.506400585,2.558610439
15:03:59,2.560575962,3.505571842,2.55856967
15:03:59,2.560647964,3.505639791,2.558800459
15:03:59,2.560112,3.50470686,2.558317184
15:03:59,2.560462952,3.505261183,2.558359385
15:03:59,2.561407566,3.504936457,2.560076714
15:03:59,2.561436892,3.505086422,2.557978153
15:03:59,2.560832262,3.505075932,2.559716225
15:03:59,2.560593605,3.503519773,2.558342695
15:03:59,2.560775518,3.505203962,2.559265375
15:03:59,2.56036973,3.505566597,2.559728146
15:03:59,2.56040144,3.506378889,2.558828115
15:03:59,2.561113834,3.50594306,2.558012009
15:03:59,2.560132027,3.504821301,2.559076071
15:03:59,2.561230183,3.506865025,2.56031394
15:03:59,2.560606956,3.506328106,2.559716225
15:03:59,2.560777187,3.507357836,2.558578014
15:03:59,2.560658455,3.506635189,2.558452129
15:03:59,2.561105728,3.506403685,2.558131218
15:03:59,2.561231852,3.50866127,2.559999466
15:03:59,2.560693026,3.506786823,2.55883503
15:03:59,2.56180954,3.50733614,2.559249878
15:03:59,2.560929298,3.506987095,2.558251619
15:03:59,2.560728312,3.507004738,2.558850527
15:03:59,2.561362267,3.50845623,2.558664799
15:03:59,2.560731173,3.508125305,2.559067726
15:03:59,2.561217546,3.506983042,2.558425903
15:03:59,2.559698582,3.505820274,2.558359385
15:03:59,2.560259581,3.506973743,2.559152126
15:04:00,2.561549187,3.506142139,2.559124947
15:04:00,2.561109781,3.506676197,2.558332682
15:04:00,2.561105251,3.506476164,2.558256865
15:04:00,2.561613321,3.505741358,2.559555054
15:04:00,2.561999559,3.507187843,2.559803009
15:04:00,2.560923338,3.50541091,2.558804512
15:04:00,2.560461044,3.506232738,2.560757399
15:04:00,2.560957193,3.504220724,2.558092594
15:04:00,2.561003447,3.504506826,2.558170795
15:04:00,2.561288118,3.505592585,2.558668852
15:04:00,2.561533213,3.504808664,2.558508158
15:04:00,2.561366796,3.506911993,2.559742928
15:04:00,2.560624838,3.505357742,2.558995485
15:04:00,2.562542439,3.50804472,2.55866766
15:04:00,2.560525656,3.505021811,2.559947968
15:04:00,2.562395573,3.507119417,2.559491634
15:04:00,2.561504364,3.506133795,2.560085535
15:04:00,2.561702967,3.506208658,2.558163643
15:04:00,2.561719656,3.505894184,2.56040287
15:04:00,2.560618877,3.504499912,2.558555126
15:04:00,2.561959505,3.505950928,2.558861256
15:04:00,2.561728716,3.505125999,2.557929516
15:04:00,2.561462641,3.505994558,2.559135675
15:04:00,2.561235189,3.50635004,2.55884552
15:04:00,2.562291145,3.506343603,2.558979034
15:04:00,2.561181545,3.506247759,2.559060574
15:04:00,2.561146259,3.506250858,2.558557749
15:04:00,2.561932564,3.506165743,2.56007576
15:04:00,2.560950041,3.505808115,2.558544636
15:04:00,2.560349941,3.507154226,2.559685707
15:04:00,2.560255289,3.506422043,2.558775902
15:04:00,2.561120272,3.506810188,2.558887005
15:04:00,2.561384678,3.50628686,2.557868719
15:04:00,2.560857534,3.504818439,2.557693243
15:04:00,2.560916662,3.506082773,2.558885098
15:04:00,2.560610533,3.506606579,2.557816982
15:04:00,2.560922623,3.506787777,2.558047295
15:04:00,2.559478998,3.505208254,2.558195353
15:04:00,2.560209274,3.505089521,2.557062387
15:04:00,2.561184406,3.50615263,2.558949947
15:04:00,2.561193466,3.50687623,2.558764458
15:04:00,2.560012579,3.506316185,2.560134888
15:04:00,2.560495853,3.506593704,2.558215141
15:04:00,2.56046629,3.507470608,2.55895853
15:04:00,2.560757399,3.507524729,2.558670044
15:04:00,2.560966969,3.507234335,2.558047295
15:04:00,2.560913563,3.506272554,2.558615208
15:04:00,2.561249733,3.508137941,2.559768677
15:04:00,2.561350822,3.505768061,2.559146881
15:04:00,2.560983658,3.506553173,2.55774641
15:04:00,2.560537577,3.507563591,2.558382988
15:04:00,2.562191963,3.506787777,2.560263872
15:04:00,2.561002254,3.507775307,2.558787823
15:04:00,2.560932636,3.506117821,2.557967663
15:04:00,2.561563492,3.507205009,2.559597969
15:04:00,2.561576843,3.505767584,2.55843544
15:04:00,2.56116128,3.507673502,2.559928179
15:04:00,2.561313391,3.507052422,2.559780598
15:04:00,2.561524153,3.508001089,2.560492039
15:04:00,2.56120038,3.507407904,2.558869123
15:04:00,2.562273979,3.507588625,2.558222294
15:04:00,2.561253786,3.506562471,2.55850172
15:04:00,2.56101346,3.506548405,2.557545662
15:04:00,2.561861038,3.507049799,2.558442831
15:04:00,2.560768127,3.505573034,2.557688475
15:04:00,2.5607934,3.506450176,2.558448553
15:04:00,2.561616421,3.506230831,2.559147596
15:04:00,2.560390949,3.506219625,2.558209181
15:04:00,2.560453176,3.506290913,2.559125662
15:04:00,2.561003447,3.506765366,2.558221102
15:04:00,2.560885668,3.505944967,2.55853343
15:04:00,2.560979605,3.506053925,2.559515476
15:04:00,2.561722755,3.506930351,2.5587852
15:04:00,2.560240507,3.505485058,2.558646917
15:04:00,2.560854673,3.504736185,2.557339668
15:04:00,2.560266733,3.505697727,2.558842659
15:04:00,2.55983901,3.506745815,2.558984756
15:04:00,2.56112957,3.505741358,2.558666706
15:04:00,2.561800718,3.507407904,2.5591681
15:04:00,2.561394453,3.506213903,2.559256792
15:04:00,2.561504841,3.505291939,2.559123993
15:04:00,2.561510324,3.505213737,2.559998751
15:04:00,2.560626745,3.505275488,2.559346676
15:04:00,2.562191486,3.50571084,2.559897661
15:04:00,2.561306,3.505349398,2.558766603
15:04:00,2.56162405,3.506931543,2.558739424
15:04:00,2.560727119,3.507045031,2.559634447
15:04:00,2.561105251,3.506855249,2.558163643
15:04:00,2.56152463,3.506970167,2.559197426
15:04:00,2.561018467,3.504937649,2.559129715
15:04:00,2.560571194,3.506549358,2.558067799
15:04:00,2.560645103,3.504548788,2.558906317
15:04:00,2.560083866,3.504811525,2.558237076
15:04:00,2.560834169,3.505244255,2.558757305
15:04:00,2.560344458,3.505816698,2.558189392
15:04:00,2.561299324,3.507183552,2.558802605
15:04:00,2.561969995,3.505931854,2.558691025
15:04:00,2.561379433,3.505169153,2.558962584
15:04:00,2.560599089,3.505281448,2.558200598
15:04:00,2.560834885,3.505201817,2.559338093
15:04:00,2.560244083,3.505634546,2.558255672
15:04:00,2.560925484,3.505944252,2.558828831
15:04:00,2.561449289,3.504703522,2.558707237
15:04:00,2.561446905,3.506286383,2.558086157
15:04:00,2.561001539,3.506398439,2.558821678
15:04:00,2.560686827,3.506711006,2.559023142
15:04:00,2.561094761,3.505763769,2.55761075
15:04:00,2.561459064,3.506198168,2.559420824
15:04:00,2.561403275,3.506271362,2.558619261
15:04:00,2.560810328,3.505497456,2.558832169
15:04:00,2.561321259,3.506669998,2.557884932
15:04:00,2.561459064,3.506267309,2.559258938
15:04:00,2.560978889,3.506173372,2.558876991
15:04:00,2.560842991,3.505339622,2.557492733
15:04:00,2.560168028,3.505774736,2.558913708
15:04:00,2.560057163,3.506718159,2.559335947
15:04:00,2.560769558,3.507192612,2.560244799
15:04:00,2.561052322,3.506377697,2.557648897
15:04:00,2.560830355,3.505687237,2.558597326
15:04:01,2.561490059,3.506946564,2.557863474
15:04:01,2.560382843,3.506644726,2.559293509
15:04:01,2.560705423,3.50750351,2.558234453
15:04:01,2.560703516,3.506302595,2.558312416
15:04:01,2.560752392,3.507298708,2.558854818
15:04:01,2.561325073,3.506496429,2.558552504
15:04:01,2.561041117,3.506354332,2.558209896
15:04:01,2.560884953,3.507319212,2.558307886
15:04:01,2.561635733,3.507187843,2.559131861
15:04:01,2.560678244,3.507022858,2.559085369
15:04:01,2.561789513,3.506895781,2.5595119
15:04:01,2.560287714,3.507251263,2.559028625
15:04:01,2.560986042,3.507750273,2.558959246
15:04:01,2.561024427,3.507737875,2.559771299
15:04:01,2.561830044,3.506221533,2.559259415
15:04:01,2.560878515,3.507214069,2.558511972
15:04:01,2.560859919,3.507045031,2.559127569
15:04:01,2.561341763,3.507140875,2.559164047
15:04:01,2.561115026,3.505508423,2.558902979
15:04:01,2.561658621,3.50641036,2.559892893
15:04:01,2.56106019,3.50620079,2.55840373
15:04:01,2.561242342,3.50601244,2.558977127
15:04:01,2.561708927,3.507597685,2.559504747
15:04:01,2.560425282,3.505464792,2.558558941
15:04:01,2.561159372,3.506176472,2.55928874
15:04:01,2.56127286,3.5070014,2.55923748
15:04:01,2.561371565,3.507574797,2.56027317
15:04:01,2.561717272,3.506442785,2.558862448
15:04:01,2.561564922,3.507470608,2.559627056
15:04:01,2.562083006,3.507096767,2.558691978
15:04:01,2.560896397,3.506407499,2.558380604
15:04:01,2.560897589,3.505083323,2.558852196
15:04:01,2.562055826,3.506753445,2.558590651
15:04:01,2.561284781,3.506733179,2.559213638
15:04:01,2.561355114,3.507391453,2.558334827
15:04:01,2.561357975,3.507408619,2.559747219
15:04:01,2.561203003,3.506092548,2.558124304
15:04:01,2.561898708,3.507249117,2.559437275
15:04:01,2.561489105,3.506727934,2.558496237
15:04:01,2.561242104,3.507140875,2.558844805
15:04:01,2.56167078,3.506715775,2.559340715
15:04:01,2.562148571,3.507033348,2.558953762
15:04:01,2.561324596,3.506814718,2.558551788
15:04:01,2.561279058,3.506696463,2.558994293
15:04:01,2.561239481,3.507382154,2.558725595
15:04:01,2.561264992,3.507254601,2.559216499
15:04:01,2.561298847,3.507086039,2.558594942
15:04:01,2.560893774,3.505926609,2.558161497
15:04:01,2.561686516,3.507824183,2.558258057
15:04:01,2.561321259,3.505719185,2.558606863
15:04:01,2.561329842,3.506824493,2.558833599
15:04:01,2.561429501,3.508186102,2.559328079
15:04:01,2.561350107,3.506491184,2.558053732
15:04:01,2.560393572,3.506943941,2.55792141
15:04:01,2.560639381,3.507072687,2.558029413
15:04:01,2.561276197,3.506937981,2.558139801
15:04:01,2.560680389,3.505628586,2.5572927
15:04:01,2.560106754,3.505619287,2.558026075
15:04:01,2.561303616,3.506177902,2.558683157
15:04:01,2.560138464,3.505340815,2.558170319
15:04:01,2.560040712,3.505276203,2.55826807
15:04:01,2.5606637,3.503797293,2.557833433
15:04:01,2.560684204,3.505585432,2.55774641
15:04:01,2.560126066,3.505203009,2.558097363
15:04:01,2.560902834,3.504742622,2.558535337
15:04:01,2.560349226,3.504850149,2.558363199
15:04:01,2.560306311,3.505800247,2.558306456
15:04:01,2.560387611,3.505521059,2.558673382
15:04:01,2.560543537,3.505963802,2.559668064
15:04:01,2.560948372,3.505864143,2.558949232
15:04:01,2.560150385,3.505863428,2.558046579
15:04:01,2.561384201,3.506688833,2.558902979
15:04:01,2.560725689,3.505933762,2.558481693
15:04:01,2.560249567,3.505302191,2.557832479
15:04:01,2.560194731,3.505719185,2.557648897
15:04:01,2.561064959,3.505797863,2.557457447
15:04:01,2.560912848,3.506705761,2.558417559
15:04:01,2.561083317,3.506870747,2.55815959
15:04:01,2.56087923,3.507339239,2.558804989
15:04:01,2.561455965,3.505452871,2.559263468
15:04:01,2.561437607,3.508034945,2.559413671
15:04:01,2.56076622,3.505231142,2.558648586
15:04:01,2.560632706,3.505901337,2.56004405
15:04:01,2.561781645,3.507341146,2.560465097
15:04:01,2.560799122,3.505346775,2.559683323
15:04:01,2.561744213,3.505420685,2.557494879
15:04:01,2.561200619,3.505893469,2.559167385
15:04:01,2.561280966,3.506127596,2.558592558
15:04:01,2.560828447,3.505411863,2.558041811
15:04:01,2.560375452,3.504931211,2.558158398
15:04:01,2.560361147,3.505654097,2.55743885
15:04:01,2.560658455,3.505950451,2.557844639
15:04:01,2.561271906,3.506269693,2.558783293
15:04:01,2.560618877,3.504903555,2.559212446
15:04:01,2.561212063,3.505026817,2.559357882
15:04:01,2.56075573,3.504886627,2.558886528
15:04:01,2.560091019,3.505368233,2.558833599
15:04:01,2.560344458,3.505303621,2.557034016
15:04:01,2.560956478,3.50673461,2.557929516
15:04:01,2.561148167,3.507274866,2.558186531
15:04:01,2.560372591,3.50699544,2.559524059
15:04:01,2.561212063,3.506393194,2.559624434
15:04:01,2.562576532,3.50748682,2.558547735
15:04:01,2.561652899,3.507274151,2.55995369
15:04:01,2.561283588,3.507394314,2.558471203
15:04:01,2.560570002,3.505668402,2.558414698
15:04:01,2.561053753,3.506112814,2.557920218
15:04:01,2.560361862,3.504978657,2.558763266
15:04:01,2.561200619,3.505558729,2.557975054
15:04:01,2.561075687,3.507120848,2.55957222
15:04:01,2.561248541,3.507788658,2.557919502
15:04:01,2.560784101,3.507000208,2.557491779
15:04:01,2.560611725,3.505209684,2.557864428
15:04:01,2.559420347,3.50727725,2.5579772
15:04:01,2.560577869,3.5078547,2.558662176
15:04:01,2.56105566,3.506139278,2.558202744
15:04:02,2.560534477,3.506201982,2.559046268
15:04:02,2.56003809,3.505930185,2.558254004
15:04:02,2.560662031,3.50545764,2.557709932
15:04:02,2.561301231,3.507227659,2.559016466
15:04:02,2.560593128,3.506490469,2.559980869
15:04:02,2.561173201,3.506673813,2.559307814
15:04:02,2.560929298,3.504955292,2.558671236
15:04:02,2.561086655,3.507201672,2.558750868
15:04:02,2.561284781,3.50683713,2.558413982
15:04:02,2.561139584,3.507017136,2.558948517
15:04:02,2.561522722,3.506408215,2.558830738
15:04:02,2.560570717,3.506635904,2.559051752
15:04:02,2.560887814,3.50620079,2.559585333
15:04:02,2.561506987,3.50563693,2.560451031
15:04:02,2.560827017,3.507159233,2.560771227
15:04:02,2.561583996,3.505813122,2.560152769
15:04:02,2.561902046,3.506781578,2.558357954
15:04:02,2.560974121,3.505890369,2.559812307
15:04:02,2.561557055,3.504793406,2.558856964
15:04:02,2.560557365,3.505419254,2.559399605
15:04:02,2.561004162,3.505648613,2.558033228
15:04:02,2.560945272,3.506107569,2.55851531
15:04:02,2.560637474,3.505401134,2.559623003
15:04:02,2.560988188,3.505550385,2.559722424
15:04:02,2.561927795,3.506630659,2.557898998
15:04:02,2.561724424,3.506616354,2.558238268
15:04:02,2.56149292,3.506351948,2.558596134
15:04:02,2.560557365,3.506951571,2.558969975
15:04:02,2.562575102,3.506587029,2.558281183
15:04:02,2.560970545,3.505870104,2.557791233
15:04:02,2.56051302,3.504525661,2.558295965
15:04:02,2.560813189,3.504970312,2.559600115
15:04:02,2.561355591,3.50548625,2.559113264
15:04:02,2.560904264,3.504479647,2.559013367
15:04:02,2.561072826,3.505694389,2.559334755
15:04:02,2.561119795,3.506840229,2.560260057
15:04:02,2.560419798,3.506046772,2.560154915
15:04:02,2.560762882,3.506353378,2.557976484
15:04:02,2.56021595,3.503560781,2.558119297
15:04:02,2.561076164,3.504898071,2.558508873
15:04:02,2.559731483,3.503806353,2.559067726
15:04:02,2.559635639,3.505325317,2.55765152
15:04:02,2.560631514,3.506002665,2.557843447
15:04:02,2.561596632,3.507288933,2.557409048
15:04:02,2.559714794,3.505367041,2.558741093
15:04:02,2.560342073,3.505234003,2.558187962
15:04:02,2.560425282,3.505577087,2.558729172
15:04:02,2.559751987,3.504904985,2.558291674
15:04:02,2.560085535,3.503771067,2.558077812
15:04:02,2.561066628,3.504894495,2.557444811
15:04:02,2.560240507,3.505370855,2.558474779
15:04:02,2.559579611,3.506354332,2.558103323
15:04:02,2.560316324,3.506927013,2.558022022
15:04:02,2.560414791,3.507238865,2.557494879
15:04:02,2.560524464,3.507812977,2.558184147
15:04:02,2.561011314,3.508041859,2.558603287
15:04:02,2.560320377,3.507542849,2.559008837
15:04:02,2.560433149,3.50688529,2.557207346
15:04:02,2.560539961,3.507539034,2.558951139
15:04:02,2.561029196,3.507691145,2.558327675
15:04:02,2.559906006,3.505496025,2.558135748
15:04:02,2.560278654,3.505538702,2.557181597
15:04:02,2.560296535,3.506645679,2.558220387
15:04:02,2.559844494,3.507185459,2.558212519
15:04:02,2.559901237,3.506074667,2.558724403
15:04:02,2.560570717,3.506839514,2.55819273
15:04:02,2.559915066,3.504793406,2.557462454
15:04:02,2.560154915,3.505237103,2.557127237
15:04:02,2.559885502,3.505286694,2.557643652
15:04:02,2.559745789,3.506244659,2.559497356
15:04:02,2.561269045,3.505038261,2.558981657
15:04:02,2.561342478,3.506405592,2.559006214
15:04:02,2.560189962,3.50563693,2.557693243
15:04:02,2.56047225,3.504865885,2.559095144
15:04:02,2.560767174,3.505479813,2.557471275
15:04:02,2.559324503,3.505120516,2.557994843
15:04:02,2.560890436,3.506838322,2.557915688
15:04:02,2.560270786,3.50541997,2.557440281
15:04:02,2.560777187,3.506106138,2.558704615
15:04:02,2.560386181,3.50539422,2.558032513
15:04:02,2.560055017,3.504687309,2.558611155
15:04:02,2.560357809,3.505488873,2.559420824
15:04:02,2.560999393,3.505624056,2.558318853
15:04:02,2.560828447,3.50642705,2.559111357
15:04:02,2.560732603,3.507012129,2.559397459
15:04:02,2.56137538,3.506347179,2.558721066
15:04:02,2.560110807,3.507282734,2.558541775
15:04:02,2.561739922,3.506917238,2.559156179
15:04:02,2.560217142,3.506747484,2.559961796
15:04:02,2.561318398,3.507189989,2.557761192
15:04:02,2.560517788,3.506769657,2.55847764
15:04:02,2.560727835,3.504983187,2.55758357
15:04:02,2.561333895,3.506036997,2.559277296
15:04:02,2.560168028,3.505676985,2.559593916
15:04:02,2.561330557,3.506418943,2.558642149
15:04:02,2.56175971,3.505903244,2.558214664
15:04:02,2.560601711,3.505833387,2.558354139
15:04:02,2.560151815,3.505891562,2.558737516
15:04:02,2.559985161,3.503987551,2.557953119
15:04:02,2.560830355,3.504833937,2.557615995
15:04:02,2.561026573,3.50551486,2.559179306
15:04:02,2.560221672,3.505509138,2.558307886
15:04:02,2.561134338,3.506491184,2.558555126
15:04:02,2.560523748,3.505451918,2.558279991
15:04:02,2.560530186,3.505402088,2.558348179
15:04:02,2.559372187,3.504954576,2.558082104
15:04:02,2.560483217,3.505314589,2.558646441
15:04:02,2.560583115,3.504974842,2.559374571
15:04:02,2.560070515,3.506439686,2.559252024
15:04:02,2.560323,3.503847361,2.557229757
15:04:02,2.560257673,3.504621983,2.558723688
15:04:02,2.560567379,3.507535696,2.558608532
15:04:02,2.560929298,3.506454468,2.55862236
15:04:02,2.561281681,3.506506205,2.557946682
15:04:02,2.56068635,3.506887197,2.558420181
15:04:02,2.561177254,3.505864859,2.558800459
15:04:02,2.560789108,3.506727934,2.558715582
15:04:02,2.561532497,3.506145477,2.558582783
15:04:02,2.561567068,3.506354809,2.557816982
15:04:03,2.559130192,3.505616665,2.55796957
15:04:03,2.559888124,3.505361795,2.557275772
15:04:03,2.560404778,3.505250216,2.557516098
15:04:03,2.56099081,3.506589651,2.557573795
15:04:03,2.560076952,3.505377293,2.556918144
15:04:03,2.559831381,3.505445242,2.557096958
15:04:03,2.560718536,3.505998611,2.557790756
15:04:03,2.560229063,3.505800724,2.557766199
15:04:03,2.559572935,3.504400253,2.557927847
15:04:03,2.560054541,3.50454545,2.55674696
15:04:03,2.559960842,3.50511694,2.556578398
15:04:03,2.560024977,3.505928755,2.55802393
15:04:03,2.55982852,3.505173922,2.5590868
15:04:03,2.560849667,3.506009579,2.557833433
15:04:03,2.560066938,3.506075382,2.558804989
15:04:03,2.559543848,3.504291534,2.558517218
15:04:03,2.558799267,3.505009651,2.557633162
15:04:03,2.561298847,3.505766392,2.558631182
15:04:03,2.56069541,3.506711721,2.559764624
15:04:03,2.560830355,3.505383968,2.558583498
15:04:03,2.561246634,3.50707984,2.559023142
15:04:03,2.560885668,3.506385565,2.557865858
15:04:03,2.559916496,3.505935192,2.558905602
15:04:03,2.560283899,3.505283356,2.558398962
15:04:03,2.560089588,3.506906033,2.557155848
15:04:03,2.560655832,3.506390333,2.558070898
15:04:03,2.561496258,3.506616354,2.558994293
15:04:03,2.559806824,3.506350756,2.558671951
15:04:03,2.560085058,3.504998207,2.558551073
15:04:03,2.560632229,3.507353544,2.557456732
15:04:03,2.560670376,3.505864143,2.558835983
15:04:03,2.560688257,3.50619483,2.557716608
15:04:03,2.560715675,3.505455732,2.557109356
15:04:03,2.559821367,3.505813122,2.558547735
15:04:03,2.560433149,3.505734444,2.558268785
15:04:03,2.559648991,3.504745245,2.558452845
15:04:03,2.560700178,3.506518602,2.558181524
15:04:03,2.560671806,3.505941629,2.558614492
15:04:03,2.559656858,3.506728649,2.557199955
15:04:03,2.560167551,3.506508112,2.557305336
15:04:03,2.560563803,3.507288933,2.558756113
15:04:03,2.560637474,3.506824493,2.557019234
15:04:03,2.561699152,3.506873608,2.558490992
15:04:03,2.560807943,3.506210566,2.558104515
15:04:03,2.560887814,3.505560875,2.556835651
15:04:03,2.56138134,3.50758934,2.55865097
15:04:03,2.56135726,3.507045031,2.558414698
15:04:03,2.561163187,3.507075548,2.560970783
15:04:03,2.56190443,3.506200075,2.557839632
15:04:03,2.560477734,3.504777908,2.559143066
15:04:03,2.560301065,3.506289482,2.558980942
15:04:03,2.560343504,3.504802465,2.55853343
15:04:03,2.560443878,3.504529953,2.558522701
15:04:03,2.559842587,3.504086733,2.557312489
15:04:03,2.560096025,3.50430131,2.558103323
15:04:03,2.560101509,3.504925013,2.558670044
15:04:03,2.560986757,3.503579855,2.55753088
15:04:03,2.560568094,3.502834082,2.558752775
15:04:03,2.560827017,3.505409479,2.559021473
15:04:03,2.560994864,3.50393033,2.557053804
15:04:03,2.559265137,3.501849651,2.556189537
15:04:03,2.559176683,3.503605366,2.556587458
15:04:03,2.559682131,3.504456758,2.557883978
15:04:03,2.561551094,3.505688667,2.558810472
15:04:03,2.56022644,3.505565882,2.558971643
15:04:03,2.561292887,3.506401062,2.558895826
15:04:03,2.559855223,3.505697727,2.557764053
15:04:03,2.561076164,3.506243229,2.559259892
15:04:03,2.559732199,3.506085873,2.55785799
15:04:03,2.560521841,3.506930828,2.558861256
15:04:03,2.56014657,3.506335974,2.557116508
15:04:03,2.560267925,3.50688529,2.559494734
15:04:03,2.56106019,3.507382154,2.557605505
15:04:03,2.561148882,3.506283045,2.558123827
15:04:03,2.560622454,3.506198883,2.557862043
15:04:03,2.559982061,3.506494999,2.557167768
15:04:03,2.560280561,3.506134272,2.559004545
15:04:03,2.560386181,3.506601334,2.558879614
15:04:03,2.56062746,3.505468845,2.557692051
15:04:03,2.560673952,3.505865574,2.558402061
15:04:03,2.560520887,3.504284382,2.558503628
15:04:03,2.560131073,3.505511284,2.558022738
15:04:03,2.560063362,3.503819466,2.558235645
15:04:03,2.560314894,3.504942656,2.558388948
15:04:03,2.560782671,3.504025221,2.558549643
15:04:03,2.560344458,3.504880428,2.559495449
15:04:03,2.55971384,3.503707886,2.559028625
15:04:03,2.559725523,3.504000902,2.557954073
15:04:03,2.559764624,3.504084349,2.558012724
15:04:03,2.56003952,3.50366497,2.558535337
15:04:03,2.561743498,3.505083323,2.55922246
15:04:03,2.561450481,3.504029989,2.560039043
15:04:03,2.561410427,3.505202532,2.559268713
15:04:03,2.560536385,3.505387068,2.55892396
15:04:03,2.560966253,3.505049944,2.557887793
15:04:03,2.560240746,3.505410194,2.558457136
15:04:03,2.560799837,3.50440979,2.558009386
15:04:03,2.55964303,3.505222797,2.557447433
15:04:03,2.56072998,3.505889654,2.558399677
15:04:03,2.56047821,3.505473852,2.558784008
15:04:03,2.561039686,3.505235195,2.558010101
15:04:03,2.562081575,3.507001877,2.558744669
15:04:03,2.56033206,3.506598711,2.558205128
15:04:03,2.561166048,3.506571531,2.558832169
15:04:03,2.561393261,3.506724119,2.558436632
15:04:03,2.561315298,3.507295132,2.557610035
15:04:03,2.560326099,3.506531715,2.557759047
15:04:03,2.561005116,3.50734973,2.558650255
15:04:03,2.560529232,3.506688118,2.557850838
15:04:03,2.559991837,3.507471085,2.560014009
15:04:03,2.560832262,3.507658243,2.559279203
15:04:03,2.559832573,3.507465124,2.559300661
15:04:03,2.561144829,3.507764339,2.558187962
15:04:03,2.561133623,3.507737398,2.559178591
15:04:03,2.561323881,3.509131193,2.557291269
15:04:04,2.560884476,3.506451368,2.557540655
15:04:04,2.561835766,3.508140564,2.559000254
15:04:04,2.560379744,3.506314993,2.559112072
15:04:04,2.560487986,3.506498337,2.558864117
15:04:04,2.560027599,3.505693913,2.557212591
15:04:04,2.56098032,3.505879879,2.559324026
15:04:04,2.56099081,3.505081892,2.558940411
15:04:04,2.560873032,3.505335808,2.558872461
15:04:04,2.562544107,3.505389452,2.557613373
15:04:04,2.560145378,3.505941629,2.55954957
15:04:04,2.560509205,3.507260323,2.557736397
15:04:04,2.561147451,3.506092548,2.556418896
15:04:04,2.560818911,3.506397963,2.558206558
15:04:04,2.561356068,3.506456614,2.558506489
15:04:04,2.559387922,3.504564762,2.556942701
15:04:04,2.560013056,3.505494833,2.558413982
15:04:04,2.559817076,3.504955292,2.559463739
15:04:04,2.559718847,3.504692316,2.558441401
15:04:04,2.560112,3.505042076,2.557856083
15:04:04,2.560287237,3.505316734,2.558914185
15:04:04,2.560152531,3.505873203,2.557935715
15:04:04,2.559907436,3.504554987,2.55761528
15:04:04,2.559273481,3.504466534,2.558277845
15:04:04,2.560488462,3.504150152,2.557168245
15:04:04,2.55998373,3.504183531,2.557618618
15:04:04,2.559985876,3.503763199,2.557258129
15:04:04,2.560239077,3.502640247,2.557243824
15:04:04,2.559746504,3.503277302,2.557024002
15:04:04,2.560671091,3.502600431,2.558290958
15:04:04,2.560770035,3.502996683,2.557453871
15:04:04,2.561354399,3.50317812,2.558754683
15:04:04,2.560003042,3.503006458,2.557794571
15:04:04,2.55894208,3.503644466,2.557985783
15:04:04,2.559629202,3.503597975,2.557409048
15:04:04,2.558989048,3.50368762,2.556926012
15:04:04,2.560784101,3.50511384,2.558106661
15:04:04,2.560022831,3.50523591,2.55856514
15:04:04,2.560412645,3.506165743,2.558742762
15:04:04,2.560667038,3.506144047,2.5583601
15:04:04,2.561783791,3.506873608,2.559607506
15:04:04,2.561105251,3.50626421,2.558794975
15:04:04,2.560782671,3.505635262,2.558967113
15:04:04,2.56068635,3.505267859,2.558044434
15:04:04,2.560133934,3.504782915,2.559024572
15:04:04,2.559724092,3.506460667,2.558252096
15:04:04,2.560966253,3.505889654,2.55793786
15:04:04,2.561108351,3.50690937,2.557721853
15:04:04,2.561777115,3.506011009,2.558098078
15:04:04,2.561032534,3.506954908,2.557280779
15:04:04,2.560135365,3.505009651,2.558234453
15:04:04,2.560762882,3.50509429,2.5584445
15:04:04,2.560656548,3.50533843,2.557166815
15:04:04,2.559210062,3.505413771,2.558332682
15:04:04,2.560455799,3.506564617,2.559580564
15:04:04,2.560590506,3.506004333,2.557730198
15:04:04,2.561101198,3.506117344,2.558755398
15:04:04,2.560208082,3.504760265,2.558360577
15:04:04,2.560164452,3.504959106,2.558783293
15:04:04,2.560814381,3.504667044,2.55840826
15:04:04,2.560209274,3.504191875,2.558217049
15:04:04,2.560590506,3.504569054,2.558186531
15:04:04,2.559919834,3.505372286,2.558372498
15:04:04,2.561242104,3.505781889,2.558148861
15:04:04,2.560452461,3.50488472,2.558992863
15:04:04,2.561153412,3.505459547,2.559031487
15:04:04,2.559679985,3.506526947,2.557932854
15:04:04,2.560321093,3.50463438,2.558576345
15:04:04,2.560474873,3.504893303,2.558181524
15:04:04,2.559520483,3.505154371,2.558686018
15:04:04,2.559823513,3.504472017,2.557748318
15:04:04,2.559913158,3.505785227,2.557313681
15:04:04,2.560774326,3.506072998,2.558914185
15:04:04,2.561235905,3.506198168,2.558495522
15:04:04,2.561465263,3.505951643,2.558110714
15:04:04,2.561137438,3.505993366,2.558085442
15:04:04,2.560429335,3.506600142,2.559882879
15:04:04,2.560572624,3.507386446,2.558261633
15:04:04,2.559900045,3.506257534,2.558434725
15:04:04,2.560613394,3.506571531,2.557665825
15:04:04,2.56040287,3.505878448,2.557036638
15:04:04,2.560319424,3.507024765,2.559135675
15:04:04,2.559402704,3.506195545,2.557766676
15:04:04,2.559703112,3.506694078,2.55839777
15:04:04,2.56115675,3.507455349,2.558213949
15:04:04,2.560484886,3.507157803,2.558733463
15:04:04,2.560110092,3.507650614,2.558529854
15:04:04,2.561131477,3.506985188,2.55660224
15:04:04,2.560759544,3.507497311,2.558176041
15:04:04,2.560876608,3.506454468,2.559417486
15:04:04,2.560714006,3.507535696,2.559458971
15:04:04,2.561173677,3.507081747,2.559011936
15:04:04,2.561865568,3.507310629,2.559180021
15:04:04,2.560415506,3.506573439,2.557961941
15:04:04,2.560423374,3.5069139,2.558867693
15:04:04,2.560185432,3.506145477,2.557865858
15:04:04,2.56091547,3.506209135,2.558568001
15:04:04,2.561399221,3.505459547,2.557520151
15:04:04,2.560747385,3.506870747,2.559097528
15:04:04,2.560956001,3.505470037,2.558470488
15:04:04,2.561074018,3.5049963,2.558200121
15:04:04,2.56108284,3.504486084,2.558708429
15:04:04,2.560475588,3.505105495,2.558238983
15:04:04,2.56102705,3.505294561,2.559693813
15:04:04,2.561350107,3.505781174,2.558387041
15:04:04,2.561185122,3.505192041,2.559109926
15:04:04,2.559738159,3.504283905,2.55819726
15:04:04,2.560943842,3.504227161,2.558924675
15:04:04,2.56102705,3.504620075,2.558695793
15:04:04,2.561241388,3.505595922,2.558823586
15:04:04,2.561153412,3.505427122,2.559282541
15:04:04,2.560815096,3.506180525,2.558639526
15:04:04,2.56156826,3.506869316,2.559320927
15:04:04,2.561431408,3.505804777,2.557362556
15:04:04,2.560902834,3.505426407,2.558414698
15:04:04,2.560382366,3.505433321,2.557667017
15:04:04,2.559925795,3.5055058,2.557764769
15:04:04,2.560719252,3.505613804,2.558893681
15:04:04,2.560330153,3.505949736,2.55740571
15:04:04,2.559676647,3.505452156,2.55866003
15:04:05,2.561595201,3.507184744,2.55799222
15:04:05,2.560786247,3.506727219,2.558693886
15:04:05,2.561089993,3.507191896,2.557676792
15:04:05,2.561101913,3.507546186,2.559156656
15:04:05,2.560949087,3.507796049,2.557636499
15:04:05,2.560460329,3.50690937,2.557594776
15:04:05,2.559490442,3.505669117,2.557855129
15:04:05,2.559844494,3.505048037,2.557053804
15:04:05,2.559844494,3.505083323,2.55828619
15:04:05,2.561008692,3.505663157,2.558275461
15:04:05,2.560639858,3.505485058,2.559136868
15:04:05,2.561475754,3.505862951,2.558431387
15:04:05,2.560763597,3.505013466,2.557075739
15:04:05,2.559634447,3.505215168,2.557563782
15:04:05,2.559888124,3.50472188,2.559041977
15:04:05,2.56105566,3.505761862,2.556529522
15:04:05,2.560792685,3.50425005,2.559070349
15:04:05,2.561035633,3.504440546,2.558702946
15:04:05,2.560250759,3.50357151,2.55768609
15:04:05,2.561320543,3.503921747,2.557816267
15:04:05,2.56016016,3.503443003,2.55737257
15:04:05,2.561854839,3.505554676,2.559704304
15:04:05,2.561068535,3.505535126,2.559149504
15:04:05,2.561231852,3.506478786,2.558316231
15:04:05,2.561708212,3.506726742,2.557590008
15:04:05,2.561209679,3.504152775,2.559187889
15:04:05,2.56017828,3.505129576,2.557640553
15:04:05,2.560739756,3.504186869,2.559801579
15:04:05,2.560593605,3.505496025,2.558618546
15:04:05,2.559814215,3.504168987,2.557465076
15:04:05,2.560364485,3.504789114,2.557051182
15:04:05,2.560254097,3.506048203,2.55775547
15:04:05,2.561025858,3.506223679,2.559320927
15:04:05,2.560493946,3.505882978,2.557608604
15:04:05,2.560182095,3.507415771,2.55796957
15:04:05,2.560270786,3.507077694,2.556920767
15:04:05,2.559467793,3.506480694,2.556646347
15:04:05,2.559563637,3.506833076,2.558154821
15:04:05,2.560467005,3.506225109,2.558714867
15:04:05,2.56058526,3.506679058,2.558314323
15:04:05,2.560344458,3.505506516,2.558414698
15:04:05,2.559422493,3.505627155,2.558281898
15:04:05,2.559529305,3.5035882,2.558453321
15:04:05,2.559723139,3.504589081,2.558217049
15:04:05,2.559909344,3.504274607,2.558907747
15:04:05,2.560415506,3.504874229,2.557497501
15:04:05,2.56073904,3.505951643,2.558415651
15:04:05,2.559995174,3.50449276,2.559141636
15:04:05,2.559726238,3.505272388,2.557866573
15:04:05,2.561027765,3.504661083,2.558920145
15:04:05,2.559664011,3.502985954,2.558630466
15:04:05,2.559921026,3.503806353,2.559084654
15:04:05,2.560446501,3.504263639,2.558099985
15:04:05,2.560167551,3.504675627,2.558697939
15:04:05,2.560098648,3.504204988,2.558572292
15:04:05,2.560989618,3.504344463,2.557693243
15:04:05,2.558917761,3.504444361,2.559143782
15:04:05,2.559491158,3.503949881,2.557634592
15:04:05,2.559840441,3.503276587,2.557761908
15:04:05,2.559629917,3.504989147,2.55816555
15:04:05,2.560697317,3.504801273,2.55805707
15:04:05,2.560298443,3.504682541,2.55708003
15:04:05,2.559970856,3.5040977,2.558338165
15:04:05,2.558859825,3.504102707,2.557785749
15:04:05,2.56013751,3.504684687,2.558301687
15:04:05,2.56011796,3.505777359,2.558503628
15:04:05,2.560248137,3.505775452,2.558300972
15:04:05,2.560199022,3.504974842,2.558579445
15:04:05,2.559094191,3.503628731,2.55802536
15:04:05,2.560162067,3.50488472,2.558120012
15:04:05,2.559941053,3.505503893,2.558553219
15:04:05,2.559769154,3.505607605,2.55705905
15:04:05,2.55994916,3.506207228,2.556788683
15:04:05,2.561127663,3.506736994,2.558353186
15:04:05,2.559406281,3.504649162,2.557570934
15:04:05,2.560455084,3.504901648,2.557883263
15:04:05,2.560420513,3.505052567,2.558195829
15:04:05,2.561019897,3.50474,2.558248043
15:04:05,2.560726404,3.504122734,2.55850935
15:04:05,2.560421944,3.503869057,2.559114456
15:04:05,2.559981346,3.504213572,2.557231903
15:04:05,2.559050322,3.503433704,2.558907032
15:04:05,2.560316324,3.503169298,2.559245586
15:04:05,2.559360981,3.50354147,2.557240248
15:04:05,2.559844017,3.502686024,2.557248354
15:04:05,2.559616566,3.50300312,2.556921721
15:04:05,2.559023142,3.502762794,2.557116508
15:04:05,2.559357643,3.502719879,2.557607889
15:04:05,2.56000185,3.503149271,2.556701422
15:04:05,2.559569359,3.503024101,2.558184624
15:04:05,2.559123039,3.502230167,2.558013439
15:04:05,2.559587479,3.502468824,2.556897879
15:04:05,2.560443163,3.50214386,2.557375193
15:04:05,2.56010747,3.502034903,2.557467222
15:04:05,2.559941053,3.502687454,2.55848217
15:04:05,2.559223413,3.503129721,2.556709766
15:04:05,2.559702396,3.502601147,2.556776047
15:04:05,2.559597492,3.502918959,2.558439255
15:04:05,2.559937716,3.504427433,2.557352066
15:04:05,2.559159279,3.504145622,2.557417631
15:04:05,2.559625149,3.503776312,2.555524826
15:04:05,2.559868574,3.5039258,2.556506157
15:04:05,2.560534954,3.504343271,2.556774855
15:04:05,2.558952332,3.503917217,2.557047367
15:04:05,2.560077667,3.504092932,2.557978153
15:04:05,2.560055971,3.504513741,2.55633235
15:04:05,2.55932188,3.504586458,2.557008743
15:04:05,2.55933857,3.504581451,2.557605505
15:04:05,2.56086731,3.504841566,2.557247639
15:04:05,2.560780764,3.505188704,2.55656004
15:04:05,2.559812069,3.506005764,2.558199167
15:04:05,2.560441732,3.506149054,2.558334112
15:04:05,2.560084343,3.506775141,2.556560516
15:04:05,2.560106039,3.506730556,2.557637691
15:04:05,2.560329437,3.506234884,2.557564974
15:04:05,2.559354782,3.506502867,2.557173491
15:04:06,2.560348511,3.506443501,2.558430195
15:04:06,2.560345888,3.506895781,2.557783842
15:04:06,2.560307741,3.50676322,2.55789113
15:04:06,2.559720993,3.50687623,2.556372643
15:04:06,2.560590506,3.506594658,2.558489561
15:04:06,2.560408831,3.505645752,2.557482243
15:04:06,2.559782505,3.50706315,2.558904171
15:04:06,2.559982061,3.505522966,2.557520866
15:04:06,2.55965209,3.506572008,2.557578087
15:04:06,2.560283899,3.505847931,2.557018518
15:04:06,2.560606241,3.506405115,2.558365107
15:04:06,2.560199738,3.506817341,2.557422161
15:04:06,2.559455872,3.505841255,2.558003664
15:04:06,2.559493542,3.505403996,2.556539297
15:04:06,2.559383869,3.505100012,2.557353497
15:04:06,2.559410334,3.505419254,2.557547808
15:04:06,2.559918642,3.505288839,2.55796504
15:04:06,2.559690475,3.504781008,2.556880713
15:04:06,2.559500933,3.505129576,2.557989359
15:04:06,2.55920434,3.505027771,2.557678699
15:04:06,2.560560226,3.505370855,2.557350636
15:04:06,2.560708046,3.503233433,2.558282614
15:04:06,2.560831547,3.505045176,2.557633877
15:04:06,2.559785366,3.503444672,2.558745384
15:04:06,2.560525656,3.503613949,2.558366776
15:04:06,2.560267448,3.503112793,2.558519125
15:04:06,2.559952021,3.504034996,2.557908297
15:04:06,2.560653925,3.504153967,2.55678463
15:04:06,2.560206413,3.502468109,2.55705452
15:04:06,2.559567213,3.504328966,2.557830811
15:04:06,2.56044054,3.503439665,2.558392286
15:04:06,2.559774637,3.504422188,2.557229757
15:04:06,2.55994916,3.504380703,2.558554411
15:04:06,2.560700893,3.503911495,2.556703329
15:04:06,2.560085535,3.503489971,2.558725595
15:04:06,2.560613394,3.504439116,2.558447361
15:04:06,2.560679197,3.504960537,2.557803631
15:04:06,2.560644627,3.505370855,2.55780077
15:04:06,2.560076952,3.505745411,2.55793786
15:04:06,2.560709953,3.506298304,2.558001995
15:04:06,2.560209274,3.505733728,2.557725668
15:04:06,2.559503078,3.505229712,2.558055639
15:04:06,2.560092211,3.504581451,2.557010174
15:04:06,2.56015563,3.505460978,2.558976412
15:04:06,2.559632301,3.505615473,2.557041168
15:04:06,2.559858799,3.505314589,2.558277845
15:04:06,2.560297012,3.505319357,2.5584445
15:04:06,2.560279369,3.506237268,2.55895257
15:04:06,2.560125589,3.505013943,2.558043242
15:04:06,2.55953598,3.505773544,2.558127165
15:04:06,2.560237646,3.506747007,2.558964491
15:04:06,2.560460329,3.506628036,2.557795763
15:04:06,2.559846401,3.504837275,2.559240103
15:04:06,2.559692621,3.505639791,2.556835651
15:04:06,2.560362577,3.505489588,2.5576756
15:04:06,2.559740067,3.505567312,2.557633162
15:04:06,2.559942007,3.504291058,2.557763577
15:04:06,2.559524775,3.504338741,2.557348013
15:04:06,2.559547901,3.506045341,2.559696436
15:04:06,2.561214924,3.505193949,2.558806896
15:04:06,2.562227726,3.504514217,2.559291601
15:04:06,2.560507774,3.505015135,2.557946682
15:04:06,2.561085939,3.504217386,2.559488058
15:04:06,2.560582399,3.505279541,2.558461905
15:04:06,2.561208248,3.503609896,2.558634281
15:04:06,2.561492205,3.505744219,2.559783936
15:04:06,2.560592413,3.50315237,2.558404922
15:04:06,2.560020924,3.504325151,2.559281111
15:04:06,2.5607934,3.505930901,2.559785128
15:04:06,2.561414242,3.505378723,2.559412241
15:04:06,2.560637951,3.503819466,2.558043718
15:04:06,2.561806202,3.504086733,2.55886054
15:04:06,2.562005758,3.50525856,2.557761192
15:04:06,2.561312675,3.50593257,2.557930231
15:04:06,2.560884953,3.506378412,2.558264732
15:04:06,2.56087923,3.505861998,2.558805704
15:04:06,2.562306166,3.507160425,2.558977604
15:04:06,2.562124491,3.508143187,2.559338093
15:04:06,2.561048269,3.508123636,2.55846715
15:04:06,2.561286211,3.508020639,2.557830811
15:04:06,2.560413361,3.507935762,2.558378696
15:04:06,2.560196161,3.507472277,2.559067726
15:04:06,2.559968233,3.507963657,2.558118582
15:04:06,2.560678244,3.508729219,2.559310436
15:04:06,2.561387062,3.509643078,2.557480335
15:04:06,2.560379028,3.50821805,2.558539152
15:04:06,2.561313391,3.50771904,2.558149576
15:04:06,2.561279058,3.50706768,2.559267282
15:04:06,2.561043739,3.508111238,2.559013367
15:04:06,2.562104702,3.508837938,2.559442759
15:04:06,2.561655521,3.507288933,2.558480978
15:04:06,2.561345339,3.507240772,2.559497356
15:04:06,2.561309338,3.507411718,2.559071541
15:04:06,2.560114145,3.506568193,2.559251547
15:04:06,2.560762405,3.50590992,2.558318377
15:04:06,2.560862064,3.506654978,2.558864832
15:04:06,2.560971737,3.506850004,2.559698343
15:04:06,2.561854362,3.506570101,2.558809757
15:04:06,2.560769558,3.506577969,2.559389114
15:04:06,2.561244965,3.506333828,2.558674812
15:04:06,2.561105251,3.506804943,2.558028221
15:04:06,2.560158968,3.505349398,2.55868125
15:04:06,2.560290575,3.505064249,2.558701277
15:04:06,2.560412169,3.504846334,2.558877707
15:04:06,2.560673952,3.505115271,2.55967021
15:04:06,2.561396837,3.505175114,2.559143066
15:04:06,2.560324669,3.505699635,2.559248209
15:04:06,2.560309172,3.506419659,2.558963776
15:04:06,2.561194897,3.505064249,2.558767319
15:04:06,2.561730146,3.505913734,2.55955863
15:04:06,2.560996056,3.505738735,2.558210373
15:04:06,2.560343742,3.505399704,2.559099436
15:04:06,2.561151505,3.506469011,2.558332682
15:04:06,2.560847521,3.506954908,2.558792591
15:04:06,2.561181068,3.506034851,2.558579445
15:04:06,2.560825825,3.505854368,2.559099913
15:04:06,2.561571598,3.506562471,2.558625221
15:04:06,2.55993104,3.505486965,2.558200598
15:04:06,2.559782982,3.505507231,2.558049917
15:04:07,2.560386181,3.505866051,2.558308363
15:04:07,2.560050726,3.505546331,2.557968378
15:04:07,2.560071707,3.504838467,2.557547808
15:04:07,2.560109377,3.50629878,2.558769941
15:04:07,2.560797215,3.507151365,2.559110641
15:04:07,2.56155777,3.506721973,2.558483839
15:04:07,2.560625315,3.506801844,2.558247328
15:04:07,2.561221361,3.507037878,2.558792591
15:04:07,2.560459614,3.506067753,2.556488514
15:04:07,2.560720682,3.506623745,2.558168173
15:04:07,2.561196327,3.506852388,2.559325457
15:04:07,2.560132742,3.505147457,2.558013439
15:04:07,2.561544418,3.506267309,2.559619188
15:04:07,2.560411453,3.505813122,2.558610439
15:04:07,2.560374498,3.504752398,2.559069633
15:04:07,2.560013056,3.505095005,2.558938265
15:04:07,2.5598979,3.504067898,2.557454586
15:04:07,2.560157299,3.505135298,2.55717802
15:04:07,2.559731483,3.504929304,2.556996822
15:04:07,2.559669971,3.503504276,2.558625221
15:04:07,2.559293985,3.504977942,2.5578897
15:04:07,2.560374975,3.503684998,2.558621883
15:04:07,2.560132027,3.504212856,2.558147669
15:04:07,2.560437679,3.505382061,2.558563232
15:04:07,2.560275078,3.505045652,2.559096575
15:04:07,2.560622692,3.506528854,2.558035374
15:04:07,2.561417103,3.50645256,2.559516191
15:04:07,2.560886383,3.504921913,2.558308363
15:04:07,2.560221672,3.50538516,2.558731079
15:04:07,2.560020924,3.504881144,2.558078289
15:04:07,2.56042695,3.504632235,2.558653593
15:04:07,2.560183525,3.50333333,2.557324409
15:04:07,2.559783697,3.505590677,2.557768106
15:04:07,2.560693026,3.505069971,2.558103323
15:04:07,2.560435295,3.504564047,2.558596849
15:04:07,2.560489893,3.504322529,2.558841467
15:04:07,2.561107874,3.503535509,2.55883956
15:04:07,2.560860395,3.503021955,2.558965206
15:04:07,2.560166359,3.504920721,2.557256222
15:04:07,2.561050415,3.506361723,2.559660196
15:04:07,2.560539007,3.506289005,2.55902648
15:04:07,2.560895681,3.506198883,2.558879614
15:04:07,2.561765909,3.506193638,2.558057785
15:04:07,2.560894966,3.506412268,2.558979034
15:04:07,2.562084913,3.507526636,2.558967113
15:04:07,2.561041594,3.506765366,2.558621883
15:04:07,2.561351538,3.506795168,2.558353186
15:04:07,2.560302496,3.505464792,2.558560848
15:04:07,2.560721874,3.506769657,2.558308363
15:04:07,2.560011625,3.505057812,2.558672667
15:04:07,2.560041428,3.505633354,2.558173418
15:04:07,2.560646534,3.506499529,2.557532787
15:04:07,2.560992241,3.507012129,2.5583179
15:04:07,2.560945988,3.505992651,2.558273315
15:04:07,2.560269356,3.506657362,2.557007551
15:04:07,2.560930014,3.505389452,2.557497501
15:04:07,2.560382843,3.505257368,2.559087515
15:04:07,2.560872316,3.505886316,2.55750227
15:04:07,2.560464144,3.507275581,2.557651043
15:04:07,2.561855555,3.507177353,2.557703257
15:04:07,2.561064959,3.507686853,2.558889627
15:04:07,2.561778784,3.507666826,2.558818817
15:04:07,2.560459614,3.507091999,2.558351278
15:04:07,2.560233593,3.506153822,2.558703899
15:04:07,2.559932232,3.506516457,2.558624029
15:04:07,2.560170889,3.507068634,2.557854414
15:04:07,2.561115742,3.506972551,2.558540583
15:04:07,2.560182095,3.505776167,2.557605505
15:04:07,2.5599792,3.506403685,2.55872488
15:04:07,2.560347319,3.506008863,2.557905674
15:04:07,2.559984446,3.504144907,2.558083534
15:04:07,2.561030388,3.504508495,2.558891058
15:04:07,2.56119585,3.503878117,2.558041811
15:04:07,2.561248541,3.504772425,2.558499336
15:04:07,2.56032896,3.504261017,2.558610439
15:04:07,2.559791803,3.504014492,2.558154821
15:04:07,2.560608149,3.504447699,2.559658289
15:04:07,2.560377836,3.505367517,2.559140444
15:04:07,2.560828447,3.504979372,2.557601452
15:04:07,2.560447693,3.504588604,2.55840683
15:04:07,2.561407089,3.504303217,2.55843544
15:04:07,2.561053038,3.503922462,2.559165716
15:04:07,2.560091019,3.504696369,2.559036493
15:04:07,2.561652899,3.50463438,2.559070826
15:04:07,2.561185122,3.503799915,2.558866024
15:04:07,2.559822559,3.505380154,2.557898998
15:04:07,2.560723305,3.50629878,2.55919075
15:04:07,2.560337305,3.50417161,2.557637691
15:04:07,2.560211182,3.505063534,2.558389664
15:04:07,2.560917377,3.5050354,2.558443785
15:04:07,2.560271978,3.503270388,2.558035374
15:04:07,2.560096741,3.504901648,2.557893276
15:04:07,2.560153008,3.504980564,2.557448626
15:04:07,2.560567379,3.505799532,2.55816102
15:04:07,2.561180353,3.505413294,2.558781862
15:04:07,2.561198473,3.504141092,2.557773352
15:04:07,2.560400724,3.504843712,2.557431221
15:04:07,2.559830666,3.504546881,2.557906151
15:04:07,2.560551882,3.504769325,2.557249546
15:04:07,2.559378624,3.505075932,2.558942556
15:04:07,2.561322689,3.505565166,2.558182955
15:04:07,2.559909821,3.506489754,2.558072805
15:04:07,2.561403275,3.505919695,2.557258129
15:04:07,2.560996056,3.506365299,2.558825254
15:04:07,2.561581612,3.506475449,2.558434725
15:04:07,2.561194897,3.504592657,2.559109211
15:04:07,2.560572624,3.505340815,2.55943203
15:04:07,2.560730457,3.506277084,2.559854031
15:04:07,2.561763287,3.505344868,2.559757233
15:04:07,2.561666012,3.506262302,2.558910131
15:04:07,2.561399698,3.506103754,2.560378313
15:04:07,2.56166935,3.50641036,2.559295177
15:04:07,2.560604334,3.504780293,2.558912039
15:04:07,2.56105876,3.504631758,2.559582949
15:04:07,2.560972452,3.504788399,2.558135748
15:04:08,2.560776234,3.505226135,2.559773445
15:04:08,2.561159849,3.504856825,2.559172869
15:04:08,2.560908318,3.504859924,2.559813023
15:04:08,2.561111689,3.505193949,2.55874896
15:04:08,2.560223103,3.505019903,2.558290482
15:04:08,2.561505556,3.505961895,2.559507847
15:04:08,2.56022501,3.50696826,2.557981014
15:04:08,2.560840607,3.507707119,2.557112694
15:04:08,2.560357094,3.507330179,2.558722973
15:04:08,2.560442448,3.507171869,2.558211088
15:04:08,2.560152531,3.50782609,2.558497429
15:04:08,2.560151815,3.507433176,2.55758357
15:04:08,2.559668779,3.506481409,2.558492899
15:04:08,2.559545755,3.507032156,2.558940411
15:04:08,2.559745789,3.508086205,2.557785273
15:04:08,2.560398102,3.507486343,2.557551861
15:04:08,2.56008625,3.507444382,2.558311701
15:04:08,2.560665607,3.507045031,2.557118177
15:04:08,2.560726404,3.506749392,2.557969093
15:04:08,2.56042695,3.507323027,2.559238195
15:04:08,2.560162067,3.506562948,2.557907581
15:04:08,2.560725451,3.506665945,2.556866169
15:04:08,2.560083151,3.506777048,2.557567835
15:04:08,2.560299158,3.506236076,2.556244135
15:04:08,2.560233593,3.506441355,2.558006763
15:04:08,2.559561729,3.505899668,2.558102608
15:04:08,2.560484886,3.505987406,2.557765484
15:04:08,2.559837341,3.505354643,2.558411121
15:04:08,2.560807943,3.503975868,2.557879686
15:04:08,2.560223579,3.503881931,2.557629824
15:04:08,2.560786247,3.503705263,2.558326244
15:04:08,2.560702801,3.505256176,2.559814215
15:04:08,2.560887337,3.504037142,2.55873704
15:04:08,2.560382366,3.504038572,2.557545185
15:04:08,2.559644222,3.503752708,2.558092117
15:04:08,2.561045885,3.504230976,2.557801962
15:04:08,2.560834885,3.503667355,2.558378696
15:04:08,2.561085939,3.503480196,2.558656931
15:04:08,2.560271978,3.503971577,2.559839249
15:04:08,2.560133219,3.503691196,2.558171511
15:04:08,2.560141087,3.504186153,2.558489561
15:04:08,2.560318947,3.504045725,2.557214499
15:04:08,2.559922934,3.505361795,2.55765748
15:04:08,2.559750795,3.504602432,2.55785799
15:04:08,2.559700489,3.503755331,2.557546377
15:04:08,2.559390783,3.503988266,2.558266163
15:04:08,2.560231447,3.504508972,2.559272528
15:04:08,2.561229467,3.50611496,2.5586133
15:04:08,2.561252356,3.505299807,2.557548523
15:04:08,2.560623407,3.505990744,2.558392286
15:04:08,2.560382366,3.505093813,2.558114529
15:04:08,2.559525967,3.504671335,2.557967663
15:04:08,2.559032917,3.504614115,2.558532715
15:04:08,2.559805632,3.504621983,2.557443142
15:04:08,2.559329271,3.505171776,2.557010889
15:04:08,2.559616089,3.505577087,2.557601452
15:04:08,2.560883045,3.50594306,2.557699919
15:04:08,2.560135841,3.505761862,2.5572052
15:04:08,2.560012579,3.505424261,2.558230162
15:04:08,2.559494972,3.505979538,2.557251453
15:04:08,2.560318232,3.504923105,2.558638573
15:04:08,2.560523748,3.505563498,2.557824135
15:04:08,2.560595751,3.507305384,2.558492184
15:04:08,2.560231447,3.506411552,2.557643175
15:04:08,2.55987072,3.506896973,2.558256865
15:04:08,2.559467793,3.506153345,2.558178663
15:04:08,2.56050849,3.50552249,2.55775404
15:04:08,2.560151815,3.505857706,2.55668354
15:04:08,2.559533119,3.50703907,2.558526039
15:04:08,2.560704231,3.506895781,2.557901144
15:04:08,2.561272383,3.507657051,2.558643818
15:04:08,2.56032896,3.507183552,2.558325529
15:04:08,2.560656548,3.506637335,2.558584929
15:04:08,2.560464144,3.506965399,2.558359385
15:04:08,2.561481714,3.507324219,2.558633089
15:04:08,2.561418295,3.507221937,2.558813572
15:04:08,2.561443329,3.506505489,2.558166027
15:04:08,2.561392546,3.507134676,2.558637857
15:04:08,2.560986757,3.506162405,2.559341431
15:04:08,2.561308622,3.506104469,2.55795908
15:04:08,2.561884165,3.50558877,2.559293032
15:04:08,2.561808348,3.506029367,2.557406187
15:04:08,2.561597347,3.50688982,2.559519053
15:04:08,2.561985731,3.504764795,2.55998683
15:04:08,2.560634613,3.50425005,2.559962749
15:04:08,2.561451912,3.504501343,2.558845997
15:04:08,2.560545444,3.503952742,2.558633089
15:04:08,2.56080246,3.504509687,2.558546066
15:04:08,2.560821533,3.503940582,2.558192015
15:04:08,2.561281681,3.503683805,2.559346676
15:04:08,2.560638666,3.503946543,2.558763266
15:04:08,2.561313391,3.503257751,2.558697939
15:04:08,2.560819626,3.502871513,2.557132483
15:04:08,2.560659647,3.503063917,2.557661533
15:04:08,2.561556339,3.503423214,2.559565067
15:04:08,2.561639547,3.504970312,2.559034348
15:04:08,2.559669495,3.504928589,2.558908224
15:04:08,2.561672688,3.505907059,2.560397387
15:04:08,2.561664104,3.506134272,2.560186148
15:04:08,2.560349941,3.505464792,2.558980942
15:04:08,2.560135841,3.50592351,2.559616566
15:04:08,2.560819626,3.506475449,2.558885098
15:04:08,2.560618877,3.50911212,2.559289932
15:04:08,2.560943842,3.509348154,2.55847311
15:04:08,2.561279058,3.507947445,2.558728218
15:04:08,2.560435295,3.50850606,2.558029413
15:04:08,2.560435295,3.508444548,2.559566259
15:04:08,2.560788631,3.508779287,2.55888176
15:04:08,2.56117177,3.50797224,2.5592103
15:04:08,2.561253786,3.508917809,2.558037281
15:04:08,2.560333014,3.508787632,2.559449196
15:04:08,2.561253071,3.508336306,2.55935216
15:04:08,2.559738636,3.507442474,2.558064222
15:04:08,2.56040597,3.507267475,2.558356762
15:04:08,2.559672356,3.507354259,2.557400942
15:04:08,2.56015563,3.507899761,2.558627129
15:04:08,2.560810328,3.507180929,2.559664726
15:04:08,2.560822248,3.50662446,2.558713675
15:04:08,2.560636044,3.505185843,2.557944059
15:04:09,2.561825514,3.506461143,2.558350563
15:04:09,2.560746431,3.5064044,2.557964563
15:04:09,2.561533689,3.506688118,2.557538509
15:04:09,2.561436892,3.505943537,2.557811022
15:04:09,2.560343742,3.50427413,2.557809114
15:04:09,2.560221672,3.504191875,2.55896163
15:04:09,2.561286211,3.503639936,2.558606863
15:04:09,2.560479403,3.503374815,2.55709815
15:04:09,2.560470104,3.504943371,2.557109833
15:04:09,2.559725523,3.503233433,2.557933331
15:04:09,2.559647799,3.503010273,2.557641745
15:04:09,2.561323404,3.504964352,2.558630466
15:04:09,2.560293674,3.504136324,2.558297873
15:04:09,2.560996771,3.504203081,2.559219599
15:04:09,2.56072998,3.504702091,2.559304953
15:04:09,2.561477661,3.504185438,2.558763266
15:04:09,2.561171293,3.505825758,2.560012579
15:04:09,2.561659336,3.505274296,2.559637547
15:04:09,2.560677528,3.504871607,2.557518721
15:04:09,2.560746908,3.506354332,2.559551001
15:04:09,2.560656548,3.506487846,2.559105873
15:04:09,2.561089993,3.506830454,2.558386564
15:04:09,2.560975552,3.508100271,2.55819726
15:04:09,2.56069088,3.507831335,2.558389664
15:04:09,2.561051607,3.507093906,2.559225559
15:04:09,2.560607672,3.506361723,2.558582783
15:04:09,2.560162067,3.506140947,2.558334827
15:04:09,2.559796333,3.50652051,2.558912039
15:04:09,2.560923338,3.507026196,2.557826281
15:04:09,2.560091496,3.508028269,2.5597229
15:04:09,2.561434031,3.506966352,2.55878067
15:04:09,2.561382532,3.507810354,2.559357405
15:04:09,2.561790228,3.508356571,2.559793949
15:04:09,2.561790228,3.5070889,2.558808088
15:04:09,2.560111284,3.506571531,2.55950141
15:04:09,2.561156034,3.508502483,2.5589149
15:04:09,2.561710119,3.508993864,2.55910778
15:04:09,2.561790943,3.508011341,2.559572935
15:04:09,2.561582804,3.508289814,2.560006618
15:04:09,2.561230183,3.506380081,2.559109926
15:04:09,2.561311245,3.50706315,2.560591459
15:04:09,2.560938835,3.50619173,2.560217857
15:04:09,2.560880661,3.505218744,2.558173418
15:04:09,2.560431719,3.506523132,2.559013367
15:04:09,2.561315298,3.506307125,2.559356689
15:04:09,2.562399387,3.507949591,2.55844593
15:04:09,2.561842203,3.50645256,2.558441401
15:04:09,2.561331034,3.506791353,2.558555126
15:04:09,2.56133461,3.506217718,2.559182644
15:04:09,2.562046051,3.506629467,2.559443951
15:04:09,2.562340736,3.505978346,2.559988976
15:04:09,2.562385082,3.505891562,2.559603214
15:04:09,2.561625719,3.504655838,2.558577538
15:04:09,2.561101913,3.505830765,2.559074879
15:04:09,2.560649395,3.504368544,2.559472561
15:04:09,2.560943842,3.504649878,2.559817076
15:04:09,2.561101198,3.50371623,2.559709072
15:04:09,2.561148882,3.503973961,2.558019876
15:04:09,2.561405897,3.504753113,2.558998108
15:04:09,2.560897112,3.503980637,2.559049845
15:04:09,2.56109786,3.504319191,2.557541847
15:04:09,2.560837746,3.504794121,2.559557676
15:04:09,2.560652494,3.5035851,2.55792594
15:04:09,2.560257673,3.506209135,2.557658195
15:04:09,2.560597897,3.505795479,2.55851078
15:04:09,2.560072422,3.50543046,2.557287931
15:04:09,2.560470104,3.505368948,2.55902791
15:04:09,2.561542511,3.507230997,2.559181213
15:04:09,2.561996937,3.506953716,2.560068846
15:04:09,2.562119722,3.507969141,2.559001446
15:04:09,2.561440945,3.508112669,2.560075998
15:04:09,2.56056881,3.508175135,2.558799744
15:04:09,2.56120348,3.508370161,2.559489965
15:04:09,2.561188459,3.509000063,2.558876991
15:04:09,2.56077075,3.509089708,2.559184074
15:04:09,2.561583281,3.507634878,2.559560776
15:04:09,2.560567379,3.508332968,2.559572935
15:04:09,2.561145544,3.508500814,2.558727026
15:04:09,2.562507153,3.510090828,2.560285091
15:04:09,2.561622381,3.508586645,2.560118437
15:04:09,2.561518908,3.509119272,2.557853937
15:04:09,2.561374187,3.509934902,2.559788942
15:04:09,2.562110662,3.508803606,2.559084654
15:04:09,2.560394287,3.508313656,2.559434652
15:04:09,2.562310934,3.508032084,2.558365107
15:04:09,2.561738729,3.508133888,2.558596849
15:04:09,2.561214209,3.508353949,2.56005168
15:04:09,2.560913563,3.508203268,2.559825659
15:04:09,2.561089993,3.506665468,2.558791161
15:04:09,2.560662508,3.506222963,2.559039116
15:04:09,2.561933279,3.506284237,2.558599472
15:04:09,2.56148982,3.505434752,2.560762405
15:04:09,2.561436892,3.504874229,2.558888435
15:04:09,2.56188941,3.505650759,2.558639288
15:04:09,2.561284065,3.505001783,2.559926033
15:04:09,2.561007261,3.505070686,2.558745384
15:04:09,2.561273575,3.505001068,2.558493614
15:04:09,2.561168671,3.50406146,2.559274435
15:04:09,2.561310768,3.504345894,2.558772802
15:04:09,2.561607361,3.504705429,2.560849428
15:04:09,2.561127186,3.503548622,2.55892849
15:04:09,2.560969114,3.503884554,2.55847311
15:04:09,2.56029129,3.503312349,2.558202028
15:04:09,2.560901165,3.503957033,2.559412241
15:04:09,2.561589479,3.503613949,2.559120417
15:04:09,2.561183691,3.502513885,2.5597229
15:04:09,2.560518503,3.503316402,2.558994293
15:04:09,2.560929298,3.502083063,2.558848619
15:04:09,2.56040144,3.503573418,2.558266163
15:04:09,2.560604334,3.503278494,2.557849646
15:04:09,2.560241461,3.503837585,2.557766199
15:04:09,2.561023235,3.503941298,2.557439566
15:04:09,2.560400724,3.504265547,2.558791161
15:04:09,2.56009388,3.505738735,2.558695793
15:04:09,2.560357094,3.506466389,2.559052944
15:04:09,2.560517311,3.506174803,2.558987141
15:04:10,2.560106039,3.506913185,2.558340549
15:04:10,2.561049461,3.507303476,2.558941841
15:04:10,2.560875893,3.507341862,2.556916952
15:04:10,2.560553551,3.508252859,2.559156656
15:04:10,2.561124802,3.5104177,2.558434725
15:04:10,2.561024904,3.508305788,2.558864117
15:04:10,2.561074018,3.508642435,2.557272196
15:04:10,2.56073451,3.509007215,2.558404207
15:04:10,2.561248541,3.508661747,2.558778048
15:04:10,2.561405182,3.508248806,2.557123184
15:04:10,2.560966969,3.508882999,2.558891058
15:04:10,2.560343742,3.507615089,2.558130503
15:04:10,2.560940027,3.507646561,2.5580616
15:04:10,2.560776949,3.508422136,2.558658361
15:04:10,2.561384201,3.507332802,2.559866667
15:04:10,2.560614824,3.507505655,2.559191942
15:04:10,2.561357975,3.508113623,2.560317516
15:04:10,2.560971737,3.505645752,2.55856514
15:04:10,2.560640574,3.5049932,2.559596777
15:04:10,2.560885668,3.50421977,2.558592081
15:04:10,2.561002731,3.504879713,2.557698011
15:04:10,2.560878515,3.503317595,2.559030771
15:04:10,2.561149836,3.503446102,2.559467554
15:04:10,2.559657574,3.502973795,2.55791831
15:04:10,2.559361458,3.501202822,2.556963921
15:04:10,2.560748339,3.502215624,2.55792284
15:04:10,2.560778618,3.502509832,2.557310343
15:04:10,2.560045958,3.50214529,2.558099985
15:04:10,2.560343504,3.500613213,2.558490276
15:04:10,2.560270786,3.501680613,2.558494329
15:04:10,2.560596943,3.501739502,2.557443142
15:04:10,2.560374975,3.502659082,2.559405565
15:04:10,2.560026884,3.502503395,2.558539867
15:04:10,2.560685635,3.503283739,2.557489634
15:04:10,2.560853243,3.503212452,2.558724403
15:04:10,2.560323954,3.503953218,2.558244467
15:04:10,2.559649706,3.504533768,2.557175398
15:04:10,2.560656548,3.504303217,2.558471203
15:04:10,2.56040287,3.506204128,2.558881044
15:04:10,2.559520483,3.505996466,2.557699919
15:04:10,2.560591221,3.506593704,2.557817698
15:04:10,2.559995174,3.506148577,2.558895111
15:04:10,2.560235739,3.508016109,2.558871269
15:04:10,2.560542822,3.507674932,2.55851531
15:04:10,2.56010294,3.508976936,2.558683872
15:04:10,2.558961868,3.508330345,2.557660818
15:04:10,2.559777498,3.508930445,2.55854702
15:04:10,2.560861111,3.508740187,2.559590101
15:04:10,2.560956001,3.508123636,2.55799365
15:04:10,2.559202909,3.507880688,2.557914257
15:04:10,2.559872866,3.508112669,2.559253454
15:04:10,2.560388803,3.509027243,2.557438135
15:04:10,2.560797215,3.508618355,2.558859348
15:04:10,2.560316801,3.508035421,2.558894157
15:04:10,2.560584307,3.508944511,2.557680607
15:04:10,2.5606215,3.50851059,2.558494568
15:04:10,2.561739445,3.508271694,2.558510065
15:04:10,2.561222792,3.509593487,2.559146881
15:04:10,2.561512709,3.508776665,2.558776379
15:04:10,2.560838938,3.509143829,2.559040546
15:04:10,2.56138134,3.50957346,2.558577061
15:04:10,2.560450315,3.508143187,2.559045792
15:04:10,2.560977697,3.507997751,2.558656931
15:04:10,2.560641527,3.505892754,2.558214664
15:04:10,2.560897112,3.507191896,2.557879686
15:04:10,2.560740948,3.506542921,2.558906317
15:04:10,2.560935259,3.506028414,2.558019161
15:04:10,2.561914444,3.506651163,2.55965209
15:04:10,2.560930014,3.505622864,2.559020758
15:04:10,2.561177969,3.505399227,2.560453176
15:04:10,2.563121557,3.505444527,2.558374405
15:04:10,2.562256098,3.505257368,2.559167385
15:04:10,2.561545849,3.505563974,2.558499336
15:04:10,2.561300755,3.503147364,2.557795763
15:04:10,2.561051607,3.503534317,2.557381153
15:04:10,2.559905291,3.502857685,2.559020042
15:04:10,2.561677217,3.502117157,2.557537317
15:04:10,2.560920954,3.501613379,2.558143616
15:04:10,2.561808348,3.504065514,2.55931139
15:04:10,2.56087923,3.503482103,2.559857845
15:04:10,2.559886932,3.503072977,2.558651447
15:04:10,2.559457064,3.503655195,2.559491634
15:04:10,2.561454058,3.503581285,2.559127569
15:04:10,2.559381247,3.50239253,2.55745244
15:04:10,2.56007123,3.504273415,2.557088375
15:04:10,2.559067249,3.504993677,2.558803797
15:04:10,2.560472965,3.505494118,2.558066368
15:04:10,2.561820269,3.506027222,2.558532
15:04:10,2.560098648,3.507134676,2.558762074
15:04:10,2.560355186,3.506204605,2.558686733
15:04:10,2.56050396,3.505774021,2.558275461
15:04:10,2.560663223,3.506988287,2.55819726
15:04:10,2.561141968,3.507745981,2.558322906
15:04:10,2.560374498,3.507354975,2.558990717
15:04:10,2.560502529,3.507666826,2.559788465
15:04:10,2.560780048,3.50720048,2.559293509
15:04:10,2.55965209,3.508186102,2.557667732
15:04:10,2.56120038,3.507480383,2.558619261
15:04:10,2.561693907,3.509071827,2.559556961
15:04:10,2.560958385,3.508283615,2.559372425
15:04:10,2.56122756,3.509487152,2.560343266
15:04:10,2.560890913,3.507270813,2.558933258
15:04:10,2.560725451,3.508419752,2.558184624
15:04:10,2.561116457,3.50915122,2.559672594
15:04:10,2.562208652,3.508280039,2.558945417
15:04:10,2.561784983,3.507342577,2.558402061
15:04:10,2.56033659,3.506244659,2.558457136
15:04:10,2.560283184,3.50642252,2.559353113
15:04:10,2.561185122,3.505640984,2.558838606
15:04:10,2.561428308,3.506254435,2.558157682
15:04:10,2.56086874,3.505391598,2.559044361
15:04:10,2.561499834,3.504044771,2.558001995
15:04:10,2.561198473,3.504394054,2.55851531
15:04:10,2.561210871,3.504895687,2.559620619
15:04:10,2.562404156,3.504929781,2.558114529
15:04:11,2.56247282,3.504567623,2.558664799
15:04:11,2.56102705,3.504144907,2.558084249
15:04:11,2.561351538,3.504361391,2.558076143
15:04:11,2.561668158,3.50474453,2.558464527
15:04:11,2.560375452,3.503608704,2.559495449
15:04:11,2.561414957,3.504641533,2.559928656
15:04:11,2.561802864,3.504951477,2.557693243
15:04:11,2.560893774,3.50321579,2.558412075
15:04:11,2.560878515,3.504546165,2.558184624
15:04:11,2.560340881,3.505372286,2.558717251
15:04:11,2.560808897,3.505275011,2.5589149
15:04:11,2.561374187,3.507410288,2.55913949
15:04:11,2.560673952,3.505720615,2.559041023
15:04:11,2.561608553,3.50544858,2.557545185
15:04:11,2.561214209,3.505881786,2.55791235
15:04:11,2.560760975,3.505640984,2.557948589
15:04:11,2.561019421,3.508163691,2.560580254
15:04:11,2.560454369,3.509064436,2.558460474
15:04:11,2.560632706,3.507479191,2.55910778
15:04:11,2.560565233,3.509012222,2.559771776
15:04:11,2.561022043,3.508756399,2.558976412
15:04:11,2.56079793,3.507970333,2.558802605
15:04:11,2.561206818,3.509656906,2.558282614
15:04:11,2.560348034,3.508373976,2.560075998
15:04:11,2.560788631,3.510022879,2.559525251
15:04:11,2.561866999,3.510618448,2.559316158
15:04:11,2.561572313,3.509313107,2.559448004
15:04:11,2.561408281,3.508458853,2.559424162
15:04:11,2.561155319,3.508896828,2.558417559
15:04:11,2.56114006,3.509687424,2.559245586
15:04:11,2.559907436,3.508944511,2.55826354
15:04:11,2.560623407,3.508778572,2.558181524
15:04:11,2.561048269,3.506401777,2.559099436
15:04:11,2.560914278,3.506793976,2.558826923
15:04:11,2.560720682,3.506670713,2.559036016
15:04:11,2.560853958,3.505505323,2.55937767
15:04:11,2.56175065,3.504750967,2.559109926
15:04:11,2.560052633,3.503833055,2.559336662
15:04:11,2.560018301,3.503388166,2.557522774
15:04:11,2.560844898,3.503513336,2.558105946
15:04:11,2.56032753,3.503507614,2.558614016
15:04:11,2.560297012,3.502759933,2.557682753
15:04:11,2.561169147,3.501929045,2.558335543
15:04:11,2.561573029,3.502063036,2.557815075
15:04:11,2.560866594,3.502000332,2.558807611
15:04:11,2.559865713,3.500385284,2.558991909
15:04:11,2.559824705,3.502702236,2.558939219
15:04:11,2.561093807,3.503976583,2.558477163
15:04:11,2.561182261,3.503281593,2.559525251
15:04:11,2.559851646,3.502850533,2.559174061
15:04:11,2.561064243,3.50210619,2.558155537
15:04:11,2.560194016,3.502366304,2.55791235
15:04:11,2.560539961,3.503536701,2.557667017
15:04:11,2.561074734,3.504481077,2.55915308
15:04:11,2.56018734,3.504330158,2.55747366
15:04:11,2.5604496,3.503744364,2.557943344
15:04:11,2.561004639,3.504421711,2.55882597
15:04:11,2.561501503,3.506178617,2.558693886
15:04:11,2.561766624,3.506926298,2.559118509
15:04:11,2.560470819,3.50664115,2.559004068
15:04:11,2.56152606,3.508110523,2.558252811
15:04:11,2.560474873,3.508239746,2.558150291
15:04:11,2.560786963,3.508348703,2.558178663
15:04:11,2.559761286,3.507145405,2.557656288
15:04:11,2.558562756,3.508324623,2.557559013
15:04:11,2.560684681,3.508436203,2.558161497
15:04:11,2.56050992,3.507440567,2.559309721
15:04:11,2.561831236,3.508261919,2.558388472
15:04:11,2.560596943,3.507812977,2.558856487
15:04:11,2.560660601,3.508623123,2.558693886
15:04:11,2.561648369,3.508486986,2.559133768
15:04:11,2.561029673,3.508270264,2.558414698
15:04:11,2.560425282,3.508110523,2.558545351
15:04:11,2.56033802,3.507699013,2.559051037
15:04:11,2.559966087,3.506932735,2.558123112
15:04:11,2.559308052,3.506261587,2.558998108
15:04:11,2.559523344,3.507421017,2.558915615
15:04:11,2.560306787,3.506514549,2.558799028
15:04:11,2.560388803,3.505389452,2.557957172
15:04:11,2.55974865,3.505177736,2.557356119
15:04:11,2.559096575,3.503638506,2.559326887
15:04:11,2.559747219,3.50366497,2.557902336
15:04:11,2.560473442,3.504714012,2.55843544
15:04:11,2.559674025,3.503000498,2.55916667
15:04:11,2.560922623,3.50422883,2.559554338
15:04:11,2.561020613,3.50367713,2.559424639
15:04:11,2.560902834,3.503805637,2.558310986
15:04:11,2.56029582,3.502997875,2.558387756
15:04:11,2.561159372,3.501461267,2.558580637
15:04:11,2.5604496,3.502835274,2.559016466
15:04:11,2.559987307,3.502899408,2.559015274
15:04:11,2.561023951,3.502477884,2.558598518
15:04:11,2.56040287,3.503195047,2.558308363
15:04:11,2.560167551,3.503257036,2.558117867
15:04:11,2.560152531,3.50338459,2.558941841
15:04:11,2.560744524,3.502467632,2.560060263
15:04:11,2.559801579,3.50264883,2.558673382
15:04:11,2.559939623,3.503973961,2.558246613
15:04:11,2.560425997,3.504127979,2.558863163
15:04:11,2.561158895,3.504805326,2.558633089
15:04:11,2.559397936,3.50470686,2.558275461
15:04:11,2.560587168,3.505320549,2.557545185
15:04:11,2.56129384,3.505838156,2.557525396
15:04:11,2.560740232,3.504807949,2.558850527
15:04:11,2.560799122,3.507071972,2.558877707
15:04:11,2.560986042,3.507561922,2.558344126
15:04:11,2.560570717,3.507715225,2.55905509
15:04:11,2.560672283,3.507833958,2.559596062
15:04:11,2.561054945,3.508043289,2.558597803
15:04:11,2.560596943,3.508323908,2.558680296
15:04:11,2.560525656,3.509205818,2.556542635
15:04:11,2.560469389,3.508614779,2.558586836
15:04:11,2.561127663,3.509114027,2.558336973
15:04:11,2.560346603,3.509080172,2.558904886
15:04:11,2.56079793,3.508996487,2.558382988
15:04:11,2.560090303,3.509671211,2.558392286
15:04:11,2.560610533,3.508896351,2.55816865
15:04:11,2.560558081,3.507903814,2.557699203
15:04:11,2.560796022,3.508322716,2.558349848
15:04:12,2.559739351,3.507024765,2.558072329
15:04:12,2.560750961,3.508872032,2.557864428
15:04:12,2.559297562,3.507306814,2.55837512
15:04:12,2.560431719,3.509638071,2.558455706
15:04:12,2.561051607,3.506805658,2.557189465
15:04:12,2.560898304,3.506842852,2.558508873
15:04:12,2.560819626,3.506592274,2.558281898
15:04:12,2.561080694,3.50601244,2.557198763
15:04:12,2.560881138,3.506065607,2.558243036
15:04:12,2.561361551,3.50546813,2.559693575
15:04:12,2.560961008,3.504345179,2.558727026
15:04:12,2.561695337,3.504064083,2.558457136
15:04:12,2.560912132,3.503564358,2.557541132
15:04:12,2.559932947,3.503310442,2.557865143
15:04:12,2.560250282,3.502418518,2.557792425
15:04:12,2.560267925,3.501713037,2.558631182
15:04:12,2.560318232,3.502248287,2.557906866
15:04:12,2.559684753,3.501940966,2.55853343
15:04:12,2.561052322,3.502153635,2.559252739
15:04:12,2.561126471,3.503758907,2.559046268
15:04:12,2.560805321,3.503863573,2.55940938
15:04:12,2.561011314,3.503052235,2.559456348
15:04:12,2.561225891,3.503169298,2.558330059
15:04:12,2.560293674,3.504269123,2.558699369
15:04:12,2.562021017,3.503417969,2.558893681
15:04:12,2.561374664,3.503591061,2.558766603
15:04:12,2.561261177,3.504902363,2.559393644
15:04:12,2.560893774,3.504144192,2.558721066
15:04:12,2.560117245,3.50393343,2.55971694
15:04:12,2.559444189,3.504618406,2.559611797
15:04:12,2.56051302,3.504935741,2.558947325
15:04:12,2.561335564,3.506165981,2.559043169
15:04:12,2.560630083,3.506090641,2.559252024
15:04:12,2.561049461,3.507060766,2.560101271
15:04:12,2.560860395,3.506720781,2.55796957
15:04:12,2.561476469,3.507554531,2.558077097
15:04:12,2.561230659,3.507033348,2.559165716
15:04:12,2.561319828,3.507421494,2.55981946
15:04:12,2.560874701,3.508211851,2.558688641
15:04:12,2.560983658,3.508614063,2.560220718
15:04:12,2.560811281,3.508076429,2.559438467
15:04:12,2.561079264,3.509638071,2.558922052
15:04:12,2.561176538,3.509515285,2.558685541
15:04:12,2.56148839,3.50888896,2.559703588
15:04:12,2.561688423,3.509026766,2.559936047
15:04:12,2.562148571,3.509454012,2.559056282
15:04:12,2.560302019,3.509123564,2.560075998
15:04:12,2.560760975,3.509093046,2.560008049
15:04:12,2.560992718,3.509195566,2.558308363
15:04:12,2.560898304,3.507502317,2.55940032
15:04:12,2.560287714,3.508286715,2.559276104
15:04:12,2.561408281,3.508089066,2.558521509
15:04:12,2.559629202,3.507209539,2.558913708
15:04:12,2.561656713,3.50714612,2.559468985
15:04:12,2.56178236,3.507616758,2.559945107
15:04:12,2.561142683,3.506481886,2.559524059
15:04:12,2.560875177,3.504982948,2.558266163
15:04:12,2.561695337,3.506195545,2.559148312
15:04:12,2.560563326,3.505447388,2.558621883
15:04:12,2.559809923,3.505413294,2.558828115
15:04:12,2.560914755,3.505753994,2.558715582
15:04:12,2.561553001,3.504848957,2.558773756
15:04:12,2.560546875,3.504487276,2.55962491
15:04:12,2.560811758,3.504404545,2.559666157
15:04:12,2.561112881,3.505158901,2.559022427
15:04:12,2.560341358,3.50453639,2.558443785
15:04:12,2.561266422,3.504048347,2.558133125
15:04:12,2.560914278,3.504853487,2.560242176
15:04:12,2.561069489,3.505078554,2.557094812
15:04:12,2.560780048,3.504882097,2.559500694
15:04:12,2.561079979,3.504803896,2.559185505
15:04:12,2.560585976,3.504364729,2.558904886
15:04:12,2.560441732,3.504859924,2.558907032
15:04:12,2.56017828,3.505885124,2.558492184
15:04:12,2.562246323,3.507318258,2.558481693
15:04:12,2.561151505,3.507768631,2.558302402
15:04:12,2.561292171,3.50605011,2.559020042
15:04:12,2.561654091,3.506030083,2.558572292
15:04:12,2.560138464,3.505366325,2.558793306
15:04:12,2.560813904,3.506767273,2.558141232
15:04:12,2.560779333,3.507162571,2.559934616
15:04:12,2.561726332,3.507387638,2.558969259
15:04:12,2.561098337,3.507649183,2.558874369
15:04:12,2.561656713,3.507181644,2.558778048
15:04:12,2.560816288,3.508165359,2.559820652
15:04:12,2.560821056,3.507355928,2.558529854
15:04:12,2.561179876,3.506571531,2.558722496
15:04:12,2.560976267,3.506632805,2.560055494
15:04:12,2.561064959,3.507804632,2.560913324
15:04:12,2.560829401,3.506570816,2.559584856
15:04:12,2.561541557,3.507207632,2.560525894
15:04:12,2.561752558,3.507387161,2.559043646
15:04:12,2.561943531,3.50607872,2.558659554
15:04:12,2.561225176,3.506825924,2.559406757
15:04:12,2.560838938,3.505110502,2.558832169
15:04:12,2.561993122,3.507304907,2.559121132
15:04:12,2.561761856,3.506477594,2.558746099
15:04:12,2.56177783,3.507321119,2.559476852
15:04:12,2.561138868,3.505692482,2.559253454
15:04:12,2.561208963,3.505401134,2.559005499
15:04:12,2.561152697,3.505173922,2.559634447
15:04:12,2.56154871,3.505063534,2.558358669
15:04:12,2.561283588,3.506025791,2.558856487
15:04:12,2.561084747,3.504664183,2.558708429
15:04:12,2.560127974,3.506760597,2.557910204
15:04:12,2.560003519,3.504850149,2.557948589
15:04:12,2.561228037,3.505986214,2.55896759
15:04:12,2.560605049,3.505861282,2.559143782
15:04:12,2.560209751,3.505702972,2.558527946
15:04:12,2.56065321,3.50650239,2.558721781
15:04:12,2.559817076,3.505034685,2.558618546
15:04:12,2.560123205,3.505966663,2.557572365
15:04:12,2.562833548,3.508139372,2.559175968
15:04:12,2.562368393,3.507948637,2.560012579
15:04:12,2.562526941,3.509030581,2.560238838
15:04:12,2.562701464,3.50972724,2.560468912
15:04:12,2.562425375,3.509649038,2.559799671
15:04:12,2.562678814,3.509045601,2.557727814
15:04:12,2.559937716,3.506186247,2.558590651
15:04:13,2.561585426,3.507030725,2.558454514
15:04:13,2.560929298,3.507647276,2.559326172
15:04:13,2.56076479,3.508320808,2.558875084
15:04:13,2.560955048,3.508261204,2.559141636
15:04:13,2.560580015,3.508898735,2.55905509
15:04:13,2.561212063,3.508575678,2.559062481
15:04:13,2.560520172,3.508012533,2.558404922
15:04:13,2.5610919,3.508269072,2.559621811
15:04:13,2.561214209,3.507808208,2.559350252
15:04:13,2.562184095,3.507450342,2.557870626
15:04:13,2.561993122,3.507837772,2.559068203
15:04:13,2.56172514,3.508061171,2.5585742
15:04:13,2.561105728,3.507191181,2.558982849
15:04:13,2.561100245,3.506158829,2.559193134
15:04:13,2.56024766,3.50602293,2.557658672
15:04:13,2.56072402,3.506428719,2.559587479
15:04:13,2.561358929,3.507722378,2.557976484
15:04:13,2.561411619,3.50593257,2.557001591
15:04:13,2.560917377,3.505991459,2.558583498
15:04:13,2.561356068,3.505090952,2.558797836
15:04:13,2.560219049,3.504184961,2.558098078
15:04:13,2.560106039,3.503728867,2.558816195
15:04:13,2.561210871,3.504858732,2.558088064
15:04:13,2.560328245,3.504370213,2.558646917
15:04:13,2.559580088,3.503955603,2.557507515
15:04:13,2.560942411,3.504186153,2.558674812
15:04:13,2.561094761,3.504013777,2.557914972
15:04:13,2.560731173,3.503897667,2.558787823
15:04:13,2.561783075,3.504366159,2.559670925
15:04:13,2.561206102,3.504578829,2.559426546
15:04:13,2.560630798,3.504124641,2.55906105
15:04:13,2.560749054,3.503667831,2.558602095
15:04:13,2.560425282,3.502833366,2.557765484
15:04:13,2.560497999,3.50378871,2.558889151
15:04:13,2.559934855,3.503820658,2.557802916
15:04:13,2.561068535,3.505727291,2.559403658
15:04:13,2.561127186,3.506736755,2.558658361
15:04:13,2.561412334,3.508875132,2.559516191
15:04:13,2.56178236,3.507965088,2.559764147
15:04:13,2.561518192,3.506339788,2.558794975
15:04:13,2.562000275,3.507024288,2.55981493
15:04:13,2.560861111,3.506970882,2.55873704
15:04:13,2.561832666,3.508635759,2.559604645
15:04:13,2.561813354,3.507110357,2.559235573
15:04:13,2.5607059,3.50794816,2.559803009
15:04:13,2.561556339,3.507583857,2.559366465
15:04:13,2.561243057,3.507070065,2.557844162
15:04:13,2.561459064,3.508111954,2.560135603
15:04:13,2.561918259,3.509353638,2.559924603
15:04:13,2.56145668,3.508249521,2.558498859
15:04:13,2.561796904,3.508777857,2.559134483
15:04:13,2.560496807,3.508120298,2.559712648
15:04:13,2.561228037,3.508737326,2.559957981
15:04:13,2.561575413,3.50737524,2.558514118
15:04:13,2.560971737,3.507940292,2.559189081
15:04:13,2.561699867,3.508126974,2.558987141
15:04:13,2.561221361,3.507979631,2.56027317
15:04:13,2.562301636,3.508094072,2.560152054
15:04:13,2.560847998,3.508006334,2.559592724
15:04:13,2.562582493,3.508605003,2.558690071
15:04:13,2.562248945,3.507761955,2.559118509
15:04:13,2.561004162,3.507122755,2.560431957
15:04:13,2.561116457,3.506356955,2.55875659
15:04:13,2.561968565,3.50541997,2.558791876
15:04:13,2.562371016,3.506178617,2.559961081
15:04:13,2.561173201,3.506126404,2.559464455
15:04:13,2.56189537,3.504697084,2.559046268
15:04:13,2.561821938,3.505189419,2.560008049
15:04:13,2.560718536,3.504710436,2.559405565
15:04:13,2.560651302,3.504570961,2.558704615
15:04:13,2.560487986,3.505445957,2.560395002
15:04:13,2.561620474,3.505507708,2.559298515
15:04:13,2.559568405,3.502918959,2.558260679
15:04:13,2.560230732,3.504021645,2.55913949
15:04:13,2.561221361,3.503608704,2.558413982
15:04:13,2.560933352,3.503842831,2.559022427
15:04:13,2.561457396,3.503344297,2.558351278
15:04:13,2.560942411,3.505265236,2.560996771
15:04:13,2.560772181,3.504638195,2.559088707
15:04:13,2.560717344,3.504791498,2.559827566
15:04:13,2.560614109,3.505337,2.558169603
15:04:13,2.560780048,3.504870653,2.558213949
15:04:13,2.560064554,3.504430056,2.559432745
15:04:13,2.561923504,3.506509304,2.559313536
15:04:13,2.560285807,3.507183552,2.558628559
15:04:13,2.559937716,3.504601717,2.558503628
15:04:13,2.560453892,3.505553007,2.558281183
15:04:13,2.560817957,3.504986525,2.558273315
15:04:13,2.560409546,3.505155563,2.55919838
15:04:13,2.560962677,3.50519681,2.558217049
15:04:13,2.560462236,3.504714489,2.557945251
15:04:13,2.561192274,3.505633831,2.557805061
15:04:13,2.56048131,3.506672621,2.557811022
15:04:13,2.560837746,3.506397247,2.55932045
15:04:13,2.561093807,3.506048918,2.557892561
15:04:13,2.560889244,3.506351471,2.557712317
15:04:13,2.56120491,3.505645037,2.558664083
15:04:13,2.561034441,3.505821705,2.558517218
15:04:13,2.56047225,3.505553722,2.558337688
15:04:13,2.561487675,3.507474899,2.558772087
15:04:13,2.560954332,3.506929159,2.558977604
15:04:13,2.561347008,3.507081032,2.558486223
15:04:13,2.561171293,3.506061316,2.558457136
15:04:13,2.561979294,3.506849289,2.558658838
15:04:13,2.561254501,3.506688118,2.559113979
15:04:13,2.560924768,3.505541801,2.557785749
15:04:13,2.560566664,3.5052073,2.557795763
15:04:13,2.561602592,3.506771803,2.559245586
15:04:13,2.560637951,3.506678581,2.558289051
15:04:13,2.559375763,3.504812956,2.557137966
15:04:13,2.561000824,3.505469322,2.559396744
15:04:13,2.561470985,3.504977942,2.557901621
15:04:13,2.56120038,3.504905462,2.559448481
15:04:13,2.561154127,3.506226301,2.559749603
15:04:13,2.560084343,3.50607872,2.557953119
15:04:13,2.560384512,3.505946398,2.558441401
15:04:14,2.560267925,3.506621599,2.560406208
15:04:14,2.561323404,3.506711721,2.558800936
15:04:14,2.560778618,3.506379604,2.559041023
15:04:14,2.56055069,3.507490158,2.557637691
15:04:14,2.562246799,3.50796628,2.557996273
15:04:14,2.561130762,3.50809288,2.560100079
15:04:14,2.560422659,3.508409977,2.557570219
15:04:14,2.561991215,3.506992102,2.55955863
15:04:14,2.561546326,3.508798122,2.558892965
15:04:14,2.560928106,3.508248091,2.559338808
15:04:14,2.561397076,3.509283543,2.558810472
15:04:14,2.561906576,3.508221626,2.557480335
15:04:14,2.562169552,3.507669449,2.557692051
15:04:14,2.561815977,3.508718491,2.559124947
15:04:14,2.560993433,3.507381678,2.557721138
15:04:14,2.560116053,3.506982327,2.558057785
15:04:14,2.56133461,3.506057262,2.558375835
15:04:14,2.560780764,3.506892443,2.559237003
15:04:14,2.560493946,3.507181644,2.558354616
15:04:14,2.562075615,3.507249832,2.559014559
15:04:14,2.560872316,3.506976128,2.559580564
15:04:14,2.560104132,3.505763769,2.558007479
15:04:14,2.559901953,3.505339622,2.558637857
15:04:14,2.561048269,3.506162405,2.559927464
15:04:14,2.561509371,3.50403142,2.558290482
15:04:14,2.561109781,3.504640102,2.558031797
15:04:14,2.560436964,3.504030704,2.558837414
15:04:14,2.56071353,3.503417969,2.558237076
15:04:14,2.560721874,3.504124165,2.55829525
15:04:14,2.560511112,3.502973795,2.558332682
15:04:14,2.559937716,3.503513336,2.558677435
15:04:14,2.559900522,3.503221035,2.5578897
15:04:14,2.560032368,3.504493952,2.559119701
15:04:14,2.560986042,3.504283905,2.558521986
15:04:14,2.559063435,3.504916191,2.558254004
15:04:14,2.559658766,3.503555775,2.559104681
15:04:14,2.560387611,3.50361681,2.559320927
15:04:14,2.560355186,3.504032612,2.558421612
15:04:14,2.560017586,3.505077124,2.557430029
15:04:14,2.55989337,3.504867077,2.559005499
15:04:14,2.561216831,3.504561186,2.557652235
15:04:14,2.560878515,3.504349232,2.557285786
15:04:14,2.559309483,3.50427413,2.55759716
15:04:14,2.559593439,3.505000353,2.558837891
15:04:14,2.560229778,3.504806519,2.558006763
15:04:14,2.560810328,3.505744934,2.557479143
15:04:14,2.559761286,3.505262613,2.557847261
15:04:14,2.561158895,3.505654097,2.557729244
15:04:14,2.559859514,3.504909039,2.558535337
15:04:14,2.560722589,3.506016731,2.557347059
15:04:14,2.559863091,3.506602764,2.557771206
15:04:14,2.560057878,3.506983519,2.55750227
15:04:14,2.560143709,3.506788492,2.557939291
15:04:14,2.560077667,3.506429911,2.556927681
15:04:14,2.559577703,3.505665064,2.558291674
15:04:14,2.560683727,3.505520344,2.558635712
15:04:14,2.560212374,3.50632143,2.557730198
15:04:14,2.559894085,3.506509304,2.557999372
15:04:14,2.560283899,3.506450891,2.558204651
15:04:14,2.561338186,3.507565022,2.558797121
15:04:14,2.559763193,3.507826805,2.558396578
15:04:14,2.560442448,3.507557869,2.558684587
15:04:14,2.56088376,3.506165743,2.558074951
15:04:14,2.560844898,3.507913589,2.558041096
15:04:14,2.560477734,3.507394314,2.558808088
15:04:14,2.560789108,3.507144451,2.557906151
15:04:14,2.561192989,3.505961418,2.558039665
15:04:14,2.560026169,3.505616188,2.557503939
15:04:14,2.560489893,3.505326033,2.559259415
15:04:14,2.559946775,3.504134417,2.557761192
15:04:14,2.560715199,3.505562782,2.557899714
15:04:14,2.560199738,3.504345894,2.55702734
15:04:14,2.560254097,3.505287647,2.55822897
15:04:14,2.561141491,3.505292416,2.558387041
15:04:14,2.560532093,3.50509429,2.558342695
15:04:14,2.560633898,3.505539417,2.558131218
15:04:14,2.560338497,3.504602432,2.55847621
15:04:14,2.559457779,3.504644156,2.560071468
15:04:14,2.560625315,3.505032301,2.559529781
15:04:14,2.56065774,3.504514217,2.557901621
15:04:14,2.561136961,3.504712105,2.559490919
15:04:14,2.561397791,3.505227804,2.559621096
15:04:14,2.560962677,3.504901171,2.559252024
15:04:14,2.55943799,3.504453182,2.559067011
15:04:14,2.56076479,3.506266117,2.557647228
15:04:14,2.560498714,3.505429029,2.559673309
15:04:14,2.561112404,3.50503397,2.558586836
15:04:14,2.561100245,3.504153967,2.55871439
15:04:14,2.561048269,3.504206419,2.559146166
15:04:14,2.560079575,3.505972147,2.558408976
15:04:14,2.561332464,3.506643295,2.558710575
15:04:14,2.561579704,3.507445097,2.559056997
15:04:14,2.56114006,3.506189108,2.558576345
15:04:14,2.561190844,3.506849289,2.558199167
15:04:14,2.560952663,3.507001877,2.559641123
15:04:14,2.56178236,3.508248806,2.557985783
15:04:14,2.561301231,3.507479668,2.559370518
15:04:14,2.560830832,3.508210421,2.558200598
15:04:14,2.560098648,3.507431984,2.55978775
15:04:14,2.560598373,3.507505178,2.558487415
15:04:14,2.560725451,3.506955624,2.55933404
15:04:14,2.560185432,3.507125854,2.558828831
15:04:14,2.561087132,3.50714612,2.559307814
15:04:14,2.561441422,3.506587744,2.559396267
15:04:14,2.560725689,3.507129192,2.558483839
15:04:14,2.561065674,3.508034229,2.559214592
15:04:14,2.561153412,3.506209135,2.558511496
15:04:14,2.559929132,3.506307125,2.558598518
15:04:14,2.56132555,3.505905867,2.559526443
15:04:14,2.560407877,3.506901503,2.558897018
15:04:14,2.561001539,3.507062197,2.558595419
15:04:14,2.561249256,3.505183697,2.559990168
15:04:14,2.561118126,3.50593853,2.557587385
15:04:14,2.560674906,3.50580287,2.558233023
15:04:14,2.560509205,3.505138397,2.556491613
15:04:14,2.56148982,3.506899595,2.560168266
15:04:14,2.561005831,3.505624771,2.558665991
15:04:14,2.560941219,3.504757643,2.559555769
15:04:14,2.560602188,3.504454136,2.557648897
15:04:15,2.561072111,3.504707813,2.557589531
15:04:15,2.560204506,3.503688097,2.559040546
15:04:15,2.560451031,3.503995419,2.558155537
15:04:15,2.560458899,3.504003525,2.558139801
15:04:15,2.560139179,3.504800558,2.558245659
15:04:15,2.560205221,3.505174398,2.557742834
15:04:15,2.560618162,3.503491163,2.558008671
15:04:15,2.56065464,3.503690004,2.557724953
15:04:15,2.559947491,3.503632784,2.558363199
15:04:15,2.560263157,3.504995584,2.557244778
15:04:15,2.560584307,3.50404048,2.558173895
15:04:15,2.560284615,3.504345179,2.558370352
15:04:15,2.56004858,3.503855228,2.558355331
15:04:15,2.559991121,3.504176378,2.557548523
15:04:15,2.560814381,3.50652504,2.55898428
15:04:15,2.559918642,3.505022526,2.559360504
15:04:15,2.560933352,3.506982327,2.557144403
15:04:15,2.560763597,3.505881071,2.558241606
15:04:15,2.559778214,3.507755756,2.55696249
15:04:15,2.560815811,3.506840706,2.557497501
15:04:15,2.5606215,3.50798583,2.558363199
15:04:15,2.561367989,3.507191896,2.55826664
15:04:15,2.561041594,3.508165836,2.560279369
15:04:15,2.561126471,3.50621891,2.558187962
15:04:15,2.560875177,3.506692171,2.55978775
15:04:15,2.561359644,3.506841421,2.559259892
15:04:15,2.560774803,3.50733757,2.558736324
15:04:15,2.560000658,3.50637579,2.558055639
15:04:15,2.560978889,3.507422209,2.558668375
15:04:15,2.560684681,3.505873919,2.558413267
15:04:15,2.560770035,3.506494999,2.559190035
15:04:15,2.561681271,3.506451368,2.557962418
15:04:15,2.560664892,3.506097794,2.557307005
15:04:15,2.561230183,3.505984783,2.557688475
15:04:15,2.560529709,3.505190849,2.558688641
15:04:15,2.560061693,3.504787683,2.557963848
15:04:15,2.560632706,3.504953384,2.560124636
15:04:15,2.56039691,3.505115271,2.557518721
15:04:15,2.56012392,3.50531745,2.559340239
15:04:15,2.562004328,3.505399704,2.556884527
15:04:15,2.560402393,3.504371881,2.557863951
15:04:15,2.56007576,3.50321579,2.556701422
15:04:15,2.560175657,3.503616333,2.556654453
15:04:15,2.560492039,3.504515886,2.558001518
15:04:15,2.559906006,3.50308609,2.556375504
15:04:15,2.559891939,3.502746105,2.557288408
15:04:15,2.560906887,3.503703356,2.557792425
15:04:15,2.559710503,3.503744841,2.557004213
15:04:15,2.560881138,3.503870487,2.557751656
15:04:15,2.561234713,3.507432699,2.558718443
15:04:15,2.561781645,3.506690741,2.559080362
15:04:15,2.561274052,3.506375074,2.558885813
15:04:15,2.561484337,3.506737709,2.559715509
15:04:15,2.562067986,3.509439468,2.560189247
15:04:15,2.561717272,3.507358789,2.559413671
15:04:15,2.561491728,3.507436514,2.558883905
15:04:15,2.561626911,3.50709343,2.558215141
15:04:15,2.560693741,3.508478165,2.559052944
15:04:15,2.560982466,3.506260633,2.558573484
15:04:15,2.559472561,3.506524324,2.557760715
15:04:15,2.559542656,3.505714893,2.556444883
15:04:15,2.560321569,3.506975412,2.5595994
15:04:15,2.560700893,3.506230831,2.557446718
15:04:15,2.560285807,3.50639987,2.55799365
15:04:15,2.559561729,3.505873203,2.558436632
15:04:15,2.560312748,3.506727934,2.558781385
15:04:15,2.559896708,3.506257057,2.557378531
15:04:15,2.560260296,3.507488728,2.558523893
15:04:15,2.55961442,3.506915331,2.556584835
15:04:15,2.560469389,3.506289482,2.557553768
15:04:15,2.560232401,3.506754875,2.55756712
15:04:15,2.560102224,3.507349014,2.558712959
15:04:15,2.559726238,3.505800247,2.55778861
15:04:15,2.5610919,3.506883383,2.557203054
15:04:15,2.560256004,3.505704165,2.558528662
15:04:15,2.560791731,3.505838871,2.557932138
15:04:15,2.56052494,3.506020784,2.557226896
15:04:15,2.558840752,3.504353046,2.558815479
15:04:15,2.559425354,3.503658772,2.557732105
15:04:15,2.559968233,3.50382781,2.557359219
15:04:15,2.559702396,3.504669428,2.556923628
15:04:15,2.55950737,3.504384279,2.559307814
15:04:15,2.559837341,3.504675627,2.558367252
15:04:15,2.560533524,3.50500536,2.557957649
15:04:15,2.560992718,3.502801418,2.558285236
15:04:15,2.559813499,3.502104759,2.556829214
15:04:15,2.559385777,3.501965523,2.557190657
15:04:15,2.559452057,3.502617598,2.557584763
15:04:15,2.560004234,3.50164485,2.557154179
15:04:15,2.559785366,3.501788855,2.557357311
15:04:15,2.560208797,3.501204252,2.557900429
15:04:15,2.559925795,3.502193451,2.558497429
15:04:15,2.560864687,3.502551794,2.557293177
15:04:15,2.561146259,3.503122568,2.558477163
15:04:15,2.559999943,3.501505852,2.557915926
15:04:15,2.559827805,3.502054453,2.559266806
15:04:15,2.559522867,3.502101421,2.557458639
15:04:15,2.559503078,3.503054857,2.55848217
15:04:15,2.56072998,3.504086018,2.558169603
15:04:15,2.560927391,3.504620552,2.558080912
15:04:15,2.560632229,3.50406599,2.557072401
15:04:15,2.56088233,3.50475812,2.559940815
15:04:15,2.561709642,3.506589651,2.558801651
15:04:15,2.560968161,3.506566048,2.557119846
15:04:15,2.561228752,3.507017136,2.557630539
15:04:15,2.560270309,3.507501125,2.558678627
15:04:15,2.55989337,3.507594347,2.557130575
15:04:15,2.560248137,3.506138802,2.558056355
15:04:15,2.560898304,3.508583546,2.557287931
15:04:15,2.559619188,3.509242535,2.557017326
15:04:15,2.56000638,3.508417368,2.558104515
15:04:15,2.559947491,3.508448601,2.558787823
15:04:15,2.560473442,3.508561611,2.557156324
15:04:15,2.560777903,3.508901834,2.557399035
15:04:15,2.560883045,3.509622812,2.559688568
15:04:16,2.560414791,3.508731842,2.559178114
15:04:16,2.561011314,3.509361267,2.558490992
15:04:16,2.560277462,3.509505987,2.55881238
15:04:16,2.560899734,3.508485556,2.557440519
15:04:16,2.560610533,3.509331465,2.558522701
15:04:16,2.560373783,3.508648872,2.558151722
15:04:16,2.559976101,3.508455753,2.558726311
15:04:16,2.56025219,3.507550001,2.557444096
15:04:16,2.560322285,3.507868528,2.558075428
15:04:16,2.561212063,3.50833869,2.55889225
15:04:16,2.560021639,3.506122589,2.557950497
15:04:16,2.561306,3.505914211,2.558677435
15:04:16,2.560120583,3.506305218,2.557988167
15:04:16,2.560736418,3.505609035,2.558401108
15:04:16,2.560958385,3.504748821,2.55932951
15:04:16,2.560991526,3.504311085,2.557739735
15:04:16,2.55936408,3.502902985,2.558390617
15:04:16,2.560181379,3.503262758,2.558385134
15:04:16,2.560191393,3.503408909,2.557844639
15:04:16,2.560306787,3.501950026,2.557550669
15:04:16,2.560255289,3.502263308,2.557875156
15:04:16,2.559665203,3.501830816,2.558655739
15:04:16,2.559481621,3.501558542,2.557428837
15:04:16,2.560847998,3.502479315,2.559686422
15:04:16,2.560582399,3.501653194,2.558404207
15:04:16,2.560757399,3.50188303,2.559631586
15:04:16,2.561622381,3.502104044,2.557406187
15:04:16,2.561321259,3.50450635,2.558760166
15:04:16,2.560044765,3.503188848,2.559165716
15:04:16,2.560361862,3.504100084,2.558912992
15:04:16,2.561018467,3.504039764,2.559026003
15:04:16,2.560398817,3.505078554,2.559515476
15:04:16,2.560705423,3.50602293,2.55846715
15:04:16,2.5598979,3.506434917,2.558393717
15:04:16,2.560558081,3.506034851,2.559146166
15:04:16,2.560652494,3.507260323,2.558394909
15:04:16,2.560189247,3.507925987,2.559173584
15:04:16,2.560886383,3.507071257,2.558428288
15:04:16,2.560261965,3.507022381,2.558059216
15:04:16,2.560523033,3.507775307,2.558566332
15:04:16,2.561007977,3.50809288,2.559947252
15:04:16,2.560549498,3.507285833,2.559267282
15:04:16,2.560994387,3.508764982,2.558497429
15:04:16,2.559988022,3.509058475,2.558852196
15:04:16,2.561413765,3.509351492,2.557574511
15:04:16,2.560767174,3.508368492,2.558763266
15:04:16,2.560519695,3.508898258,2.55892086
15:04:16,2.560244083,3.507903099,2.558584929
15:04:16,2.56076169,3.508158684,2.558396578
15:04:16,2.559883356,3.508029699,2.557799101
15:04:16,2.560325384,3.508192778,2.558107138
15:04:16,2.560079575,3.508177042,2.558430195
15:04:16,2.561172485,3.507909298,2.557940483
15:04:16,2.560314894,3.505535126,2.557469368
15:04:16,2.561213255,3.506426573,2.558809757
15:04:16,2.561198473,3.505774021,2.558368683
15:04:16,2.560416698,3.50627327,2.557856798
15:04:16,2.560095787,3.505227327,2.55847621
15:04:16,2.560560226,3.50510788,2.557936192
15:04:16,2.560844183,3.505234003,2.558452845
15:04:16,2.560790539,3.504114866,2.558284521
15:04:16,2.560452461,3.503829718,2.559031963
15:04:16,2.561156034,3.505166769,2.557846785
15:04:16,2.561599493,3.504677296,2.559295177
15:04:16,2.561498404,3.505367517,2.558698654
15:04:16,2.560072422,3.503945827,2.557525396
15:04:16,2.560279369,3.503969431,2.557930231
15:04:16,2.560856819,3.504920721,2.557503939
15:04:16,2.5608778,3.504954576,2.558587551
15:04:16,2.560994387,3.505155563,2.558043718
15:04:16,2.560457468,3.504454851,2.558716536
15:04:16,2.560959816,3.505838156,2.559330225
15:04:16,2.561392546,3.504927874,2.559521914
15:04:16,2.560517788,3.504498482,2.558067799
15:04:16,2.559839725,3.503065109,2.559124708
15:04:16,2.560745239,3.504487276,2.558420897
15:04:16,2.560419798,3.504445076,2.559353828
15:04:16,2.559987307,3.505669117,2.558344841
15:04:16,2.560577154,3.505813837,2.558777094
15:04:16,2.559823513,3.505352736,2.558038473
15:04:16,2.560323,3.506285667,2.560287714
15:04:16,2.560865164,3.506512642,2.558768749
15:04:16,2.560120106,3.505682707,2.561148167
15:04:16,2.560963154,3.505176544,2.558762789
15:04:16,2.560374975,3.505178928,2.559580088
15:04:16,2.560454369,3.5049932,2.559254646
15:04:16,2.56033349,3.505527973,2.559424162
15:04:16,2.560116529,3.506180048,2.557819128
15:04:16,2.56148243,3.508009434,2.559651136
15:04:16,2.561718225,3.507251263,2.55935216
15:04:16,2.560976982,3.506871939,2.558620453
15:04:16,2.561194181,3.508967876,2.558665991
15:04:16,2.560954332,3.508272886,2.559808254
15:04:16,2.56166935,3.508455753,2.557795763
15:04:16,2.560341358,3.508295298,2.55927062
15:04:16,2.560813904,3.508342743,2.558129787
15:04:16,2.560337305,3.508378744,2.557968378
15:04:16,2.56084013,3.508477211,2.558899403
15:04:16,2.561378717,3.507660866,2.558240175
15:04:16,2.560667038,3.506798267,2.55826354
15:04:16,2.56039238,3.50709796,2.557555676
15:04:16,2.561480999,3.507299423,2.558133841
15:04:16,2.56012845,3.505585432,2.557657003
15:04:16,2.560550213,3.505673647,2.558382988
15:04:16,2.56033206,3.504812956,2.558439255
15:04:16,2.561064243,3.506197453,2.558849335
15:04:16,2.560543537,3.506344318,2.559778452
15:04:16,2.561486483,3.505594969,2.559118509
15:04:16,2.560823441,3.504282475,2.558128595
15:04:16,2.559948206,3.503461838,2.559451103
15:04:16,2.561655521,3.502944231,2.558423281
15:04:16,2.560203791,3.502501965,2.558468342
15:04:16,2.561121702,3.504422188,2.557491779
15:04:16,2.559954643,3.503286362,2.557647228
15:04:16,2.560311079,3.5032897,2.556680202
15:04:16,2.560528517,3.503647804,2.557834148
15:04:16,2.5606637,3.504439831,2.559168577
15:04:16,2.559761286,3.503471613,2.558053255
15:04:16,2.559821844,3.503531694,2.55864501
15:04:17,2.560685635,3.504842997,2.559138298
15:04:17,2.561721563,3.504565239,2.559221029
15:04:17,2.56065321,3.506357431,2.559420824
15:04:17,2.560937405,3.504210711,2.557330847
15:04:17,2.56052494,3.507469416,2.558801651
15:04:17,2.560118437,3.506816626,2.559683323
15:04:17,2.560899019,3.507040739,2.558762074
15:04:17,2.560287237,3.507898569,2.559255362
15:04:17,2.561714411,3.508449078,2.558823109
15:04:17,2.560595751,3.508317947,2.560119867
15:04:17,2.560550213,3.508645535,2.558832169
15:04:17,2.561081171,3.507841825,2.559945822
15:04:17,2.561012745,3.507971525,2.55874753
15:04:17,2.562243938,3.509138346,2.559700727
15:04:17,2.561875582,3.508651495,2.558895826
15:04:17,2.561465979,3.508051395,2.558992863
15:04:17,2.561975002,3.506979227,2.558754206
15:04:17,2.560424089,3.507555962,2.559803486
15:04:17,2.56166482,3.505672932,2.558700562
15:04:17,2.560762405,3.506575108,2.559424162
15:04:17,2.562360525,3.506409883,2.558873177
15:04:17,2.56036067,3.505455732,2.558747053
15:04:17,2.560538292,3.505045176,2.558163166
15:04:17,2.560076952,3.505467415,2.559455633
15:04:17,2.561352968,3.505115747,2.559213638
15:04:17,2.561328411,3.505049944,2.558465004
15:04:17,2.560791731,3.50406146,2.559393167
15:04:17,2.562065363,3.50487566,2.558687449
15:04:17,2.560944557,3.504195213,2.560024023
15:04:17,2.561142683,3.504623175,2.559030056
15:04:17,2.560292006,3.504472733,2.559004068
15:04:17,2.560870409,3.504590988,2.560571432
15:04:17,2.561784983,3.50520587,2.559923887
15:04:17,2.561332464,3.504678488,2.558717251
15:04:17,2.560635328,3.504812241,2.558530569
15:04:17,2.561460495,3.505047321,2.558604717
15:04:17,2.560582399,3.504957199,2.55809021
15:04:17,2.560581684,3.505575657,2.559827566
15:04:17,2.560423374,3.506765366,2.558538675
15:04:17,2.561674833,3.506099701,2.558577538
15:04:17,2.560863256,3.506976128,2.558072805
15:04:17,2.561318398,3.506509304,2.559067726
15:04:17,2.560714006,3.50627327,2.558773756
15:04:17,2.560441256,3.505051136,2.558566809
15:04:17,2.56111455,3.506611824,2.558594227
15:04:17,2.561369419,3.505079269,2.558563232
15:04:17,2.561391354,3.506720781,2.558344126
15:04:17,2.560333967,3.506052017,2.558825016
15:04:17,2.560795307,3.50751543,2.558945894
15:04:17,2.560784578,3.508138657,2.559008837
15:04:17,2.561017036,3.506910563,2.556742191
15:04:17,2.56069231,3.507169485,2.559604645
15:04:17,2.561280251,3.507993698,2.559341908
15:04:17,2.561493635,3.508610964,2.559603214
15:04:17,2.561041117,3.508013248,2.558756113
15:04:17,2.56046629,3.509329081,2.559602022
15:04:17,2.561585426,3.508851051,2.558561563
15:04:17,2.561407089,3.508577585,2.559007406
15:04:17,2.561685324,3.50858283,2.559319019
15:04:17,2.560997963,3.509354115,2.558240891
15:04:17,2.561242104,3.508008242,2.558102608
15:04:17,2.561259747,3.509607315,2.559959173
15:04:17,2.560776949,3.509203672,2.55991745
15:04:17,2.561529398,3.509026051,2.559376478
15:04:17,2.560592413,3.508380651,2.558570862
15:04:17,2.561222792,3.508449078,2.560232639
15:04:17,2.560643911,3.508545637,2.56018734
15:04:17,2.561311245,3.506091833,2.558949947
15:04:17,2.560891628,3.506540775,2.559068203
15:04:17,2.561374187,3.505966663,2.559203863
15:04:17,2.559967279,3.504850626,2.55905962
15:04:17,2.561048269,3.503660679,2.557543755
15:04:17,2.56070137,3.503896475,2.559070826
15:04:17,2.559678793,3.502118349,2.558484316
15:04:17,2.560041428,3.503831148,2.559587479
15:04:17,2.560688734,3.501333952,2.558539867
15:04:17,2.559876204,3.502603769,2.558847427
15:04:17,2.559312344,3.501595974,2.559339523
15:04:17,2.559821844,3.502213478,2.558907747
15:04:17,2.56036067,3.502871513,2.55919981
15:04:17,2.560098171,3.502806187,2.557994843
15:04:17,2.560929298,3.502651215,2.558951139
15:04:17,2.560583115,3.503795862,2.559375048
15:04:17,2.561500788,3.505190134,2.560393572
15:04:17,2.561720848,3.506691456,2.559101343
15:04:17,2.561872721,3.507209539,2.559131145
15:04:17,2.561575413,3.506089211,2.559566259
15:04:17,2.56128931,3.507137775,2.559019327
15:04:17,2.561106443,3.506266117,2.558995485
15:04:17,2.561867476,3.507754564,2.559750795
15:04:17,2.560943842,3.507458925,2.560106039
15:04:17,2.561300039,3.509063721,2.559428453
15:04:17,2.562129974,3.508860826,2.560172558
15:04:17,2.561756849,3.507454872,2.559201002
15:04:17,2.561974049,3.508709431,2.560172558
15:04:17,2.561753988,3.509292841,2.558764458
15:04:17,2.561347008,3.50867033,2.559051752
15:04:17,2.560784578,3.50853014,2.559429407
15:04:17,2.561376095,3.508036137,2.560559511
15:04:17,2.561573029,3.508497477,2.557887077
15:04:17,2.560224295,3.5077672,2.558987141
15:04:17,2.561670065,3.507316589,2.559360504
15:04:17,2.561605215,3.508285522,2.558232307
15:04:17,2.560883045,3.507113695,2.557549238
15:04:17,2.56160593,3.508151054,2.558026075
15:04:17,2.561101198,3.507743835,2.559687376
15:04:17,2.561174393,3.507776022,2.558243752
15:04:17,2.561170578,3.507790804,2.559473753
15:04:17,2.561689854,3.506933451,2.558674097
15:04:17,2.560407162,3.507773399,2.55896759
15:04:17,2.561586142,3.507189989,2.558523893
15:04:17,2.561690569,3.507988691,2.560410023
15:04:17,2.560365677,3.506609917,2.559408903
15:04:17,2.561994553,3.5075109,2.558998108
15:04:17,2.56138134,3.507192612,2.55769062
15:04:17,2.562951326,3.507912874,2.560121775
15:04:18,2.561685324,3.505725384,2.557929516
15:04:18,2.561018467,3.506685734,2.55854249
15:04:18,2.560876608,3.5067873,2.560075998
15:04:18,2.561831236,3.505808115,2.559474468
15:04:18,2.561208963,3.505351067,2.559687376
15:04:18,2.561670065,3.505403519,2.559288025
15:04:18,2.560496807,3.505938053,2.558799028
15:04:18,2.561780214,3.506290913,2.559577703
15:04:18,2.562108278,3.505023956,2.559122086
15:04:18,2.561633825,3.505535841,2.559383631
15:04:18,2.561916351,3.505811214,2.559467554
15:04:18,2.561962605,3.503480196,2.559772491
15:04:18,2.561899185,3.5060606,2.559512615
15:04:18,2.561962605,3.504457951,2.558769226
15:04:18,2.561607838,3.503491879,2.559084654
15:04:18,2.560697317,3.50284791,2.558329582
15:04:18,2.56028986,3.504116774,2.559456348
15:04:18,2.559993267,3.504578114,2.558173895
15:04:18,2.56086731,3.505435228,2.558972836
15:04:18,2.560685635,3.505669832,2.559433937
15:04:18,2.561942339,3.506904125,2.560181141
15:04:18,2.560704947,3.506291389,2.559259892
15:04:18,2.561761856,3.50711298,2.559187889
15:04:18,2.561408758,3.508358002,2.558758736
15:04:18,2.560400009,3.507962465,2.558809757
15:04:18,2.560657024,3.508317947,2.558963776
15:04:18,2.56054616,3.50888896,2.558167458
15:04:18,2.561118841,3.510075808,2.558820248
15:04:18,2.56370306,3.511595964,2.560255289
15:04:18,2.56251502,3.511744022,2.56126976
15:04:18,2.562661886,3.511782646,2.560757399
15:04:18,2.562084436,3.51178503,2.559955597
15:04:18,2.562303066,3.512780666,2.561084032
15:04:18,2.563107729,3.511781931,2.560236216
15:04:18,2.562107325,3.510511637,2.56068182
15:04:18,2.562783957,3.510667562,2.560217857
15:04:18,2.562860727,3.510076523,2.561534882
15:04:18,2.562464714,3.509799004,2.559834957
15:04:18,2.562525034,3.510168552,2.558939219
15:04:18,2.561266422,3.50900054,2.559871912
15:04:18,2.56230545,3.509067774,2.559035063
15:04:18,2.561987638,3.50783658,2.558969975
15:04:18,2.562134027,3.508342266,2.560119867
15:04:18,2.561983347,3.506469011,2.560475111
15:04:18,2.561593294,3.508053064,2.559600115
15:04:18,2.561658621,3.506394625,2.559568882
15:04:18,2.561781645,3.505572557,2.55840826
15:04:18,2.561959505,3.505727768,2.559119225
15:04:18,2.561888218,3.504469872,2.559211016
15:04:18,2.562551498,3.506519079,2.56079936
15:04:18,2.562508583,3.505524158,2.560498953
15:04:18,2.562189579,3.506477594,2.560757399
15:04:18,2.562527657,3.505796909,2.55919981
15:04:18,2.561876297,3.505687952,2.560788631
15:04:18,2.5615623,3.506213903,2.55968523
15:04:18,2.561448574,3.505341291,2.559467077
15:04:18,2.561903715,3.506309032,2.559715509
15:04:18,2.562641859,3.50590086,2.558389664
15:04:18,2.560787916,3.504939556,2.559661388
15:04:18,2.561683893,3.505253553,2.559445381
15:04:18,2.562099457,3.505974531,2.559963465
15:04:18,2.562111378,3.505316734,2.560153484
15:04:18,2.562587023,3.506393194,2.560978174
15:04:18,2.563437462,3.50711751,2.561336517
15:04:18,2.562838316,3.507493258,2.561136961
15:04:18,2.561778784,3.508693933,2.560667276
15:04:18,2.562857389,3.510439634,2.560647488
15:04:18,2.561951637,3.509757757,2.560530424
15:04:18,2.562560081,3.509438753,2.561548948
15:04:18,2.562187433,3.509315014,2.559562206
15:04:18,2.561681986,3.508174658,2.559634924
15:04:18,2.561955929,3.508878469,2.558221817
15:04:18,2.561120987,3.508110523,2.559136391
15:04:18,2.561557055,3.507526636,2.559008837
15:04:18,2.560964346,3.507525921,2.559882164
15:04:18,2.561612129,3.506474972,2.560163498
15:04:18,2.561604738,3.507595539,2.558923483
15:04:18,2.560674906,3.508092403,2.560365677
15:04:18,2.561916351,3.508713484,2.560765266
15:04:18,2.562484503,3.509085178,2.559036493
15:04:18,2.562643528,3.509976625,2.559855938
15:04:18,2.563131332,3.50886488,2.561089993
15:04:18,2.561424255,3.509018183,2.561063528
15:04:18,2.562092304,3.508445978,2.560550451
15:04:18,2.562657833,3.509093761,2.559859037
15:04:18,2.561665297,3.509215593,2.559319735
15:04:18,2.56107688,3.509169579,2.559060574
15:04:18,2.562637329,3.508499622,2.560223579
15:04:18,2.561819553,3.508874655,2.560308933
15:04:18,2.562332153,3.507614374,2.561862946
15:04:18,2.56293416,3.50809598,2.559104681
15:04:18,2.561545849,3.507725,2.558929205
15:04:18,2.562542439,3.508676291,2.55994916
15:04:18,2.562143564,3.507507086,2.559682131
15:04:18,2.562882662,3.506055117,2.559258223
15:04:18,2.56178236,3.506632805,2.559238195
15:04:18,2.561595917,3.505237818,2.559619188
15:04:18,2.562608957,3.506746292,2.560464382
15:04:18,2.561539173,3.50440073,2.559660912
15:04:18,2.561948061,3.505321741,2.559816122
15:04:18,2.562575102,3.504092932,2.558279037
15:04:18,2.562433004,3.506216764,2.559056997
15:04:18,2.560877323,3.506141663,2.558425426
15:04:18,2.562091589,3.50500679,2.558193207
15:04:18,2.561613798,3.505378723,2.558511972
15:04:18,2.560781479,3.505346775,2.557964563
15:04:18,2.561853647,3.506938934,2.55799222
15:04:18,2.561185122,3.506258726,2.55967021
15:04:18,2.561914444,3.507350445,2.55984807
15:04:18,2.56107688,3.507283211,2.560019493
15:04:18,2.561547995,3.508449078,2.558845997
15:04:18,2.562844753,3.509026766,2.560489416
15:04:18,2.562033653,3.508500814,2.560189724
15:04:18,2.561787844,3.509143114,2.559853315
15:04:18,2.561870337,3.509269953,2.560394526
15:04:18,2.562194586,3.510030746,2.559623718
15:04:18,2.561703682,3.508605719,2.55933094
15:04:18,2.561612606,3.508734941,2.559920549
15:04:18,2.561212063,3.508657217,2.558980942
15:04:19,2.562708616,3.507625818,2.560218334
15:04:19,2.561182261,3.507311344,2.558847427
15:04:19,2.561558247,3.508289099,2.559015989
15:04:19,2.561276197,3.507218599,2.558904886
15:04:19,2.561029673,3.50851965,2.559584856
15:04:19,2.560972929,3.508298874,2.560637474
15:04:19,2.561232328,3.508460999,2.559912682
15:04:19,2.563067436,3.507945538,2.559259892
15:04:19,2.561730862,3.507815599,2.558724403
15:04:19,2.561699867,3.50797224,2.559845209
15:04:19,2.561164141,3.50847578,2.559797525
15:04:19,2.561247349,3.508000374,2.560698271
15:04:19,2.5613451,3.506649494,2.559449911
15:04:19,2.561251163,3.50714612,2.558973551
15:04:19,2.560727119,3.50475502,2.55853343
15:04:19,2.560035944,3.50454092,2.558577538
15:04:19,2.560819626,3.505333662,2.559367895
15:04:19,2.561721563,3.505250931,2.559595346
15:04:19,2.562737942,3.506275177,2.561067581
15:04:19,2.561173201,3.505805969,2.559283257
15:04:19,2.562309742,3.505782604,2.559942484
15:04:19,2.56231761,3.505870104,2.561089277
15:04:19,2.56221962,3.505933285,2.561019659
15:04:19,2.562182665,3.504644156,2.560807705
15:04:19,2.562499285,3.505388498,2.559015274
15:04:19,2.561180353,3.505169868,2.558974504
15:04:19,2.562104702,3.504437923,2.559755564
15:04:19,2.562357664,3.506493807,2.560708284
15:04:19,2.562355995,3.503620386,2.560541391
15:04:19,2.562427282,3.505800247,2.559648991
15:04:19,2.561041594,3.504603624,2.55985117
15:04:19,2.562252045,3.506018162,2.560662746
15:04:19,2.562288284,3.505935669,2.559711933
15:04:19,2.562406778,3.507232189,2.559005499
15:04:19,2.562617302,3.507497311,2.560839415
15:04:19,2.562544107,3.507081032,2.559489965
15:04:19,2.562034845,3.508186817,2.558547735
15:04:19,2.562272072,3.507040739,2.56002593
15:04:19,2.563768387,3.508555412,2.560700893
15:04:19,2.562912226,3.508085012,2.561193705
15:04:19,2.562655449,3.508774996,2.560848475
15:04:19,2.562593222,3.508754492,2.560475111
15:04:19,2.561851263,3.510152102,2.558283329
15:04:19,2.562964439,3.509769201,2.560579538
15:04:19,2.562224865,3.509467125,2.55902648
15:04:19,2.561166525,3.509747505,2.559291601
15:04:19,2.562088966,3.509779453,2.560220718
15:04:19,2.561930895,3.510810375,2.559834957
15:04:19,2.561963558,3.51021719,2.559001923
15:04:19,2.562831879,3.510457516,2.558876038
15:04:19,2.561943531,3.510062456,2.558237553
15:04:19,2.561166048,3.511196136,2.560345888
15:04:19,2.56167841,3.509811401,2.559112072
15:04:19,2.561633825,3.51066041,2.559160948
15:04:19,2.561892509,3.511203527,2.560062408
15:04:19,2.56261301,3.510401964,2.560165405
15:04:19,2.561903238,3.509315014,2.560002804
15:04:19,2.562460899,3.508576393,2.558782578
15:04:19,2.562376499,3.50883007,2.560473442
15:04:19,2.562278509,3.507161379,2.559291601
15:04:19,2.561560631,3.507170439,2.559040546
15:04:19,2.56196475,3.506934166,2.560765266
15:04:19,2.563431501,3.506958485,2.559419394
15:04:19,2.562139273,3.505169153,2.559285164
15:04:19,2.561969995,3.505538702,2.55850935
15:04:19,2.561355114,3.505712032,2.560410023
15:04:19,2.560598373,3.504644632,2.559217691
15:04:19,2.560512543,3.504400253,2.558419466
15:04:19,2.561594725,3.503341675,2.559369326
15:04:19,2.56108284,3.504674673,2.560128927
15:04:19,2.562074423,3.504165411,2.5592103
15:04:19,2.561331749,3.503038883,2.558066368
15:04:19,2.560227871,3.504024744,2.559045792
15:04:19,2.56178236,3.505158186,2.559165001
15:04:19,2.560814381,3.504634857,2.558019161
15:04:19,2.561198473,3.505128622,2.558164835
15:04:19,2.560627937,3.505547762,2.559188366
15:04:19,2.560444355,3.5054667,2.559516191
15:04:19,2.560292006,3.505529642,2.557518721
15:04:19,2.561625719,3.508370876,2.559930086
15:04:19,2.561418295,3.508074522,2.559909105
15:04:19,2.561448574,3.507988691,2.559684515
15:04:19,2.560892105,3.507567644,2.559387684
15:04:19,2.560916662,3.508449793,2.559461117
15:04:19,2.561053753,3.508032084,2.558304548
15:04:19,2.562107325,3.508287191,2.560356379
15:04:19,2.560893774,3.508107424,2.559004068
15:04:19,2.562063932,3.507977486,2.55881238
15:04:19,2.56179142,3.50790906,2.559291601
15:04:19,2.561460495,3.50914073,2.55970192
15:04:19,2.560825109,3.508253336,2.559937239
15:04:19,2.561249733,3.508988857,2.559514046
15:04:19,2.562599659,3.508500099,2.560259581
15:04:19,2.562111378,3.508907318,2.559937954
15:04:19,2.562288284,3.509031773,2.558908224
15:04:19,2.560987711,3.508314133,2.559416056
15:04:19,2.561144114,3.508267641,2.558674812
15:04:19,2.560374975,3.507078409,2.559735298
15:04:19,2.560986042,3.507308483,2.557607889
15:04:19,2.561002731,3.508348703,2.558216333
15:04:19,2.561469078,3.505286694,2.557419777
15:04:19,2.560342789,3.505686283,2.558160305
15:04:19,2.560709953,3.504135132,2.557327509
15:04:19,2.559831381,3.505894184,2.557168245
15:04:19,2.560820341,3.505168676,2.559071541
15:04:19,2.559918642,3.504386187,2.557159662
15:04:19,2.559074163,3.505250931,2.558117151
15:04:19,2.560951233,3.504784346,2.557527304
15:04:19,2.559650898,3.504845142,2.558685541
15:04:19,2.559814215,3.505468845,2.558297873
15:04:19,2.560472965,3.50469017,2.558279037
15:04:19,2.56000495,3.504271507,2.557827473
15:04:19,2.560783386,3.503966093,2.558519125
15:04:19,2.560154438,3.505217552,2.558597326
15:04:19,2.560545444,3.503935575,2.55720973
15:04:20,2.560007095,3.502245188,2.557599545
15:04:20,2.560100317,3.503165007,2.557714701
15:04:20,2.559951067,3.503141403,2.558388948
15:04:20,2.559995174,3.504576206,2.557703257
15:04:20,2.559941053,3.502663374,2.556840181
15:04:20,2.559830666,3.503999472,2.558344126
15:04:20,2.560770035,3.504042387,2.557573795
15:04:20,2.560484171,3.505415201,2.558318853
15:04:20,2.560907602,3.505451202,2.55918479
15:04:20,2.560963154,3.505803347,2.558368683
15:04:20,2.560592413,3.506358862,2.558253527
15:04:20,2.560283899,3.50559926,2.557943344
15:04:20,2.560740232,3.506078243,2.55730629
15:04:20,2.560598373,3.504654408,2.558545351
15:04:20,2.560672283,3.506042957,2.559217691
15:04:20,2.560308456,3.506354809,2.559178114
15:04:20,2.560642242,3.505881786,2.558955908
15:04:20,2.559942961,3.505971909,2.558422804
15:04:20,2.562030077,3.509819984,2.560225487
15:04:20,2.56160593,3.509976625,2.559443235
15:04:20,2.562483311,3.508899212,2.560878277
15:04:20,2.562396765,3.508765936,2.560539722
15:04:20,2.561360121,3.508233786,2.560190439
15:04:20,2.562176704,3.50925374,2.559263468
15:04:20,2.56137991,3.508717299,2.560464382
15:04:20,2.561089993,3.508768797,2.558745384
15:04:20,2.560192585,3.509530306,2.558628559
15:04:20,2.561014175,3.507564306,2.558865309
15:04:20,2.560055017,3.507571697,2.559088707
15:04:20,2.559568405,3.506534815,2.558012724
15:04:20,2.560342073,3.506707191,2.557873249
15:04:20,2.56022644,3.506556988,2.558458567
15:04:20,2.55974412,3.50538516,2.558440208
15:04:20,2.560177565,3.504616499,2.557776213
15:04:20,2.560945272,3.503753424,2.557613373
15:04:20,2.560571671,3.504684687,2.558855295
15:04:20,2.560231447,3.504426241,2.556782722
15:04:20,2.561175108,3.505033016,2.558793306
15:04:20,2.56102252,3.505158186,2.558012009
15:04:20,2.559969425,3.504103899,2.557770252
15:04:20,2.560608149,3.503999472,2.558589458
15:04:20,2.560032368,3.503587008,2.557540655
15:04:20,2.560575247,3.504639626,2.558053732
15:04:20,2.560479403,3.504107475,2.558644295
15:04:20,2.561039686,3.503959656,2.557863474
15:04:20,2.560071707,3.504413605,2.558115959
15:04:20,2.561460018,3.504309416,2.557440519
15:04:20,2.561159372,3.505293131,2.558701277
15:04:20,2.560976267,3.504450321,2.55881691
15:04:20,2.561431408,3.507781029,2.559183359
15:04:20,2.561808825,3.507270813,2.560543776
15:04:20,2.562388182,3.508033037,2.559784412
15:04:20,2.561508894,3.507786989,2.560197115
15:04:20,2.560817957,3.506076813,2.557526112
15:04:20,2.560363054,3.506247282,2.558882475
15:04:20,2.561593294,3.506106138,2.558490992
15:04:20,2.56064868,3.505440235,2.558920145
15:04:20,2.560379744,3.502919674,2.558281183
15:04:20,2.559770346,3.505108595,2.559113979
15:04:20,2.559929609,3.50546813,2.559093952
15:04:20,2.560066462,3.505701065,2.557964563
15:04:20,2.559643507,3.506750107,2.558727026
15:04:20,2.560083151,3.505884409,2.557924986
15:04:20,2.560686827,3.508036852,2.55848217
15:04:20,2.560106039,3.507019043,2.557982922
15:04:20,2.560542107,3.508149624,2.558674097
15:04:20,2.559948206,3.507989407,2.557879686
15:04:20,2.561020613,3.506658792,2.55895853
15:04:20,2.559911966,3.506839514,2.559144974
15:04:20,2.560335398,3.507235765,2.558933258
15:04:20,2.559905291,3.505839825,2.558362007
15:04:20,2.560281277,3.505896091,2.558661461
15:04:20,2.561145544,3.506608009,2.559168577
15:04:20,2.560796022,3.50593257,2.559277296
15:04:20,2.560270309,3.505890369,2.558468342
15:04:20,2.560092926,3.503983259,2.557617188
15:04:20,2.559806824,3.504270792,2.558821678
15:04:20,2.560455799,3.503461838,2.557687521
15:04:20,2.5598948,3.502737761,2.558789968
15:04:20,2.559093475,3.503899574,2.558652163
15:04:20,2.560811281,3.503528357,2.559000254
15:04:20,2.561025858,3.503096342,2.558731794
15:04:20,2.560349226,3.503367901,2.559865952
15:04:20,2.561529398,3.503260136,2.557811737
15:04:20,2.562170982,3.503514051,2.558991432
15:04:20,2.561193466,3.504634857,2.559253454
15:04:20,2.560847998,3.5032022,2.558053732
15:04:20,2.55957675,3.502557993,2.558513641
15:04:20,2.560682297,3.504061937,2.558413982
15:04:20,2.55932498,3.501738071,2.559043169
15:04:20,2.559821367,3.502503872,2.557513952
15:04:20,2.56010747,3.50389123,2.558269262
15:04:20,2.562243462,3.505753279,2.558318377
15:04:20,2.560163021,3.505995989,2.559141636
15:04:20,2.561436892,3.505708218,2.559591293
15:04:20,2.562339306,3.508070946,2.560741425
15:04:20,2.561884642,3.508914471,2.559399605
15:04:20,2.56275034,3.508296967,2.558775187
15:04:20,2.561243057,3.508254766,2.560270548
15:04:20,2.561366796,3.507590532,2.559695721
15:04:20,2.560968161,3.508393049,2.560850143
15:04:20,2.562001705,3.508956909,2.560978174
15:04:20,2.562966347,3.508460999,2.55919838
15:04:20,2.560618162,3.508705378,2.559027195
15:04:20,2.561056137,3.508579493,2.559239626
15:04:20,2.559955597,3.509377003,2.557707787
15:04:20,2.559654951,3.508389711,2.559215307
15:04:20,2.560333967,3.509573936,2.558769941
15:04:20,2.561136961,3.509843588,2.557884932
15:04:20,2.562390089,3.50983882,2.560980797
15:04:20,2.561920643,3.509433031,2.558608532
15:04:20,2.56090641,3.509304047,2.559510708
15:04:20,2.561442852,3.509879351,2.559440613
15:04:20,2.559915781,3.507431984,2.558171511
15:04:20,2.560707331,3.50857234,2.558068275
15:04:20,2.560512543,3.50761199,2.560163975
15:04:20,2.560684681,3.507133245,2.560940504
15:04:20,2.561735392,3.508325815,2.560626984
15:04:20,2.560583591,3.507212162,2.559466362
15:04:21,2.56116724,3.507527351,2.560168266
15:04:21,2.561525345,3.506469011,2.558230162
15:04:21,2.561476469,3.506144762,2.559579611
15:04:21,2.561629057,3.50648737,2.558902979
15:04:21,2.56129384,3.505124331,2.558320761
15:04:21,2.561126471,3.505467415,2.559147596
15:04:21,2.561042309,3.505507708,2.55874896
15:04:21,2.561882734,3.506310463,2.559291124
15:04:21,2.561339617,3.505458355,2.558735609
15:04:21,2.562091589,3.505683422,2.559133768
15:04:21,2.561487675,3.504148245,2.559227705
15:04:21,2.56055665,3.504583597,2.558589935
15:04:21,2.561038494,3.502253294,2.557335615
15:04:21,2.559964657,3.503984213,2.557846069
15:04:21,2.560581207,3.504332781,2.559001446
15:04:21,2.560715199,3.50453186,2.560483456
15:04:21,2.562434435,3.506437778,2.56074214
15:04:21,2.563756466,3.505902529,2.560153484
15:04:21,2.561022043,3.50680232,2.560294867
15:04:21,2.563242674,3.507178068,2.56005764
15:04:21,2.563415527,3.506096363,2.559854031
15:04:21,2.562319517,3.506040335,2.560344458
15:04:21,2.5620718,3.505446672,2.559723616
15:04:21,2.562577724,3.506717443,2.559081554
15:04:21,2.562268019,3.507064581,2.560827494
15:04:21,2.56087923,3.505589962,2.557280779
15:04:21,2.560852766,3.505881786,2.558822393
15:04:21,2.560016155,3.505503893,2.557941198
15:04:21,2.559793711,3.506167889,2.55802393
15:04:21,2.561929703,3.508522749,2.560181141
15:04:21,2.562343359,3.507235765,2.559086084
15:04:21,2.561639547,3.507312536,2.558598518
15:04:21,2.561643124,3.509458542,2.558648586
15:04:21,2.561142683,3.508949041,2.560841084
15:04:21,2.561639547,3.509243965,2.560382366
15:04:21,2.561606646,3.50868845,2.558599472
15:04:21,2.561629057,3.508811712,2.558675528
15:04:21,2.561506271,3.50744009,2.559230089
15:04:21,2.562035561,3.509579182,2.559857368
15:04:21,2.561871767,3.510258198,2.560666561
15:04:21,2.561941624,3.509653091,2.559737444
15:04:21,2.562614918,3.510187387,2.560304165
15:04:21,2.561453342,3.510314703,2.558517218
15:04:21,2.562699556,3.508787155,2.559445381
15:04:21,2.561741352,3.508623838,2.559994936
15:04:21,2.562062502,3.50792861,2.560334682
15:04:21,2.561903238,3.507711887,2.559566259
15:04:21,2.561147451,3.507104874,2.560183764
15:04:21,2.561675549,3.507636786,2.559143782
15:04:21,2.561664104,3.507409811,2.56023407
15:04:21,2.562555313,3.50806284,2.557856798
15:04:21,2.561746836,3.507386446,2.558505297
15:04:21,2.561568975,3.507095098,2.559019327
15:04:21,2.561675549,3.507316589,2.559906244
15:04:21,2.561977148,3.506754875,2.559197426
15:04:21,2.561113834,3.506750107,2.560003996
15:04:21,2.562314987,3.505721807,2.560378313
15:04:21,2.56225729,3.50619483,2.55926466
15:04:21,2.562767506,3.506656647,2.560351372
15:04:21,2.56193614,3.504817009,2.558684587
15:04:21,2.560494661,3.503881454,2.559453011
15:04:21,2.561764479,3.505589962,2.55871439
15:04:21,2.560760975,3.505666256,2.557516575
15:04:21,2.559875727,3.503234148,2.558792591
15:04:21,2.561033964,3.504720926,2.559248924
15:04:21,2.561495543,3.505282164,2.558135033
15:04:21,2.560925484,3.504892588,2.558876038
15:04:21,2.561183214,3.505762339,2.557355404
15:04:21,2.561216116,3.504627466,2.558901072
15:04:21,2.560967684,3.505742311,2.557969093
15:04:21,2.562591791,3.50521636,2.55933094
15:04:21,2.561169147,3.505723238,2.55992341
15:04:21,2.561029673,3.505154371,2.559541225
15:04:21,2.561207771,3.5050354,2.558169603
15:04:21,2.560238123,3.505924702,2.55772233
15:04:21,2.560639858,3.505869389,2.558038473
15:04:21,2.560278654,3.506688833,2.558949947
15:04:21,2.559399843,3.505372286,2.558608055
15:04:21,2.560854673,3.507176638,2.558526516
15:04:21,2.560092211,3.507130623,2.55873704
15:04:21,2.561429501,3.50692296,2.558170795
15:04:21,2.560773611,3.505707026,2.559413671
15:04:21,2.559699774,3.505969286,2.558576345
15:04:21,2.56075573,3.507445574,2.557843447
15:04:21,2.560378313,3.506608009,2.558393002
15:04:21,2.560308456,3.507294416,2.557072401
15:04:21,2.56065464,3.506587029,2.557765484
15:04:21,2.559655428,3.507629633,2.557192564
15:04:21,2.561034441,3.507324934,2.558740139
15:04:21,2.561691046,3.506825924,2.558525324
15:04:21,2.560910225,3.506920576,2.559267282
15:04:21,2.561038494,3.506046057,2.558477163
15:04:21,2.560421944,3.505637646,2.559000254
15:04:21,2.56135726,3.50633049,2.55971694
15:04:21,2.56046629,3.506115913,2.558054447
15:04:21,2.560162067,3.506158352,2.558252096
15:04:21,2.56095314,3.505681515,2.55970192
15:04:21,2.56042695,3.505618811,2.557957649
15:04:21,2.560223103,3.504775047,2.558984756
15:04:21,2.560591221,3.505857706,2.557160854
15:04:21,2.560731888,3.505150318,2.559105158
15:04:21,2.560991526,3.506810904,2.559225559
15:04:21,2.56268549,3.50701952,2.560700417
15:04:21,2.562611818,3.506129503,2.559493542
15:04:21,2.562178135,3.506531,2.559839249
15:04:21,2.561554432,3.506038189,2.5592103
15:04:21,2.561934233,3.507353544,2.559941769
15:04:21,2.561380625,3.506188393,2.559569359
15:04:21,2.561110973,3.506311655,2.558662176
15:04:21,2.560902119,3.506383419,2.55983758
15:04:21,2.561101913,3.506120443,2.558480978
15:04:21,2.561978579,3.50632143,2.560004473
15:04:21,2.559791803,3.504566431,2.557412148
15:04:21,2.56058836,3.505105495,2.557945251
15:04:21,2.56093812,3.504571676,2.559222937
15:04:21,2.560313463,3.506751299,2.558190584
15:04:22,2.5594697,3.505251408,2.558586836
15:04:22,2.560963154,3.505313396,2.559095144
15:04:22,2.560422659,3.506085396,2.558163643
15:04:22,2.561047554,3.50561738,2.559141636
15:04:22,2.559434891,3.505783319,2.557304621
15:04:22,2.560560703,3.505155563,2.558350563
15:04:22,2.559966087,3.505785942,2.55771184
15:04:22,2.562131166,3.505983591,2.558657646
15:04:22,2.561507463,3.506048203,2.557287216
15:04:22,2.560200453,3.504852772,2.558197737
15:04:22,2.561142683,3.504642725,2.558906317
15:04:22,2.56051302,3.504143,2.55924201
15:04:22,2.560326815,3.505178452,2.55940485
15:04:22,2.561320543,3.504653931,2.558563709
15:04:22,2.561290264,3.504935741,2.558591366
15:04:22,2.560523748,3.506486654,2.557888508
15:04:22,2.561118126,3.50618124,2.55997777
15:04:22,2.561626434,3.505371571,2.558496237
15:04:22,2.561089993,3.50529933,2.560593128
15:04:22,2.560961723,3.506493092,2.559957981
15:04:22,2.561702967,3.505477905,2.558782578
15:04:22,2.561693192,3.505846024,2.558729887
15:04:22,2.560914278,3.506150007,2.558841467
15:04:22,2.56175065,3.505960703,2.559178114
15:04:22,2.561160564,3.506884575,2.558318377
15:04:22,2.56039238,3.505811214,2.558897018
15:04:22,2.560164452,3.505224228,2.55737257
15:04:22,2.560236931,3.505997896,2.558327675
15:04:22,2.560630083,3.506820679,2.557735682
15:04:22,2.560696602,3.505635738,2.559316158
15:04:22,2.560406685,3.505604744,2.557792425
15:04:22,2.561448336,3.506680965,2.559256077
15:04:22,2.561711788,3.507096052,2.558728218
15:04:22,2.560330868,3.506917238,2.558176756
15:04:22,2.560940027,3.506942511,2.558488131
15:04:22,2.56147027,3.50650239,2.558183432
15:04:22,2.560285807,3.50675416,2.559185982
15:04:22,2.560403585,3.507399321,2.56005311
15:04:22,2.560828924,3.50653553,2.559873819
15:04:22,2.561032534,3.507075548,2.55909276
15:04:22,2.560478687,3.508036852,2.55873704
15:04:22,2.561408758,3.508708,2.559199095
15:04:22,2.561923265,3.508223534,2.559749603
15:04:22,2.561908007,3.507777691,2.559454679
15:04:22,2.561784983,3.507720947,2.559256792
15:04:22,2.560529232,3.507012129,2.558829546
15:04:22,2.560722589,3.506702662,2.559220314
15:04:22,2.560208797,3.507212877,2.55961585
15:04:22,2.561481714,3.506817341,2.559373617
15:04:22,2.560799837,3.506432295,2.558502913
15:04:22,2.560478687,3.506127596,2.557772636
15:04:22,2.560949087,3.504755497,2.557229757
15:04:22,2.559654951,3.506780863,2.558832169
15:04:22,2.560477734,3.506367207,2.558685541
15:04:22,2.560737848,3.506578684,2.55909586
15:04:22,2.560069799,3.505856276,2.558800459
15:04:22,2.559795618,3.504495859,2.558055639
15:04:22,2.561056852,3.505785942,2.559452534
15:04:22,2.561007977,3.505583525,2.559636354
15:04:22,2.561393976,3.50537014,2.559801102
15:04:22,2.560496807,3.504640102,2.558637857
15:04:22,2.559854269,3.504226446,2.558862448
15:04:22,2.561099768,3.503962517,2.558846712
15:04:22,2.560618877,3.504490852,2.557988167
15:04:22,2.560780764,3.504596949,2.558700085
15:04:22,2.560476065,3.503957033,2.557760239
15:04:22,2.56101203,3.504686594,2.557741642
15:04:22,2.560620308,3.505427837,2.559077978
15:04:22,2.560559511,3.504319906,2.558844805
15:04:22,2.561235189,3.504845619,2.558074236
15:04:22,2.560512543,3.503526926,2.557918787
15:04:22,2.56087184,3.504125357,2.559359312
15:04:22,2.561280966,3.50387764,2.558235645
15:04:22,2.561001539,3.504702091,2.559900761
15:04:22,2.561155319,3.504653215,2.557832479
15:04:22,2.560342789,3.503736496,2.558342695
15:04:22,2.560281277,3.50478363,2.559585333
15:04:22,2.561500788,3.504899979,2.558489084
15:04:22,2.560521841,3.504226446,2.557542801
15:04:22,2.559504986,3.504163027,2.557592392
15:04:22,2.560312271,3.506893635,2.556885958
15:04:22,2.560943127,3.506392002,2.558233023
15:04:22,2.56052494,3.50673604,2.557919502
15:04:22,2.559878111,3.505785942,2.558290958
15:04:22,2.560172081,3.505265236,2.558161497
15:04:22,2.560049295,3.506476164,2.557047844
15:04:22,2.55988884,3.505072117,2.557892561
15:04:22,2.559524059,3.505750418,2.557231903
15:04:22,2.560592413,3.505825758,2.556584835
15:04:22,2.559073448,3.505327225,2.558379412
15:04:22,2.558094978,3.506817341,2.55779171
15:04:22,2.560919046,3.505849123,2.557819128
15:04:22,2.56095314,3.506886482,2.559169292
15:04:22,2.560328245,3.506867647,2.557320118
15:04:22,2.56032896,3.506032705,2.557428837
15:04:22,2.560355186,3.506165743,2.55769062
15:04:22,2.559622526,3.505467415,2.556936026
15:04:22,2.559979916,3.505973816,2.557415724
15:04:22,2.560323,3.506038189,2.559020758
15:04:22,2.560941935,3.505514383,2.558588028
15:04:22,2.559704304,3.505668402,2.558151722
15:04:22,2.561228752,3.505090237,2.558532715
15:04:22,2.560442448,3.505745411,2.559192657
15:04:22,2.560330153,3.506098986,2.559174061
15:04:22,2.559911966,3.506592989,2.559356689
15:04:22,2.560603619,3.507297516,2.559545994
15:04:22,2.562074423,3.506796598,2.558493614
15:04:22,2.562137842,3.506615162,2.558571577
15:04:22,2.561821938,3.504105091,2.558683157
15:04:22,2.56032753,3.505077839,2.55895853
15:04:22,2.561574221,3.504216671,2.558446646
15:04:22,2.561341763,3.503988266,2.558410406
15:04:22,2.560380936,3.504091501,2.558549643
15:04:22,2.560331345,3.503117323,2.557734966
15:04:22,2.560402393,3.502961397,2.556484222
15:04:23,2.56040287,3.503627062,2.558430672
15:04:23,2.559224129,3.503508091,2.558428288
15:04:23,2.559785366,3.503538132,2.558639288
15:04:23,2.559919357,3.501739979,2.558316231
15:04:23,2.562455654,3.508209705,2.560534954
15:04:23,2.561490059,3.507192612,2.55998683
15:04:23,2.561918259,3.506780863,2.559434652
15:04:23,2.562312365,3.507918835,2.560315609
15:04:23,2.561865568,3.509203672,2.560513258
15:04:23,2.561722755,3.508036852,2.559114933
15:04:23,2.5613451,3.508486986,2.559103489
15:04:23,2.561936855,3.507357836,2.55781436
15:04:23,2.561710119,3.508368969,2.559134483
15:04:23,2.561842203,3.508919477,2.559504271
15:04:23,2.562344551,3.507367611,2.558831453
15:04:23,2.561218739,3.5075984,2.559384108
15:04:23,2.562088966,3.508384466,2.559783936
15:04:23,2.56174469,3.50675416,2.560182571
15:04:23,2.561408281,3.507179499,2.558833599
15:04:23,2.561427593,3.506687403,2.559664726
15:04:23,2.562144279,3.507413626,2.560047626
15:04:23,2.559944868,3.505043507,2.556979656
15:04:23,2.558204651,3.503723383,2.55813694
15:04:23,2.559189796,3.505753994,2.558557034
15:04:23,2.559168577,3.503834248,2.557631731
15:04:23,2.559388399,3.503869057,2.556929588
15:04:23,2.55825758,3.504255772,2.557226896
15:04:23,2.558647394,3.504081726,2.556063175
15:04:23,2.560181379,3.504431963,2.55694747
15:04:23,2.559257269,3.504353046,2.557850122
15:04:23,2.560179234,3.504964352,2.558647633
15:04:23,2.561036348,3.505019426,2.558625221
15:04:23,2.562076569,3.50637579,2.557821035
15:04:23,2.559936523,3.505711317,2.55802393
15:04:23,2.560639858,3.507188797,2.559845924
15:04:23,2.560397387,3.505247593,2.55822897
15:04:23,2.560049295,3.504828691,2.558995485
15:04:23,2.560690165,3.506113529,2.557420254
15:04:23,2.561310768,3.505671024,2.558432579
15:04:23,2.560858727,3.505286694,2.557726622
15:04:23,2.561176538,3.505539417,2.558750153
15:04:23,2.56175065,3.506405115,2.558493614
15:04:23,2.561578751,3.506298304,2.559528112
15:04:23,2.561240673,3.506609201,2.559822083
15:04:23,2.562107325,3.50672555,2.557709217
15:04:23,2.561745405,3.504797459,2.558381557
15:04:23,2.561465979,3.505972862,2.559011936
15:04:23,2.561130047,3.506184578,2.559272528
15:04:23,2.561563492,3.506018639,2.559494734
15:04:23,2.561609268,3.506513357,2.559896946
15:04:23,2.561806917,3.504809856,2.559442759
15:04:23,2.561745405,3.505753279,2.558146238
15:04:23,2.562210083,3.504090071,2.558770657
15:04:23,2.561035633,3.506795883,2.56040287
15:04:23,2.561753988,3.506345749,2.559449196
15:04:23,2.562060356,3.505567312,2.559927464
15:04:23,2.562150478,3.504624605,2.559022427
15:04:23,2.561753988,3.504481792,2.559457064
15:04:23,2.562083721,3.506008387,2.559234381
15:04:23,2.561499119,3.503732443,2.558319569
15:04:23,2.561845064,3.506380081,2.56019187
15:04:23,2.561026573,3.5062356,2.559102058
15:04:23,2.562226295,3.506731749,2.559610605
15:04:23,2.561423063,3.506331205,2.559682846
15:04:23,2.561295271,3.506798267,2.560357332
15:04:23,2.5616014,3.506454468,2.559995413
15:04:23,2.561804771,3.507368088,2.558764458
15:04:23,2.561825991,3.506806374,2.559240818
15:04:23,2.561038494,3.507181644,2.558525324
15:04:23,2.560829401,3.508291245,2.559328079
15:04:23,2.560774803,3.507682085,2.559444666
15:04:23,2.560759544,3.507776737,2.559521914
15:04:23,2.560978889,3.508745432,2.559762716
15:04:23,2.560755253,3.50842905,2.558530569
15:04:23,2.561434984,3.508875847,2.55875659
15:04:23,2.561147451,3.508284807,2.559380531
15:04:23,2.561363459,3.507090092,2.559899569
15:04:23,2.561282158,3.507098675,2.559326887
15:04:23,2.56140399,3.506774426,2.559131861
15:04:23,2.560991526,3.507462502,2.560199261
15:04:23,2.560884953,3.506175995,2.557866573
15:04:23,2.561339617,3.506260633,2.558075428
15:04:23,2.560218573,3.506945133,2.558332205
15:04:23,2.560662508,3.508047342,2.558797121
15:04:23,2.560858011,3.50722456,2.558447361
15:04:23,2.560333014,3.507213354,2.558026075
15:04:23,2.561528921,3.507989883,2.558371067
15:04:23,2.560272455,3.506366491,2.557759523
15:04:23,2.560485601,3.50671649,2.558162212
15:04:23,2.561063051,3.506425858,2.558012009
15:04:23,2.560060501,3.506073713,2.558799028
15:04:23,2.56046629,3.50706768,2.558457136
15:04:23,2.561748505,3.505881786,2.558687449
15:04:23,2.561473846,3.506095648,2.558922052
15:04:23,2.561455965,3.505947828,2.558707714
15:04:23,2.56113553,3.505716085,2.55823946
15:04:23,2.560870409,3.506429911,2.556703329
15:04:23,2.561681271,3.505494118,2.558487415
15:04:23,2.560044289,3.50609827,2.558599949
15:04:23,2.562153578,3.506082773,2.559222937
15:04:23,2.560799837,3.50489521,2.558312416
15:04:23,2.56162405,3.503965378,2.55802989
15:04:23,2.56046629,3.502414465,2.556835651
15:04:23,2.560432434,3.503295422,2.558111906
15:04:23,2.560158968,3.503269434,2.558371544
15:04:23,2.561629772,3.504353762,2.558745384
15:04:23,2.56029582,3.50488615,2.559072256
15:04:23,2.560456991,3.504711151,2.558085442
15:04:23,2.559197187,3.504316568,2.557596684
15:04:23,2.56118989,3.505730867,2.556231022
15:04:23,2.559587479,3.504267693,2.557590723
15:04:23,2.560059309,3.505164146,2.557198763
15:04:23,2.561068535,3.505882502,2.558173895
15:04:23,2.560389757,3.506055117,2.557641745
15:04:23,2.560217142,3.505554199,2.558162212
15:04:23,2.561038494,3.506394625,2.55843401
15:04:23,2.560735226,3.507498503,2.558349848
15:04:23,2.561048746,3.507050514,2.559164047
15:04:23,2.560007095,3.506760597,2.559024096
15:04:24,2.561062098,3.508512974,2.558634996
15:04:24,2.561102629,3.508606911,2.558543682
15:04:24,2.560888529,3.509623528,2.558592081
15:04:24,2.560115576,3.508270979,2.557081699
15:04:24,2.560444355,3.507999659,2.559865952
15:04:24,2.56042695,3.507982016,2.558382988
15:04:24,2.56148243,3.509221792,2.558420181
15:04:24,2.5610919,3.508763552,2.559207201
15:04:24,2.560489178,3.509641886,2.560421467
15:04:24,2.561166525,3.508038044,2.559051752
15:04:24,2.560976982,3.507991552,2.559395552
15:04:24,2.56064868,3.506957769,2.558767319
15:04:24,2.561033964,3.507121325,2.559479713
15:04:24,2.560410738,3.505638838,2.557329655
15:04:24,2.561454773,3.505595922,2.557908773
15:04:24,2.560404301,3.505474567,2.558529854
15:04:24,2.560902834,3.504387856,2.557967424
15:04:24,2.560373068,3.504566908,2.55799675
15:04:24,2.560482025,3.50475502,2.557870626
15:04:24,2.560083151,3.503972054,2.556631804
15:04:24,2.561225891,3.504333496,2.556868792
15:04:24,2.561252356,3.504968405,2.558879137
15:04:24,2.561222792,3.504863262,2.556772709
15:04:24,2.560188293,3.504645348,2.557778597
15:04:24,2.559412956,3.504544735,2.558170795
15:04:24,2.560605526,3.503852606,2.558523417
15:04:24,2.560014963,3.503093958,2.557100058
15:04:24,2.561230183,3.503696203,2.557659626
15:04:24,2.561636448,3.504685879,2.55785799
15:04:24,2.560224295,3.50379014,2.557472229
15:04:24,2.560306787,3.503010273,2.557726622
15:04:24,2.560765505,3.505785227,2.558568954
15:04:24,2.56101346,3.50491333,2.55926609
15:04:24,2.560923338,3.50453639,2.558368683
15:04:24,2.561211348,3.50369215,2.557469368
15:04:24,2.560225964,3.505160093,2.55769062
15:04:24,2.559654951,3.505616188,2.558449984
15:04:24,2.560270786,3.503570557,2.557427645
15:04:24,2.560227156,3.503705263,2.558334827
15:04:24,2.559972525,3.504600286,2.558921337
15:04:24,2.559891939,3.504405975,2.558969259
15:04:24,2.560262442,3.504882097,2.558105946
15:04:24,2.562108994,3.506706476,2.55919528
15:04:24,2.56114912,3.50666213,2.559961796
15:04:24,2.560842037,3.506369829,2.559234381
15:04:24,2.561018467,3.507531166,2.560804844
15:04:24,2.56112361,3.507173777,2.559209108
15:04:24,2.56122756,3.507431984,2.558967113
15:04:24,2.560813189,3.506899595,2.558259964
15:04:24,2.560234308,3.506518602,2.559030771
15:04:24,2.561079264,3.508789778,2.559494257
15:04:24,2.561073303,3.508597851,2.560706139
15:04:24,2.561335564,3.50784421,2.559375048
15:04:24,2.560756445,3.507717848,2.558599472
15:04:24,2.559895992,3.507389545,2.558637142
15:04:24,2.561023235,3.508851051,2.559482813
15:04:24,2.561036348,3.507667542,2.559581995
15:04:24,2.561600685,3.507453442,2.559890985
15:04:24,2.561732769,3.507860661,2.560377121
15:04:24,2.560749054,3.508692741,2.559857845
15:04:24,2.561007977,3.507462502,2.558977604
15:04:24,2.560230255,3.508331776,2.558236122
15:04:24,2.560430527,3.508028269,2.558925629
15:04:24,2.560254097,3.508695602,2.559238911
15:04:24,2.561303616,3.508320808,2.559085369
15:04:24,2.560881853,3.506851196,2.55853343
15:04:24,2.561081171,3.50726819,2.560013533
15:04:24,2.560431242,3.506092548,2.558869123
15:04:24,2.561662197,3.505754471,2.558345318
15:04:24,2.560738325,3.503778458,2.559000254
15:04:24,2.560640574,3.504924536,2.559242725
15:04:24,2.561629057,3.503833771,2.558818102
15:04:24,2.561067343,3.503612518,2.559399605
15:04:24,2.561689854,3.503927708,2.559636354
15:04:24,2.561403275,3.502945662,2.557868719
15:04:24,2.561036825,3.503480196,2.558551073
15:04:24,2.561134338,3.502131939,2.55866003
15:04:24,2.560679674,3.501816273,2.55845046
15:04:24,2.560924768,3.502349377,2.55960393
15:04:24,2.560740232,3.501435041,2.557650328
15:04:24,2.561933279,3.502592802,2.559861898
15:04:24,2.561419487,3.502864599,2.558502913
15:04:24,2.560542107,3.503004551,2.557185173
15:04:24,2.561835051,3.505169153,2.557805061
15:04:24,2.559592724,3.504534483,2.557861328
15:04:24,2.560174704,3.503760576,2.559289217
15:04:24,2.560602188,3.504120827,2.55868125
15:04:24,2.561009407,3.503938675,2.558487415
15:04:24,2.560424089,3.505753994,2.559419394
15:04:24,2.560763597,3.506784916,2.558603287
15:04:24,2.560844898,3.506010294,2.558349848
15:04:24,2.560719252,3.507318258,2.558268785
15:04:24,2.561226845,3.506931543,2.558945894
15:04:24,2.561508894,3.507499218,2.55866766
15:04:24,2.561023235,3.507823467,2.559430838
15:04:24,2.562168837,3.508417368,2.559407473
15:04:24,2.561149836,3.508094072,2.559099436
15:04:24,2.559828997,3.509393215,2.559003353
15:04:24,2.560963631,3.509501457,2.558036566
15:04:24,2.561051607,3.510605574,2.558581591
15:04:24,2.560704947,3.511455774,2.561167955
15:04:24,2.561965942,3.511003017,2.55946517
15:04:24,2.562423944,3.510162592,2.560752153
15:04:24,2.562575817,3.510005236,2.559380531
15:04:24,2.562166929,3.50939393,2.559316874
15:04:24,2.562648296,3.508508682,2.559482813
15:04:24,2.561090469,3.508878469,2.561036825
15:04:24,2.562965155,3.509526491,2.5590868
15:04:24,2.562431812,3.509388685,2.560634375
15:04:24,2.561402321,3.50792861,2.559015274
15:04:24,2.562095642,3.508258581,2.560644627
15:04:24,2.561934233,3.509246826,2.559798479
15:04:24,2.561727047,3.508231878,2.561017036
15:04:24,2.561718225,3.50630641,2.559679985
15:04:24,2.561933279,3.506204128,2.559692621
15:04:24,2.561607361,3.507131815,2.559923887
15:04:25,2.562268734,3.50642252,2.559238195
15:04:25,2.561675549,3.505737066,2.561140776
15:04:25,2.560837746,3.506129503,2.561637402
15:04:25,2.56167841,3.505613804,2.559700727
15:04:25,2.561797619,3.505844593,2.55948019
15:04:25,2.562349796,3.506098986,2.559629202
15:04:25,2.562400103,3.505033016,2.559634924
15:04:25,2.562429428,3.505143881,2.560096025
15:04:25,2.561680794,3.504607916,2.559762716
15:04:25,2.561948776,3.50511384,2.559493542
15:04:25,2.562442541,3.503869772,2.559838533
15:04:25,2.560930014,3.503406286,2.559918165
15:04:25,2.561063051,3.505246401,2.560562849
15:04:25,2.562726021,3.505340099,2.560759306
15:04:25,2.562284708,3.504858732,2.559184074
15:04:25,2.561639071,3.505142689,2.559537888
15:04:25,2.561730146,3.505081892,2.557807922
15:04:25,2.562443018,3.507421017,2.559782505
15:04:25,2.562786579,3.507176161,2.559272528
15:04:25,2.563056946,3.506409883,2.559855938
15:04:25,2.563042879,3.507889271,2.560099363
15:04:25,2.561890125,3.509189606,2.560542345
15:04:25,2.562158585,3.50830102,2.559688091
15:04:25,2.560779333,3.508509874,2.559522629
15:04:25,2.56289959,3.510492802,2.562054157
15:04:25,2.562333345,3.509738922,2.559968948
15:04:25,2.561566114,3.509968042,2.559363842
15:04:25,2.562268734,3.510249138,2.560624361
15:04:25,2.56268239,3.509922981,2.560857296
15:04:25,2.56239152,3.511048079,2.560419321
15:04:25,2.562462807,3.510636806,2.559761524
15:04:25,2.560826302,3.508209229,2.558547735
15:04:25,2.560153723,3.509277105,2.557955265
15:04:25,2.560500383,3.508520365,2.559254646
15:04:25,2.560599089,3.507810354,2.558117151
15:04:25,2.561298132,3.509289503,2.559457064
15:04:25,2.5601933,3.508167982,2.558253527
15:04:25,2.561118126,3.509332657,2.559140444
15:04:25,2.560962677,3.507255316,2.558111906
15:04:25,2.560769558,3.507013083,2.558498859
15:04:25,2.561605215,3.506836414,2.558685541
15:04:25,2.561424255,3.507001877,2.557854414
15:04:25,2.561403275,3.505645037,2.557126045
15:04:25,2.560724735,3.506290913,2.558049917
15:04:25,2.56056881,3.505036831,2.558634281
15:04:25,2.561122417,3.506320715,2.558602571
15:04:25,2.561154127,3.504141569,2.557672977
15:04:25,2.559989214,3.503791809,2.557821035
15:04:25,2.560574532,3.504965782,2.557932138
15:04:25,2.561244965,3.503825903,2.558926105
15:04:25,2.561034441,3.503934145,2.556813002
15:04:25,2.560497522,3.504240274,2.558754683
15:04:25,2.560877323,3.504850149,2.558070898
15:04:25,2.560565233,3.504448891,2.557760715
15:04:25,2.560480595,3.504435301,2.558687449
15:04:25,2.560683727,3.504341364,2.558717728
15:04:25,2.561650991,3.504362822,2.558802605
15:04:25,2.561197758,3.504438639,2.558327675
15:04:25,2.561100245,3.503990412,2.559634447
15:04:25,2.561715603,3.505947113,2.559691191
15:04:25,2.562164068,3.505300283,2.559307098
15:04:25,2.560978174,3.505232573,2.559308529
15:04:25,2.560847998,3.506286383,2.558939219
15:04:25,2.560575962,3.505316734,2.557742834
15:04:25,2.560076952,3.505203962,2.5587852
15:04:25,2.560681581,3.50582099,2.557392359
15:04:25,2.560540915,3.507467985,2.559170008
15:04:25,2.560504675,3.506880522,2.558695316
15:04:25,2.56087184,3.506383419,2.55851531
15:04:25,2.559841633,3.506497145,2.559430122
15:04:25,2.561435699,3.507718563,2.559281826
15:04:25,2.561836481,3.507299423,2.559217215
15:04:25,2.561005116,3.506295443,2.559141636
15:04:25,2.561405897,3.508165836,2.559208393
15:04:25,2.561081171,3.508178234,2.559906721
15:04:25,2.56162405,3.507804632,2.559371233
15:04:25,2.561356783,3.508098841,2.559865952
15:04:25,2.560782671,3.507119417,2.55843401
15:04:25,2.561167955,3.507888079,2.559135675
15:04:25,2.5608778,3.507389069,2.559858561
15:04:25,2.560928106,3.508855581,2.55840826
15:04:25,2.562056541,3.507325649,2.559149504
15:04:25,2.56105113,3.507590055,2.559590101
15:04:25,2.560674906,3.507712603,2.558251619
15:04:25,2.560112,3.507067204,2.558848619
15:04:25,2.560530901,3.506637335,2.559411049
15:04:25,2.560606956,3.506224394,2.558578014
15:04:25,2.561457396,3.5069592,2.557995558
15:04:25,2.560660601,3.50648737,2.55888176
15:04:25,2.561445475,3.506793976,2.558972359
15:04:25,2.560218573,3.505460262,2.559201002
15:04:25,2.560873747,3.504931211,2.559591293
15:04:25,2.56144762,3.505520344,2.559545994
15:04:25,2.560760975,3.505722523,2.558588743
15:04:25,2.561172485,3.505850315,2.557554245
15:04:25,2.561970711,3.50545454,2.559700012
15:04:25,2.56134057,3.505239487,2.558803797
15:04:25,2.561393976,3.505373478,2.559203148
15:04:25,2.559954643,3.504680634,2.557941198
15:04:25,2.560346603,3.50451827,2.558548927
15:04:25,2.561764002,3.504852295,2.558907747
15:04:25,2.561196327,3.504732132,2.558060408
15:04:25,2.561228037,3.505952597,2.558030605
15:04:25,2.560227156,3.50327301,2.556984425
15:04:25,2.560072422,3.50492239,2.557248354
15:04:25,2.560991526,3.504972458,2.557353497
15:04:25,2.560095072,3.505707502,2.558879614
15:04:25,2.560950041,3.50691843,2.557420731
15:04:25,2.559853554,3.506577253,2.557540655
15:04:25,2.559993267,3.506784201,2.557445288
15:04:25,2.560378313,3.507382154,2.558107138
15:04:25,2.56048131,3.506618261,2.55843854
15:04:25,2.561335564,3.506688118,2.559125662
15:04:25,2.561150551,3.50855422,2.559925318
15:04:25,2.560932636,3.508416653,2.557822704
15:04:25,2.561068058,3.507675886,2.558037996
15:04:25,2.561048269,3.507905722,2.559094667
15:04:25,2.559830666,3.507000685,2.558596849
15:04:25,2.560490608,3.506517887,2.558320284
15:04:26,2.561794281,3.507454872,2.559867859
15:04:26,2.56088233,3.506581306,2.558424711
15:04:26,2.56104517,3.505913734,2.558563709
15:04:26,2.560480595,3.50698781,2.559611797
15:04:26,2.560873032,3.506708384,2.558786392
15:04:26,2.560853243,3.505362511,2.559014082
15:04:26,2.560997486,3.50586009,2.55844593
15:04:26,2.561376095,3.50456953,2.558453321
15:04:26,2.561259747,3.506658792,2.561430454
15:04:26,2.561918259,3.505853653,2.558151245
15:04:26,2.561553001,3.506583929,2.559711933
15:04:26,2.560891628,3.506581306,2.558887005
15:04:26,2.560022354,3.50593996,2.559593916
15:04:26,2.561081171,3.504664183,2.558558941
15:04:26,2.561079979,3.505154371,2.557989359
15:04:26,2.560515881,3.505522966,2.558627129
15:04:26,2.560462236,3.504951477,2.559481621
15:04:26,2.561014175,3.505726576,2.558146954
15:04:26,2.56033349,3.504622698,2.5592103
15:04:26,2.560453892,3.505156279,2.559276581
15:04:26,2.559598923,3.504587889,2.55901742
15:04:26,2.560474157,3.504578829,2.558665514
15:04:26,2.559827805,3.505544186,2.559480906
15:04:26,2.561260462,3.506133795,2.559505463
15:04:26,2.560318947,3.505023956,2.558938742
15:04:26,2.560833454,3.505182981,2.557318926
15:04:26,2.561063766,3.505563974,2.559054375
15:04:26,2.560745239,3.506221533,2.559090137
15:04:26,2.561318398,3.506569624,2.557724953
15:04:26,2.561300039,3.505530119,2.55786705
15:04:26,2.560368299,3.504685879,2.557523251
15:04:26,2.561113834,3.505208969,2.559220314
15:04:26,2.560919046,3.50628686,2.559391022
15:04:26,2.560238123,3.505766869,2.557037115
15:04:26,2.559976101,3.505184889,2.558280706
15:04:26,2.560367823,3.506237268,2.557868719
15:04:26,2.561817884,3.507073641,2.558651447
15:04:26,2.560644627,3.505902529,2.559677362
15:04:26,2.560698271,3.506103754,2.559445381
15:04:26,2.561199665,3.506891012,2.558799744
15:04:26,2.562617302,3.507065296,2.559420824
15:04:26,2.561844587,3.507026196,2.558922768
15:04:26,2.561284781,3.507852793,2.560786963
15:04:26,2.560555458,3.507550955,2.558948517
15:04:26,2.560789108,3.506539583,2.559129715
15:04:26,2.56131649,3.507573128,2.559877634
15:04:26,2.560719967,3.507236958,2.559418201
15:04:26,2.560696125,3.508077145,2.558691978
15:04:26,2.560725689,3.507776976,2.559037209
15:04:26,2.560912132,3.507272243,2.558916807
15:04:26,2.561358929,3.50709796,2.560069561
15:04:26,2.561073303,3.507432699,2.558395624
15:04:26,2.56146121,3.507642031,2.558244467
15:04:26,2.561070919,3.507514238,2.558826923
15:04:26,2.560988903,3.507358313,2.559068203
15:04:26,2.560792685,3.506791353,2.558895111
15:04:26,2.561292171,3.506337404,2.558457613
15:04:26,2.561203003,3.506584167,2.557816267
15:04:26,2.560057878,3.506526947,2.557832956
15:04:26,2.560745716,3.505281448,2.558743477
15:04:26,2.559934855,3.504074574,2.557719231
15:04:26,2.560207367,3.504673958,2.558337688
15:04:26,2.559660435,3.504104614,2.557832479
15:04:26,2.559885502,3.504188538,2.558722496
15:04:26,2.5594244,3.50325036,2.558378696
15:04:26,2.560169697,3.50377965,2.558557034
15:04:26,2.560608149,3.504481077,2.558683157
15:04:26,2.559615374,3.503769159,2.557753563
15:04:26,2.560491323,3.50406003,2.559467554
15:04:26,2.560345888,3.504713297,2.558123827
15:04:26,2.559730291,3.50456953,2.559254646
15:04:26,2.56025672,3.503022671,2.557840109
15:04:26,2.560290575,3.504336834,2.558637142
15:04:26,2.56200242,3.506245852,2.559269428
15:04:26,2.562202215,3.506382942,2.559724331
15:04:26,2.561252117,3.506778717,2.560335875
15:04:26,2.561424255,3.505107164,2.558269978
15:04:26,2.561582804,3.506872654,2.559027195
15:04:26,2.561212063,3.507557154,2.559488058
15:04:26,2.560693741,3.506644011,2.558486938
15:04:26,2.561056852,3.507004738,2.558478355
15:04:26,2.561107874,3.508894682,2.559427261
15:04:26,2.561098337,3.508346796,2.560115814
15:04:26,2.559862375,3.507858753,2.559705496
15:04:26,2.562111855,3.508357048,2.559356689
15:04:26,2.561537981,3.508305073,2.559627056
15:04:26,2.561188459,3.50725317,2.558743477
15:04:26,2.561674833,3.508009434,2.560851812
15:04:26,2.562001705,3.507721663,2.560017824
15:04:26,2.560786247,3.507762671,2.560369968
15:04:26,2.561174393,3.507941008,2.559000969
15:04:26,2.562020302,3.507820845,2.55992651
15:04:26,2.561053038,3.508843184,2.559055805
15:04:26,2.561952353,3.508271694,2.559265375
15:04:26,2.561342478,3.507576704,2.559793234
15:04:26,2.56114006,3.507243395,2.558785915
15:04:26,2.561465263,3.507356405,2.559181213
15:04:26,2.562359095,3.507293701,2.559879541
15:04:26,2.562090158,3.507204294,2.559090137
15:04:26,2.561347008,3.505749226,2.558803797
15:04:26,2.560814381,3.505776167,2.559448481
15:04:26,2.561473846,3.506227493,2.558401346
15:04:26,2.561159372,3.506571531,2.559618473
15:04:26,2.561436892,3.505103588,2.559312105
15:04:26,2.561852217,3.50796175,2.559857368
15:04:26,2.561633825,3.506397247,2.558553219
15:04:26,2.562953949,3.505185843,2.560238123
15:04:26,2.561813354,3.505705118,2.560824871
15:04:26,2.56114006,3.504942179,2.558959246
15:04:26,2.561533689,3.50394845,2.558587551
15:04:26,2.561218023,3.502093554,2.559040546
15:04:26,2.559072733,3.502252579,2.558083534
15:04:26,2.560225964,3.502207994,2.556833506
15:04:26,2.560379744,3.503568649,2.556529522
15:04:26,2.559491634,3.503673315,2.556565046
15:04:26,2.560400009,3.504484177,2.558351994
15:04:26,2.559198856,3.504419565,2.556817293
15:04:26,2.559794426,3.504084349,2.558957815
15:04:26,2.559745789,3.504442453,2.557216644
15:04:27,2.558763027,3.503483534,2.557528496
15:04:27,2.559522152,3.50359726,2.557944775
15:04:27,2.558836937,3.503768682,2.558074236
15:04:27,2.559545755,3.50456953,2.557402372
15:04:27,2.558967113,3.505162001,2.557325602
15:04:27,2.558153152,3.505099297,2.556937933
15:04:27,2.559405088,3.505460978,2.557065725
15:04:27,2.560951233,3.506950617,2.557879686
15:04:27,2.560487986,3.507697344,2.558269262
15:04:27,2.560485601,3.507608175,2.558737516
15:04:27,2.560049295,3.507790089,2.556475878
15:04:27,2.560560226,3.507739305,2.557404995
15:04:27,2.56009388,3.507512093,2.558456421
15:04:27,2.559479713,3.505744934,2.556676865
15:04:27,2.560763597,3.507485628,2.55880332
15:04:27,2.56196785,3.506929159,2.557895184
15:04:27,2.561136961,3.507146835,2.559406281
15:04:27,2.561159372,3.506603479,2.559084654
15:04:27,2.560884953,3.506673336,2.558514118
15:04:27,2.560982943,3.506397247,2.559461832
15:04:27,2.560573816,3.506647587,2.559030771
15:04:27,2.56056881,3.506227016,2.559363127
15:04:27,2.560554743,3.506328821,2.558757305
15:04:27,2.561056852,3.506218433,2.559742928
15:04:27,2.560135841,3.504997015,2.558117867
15:04:27,2.559809923,3.505726576,2.55905509
15:04:27,2.560436964,3.505502224,2.559337616
15:04:27,2.560145855,3.504947424,2.558084249
15:04:27,2.560455084,3.504030704,2.557688475
15:04:27,2.560384512,3.504146338,2.559272528
15:04:27,2.561228752,3.505355835,2.558800459
15:04:27,2.561985731,3.505387068,2.559281111
15:04:27,2.562006712,3.504238129,2.557415724
15:04:27,2.56156826,3.505036831,2.558135748
15:04:27,2.561504841,3.505251408,2.559113979
15:04:27,2.561696291,3.505982876,2.559899092
15:04:27,2.562202454,3.506361723,2.558866978
15:04:27,2.562248945,3.506643295,2.55875659
15:04:27,2.559515715,3.503515959,2.557797909
15:04:27,2.559710503,3.504039288,2.557305336
15:04:27,2.560419321,3.504388332,2.559948444
15:04:27,2.5615201,3.505594254,2.558430195
15:04:27,2.561419487,3.504523516,2.558398962
15:04:27,2.561287403,3.50537014,2.558823586
15:04:27,2.561307907,3.505378723,2.5592978
15:04:27,2.56140399,3.504456758,2.558221102
15:04:27,2.560462952,3.505537987,2.558396578
15:04:27,2.560889244,3.505604744,2.559268713
15:04:27,2.560996056,3.506156206,2.558285236
15:04:27,2.561224699,3.506232738,2.559172153
15:04:27,2.561179161,3.506541491,2.559295893
15:04:27,2.560504675,3.507004023,2.558798313
15:04:27,2.561352968,3.506785393,2.557926655
15:04:27,2.55986166,3.507086992,2.55782342
15:04:27,2.560276747,3.507879019,2.559818268
15:04:27,2.562202454,3.507578373,2.558849812
15:04:27,2.561555147,3.507287741,2.55947566
15:04:27,2.561525345,3.507309914,2.55875206
15:04:27,2.561029673,3.507657766,2.560225487
15:04:27,2.560326815,3.507767916,2.55936718
15:04:27,2.561286211,3.506505489,2.558202744
15:04:27,2.560776949,3.507473707,2.558734894
15:04:27,2.56039238,3.507203102,2.559036493
15:04:27,2.561455965,3.506741524,2.558408976
15:04:27,2.560746908,3.506280422,2.557881355
15:04:27,2.559586763,3.506863594,2.557914972
15:04:27,2.560958385,3.506147861,2.557293177
15:04:27,2.559662104,3.507175446,2.557883978
15:04:27,2.559695005,3.506715775,2.557662249
15:04:27,2.558719397,3.505243063,2.559864998
15:04:27,2.561736107,3.50798583,2.559472561
15:04:27,2.561939001,3.508036137,2.559090137
15:04:27,2.559989214,3.508257866,2.558866978
15:04:27,2.56035924,3.505784512,2.55892849
15:04:27,2.560635328,3.506591558,2.560041189
15:04:27,2.561218023,3.506951094,2.558953762
15:04:27,2.561432123,3.506195545,2.558646441
15:04:27,2.562513113,3.505886316,2.559628487
15:04:27,2.561593294,3.505200624,2.558243752
15:04:27,2.561164141,3.505721807,2.558769226
15:04:27,2.561186314,3.504809141,2.559023142
15:04:27,2.561411142,3.504278898,2.55953455
15:04:27,2.561671257,3.504667521,2.560546875
15:04:27,2.561179161,3.504247904,2.559418678
15:04:27,2.560813189,3.5041821,2.558842182
15:04:27,2.561463833,3.504786491,2.558979988
15:04:27,2.561852932,3.50619483,2.559304237
15:04:27,2.56188941,3.504891396,2.559135199
15:04:27,2.561543703,3.506525755,2.559889555
15:04:27,2.560930967,3.504528522,2.559217691
15:04:27,2.561326981,3.50601244,2.559761524
15:04:27,2.561050415,3.505516291,2.559476852
15:04:27,2.559788942,3.504537821,2.558566809
15:04:27,2.561313391,3.505568504,2.559180737
15:04:27,2.56105566,3.506339312,2.560371161
15:04:27,2.561355114,3.506247759,2.559226513
15:04:27,2.562078953,3.507877111,2.559592724
15:04:27,2.562020302,3.507982016,2.560513973
15:04:27,2.561012745,3.507154942,2.559150219
15:04:27,2.561318398,3.507634878,2.559677362
15:04:27,2.561582804,3.50807333,2.560304165
15:04:27,2.561472654,3.509709597,2.558120728
15:04:27,2.561269045,3.510652304,2.559083462
15:04:27,2.560825825,3.508845329,2.558866024
15:04:27,2.560979605,3.509538889,2.558589458
15:04:27,2.560865164,3.507963657,2.557911634
15:04:27,2.560163736,3.508303881,2.558939934
15:04:27,2.560184717,3.507461309,2.558038473
15:04:27,2.560169697,3.507958651,2.557658195
15:04:27,2.559876204,3.508928061,2.558049202
15:04:27,2.560375452,3.507884026,2.55719471
15:04:27,2.560443878,3.507205009,2.559020758
15:04:27,2.561245918,3.508288622,2.558419466
15:04:27,2.561002254,3.508231878,2.557994366
15:04:27,2.560374975,3.507851362,2.558202028
15:04:28,2.560379028,3.507499933,2.558700085
15:04:28,2.560808897,3.507037163,2.558953762
15:04:28,2.560809612,3.505961418,2.557557106
15:04:28,2.561263561,3.506436348,2.558131218
15:04:28,2.56203413,3.506141663,2.559745312
15:04:28,2.562391043,3.506401777,2.558693171
15:04:28,2.561285496,3.504584074,2.558829546
15:04:28,2.561861515,3.50508523,2.559805155
15:04:28,2.561862946,3.505766869,2.558572292
15:04:28,2.561183214,3.504724264,2.559778452
15:04:28,2.562012911,3.505264521,2.560062408
15:04:28,2.560923338,3.505357742,2.558991909
15:04:28,2.562009096,3.504679918,2.558572292
15:04:28,2.561923265,3.504819632,2.559334755
15:04:28,2.559900522,3.502125025,2.557024002
15:04:28,2.559941053,3.50237608,2.557442427
15:04:28,2.559842587,3.502012968,2.557602644
15:04:28,2.560473442,3.50265193,2.557771921
15:04:28,2.560035229,3.502954006,2.558517218
15:04:28,2.559973717,3.502916336,2.558463573
15:04:28,2.560693741,3.503633261,2.557733774
15:04:28,2.560095072,3.503407001,2.557486296
15:04:28,2.559594631,3.502491713,2.557114601
15:04:28,2.560056686,3.503881931,2.558601379
15:04:28,2.560061216,3.50260973,2.55768013
15:04:28,2.558810472,3.502965689,2.558583498
15:04:28,2.559934378,3.504005194,2.558408976
15:04:28,2.558967829,3.504278183,2.558369398
15:04:28,2.559231997,3.504741192,2.559732437
15:04:28,2.559890509,3.505739927,2.557063818
15:04:28,2.56016016,3.505118847,2.558389664
15:04:28,2.558482885,3.505594254,2.557350636
15:04:28,2.560047865,3.506695509,2.55747509
15:04:28,2.560047865,3.507416248,2.557539225
15:04:28,2.560312748,3.507561445,2.558387756
15:04:28,2.559493065,3.507934332,2.559815645
15:04:28,2.560302019,3.507570982,2.557859421
15:04:28,2.561122417,3.508333683,2.558518648
15:04:28,2.56129384,3.508068085,2.560284376
15:04:28,2.561415911,3.508567333,2.558971643
15:04:28,2.560816288,3.507514954,2.558610439
15:04:28,2.561784983,3.509662151,2.558789968
15:04:28,2.561036825,3.508726358,2.55868125
15:04:28,2.559762716,3.507929087,2.557906866
15:04:28,2.560261965,3.506365299,2.557158232
15:04:28,2.559399843,3.50701189,2.559000254
15:04:28,2.562021494,3.50761795,2.558801651
15:04:28,2.561660051,3.508435488,2.558727503
15:04:28,2.562058449,3.508427143,2.558752775
15:04:28,2.561220884,3.507049799,2.559518576
15:04:28,2.562277079,3.507467985,2.559273958
15:04:28,2.562329531,3.507732153,2.559976339
15:04:28,2.561508894,3.506954193,2.558377743
15:04:28,2.562840223,3.506784916,2.558842659
15:04:28,2.563115835,3.506275892,2.559556961
15:04:28,2.561713696,3.503942251,2.557698011
15:04:28,2.561170578,3.50342989,2.559004068
15:04:28,2.561558247,3.504672766,2.559156656
15:04:28,2.562140465,3.503858328,2.558642149
15:04:28,2.562478065,3.504991293,2.55898428
15:04:28,2.561521769,3.503387451,2.559806347
15:04:28,2.561225891,3.503751516,2.559597492
15:04:28,2.561543703,3.503759384,2.56012392
15:04:28,2.561527967,3.503623009,2.558650255
15:04:28,2.561584711,3.504306793,2.56028986
15:04:28,2.561265707,3.505174398,2.559782505
15:04:28,2.561813354,3.503992319,2.559478045
15:04:28,2.56160593,3.505223513,2.559759378
15:04:28,2.561031818,3.505273581,2.558213949
15:04:28,2.560630083,3.502935886,2.556600809
15:04:28,2.559918642,3.503654242,2.558180094
15:04:28,2.559269905,3.504388332,2.558559656
15:04:28,2.559840441,3.504911661,2.55747366
15:04:28,2.559762001,3.506732464,2.557709217
15:04:28,2.559497118,3.506737709,2.557166815
15:04:28,2.559532642,3.507600307,2.557692051
15:04:28,2.559354782,3.506786823,2.556512833
15:04:28,2.559738636,3.507097244,2.558104515
15:04:28,2.559791803,3.506304502,2.557231903
15:04:28,2.558992863,3.50580883,2.556883574
15:04:28,2.55923152,3.506690264,2.556721926
15:04:28,2.559001446,3.50761795,2.558139801
15:04:28,2.559888124,3.507343292,2.557626963
15:04:28,2.559154749,3.506985188,2.556969166
15:04:28,2.559610128,3.506750822,2.557375193
15:04:28,2.559666872,3.506970167,2.557321787
15:04:28,2.559953928,3.506575823,2.556990385
15:04:28,2.559434891,3.506821156,2.558070183
15:04:28,2.560163021,3.506044149,2.557988167
15:04:28,2.559692144,3.505960226,2.557217836
15:04:28,2.55992651,3.505422354,2.557022095
15:04:28,2.560053349,3.505286694,2.558508158
15:04:28,2.559529305,3.504959822,2.558260679
15:04:28,2.560082436,3.50323987,2.55785799
15:04:28,2.559508085,3.504121542,2.557605505
15:04:28,2.559759855,3.504385471,2.557011366
15:04:28,2.559496403,3.50276351,2.558103323
15:04:28,2.560649872,3.50472641,2.559143066
15:04:28,2.559886932,3.502978325,2.557303905
15:04:28,2.560352802,3.502291918,2.557677984
15:04:28,2.560184717,3.501903296,2.557301044
15:04:28,2.560096025,3.501816273,2.55796051
15:04:28,2.560236931,3.501515627,2.55799365
15:04:28,2.559491634,3.50194478,2.557946682
15:04:28,2.561625719,3.503468275,2.559852362
15:04:28,2.562444448,3.503229141,2.559422731
15:04:28,2.561942339,3.503737688,2.557446003
15:04:28,2.561650991,3.503410816,2.559681416
15:04:28,2.561384678,3.502667189,2.557844162
15:04:28,2.562011003,3.504537106,2.559799671
15:04:28,2.561506987,3.504492044,2.559217691
15:04:28,2.560773611,3.50485158,2.558917999
15:04:28,2.561026573,3.505601883,2.559364557
15:04:28,2.561313391,3.505453587,2.559222937
15:04:28,2.561975002,3.506123304,2.557979107
15:04:28,2.561131954,3.506727219,2.558152437
15:04:29,2.561057568,3.507761955,2.559309721
15:04:29,2.560929298,3.5075984,2.559360504
15:04:29,2.562308788,3.50833869,2.558792591
15:04:29,2.560758829,3.508702517,2.55903244
15:04:29,2.561187029,3.509459734,2.558066368
15:04:29,2.561900139,3.510383844,2.559743643
15:04:29,2.5616467,3.509032965,2.557857275
15:04:29,2.561531782,3.509419203,2.559300661
15:04:29,2.561383247,3.50959754,2.558402061
15:04:29,2.561757326,3.509745359,2.560297728
15:04:29,2.562068224,3.510381222,2.560106039
15:04:29,2.560696602,3.511352539,2.560106039
15:04:29,2.561230183,3.510497332,2.559175491
15:04:29,2.561576843,3.510742664,2.55926466
15:04:29,2.561866283,3.510767221,2.560112
15:04:29,2.562026739,3.510369301,2.560460329
15:04:29,2.56195879,3.510111094,2.559423685
15:04:29,2.560524464,3.506787777,2.557195187
15:04:29,2.560104132,3.507290125,2.557811022
15:04:29,2.560495377,3.506661654,2.558418751
15:04:29,2.560941935,3.506619692,2.557555199
15:04:29,2.560277462,3.505297899,2.55868125
15:04:29,2.559983253,3.504544735,2.55909586
15:04:29,2.560345173,3.504519463,2.559036493
15:04:29,2.560380936,3.504373789,2.558305264
15:04:29,2.561090469,3.504228354,2.558862448
15:04:29,2.561722279,3.503251076,2.558584213
15:04:29,2.561300039,3.503828526,2.558768034
15:04:29,2.561249256,3.502687931,2.558377743
15:04:29,2.562145948,3.504972935,2.559847593
15:04:29,2.561306477,3.504251957,2.560075045
15:04:29,2.561404467,3.50301671,2.559152126
15:04:29,2.562142372,3.503624916,2.558856964
15:04:29,2.561845064,3.503943205,2.559732914
15:04:29,2.561183691,3.504363537,2.559267282
15:04:29,2.561978579,3.503857851,2.559066057
15:04:29,2.561287403,3.50415206,2.559207201
15:04:29,2.561494827,3.503348112,2.558170795
15:04:29,2.561825991,3.503613234,2.558999062
15:04:29,2.560945272,3.503714323,2.55928874
15:04:29,2.561432123,3.503748417,2.560251474
15:04:29,2.562206507,3.504636765,2.559735298
15:04:29,2.561841011,3.50487566,2.559651136
15:04:29,2.561504841,3.505520344,2.559744358
15:04:29,2.561442852,3.506158829,2.559964418
15:04:29,2.562089682,3.50690937,2.559714317
15:04:29,2.561497688,3.507268667,2.560370445
15:04:29,2.561797619,3.508320808,2.558570385
15:04:29,2.560785294,3.507936239,2.559487343
15:04:29,2.562106848,3.510162592,2.561117172
15:04:29,2.562081575,3.510205507,2.558989763
15:04:29,2.561448574,3.510186672,2.561005354
15:04:29,2.562005758,3.510686398,2.558859825
15:04:29,2.561658144,3.511687517,2.558362007
15:04:29,2.562021017,3.510436773,2.559365749
15:04:29,2.56087923,3.511433601,2.560006618
15:04:29,2.561070204,3.510966539,2.559503555
15:04:29,2.560943127,3.51123333,2.559478998
15:04:29,2.561491013,3.511349916,2.559440613
15:04:29,2.562295437,3.512254238,2.55962491
15:04:29,2.561631918,3.512025356,2.558608532
15:04:29,2.561230659,3.511011362,2.559899569
15:04:29,2.561702967,3.51019311,2.561056376
15:04:29,2.561192989,3.509207964,2.559455633
15:04:29,2.56145668,3.509140253,2.558885098
15:04:29,2.56104517,3.508275747,2.559811592
15:04:29,2.561938286,3.508016109,2.559499979
15:04:29,2.561512709,3.507238865,2.558874369
15:04:29,2.561789513,3.507109642,2.558929205
15:04:29,2.560601711,3.508054972,2.558572292
15:04:29,2.561993122,3.506289482,2.559234381
15:04:29,2.562087536,3.505592585,2.559931755
15:04:29,2.561253786,3.504187346,2.559435844
15:04:29,2.561653614,3.504003525,2.559305668
15:04:29,2.561630487,3.502863407,2.55868125
15:04:29,2.560982466,3.503971577,2.559667349
15:04:29,2.561682701,3.503098965,2.558520079
15:04:29,2.562422752,3.503649712,2.558603287
15:04:29,2.562093496,3.50325346,2.559636354
15:04:29,2.561577559,3.503256321,2.560156345
15:04:29,2.561166048,3.502575874,2.56080842
15:04:29,2.56210351,3.503364563,2.559213638
15:04:29,2.56150198,3.5014503,2.560003519
15:04:29,2.561017752,3.502835274,2.560564041
15:04:29,2.561965942,3.503714323,2.559854746
15:04:29,2.561146259,3.504169703,2.559841394
15:04:29,2.561558247,3.504377842,2.559689999
15:04:29,2.562177658,3.505557537,2.559518576
15:04:29,2.561190844,3.506028414,2.559131861
15:04:29,2.561382055,3.505697012,2.559829473
15:04:29,2.561082125,3.505655289,2.559045792
15:04:29,2.561691761,3.507584572,2.560961008
15:04:29,2.561475039,3.507462502,2.559831381
15:04:29,2.56139183,3.5084517,2.560152054
15:04:29,2.562318087,3.508359671,2.559966326
15:04:29,2.562358379,3.510457516,2.560346603
15:04:29,2.561946869,3.510611534,2.559421301
15:04:29,2.561758041,3.509075403,2.558777094
15:04:29,2.561687946,3.510060072,2.558939219
15:04:29,2.562361717,3.511391878,2.55932951
15:04:29,2.56235981,3.511184692,2.561780453
15:04:29,2.562697411,3.512566805,2.560455799
15:04:29,2.562768221,3.512442112,2.561039686
15:04:29,2.562856436,3.512662649,2.560145617
15:04:29,2.562557459,3.512358665,2.560345888
15:04:29,2.562261343,3.512137413,2.561203003
15:04:29,2.562064648,3.512774944,2.559303522
15:04:29,2.56147933,3.512221813,2.560126543
15:04:29,2.562363863,3.511629343,2.559883595
15:04:29,2.561787844,3.511671782,2.560518026
15:04:29,2.562381506,3.510779142,2.560084105
15:04:29,2.562896252,3.509944677,2.559531212
15:04:29,2.561817884,3.510200977,2.560871601
15:04:29,2.562242985,3.509195566,2.560002804
15:04:29,2.561813354,3.508337498,2.560148954
15:04:29,2.561384678,3.506814003,2.559390306
15:04:29,2.562318802,3.506521463,2.559992313
15:04:29,2.561762571,3.506469727,2.560940504
15:04:29,2.5623281,3.50713253,2.559852362
15:04:30,2.561162472,3.504636765,2.558981657
15:04:30,2.561574936,3.504009962,2.559307814
15:04:30,2.56115818,3.50357008,2.559666634
15:04:30,2.560996056,3.504013062,2.558656216
15:04:30,2.561450005,3.503473759,2.560310364
15:04:30,2.561057568,3.503484488,2.559049129
15:04:30,2.562280655,3.50368166,2.55979681
15:04:30,2.561288118,3.50407815,2.560125113
15:04:30,2.562144995,3.503388882,2.559281111
15:04:30,2.561991215,3.504014969,2.560649395
15:04:30,2.56068635,3.505093098,2.560267925
15:04:30,2.562621355,3.506134987,2.560087919
15:04:30,2.561617136,3.506129503,2.559765816
15:04:30,2.562507153,3.506302595,2.559791565
15:04:30,2.562437296,3.507351637,2.560432673
15:04:30,2.562187433,3.507319212,2.558466434
15:04:30,2.562742233,3.506798267,2.560814857
15:04:30,2.562943935,3.509346247,2.56026721
15:04:30,2.562233686,3.508464813,2.559877634
15:04:30,2.563086748,3.509084702,2.56051445
15:04:30,2.563512325,3.508411884,2.559947968
15:04:30,2.56166482,3.510597706,2.559805155
15:04:30,2.563550472,3.511059046,2.560739517
15:04:30,2.561768532,3.508971214,2.558369398
15:04:30,2.560686827,3.507099867,2.559750795
15:04:30,2.560809612,3.508206844,2.558305264
15:04:30,2.561628342,3.507887602,2.558535337
15:04:30,2.56119895,3.508695602,2.5601933
15:04:30,2.560352802,3.508074522,2.558955908
15:04:30,2.561240673,3.50783515,2.560680628
15:04:30,2.560758114,3.508023739,2.560018539
15:04:30,2.560549021,3.507810354,2.55694747
15:04:30,2.560145378,3.507871628,2.55889225
15:04:30,2.559896708,3.507774115,2.560138226
15:04:30,2.560811758,3.507550955,2.558562279
15:04:30,2.560823441,3.506712198,2.559723616
15:04:30,2.560289383,3.505589962,2.558008194
15:04:30,2.558504581,3.505002499,2.559288025
15:04:30,2.560027599,3.506204605,2.559317589
15:04:30,2.560314178,3.506973267,2.558617115
15:04:30,2.560963631,3.506109953,2.558793783
15:04:30,2.559918642,3.505455732,2.558757305
15:04:30,2.560468197,3.504573822,2.558683157
15:04:30,2.560496807,3.504436016,2.558609247
15:04:30,2.559896708,3.505066872,2.558828831
15:04:30,2.559890509,3.504570246,2.558459282
15:04:30,2.560311079,3.503391981,2.558008194
15:04:30,2.560787439,3.504799843,2.558871269
15:04:30,2.560343742,3.503895521,2.557991028
15:04:30,2.560641527,3.504415751,2.558558226
15:04:30,2.560333014,3.504825592,2.558047295
15:04:30,2.560134649,3.504900694,2.558293343
15:04:30,2.560596228,3.504149437,2.558420897
15:04:30,2.560959101,3.504675627,2.557943344
15:04:30,2.560545444,3.503594398,2.558689356
15:04:30,2.560711384,3.504046917,2.558440685
15:04:30,2.560091019,3.504768133,2.558218479
15:04:30,2.560673237,3.505389452,2.559099913
15:04:30,2.56007123,3.505178452,2.558384418
15:04:30,2.561216116,3.505063534,2.558723688
15:04:30,2.560956478,3.505184889,2.558069706
15:04:30,2.560286522,3.506138086,2.559000969
15:04:30,2.56123662,3.506578684,2.558940411
15:04:30,2.560667038,3.505971193,2.556942701
15:04:30,2.560249567,3.5049932,2.55820775
15:04:30,2.56040597,3.504916191,2.557687998
15:04:30,2.560441732,3.506869316,2.558018923
15:04:30,2.559364796,3.506665945,2.559598684
15:04:30,2.560439587,3.507534981,2.558681965
15:04:30,2.56090641,3.508701086,2.558797836
15:04:30,2.561833858,3.509183407,2.55908227
15:04:30,2.561256409,3.509789944,2.559437275
15:04:30,2.561467886,3.510185957,2.559637547
15:04:30,2.56083703,3.508228064,2.560149431
15:04:30,2.560385466,3.508590221,2.55881691
15:04:30,2.561589479,3.50809741,2.558699369
15:04:30,2.561455965,3.508656025,2.559276581
15:04:30,2.561017036,3.507647276,2.559602022
15:04:30,2.562197924,3.507460117,2.559645653
15:04:30,2.562059164,3.507371187,2.559622288
15:04:30,2.561732292,3.506052017,2.560563564
15:04:30,2.561704397,3.505475283,2.559396267
15:04:30,2.562406778,3.505025625,2.559987307
15:04:30,2.561737537,3.505310774,2.560242653
15:04:30,2.561942339,3.505309582,2.559486866
15:04:30,2.561716318,3.504937649,2.560585976
15:04:30,2.561862946,3.505158901,2.559024572
15:04:30,2.561953545,3.503503561,2.559051037
15:04:30,2.561417103,3.50296092,2.55886054
15:04:30,2.561330557,3.504334211,2.560002327
15:04:30,2.562930584,3.505071402,2.55980587
15:04:30,2.560159683,3.502052546,2.557666302
15:04:30,2.560909033,3.502557278,2.559712648
15:04:30,2.560511827,3.501641273,2.558807611
15:04:30,2.560643196,3.502639055,2.560216427
15:04:30,2.561155319,3.502565384,2.557627678
15:04:30,2.560455799,3.504103899,2.558621883
15:04:30,2.560681105,3.504182577,2.55927062
15:04:30,2.561313391,3.504739046,2.55894804
15:04:30,2.561204195,3.505060434,2.558813572
15:04:30,2.560691357,3.506206274,2.557764053
15:04:30,2.561224699,3.507195711,2.559782505
15:04:30,2.561049461,3.507299423,2.558329582
15:04:30,2.561267614,3.508633137,2.55992198
15:04:30,2.560806036,3.508462191,2.560017109
15:04:30,2.560760021,3.508603573,2.558798313
15:04:30,2.561089993,3.509647131,2.558418274
15:04:30,2.561460018,3.50790453,2.55823946
15:04:30,2.560593128,3.508346796,2.557453871
15:04:30,2.560433149,3.508055687,2.558491707
15:04:30,2.560312271,3.507959366,2.558731794
15:04:30,2.561077356,3.508286715,2.559112072
15:04:30,2.560660601,3.507139683,2.558208466
15:04:30,2.559932232,3.507720947,2.558407545
15:04:30,2.560731173,3.507531166,2.558449984
15:04:30,2.561532497,3.506881237,2.558370352
15:04:30,2.559593439,3.506634951,2.558268785
15:04:30,2.560553551,3.507450819,2.559114456
15:04:30,2.560030937,3.506225109,2.558871984
15:04:31,2.56149435,3.506135464,2.558841467
15:04:31,2.560441256,3.505693913,2.559278727
15:04:31,2.559951544,3.506241083,2.558624029
15:04:31,2.560821056,3.505757809,2.55796051
15:04:31,2.560908318,3.505243778,2.558130503
15:04:31,2.559966564,3.506439686,2.558051586
15:04:31,2.561880827,3.506910086,2.557988167
15:04:31,2.561033964,3.505882978,2.558525324
15:04:31,2.56152463,3.505084038,2.558642149
15:04:31,2.561426878,3.504211426,2.56005621
15:04:31,2.560905695,3.503112793,2.558884382
15:04:31,2.561535358,3.503112793,2.558443785
15:04:31,2.561053038,3.502277613,2.559242725
15:04:31,2.561352491,3.503115416,2.559831381
15:04:31,2.56054759,3.501613379,2.557798386
15:04:31,2.560507298,3.50229001,2.558897495
15:04:31,2.560821056,3.501498461,2.558710098
15:04:31,2.56094718,3.501340628,2.558977604
15:04:31,2.560750961,3.501631498,2.558298349
15:04:31,2.560122728,3.502173901,2.55826211
15:04:31,2.559843302,3.502928019,2.557799101
15:04:31,2.560232401,3.502747536,2.559478998
15:04:31,2.559932947,3.50299716,2.557816267
15:04:31,2.559968233,3.503666162,2.56004405
15:04:31,2.560539961,3.505054951,2.558055162
15:04:31,2.560421944,3.505358458,2.557660818
15:04:31,2.560754299,3.505903244,2.558440208
15:04:31,2.56069541,3.50785923,2.55819726
15:04:31,2.561321259,3.508366346,2.557822704
15:04:31,2.560416698,3.508034229,2.56013298
15:04:31,2.561656237,3.508730412,2.55954051
15:04:31,2.562251568,3.509803057,2.559195995
15:04:31,2.562579155,3.509397268,2.559724331
15:04:31,2.561874628,3.510031939,2.558252811
15:04:31,2.561710835,3.511082888,2.560853004
15:04:31,2.561758995,3.511274815,2.559194565
15:04:31,2.561530828,3.510955334,2.559551001
15:04:31,2.561158895,3.511436701,2.560048819
15:04:31,2.56139183,3.511969805,2.559776068
15:04:31,2.561590672,3.511923552,2.559259892
15:04:31,2.561134338,3.511804581,2.558814287
15:04:31,2.559890509,3.509337664,2.558601379
15:04:31,2.561259747,3.509892941,2.559878588
15:04:31,2.561054945,3.510185957,2.559574842
15:04:31,2.561532497,3.510746479,2.558494329
15:04:31,2.561537266,3.508775711,2.55877161
15:04:31,2.561952353,3.508626699,2.559273243
15:04:31,2.561728001,3.507785797,2.559240103
15:04:31,2.5613029,3.507029295,2.559083462
15:04:31,2.561484337,3.50680685,2.558951855
15:04:31,2.561210394,3.50714612,2.558385134
15:04:31,2.561536551,3.504973412,2.558003664
15:04:31,2.561271191,3.504340649,2.559620619
15:04:31,2.561190844,3.504261732,2.559799671
15:04:31,2.561773777,3.505001783,2.559875727
15:04:31,2.561625004,3.504258633,2.559430838
15:04:31,2.559435368,3.502038002,2.558659554
15:04:31,2.56064868,3.502835989,2.558102131
15:04:31,2.560084343,3.502770662,2.55923152
15:04:31,2.560133219,3.502559185,2.558785915
15:04:31,2.561206818,3.502556324,2.558053732
15:04:31,2.560240746,3.501582146,2.558296442
15:04:31,2.560555458,3.500614643,2.558379889
15:04:31,2.560263157,3.500633478,2.556711912
15:04:31,2.560400724,3.502083778,2.55970645
15:04:31,2.562041998,3.502931595,2.559874535
15:04:31,2.561166048,3.505183697,2.558757305
15:04:31,2.560777187,3.50350523,2.559041977
15:04:31,2.561213255,3.503816843,2.55936265
15:04:31,2.561514139,3.504670858,2.558298349
15:04:31,2.561277628,3.505148411,2.559259892
15:04:31,2.560978889,3.505652905,2.559326887
15:04:31,2.561085463,3.506431103,2.559571505
15:04:31,2.561989784,3.506082058,2.559895515
15:04:31,2.561840534,3.507057428,2.559277296
15:04:31,2.561522722,3.507516861,2.559689999
15:04:31,2.562059879,3.507341146,2.559899569
15:04:31,2.561190367,3.505809307,2.557812929
15:04:31,2.560813904,3.507311344,2.558539867
15:04:31,2.561283588,3.506385565,2.558659554
15:04:31,2.561680794,3.509586334,2.560245275
15:04:31,2.562018156,3.51010561,2.560015202
15:04:31,2.561930418,3.510023355,2.559878588
15:04:31,2.561535358,3.50973773,2.559399128
15:04:31,2.562003851,3.510401249,2.560617685
15:04:31,2.561543703,3.511393785,2.560738802
15:04:31,2.560894489,3.511348724,2.559473038
15:04:31,2.561778545,3.510808468,2.558935881
15:04:31,2.56137991,3.510552645,2.559464455
15:04:31,2.561087132,3.510480165,2.559035063
15:04:31,2.560162067,3.510300875,2.559536457
15:04:31,2.561442137,3.510722399,2.559228897
15:04:31,2.56102705,3.509762526,2.558680296
15:04:31,2.561371565,3.509614944,2.560406208
15:04:31,2.560953617,3.507670641,2.557983637
15:04:31,2.560625315,3.507362127,2.558755398
15:04:31,2.561151505,3.508358479,2.560533047
15:04:31,2.562102795,3.5086689,2.560099363
15:04:31,2.561295271,3.504508495,2.559261799
15:04:31,2.560844898,3.504368067,2.558053255
15:04:31,2.562308073,3.504257202,2.559734821
15:04:31,2.561243057,3.503996611,2.559484243
15:04:31,2.56131196,3.503553391,2.559287071
15:04:31,2.560899734,3.504388332,2.560559511
15:04:31,2.562265396,3.503966808,2.559414148
15:04:31,2.562175512,3.504247904,2.559931755
15:04:31,2.562113285,3.50369215,2.560091257
15:04:31,2.561820269,3.50317359,2.559258223
15:04:31,2.56224227,3.50331831,2.559783936
15:04:31,2.562671661,3.50454998,2.559354544
15:04:31,2.562833548,3.503676653,2.558794975
15:04:31,2.562116146,3.503052235,2.560129404
15:04:31,2.562669754,3.504770517,2.559389114
15:04:31,2.561745405,3.503771544,2.557545185
15:04:31,2.560323954,3.503427267,2.558784485
15:04:32,2.561383247,3.504980087,2.559068918
15:04:32,2.562252045,3.505790472,2.559710264
15:04:32,2.560999393,3.506150723,2.559900045
15:04:32,2.562266588,3.505969286,2.559759378
15:04:32,2.562127352,3.508979797,2.559577703
15:04:32,2.561615705,3.50891161,2.559246302
15:04:32,2.561785698,3.509387493,2.560099363
15:04:32,2.56059432,3.508987427,2.560036421
15:04:32,2.561065674,3.508697033,2.55866766
15:04:32,2.561053038,3.509413481,2.559590578
15:04:32,2.560817003,3.509310246,2.55931139
15:04:32,2.56137538,3.510737896,2.55989027
15:04:32,2.561068535,3.511729002,2.559401035
15:04:32,2.560407877,3.510288477,2.559378386
15:04:32,2.561082125,3.511527538,2.558775902
15:04:32,2.560345173,3.511382818,2.559300661
15:04:32,2.561441422,3.510971546,2.560163498
15:04:32,2.561944962,3.511484385,2.5596385
15:04:32,2.560560226,3.509126902,2.558992863
15:04:32,2.560608864,3.509883881,2.558903694
15:04:32,2.560566187,3.509134769,2.558623075
15:04:32,2.560095787,3.508036137,2.558425903
15:04:32,2.559602499,3.50859642,2.559601307
15:04:32,2.560014248,3.507940292,2.558697224
15:04:32,2.560954332,3.508324623,2.559484243
15:04:32,2.56119585,3.507205725,2.559734344
15:04:32,2.560777903,3.506557465,2.558318377
15:04:32,2.560628891,3.505704165,2.560041666
15:04:32,2.56068635,3.505565166,2.559118509
15:04:32,2.561039209,3.50475502,2.558869123
15:04:32,2.561031818,3.504487991,2.559473753
15:04:32,2.560419798,3.504707336,2.559403658
15:04:32,2.560354471,3.503471613,2.559461832
15:04:32,2.561425686,3.503754139,2.5576756
15:04:32,2.561288118,3.502697706,2.558830738
15:04:32,2.560916662,3.501944304,2.557776213
15:04:32,2.56129384,3.502655506,2.558668375
15:04:32,2.561457396,3.50296402,2.559033155
15:04:32,2.561146259,3.502776861,2.559008837
15:04:32,2.560718536,3.5017941,2.557576895
15:04:32,2.560520887,3.501218796,2.55875206
15:04:32,2.561382532,3.502494812,2.559762716
15:04:32,2.561291456,3.502924681,2.558625221
15:04:32,2.561448574,3.503729343,2.559620619
15:04:32,2.561933279,3.504631042,2.559244156
15:04:32,2.561239481,3.504675627,2.559969664
15:04:32,2.561584711,3.504015446,2.559254169
15:04:32,2.561603785,3.504575014,2.558167458
15:04:32,2.561720133,3.505823612,2.559175968
15:04:32,2.561385393,3.506379604,2.559426546
15:04:32,2.560868025,3.506830931,2.55845499
15:04:32,2.56065321,3.506186247,2.559752226
15:04:32,2.561090469,3.506921768,2.558664083
15:04:32,2.560305595,3.507292986,2.559051037
15:04:32,2.561530113,3.508413315,2.558199167
15:04:32,2.561017752,3.507852077,2.559105158
15:04:32,2.560951233,3.50891304,2.558256388
15:04:32,2.56065917,3.507528543,2.557256222
15:04:32,2.561594725,3.508558035,2.55889225
15:04:32,2.561371565,3.5093925,2.559203863
15:04:32,2.560279846,3.508504391,2.558538675
15:04:32,2.560893059,3.50854516,2.55958128
15:04:32,2.560379744,3.508882284,2.559310436
15:04:32,2.56065917,3.507824183,2.557291985
15:04:32,2.559704304,3.50714159,2.55817461
15:04:32,2.559884071,3.507009745,2.558546066
15:04:32,2.560189962,3.508624554,2.559911251
15:04:32,2.5616467,3.507664919,2.559583426
15:04:32,2.561699867,3.508161306,2.561050892
15:04:32,2.562052727,3.507758856,2.560189724
15:04:32,2.558940411,3.505723238,2.558273315
15:04:32,2.560743093,3.503976583,2.55802536
15:04:32,2.561184406,3.506694078,2.560504913
15:04:32,2.561290264,3.505243063,2.560061455
15:04:32,2.561355591,3.504256487,2.560121059
15:04:32,2.560355663,3.504570961,2.558351278
15:04:32,2.56218338,3.503737688,2.559372425
15:04:32,2.560784578,3.503313065,2.558535814
15:04:32,2.560859442,3.504142284,2.55992651
15:04:32,2.56050849,3.503048658,2.557199955
15:04:32,2.559915066,3.502150774,2.558307886
15:04:32,2.561243057,3.503202915,2.556924105
15:04:32,2.560704947,3.503920555,2.558796406
15:04:32,2.56117177,3.503721476,2.558960915
15:04:32,2.560190678,3.503515005,2.558693171
15:04:32,2.559968948,3.50312376,2.557771206
15:04:32,2.560460329,3.503778934,2.558385849
15:04:32,2.560869455,3.504786491,2.557183266
15:04:32,2.56032896,3.504499912,2.558768034
15:04:32,2.561243773,3.503901005,2.558670044
15:04:32,2.561015129,3.505389929,2.557863951
15:04:32,2.560864687,3.505425453,2.557329655
15:04:32,2.560636759,3.505714178,2.557949305
15:04:32,2.560606241,3.505117655,2.558107138
15:04:32,2.560189962,3.505217552,2.557317495
15:04:32,2.560891628,3.506859779,2.557195187
15:04:32,2.560776234,3.506983042,2.558557749
15:04:32,2.561264515,3.50714159,2.558067799
15:04:32,2.561861992,3.506106853,2.55816865
15:04:32,2.561083317,3.507444382,2.558203936
15:04:32,2.561288118,3.507293701,2.558907747
15:04:32,2.560797215,3.50692749,2.558082104
15:04:32,2.560834169,3.507527351,2.55756259
15:04:32,2.560159683,3.507484674,2.557294607
15:04:32,2.559799671,3.507546186,2.558086157
15:04:32,2.55970192,3.506068945,2.558122396
15:04:32,2.559838533,3.506820679,2.558580637
15:04:32,2.559805632,3.506437778,2.558565617
15:04:32,2.559534073,3.507264376,2.55919838
15:04:32,2.560129166,3.505267859,2.558495522
15:04:32,2.559310675,3.504753113,2.55727005
15:04:32,2.560872316,3.507574081,2.558541775
15:04:32,2.560455799,3.506402969,2.558563232
15:04:32,2.561194897,3.506033659,2.559218884
15:04:32,2.560633898,3.505836725,2.558448553
15:04:32,2.559948206,3.504422188,2.55800271
15:04:32,2.560560226,3.50361681,2.559251547
15:04:32,2.55989337,3.502516985,2.559291124
15:04:32,2.558019638,3.503376961,2.557367802
15:04:33,2.559566498,3.501969099,2.557445288
15:04:33,2.558880568,3.502583742,2.557982206
15:04:33,2.559305191,3.502320051,2.557665825
15:04:33,2.5596416,3.503325462,2.557891607
15:04:33,2.558460236,3.502948761,2.559014559
15:04:33,2.559987307,3.503961086,2.55772233
15:04:33,2.559159279,3.502686739,2.558866978
15:04:33,2.559993744,3.503417492,2.558195829
15:04:33,2.560534477,3.50343895,2.558624029
15:04:33,2.559881449,3.50394845,2.558442116
15:04:33,2.560381651,3.503040791,2.558516502
15:04:33,2.560246229,3.503724813,2.558391571
15:04:33,2.560417175,3.503789425,2.557435989
15:04:33,2.560120583,3.504465818,2.557749033
15:04:33,2.560688257,3.505382538,2.560589314
15:04:33,2.560255289,3.506671906,2.558826923
15:04:33,2.561497688,3.505663157,2.558945417
15:04:33,2.561402321,3.506356239,2.55792737
15:04:33,2.562779427,3.508640289,2.560929298
15:04:33,2.562571287,3.509384155,2.560470343
15:04:33,2.56257844,3.509545326,2.561489582
15:04:33,2.563006639,3.509045601,2.559547901
15:04:33,2.562220335,3.508966446,2.560979605
15:04:33,2.561824799,3.508517027,2.559359312
15:04:33,2.562374353,3.508701801,2.560562134
15:04:33,2.562662601,3.510967016,2.560755968
15:04:33,2.562272787,3.509913921,2.560115099
15:04:33,2.562078953,3.508695602,2.55916214
15:04:33,2.561407089,3.509435177,2.558993578
15:04:33,2.559929609,3.507401705,2.558524609
15:04:33,2.560914278,3.507788658,2.559252739
15:04:33,2.560526371,3.507873535,2.558872461
15:04:33,2.559457064,3.506769657,2.558338165
15:04:33,2.56080842,3.507668734,2.55913043
15:04:33,2.560432434,3.507184744,2.558747053
15:04:33,2.560645103,3.506448746,2.558600664
15:04:33,2.560863972,3.505357742,2.557849646
15:04:33,2.559933662,3.508206844,2.559891701
15:04:33,2.561738014,3.506363392,2.560198069
15:04:33,2.561603785,3.506573439,2.559036493
15:04:33,2.561500072,3.507006645,2.560569525
15:04:33,2.562289715,3.507558584,2.559314251
15:04:33,2.561628342,3.506632328,2.560950994
15:04:33,2.562160492,3.506578684,2.560597897
15:04:33,2.562097073,3.506181955,2.559276581
15:04:33,2.562684298,3.505947828,2.56005764
15:04:33,2.561431408,3.506933451,2.559276581
15:04:33,2.559711218,3.504871607,2.558442831
15:04:33,2.559823513,3.504363537,2.558506012
15:04:33,2.561124325,3.506076813,2.559126377
15:04:33,2.562075615,3.506761789,2.558861971
15:04:33,2.560152531,3.502499342,2.558388472
15:04:33,2.559731483,3.503371954,2.558490992
15:04:33,2.559650898,3.503534317,2.558585405
15:04:33,2.560277462,3.503499031,2.557622671
15:04:33,2.561051607,3.503844023,2.558580637
15:04:33,2.561508894,3.505428314,2.559039831
15:04:33,2.561508179,3.505711317,2.559541225
15:04:33,2.561693192,3.506153822,2.559900761
15:04:33,2.562398672,3.507769823,2.559595346
15:04:33,2.561804771,3.50865984,2.560119152
15:04:33,2.561522722,3.507764816,2.558890343
15:04:33,2.562097549,3.507818699,2.559972763
15:04:33,2.562003136,3.509585619,2.560943365
15:04:33,2.561817884,3.508710146,2.559809446
15:04:33,2.562320709,3.508805513,2.559972286
15:04:33,2.561127186,3.509240627,2.560229063
15:04:33,2.561265707,3.509087801,2.558974981
15:04:33,2.560957193,3.508280039,2.559853315
15:04:33,2.560676813,3.506654263,2.559422731
15:04:33,2.560804367,3.507371187,2.558724403
15:04:33,2.559927702,3.50785923,2.560421944
15:04:33,2.561989307,3.508937359,2.560144424
15:04:33,2.561718225,3.50958252,2.559959173
15:04:33,2.561082125,3.509392023,2.559719801
15:04:33,2.561275482,3.508606195,2.560612679
15:04:33,2.562461615,3.508282661,2.560002327
15:04:33,2.56315279,3.507999659,2.559427261
15:04:33,2.56167078,3.507820845,2.560437441
15:04:33,2.562420368,3.509041309,2.560229778
15:04:33,2.562626123,3.508860111,2.560383081
15:04:33,2.561029673,3.506744385,2.55854702
15:04:33,2.560540915,3.505386591,2.559035063
15:04:33,2.561169624,3.505947113,2.558575153
15:04:33,2.560446978,3.504692793,2.557825565
15:04:33,2.561496258,3.505311966,2.558883905
15:04:33,2.560787439,3.503390074,2.558068275
15:04:33,2.560496807,3.503942251,2.559227228
15:04:33,2.560788631,3.503967285,2.55865097
15:04:33,2.56163311,3.50356245,2.557456732
15:04:33,2.560992241,3.504243374,2.558612585
15:04:33,2.561785698,3.502573967,2.559406757
15:04:33,2.560864687,3.502851248,2.558818817
15:04:33,2.560232401,3.502409935,2.557713747
15:04:33,2.560199738,3.503591061,2.558471203
15:04:33,2.561514616,3.504493952,2.557469845
15:04:33,2.562410831,3.504637241,2.559646845
15:04:33,2.562031269,3.504407406,2.559498787
15:04:33,2.561751842,3.505064249,2.559267998
15:04:33,2.561911821,3.505865574,2.559990883
15:04:33,2.561751842,3.505684137,2.559406281
15:04:33,2.56028986,3.503826618,2.558899403
15:04:33,2.561318398,3.504591942,2.558397055
15:04:33,2.560754299,3.504704952,2.558440685
15:04:33,2.559986353,3.505393028,2.557117224
15:04:33,2.561365128,3.506803036,2.558457613
15:04:33,2.5607934,3.50625515,2.559041977
15:04:33,2.560534954,3.507516861,2.557584286
15:04:33,2.560681105,3.508375406,2.558734894
15:04:33,2.560236931,3.507991076,2.559807062
15:04:33,2.56099081,3.507814407,2.559293509
15:04:33,2.560704947,3.507424831,2.55906415
15:04:33,2.561694622,3.509059906,2.559934616
15:04:33,2.561466694,3.509084702,2.558688164
15:04:33,2.561062098,3.509845495,2.558745384
15:04:33,2.561072826,3.509018183,2.559880257
15:04:34,2.561185122,3.508833647,2.559614658
15:04:34,2.561771154,3.509269953,2.559084654
15:04:34,2.561218023,3.50984931,2.560338497
15:04:34,2.560895681,3.50886488,2.558209896
15:04:34,2.561220407,3.510020256,2.558711767
15:04:34,2.56107688,3.508958101,2.559791088
15:04:34,2.560396194,3.508947611,2.559207916
15:04:34,2.561638355,3.509159803,2.55898428
15:04:34,2.560229778,3.509426594,2.559442043
15:04:34,2.560696125,3.508427143,2.559885025
15:04:34,2.562435389,3.509863138,2.56018734
15:04:34,2.561861992,3.509023905,2.560263872
15:04:34,2.562875986,3.50793314,2.56106925
15:04:34,2.561996937,3.505367517,2.55926609
15:04:34,2.560741663,3.504529238,2.559995413
15:04:34,2.561190367,3.504577398,2.560133696
15:04:34,2.560489178,3.5029881,2.55847621
15:04:34,2.560911417,3.504895687,2.559098721
15:04:34,2.561206102,3.503449917,2.559212446
15:04:34,2.562088966,3.505309105,2.558495522
15:04:34,2.560643911,3.503550529,2.557705879
15:04:34,2.560949087,3.504818439,2.559653521
15:04:34,2.561806202,3.503449917,2.560417175
15:04:34,2.561370611,3.5046525,2.558775902
15:04:34,2.561115026,3.504036665,2.558792591
15:04:34,2.560528517,3.503597975,2.559731007
15:04:34,2.560592413,3.50345993,2.559408188
15:04:34,2.560358524,3.50359869,2.559474468
15:04:34,2.560448408,3.504384279,2.558683157
15:04:34,2.560852766,3.503767252,2.559239626
15:04:34,2.560570002,3.505444527,2.558606148
15:04:34,2.561167955,3.505151033,2.559014082
15:04:34,2.561564207,3.506622314,2.559403658
15:04:34,2.561656713,3.506464958,2.560349226
15:04:34,2.562137842,3.506002665,2.558933258
15:04:34,2.561525345,3.506309748,2.559306383
15:04:34,2.561074018,3.506331921,2.559577703
15:04:34,2.561384201,3.505566597,2.55845499
15:04:34,2.561538696,3.506771803,2.558744669
15:04:34,2.561228037,3.507037163,2.558341503
15:04:34,2.561210394,3.507315159,2.559175968
15:04:34,2.561523438,3.507309914,2.55834341
15:04:34,2.561998367,3.508067369,2.55918479
15:04:34,2.561148882,3.507636309,2.557466507
15:04:34,2.561218739,3.508928776,2.55892849
15:04:34,2.562201262,3.509679079,2.559148312
15:04:34,2.561680079,3.509034157,2.559290409
15:04:34,2.561176538,3.509454727,2.559297085
15:04:34,2.561408281,3.508627892,2.559624434
15:04:34,2.561616421,3.509841681,2.558830261
15:04:34,2.561564207,3.509275198,2.559326172
15:04:34,2.561636448,3.508820295,2.557511568
15:04:34,2.561057568,3.508537292,2.559912682
15:04:34,2.561258554,3.508356571,2.558866978
15:04:34,2.56088233,3.507632256,2.558933258
15:04:34,2.56088233,3.507395506,2.559618473
15:04:34,2.562405586,3.507758856,2.559525967
15:04:34,2.56196785,3.506611824,2.560131073
15:04:34,2.561690569,3.506173372,2.560192585
15:04:34,2.561168671,3.506970167,2.559211016
15:04:34,2.561874151,3.506048203,2.559394836
15:04:34,2.561230183,3.505321741,2.55866766
15:04:34,2.562005043,3.506619692,2.559944391
15:04:34,2.561246634,3.50628376,2.559451818
15:04:34,2.560392857,3.505960226,2.559870958
15:04:34,2.562474251,3.50642252,2.560564756
15:04:34,2.562124491,3.505864859,2.560361862
15:04:34,2.562195063,3.506384134,2.561108589
15:04:34,2.563395262,3.506720066,2.559243441
15:04:34,2.561699152,3.507149935,2.561047077
15:04:34,2.561644793,3.505991459,2.560372353
15:04:34,2.562166214,3.506818295,2.559643507
15:04:34,2.562448502,3.505924702,2.560062408
15:04:34,2.561756134,3.505310774,2.560685873
15:04:34,2.562239408,3.507283211,2.560575962
15:04:34,2.562284708,3.50676322,2.560282946
15:04:34,2.562319517,3.506821156,2.560437918
15:04:34,2.563627005,3.507255316,2.559144258
15:04:34,2.563208818,3.506348372,2.559150219
15:04:34,2.562567949,3.507068634,2.559543133
15:04:34,2.562747002,3.506915331,2.559968233
15:04:34,2.561796904,3.507312059,2.56000948
15:04:34,2.562336683,3.508252144,2.560552835
15:04:34,2.562765598,3.507383823,2.56033206
15:04:34,2.561933279,3.50771451,2.560478687
15:04:34,2.561693192,3.506920576,2.559708357
15:04:34,2.561869144,3.507480383,2.560076714
15:04:34,2.562104225,3.508191586,2.560269356
15:04:34,2.561715603,3.509087801,2.559687376
15:04:34,2.562212467,3.508523464,2.559119701
15:04:34,2.561991215,3.507549286,2.559675455
15:04:34,2.561498404,3.508006334,2.559335947
15:04:34,2.561900139,3.508682966,2.55978322
15:04:34,2.562853336,3.509811401,2.560575485
15:04:34,2.563167334,3.50855875,2.560283899
15:04:34,2.561816692,3.508595943,2.559347391
15:04:34,2.561777115,3.507994175,2.558701754
15:04:34,2.562420368,3.508591652,2.558503628
15:04:34,2.561612606,3.508481741,2.560723066
15:04:34,2.562885761,3.507538319,2.559054375
15:04:34,2.562189579,3.507778406,2.559393644
15:04:34,2.562591791,3.507785082,2.559633017
15:04:34,2.56119585,3.508794546,2.559879541
15:04:34,2.562751055,3.508174658,2.560638905
15:04:34,2.562407494,3.508836031,2.559651852
15:04:34,2.560791731,3.506991625,2.558910131
15:04:34,2.560657024,3.50709343,2.55957222
15:04:34,2.560523748,3.506688118,2.558570385
15:04:34,2.561137438,3.506620884,2.558690071
15:04:34,2.561179876,3.50620985,2.559451103
15:04:34,2.56144762,3.506494522,2.558898687
15:04:34,2.561034441,3.506019354,2.5597229
15:04:34,2.561111689,3.50488615,2.559533119
15:04:34,2.560865879,3.504994869,2.557864428
15:04:34,2.561212063,3.505394936,2.558985472
15:04:35,2.562200069,3.508432865,2.5592103
15:04:35,2.560965538,3.506895065,2.560151577
15:04:35,2.562026501,3.507605314,2.559722424
15:04:35,2.561708212,3.508015394,2.559303522
15:04:35,2.562907696,3.50777173,2.560173988
15:04:35,2.561847687,3.506859303,2.560653687
15:04:35,2.561872005,3.507263184,2.559195995
15:04:35,2.561527967,3.506047249,2.558283806
15:04:35,2.561087847,3.505764961,2.559087515
15:04:35,2.560754299,3.506726742,2.559908152
15:04:35,2.561513424,3.507005215,2.560688496
15:04:35,2.561986923,3.507067204,2.560132265
15:04:35,2.561290264,3.506498337,2.559352398
15:04:35,2.561161757,3.506044149,2.559330225
15:04:35,2.561344385,3.506907463,2.560525179
15:04:35,2.562425852,3.507502317,2.560142994
15:04:35,2.561843872,3.506673336,2.55753088
15:04:35,2.560743093,3.506684303,2.560303688
15:04:35,2.562522888,3.50675416,2.56041193
15:04:35,2.561984777,3.507144928,2.559074879
15:04:35,2.561789513,3.507050514,2.559385538
15:04:35,2.562174082,3.50714159,2.559807062
15:04:35,2.563027382,3.505921125,2.560396194
15:04:35,2.561225891,3.506632805,2.559755564
15:04:35,2.561131477,3.506491899,2.559355021
15:04:35,2.561648369,3.507489443,2.560236931
15:04:35,2.561619282,3.505933285,2.559791088
15:04:35,2.562072515,3.50689435,2.559252024
15:04:35,2.563085318,3.506710291,2.559405565
15:04:35,2.561981201,3.506365299,2.559793949
15:04:35,2.561074018,3.506570101,2.559684515
15:04:35,2.561710119,3.507054806,2.558655739
15:04:35,2.561906576,3.506056547,2.559933901
15:04:35,2.56211257,3.50625515,2.558955193
15:04:35,2.562087536,3.507480383,2.560044527
15:04:35,2.562030792,3.506147861,2.559653997
15:04:35,2.562799215,3.506406307,2.559088707
15:04:35,2.561197042,3.506326914,2.559111357
15:04:35,2.561822653,3.506550074,2.560035706
15:04:35,2.559233427,3.503852606,2.559117794
15:04:35,2.559659719,3.503798485,2.557566166
15:04:35,2.560516596,3.504927397,2.558799028
15:04:35,2.559897423,3.503929615,2.557533264
15:04:35,2.559987307,3.504907846,2.558513641
15:04:35,2.560092926,3.504945517,2.55956769
15:04:35,2.560398817,3.504982948,2.558167458
15:04:35,2.561771631,3.506874323,2.560011387
15:04:35,2.561582327,3.508387327,2.559008837
15:04:35,2.561286688,3.508057117,2.559345961
15:04:35,2.561689138,3.507677317,2.559665442
15:04:35,2.560549498,3.507474899,2.5595119
15:04:35,2.560499191,3.507679701,2.558806896
15:04:35,2.561308622,3.507927895,2.558589458
15:04:35,2.561765194,3.508292675,2.559410095
15:04:35,2.560821056,3.508261204,2.559640408
15:04:35,2.561611414,3.508793831,2.559166193
15:04:35,2.562102079,3.509705067,2.56005621
15:04:35,2.561914444,3.509659529,2.560165405
15:04:35,2.562574625,3.50937748,2.559150219
15:04:35,2.562135935,3.50929141,2.559734344
15:04:35,2.562618971,3.50996685,2.558956623
15:04:35,2.562191963,3.509063244,2.559008837
15:04:35,2.562547445,3.508884907,2.560305595
15:04:35,2.561724424,3.508216619,2.558517933
15:04:35,2.56240201,3.508825064,2.559435368
15:04:35,2.561594009,3.50842762,2.558416128
15:04:35,2.562481403,3.508734941,2.558257341
15:04:35,2.562307596,3.508550882,2.560506821
15:04:35,2.561673641,3.507203102,2.559869528
15:04:35,2.56196785,3.507309437,2.559998751
15:04:35,2.561443329,3.505699635,2.559461117
15:04:35,2.56242466,3.505967855,2.560782433
15:04:35,2.561583281,3.506844044,2.559393167
15:04:35,2.561728001,3.505778551,2.559732914
15:04:35,2.561558247,3.506789207,2.559093952
15:04:35,2.562061787,3.506119251,2.559951067
15:04:35,2.562013865,3.506061316,2.560038567
15:04:35,2.561722755,3.506251574,2.561219692
15:04:35,2.56291151,3.506760597,2.559856653
15:04:35,2.562173367,3.506072998,2.561105728
15:04:35,2.561563492,3.50699687,2.560052395
15:04:35,2.562316179,3.505838156,2.559218168
15:04:35,2.561533689,3.505643606,2.558953762
15:04:35,2.562069654,3.506126881,2.559999943
15:04:35,2.562116146,3.505223513,2.560276508
15:04:35,2.56231761,3.506136656,2.559756041
15:04:35,2.561996937,3.505678892,2.55943346
15:04:35,2.560924768,3.506102324,2.559973478
15:04:35,2.562241793,3.505914927,2.559752226
15:04:35,2.562138557,3.506390333,2.560162783
15:04:35,2.561940908,3.507090092,2.559860468
15:04:35,2.563196898,3.508420229,2.559196711
15:04:35,2.561695814,3.507782459,2.559191942
15:04:35,2.562291861,3.506719589,2.559597969
15:04:35,2.562344074,3.507419586,2.559847593
15:04:35,2.560840607,3.50749445,2.559593201
15:04:35,2.561173677,3.508460999,2.559048653
15:04:35,2.562665701,3.508466005,2.56074214
15:04:35,2.562419176,3.509129047,2.560016632
15:04:35,2.562124014,3.509612083,2.559866667
15:04:35,2.562215805,3.508714914,2.558680773
15:04:35,2.560999393,3.507696629,2.558976412
15:04:35,2.560957193,3.508523464,2.558692694
15:04:35,2.561781168,3.508153915,2.558357239
15:04:35,2.561115026,3.50782156,2.558606863
15:04:35,2.560465813,3.50772047,2.558279037
15:04:35,2.560715199,3.508449793,2.558132648
15:04:35,2.560989618,3.509312391,2.557741642
15:04:35,2.560379744,3.509066343,2.559463024
15:04:35,2.561222792,3.508576393,2.557503939
15:04:35,2.561356783,3.508622169,2.558146954
15:04:35,2.562614918,3.509456635,2.559762716
15:04:35,2.562728882,3.508035421,2.560527802
15:04:35,2.561574936,3.506588459,2.558500051
15:04:35,2.561072111,3.507138252,2.55923152
15:04:35,2.561834574,3.507374763,2.559786081
15:04:35,2.561752558,3.505441904,2.559476852
15:04:35,2.56167841,3.505304337,2.559520483
15:04:35,2.560657024,3.505893469,2.558596849
15:04:36,2.561240673,3.506420851,2.558284521
15:04:36,2.560984135,3.504714012,2.558601379
15:04:36,2.560395241,3.504187346,2.55864954
15:04:36,2.560881853,3.505206585,2.558787823
15:04:36,2.561499834,3.503491879,2.559524059
15:04:36,2.560279846,3.502117872,2.558442831
15:04:36,2.559586763,3.5025177,2.557726622
15:04:36,2.560459614,3.502571344,2.558514833
15:04:36,2.560902119,3.50253129,2.558700562
15:04:36,2.561210394,3.502391815,2.558047295
15:04:36,2.561199665,3.502366304,2.560460806
15:04:36,2.560923338,3.50461483,2.558099508
15:04:36,2.559900522,3.503981829,2.55826211
15:04:36,2.560210466,3.504060745,2.560902119
15:04:36,2.562067986,3.505243778,2.559909582
15:04:36,2.561607361,3.504314661,2.56033206
15:04:36,2.561352491,3.504719019,2.559482813
15:04:36,2.561392546,3.504901648,2.559754133
15:04:36,2.561835051,3.505684614,2.559339523
15:04:36,2.561516285,3.505744934,2.559049845
15:04:36,2.561668158,3.505811214,2.558393717
15:04:36,2.562358379,3.50734973,2.560065508
15:04:36,2.561655521,3.507593155,2.560923338
15:04:36,2.561212063,3.507756948,2.559656858
15:04:36,2.5616014,3.507978916,2.559693813
15:04:36,2.562801838,3.508674383,2.561460733
15:04:36,2.562408209,3.510242224,2.560142994
15:04:36,2.562322855,3.509689569,2.560721636
15:04:36,2.561884642,3.508656025,2.559736967
15:04:36,2.561729431,3.509087801,2.559840441
15:04:36,2.561850548,3.50945735,2.559949875
15:04:36,2.561902046,3.508724689,2.560865164
15:04:36,2.561855555,3.509072304,2.559580088
15:04:36,2.562062502,3.510350227,2.559818745
15:04:36,2.561773777,3.50883007,2.559279203
15:04:36,2.561222792,3.507277966,2.558536291
15:04:36,2.560189247,3.507488728,2.558825016
15:04:36,2.560894966,3.507552624,2.559255362
15:04:36,2.560798645,3.508153915,2.559640408
15:04:36,2.560208082,3.506711006,2.558112383
15:04:36,2.560633898,3.5070889,2.559568882
15:04:36,2.560757399,3.506662846,2.558342218
15:04:36,2.560990095,3.507213354,2.560278654
15:04:36,2.560693741,3.507324219,2.559131145
15:04:36,2.559428215,3.505949736,2.557925701
15:04:36,2.560487986,3.506858587,2.559396267
15:04:36,2.560573339,3.505907059,2.55840826
15:04:36,2.560948372,3.505990744,2.55789113
15:04:36,2.560871124,3.506018639,2.558344841
15:04:36,2.561297417,3.505402803,2.558532715
15:04:36,2.560032368,3.50488615,2.558810949
15:04:36,2.560976982,3.505799532,2.557439566
15:04:36,2.560930967,3.50539422,2.558135033
15:04:36,2.561053038,3.50464344,2.558445215
15:04:36,2.561091185,3.505080462,2.558652878
15:04:36,2.560976267,3.503955603,2.557967424
15:04:36,2.560052633,3.502612352,2.558336258
15:04:36,2.560392857,3.501992464,2.560475588
15:04:36,2.562104702,3.504286051,2.560803652
15:04:36,2.562617302,3.505103588,2.560493469
15:04:36,2.561847687,3.504771233,2.55920577
15:04:36,2.562437296,3.504747152,2.558965683
15:04:36,2.562268734,3.50364542,2.558997393
15:04:36,2.561292887,3.504998922,2.559146166
15:04:36,2.561852217,3.504861355,2.559770584
15:04:36,2.561650991,3.506000519,2.559424639
15:04:36,2.562047482,3.506449461,2.561882496
15:04:36,2.56264782,3.505668402,2.55946517
15:04:36,2.561450481,3.50474596,2.560275078
15:04:36,2.56184721,3.505977631,2.560203075
15:04:36,2.5625453,3.505856276,2.558918476
15:04:36,2.560438871,3.506303787,2.559555769
15:04:36,2.561527967,3.507118702,2.560018539
15:04:36,2.562457085,3.50738287,2.560371161
15:04:36,2.560679674,3.507147551,2.559424162
15:04:36,2.560388803,3.507182837,2.558577061
15:04:36,2.560164928,3.507439375,2.559697151
15:04:36,2.560611725,3.508337498,2.559316874
15:04:36,2.561073303,3.507784367,2.558551073
15:04:36,2.56018281,3.508550882,2.559326887
15:04:36,2.561418295,3.508093357,2.559261799
15:04:36,2.561052322,3.507702112,2.558695793
15:04:36,2.561397076,3.508142471,2.560259581
15:04:36,2.560789824,3.508188725,2.558807611
15:04:36,2.560574532,3.508032084,2.557998419
15:04:36,2.561361551,3.508952856,2.55828619
15:04:36,2.561131477,3.508790255,2.558948517
15:04:36,2.560452461,3.50736618,2.558744192
15:04:36,2.561080694,3.508666992,2.55793786
15:04:36,2.560199738,3.507894039,2.55891943
15:04:36,2.560609818,3.507642746,2.559277296
15:04:36,2.560800552,3.506905556,2.557966709
15:04:36,2.56011796,3.504995584,2.558910131
15:04:36,2.56012845,3.506283045,2.559432745
15:04:36,2.560702085,3.505928278,2.558835506
15:04:36,2.560729027,3.505757093,2.558943987
15:04:36,2.560313463,3.505629778,2.558209181
15:04:36,2.561671257,3.505694389,2.558173418
15:04:36,2.560458183,3.50584054,2.55883956
15:04:36,2.560976982,3.505019903,2.557740211
15:04:36,2.560280561,3.505024195,2.559037209
15:04:36,2.561159849,3.50462389,2.559076786
15:04:36,2.560687542,3.504565239,2.557578802
15:04:36,2.561207771,3.503991604,2.559144974
15:04:36,2.560259581,3.503468275,2.558551073
15:04:36,2.560100317,3.504370213,2.55850482
15:04:36,2.56105566,3.50496769,2.558700562
15:04:36,2.560783386,3.504825592,2.560137272
15:04:36,2.561959505,3.503624916,2.558199167
15:04:36,2.560456991,3.504431486,2.558711767
15:04:36,2.561259747,3.504191875,2.559328794
15:04:36,2.56039691,3.5045228,2.559021711
15:04:36,2.560477734,3.504874229,2.559224367
15:04:36,2.560148239,3.504711151,2.556673527
15:04:36,2.5605793,3.504970312,2.559194565
15:04:36,2.560158968,3.505370855,2.558120012
15:04:36,2.559959412,3.505012751,2.558532
15:04:36,2.559576273,3.50509882,2.557514668
15:04:36,2.560022354,3.505400419,2.557192326
15:04:37,2.559668064,3.504918098,2.558744669
15:04:37,2.560095072,3.506561756,2.558378696
15:04:37,2.560888529,3.506789207,2.559560299
15:04:37,2.561079979,3.506688118,2.559056282
15:04:37,2.561237335,3.507529736,2.559623003
15:04:37,2.56069231,3.507929802,2.559635639
15:04:37,2.561503649,3.508010149,2.559542418
15:04:37,2.561320543,3.508823872,2.55984807
15:04:37,2.562166214,3.507522345,2.559921265
15:04:37,2.561083317,3.507467985,2.558965683
15:04:37,2.560281277,3.506591082,2.559533119
15:04:37,2.561574221,3.509132385,2.55975008
15:04:37,2.561610699,3.509539604,2.561153412
15:04:37,2.562059879,3.509601593,2.560477018
15:04:37,2.562519073,3.510505676,2.559848547
15:04:37,2.562410831,3.510274887,2.561205864
15:04:37,2.56188941,3.508263826,2.56095624
15:04:37,2.561876774,3.508206844,2.559482813
15:04:37,2.56222558,3.507781029,2.560768366
15:04:37,2.561836481,3.50736928,2.560554266
15:04:37,2.562164068,3.507173777,2.560685873
15:04:37,2.562166929,3.508243561,2.561201096
15:04:37,2.562160492,3.507498026,2.560342789
15:04:37,2.561446905,3.507266998,2.560554981
15:04:37,2.562134027,3.507050991,2.560073376
15:04:37,2.561867476,3.50795126,2.560576677
15:04:37,2.561499119,3.506575108,2.561400652
15:04:37,2.560665607,3.505115271,2.559762716
15:04:37,2.561296225,3.505801439,2.560222387
15:04:37,2.562329531,3.506013393,2.560238838
15:04:37,2.560439587,3.504951477,2.559109926
15:04:37,2.561718941,3.506108761,2.560926437
15:04:37,2.561053038,3.504924536,2.558449268
15:04:37,2.559296131,3.504436016,2.556266069
15:04:37,2.55975318,3.503847361,2.559162855
15:04:37,2.560914755,3.504486084,2.55779171
15:04:37,2.560619593,3.505250931,2.557793617
15:04:37,2.561020613,3.503793955,2.558102131
15:04:37,2.559660912,3.504024744,2.557763577
15:04:37,2.56125927,3.505663157,2.559392452
15:04:37,2.561455488,3.506236076,2.560078621
15:04:37,2.562098265,3.506988287,2.560492039
15:04:37,2.561711788,3.507532358,2.561036825
15:04:37,2.562539577,3.508230686,2.559890985
15:04:37,2.561806917,3.50625515,2.559233665
15:04:37,2.562599659,3.507221222,2.560172558
15:04:37,2.561749458,3.506464958,2.559943199
15:04:37,2.561551809,3.505815029,2.559374571
15:04:37,2.560893774,3.506333113,2.559009314
15:04:37,2.560624123,3.506596327,2.560254097
15:04:37,2.561405182,3.50571084,2.55845499
15:04:37,2.562697887,3.508243084,2.56001997
15:04:37,2.562160969,3.507659674,2.561500072
15:04:37,2.562418699,3.508584738,2.558872461
15:04:37,2.562603712,3.50866127,2.56055212
15:04:37,2.562826395,3.508620739,2.559937954
15:04:37,2.562149763,3.508685827,2.55932045
15:04:37,2.561591387,3.508252859,2.559497118
15:04:37,2.561951637,3.508344173,2.559531212
15:04:37,2.56210947,3.508789063,2.559695244
15:04:37,2.560430527,3.508855104,2.560228348
15:04:37,2.561668158,3.508851051,2.55951786
15:04:37,2.561616421,3.509237289,2.560258627
15:04:37,2.562518597,3.510005236,2.558875084
15:04:37,2.561896563,3.5096457,2.559159517
15:04:37,2.561958075,3.508103132,2.559903622
15:04:37,2.561982632,3.507202387,2.558983564
15:04:37,2.560395002,3.505688667,2.55847764
15:04:37,2.560267448,3.507322311,2.55874753
15:04:37,2.560301065,3.506990433,2.559026003
15:04:37,2.56145668,3.507682085,2.560009956
15:04:37,2.560852051,3.507852077,2.559851885
15:04:37,2.561565638,3.508155584,2.559092283
15:04:37,2.560949087,3.506851912,2.559117079
15:04:37,2.561238527,3.507434607,2.559161425
15:04:37,2.561658144,3.507559061,2.559471607
15:04:37,2.560938835,3.507855415,2.559867382
15:04:37,2.561398506,3.506766558,2.560420036
15:04:37,2.561602116,3.505601168,2.558910847
15:04:37,2.561721563,3.507601738,2.560528517
15:04:37,2.563001156,3.507581472,2.560671568
15:04:37,2.562548876,3.506970167,2.55947566
15:04:37,2.562592506,3.507385731,2.560082912
15:04:37,2.561931849,3.506172895,2.559342384
15:04:37,2.561606646,3.507104874,2.559574127
15:04:37,2.562193871,3.507417679,2.560945749
15:04:37,2.562388659,3.508150339,2.55906105
15:04:37,2.561518908,3.506138802,2.558629036
15:04:37,2.561445951,3.506653786,2.558689356
15:04:37,2.561000824,3.506646395,2.559165716
15:04:37,2.561654091,3.507605314,2.559691906
15:04:37,2.562288284,3.506861687,2.559016466
15:04:37,2.562099457,3.507076979,2.558662176
15:04:37,2.562032938,3.507119417,2.56043458
15:04:37,2.561280966,3.506478786,2.559314966
15:04:37,2.56146121,3.506698608,2.557878971
15:04:37,2.560922623,3.506634235,2.558717251
15:04:37,2.561327934,3.505629778,2.55826807
15:04:37,2.560969114,3.506620407,2.558313608
15:04:37,2.560208082,3.505931377,2.559253454
15:04:37,2.561277628,3.508610487,2.56122756
15:04:37,2.562554836,3.509070396,2.560105324
15:04:37,2.561724424,3.508229971,2.55956769
15:04:37,2.562502384,3.508310795,2.558810949
15:04:37,2.562075138,3.507785082,2.560834646
15:04:37,2.562274456,3.50796175,2.561219692
15:04:37,2.562160492,3.507274151,2.559793949
15:04:37,2.561603785,3.508732319,2.559309721
15:04:37,2.562135935,3.507753611,2.559892178
15:04:37,2.562367678,3.507680655,2.56005311
15:04:37,2.561913729,3.507088184,2.561421871
15:04:37,2.562193155,3.508014679,2.560773134
15:04:37,2.560133934,3.505460978,2.558284521
15:04:37,2.560520172,3.505634546,2.558606863
15:04:37,2.560618162,3.506485939,2.556963205
15:04:37,2.561848402,3.506490469,2.559015274
15:04:38,2.561933756,3.507289648,2.560156345
15:04:38,2.561487198,3.506654978,2.560113907
15:04:38,2.561742783,3.507205725,2.558143139
15:04:38,2.562290668,3.50773406,2.560076714
15:04:38,2.561127663,3.506064177,2.559666157
15:04:38,2.561876297,3.506345034,2.56008935
15:04:38,2.561204195,3.506543875,2.558802605
15:04:38,2.561778784,3.506385565,2.558809042
15:04:38,2.559855223,3.504327059,2.558500767
15:04:38,2.560639381,3.505652189,2.55843401
15:04:38,2.561209679,3.506484747,2.559913397
15:04:38,2.560519218,3.506011009,2.558209896
15:04:38,2.560462952,3.505695343,2.558184147
15:04:38,2.560429811,3.505412579,2.557846069
15:04:38,2.560447693,3.504994869,2.55779171
15:04:38,2.560688257,3.506433725,2.559328079
15:04:38,2.560785294,3.505565166,2.560379028
15:04:38,2.561288118,3.506340265,2.558702946
15:04:38,2.560638666,3.505890846,2.558823109
15:04:38,2.560661316,3.507805824,2.559751511
15:04:38,2.561761141,3.507013798,2.561748743
15:04:38,2.56240201,3.507513523,2.560107708
15:04:38,2.561915874,3.507548809,2.560527802
15:04:38,2.562421799,3.507797956,2.559810877
15:04:38,2.562458277,3.508166552,2.559427977
15:04:38,2.562339306,3.508353233,2.559981585
15:04:38,2.562994719,3.507640839,2.559776068
15:04:38,2.561755419,3.507911921,2.561112404
15:04:38,2.562124491,3.50738287,2.558452845
15:04:38,2.561418772,3.507686377,2.56020093
15:04:38,2.560935974,3.507648468,2.560063601
15:04:38,2.561305285,3.506681681,2.558849335
15:04:38,2.561299324,3.508021593,2.558805704
15:04:38,2.561469078,3.50691843,2.559590578
15:04:38,2.562253952,3.506528378,2.561163425
15:04:38,2.562015057,3.506721973,2.559759378
15:04:38,2.56182313,3.505554199,2.559571505
15:04:38,2.561467886,3.506896257,2.559560299
15:04:38,2.561837912,3.506700039,2.559999466
15:04:38,2.561395884,3.506574392,2.558264017
15:04:38,2.562051296,3.507188797,2.560400963
15:04:38,2.561126471,3.505657196,2.558763981
15:04:38,2.56061101,3.506763935,2.559259892
15:04:38,2.562186003,3.505738735,2.559338808
15:04:38,2.560959816,3.50737977,2.560243368
15:04:38,2.561469078,3.506864548,2.558953762
15:04:38,2.561480284,3.507325649,2.559776068
15:04:38,2.561462641,3.50676465,2.559394836
15:04:38,2.562093496,3.508062363,2.559668541
15:04:38,2.562053204,3.507263899,2.559137583
15:04:38,2.561845064,3.506453276,2.557996273
15:04:38,2.560940027,3.506165981,2.55937767
15:04:38,2.560842037,3.505977154,2.559480906
15:04:38,2.562380314,3.507077694,2.559785128
15:04:38,2.562690735,3.507556438,2.560761213
15:04:38,2.561964273,3.507439375,2.560109854
15:04:38,2.56187892,3.508139372,2.559886456
15:04:38,2.561652899,3.507882118,2.559695244
15:04:38,2.561737061,3.507292509,2.558938742
15:04:38,2.560631514,3.506311655,2.559529781
15:04:38,2.56029439,3.506130934,2.558166027
15:04:38,2.56090641,3.505896807,2.558469057
15:04:38,2.56086278,3.507157326,2.558766603
15:04:38,2.561576128,3.506819963,2.560797691
15:04:38,2.562213659,3.509112597,2.559832811
15:04:38,2.562311649,3.5085361,2.559663534
15:04:38,2.561636925,3.508080006,2.559623718
15:04:38,2.563009262,3.508500099,2.559557676
15:04:38,2.562663078,3.507675886,2.558602095
15:04:38,2.562260151,3.50852108,2.560774326
15:04:38,2.563076735,3.508196592,2.559635639
15:04:38,2.562256575,3.508214474,2.560549021
15:04:38,2.56326437,3.507866621,2.560338497
15:04:38,2.561737061,3.508184433,2.559554338
15:04:38,2.562479496,3.507539511,2.559010029
15:04:38,2.56106019,3.507932425,2.559776068
15:04:38,2.561876297,3.507619858,2.5601964
15:04:38,2.562041998,3.507297993,2.560001612
15:04:38,2.561900854,3.506224394,2.560156345
15:04:38,2.561574221,3.507061481,2.559295177
15:04:38,2.561737537,3.506298304,2.558375835
15:04:38,2.562309742,3.505712748,2.559747219
15:04:38,2.561560631,3.505983591,2.560723066
15:04:38,2.562327147,3.50475502,2.560006618
15:04:38,2.561442852,3.506750107,2.559887648
15:04:38,2.56108284,3.506008863,2.55951333
15:04:38,2.561973333,3.506138802,2.559355974
15:04:38,2.561192989,3.505057812,2.559182644
15:04:38,2.561790943,3.506299973,2.559740782
15:04:38,2.561218023,3.505818605,2.559792519
15:04:38,2.561106443,3.506343603,2.558832645
15:04:38,2.561380625,3.506679773,2.559767962
15:04:38,2.561347723,3.505876541,2.558969975
15:04:38,2.561839342,3.506506205,2.559874535
15:04:38,2.562513113,3.507276058,2.56033659
15:04:38,2.561691046,3.507657766,2.559381247
15:04:38,2.562162876,3.507045031,2.560383081
15:04:38,2.561559677,3.506151199,2.559759855
15:04:38,2.562092304,3.508041382,2.560832739
15:04:38,2.562467098,3.50784111,2.560854435
15:04:38,2.562453508,3.508047342,2.559660912
15:04:38,2.562373877,3.50881052,2.561208963
15:04:38,2.561353683,3.508875132,2.560546875
15:04:38,2.561837435,3.507721663,2.561081886
15:04:38,2.562176704,3.507073641,2.559211731
15:04:38,2.560511827,3.507162094,2.557945967
15:04:38,2.561512709,3.506985188,2.558511972
15:04:38,2.561205626,3.506865025,2.558102131
15:04:38,2.561486483,3.507024288,2.55809474
15:04:38,2.560746908,3.507014513,2.559108496
15:04:38,2.561317921,3.508110523,2.558049917
15:04:38,2.5615623,3.506490469,2.559854031
15:04:38,2.560676813,3.508445263,2.559753418
15:04:38,2.560615301,3.507160425,2.559689999
15:04:38,2.561797619,3.507969856,2.560394526
15:04:38,2.560842991,3.507552624,2.559249401
15:04:38,2.560652494,3.506999493,2.559200287
15:04:38,2.562300444,3.508449793,2.560297728
15:04:38,2.562857389,3.508977652,2.561896086
15:04:39,2.562303066,3.507818699,2.559425354
15:04:39,2.562952042,3.506645679,2.558763266
15:04:39,2.560752392,3.505290508,2.558492184
15:04:39,2.560028076,3.505059719,2.559052467
15:04:39,2.560485601,3.506273985,2.558259964
15:04:39,2.56093812,3.505030394,2.559316158
15:04:39,2.560827017,3.506697893,2.559150934
15:04:39,2.560458183,3.504285097,2.55840683
15:04:39,2.560201883,3.504555225,2.559084654
15:04:39,2.560838938,3.505125761,2.557715893
15:04:39,2.560164452,3.504401445,2.558522701
15:04:39,2.560219049,3.50399828,2.557736874
15:04:39,2.559907436,3.503825188,2.558582783
15:04:39,2.559802771,3.50391078,2.557986975
15:04:39,2.560349941,3.504568338,2.558280706
15:04:39,2.560348511,3.505511999,2.559215784
15:04:39,2.560744524,3.505339622,2.557738304
15:04:39,2.56000638,3.504729271,2.557986498
15:04:39,2.561417103,3.505596638,2.559642076
15:04:39,2.560878515,3.504739046,2.558697939
15:04:39,2.560725689,3.504936934,2.558605194
15:04:39,2.561059475,3.504942656,2.558324337
15:04:39,2.560120106,3.504724264,2.559067726
15:04:39,2.561078072,3.505332947,2.560325384
15:04:39,2.561235189,3.505835533,2.557001591
15:04:39,2.56072998,3.506664038,2.558506012
15:04:39,2.56076622,3.506732464,2.55953455
15:04:39,2.560932636,3.507457256,2.558866501
15:04:39,2.560410023,3.506751299,2.558234453
15:04:39,2.560427904,3.507037878,2.558129072
15:04:39,2.561272383,3.506083488,2.557840824
15:04:39,2.560959101,3.506360531,2.55700016
15:04:39,2.560446501,3.506613016,2.559103489
15:04:39,2.560262442,3.506846189,2.559278011
15:04:39,2.561029673,3.507124662,2.55940485
15:04:39,2.560830832,3.50628233,2.557982206
15:04:39,2.560614824,3.507125378,2.558692694
15:04:39,2.561513424,3.507426023,2.559098721
15:04:39,2.559816122,3.506825924,2.558890343
15:04:39,2.560979605,3.506742239,2.5579772
15:04:39,2.560549498,3.506473303,2.558953762
15:04:39,2.560976267,3.507508993,2.559342384
15:04:39,2.561801434,3.50656414,2.559733629
15:04:39,2.561146975,3.506786823,2.557918787
15:04:39,2.560470104,3.506929159,2.558946609
15:04:39,2.560806036,3.506664038,2.559394836
15:04:39,2.561074734,3.506440401,2.558775187
15:04:39,2.561254978,3.506540298,2.558346033
15:04:39,2.561033964,3.506367207,2.559366465
15:04:39,2.561000824,3.505684137,2.558258772
15:04:39,2.560501814,3.505086422,2.559113264
15:04:39,2.560543537,3.505054474,2.559474468
15:04:39,2.559579134,3.504699945,2.55822587
15:04:39,2.560908318,3.504319906,2.558763266
15:04:39,2.560591698,3.50461483,2.559174776
15:04:39,2.560374498,3.505054474,2.558610439
15:04:39,2.560919523,3.504276276,2.558845997
15:04:39,2.56118989,3.504668236,2.558132648
15:04:39,2.561130047,3.505113363,2.559140444
15:04:39,2.561212063,3.504591942,2.557926655
15:04:39,2.560729027,3.504957199,2.558424711
15:04:39,2.559987307,3.504221201,2.557766676
15:04:39,2.559921026,3.504686594,2.558097363
15:04:39,2.560780764,3.503875971,2.558253527
15:04:39,2.560798645,3.504012585,2.558092594
15:04:39,2.560417891,3.505026817,2.558755398
15:04:39,2.559642315,3.505374193,2.559307098
15:04:39,2.561432838,3.506195545,2.558608055
15:04:39,2.559812069,3.505897284,2.558173418
15:04:39,2.561718225,3.506142855,2.55864954
15:04:39,2.560833454,3.505619287,2.561083317
15:04:39,2.562217236,3.507857561,2.559076071
15:04:39,2.562106848,3.507744551,2.560218334
15:04:39,2.562168837,3.508118391,2.559715033
15:04:39,2.560935974,3.506033182,2.559386492
15:04:39,2.560110807,3.505665779,2.558350563
15:04:39,2.560700893,3.505772829,2.558111429
15:04:39,2.559574366,3.50662756,2.558594942
15:04:39,2.56019187,3.505539894,2.559334755
15:04:39,2.561665297,3.506489277,2.558203936
15:04:39,2.562382936,3.5089221,2.55888319
15:04:39,2.561794996,3.508931875,2.560163975
15:04:39,2.562322378,3.509304047,2.56095767
15:04:39,2.561999083,3.508739471,2.559278727
15:04:39,2.56233716,3.50928688,2.559291124
15:04:39,2.563006639,3.508640289,2.558900118
15:04:39,2.561461926,3.509560347,2.560039043
15:04:39,2.562155008,3.508348703,2.559710979
15:04:39,2.561858416,3.507657766,2.559666634
15:04:39,2.561906576,3.507741928,2.559693813
15:04:39,2.561752558,3.507936954,2.558287382
15:04:39,2.560348034,3.506174088,2.558334827
15:04:39,2.560932159,3.505966663,2.55853796
15:04:39,2.562346935,3.506441116,2.558293819
15:04:39,2.561385393,3.505721807,2.558213949
15:04:39,2.561190844,3.506504297,2.558317184
15:04:39,2.56101656,3.506934166,2.558053732
15:04:39,2.561396837,3.506440401,2.557754755
15:04:39,2.560369015,3.506119728,2.55754447
15:04:39,2.560511112,3.506253719,2.55749917
15:04:39,2.561107874,3.506116629,2.557764769
15:04:39,2.560400724,3.505736351,2.558094025
15:04:39,2.560523033,3.505291939,2.558566332
15:04:39,2.560887337,3.504789114,2.559218884
15:04:39,2.561842203,3.507956505,2.559276104
15:04:39,2.56175971,3.507713318,2.560016632
15:04:39,2.561450005,3.506929874,2.558956623
15:04:39,2.561512709,3.507177353,2.559457779
15:04:39,2.561326981,3.507580757,2.560267925
15:04:39,2.562107325,3.507143736,2.559383631
15:04:39,2.561725616,3.506769657,2.559234858
15:04:39,2.561555147,3.506003618,2.559279203
15:04:39,2.562746286,3.506486654,2.559493542
15:04:39,2.562299013,3.507102489,2.560697079
15:04:39,2.5627563,3.50736618,2.559730053
15:04:40,2.561871052,3.506799221,2.559648991
15:04:40,2.562034845,3.506984234,2.559577703
15:04:40,2.561995745,3.507379293,2.561277628
15:04:40,2.562511444,3.507969856,2.560915947
15:04:40,2.562092781,3.506587029,2.558254719
15:04:40,2.561972618,3.507077694,2.561043024
15:04:40,2.56268549,3.5085783,2.560506105
15:04:40,2.561649561,3.507152796,2.560585976
15:04:40,2.561677933,3.507979631,2.56062746
15:04:40,2.561569691,3.506765366,2.559725046
15:04:40,2.56112957,3.506354332,2.559808254
15:04:40,2.561910629,3.506637812,2.559678555
15:04:40,2.561435699,3.505263805,2.55761075
15:04:40,2.559667587,3.505081892,2.558769226
15:04:40,2.559703112,3.50582099,2.558548927
15:04:40,2.560418606,3.50583148,2.558701754
15:04:40,2.55992651,3.505369663,2.55840683
15:04:40,2.559688568,3.504998922,2.558128595
15:04:40,2.5601511,3.505029678,2.559562206
15:04:40,2.560655832,3.506396532,2.558657646
15:04:40,2.562087536,3.508464813,2.561231613
15:04:40,2.562229633,3.507286549,2.560379744
15:04:40,2.562626123,3.507882118,2.561369658
15:04:40,2.562511444,3.50830698,2.559973478
15:04:40,2.562010288,3.507659674,2.559476137
15:04:40,2.56298089,3.507409096,2.560003996
15:04:40,2.561842918,3.506374359,2.559622288
15:04:40,2.561736107,3.506594658,2.560345888
15:04:40,2.560998678,3.504794121,2.558059931
15:04:40,2.559802771,3.504985809,2.558358669
15:04:40,2.560273886,3.505031586,2.558043718
15:04:40,2.560463428,3.505632639,2.559011936
15:04:40,2.562597513,3.507558584,2.560715675
15:04:40,2.562091589,3.507500648,2.560399294
15:04:40,2.562530994,3.507201672,2.559871912
15:04:40,2.563609123,3.508351326,2.559590578
15:04:40,2.563180447,3.508776665,2.560517311
15:04:40,2.562467098,3.508468151,2.56089282
15:04:40,2.562614918,3.509034157,2.561075449
15:04:40,2.562822104,3.508860111,2.560573339
15:04:40,2.562123299,3.508267164,2.560117722
15:04:40,2.560310364,3.506596327,2.5594697
15:04:40,2.560420513,3.507127285,2.559687376
15:04:40,2.561300755,3.507841825,2.558869123
15:04:40,2.560904741,3.507424831,2.559399605
15:04:40,2.560507774,3.507514954,2.558977604
15:04:40,2.561987638,3.509278536,2.56045723
15:04:40,2.562202215,3.508915186,2.560921431
15:04:40,2.563062191,3.50921464,2.559624434
15:04:40,2.561194897,3.509018898,2.559221029
15:04:40,2.561602592,3.508281469,2.56007576
15:04:40,2.561486483,3.50914216,2.56013298
15:04:40,2.562012196,3.508331776,2.559480906
15:04:40,2.562367201,3.50928688,2.558917999
15:04:40,2.561994553,3.509449959,2.560636282
15:04:40,2.562129974,3.508919477,2.55997777
15:04:40,2.561842918,3.508581877,2.559211016
15:04:40,2.562334061,3.50818038,2.559396267
15:04:40,2.561778545,3.507939577,2.561428785
15:04:40,2.561577559,3.507532358,2.559195995
15:04:40,2.561973333,3.507570982,2.560703754
15:04:40,2.561350107,3.508083105,2.560274363
15:04:40,2.561112881,3.506970167,2.56007576
15:04:40,2.561603308,3.508263826,2.560811281
15:04:40,2.562620163,3.508241653,2.561746836
15:04:40,2.562266588,3.507997751,2.560409307
15:04:40,2.561830044,3.50762248,2.560671568
15:04:40,2.562237501,3.507045746,2.559730053
15:04:40,2.562005758,3.507130623,2.56020999
15:04:40,2.560928106,3.504141569,2.558096886
15:04:40,2.562880516,3.507546663,2.560372353
15:04:40,2.562078238,3.506408215,2.559725046
15:04:40,2.562735796,3.507936954,2.559671402
15:04:40,2.561187029,3.505466223,2.55928874
15:04:40,2.561088562,3.504607439,2.559254169
15:04:40,2.560424089,3.504570961,2.559228897
15:04:40,2.561608553,3.505033731,2.559041977
15:04:40,2.562703371,3.507187128,2.561067581
15:04:40,2.562808514,3.507022381,2.560585499
15:04:40,2.561563492,3.504442453,2.55817461
15:04:40,2.56018281,3.504473686,2.558773518
15:04:40,2.561820507,3.506289005,2.560617208
15:04:40,2.562149048,3.50711298,2.558845997
15:04:40,2.562344074,3.507872343,2.559757233
15:04:40,2.561018467,3.505604744,2.558999538
15:04:40,2.560684681,3.505410194,2.55847621
15:04:40,2.560457468,3.505296707,2.559044361
15:04:40,2.561043024,3.506002665,2.558727503
15:04:40,2.561060905,3.507081747,2.558104515
15:04:40,2.562093496,3.508373976,2.559807539
15:04:40,2.561549187,3.508427143,2.559322834
15:04:40,2.561231375,3.508383751,2.560424566
15:04:40,2.561960697,3.508600712,2.559085369
15:04:40,2.561500072,3.507334709,2.559529066
15:04:40,2.561880827,3.507679224,2.559259415
15:04:40,2.561262846,3.507927179,2.560176611
15:04:40,2.561539888,3.508129597,2.559514523
15:04:40,2.562036753,3.508609772,2.558096886
15:04:40,2.562298298,3.50843811,2.558982134
15:04:40,2.561772346,3.508634329,2.560099363
15:04:40,2.56131649,3.508712292,2.560696363
15:04:40,2.561296701,3.508673191,2.560024023
15:04:40,2.561705828,3.507794857,2.560032606
15:04:40,2.561216116,3.508191586,2.558876991
15:04:40,2.562673569,3.507058144,2.561140299
15:04:40,2.562369585,3.508355141,2.560306787
15:04:40,2.561928272,3.506330013,2.559778452
15:04:40,2.561732292,3.507037163,2.559187889
15:04:40,2.561431408,3.507191896,2.559707165
15:04:40,2.562159061,3.506301165,2.5596416
15:04:40,2.561079979,3.506455183,2.558656931
15:04:40,2.559945583,3.504629135,2.558489084
15:04:40,2.560052156,3.503714323,2.558171511
15:04:40,2.560618877,3.503587008,2.558684587
15:04:40,2.560156345,3.503759861,2.559165716
15:04:40,2.56069088,3.504679918,2.558595419
15:04:40,2.560752392,3.505383253,2.55944562
15:04:40,2.561326981,3.50475955,2.560041666
15:04:40,2.562822819,3.507163286,2.561976194
15:04:41,2.561164141,3.505907059,2.559605837
15:04:41,2.562453508,3.5049963,2.558898687
15:04:41,2.560581684,3.503385305,2.558242083
15:04:41,2.560423374,3.504195213,2.558931351
15:04:41,2.562010288,3.504490137,2.559179306
15:04:41,2.561933279,3.504873037,2.559646845
15:04:41,2.562209368,3.504843712,2.559474468
15:04:41,2.561689854,3.504392147,2.558369875
15:04:41,2.560055971,3.504493475,2.559467554
15:04:41,2.560794592,3.504422665,2.559556246
15:04:41,2.560972452,3.505154371,2.559036016
15:04:41,2.560544729,3.505287647,2.561665297
15:04:41,2.561169624,3.506194353,2.559927464
15:04:41,2.561516285,3.506416082,2.559719801
15:04:41,2.562165737,3.507786989,2.560378313
15:04:41,2.562081575,3.508022308,2.559265375
15:04:41,2.561908722,3.508845806,2.558781385
15:04:41,2.562218428,3.508323908,2.55926466
15:04:41,2.561758518,3.509254932,2.559725523
15:04:41,2.561720848,3.508631945,2.559010744
15:04:41,2.562291145,3.509449244,2.560905457
15:04:41,2.562144279,3.51017046,2.559754133
15:04:41,2.560528517,3.508392334,2.557791233
15:04:41,2.560527563,3.508254766,2.55886054
15:04:41,2.561023235,3.508478642,2.558393717
15:04:41,2.560738325,3.509722948,2.558369398
15:04:41,2.560189009,3.508889437,2.558765411
15:04:41,2.560200453,3.508566618,2.558065653
15:04:41,2.559217453,3.507974148,2.558028221
15:04:41,2.560818672,3.508261919,2.558354139
15:04:41,2.56022048,3.50755167,2.558145761
15:04:41,2.560311794,3.507994175,2.558967113
15:04:41,2.561411619,3.506886005,2.558659554
15:04:41,2.560680389,3.506915331,2.558196545
15:04:41,2.56051302,3.507033348,2.557132483
15:04:41,2.559883356,3.505169868,2.559071541
15:04:41,2.560302019,3.506133795,2.559310913
15:04:41,2.560115576,3.505309582,2.557693243
15:04:41,2.560160875,3.504925013,2.558332205
15:04:41,2.560379028,3.505101681,2.557453871
15:04:41,2.560526371,3.50452733,2.558648586
15:04:41,2.559835196,3.503892183,2.559455395
15:04:41,2.560879946,3.505311966,2.557788134
15:04:41,2.560858011,3.504957199,2.558252811
15:04:41,2.560492754,3.504957914,2.559170723
15:04:41,2.561322689,3.504716635,2.559824944
15:04:41,2.56163764,3.505162001,2.558836699
15:04:41,2.560277939,3.504194498,2.560194492
15:04:41,2.560952663,3.503999472,2.559847593
15:04:41,2.560799122,3.503256321,2.558757305
15:04:41,2.56155777,3.505955458,2.560082197
15:04:41,2.56265974,3.505833387,2.559403658
15:04:41,2.562286377,3.505149126,2.559699059
15:04:41,2.562813759,3.507223845,2.561214924
15:04:41,2.563258886,3.507002354,2.55960989
15:04:41,2.5606637,3.505154848,2.559021473
15:04:41,2.560368299,3.505898714,2.559008837
15:04:41,2.560715199,3.505166769,2.558879614
15:04:41,2.562022209,3.504699469,2.558915615
15:04:41,2.561269045,3.504183531,2.558036089
15:04:41,2.55997014,3.505625963,2.559314966
15:04:41,2.561131477,3.505531549,2.559667349
15:04:41,2.561589479,3.505795479,2.558416843
15:04:41,2.561970711,3.505803347,2.558849335
15:04:41,2.56043458,3.506200075,2.558401346
15:04:41,2.561222792,3.507122755,2.559839249
15:04:41,2.560921907,3.507777691,2.558795691
15:04:41,2.561418295,3.507692337,2.560238123
15:04:41,2.561262369,3.507817984,2.559470892
15:04:41,2.560626745,3.506949425,2.559557676
15:04:41,2.561149836,3.507324219,2.5586133
15:04:41,2.561058283,3.508257866,2.559482813
15:04:41,2.560382366,3.508077145,2.559858561
15:04:41,2.560720682,3.506926298,2.557982206
15:04:41,2.560601711,3.507426739,2.559049129
15:04:41,2.561367989,3.508309364,2.560271502
15:04:41,2.561260462,3.508327723,2.559813499
15:04:41,2.560953617,3.508047819,2.559526443
15:04:41,2.56175065,3.508467436,2.559164047
15:04:41,2.561290264,3.508282661,2.558539152
15:04:41,2.561310053,3.507728815,2.558013916
15:04:41,2.561206818,3.50901413,2.55919528
15:04:41,2.561624527,3.508429527,2.558480263
15:04:41,2.561436892,3.507749081,2.558975697
15:04:41,2.562479496,3.509200096,2.560126543
15:04:41,2.561773777,3.508703709,2.558633089
15:04:41,2.561516762,3.508972406,2.559333324
15:04:41,2.562009096,3.508120298,2.557692051
15:04:41,2.561369896,3.508278847,2.560576677
15:04:41,2.562261343,3.508268356,2.559461832
15:04:41,2.561767101,3.508666992,2.559919357
15:04:41,2.562974215,3.50733757,2.559896946
15:04:41,2.562399387,3.507700205,2.56030035
15:04:41,2.561120987,3.507058144,2.559550285
15:04:41,2.562285185,3.506896973,2.559557676
15:04:41,2.562001705,3.507665396,2.559485674
15:04:41,2.562427282,3.506976604,2.560296297
15:04:41,2.562931299,3.507418394,2.56059742
15:04:41,2.562218428,3.506741524,2.560455084
15:04:41,2.562014341,3.506810188,2.559422731
15:04:41,2.562641144,3.506540775,2.560019493
15:04:41,2.562078953,3.506546497,2.560378313
15:04:41,2.56196475,3.506243944,2.560460806
15:04:41,2.561985731,3.50842905,2.561761856
15:04:41,2.562137127,3.507668018,2.559478998
15:04:41,2.562078953,3.507092714,2.56029892
15:04:41,2.562446356,3.507517576,2.55764842
15:04:41,2.562079668,3.507431984,2.558927536
15:04:41,2.561900139,3.507256031,2.559760571
15:04:41,2.562056541,3.50761342,2.559664726
15:04:41,2.562026739,3.507688284,2.560484171
15:04:41,2.562550306,3.508299589,2.561053753
15:04:41,2.562860727,3.507525206,2.558840036
15:04:41,2.562442541,3.50863266,2.559801579
15:04:41,2.561453342,3.508406878,2.559978247
15:04:41,2.561828613,3.508036852,2.56068182
15:04:42,2.560869455,3.508301497,2.559525967
15:04:42,2.561553478,3.508216619,2.560003996
15:04:42,2.56162405,3.507861853,2.559038639
15:04:42,2.561668158,3.50755167,2.559759855
15:04:42,2.561270237,3.507426023,2.560107231
15:04:42,2.56163764,3.507489443,2.561376333
15:04:42,2.562720537,3.508538485,2.560034275
15:04:42,2.562194586,3.50858736,2.560660839
15:04:42,2.562024832,3.508538485,2.560389519
15:04:42,2.562064648,3.508937359,2.560325384
15:04:42,2.560963631,3.506718874,2.560617685
15:04:42,2.561282158,3.507203102,2.560151577
15:04:42,2.561371565,3.507037163,2.559895515
15:04:42,2.562505245,3.508417368,2.561072111
15:04:42,2.561602592,3.507593632,2.55946517
15:04:42,2.562141657,3.508441448,2.560865164
15:04:42,2.561521769,3.507484674,2.558732033
15:04:42,2.561724424,3.506187201,2.559207201
15:04:42,2.5615623,3.506426573,2.559420109
15:04:42,2.560917377,3.506213903,2.558349848
15:04:42,2.560943127,3.506128311,2.558579445
15:04:42,2.560968161,3.505372286,2.558899403
15:04:42,2.560855627,3.506317854,2.558693886
15:04:42,2.560700178,3.506350756,2.560084105
15:04:42,2.561663628,3.50671649,2.559648275
15:04:42,2.561240673,3.507404566,2.560721636
15:04:42,2.561439276,3.506887197,2.559605837
15:04:42,2.561695337,3.507106543,2.560086012
15:04:42,2.56166935,3.507595062,2.560081482
15:04:42,2.561648369,3.506928205,2.559018135
15:04:42,2.5608356,3.50772047,2.55992198
15:04:42,2.562155008,3.507186413,2.560663462
15:04:42,2.562308073,3.507137775,2.559800386
15:04:42,2.561767101,3.506959677,2.559636831
15:04:42,2.56373024,3.50767231,2.559723616
15:04:42,2.562222481,3.508557558,2.560101271
15:04:42,2.562360525,3.509134054,2.560141563
15:04:42,2.562246799,3.508841276,2.560323
15:04:42,2.562591791,3.508386612,2.560282946
15:04:42,2.562007666,3.508896351,2.559090137
15:04:42,2.562629223,3.508768082,2.559236288
15:04:42,2.562193871,3.507873058,2.55994916
15:04:42,2.562037945,3.50863719,2.560386181
15:04:42,2.562506437,3.508276463,2.56105566
15:04:42,2.562139273,3.508101463,2.559531212
15:04:42,2.561732769,3.508020639,2.559078932
15:04:42,2.562330723,3.507347345,2.559984922
15:04:42,2.561982155,3.507573128,2.560835838
15:04:42,2.562681675,3.508473873,2.560242176
15:04:42,2.562623501,3.508441925,2.559384108
15:04:42,2.562325001,3.507548094,2.559516907
15:04:42,2.562712669,3.507578373,2.56012392
15:04:42,2.562308073,3.509436369,2.561486721
15:04:42,2.562785864,3.508202553,2.560420752
15:04:42,2.562450886,3.508436918,2.560330629
15:04:42,2.562886953,3.509124279,2.561110258
15:04:42,2.562978268,3.507783175,2.560931921
15:04:42,2.563144684,3.508028984,2.560693741
15:04:42,2.562631369,3.508125305,2.561985493
15:04:42,2.563126087,3.50779295,2.560540438
15:04:42,2.561445475,3.507149935,2.561358929
15:04:42,2.561911106,3.505916357,2.558870554
15:04:42,2.561794996,3.507317781,2.560306072
15:04:42,2.562426567,3.507780313,2.561108589
15:04:42,2.562100649,3.50678277,2.560804844
15:04:42,2.562001228,3.50713706,2.561848402
15:04:42,2.561939001,3.506950617,2.560753345
15:04:42,2.561430931,3.507648468,2.559586763
15:04:42,2.561808825,3.50673604,2.559594631
15:04:42,2.561784983,3.506981611,2.560128212
15:04:42,2.5621562,3.507090092,2.560163498
15:04:42,2.56059432,3.507565022,2.560561657
15:04:42,2.561690569,3.508763552,2.559430838
15:04:42,2.56182313,3.507679224,2.560207844
15:04:42,2.561666012,3.508428335,2.561412573
15:04:42,2.561332464,3.507579565,2.559867382
15:04:42,2.561737061,3.508774042,2.560349941
15:04:42,2.561009884,3.507949591,2.559563398
15:04:42,2.56102252,3.508102894,2.559735298
15:04:42,2.561139584,3.508522749,2.559134483
15:04:42,2.562387705,3.508744717,2.55943203
15:04:42,2.562491179,3.510340452,2.561000586
15:04:42,2.561917782,3.509985685,2.56091404
15:04:42,2.562497139,3.509967566,2.560789585
15:04:42,2.562420368,3.508249521,2.560619831
15:04:42,2.562708616,3.508787632,2.560082197
15:04:42,2.562752962,3.508406162,2.560691833
15:04:42,2.560735941,3.507181644,2.559651136
15:04:42,2.560652018,3.507089615,2.558599949
15:04:42,2.561517477,3.506555557,2.559365034
15:04:42,2.560791254,3.50635004,2.558926821
15:04:42,2.562062502,3.506048918,2.558307886
15:04:42,2.561510801,3.506424427,2.559313536
15:04:42,2.562250853,3.506515265,2.560278654
15:04:42,2.561653614,3.505858421,2.558511496
15:04:42,2.561031818,3.505468845,2.558391333
15:04:42,2.561451197,3.505064249,2.559387684
15:04:42,2.561374664,3.50525856,2.559815645
15:04:42,2.560472965,3.504069805,2.558469057
15:04:42,2.560225964,3.504002094,2.55802393
15:04:42,2.561141491,3.504430771,2.557287931
15:04:42,2.560764313,3.504680634,2.558702469
15:04:42,2.560391665,3.504297018,2.559498072
15:04:42,2.560794592,3.504161119,2.560147524
15:04:42,2.560553551,3.504978657,2.560111046
15:04:42,2.56187892,3.506861687,2.559402227
15:04:42,2.562632084,3.505298615,2.559351444
15:04:42,2.562040091,3.506248951,2.56081605
15:04:42,2.562976837,3.507817984,2.560851097
15:04:42,2.562081575,3.507421017,2.559955597
15:04:42,2.561905146,3.507157326,2.560288906
15:04:42,2.561628342,3.506284952,2.560470819
15:04:42,2.561968565,3.50630188,2.559548855
15:04:42,2.563065529,3.507319689,2.561333895
15:04:42,2.561409712,3.506286383,2.560345888
15:04:42,2.562634706,3.50790453,2.560348511
15:04:42,2.560407162,3.505897999,2.559293509
15:04:42,2.561779499,3.506037474,2.559594631
15:04:42,2.561262846,3.506718159,2.559742928
15:04:43,2.560996771,3.506206751,2.560889721
15:04:43,2.562197447,3.508158684,2.560803652
15:04:43,2.562094688,3.508191586,2.560533762
15:04:43,2.562602997,3.508982182,2.561877728
15:04:43,2.56298089,3.508887768,2.560706139
15:04:43,2.562369585,3.508897543,2.561001301
15:04:43,2.5625,3.509457827,2.56157732
15:04:43,2.562505245,3.509436369,2.560660839
15:04:43,2.561766624,3.509677172,2.559982777
15:04:43,2.562238932,3.508995295,2.560340643
15:04:43,2.562532425,3.509508848,2.559995413
15:04:43,2.562088966,3.509074926,2.560892344
15:04:43,2.562362432,3.508832932,2.560564041
15:04:43,2.561938286,3.50881052,2.560362577
15:04:43,2.562385082,3.507458925,2.560162067
15:04:43,2.561359644,3.506559134,2.559267282
15:04:43,2.561902046,3.507597685,2.559888363
15:04:43,2.560715199,3.506713629,2.558067083
15:04:43,2.560804367,3.507319689,2.55802393
15:04:43,2.561400414,3.5068748,2.559525251
15:04:43,2.559814215,3.505420685,2.558175564
15:04:43,2.56135726,3.505407333,2.559267998
15:04:43,2.560153008,3.505257368,2.558043242
15:04:43,2.562039375,3.506842136,2.559688091
15:04:43,2.562333345,3.507548094,2.559686422
15:04:43,2.562166929,3.50645256,2.559807539
15:04:43,2.562252998,3.505842447,2.55970192
15:04:43,2.561664104,3.506225109,2.559353113
15:04:43,2.562443733,3.506370306,2.560873747
15:04:43,2.56236124,3.505791664,2.560015917
15:04:43,2.562342644,3.506111383,2.560361862
15:04:43,2.562193871,3.505749226,2.559820652
15:04:43,2.562106848,3.50532794,2.560441732
15:04:43,2.562214375,3.506401777,2.559849262
15:04:43,2.562511444,3.506555557,2.560656548
15:04:43,2.561607838,3.506962776,2.559273958
15:04:43,2.561482906,3.506109476,2.560395002
15:04:43,2.562143087,3.507297516,2.559512615
15:04:43,2.562036753,3.507828474,2.560821295
15:04:43,2.562130451,3.507658243,2.560559511
15:04:43,2.56257844,3.508949041,2.559656858
15:04:43,2.562116146,3.508151054,2.560940981
15:04:43,2.561968565,3.50875783,2.561403513
15:04:43,2.562828302,3.50925827,2.560477018
15:04:43,2.561993837,3.508687973,2.560458899
15:04:43,2.561903238,3.508156776,2.55980587
15:04:43,2.560718536,3.508315563,2.559915543
15:04:43,2.561828613,3.508151531,2.559807539
15:04:43,2.562563419,3.509013414,2.558875084
15:04:43,2.560996056,3.507921219,2.558312416
15:04:43,2.560838938,3.508437395,2.558189392
15:04:43,2.560192585,3.507856846,2.559212446
15:04:43,2.563153267,3.509357214,2.559516191
15:04:43,2.561467886,3.509665966,2.559605122
15:04:43,2.562876463,3.509814262,2.560575962
15:04:43,2.562397718,3.509632587,2.560317516
15:04:43,2.562353373,3.509356737,2.560941935
15:04:43,2.562663794,3.509469032,2.560722351
15:04:43,2.561979294,3.508147001,2.55972743
15:04:43,2.562906027,3.50854516,2.559916735
15:04:43,2.561331034,3.507044315,2.558721066
15:04:43,2.562563419,3.507773399,2.560605764
15:04:43,2.56199193,3.508321285,2.560870409
15:04:43,2.561515331,3.507103205,2.56035924
15:04:43,2.561978579,3.506794453,2.559726954
15:04:43,2.561828613,3.507429361,2.559742928
15:04:43,2.561813354,3.506701231,2.561108112
15:04:43,2.562318087,3.506125212,2.560232639
15:04:43,2.561962605,3.506311655,2.560143709
15:04:43,2.561799765,3.505763769,2.560013533
15:04:43,2.5627985,3.505956888,2.561289072
15:04:43,2.562692165,3.506339312,2.558949232
15:04:43,2.561545134,3.505105495,2.559954405
15:04:43,2.561418295,3.504149437,2.559316874
15:04:43,2.561451912,3.504901171,2.558734179
15:04:43,2.561007977,3.503908157,2.559873104
15:04:43,2.561426163,3.503706455,2.558888435
15:04:43,2.563097239,3.505956173,2.560212851
15:04:43,2.561940432,3.505459547,2.56028223
15:04:43,2.561475039,3.505227804,2.560399294
15:04:43,2.562074423,3.505380869,2.558269262
15:04:43,2.56134057,3.505736351,2.560256004
15:04:43,2.561526537,3.506171465,2.560390949
15:04:43,2.561516762,3.505911112,2.55927062
15:04:43,2.562001705,3.507298708,2.559212446
15:04:43,2.561779499,3.507676601,2.560570955
15:04:43,2.56139183,3.506243944,2.560260773
15:04:43,2.561641693,3.507125854,2.560347319
15:04:43,2.561787844,3.507133245,2.559711933
15:04:43,2.561965227,3.508166552,2.559755564
15:04:43,2.562051296,3.507919788,2.559350252
15:04:43,2.561670065,3.508847713,2.560039043
15:04:43,2.562652588,3.509009838,2.55940032
15:04:43,2.562236309,3.509649754,2.560297728
15:04:43,2.560885668,3.506895065,2.559531689
15:04:43,2.560424566,3.507641315,2.558465719
15:04:43,2.560945988,3.508200645,2.558893681
15:04:43,2.560831547,3.507326841,2.560160875
15:04:43,2.561177969,3.509188414,2.558655024
15:04:43,2.562328815,3.51080513,2.561228752
15:04:43,2.563040257,3.510350227,2.561007261
15:04:43,2.562017441,3.509998798,2.560804129
15:04:43,2.562917471,3.509550571,2.56055212
15:04:43,2.562201262,3.509900808,2.559318066
15:04:43,2.561729431,3.509073496,2.559562206
15:04:43,2.562729597,3.509612083,2.559728861
15:04:43,2.561661482,3.508903265,2.559968233
15:04:43,2.562846661,3.509630919,2.55928874
15:04:43,2.561804056,3.508783817,2.560616493
15:04:43,2.563017845,3.508517027,2.560406208
15:04:43,2.560546875,3.505359173,2.558938742
15:04:43,2.560020208,3.505536556,2.560919285
15:04:43,2.56257987,3.506825209,2.559074879
15:04:43,2.561353683,3.506640434,2.560151577
15:04:43,2.562436581,3.5078547,2.559832096
15:04:44,2.56175971,3.506350756,2.560082912
15:04:44,2.561961412,3.507323742,2.560622692
15:04:44,2.562484026,3.506331921,2.559755564
15:04:44,2.560905695,3.50356245,2.557988167
15:04:44,2.561370611,3.505091667,2.558878422
15:04:44,2.561458588,3.50465703,2.558661461
15:04:44,2.56140399,3.505305767,2.558794975
15:04:44,2.560887337,3.504765987,2.558141232
15:04:44,2.561716795,3.505435228,2.559182644
15:04:44,2.560913563,3.505090952,2.558751583
15:04:44,2.561487198,3.504572153,2.559135675
15:04:44,2.562229633,3.506222963,2.560647488
15:04:44,2.561532497,3.505357742,2.560562134
15:04:44,2.562282562,3.506716967,2.560128927
15:04:44,2.5623281,3.506202698,2.559021473
15:04:44,2.561365604,3.504152775,2.558541775
15:04:44,2.560951948,3.504566908,2.558242083
15:04:44,2.561112404,3.504912615,2.558307171
15:04:44,2.561119795,3.505893469,2.558215618
15:04:44,2.56075573,3.505568027,2.559839249
15:04:44,2.561439991,3.503926992,2.558707237
15:04:44,2.561728716,3.507503033,2.560009956
15:04:44,2.562124491,3.508019209,2.559267998
15:04:44,2.562562704,3.508474588,2.559672117
15:04:44,2.562904835,3.50833106,2.559621811
15:04:44,2.562423229,3.508916378,2.56095314
15:04:44,2.562207699,3.509666681,2.559762001
15:04:44,2.562782049,3.509025097,2.560374498
15:04:44,2.562200546,3.508930445,2.56058073
15:04:44,2.562471867,3.509356022,2.559215307
15:04:44,2.562303782,3.509649754,2.560374975
15:04:44,2.562026501,3.508568525,2.560591459
15:04:44,2.562131166,3.507807732,2.55944109
15:04:44,2.561120987,3.50834012,2.560288906
15:04:44,2.561761141,3.508828163,2.559742212
15:04:44,2.562372446,3.509377003,2.558679581
15:04:44,2.562226295,3.509051323,2.561242104
15:04:44,2.562805653,3.50925231,2.559700727
15:04:44,2.562019348,3.509028673,2.55944562
15:04:44,2.561872721,3.509184122,2.559024572
15:04:44,2.561468601,3.507772446,2.558854103
15:04:44,2.562517166,3.508492708,2.560771942
15:04:44,2.560176373,3.506192923,2.558478355
15:04:44,2.561212063,3.505877256,2.558911324
15:04:44,2.561118126,3.505514383,2.558059931
15:04:44,2.560419321,3.507085323,2.55936718
15:04:44,2.562543154,3.507389069,2.559794426
15:04:44,2.56193614,3.506386042,2.559841394
15:04:44,2.562880993,3.507439375,2.561110258
15:04:44,2.562526941,3.506594181,2.560978889
15:04:44,2.561763287,3.506298304,2.559736013
15:04:44,2.56304431,3.505440712,2.559420824
15:04:44,2.561000824,3.504025221,2.559765816
15:04:44,2.560738325,3.504625797,2.557981014
15:04:44,2.560691357,3.504048347,2.559207916
15:04:44,2.561230659,3.503641129,2.558532
15:04:44,2.560934544,3.503718138,2.558717251
15:04:44,2.562824726,3.505702257,2.560687065
15:04:44,2.562331438,3.505605698,2.559363842
15:04:44,2.5626266,3.506325245,2.560526609
15:04:44,2.56265974,3.505395651,2.560078621
15:04:44,2.561923265,3.506860971,2.560364008
15:04:44,2.562733173,3.50618577,2.559408903
15:04:44,2.563013077,3.507443666,2.559666634
15:04:44,2.562865973,3.50690937,2.559987307
15:04:44,2.562679529,3.506738901,2.560312986
15:04:44,2.561410427,3.507657766,2.559747934
15:04:44,2.56293273,3.507959366,2.561331272
15:04:44,2.563477039,3.508948326,2.561038256
15:04:44,2.562729597,3.508464098,2.559550285
15:04:44,2.562116861,3.50925827,2.558814287
15:04:44,2.561616421,3.508081436,2.559894323
15:04:44,2.561298847,3.506716967,2.558599472
15:04:44,2.560533524,3.506402969,2.558528662
15:04:44,2.561386585,3.50723362,2.559254646
15:04:44,2.560309649,3.507674217,2.557844639
15:04:44,2.560698748,3.508050442,2.558809042
15:04:44,2.562128067,3.509472847,2.56006813
15:04:44,2.563098669,3.510466099,2.559258938
15:04:44,2.563513994,3.510521412,2.56092453
15:04:44,2.561877489,3.508802891,2.558702946
15:04:44,2.561880112,3.50686574,2.559129715
15:04:44,2.561355591,3.507605314,2.559735298
15:04:44,2.561532497,3.507075071,2.55829525
15:04:44,2.560873747,3.507716894,2.559236288
15:04:44,2.562160492,3.508197308,2.559653521
15:04:44,2.561856508,3.508621454,2.560035706
15:04:44,2.562945366,3.509104252,2.560217857
15:04:44,2.562533379,3.508413315,2.560584784
15:04:44,2.561532497,3.508603096,2.560172558
15:04:44,2.562032938,3.508314848,2.560383797
15:04:44,2.561800241,3.507320404,2.559497118
15:04:44,2.562368393,3.508381128,2.561023235
15:04:44,2.562128782,3.509121418,2.560137272
15:04:44,2.561452627,3.509224415,2.561519861
15:04:44,2.562287807,3.508187532,2.560611248
15:04:44,2.561948776,3.507088184,2.559605122
15:04:44,2.561519384,3.507418871,2.559326887
15:04:44,2.56235528,3.507667542,2.560552835
15:04:44,2.562016726,3.507929087,2.560388327
15:04:44,2.562737942,3.507866144,2.560852528
15:04:44,2.562824726,3.508116484,2.559363842
15:04:44,2.562714577,3.508170605,2.55979681
15:04:44,2.562685013,3.50770998,2.560080051
15:04:44,2.562048435,3.506464958,2.559293032
15:04:44,2.562440872,3.506881237,2.559310436
15:04:44,2.562459707,3.506929159,2.560662031
15:04:44,2.561541796,3.507951975,2.55864501
15:04:44,2.561885357,3.508067369,2.560611248
15:04:44,2.562170267,3.508880377,2.559777021
15:04:44,2.561568975,3.508094788,2.560150862
15:04:44,2.562005043,3.508010864,2.560090542
15:04:44,2.561634302,3.506164312,2.558434725
15:04:44,2.561742783,3.504820824,2.55833149
15:04:44,2.56021595,3.504846334,2.559344769
15:04:44,2.559981346,3.505064964,2.559822083
15:04:44,2.560117245,3.505330324,2.558459997
15:04:44,2.559710503,3.504124641,2.558303595
15:04:44,2.561985254,3.507584572,2.559614658
15:04:45,2.561579704,3.507031679,2.559839964
15:04:45,2.561905861,3.507797956,2.560087442
15:04:45,2.562932014,3.506979942,2.560103893
15:04:45,2.561884165,3.506232738,2.559957981
15:04:45,2.56341362,3.50701642,2.560076714
15:04:45,2.562212467,3.507341146,2.559289217
15:04:45,2.562285662,3.507455349,2.560599327
15:04:45,2.56189394,3.50652504,2.560024977
15:04:45,2.562344074,3.507564306,2.559892893
15:04:45,2.561888218,3.507351637,2.560245275
15:04:45,2.562291145,3.507305384,2.559849262
15:04:45,2.561996937,3.507411003,2.560221434
15:04:45,2.561527252,3.506979942,2.559284449
15:04:45,2.561388493,3.507565022,2.559243441
15:04:45,2.562117338,3.507650614,2.560377121
15:04:45,2.561963558,3.507308483,2.55932498
15:04:45,2.561059475,3.50514698,2.55857563
15:04:45,2.560893774,3.506125689,2.557849646
15:04:45,2.561595917,3.508503914,2.558766603
15:04:45,2.562498808,3.508327723,2.559107304
15:04:45,2.562667608,3.507442951,2.560039759
15:04:45,2.562918663,3.508256197,2.56057024
15:04:45,2.562685013,3.507935047,2.559364557
15:04:45,2.562406778,3.508222818,2.560729504
15:04:45,2.562268734,3.508098841,2.559464455
15:04:45,2.563004732,3.509008408,2.559215307
15:04:45,2.562694311,3.508497477,2.55940485
15:04:45,2.562346935,3.507565022,2.559411049
15:04:45,2.561180353,3.506931543,2.559674501
15:04:45,2.561115026,3.508021593,2.56003499
15:04:45,2.560529709,3.507679701,2.559690714
15:04:45,2.562266588,3.507909298,2.558633089
15:04:45,2.56319952,3.509670496,2.56001997
15:04:45,2.562055349,3.509908676,2.561089277
15:04:45,2.562811613,3.510317802,2.560791492
15:04:45,2.56262207,3.508842707,2.559503555
15:04:45,2.562240362,3.509803534,2.559220314
15:04:45,2.562232971,3.508609056,2.559814215
15:04:45,2.561173201,3.50775218,2.560408831
15:04:45,2.561044455,3.507362843,2.560036421
15:04:45,2.562519073,3.508960724,2.560506821
15:04:45,2.561254978,3.507881403,2.560012579
15:04:45,2.563070774,3.508289814,2.558669567
15:04:45,2.562209368,3.508909702,2.559084654
15:04:45,2.562706947,3.50707984,2.559313536
15:04:45,2.561421394,3.508344889,2.559619904
15:04:45,2.562275171,3.508633137,2.560869932
15:04:45,2.56203866,3.507503033,2.559287071
15:04:45,2.5625453,3.508192778,2.560395002
15:04:45,2.562834263,3.506705046,2.559022427
15:04:45,2.56211257,3.506953001,2.560058355
15:04:45,2.562659025,3.508188009,2.560199261
15:04:45,2.562030792,3.507816315,2.559855223
15:04:45,2.56262207,3.507416248,2.559535265
15:04:45,2.563280821,3.506833553,2.559482813
15:04:45,2.562093496,3.506333113,2.561095476
15:04:45,2.562680006,3.505237818,2.558465004
15:04:45,2.560765505,3.504832745,2.558989763
15:04:45,2.560782671,3.503979921,2.557332277
15:04:45,2.560323477,3.504412889,2.558750868
15:04:45,2.561994553,3.506925106,2.559880257
15:04:45,2.562119246,3.506491899,2.560360432
15:04:45,2.56210351,3.504977465,2.558526516
15:04:45,2.560460329,3.504670858,2.55884409
15:04:45,2.560899734,3.504972935,2.557465792
15:04:45,2.560453176,3.504702806,2.557899714
15:04:45,2.561062098,3.505963087,2.559402943
15:04:45,2.562179565,3.5075109,2.559870958
15:04:45,2.561751366,3.506839514,2.558796406
15:04:45,2.561545134,3.50712204,2.560688496
15:04:45,2.561454773,3.507097244,2.560563564
15:04:45,2.561943531,3.507179499,2.559248209
15:04:45,2.562556744,3.508592129,2.559165716
15:04:45,2.562509775,3.508470297,2.559985399
15:04:45,2.562495232,3.508742809,2.559928179
15:04:45,2.562154293,3.508247614,2.559070826
15:04:45,2.561999083,3.508195162,2.560551405
15:04:45,2.560958385,3.506692171,2.559485674
15:04:45,2.562753677,3.508589506,2.560285807
15:04:45,2.562286377,3.509414673,2.560839415
15:04:45,2.562556744,3.509623528,2.560039043
15:04:45,2.562628508,3.509518147,2.560084105
15:04:45,2.561707735,3.510186672,2.559371948
15:04:45,2.562030077,3.509191036,2.55936718
15:04:45,2.562387705,3.509169579,2.559892178
15:04:45,2.562694311,3.509566784,2.559646845
15:04:45,2.560709953,3.507104874,2.559443951
15:04:45,2.560577869,3.507138968,2.558475494
15:04:45,2.562974215,3.508421659,2.560311556
15:04:45,2.562906742,3.509110928,2.560316801
15:04:45,2.562285662,3.509188414,2.560961008
15:04:45,2.562961817,3.509509563,2.560709
15:04:45,2.562701464,3.508973837,2.560439825
15:04:45,2.561938286,3.50794816,2.559033155
15:04:45,2.561869621,3.506860256,2.559693575
15:04:45,2.561419487,3.505876541,2.558244467
15:04:45,2.561277628,3.506242752,2.558925629
15:04:45,2.560972929,3.506009579,2.559371948
15:04:45,2.562821627,3.507285357,2.560396671
15:04:45,2.562632084,3.506594181,2.559286356
15:04:45,2.561861515,3.505950451,2.558891058
15:04:45,2.561602116,3.506116629,2.559254646
15:04:45,2.561457396,3.506431103,2.558303118
15:04:45,2.562232256,3.506013393,2.559474468
15:04:45,2.56147027,3.505826473,2.559092283
15:04:45,2.561370611,3.505818605,2.559396744
15:04:45,2.560826302,3.505939245,2.559420824
15:04:45,2.560697317,3.505055666,2.558686733
15:04:45,2.561716318,3.504220724,2.558318853
15:04:45,2.56218195,3.50713706,2.561216116
15:04:45,2.562232256,3.506376982,2.56099987
15:04:45,2.561866999,3.506850481,2.559781313
15:04:45,2.562437773,3.508156776,2.561000586
15:04:45,2.56250906,3.507530451,2.560153484
15:04:45,2.562165737,3.507600307,2.559164047
15:04:45,2.561830282,3.507441759,2.560524464
15:04:46,2.562420368,3.50785923,2.562233448
15:04:46,2.563709021,3.507351637,2.560652018
15:04:46,2.562269211,3.508323908,2.561247826
15:04:46,2.563052416,3.508925438,2.56064105
15:04:46,2.561877489,3.508355856,2.560294867
15:04:46,2.562480927,3.509353638,2.560874939
15:04:46,2.562629223,3.508539915,2.559867382
15:04:46,2.56119585,3.508444548,2.559838533
15:04:46,2.56184721,3.509633303,2.559812307
15:04:46,2.56148982,3.508862734,2.559057713
15:04:46,2.561747789,3.506911993,2.558064222
15:04:46,2.560414791,3.505888939,2.558363914
15:04:46,2.560003042,3.506841421,2.558941841
15:04:46,2.560380936,3.506778717,2.558386564
15:04:46,2.56048274,3.507421017,2.557198048
15:04:46,2.560883045,3.507128477,2.558438063
15:04:46,2.559942007,3.507794857,2.558003664
15:04:46,2.561466694,3.508014679,2.558834314
15:04:46,2.561533213,3.507138252,2.558499336
15:04:46,2.561320543,3.508064747,2.559279919
15:04:46,2.55983448,3.507879496,2.558764458
15:04:46,2.561582804,3.506723404,2.557813644
15:04:46,2.560154438,3.507297516,2.559648991
15:04:46,2.560895681,3.50710392,2.558560371
15:04:46,2.561441422,3.508161306,2.559731722
15:04:46,2.562482595,3.509780884,2.560065031
15:04:46,2.562995672,3.508597851,2.559947252
15:04:46,2.561573505,3.508836746,2.560530424
15:04:46,2.562362432,3.508493423,2.559908152
15:04:46,2.562068939,3.508908987,2.560779572
15:04:46,2.562496424,3.50809288,2.559904099
15:04:46,2.562694311,3.507081032,2.559951067
15:04:46,2.562322378,3.507193327,2.560448885
15:04:46,2.562495947,3.507374763,2.561215639
15:04:46,2.561841011,3.508734465,2.560523272
15:04:46,2.561247349,3.507513523,2.559556246
15:04:46,2.562555313,3.50722909,2.559452534
15:04:46,2.562026739,3.50407958,2.559093475
15:04:46,2.560884953,3.506375074,2.560133696
15:04:46,2.562252998,3.506767273,2.559566259
15:04:46,2.562170982,3.505933285,2.559877634
15:04:46,2.562201262,3.507917404,2.560159206
15:04:46,2.562166929,3.507182837,2.558994293
15:04:46,2.562445641,3.507625103,2.560270548
15:04:46,2.561727047,3.507331371,2.561184406
15:04:46,2.562726021,3.506673813,2.560755253
15:04:46,2.56221056,3.505378008,2.558562279
15:04:46,2.561237335,3.505295038,2.558817625
15:04:46,2.561506271,3.50545764,2.558876991
15:04:46,2.562277079,3.507152319,2.559397459
15:04:46,2.560881853,3.505529642,2.558305264
15:04:46,2.561330557,3.504818916,2.558351994
15:04:46,2.561876774,3.50604105,2.559100628
15:04:46,2.561332464,3.506976604,2.559435368
15:04:46,2.562806606,3.509157658,2.561661959
15:04:46,2.563040972,3.508947134,2.560256004
15:04:46,2.561874151,3.508408785,2.55967021
15:04:46,2.562501669,3.508975029,2.558582783
15:04:46,2.562470198,3.508569241,2.560675144
15:04:46,2.562193871,3.507492542,2.560118437
15:04:46,2.561912775,3.506234884,2.557495594
15:04:46,2.56141758,3.505979538,2.558102131
15:04:46,2.560825109,3.506450176,2.558274746
15:04:46,2.561602116,3.506497145,2.559024572
15:04:46,2.561497688,3.507102489,2.558294535
15:04:46,2.560831547,3.507240057,2.558493614
15:04:46,2.560983658,3.507956505,2.561264515
15:04:46,2.562462807,3.509166241,2.559693575
15:04:46,2.56156826,3.508725166,2.559864998
15:04:46,2.561842918,3.507849455,2.558301687
15:04:46,2.561912775,3.508459806,2.559607983
15:04:46,2.562238932,3.508443356,2.56002593
15:04:46,2.562560081,3.508825064,2.560512543
15:04:46,2.562445641,3.508717299,2.560503244
15:04:46,2.562739611,3.509207964,2.560714483
15:04:46,2.563058376,3.509433746,2.559137583
15:04:46,2.563228846,3.508528233,2.560542345
15:04:46,2.562992096,3.506582499,2.557929516
15:04:46,2.560321093,3.505181551,2.556970596
15:04:46,2.560872316,3.507177353,2.5588696
15:04:46,2.561545849,3.506964684,2.55961585
15:04:46,2.562581301,3.506609201,2.557771206
15:04:46,2.562788725,3.50715971,2.558376551
15:04:46,2.560887337,3.506471634,2.558354139
15:04:46,2.561246634,3.505112648,2.558344126
15:04:46,2.560822964,3.506543875,2.56002593
15:04:46,2.562102079,3.505730152,2.558913708
15:04:46,2.561359644,3.506169558,2.558386564
15:04:46,2.561353683,3.507199049,2.558443069
15:04:46,2.560587168,3.506644726,2.559488773
15:04:46,2.561315298,3.505322456,2.559272528
15:04:46,2.561687231,3.507341146,2.559470177
15:04:46,2.561688423,3.506085873,2.559090137
15:04:46,2.560248137,3.505493164,2.55919528
15:04:46,2.560781479,3.507073164,2.558769941
15:04:46,2.56088233,3.506658077,2.558835506
15:04:46,2.561342478,3.507469416,2.560223579
15:04:46,2.561253071,3.507496595,2.560072184
15:04:46,2.560853243,3.506695986,2.560705185
15:04:46,2.561849117,3.506978035,2.559379578
15:04:46,2.561298132,3.50639987,2.558264017
15:04:46,2.561732292,3.507800579,2.558448553
15:04:46,2.561399698,3.507060289,2.559271812
15:04:46,2.56148839,3.506695509,2.558907747
15:04:46,2.562476873,3.507490158,2.559941292
15:04:46,2.560816288,3.506557465,2.559365034
15:04:46,2.561994553,3.50772357,2.558857918
15:04:46,2.562006235,3.507138968,2.560314894
15:04:46,2.561253071,3.50621438,2.55843401
15:04:46,2.561896563,3.506313562,2.559449196
15:04:46,2.562579155,3.507679701,2.558989048
15:04:46,2.562305212,3.506602049,2.559468985
15:04:46,2.5613451,3.507048368,2.560011864
15:04:46,2.56243968,3.507078409,2.559474468
15:04:46,2.56206727,3.508085728,2.558369875
15:04:46,2.561446905,3.507099867,2.557862759
15:04:46,2.561329842,3.50711298,2.55847311
15:04:46,2.561282158,3.506634951,2.559305668
15:04:46,2.561046839,3.505227327,2.558333397
15:04:47,2.560747385,3.506390333,2.559720278
15:04:47,2.562656641,3.507949591,2.559879303
15:04:47,2.562478065,3.508243084,2.560137272
15:04:47,2.562506437,3.508642435,2.560288906
15:04:47,2.562005758,3.507853508,2.559021711
15:04:47,2.561367273,3.507109642,2.558859825
15:04:47,2.560686827,3.506778717,2.558399677
15:04:47,2.562706947,3.50787425,2.560378313
15:04:47,2.561445475,3.508253336,2.558190584
15:04:47,2.562733889,3.508084297,2.559185982
15:04:47,2.56285882,3.508219481,2.560214996
15:04:47,2.562678814,3.507649899,2.559839249
15:04:47,2.56261301,3.50865221,2.560261965
15:04:47,2.562734365,3.508664131,2.559290409
15:04:47,2.562009096,3.507559061,2.559892893
15:04:47,2.562206507,3.508536577,2.558219194
15:04:47,2.561326265,3.508037567,2.559002638
15:04:47,2.561578035,3.507907152,2.559987307
15:04:47,2.561544418,3.507848263,2.560408115
15:04:47,2.563304186,3.508308172,2.558381557
15:04:47,2.561215401,3.50595808,2.559632301
15:04:47,2.560685635,3.505687952,2.560045719
15:04:47,2.561204195,3.506103754,2.559004068
15:04:47,2.56170702,3.506973743,2.560253382
15:04:47,2.560626745,3.506917238,2.558721066
15:04:47,2.562235594,3.506970882,2.559560776
15:04:47,2.561336994,3.506242752,2.559391737
15:04:47,2.560540915,3.50509429,2.559098721
15:04:47,2.561002254,3.505583525,2.56031394
15:04:47,2.561063051,3.505988836,2.558030605
15:04:47,2.561511517,3.506781578,2.559076786
15:04:47,2.561207771,3.507338285,2.559309721
15:04:47,2.561598063,3.505980968,2.559487343
15:04:47,2.560933352,3.5072577,2.55905056
15:04:47,2.560890913,3.506326199,2.558643103
15:04:47,2.561747313,3.507188797,2.559369326
15:04:47,2.56174612,3.507111073,2.559799671
15:04:47,2.561697721,3.506459951,2.559552431
15:04:47,2.562406778,3.508687973,2.559660196
15:04:47,2.563230038,3.508763075,2.559962273
15:04:47,2.562285185,3.507336617,2.559043646
15:04:47,2.561818838,3.507661819,2.56094265
15:04:47,2.562369108,3.507906437,2.560380936
15:04:47,2.562116146,3.508052111,2.561025858
15:04:47,2.562118053,3.508050442,2.560895443
15:04:47,2.56313324,3.507266283,2.559903622
15:04:47,2.562934875,3.507377386,2.559734344
15:04:47,2.562087536,3.507955313,2.560441017
15:04:47,2.562384129,3.507181644,2.560834646
15:04:47,2.562425375,3.507379293,2.560012579
15:04:47,2.561977863,3.507791281,2.560896158
15:04:47,2.563120365,3.507794857,2.559175968
15:04:47,2.563257694,3.507408619,2.559860468
15:04:47,2.561523438,3.506985188,2.560828686
15:04:47,2.561306,3.507793665,2.559779882
15:04:47,2.562381506,3.507371902,2.558917999
15:04:47,2.562443018,3.508126974,2.559435368
15:04:47,2.561279058,3.507907629,2.559291124
15:04:47,2.561629057,3.50724411,2.559635639
15:04:47,2.562306166,3.507504463,2.560374498
15:04:47,2.562402725,3.507763386,2.560890198
15:04:47,2.561991215,3.508027077,2.560186148
15:04:47,2.562800169,3.509068251,2.559354544
15:04:47,2.562367678,3.5085361,2.558791161
15:04:47,2.560290575,3.507623196,2.558662891
15:04:47,2.561250448,3.507238865,2.557646275
15:04:47,2.560743093,3.507180929,2.559406757
15:04:47,2.560821056,3.507415771,2.560244799
15:04:47,2.56033206,3.507173061,2.557881832
15:04:47,2.561494827,3.506976128,2.559287071
15:04:47,2.562754869,3.50842762,2.560153484
15:04:47,2.562064648,3.508536577,2.560138941
15:04:47,2.562733173,3.508421659,2.559227228
15:04:47,2.561598778,3.507487535,2.558408976
15:04:47,2.560626745,3.505898714,2.557894468
15:04:47,2.560597897,3.506083488,2.557959795
15:04:47,2.561058283,3.506782293,2.558949232
15:04:47,2.561449289,3.506199598,2.558859348
15:04:47,2.561183214,3.507018328,2.560084105
15:04:47,2.562762976,3.506579399,2.558512688
15:04:47,2.56133461,3.506559849,2.558805704
15:04:47,2.561972618,3.50560689,2.560373783
15:04:47,2.560825825,3.505494118,2.558731794
15:04:47,2.56116724,3.504620552,2.557624578
15:04:47,2.560520887,3.505845308,2.557796478
15:04:47,2.561599493,3.504979372,2.557998419
15:04:47,2.560815096,3.505949736,2.559271336
15:04:47,2.560283184,3.505735159,2.558717251
15:04:47,2.561430216,3.505449772,2.55875206
15:04:47,2.560818672,3.505154371,2.559384108
15:04:47,2.56044507,3.504504204,2.559297085
15:04:47,2.560789824,3.504925013,2.558374405
15:04:47,2.560465813,3.504775763,2.559694529
15:04:47,2.560852766,3.505418062,2.558474302
15:04:47,2.560773611,3.507045746,2.558805704
15:04:47,2.560683727,3.506711006,2.559952974
15:04:47,2.562652588,3.508388042,2.560511351
15:04:47,2.561874151,3.507523298,2.56079936
15:04:47,2.562097549,3.507283211,2.559133053
15:04:47,2.561752558,3.507623911,2.560232162
15:04:47,2.561235189,3.507653236,2.559399128
15:04:47,2.562852144,3.508436918,2.560268641
15:04:47,2.562456369,3.508076429,2.560064316
15:04:47,2.563562393,3.509433746,2.559623003
15:04:47,2.562449217,3.50842905,2.560284376
15:04:47,2.561951637,3.507992268,2.559598684
15:04:47,2.561718941,3.508033514,2.559817553
15:04:47,2.562296152,3.509041071,2.559139013
15:04:47,2.562031984,3.507938862,2.55875206
15:04:47,2.560817957,3.507917404,2.559999943
15:04:47,2.56214118,3.508699656,2.560660124
15:04:47,2.560938835,3.507861853,2.560588121
15:04:47,2.562075615,3.507363319,2.559192657
15:04:47,2.56202364,3.507576704,2.558830261
15:04:47,2.561655521,3.508012533,2.560197115
15:04:48,2.560830355,3.505827188,2.558915615
15:04:48,2.559887648,3.50595808,2.558822393
15:04:48,2.560198069,3.506213188,2.558837414
15:04:48,2.560639381,3.505675554,2.55817461
15:04:48,2.559969425,3.505910635,2.558469057
15:04:48,2.560961723,3.504945517,2.558131218
15:04:48,2.560775518,3.506045341,2.557976484
15:04:48,2.563090086,3.50843215,2.56007576
15:04:48,2.562078238,3.506886482,2.559397459
15:04:48,2.56143856,3.506012917,2.558053732
15:04:48,2.561047554,3.505873919,2.55871129
15:04:48,2.561102629,3.506281137,2.559156656
15:04:48,2.560986042,3.506730556,2.560616493
15:04:48,2.561951637,3.507385015,2.559725523
15:04:48,2.561564922,3.504542828,2.558492184
15:04:48,2.560092926,3.505003691,2.559281826
15:04:48,2.56085062,3.505299807,2.55799222
15:04:48,2.56011939,3.504715204,2.559015274
15:04:48,2.563093901,3.507465839,2.558871984
15:04:48,2.560689449,3.505669117,2.559247494
15:04:48,2.561544418,3.505486965,2.557860613
15:04:48,2.560831547,3.506142855,2.559007406
15:04:48,2.561536551,3.505973816,2.558181524
15:04:48,2.561310053,3.505517483,2.559048653
15:04:48,2.56071353,3.506484747,2.559439182
15:04:48,2.561346292,3.507787466,2.560852528
15:04:48,2.56189394,3.508021593,2.559728861
15:04:48,2.562098265,3.507545471,2.559374571
15:04:48,2.5601511,3.506646872,2.55961585
15:04:48,2.56134057,3.507453442,2.559817076
15:04:48,2.560929298,3.506658077,2.561353922
15:04:48,2.56249404,3.509557724,2.560325384
15:04:48,2.563320398,3.509150505,2.559209108
15:04:48,2.562716007,3.508912325,2.560369015
15:04:48,2.560629606,3.508342743,2.560180664
15:04:48,2.561478615,3.509224892,2.559369802
15:04:48,2.561154127,3.508849859,2.558339357
15:04:48,2.56175065,3.509816647,2.559328079
15:04:48,2.561718941,3.509289503,2.560041666
15:04:48,2.56264782,3.510092735,2.560301542
15:04:48,2.562074423,3.509609222,2.561657906
15:04:48,2.563013077,3.510019064,2.559320927
15:04:48,2.562727928,3.509268045,2.560573339
15:04:48,2.563255548,3.509902239,2.560291767
15:04:48,2.562031984,3.508779287,2.56108284
15:04:48,2.562447071,3.508669615,2.560631037
15:04:48,2.562565088,3.509635925,2.560254574
15:04:48,2.562163353,3.508170605,2.56102252
15:04:48,2.563040972,3.508913517,2.56059742
15:04:48,2.562793016,3.506917238,2.559959888
15:04:48,2.562077284,3.507399321,2.560077429
15:04:48,2.562090158,3.507109642,2.558789968
15:04:48,2.561166525,3.507063866,2.560132265
15:04:48,2.562941313,3.507318258,2.560681105
15:04:48,2.562297821,3.507029295,2.560152769
15:04:48,2.562974215,3.507542849,2.561021328
15:04:48,2.5630548,3.507601023,2.558867693
15:04:48,2.562699556,3.507356405,2.559127569
15:04:48,2.562406063,3.507032633,2.5596807
15:04:48,2.562274456,3.507341146,2.560384512
15:04:48,2.562707424,3.507050514,2.560629845
15:04:48,2.562523603,3.507458925,2.559936523
15:04:48,2.562331438,3.50612402,2.559829473
15:04:48,2.56327796,3.507829905,2.562521935
15:04:48,2.562322855,3.507702112,2.560562849
15:04:48,2.563111544,3.5085783,2.560166121
15:04:48,2.563484192,3.508789063,2.56136775
15:04:48,2.56309247,3.508177042,2.561717033
15:04:48,2.562508583,3.507445574,2.559814215
15:04:48,2.561930895,3.507076263,2.560338497
15:04:48,2.562526941,3.506959677,2.558866501
15:04:48,2.561219454,3.505099297,2.560549736
15:04:48,2.562104702,3.505949736,2.559742928
15:04:48,2.562266111,3.506699324,2.55898428
15:04:48,2.561020613,3.506345034,2.559407473
15:04:48,2.562765598,3.508317232,2.561717749
15:04:48,2.563318491,3.50840497,2.559685707
15:04:48,2.562770605,3.50853014,2.559222937
15:04:48,2.56336832,3.508693457,2.56059742
15:04:48,2.563678026,3.508713484,2.560683966
15:04:48,2.562230349,3.507949591,2.560443878
15:04:48,2.561842203,3.50858736,2.560643673
15:04:48,2.562466145,3.509153128,2.560256004
15:04:48,2.562268019,3.508970499,2.559353113
15:04:48,2.563124895,3.509598732,2.559494257
15:04:48,2.562497139,3.509382725,2.560584784
15:04:48,2.562442541,3.508233786,2.559478045
15:04:48,2.562238932,3.50975585,2.560217857
15:04:48,2.562236786,3.509184122,2.561156034
15:04:48,2.561929703,3.509407759,2.559363842
15:04:48,2.56138134,3.509075403,2.559912682
15:04:48,2.562232256,3.507155895,2.558434725
15:04:48,2.560975075,3.508857012,2.56047225
15:04:48,2.562784672,3.509416342,2.559913397
15:04:48,2.562114239,3.509138823,2.560122967
15:04:48,2.562307596,3.510266066,2.560175419
15:04:48,2.563081264,3.509478092,2.560482264
15:04:48,2.562706232,3.509572744,2.561035872
15:04:48,2.563270807,3.508890152,2.559830666
15:04:48,2.563116312,3.50886488,2.560565948
15:04:48,2.561850548,3.508458853,2.56076932
15:04:48,2.561934233,3.508445978,2.55909276
15:04:48,2.563241959,3.507649183,2.559754133
15:04:48,2.562340736,3.507929802,2.559700727
15:04:48,2.562914848,3.507666826,2.560746193
15:04:48,2.563215494,3.507529259,2.560736179
15:04:48,2.561704397,3.506218433,2.560976028
15:04:48,2.562824726,3.506940842,2.560103893
15:04:48,2.562159061,3.506375074,2.559092283
15:04:48,2.561239481,3.505068064,2.558904886
15:04:48,2.561668634,3.50595212,2.558887005
15:04:48,2.561914444,3.505300283,2.559319735
15:04:48,2.562273979,3.507712603,2.559836864
15:04:48,2.563588858,3.506799221,2.559172869
15:04:48,2.562078953,3.506414652,2.559729576
15:04:48,2.562232256,3.506779909,2.559121132
15:04:48,2.561949492,3.50643158,2.55892396
15:04:48,2.559837818,3.505142689,2.559138298
15:04:48,2.560573339,3.50559783,2.560183764
15:04:49,2.562577724,3.507232904,2.560077429
15:04:49,2.561977148,3.507546186,2.559987307
15:04:49,2.562006712,3.508945704,2.560486078
15:04:49,2.562176704,3.508045912,2.55867672
15:04:49,2.562159061,3.507544279,2.560101986
15:04:49,2.563074589,3.508173943,2.561351061
15:04:49,2.563208103,3.50916028,2.560546398
15:04:49,2.562017441,3.507696152,2.560373783
15:04:49,2.561280966,3.508266449,2.559494257
15:04:49,2.561940432,3.507364035,2.560729504
15:04:49,2.56137228,3.50797224,2.559539557
15:04:49,2.561380625,3.507431269,2.559018135
15:04:49,2.561810493,3.508088589,2.559011459
15:04:49,2.561283588,3.507315874,2.559531689
15:04:49,2.561557055,3.506177902,2.55851531
15:04:49,2.560201883,3.506467104,2.558926105
15:04:49,2.561812878,3.506429911,2.559266806
15:04:49,2.560858727,3.50698781,2.558289051
15:04:49,2.561607838,3.50736618,2.5596385
15:04:49,2.560826302,3.507469893,2.558825016
15:04:49,2.56189394,3.50688529,2.560952425
15:04:49,2.561288118,3.505393744,2.559010029
15:04:49,2.560957909,3.504787683,2.557004929
15:04:49,2.561103106,3.507859945,2.558940411
15:04:49,2.561542511,3.507370472,2.558238983
15:04:49,2.560990095,3.506929874,2.559118509
15:04:49,2.561199665,3.507189989,2.559427977
15:04:49,2.561392546,3.507128,2.557973146
15:04:49,2.561194897,3.507368088,2.558897018
15:04:49,2.563174963,3.507079124,2.558384418
15:04:49,2.562864542,3.506338596,2.559887648
15:04:49,2.561250448,3.507017136,2.559254169
15:04:49,2.561826706,3.506588459,2.559421301
15:04:49,2.561491728,3.507148027,2.559518576
15:04:49,2.56055069,3.505669832,2.558447838
15:04:49,2.562470675,3.506961346,2.559810877
15:04:49,2.561423063,3.505766869,2.559714317
15:04:49,2.561561108,3.506045341,2.559461117
15:04:49,2.563294888,3.507795572,2.560163975
15:04:49,2.563065529,3.506678581,2.559426546
15:04:49,2.562095642,3.506825924,2.560738802
15:04:49,2.563274384,3.507182837,2.559716225
15:04:49,2.561484337,3.50664258,2.558999538
15:04:49,2.562299728,3.506110668,2.560470343
15:04:49,2.562249422,3.507537127,2.560130358
15:04:49,2.562614918,3.507311344,2.56027317
15:04:49,2.561896563,3.507134676,2.560676336
15:04:49,2.562228441,3.506822586,2.560540438
15:04:49,2.562469482,3.50795579,2.560267925
15:04:49,2.562102795,3.507632256,2.559598684
15:04:49,2.561972618,3.506823301,2.559405565
15:04:49,2.56211257,3.508056402,2.561052322
15:04:49,2.562731266,3.508444548,2.560984373
15:04:49,2.563186407,3.509428501,2.560383081
15:04:49,2.561796904,3.509226799,2.561582804
15:04:49,2.562003851,3.508155584,2.560193777
15:04:49,2.562282562,3.507619858,2.560411453
15:04:49,2.562119246,3.50807023,2.560270548
15:04:49,2.562643528,3.508480549,2.560400009
15:04:49,2.561837912,3.508420944,2.560739517
15:04:49,2.563035727,3.50895071,2.56060648
15:04:49,2.56334424,3.50854826,2.560665369
15:04:49,2.563079596,3.509226084,2.561385632
15:04:49,2.561726332,3.508421659,2.560069561
15:04:49,2.562105417,3.508466005,2.560156822
15:04:49,2.563000679,3.508118391,2.560454369
15:04:49,2.562253714,3.507655621,2.558949947
15:04:49,2.562429428,3.506227016,2.55875659
15:04:49,2.561131954,3.506675243,2.559604645
15:04:49,2.561570406,3.505602598,2.558652163
15:04:49,2.560620785,3.506294727,2.55933094
15:04:49,2.560497522,3.507106543,2.558502197
15:04:49,2.561604738,3.50656414,2.558910847
15:04:49,2.561588049,3.506656647,2.558814287
15:04:49,2.560500383,3.507283211,2.558888435
15:04:49,2.560978174,3.507108927,2.55943799
15:04:49,2.561574936,3.506956339,2.558327675
15:04:49,2.561566114,3.508192301,2.560450554
15:04:49,2.561666489,3.507372379,2.559607506
15:04:49,2.56203866,3.508913517,2.558314323
15:04:49,2.561703682,3.508662462,2.55922246
15:04:49,2.561214209,3.50703001,2.559705019
15:04:49,2.561745405,3.50806284,2.560011387
15:04:49,2.560698748,3.508226395,2.559154272
15:04:49,2.561131477,3.507330179,2.558947325
15:04:49,2.561192274,3.507740021,2.5607903
15:04:49,2.563090086,3.509245634,2.560308456
15:04:49,2.562474728,3.510093927,2.559867382
15:04:49,2.562124014,3.509613037,2.561377048
15:04:49,2.563117743,3.509929419,2.561703682
15:04:49,2.562347889,3.509010315,2.559988022
15:04:49,2.56319952,3.508199215,2.560017824
15:04:49,2.562156916,3.508690596,2.559233665
15:04:49,2.562769651,3.507582188,2.559488058
15:04:49,2.56184721,3.508425713,2.560740709
15:04:49,2.561994553,3.50948,2.560459614
15:04:49,2.561974764,3.508057117,2.56031394
15:04:49,2.562659025,3.508547783,2.560252428
15:04:49,2.561138868,3.506523132,2.559495449
15:04:49,2.561034441,3.50615263,2.558467627
15:04:49,2.56119895,3.505630732,2.558552504
15:04:49,2.561190844,3.507439375,2.559785128
15:04:49,2.562394857,3.506747007,2.560745001
15:04:49,2.562344551,3.506902218,2.559559584
15:04:49,2.562475443,3.507046938,2.560993433
15:04:49,2.56211257,3.507217884,2.561455011
15:04:49,2.56196475,3.506632805,2.560008764
15:04:49,2.561576843,3.50541997,2.559021711
15:04:49,2.561869621,3.505880356,2.558440685
15:04:49,2.562561512,3.507452726,2.560811281
15:04:49,2.560978174,3.504616022,2.557902336
15:04:49,2.559311152,3.504940987,2.559546471
15:04:49,2.560531616,3.504411936,2.558557749
15:04:49,2.560752869,3.505107164,2.559175968
15:04:49,2.559982061,3.505163431,2.558266163
15:04:49,2.560415506,3.504858732,2.559524536
15:04:50,2.562155724,3.507129192,2.559165716
15:04:50,2.561738014,3.507330179,2.55918479
15:04:50,2.562284708,3.50780654,2.558769226
15:04:50,2.561743498,3.505900145,2.560605288
15:04:50,2.561835766,3.507036448,2.560607195
15:04:50,2.562495232,3.506900787,2.559352398
15:04:50,2.562181473,3.506752014,2.557982922
15:04:50,2.56036067,3.505278826,2.558373928
15:04:50,2.56076479,3.505687952,2.557668209
15:04:50,2.560147285,3.505674839,2.558911324
15:04:50,2.561715603,3.506465673,2.559500694
15:04:50,2.562169552,3.507764816,2.55967927
15:04:50,2.561556339,3.506341696,2.558454514
15:04:50,2.561567783,3.506049633,2.559293509
15:04:50,2.562474728,3.508194208,2.560173512
15:04:50,2.561732769,3.50785923,2.558758736
15:04:50,2.560336113,3.506580591,2.55846715
15:04:50,2.560211658,3.507164001,2.559670925
15:04:50,2.56106019,3.506469011,2.559268713
15:04:50,2.56189394,3.507143736,2.558555603
15:04:50,2.560412169,3.506434202,2.559476137
15:04:50,2.560316801,3.506533384,2.558276176
15:04:50,2.56076479,3.50795269,2.557696104
15:04:50,2.56111455,3.50788331,2.558582783
15:04:50,2.561648369,3.507343769,2.559488058
15:04:50,2.560651302,3.506874323,2.558075428
15:04:50,2.560899019,3.506752014,2.558133841
15:04:50,2.560984135,3.506125689,2.558316231
15:04:50,2.560148239,3.506891489,2.559039116
15:04:50,2.561739922,3.50800395,2.559769154
15:04:50,2.562031984,3.508273602,2.559870243
15:04:50,2.561020613,3.506658792,2.55944562
15:04:50,2.560860395,3.507059574,2.561246634
15:04:50,2.562870026,3.50880146,2.562031031
15:04:50,2.56326437,3.508992672,2.560802221
15:04:50,2.56073308,3.505719185,2.559363127
15:04:50,2.561020613,3.506095171,2.557606697
15:04:50,2.561810493,3.5054636,2.559693575
15:04:50,2.561979294,3.507581472,2.560113907
15:04:50,2.562159061,3.506585836,2.560607672
15:04:50,2.561811209,3.50702095,2.559684515
15:04:50,2.562051296,3.506575108,2.558111906
15:04:50,2.560771465,3.50478363,2.559802294
15:04:50,2.562151432,3.504441261,2.559394121
15:04:50,2.560808897,3.505199909,2.559384823
15:04:50,2.56102705,3.505509138,2.559581995
15:04:50,2.560848713,3.505527973,2.559290409
15:04:50,2.562088251,3.505425453,2.5575881
15:04:50,2.560381651,3.50484252,2.558690071
15:04:50,2.563296556,3.507926464,2.559616566
15:04:50,2.562739134,3.507514954,2.56140995
15:04:50,2.562952042,3.507942915,2.5616889
15:04:50,2.562398434,3.507418871,2.559961796
15:04:50,2.562421083,3.506790638,2.560939074
15:04:50,2.562314987,3.508221626,2.560070753
15:04:50,2.562315702,3.507693052,2.559853315
15:04:50,2.562106848,3.507896662,2.559516907
15:04:50,2.562406778,3.508509398,2.560590029
15:04:50,2.561683893,3.507929802,2.559858561
15:04:50,2.562205076,3.507897854,2.56001997
15:04:50,2.562866449,3.509025097,2.56027317
15:04:50,2.562155724,3.508468866,2.560014486
15:04:50,2.561808348,3.507875919,2.560413599
15:04:50,2.561631918,3.508730412,2.559020758
15:04:50,2.561511517,3.507649183,2.559978247
15:04:50,2.562186718,3.508102179,2.559316874
15:04:50,2.562097073,3.508486271,2.559104204
15:04:50,2.56167078,3.508067369,2.55919838
15:04:50,2.56192255,3.508466005,2.559273243
15:04:50,2.56192708,3.507989407,2.558719158
15:04:50,2.561014891,3.50795722,2.557265282
15:04:50,2.560586452,3.505829096,2.557750225
15:04:50,2.561121702,3.506792068,2.558266163
15:04:50,2.56159234,3.508734465,2.560395002
15:04:50,2.562590361,3.508665085,2.559429407
15:04:50,2.5625453,3.507794142,2.56042552
15:04:50,2.562163353,3.507950544,2.560520411
15:04:50,2.562611818,3.507934332,2.560394526
15:04:50,2.562556028,3.508744001,2.56062746
15:04:50,2.562129259,3.507958651,2.559388399
15:04:50,2.562131643,3.507669926,2.559474468
15:04:50,2.561387777,3.5078125,2.559822083
15:04:50,2.562363148,3.507520199,2.561048269
15:04:50,2.561869621,3.507003307,2.560314894
15:04:50,2.562466145,3.506524324,2.559525967
15:04:50,2.56125927,3.507204294,2.561074734
15:04:50,2.562046051,3.508150339,2.56136179
15:04:50,2.562898874,3.507403374,2.559824228
15:04:50,2.563049555,3.507104158,2.560384512
15:04:50,2.561873436,3.506804943,2.559860468
15:04:50,2.562853336,3.50751543,2.559699059
15:04:50,2.563295364,3.506568193,2.559982777
15:04:50,2.562866449,3.507122755,2.560146332
15:04:50,2.561860323,3.506838322,2.558980942
15:04:50,2.562287807,3.507020235,2.560050488
15:04:50,2.562117338,3.505921125,2.560685396
15:04:50,2.562470675,3.50584054,2.560939074
15:04:50,2.562013865,3.507302284,2.560666561
15:04:50,2.562394142,3.506667852,2.560976028
15:04:50,2.562893152,3.506940126,2.560747623
15:04:50,2.56224823,3.50697732,2.560499668
15:04:50,2.562295198,3.509384155,2.561056376
15:04:50,2.562489271,3.508456945,2.560513973
15:04:50,2.562459707,3.507229805,2.560375452
15:04:50,2.561582804,3.507543564,2.558875084
15:04:50,2.562449217,3.507302761,2.559927464
15:04:50,2.562550783,3.508037567,2.560664177
15:04:50,2.561465979,3.507911921,2.56035924
15:04:50,2.562378883,3.508642435,2.561150312
15:04:50,2.562620163,3.509438276,2.559944391
15:04:50,2.562618256,3.509334564,2.560257196
15:04:50,2.563569069,3.510136366,2.560750723
15:04:50,2.563537836,3.509521723,2.561102629
15:04:50,2.562666893,3.509425402,2.561185122
15:04:50,2.562913656,3.50947547,2.560836792
15:04:50,2.562448502,3.50758791,2.559889078
15:04:50,2.561280251,3.507905006,2.560063124
15:04:50,2.562717199,3.508828163,2.560622692
15:04:50,2.561787128,3.509004354,2.5604074
15:04:51,2.563271523,3.508246899,2.560921907
15:04:51,2.56242466,3.509201288,2.560596466
15:04:51,2.562385798,3.508013248,2.560840368
15:04:51,2.56286335,3.509516478,2.559893608
15:04:51,2.563139439,3.50883007,2.56103301
15:04:51,2.562178135,3.508105278,2.55950141
15:04:51,2.561951637,3.508319855,2.559873104
15:04:51,2.561905146,3.508128881,2.560496807
15:04:51,2.562809229,3.508306265,2.560271978
15:04:51,2.56218791,3.508337975,2.560791016
15:04:51,2.561909914,3.506493807,2.559422016
15:04:51,2.561778545,3.507282019,2.560703754
15:04:51,2.562671661,3.507325649,2.560036421
15:04:51,2.563388586,3.50860858,2.561069965
15:04:51,2.561937571,3.508034229,2.559949875
15:04:51,2.562687159,3.507554531,2.560912132
15:04:51,2.562889099,3.508362293,2.559092283
15:04:51,2.561998367,3.508471966,2.560558319
15:04:51,2.562923431,3.50857234,2.560579538
15:04:51,2.561769009,3.506962061,2.560564756
15:04:51,2.562368393,3.5079422,2.558861256
15:04:51,2.561649561,3.505440712,2.55892396
15:04:51,2.560975552,3.506514549,2.558357954
15:04:51,2.561619759,3.506223679,2.55842948
15:04:51,2.561068058,3.506273985,2.559618473
15:04:51,2.561346292,3.507122755,2.55902648
15:04:51,2.561214924,3.506117821,2.559605122
15:04:51,2.561292887,3.506376982,2.558972359
15:04:51,2.561237335,3.508253336,2.560658932
15:04:51,2.563210964,3.508417368,2.56125474
15:04:51,2.5621562,3.508870602,2.561206341
15:04:51,2.563102484,3.50855422,2.560497999
15:04:51,2.562348604,3.507520199,2.559775352
15:04:51,2.562175989,3.507339239,2.559054375
15:04:51,2.563090563,3.507852793,2.560177326
15:04:51,2.561000109,3.505675554,2.558927536
15:04:51,2.560982466,3.506618261,2.559150934
15:04:51,2.560889244,3.506291389,2.559773445
15:04:51,2.561318398,3.507157326,2.558702469
15:04:51,2.563528538,3.509641409,2.560835838
15:04:51,2.562421083,3.508083105,2.560080051
15:04:51,2.562713385,3.507075071,2.560153484
15:04:51,2.563812733,3.508928061,2.561414719
15:04:51,2.563084126,3.50880146,2.561295509
15:04:51,2.562799215,3.508504391,2.561456203
15:04:51,2.561793089,3.508409977,2.559573412
15:04:51,2.56231761,3.508886576,2.559946537
15:04:51,2.562953949,3.507844925,2.560808897
15:04:51,2.56247139,3.508724689,2.560404778
15:04:51,2.561011314,3.506266117,2.5589149
15:04:51,2.560811758,3.505226851,2.558425903
15:04:51,2.561085463,3.505907059,2.557983637
15:04:51,2.560571671,3.505095005,2.558698654
15:04:51,2.561440945,3.505854368,2.558998108
15:04:51,2.560694695,3.505862951,2.558441401
15:04:51,2.561415911,3.507079124,2.558386564
15:04:51,2.560859442,3.50682807,2.558719158
15:04:51,2.561914444,3.506034374,2.559493542
15:04:51,2.561126471,3.506095171,2.559580564
15:04:51,2.561463118,3.505811214,2.55847764
15:04:51,2.561344385,3.505790472,2.559043169
15:04:51,2.560843468,3.505992651,2.559033155
15:04:51,2.560794592,3.507295132,2.561635494
15:04:51,2.562245369,3.508464098,2.560132265
15:04:51,2.56300807,3.508594513,2.560296297
15:04:51,2.561351538,3.508042574,2.559803486
15:04:51,2.56134963,3.508017302,2.559806347
15:04:51,2.561136246,3.508021593,2.560778379
15:04:51,2.562462807,3.50793767,2.559387684
15:04:51,2.56251502,3.50883913,2.560213566
15:04:51,2.562160492,3.50843215,2.55872488
15:04:51,2.562528849,3.508704424,2.559941292
15:04:51,2.561862946,3.508391619,2.55919981
15:04:51,2.561098337,3.508672237,2.558987617
15:04:51,2.561539173,3.508983374,2.559435368
15:04:51,2.562579155,3.508591652,2.559751511
15:04:51,2.561462641,3.507463217,2.560131788
15:04:51,2.562464714,3.509538889,2.560429811
15:04:51,2.562467575,3.509713173,2.560851097
15:04:51,2.562588453,3.50973773,2.560171843
15:04:51,2.562401295,3.508960724,2.561059475
15:04:51,2.562197924,3.508182526,2.560333014
15:04:51,2.56210351,3.510139227,2.560878277
15:04:51,2.562660933,3.509649038,2.560831308
15:04:51,2.561955929,3.508268356,2.56038022
15:04:51,2.562986851,3.509548664,2.560279369
15:04:51,2.562702179,3.508522034,2.560421944
15:04:51,2.562233686,3.507673502,2.55980444
15:04:51,2.562547922,3.506637812,2.559828758
15:04:51,2.56206727,3.506790638,2.559292316
15:04:51,2.561065674,3.506683111,2.559803486
15:04:51,2.56175065,3.507702112,2.559486389
15:04:51,2.561965942,3.507839203,2.558880329
15:04:51,2.561864376,3.508869886,2.560103178
15:04:51,2.56239152,3.508435488,2.561265707
15:04:51,2.562665701,3.508558035,2.560736895
15:04:51,2.562385798,3.507317066,2.560416222
15:04:51,2.561097383,3.506553173,2.559681416
15:04:51,2.562078238,3.506717443,2.560063601
15:04:51,2.562975645,3.50758791,2.560699701
15:04:51,2.562476873,3.507265091,2.559627771
15:04:51,2.562428474,3.507686377,2.559597969
15:04:51,2.562563419,3.507530451,2.560103893
15:04:51,2.561722755,3.507404089,2.560152054
15:04:51,2.562134504,3.507285357,2.559984922
15:04:51,2.562142372,3.507749081,2.559568167
15:04:51,2.562349319,3.506942511,2.559512615
15:04:51,2.56150198,3.5069139,2.559967041
15:04:51,2.562978268,3.507927895,2.560711622
15:04:51,2.562061787,3.508053064,2.561101913
15:04:51,2.56192708,3.507770538,2.559926033
15:04:51,2.561522722,3.507685661,2.560272455
15:04:51,2.560928822,3.507258892,2.561144352
15:04:51,2.562241077,3.507450342,2.560898304
15:04:51,2.561666012,3.508863449,2.562271833
15:04:52,2.561976671,3.506346464,2.557878971
15:04:52,2.560755253,3.506649017,2.558950424
15:04:52,2.560061216,3.506669998,2.559226513
15:04:52,2.560693026,3.505482674,2.559006214
15:04:52,2.561399698,3.506470442,2.560068846
15:04:52,2.56077075,3.506422043,2.559457779
15:04:52,2.561845064,3.50732851,2.558262825
15:04:52,2.561240673,3.507078409,2.559703112
15:04:52,2.56146121,3.50671649,2.559495449
15:04:52,2.561646223,3.507368088,2.558349848
15:04:52,2.561429501,3.507776976,2.559871912
15:04:52,2.561360121,3.506285667,2.559499979
15:04:52,2.560516596,3.506988287,2.559102058
15:04:52,2.560587883,3.506436348,2.55932498
15:04:52,2.561863661,3.506713629,2.558844805
15:04:52,2.562127352,3.507335424,2.559427261
15:04:52,2.562689543,3.505875826,2.559871912
15:04:52,2.561087847,3.506392717,2.559121132
15:04:52,2.561578035,3.507234335,2.559126854
15:04:52,2.561658621,3.506599426,2.559181929
15:04:52,2.561202288,3.505683422,2.557826281
15:04:52,2.560583591,3.504809856,2.558652878
15:04:52,2.560334682,3.504426241,2.559106588
15:04:52,2.560337305,3.504623175,2.557868719
15:04:52,2.560510397,3.505131483,2.559362173
15:04:52,2.560842037,3.504934311,2.558539152
15:04:52,2.560528517,3.504776478,2.55800271
15:04:52,2.561726332,3.506328106,2.560189724
15:04:52,2.561249256,3.507424831,2.559425354
15:04:52,2.562437296,3.507033348,2.55922246
15:04:52,2.561307192,3.507292986,2.558257341
15:04:52,2.560566664,3.505969286,2.55866003
15:04:52,2.561966658,3.506071091,2.559354544
15:04:52,2.560857534,3.506353378,2.559074879
15:04:52,2.561944246,3.506814718,2.560091257
15:04:52,2.561253071,3.507066488,2.559310913
15:04:52,2.562561512,3.507885456,2.559753418
15:04:52,2.562511444,3.507853985,2.559768677
15:04:52,2.561894655,3.508179665,2.559719801
15:04:52,2.561132908,3.507345915,2.559304953
15:04:52,2.561611414,3.508317232,2.559793234
15:04:52,2.561151505,3.507794142,2.560417891
15:04:52,2.560874701,3.507480383,2.558957815
15:04:52,2.560944557,3.507535696,2.558599472
15:04:52,2.56098485,3.50701046,2.558585405
15:04:52,2.561735392,3.507921934,2.559777737
15:04:52,2.561960697,3.507959366,2.559148312
15:04:52,2.561659336,3.507647991,2.560316086
15:04:52,2.561547995,3.506667137,2.55877161
15:04:52,2.560535669,3.507550955,2.559532404
15:04:52,2.561800241,3.508272886,2.558705807
15:04:52,2.56135726,3.507946014,2.559283257
15:04:52,2.562327147,3.50893116,2.560594559
15:04:52,2.561271906,3.505800247,2.557692766
15:04:52,2.560145855,3.506708384,2.559595346
15:04:52,2.560608864,3.506367922,2.559011936
15:04:52,2.560091019,3.505190849,2.558298349
15:04:52,2.560821056,3.506877422,2.557795763
15:04:52,2.562164068,3.508466721,2.560303211
15:04:52,2.56249404,3.507827282,2.559110641
15:04:52,2.562777519,3.507050991,2.559705019
15:04:52,2.561626434,3.506577253,2.559548855
15:04:52,2.562374353,3.506522655,2.559776545
15:04:52,2.561441422,3.504717827,2.560271502
15:04:52,2.561593294,3.505669832,2.559356689
15:04:52,2.561984777,3.506810188,2.559717655
15:04:52,2.562202454,3.506747484,2.55962491
15:04:52,2.562130451,3.506463051,2.560408115
15:04:52,2.561652899,3.507304907,2.560022593
15:04:52,2.561621189,3.505643129,2.557359934
15:04:52,2.560974121,3.505393744,2.559654713
15:04:52,2.561871052,3.506269217,2.55899024
15:04:52,2.561435699,3.506490469,2.559037209
15:04:52,2.561115026,3.505903244,2.55854702
15:04:52,2.560522318,3.505764961,2.559216499
15:04:52,2.560104847,3.505715609,2.558926105
15:04:52,2.561287403,3.507191896,2.559565783
15:04:52,2.561249256,3.506497622,2.557783365
15:04:52,2.560486078,3.506882668,2.55854249
15:04:52,2.560928822,3.506432295,2.559058905
15:04:52,2.561211348,3.506650209,2.557463169
15:04:52,2.560948372,3.50707984,2.558103323
15:04:52,2.560860395,3.506355524,2.55768609
15:04:52,2.561691046,3.507205725,2.560398102
15:04:52,2.560551882,3.506752968,2.558954477
15:04:52,2.560531616,3.506683111,2.558418751
15:04:52,2.560532808,3.506967545,2.558460474
15:04:52,2.560945988,3.506226301,2.558838606
15:04:52,2.562166929,3.507770538,2.558701754
15:04:52,2.562162876,3.507817745,2.559514046
15:04:52,2.561913252,3.508294106,2.558683872
15:04:52,2.561545134,3.507921219,2.5604074
15:04:52,2.562805653,3.508173943,2.55973959
15:04:52,2.563090563,3.508696318,2.559402943
15:04:52,2.562864542,3.50818181,2.559439898
15:04:52,2.561561823,3.508319855,2.560065031
15:04:52,2.562889099,3.508067369,2.560801029
15:04:52,2.562224865,3.508993149,2.559810877
15:04:52,2.562731743,3.508245707,2.560720444
15:04:52,2.562945366,3.508260012,2.559759855
15:04:52,2.562777519,3.508123636,2.559911251
15:04:52,2.562953949,3.507862568,2.561642885
15:04:52,2.56264925,3.507000685,2.559665442
15:04:52,2.562592506,3.507829428,2.559083939
15:04:52,2.562325001,3.507042646,2.559767246
15:04:52,2.561921835,3.504745245,2.557887793
15:04:52,2.560869455,3.505981684,2.55840826
15:04:52,2.561629057,3.506115913,2.558888435
15:04:52,2.561270237,3.506558418,2.558390617
15:04:52,2.561786175,3.505931377,2.558332205
15:04:52,2.560762882,3.505817413,2.55756259
15:04:52,2.561142683,3.508019209,2.560700417
15:04:52,2.562147856,3.507293701,2.561064243
15:04:52,2.56213522,3.507115602,2.560880423
15:04:52,2.562222004,3.506756783,2.560415506
15:04:52,2.561842203,3.506736755,2.559754133
15:04:52,2.561879396,3.506770134,2.560491323
15:04:52,2.562929392,3.508048534,2.561919928
15:04:52,2.56254673,3.507565022,2.560818911
15:04:53,2.560536385,3.506401777,2.559180737
15:04:53,2.560770035,3.505393744,2.55896163
15:04:53,2.560827732,3.506420135,2.558588028
15:04:53,2.561757326,3.50682807,2.558638573
15:04:53,2.560890913,3.506196499,2.558741808
15:04:53,2.562276363,3.506289005,2.558773518
15:04:53,2.561117172,3.506580591,2.559131145
15:04:53,2.561134338,3.506259918,2.558187246
15:04:53,2.561426878,3.507225037,2.559208393
15:04:53,2.560759544,3.506598711,2.560014486
15:04:53,2.561286211,3.506776333,2.559771776
15:04:53,2.562832832,3.509781599,2.560595274
15:04:53,2.562342644,3.508900642,2.560875654
15:04:53,2.563047647,3.510152578,2.559962749
15:04:53,2.562726736,3.508568525,2.560485363
15:04:53,2.562497139,3.509114504,2.561013937
15:04:53,2.562525749,3.509256124,2.560648203
15:04:53,2.562237501,3.509696722,2.560082197
15:04:53,2.562448502,3.510169744,2.560679197
15:04:53,2.562917948,3.510304689,2.56119132
15:04:53,2.562573195,3.509996891,2.561237574
15:04:53,2.562384129,3.509101152,2.560250044
15:04:53,2.562345982,3.509609222,2.559923887
15:04:53,2.56271863,3.508783102,2.560551405
15:04:53,2.562457561,3.508639812,2.559252739
15:04:53,2.563134909,3.508425713,2.560445309
15:04:53,2.562397718,3.50869894,2.560382366
15:04:53,2.561076164,3.506794453,2.559478045
15:04:53,2.561046362,3.506431103,2.560374975
15:04:53,2.563357592,3.509410143,2.560539007
15:04:53,2.562091589,3.508270979,2.560008049
15:04:53,2.562254667,3.508171082,2.559215307
15:04:53,2.562553167,3.50790906,2.560003996
15:04:53,2.563024521,3.507335424,2.560726404
15:04:53,2.563057423,3.507785082,2.560028553
15:04:53,2.562273502,3.506715775,2.559607983
15:04:53,2.561297417,3.505418539,2.558546066
15:04:53,2.560930014,3.506595612,2.55896163
15:04:53,2.560710907,3.506447554,2.559771776
15:04:53,2.561619759,3.506623745,2.560491323
15:04:53,2.562262774,3.508003473,2.56092453
15:04:53,2.56293869,3.50842762,2.561094522
15:04:53,2.56233716,3.506222963,2.560587406
15:04:53,2.562638044,3.507083654,2.560056925
15:04:53,2.561136961,3.506994963,2.560008049
15:04:53,2.562188625,3.507891178,2.561066151
15:04:53,2.562522888,3.50767231,2.561208248
15:04:53,2.561955214,3.507800579,2.56048274
15:04:53,2.561527967,3.506920099,2.559405565
15:04:53,2.562231779,3.507582903,2.56078577
15:04:53,2.561798334,3.508209705,2.559115887
15:04:53,2.560426474,3.50493288,2.558856964
15:04:53,2.560948372,3.506240606,2.558787823
15:04:53,2.561183691,3.506416082,2.558935404
15:04:53,2.561078072,3.507125378,2.559899092
15:04:53,2.561128855,3.50711298,2.559265375
15:04:53,2.562095642,3.506718159,2.559442759
15:04:53,2.56235981,3.506296635,2.559390306
15:04:53,2.561775208,3.506289482,2.559110641
15:04:53,2.56072402,3.506366491,2.55940938
15:04:53,2.562410831,3.508188725,2.559598684
15:04:53,2.562624216,3.508090973,2.559100628
15:04:53,2.561022043,3.506277084,2.559956312
15:04:53,2.561087847,3.506949425,2.560009956
15:04:53,2.561877489,3.507556438,2.558271885
15:04:53,2.561070919,3.507203102,2.560364723
15:04:53,2.562062979,3.507610798,2.558649063
15:04:53,2.561658621,3.508391619,2.559530497
15:04:53,2.561292171,3.507157803,2.558436632
15:04:53,2.561621904,3.507374763,2.558858633
15:04:53,2.561830282,3.506712198,2.558775902
15:04:53,2.562099934,3.50715661,2.558693886
15:04:53,2.561270237,3.507198572,2.558357954
15:04:53,2.560991526,3.506237268,2.558631659
15:04:53,2.561313868,3.506290913,2.558156967
15:04:53,2.560777187,3.506762743,2.558713675
15:04:53,2.561850548,3.505143166,2.558891535
15:04:53,2.561311245,3.506528378,2.559045076
15:04:53,2.561493635,3.506269693,2.558906317
15:04:53,2.560935974,3.506349087,2.558010101
15:04:53,2.560857534,3.507223129,2.558861256
15:04:53,2.560941219,3.507166862,2.557770967
15:04:53,2.560421467,3.505927563,2.557791233
15:04:53,2.560297728,3.506826401,2.557926655
15:04:53,2.56104517,3.506754875,2.558666706
15:04:53,2.561091185,3.506244659,2.5596807
15:04:53,2.5621562,3.506064177,2.560080767
15:04:53,2.561261892,3.506364107,2.559137583
15:04:53,2.561436892,3.50675416,2.55919981
15:04:53,2.5615623,3.506202698,2.559380531
15:04:53,2.561446905,3.507082462,2.559390306
15:04:53,2.56076622,3.506375074,2.557924986
15:04:53,2.561374187,3.507008553,2.558338165
15:04:53,2.56043458,3.506992579,2.558992863
15:04:53,2.561815977,3.506681681,2.559626579
15:04:53,2.560916662,3.506711006,2.557802439
15:04:53,2.56119585,3.506923676,2.558586121
15:04:53,2.560444355,3.506080151,2.557844162
15:04:53,2.561920643,3.507089615,2.559640408
15:04:53,2.561650276,3.507390738,2.559250593
15:04:53,2.560831547,3.50663352,2.560684681
15:04:53,2.561181545,3.507725,2.559380531
15:04:53,2.561662197,3.508029699,2.559704304
15:04:53,2.561214924,3.507812977,2.559691906
15:04:53,2.561483622,3.5075984,2.559365749
15:04:53,2.561820269,3.507406473,2.559305668
15:04:53,2.561769009,3.508289099,2.559568882
15:04:53,2.562111855,3.508797407,2.559797525
15:04:53,2.561999083,3.507364988,2.56084466
15:04:53,2.562173367,3.50737524,2.559610605
15:04:53,2.560970545,3.5074687,2.559461117
15:04:53,2.561939716,3.506104469,2.55978322
15:04:53,2.560457468,3.505082369,2.559240818
15:04:53,2.561370611,3.505911112,2.558514118
15:04:53,2.560631514,3.506216049,2.560729504
15:04:53,2.560576439,3.506896973,2.559134483
15:04:54,2.560414076,3.50689435,2.559969664
15:04:54,2.561833143,3.507394314,2.559547901
15:04:54,2.561070919,3.506870747,2.559530497
15:04:54,2.561008692,3.506925106,2.560381651
15:04:54,2.561216116,3.507507801,2.558870554
15:04:54,2.561053753,3.50673461,2.559914827
15:04:54,2.561116457,3.506829739,2.559480906
15:04:54,2.561510324,3.506120443,2.558605194
15:04:54,2.561192989,3.505749226,2.559249401
15:04:54,2.560606956,3.506292105,2.559305668
15:04:54,2.560223103,3.506800413,2.557279348
15:04:54,2.560394287,3.506654263,2.55842948
15:04:54,2.561021328,3.507245541,2.558566332
15:04:54,2.560786247,3.505967379,2.558421612
15:04:54,2.560920954,3.505417347,2.558207273
15:04:54,2.560263157,3.505364418,2.558631659
15:04:54,2.560881138,3.50685668,2.559189081
15:04:54,2.561179876,3.506446838,2.558031082
15:04:54,2.561140776,3.506676197,2.558906317
15:04:54,2.561457872,3.506263494,2.559570074
15:04:54,2.561663628,3.506551266,2.558523417
15:04:54,2.562165737,3.50630331,2.559470177
15:04:54,2.561104536,3.506706476,2.55919385
15:04:54,2.560763597,3.506750107,2.558769941
15:04:54,2.560767412,3.507120132,2.558761597
15:04:54,2.5608778,3.507336617,2.557908773
15:04:54,2.561106443,3.507086039,2.558732033
15:04:54,2.560642719,3.506966352,2.559058905
15:04:54,2.561397076,3.505680799,2.55992198
15:04:54,2.561749458,3.505801439,2.558632374
15:04:54,2.560857534,3.505741358,2.558290958
15:04:54,2.560510397,3.506340265,2.559421301
15:04:54,2.561341047,3.506888628,2.558721066
15:04:54,2.560236216,3.505491734,2.558083534
15:04:54,2.560821533,3.506682396,2.558108807
15:04:54,2.560616255,3.505100012,2.558796406
15:04:54,2.559170008,3.504939556,2.558633089
15:04:54,2.560685635,3.505409479,2.558975697
15:04:54,2.560586452,3.505935192,2.558799028
15:04:54,2.560372591,3.505252838,2.55826664
15:04:54,2.561007261,3.505217075,2.558854103
15:04:54,2.561313868,3.505209684,2.559463024
15:04:54,2.561369419,3.506450176,2.559849977
15:04:54,2.561514139,3.505498648,2.558410406
15:04:54,2.561407566,3.506067038,2.559976339
15:04:54,2.561417103,3.50475049,2.558632374
15:04:54,2.561699152,3.506602764,2.560610533
15:04:54,2.562301636,3.506983519,2.559246302
15:04:54,2.562628508,3.50758028,2.560438395
15:04:54,2.562299013,3.506584167,2.560078621
15:04:54,2.562163353,3.506097794,2.559659481
15:04:54,2.560884953,3.504095316,2.558907032
15:04:54,2.561500788,3.505789042,2.558563232
15:04:54,2.561019421,3.505609512,2.55973959
15:04:54,2.561450481,3.506150007,2.560102701
15:04:54,2.562513113,3.508243084,2.559074879
15:04:54,2.562423229,3.507688999,2.561542273
15:04:54,2.56261611,3.508093357,2.560603857
15:04:54,2.56304431,3.507841825,2.559559584
15:04:54,2.562478781,3.5079813,2.560577393
15:04:54,2.563112259,3.508522034,2.560286522
15:04:54,2.562184095,3.508133411,2.559901476
15:04:54,2.562210083,3.508391619,2.560329437
15:04:54,2.563351393,3.50879693,2.560083389
15:04:54,2.562273979,3.509329081,2.56020999
15:04:54,2.562854052,3.509689569,2.561748028
15:04:54,2.563114166,3.508854389,2.559178591
15:04:54,2.562371016,3.509925842,2.559972763
15:04:54,2.562527657,3.510111809,2.559427977
15:04:54,2.56409955,3.509377003,2.559668541
15:04:54,2.562474251,3.508866072,2.559411526
15:04:54,2.562693596,3.509164095,2.560262442
15:04:54,2.562467098,3.509240627,2.561324835
15:04:54,2.563405275,3.509949684,2.56106925
15:04:54,2.562927485,3.508260012,2.560451031
15:04:54,2.562355995,3.509288073,2.559205294
15:04:54,2.562248945,3.509224892,2.561124325
15:04:54,2.562932014,3.509331465,2.560845852
15:04:54,2.563417196,3.509688139,2.560399294
15:04:54,2.563304901,3.509333372,2.560168266
15:04:54,2.563076735,3.509052515,2.559794426
15:04:54,2.561602116,3.506848097,2.558970213
15:04:54,2.560697317,3.507032633,2.558508873
15:04:54,2.560950756,3.506419659,2.559403896
15:04:54,2.560858011,3.507524729,2.559877634
15:04:54,2.561853647,3.506654978,2.560555696
15:04:54,2.56289959,3.509174109,2.560421944
15:04:54,2.563323259,3.50867033,2.560674667
15:04:54,2.562749386,3.509047508,2.56033349
15:04:54,2.563591957,3.508229256,2.559580564
15:04:54,2.562651157,3.508337021,2.560347795
15:04:54,2.56303525,3.508944988,2.560497999
15:04:54,2.561996937,3.505634546,2.558601379
15:04:54,2.561008692,3.507295609,2.559755564
15:04:54,2.561897278,3.504761457,2.558586121
15:04:54,2.562332153,3.506183147,2.560192585
15:04:54,2.561945438,3.506082058,2.559988022
15:04:54,2.56180954,3.505839825,2.559039831
15:04:54,2.561590195,3.506361723,2.558563232
15:04:54,2.56133461,3.505963087,2.559619188
15:04:54,2.562095642,3.505167961,2.559190035
15:04:54,2.562908888,3.50687933,2.560544968
15:04:54,2.561861515,3.506901503,2.560992718
15:04:54,2.562590361,3.508048534,2.560141563
15:04:54,2.563352108,3.508541107,2.559662104
15:04:54,2.562412024,3.507899284,2.56068635
15:04:54,2.563343048,3.507125378,2.561102629
15:04:54,2.562133312,3.507581472,2.560441732
15:04:54,2.562606812,3.507312536,2.56103754
15:04:54,2.562762022,3.508019209,2.560266018
15:04:54,2.562594652,3.507823467,2.560647011
15:04:54,2.562312841,3.508018494,2.561823368
15:04:54,2.56114006,3.508498907,2.559562206
15:04:54,2.562588453,3.508262634,2.5596385
15:04:54,2.562912226,3.508659363,2.560306072
15:04:54,2.56283021,3.508637667,2.560251474
15:04:54,2.562397718,3.507944107,2.560600519
15:04:54,2.5618155,3.507565737,2.559347868
15:04:54,2.561677933,3.508606911,2.560437918
15:04:55,2.561769009,3.508623838,2.560669899
15:04:55,2.562609434,3.508466005,2.55998683
15:04:55,2.56170249,3.509032249,2.560027838
15:04:55,2.561990499,3.508553505,2.560756922
15:04:55,2.563011169,3.507974148,2.560288429
15:04:55,2.562294483,3.507480383,2.559146881
15:04:55,2.561547995,3.508055687,2.56078577
15:04:55,2.562795401,3.508828163,2.559770584
15:04:55,2.562288284,3.508547783,2.559396744
15:04:55,2.561391354,3.508568525,2.5589149
15:04:55,2.561903238,3.507727623,2.560116529
15:04:55,2.562066555,3.508305073,2.560063601
15:04:55,2.561861515,3.5081563,2.559279919
15:04:55,2.561603785,3.50810647,2.559752226
15:04:55,2.562692642,3.507965088,2.559759378
15:04:55,2.562360525,3.508057594,2.559350252
15:04:55,2.562408209,3.508124113,2.558866978
15:04:55,2.562973022,3.50831604,2.55908227
15:04:55,2.561602116,3.506942034,2.561006546
15:04:55,2.561698198,3.507591963,2.560034037
15:04:55,2.563097239,3.507944822,2.56007576
15:04:55,2.563032389,3.50760746,2.561069965
15:04:55,2.5629704,3.508001089,2.560843229
15:04:55,2.563183069,3.50818491,2.560966969
15:04:55,2.562557459,3.50780201,2.558936596
15:04:55,2.562287807,3.507632971,2.559586048
15:04:55,2.562149763,3.508064747,2.560357809
15:04:55,2.562299728,3.508482933,2.560417891
15:04:55,2.562047958,3.506987095,2.559951067
15:04:55,2.562308073,3.507671595,2.560109854
15:04:55,2.561944962,3.507283926,2.561649561
15:04:55,2.564182758,3.50825572,2.559944391
15:04:55,2.56279254,3.50890255,2.560186148
15:04:55,2.56282711,3.507704735,2.560601234
15:04:55,2.563444614,3.508620262,2.560689926
15:04:55,2.562369585,3.508252859,2.560260057
15:04:55,2.563628912,3.508887053,2.561281919
15:04:55,2.56268239,3.509299278,2.560539722
15:04:55,2.563043594,3.509602547,2.560396194
15:04:55,2.563400984,3.508291721,2.559906721
15:04:55,2.562246799,3.50745821,2.560014486
15:04:55,2.561697006,3.506316185,2.55830574
15:04:55,2.561377048,3.506736994,2.558873177
15:04:55,2.561333895,3.506647587,2.559539557
15:04:55,2.560855627,3.505648613,2.557933331
15:04:55,2.56239152,3.506418943,2.559116602
15:04:55,2.561405182,3.507207632,2.558354616
15:04:55,2.560838461,3.506904125,2.558772087
15:04:55,2.560456276,3.507058144,2.558092117
15:04:55,2.561897278,3.508261204,2.558775902
15:04:55,2.561515331,3.506673813,2.558694601
15:04:55,2.561988592,3.507877111,2.559911251
15:04:55,2.56238699,3.50804472,2.560588598
15:04:55,2.562451601,3.50840497,2.561230421
15:04:55,2.562839031,3.508772135,2.560504913
15:04:55,2.563160658,3.508502483,2.559894323
15:04:55,2.562683582,3.508789778,2.560015917
15:04:55,2.562365055,3.50793767,2.559479713
15:04:55,2.561915159,3.508252859,2.559306383
15:04:55,2.560853243,3.506602764,2.558914185
15:04:55,2.560932636,3.506040335,2.559420109
15:04:55,2.561867476,3.506148577,2.558661461
15:04:55,2.560636044,3.505835533,2.558893681
15:04:55,2.561655521,3.505822182,2.558685541
15:04:55,2.563027382,3.509254456,2.560614824
15:04:55,2.562833548,3.508242369,2.559949875
15:04:55,2.562338591,3.508206844,2.560508728
15:04:55,2.563331604,3.508943081,2.559732437
15:04:55,2.561711788,3.508444071,2.558855295
15:04:55,2.562708616,3.508437395,2.559571505
15:04:55,2.561969519,3.507799864,2.559973478
15:04:55,2.563240767,3.507247925,2.560364723
15:04:55,2.56283021,3.507846832,2.559411526
15:04:55,2.561521292,3.505424976,2.559325457
15:04:55,2.561171293,3.506392717,2.559658289
15:04:55,2.56071353,3.506185055,2.558233738
15:04:55,2.560656548,3.507210255,2.557879686
15:04:55,2.561267614,3.50601244,2.559146881
15:04:55,2.562011003,3.507114887,2.559537888
15:04:55,2.561342955,3.506823301,2.558970928
15:04:55,2.561632395,3.50854063,2.558418751
15:04:55,2.560767174,3.507615089,2.559760571
15:04:55,2.561400414,3.507678509,2.558385134
15:04:55,2.561602592,3.507199049,2.559827566
15:04:55,2.562129974,3.508444071,2.560847998
15:04:55,2.563816547,3.508543253,2.560613155
15:04:55,2.563132763,3.508939743,2.56195426
15:04:55,2.561762571,3.506716967,2.558131695
15:04:55,2.560909033,3.506145477,2.558675528
15:04:55,2.561007977,3.506155252,2.55882597
15:04:55,2.561458588,3.507745981,2.559970379
15:04:55,2.561890841,3.506717443,2.559228182
15:04:55,2.561522722,3.506892443,2.558957338
15:04:55,2.562056541,3.508180857,2.558368683
15:04:55,2.562207222,3.507142544,2.559776545
15:04:55,2.561803341,3.508222818,2.559041977
15:04:55,2.561747313,3.50769496,2.559031487
15:04:55,2.561668158,3.50749445,2.559778452
15:04:55,2.561222792,3.506921768,2.5587852
15:04:55,2.560940027,3.505604744,2.55970788
15:04:55,2.561324596,3.50585103,2.55862236
15:04:55,2.561527967,3.506872654,2.558922768
15:04:55,2.560912848,3.507414341,2.559886932
15:04:55,2.561929703,3.50726223,2.558596849
15:04:55,2.562602997,3.506853104,2.558882475
15:04:55,2.560790539,3.507932425,2.560926437
15:04:55,2.562549591,3.508296728,2.559337616
15:04:55,2.562056541,3.50886488,2.561137438
15:04:55,2.562853336,3.509495735,2.561001301
15:04:55,2.562575102,3.508908987,2.561156988
15:04:55,2.562622786,3.508122921,2.560648918
15:04:55,2.562600374,3.507725,2.5600214
15:04:55,2.56203866,3.50703454,2.559825659
15:04:55,2.561764002,3.507280588,2.560182571
15:04:55,2.562454462,3.50860858,2.561064959
15:04:56,2.562635899,3.508138657,2.559881687
15:04:56,2.562058449,3.508553028,2.559635639
15:04:56,2.561651468,3.507015705,2.560837507
15:04:56,2.562624931,3.50843811,2.558721066
15:04:56,2.562893152,3.508462906,2.560061455
15:04:56,2.563062668,3.508341551,2.560435295
15:04:56,2.562525034,3.508394241,2.560655355
15:04:56,2.562513113,3.507834673,2.559356689
15:04:56,2.562657118,3.507568359,2.560139418
15:04:56,2.56236434,3.50796175,2.559443951
15:04:56,2.562594652,3.507910013,2.560087442
15:04:56,2.561685801,3.509312391,2.559714317
15:04:56,2.56291604,3.509585142,2.561139107
15:04:56,2.562129259,3.508102894,2.561845779
15:04:56,2.562651873,3.509245634,2.560999393
15:04:56,2.561784267,3.508586645,2.56050396
15:04:56,2.562184095,3.508659363,2.559746742
15:04:56,2.56232357,3.508874655,2.560597897
15:04:56,2.561680079,3.508615494,2.559492826
15:04:56,2.561264992,3.506744385,2.559379101
15:04:56,2.562153578,3.507997751,2.558956623
15:04:56,2.561634302,3.507045746,2.560717583
15:04:56,2.562017441,3.507247925,2.559568167
15:04:56,2.561852932,3.506701946,2.55892086
15:04:56,2.561196327,3.506835699,2.558904886
15:04:56,2.561683416,3.508539915,2.559219599
15:04:56,2.562488079,3.507745981,2.558879137
15:04:56,2.562240362,3.507788181,2.560038567
15:04:56,2.56217885,3.507368088,2.560189247
15:04:56,2.561695337,3.506237984,2.559234381
15:04:56,2.559966564,3.505367517,2.55780983
15:04:56,2.561208963,3.505404711,2.558813572
15:04:56,2.560677528,3.504717112,2.558611155
15:04:56,2.560004234,3.505072117,2.557383776
15:04:56,2.560047865,3.504747152,2.558246374
15:04:56,2.560894489,3.504856825,2.558748245
15:04:56,2.560842991,3.505084753,2.55926466
15:04:56,2.561271191,3.50541997,2.558364391
15:04:56,2.561773062,3.504948854,2.559389591
15:04:56,2.560229778,3.505642414,2.559037924
15:04:56,2.561611414,3.505297899,2.55978322
15:04:56,2.561695337,3.505625963,2.558380604
15:04:56,2.561017752,3.506272554,2.558154821
15:04:56,2.560935259,3.504594564,2.558495522
15:04:56,2.560073137,3.505130768,2.558596134
15:04:56,2.561234713,3.505730867,2.558772802
15:04:56,2.562232971,3.506425858,2.560469627
15:04:56,2.561814785,3.505613089,2.558916807
15:04:56,2.561913729,3.506591082,2.55919838
15:04:56,2.561000109,3.506192923,2.558326244
15:04:56,2.561170578,3.506443501,2.558010817
15:04:56,2.561118126,3.506612539,2.558625221
15:04:56,2.561220407,3.50563693,2.559259415
15:04:56,2.560453892,3.505868673,2.558846712
15:04:56,2.560933352,3.505637646,2.558852673
15:04:56,2.561419487,3.506643295,2.559070826
15:04:56,2.560838938,3.50712347,2.559726238
15:04:56,2.561085463,3.506882668,2.558258772
15:04:56,2.560431719,3.506804228,2.558887482
15:04:56,2.561612606,3.508622169,2.559094667
15:04:56,2.562660933,3.507130623,2.559010744
15:04:56,2.561893225,3.508595228,2.561695099
15:04:56,2.563310623,3.510001898,2.559981585
15:04:56,2.562385798,3.507631063,2.559821367
15:04:56,2.562186718,3.507895947,2.559457779
15:04:56,2.56182313,3.508167267,2.560963154
15:04:56,2.559886932,3.505906582,2.557773352
15:04:56,2.560693741,3.50604105,2.55896759
15:04:56,2.560673237,3.505640507,2.558932066
15:04:56,2.560382366,3.505311489,2.558062792
15:04:56,2.561668634,3.5075984,2.558612585
15:04:56,2.560561895,3.507073164,2.559064865
15:04:56,2.561403275,3.50747776,2.559279203
15:04:56,2.561966658,3.50844717,2.559030056
15:04:56,2.562084436,3.508490324,2.559653521
15:04:56,2.562341452,3.508856297,2.56095171
15:04:56,2.562295437,3.507112265,2.559999466
15:04:56,2.562264442,3.508252144,2.558715582
15:04:56,2.56275034,3.507521391,2.560651541
15:04:56,2.561905146,3.508148432,2.559787035
15:04:56,2.561863661,3.507524729,2.559689283
15:04:56,2.562978983,3.507099867,2.559656143
15:04:56,2.562952518,3.508167267,2.559218168
15:04:56,2.562550783,3.508633614,2.560361147
15:04:56,2.562790155,3.507096052,2.560808897
15:04:56,2.563138247,3.507634878,2.559933901
15:04:56,2.562523603,3.507437944,2.559918165
15:04:56,2.563147545,3.508359671,2.560862541
15:04:56,2.562059879,3.507176161,2.560821295
15:04:56,2.562127352,3.507312059,2.559758663
15:04:56,2.562458992,3.50767231,2.55949235
15:04:56,2.562577724,3.507490873,2.557804346
15:04:56,2.560316801,3.506087303,2.557834864
15:04:56,2.56116724,3.507536411,2.559366465
15:04:56,2.561362743,3.50707984,2.558259964
15:04:56,2.560949087,3.506761074,2.558425426
15:04:56,2.561286211,3.506599426,2.557582855
15:04:56,2.560257673,3.505628586,2.557293892
15:04:56,2.561242342,3.506195545,2.558835983
15:04:56,2.561068058,3.507353544,2.559660912
15:04:56,2.561952353,3.507125854,2.560150146
15:04:56,2.563258171,3.508552313,2.559136391
15:04:56,2.562835455,3.506583929,2.559121132
15:04:56,2.56123662,3.508150339,2.559552431
15:04:56,2.561724424,3.507680655,2.559883595
15:04:56,2.562292576,3.508121014,2.559797525
15:04:56,2.562751532,3.507741928,2.559713125
15:04:56,2.56166935,3.506989717,2.558375835
15:04:56,2.559794426,3.505140543,2.557586908
15:04:56,2.56086874,3.506435633,2.559512615
15:04:56,2.5617342,3.505893469,2.559249878
15:04:56,2.560545444,3.505982876,2.559484243
15:04:56,2.561753988,3.506637812,2.560945034
15:04:56,2.56134367,3.506476164,2.560648203
15:04:56,2.562299013,3.507686377,2.560376406
15:04:56,2.562726736,3.507323742,2.559117794
15:04:56,2.559892893,3.505978346,2.557627678
15:04:56,2.560120106,3.505538702,2.556979656
15:04:56,2.560988188,3.506227016,2.559047699
15:04:57,2.560637474,3.505528927,2.557778597
15:04:57,2.560029984,3.505453587,2.558755398
15:04:57,2.561310768,3.507095098,2.560075045
15:04:57,2.562116146,3.506281137,2.56057024
15:04:57,2.561919928,3.506036997,2.559949875
15:04:57,2.561691761,3.506884575,2.559603214
15:04:57,2.563031673,3.507753611,2.56003046
15:04:57,2.561588049,3.505702972,2.557963133
15:04:57,2.560492039,3.505735636,2.558668375
15:04:57,2.560456276,3.505660057,2.557919502
15:04:57,2.561619282,3.506113529,2.558821678
15:04:57,2.561530828,3.506052732,2.559372425
15:04:57,2.561018467,3.506600857,2.559359789
15:04:57,2.562454462,3.50809598,2.560858488
15:04:57,2.561183691,3.504419088,2.558303118
15:04:57,2.560887337,3.504673958,2.558382988
15:04:57,2.56058073,3.506244659,2.559476852
15:04:57,2.560839415,3.505580425,2.558596134
15:04:57,2.561905861,3.508382559,2.559595346
15:04:57,2.562418699,3.50761795,2.559975386
15:04:57,2.561445951,3.507125854,2.560090065
15:04:57,2.561277628,3.506064892,2.557832956
15:04:57,2.560211658,3.50710845,2.557559729
15:04:57,2.561166525,3.507660866,2.558619738
15:04:57,2.56086731,3.506654978,2.557491064
15:04:57,2.560421944,3.506782293,2.559754133
15:04:57,2.561817884,3.508042574,2.561382771
15:04:57,2.563527822,3.509443521,2.560060263
15:04:57,2.562710524,3.508441925,2.559855223
15:04:57,2.56247735,3.509179831,2.559962273
15:04:57,2.562728643,3.509317398,2.560373783
15:04:57,2.563513517,3.508924961,2.560512543
15:04:57,2.562879801,3.50814414,2.560275793
15:04:57,2.562384129,3.509150505,2.560450554
15:04:57,2.562154293,3.509538174,2.559959173
15:04:57,2.562882662,3.508228779,2.560054302
15:04:57,2.562254667,3.50782156,2.55989027
15:04:57,2.562163353,3.507790804,2.560106039
15:04:57,2.561654091,3.507223845,2.560408831
15:04:57,2.562743902,3.507769108,2.559973478
15:04:57,2.562530994,3.508567333,2.560210466
15:04:57,2.563009977,3.508422136,2.560894251
15:04:57,2.562485456,3.508364916,2.560021877
15:04:57,2.562572479,3.507423401,2.560174704
15:04:57,2.562505245,3.506963491,2.561035872
15:04:57,2.561940908,3.507490873,2.560053587
15:04:57,2.561973333,3.509338856,2.560329437
15:04:57,2.56293416,3.507218599,2.560625553
15:04:57,2.562464714,3.507890463,2.560452461
15:04:57,2.561833858,3.507948637,2.559590101
15:04:57,2.562874317,3.50811553,2.560502529
15:04:57,2.562728882,3.507557154,2.561430454
15:04:57,2.562708139,3.50739193,2.559467554
15:04:57,2.560593128,3.505303621,2.557185173
15:04:57,2.561537266,3.507504463,2.557805061
15:04:57,2.560636759,3.507052422,2.559158802
15:04:57,2.560297012,3.505747318,2.558935404
15:04:57,2.560893774,3.505144596,2.5591681
15:04:57,2.560432434,3.505421162,2.557984352
15:04:57,2.5598948,3.504280567,2.559421301
15:04:57,2.560791254,3.505413294,2.557999372
15:04:57,2.560671806,3.506016016,2.55748415
15:04:57,2.560418606,3.505134821,2.557737589
15:04:57,2.561764002,3.507104874,2.558198452
15:04:57,2.561149836,3.5077672,2.558596849
15:04:57,2.561941624,3.508336306,2.560225487
15:04:57,2.561971426,3.508605719,2.559031487
15:04:57,2.562870026,3.508365631,2.55967021
15:04:57,2.561247349,3.506980658,2.557991743
15:04:57,2.560378313,3.506362438,2.558940411
15:04:57,2.56065917,3.504698038,2.558133841
15:04:57,2.561502695,3.507205725,2.559190035
15:04:57,2.561644793,3.508320808,2.560027122
15:04:57,2.561635733,3.508327246,2.559646368
15:04:57,2.562022924,3.508083105,2.559759378
15:04:57,2.561014891,3.506201506,2.557318211
15:04:57,2.559528112,3.506099701,2.556362152
15:04:57,2.561567783,3.508022308,2.561047077
15:04:57,2.562217236,3.508294582,2.560376406
15:04:57,2.562174797,3.508425713,2.560350418
15:04:57,2.562001705,3.507922649,2.559310913
15:04:57,2.561566114,3.507759571,2.558924675
15:04:57,2.561872721,3.507255316,2.560131073
15:04:57,2.561414957,3.507812977,2.559998751
15:04:57,2.562275887,3.507968426,2.55988574
15:04:57,2.561799765,3.507490873,2.557378054
15:04:57,2.560543537,3.505821705,2.558215141
15:04:57,2.560830832,3.506392002,2.557575464
15:04:57,2.559710503,3.505637646,2.559102535
15:04:57,2.559927225,3.504533768,2.557315826
15:04:57,2.559311867,3.504594564,2.558342695
15:04:57,2.562154293,3.506018639,2.559194565
15:04:57,2.561538696,3.506532431,2.559182644
15:04:57,2.560335398,3.504655123,2.559817076
15:04:57,2.56036067,3.505637646,2.559491634
15:04:57,2.560920238,3.505144596,2.558296442
15:04:57,2.560612202,3.504056215,2.558124304
15:04:57,2.559942007,3.503996611,2.556961298
15:04:57,2.559446096,3.503659487,2.558968544
15:04:57,2.561023951,3.506136179,2.558090925
15:04:57,2.561315298,3.505033016,2.558517218
15:04:57,2.56065917,3.504621267,2.558308363
15:04:57,2.560750246,3.506027699,2.557275772
15:04:57,2.561284781,3.505000353,2.559613943
15:04:57,2.560471535,3.505125761,2.560077429
15:04:57,2.560753584,3.505154371,2.558742762
15:04:57,2.561255693,3.506593704,2.558960915
15:04:57,2.561243057,3.505401373,2.558624506
15:04:57,2.561934233,3.506570101,2.558363199
15:04:57,2.561628342,3.506973267,2.55860734
15:04:57,2.561936855,3.506777048,2.558733463
15:04:57,2.56203413,3.507221222,2.558810472
15:04:57,2.560613394,3.507296324,2.558996201
15:04:57,2.561386585,3.50700593,2.559669495
15:04:57,2.561841011,3.507164717,2.557734966
15:04:57,2.561350107,3.506276608,2.558894157
15:04:58,2.561536551,3.506906748,2.559532404
15:04:58,2.561338902,3.506932735,2.559776545
15:04:58,2.560461521,3.506323338,2.559741497
15:04:58,2.559577703,3.505823612,2.557919502
15:04:58,2.559610605,3.505045652,2.559458971
15:04:58,2.560349941,3.506758451,2.557830095
15:04:58,2.560132742,3.506962776,2.556916952
15:04:58,2.561632395,3.508066654,2.55848217
15:04:58,2.560833454,3.50698638,2.558901548
15:04:58,2.561128378,3.508647442,2.559584856
15:04:58,2.561728716,3.508644104,2.55980587
15:04:58,2.561146975,3.507997751,2.560545683
15:04:58,2.561620474,3.508350611,2.560476303
15:04:58,2.56203866,3.508215427,2.56046319
15:04:58,2.561472654,3.508729696,2.559924603
15:04:58,2.561778784,3.508708715,2.558181524
15:04:58,2.56035924,3.505804062,2.556830406
15:04:58,2.561920643,3.506079435,2.559049845
15:04:58,2.560457468,3.505733728,2.558783293
15:04:58,2.56076169,3.507266283,2.561005354
15:04:58,2.561494827,3.508287907,2.5604949
15:04:58,2.562758923,3.507231712,2.560232639
15:04:58,2.562150478,3.507341862,2.558782578
15:04:58,2.561206102,3.506500244,2.559010744
15:04:58,2.56084013,3.505249262,2.559545994
15:04:58,2.560889721,3.505854368,2.560176611
15:04:58,2.560781479,3.507157326,2.559355021
15:04:58,2.562495947,3.508019924,2.559350252
15:04:58,2.561935425,3.507891178,2.559674501
15:04:58,2.561942816,3.508555412,2.559559107
15:04:58,2.562526226,3.507191896,2.558846712
15:04:58,2.561994553,3.506430626,2.559369802
15:04:58,2.56135726,3.506241083,2.560230255
15:04:58,2.561582804,3.506605387,2.559249878
15:04:58,2.562483311,3.506889105,2.560203791
15:04:58,2.562302351,3.507740021,2.558864832
15:04:58,2.562190771,3.507797956,2.559655428
15:04:58,2.561326981,3.506181955,2.559517384
15:04:58,2.561790943,3.507418394,2.55931139
15:04:58,2.561760426,3.507256985,2.560349226
15:04:58,2.561966658,3.507094383,2.560083389
15:04:58,2.561534405,3.508081436,2.559602022
15:04:58,2.561141968,3.507022858,2.559011459
15:04:58,2.561959982,3.506328106,2.559442043
15:04:58,2.561687231,3.505552292,2.559048653
15:04:58,2.561244965,3.506328821,2.559331656
15:04:58,2.561472654,3.505484343,2.558560848
15:04:58,2.561194181,3.504809856,2.558625937
15:04:58,2.561359644,3.506499052,2.559367895
15:04:58,2.561386108,3.506477594,2.556820154
15:04:58,2.560100317,3.504549503,2.557940483
15:04:58,2.559765339,3.504968882,2.557012796
15:04:58,2.559801579,3.505387068,2.558722496
15:04:58,2.559470654,3.504572153,2.559021473
15:04:58,2.559989929,3.503853321,2.558319569
15:04:58,2.560186863,3.50594902,2.55759716
15:04:58,2.55903554,3.504046917,2.5586133
15:04:58,2.559924603,3.504787207,2.557213783
15:04:58,2.559704304,3.505074263,2.55896163
15:04:58,2.560575247,3.504698038,2.558431387
15:04:58,2.562427282,3.506269693,2.558373213
15:04:58,2.560933828,3.505687237,2.560236931
15:04:58,2.561900139,3.507923365,2.559320927
15:04:58,2.560853243,3.506498337,2.557991028
15:04:58,2.561481714,3.506395817,2.559597969
15:04:58,2.561545849,3.505702257,2.559736013
15:04:58,2.561734676,3.505455732,2.558229446
15:04:58,2.56062746,3.505921364,2.559805155
15:04:58,2.560560703,3.506045341,2.55833149
15:04:58,2.559557199,3.504436493,2.556900978
15:04:58,2.55958271,3.504412889,2.556284666
15:04:58,2.560287237,3.505783796,2.557924986
15:04:58,2.559473991,3.505806923,2.557672262
15:04:58,2.560167551,3.505361795,2.558405638
15:04:58,2.560878515,3.506639242,2.560484886
15:04:58,2.561301231,3.506928205,2.559504271
15:04:58,2.560742617,3.506712914,2.559574842
15:04:58,2.56174612,3.50745225,2.558487415
15:04:58,2.562093496,3.506457329,2.559830666
15:04:58,2.560898304,3.508113623,2.55862236
15:04:58,2.560158253,3.504490852,2.558378696
15:04:58,2.559765577,3.506093025,2.558044434
15:04:58,2.559576273,3.508011341,2.559136391
15:04:58,2.562161446,3.508251429,2.559318066
15:04:58,2.561429501,3.507472992,2.559340715
15:04:58,2.561220884,3.50709939,2.559648275
15:04:58,2.561658144,3.507193804,2.559258223
15:04:58,2.560815096,3.507078409,2.557988882
15:04:58,2.560042143,3.505398512,2.55923748
15:04:58,2.559956789,3.505554676,2.559206486
15:04:58,2.560292244,3.505971909,2.558407545
15:04:58,2.561475754,3.505924702,2.559580564
15:04:58,2.561501503,3.506584883,2.558478355
15:04:58,2.562028646,3.507282734,2.560009956
15:04:58,2.561680079,3.508402824,2.559310436
15:04:58,2.561708212,3.507880688,2.559316874
15:04:58,2.562134504,3.507081747,2.559627056
15:04:58,2.561588049,3.507193327,2.558539152
15:04:58,2.561454058,3.506862879,2.560194492
15:04:58,2.560267925,3.507310629,2.559312105
15:04:58,2.561251163,3.506554842,2.560508013
15:04:58,2.560753584,3.506961107,2.558302402
15:04:58,2.562560081,3.506624937,2.558151245
15:04:58,2.560700178,3.506658792,2.558925629
15:04:58,2.561405182,3.506300688,2.559140444
15:04:58,2.561946869,3.506101608,2.559205294
15:04:58,2.561635733,3.505949736,2.560238123
15:04:58,2.561685324,3.506460667,2.559271336
15:04:58,2.562463522,3.507256746,2.559236288
15:04:58,2.561773777,3.507148027,2.559836864
15:04:58,2.561804056,3.507581472,2.560023308
15:04:58,2.561644316,3.507100582,2.559604645
15:04:58,2.561647415,3.504952431,2.559213638
15:04:58,2.561905861,3.507277966,2.559432745
15:04:58,2.561701775,3.506514549,2.559629679
15:04:58,2.562092304,3.507045746,2.559693813
15:04:58,2.562261343,3.506589651,2.557847261
15:04:58,2.562093496,3.506569624,2.560096025
15:04:58,2.560394287,3.506405115,2.56093359
15:04:59,2.561008692,3.506702662,2.559076786
15:04:59,2.560265303,3.506310463,2.559433937
15:04:59,2.561589479,3.506337404,2.560043097
15:04:59,2.561703682,3.506886482,2.559562206
15:04:59,2.561740637,3.506559849,2.558639288
15:04:59,2.561026573,3.506915331,2.559788942
15:04:59,2.560512543,3.506384134,2.558610439
15:04:59,2.55928421,3.504976034,2.557788134
15:04:59,2.559632301,3.503919125,2.559137583
15:04:59,2.559876204,3.504525661,2.558045149
15:04:59,2.559242487,3.504755497,2.558045626
15:04:59,2.560089588,3.504559755,2.557244778
15:04:59,2.559616566,3.505309105,2.556927681
15:04:59,2.559402704,3.503823996,2.558283329
15:04:59,2.559734583,3.504364729,2.557170868
15:04:59,2.559975386,3.506631374,2.55875206
15:04:59,2.561137438,3.506267309,2.558733463
15:04:59,2.560210466,3.50583744,2.558144093
15:04:59,2.560091019,3.505560875,2.557698727
15:04:59,2.560173512,3.505176544,2.55778718
15:04:59,2.560489178,3.504765987,2.558993578
15:04:59,2.560162067,3.504760265,2.55782032
15:04:59,2.559828997,3.504961729,2.557825089
15:04:59,2.559954643,3.505075932,2.557706594
15:04:59,2.561712503,3.506053448,2.559764147
15:04:59,2.56166935,3.506982327,2.558221102
15:04:59,2.561398506,3.506317854,2.559790373
15:04:59,2.560652018,3.505518198,2.558844805
15:04:59,2.560684681,3.504932165,2.558866978
15:04:59,2.560709953,3.506250858,2.558160305
15:04:59,2.561706543,3.507633686,2.559103489
15:04:59,2.561790943,3.505902052,2.558548212
15:04:59,2.561686516,3.507827282,2.55967021
15:04:59,2.561397076,3.506420135,2.559732437
15:04:59,2.562347174,3.506476879,2.558936596
15:04:59,2.560839415,3.505664587,2.558871984
15:04:59,2.561105728,3.505293846,2.559218168
15:04:59,2.561630487,3.506695509,2.559445381
15:04:59,2.560249567,3.504935026,2.557638407
15:04:59,2.561042309,3.505109787,2.558489084
15:04:59,2.561231852,3.505928755,2.559278011
15:04:59,2.55957222,3.504417658,2.559216499
15:04:59,2.560704231,3.505096197,2.557935715
15:04:59,2.560419321,3.505352736,2.559056282
15:04:59,2.561506271,3.505937338,2.558820248
15:04:59,2.559992552,3.505654097,2.558731794
15:04:59,2.561258554,3.506858587,2.558418274
15:04:59,2.561261892,3.506047249,2.56005764
15:04:59,2.561614513,3.506229401,2.559335232
15:04:59,2.561291456,3.506591558,2.558668852
15:04:59,2.560762405,3.507368088,2.557903528
15:04:59,2.560746431,3.507036448,2.557574987
15:04:59,2.561231375,3.506919146,2.557734966
15:04:59,2.560964346,3.507323742,2.557545185
15:04:59,2.560714722,3.506658792,2.559309006
15:04:59,2.561103106,3.508381844,2.558173418
15:04:59,2.560877323,3.508196592,2.557326317
15:04:59,2.560361862,3.507793665,2.557593584
15:04:59,2.560191393,3.508453131,2.558474302
15:04:59,2.560415506,3.505971193,2.557724953
15:04:59,2.559534788,3.504811525,2.557294607
15:04:59,2.560192585,3.50635004,2.557202101
15:04:59,2.559903145,3.505869389,2.557370663
15:04:59,2.560078382,3.507368803,2.55813694
15:04:59,2.560667038,3.506410837,2.557034016
15:04:59,2.560652018,3.507797241,2.557600021
15:04:59,2.561538696,3.507546663,2.559133768
15:04:59,2.561517477,3.508246899,2.558518648
15:04:59,2.561105728,3.505096197,2.557720184
15:04:59,2.559358358,3.505403519,2.557358742
15:04:59,2.561630487,3.506142139,2.559340239
15:04:59,2.560571671,3.505631208,2.558742762
15:04:59,2.560715199,3.505764961,2.558518648
15:04:59,2.559570789,3.505184889,2.558687449
15:04:59,2.560602903,3.50521946,2.558514833
15:04:59,2.56103754,3.505215645,2.558363914
15:04:59,2.560277462,3.505563498,2.557870626
15:04:59,2.56154871,3.506333828,2.560159922
15:04:59,2.561913252,3.50699687,2.559886456
15:04:59,2.56184721,3.506392717,2.558778048
15:04:59,2.561775208,3.506620884,2.559732914
15:04:59,2.561681986,3.506937265,2.55905509
15:04:59,2.561558962,3.505595207,2.559669495
15:04:59,2.560812473,3.505097389,2.55840373
15:04:59,2.561631203,3.507372379,2.559321404
15:04:59,2.561650991,3.507626534,2.559728146
15:04:59,2.561846495,3.506364584,2.559625626
15:04:59,2.560992241,3.505155563,2.558585405
15:04:59,2.559692144,3.5041821,2.55667758
15:04:59,2.56036377,3.503812313,2.557680607
15:04:59,2.559685946,3.505237818,2.559276104
15:04:59,2.561861992,3.506616354,2.560231447
15:04:59,2.561957598,3.506382227,2.561879635
15:04:59,2.561749458,3.50664115,2.56052947
15:04:59,2.561065674,3.507116318,2.560110331
15:04:59,2.56123662,3.506970882,2.558906317
15:04:59,2.561677933,3.507274151,2.558458567
15:04:59,2.561186314,3.506481886,2.560058355
15:04:59,2.562007666,3.5074687,2.559252739
15:04:59,2.561713696,3.506917238,2.559555054
15:04:59,2.562318802,3.507500648,2.559489965
15:04:59,2.561294556,3.507075071,2.558817625
15:04:59,2.560843468,3.505944967,2.558830738
15:04:59,2.561540604,3.50594306,2.558596134
15:04:59,2.561940908,3.507377863,2.559344053
15:04:59,2.561527252,3.507894039,2.559485674
15:04:59,2.560486794,3.506920099,2.561280489
15:04:59,2.561176538,3.507521868,2.558904886
15:04:59,2.560720682,3.505385876,2.558906317
15:04:59,2.56040597,3.506812096,2.561509848
15:04:59,2.56192255,3.508451223,2.559412956
15:04:59,2.562074423,3.508290529,2.559099913
15:04:59,2.562351227,3.508874655,2.559651852
15:04:59,2.562614918,3.507493258,2.560530424
15:04:59,2.561712503,3.506489277,2.559758663
15:05:00,2.561455965,3.506210566,2.560396194
15:05:00,2.561535358,3.507778406,2.56150794
15:05:00,2.562486649,3.508742809,2.560032606
15:05:00,2.562646389,3.508023024,2.558762789
15:05:00,2.560617685,3.50688529,2.556949377
15:05:00,2.560859442,3.506626844,2.558586836
15:05:00,2.561116457,3.50655365,2.557881832
15:05:00,2.561262846,3.506464243,2.558108091
15:05:00,2.56022501,3.50664115,2.559519768
15:05:00,2.562263489,3.508183002,2.558772802
15:05:00,2.562305212,3.509068251,2.560804844
15:05:00,2.561374664,3.506434202,2.558904171
15:05:00,2.561279535,3.506715775,2.559362173
15:05:00,2.560688257,3.505758286,2.558120728
15:05:00,2.562687635,3.508072138,2.560458899
15:05:00,2.562077284,3.508020639,2.559686422
15:05:00,2.561720848,3.508096695,2.560176134
15:05:00,2.562071085,3.507615089,2.559545994
15:05:00,2.562229633,3.50771451,2.560138941
15:05:00,2.562153101,3.507252455,2.559351444
15:05:00,2.561712503,3.506380796,2.559355974
15:05:00,2.562507153,3.50701189,2.560414076
15:05:00,2.562188625,3.506895781,2.560219765
15:05:00,2.56180954,3.508370161,2.559528112
15:05:00,2.561642408,3.507200956,2.559651852
15:05:00,2.562097073,3.508390427,2.5595994
15:05:00,2.561835766,3.507848263,2.558461189
15:05:00,2.560662508,3.508712292,2.558977604
15:05:00,2.562066555,3.507583857,2.560015202
15:05:00,2.562300444,3.507885456,2.558944702
15:05:00,2.562129259,3.508222103,2.559043646
15:05:00,2.561773062,3.507814407,2.560955763
15:05:00,2.560715675,3.505055666,2.558586121
15:05:00,2.559672356,3.506181955,2.558120012
15:05:00,2.560899734,3.50631094,2.557897568
15:05:00,2.560718536,3.505727291,2.55839777
15:05:00,2.559957504,3.505768776,2.558055162
15:05:00,2.56079793,3.507688284,2.559966326
15:05:00,2.561869144,3.508090973,2.560216427
15:05:00,2.560684204,3.505351782,2.55829978
15:05:00,2.560702801,3.505746126,2.558157682
15:05:00,2.560616255,3.507356405,2.559414625
15:05:00,2.561745405,3.508365631,2.559748888
15:05:00,2.562134027,3.507831335,2.559381247
15:05:00,2.562262058,3.506621599,2.559949875
15:05:00,2.561550617,3.506910563,2.560792208
15:05:00,2.562444448,3.507931232,2.559782505
15:05:00,2.561976671,3.507172346,2.559531212
15:05:00,2.562320709,3.507222652,2.559889555
15:05:00,2.560776234,3.50451231,2.558972836
15:05:00,2.560711384,3.505643606,2.558864117
15:05:00,2.561242342,3.505378008,2.558936596
15:05:00,2.560933828,3.504372597,2.556837082
15:05:00,2.561063766,3.504351616,2.558701277
15:05:00,2.560608864,3.505482674,2.558373213
15:05:00,2.56174469,3.505930185,2.55948019
15:05:00,2.56065917,3.505984783,2.55918479
15:05:00,2.561989307,3.505721092,2.559121132
15:05:00,2.562950373,3.508530855,2.560198545
15:05:00,2.562398672,3.508011818,2.560882807
15:05:00,2.562266588,3.506723404,2.559249401
15:05:00,2.56204915,3.506680965,2.560499907
15:05:00,2.562191963,3.506374359,2.559206486
15:05:00,2.562265396,3.507084608,2.559915543
15:05:00,2.561974049,3.507509708,2.561176538
15:05:00,2.562902451,3.50709343,2.560919285
15:05:00,2.562460899,3.508025646,2.560560465
15:05:00,2.562619448,3.507814407,2.559649467
15:05:00,2.562096357,3.508345366,2.559084654
15:05:00,2.562232256,3.508896351,2.560125113
15:05:00,2.562227726,3.508004665,2.559957981
15:05:00,2.561774492,3.507433891,2.559703112
15:05:00,2.562302351,3.508025646,2.559133768
15:05:00,2.561357975,3.507585764,2.560039043
15:05:00,2.562084913,3.507870436,2.559645653
15:05:00,2.562316895,3.508996487,2.561408043
15:05:00,2.56293273,3.508545637,2.56189537
15:05:00,2.562359095,3.508220911,2.559041023
15:05:00,2.562059879,3.508213758,2.559682846
15:05:00,2.562247515,3.507244825,2.560423374
15:05:00,2.562823534,3.50925827,2.55999279
15:05:00,2.562660456,3.509292126,2.560743332
15:05:00,2.562222004,3.507705927,2.560269833
15:05:00,2.561978579,3.506692886,2.560992718
15:05:00,2.562036753,3.507673502,2.559293032
15:05:00,2.560608149,3.507621765,2.559634924
15:05:00,2.562367201,3.507264376,2.55847311
15:05:00,2.561245918,3.50750351,2.559901953
15:05:00,2.562075615,3.507074356,2.558643103
15:05:00,2.560609818,3.50557375,2.559031963
15:05:00,2.561403275,3.50592041,2.557714701
15:05:00,2.560480118,3.505555391,2.558300495
15:05:00,2.559910297,3.504830122,2.558729172
15:05:00,2.560098171,3.504163027,2.559160948
15:05:00,2.560239792,3.504555941,2.55822587
15:05:00,2.560683012,3.504468441,2.557873249
15:05:00,2.561051607,3.506393909,2.559904814
15:05:00,2.56143856,3.506247759,2.560377121
15:05:00,2.561532497,3.507293701,2.559656143
15:05:00,2.562410116,3.506473303,2.558218479
15:05:00,2.561153412,3.506795883,2.560037851
15:05:00,2.561039209,3.506274462,2.559582949
15:05:00,2.561747789,3.506807566,2.55895853
15:05:00,2.561546326,3.506136179,2.55933404
15:05:00,2.561005831,3.506454468,2.559552431
15:05:00,2.561178684,3.505232096,2.558266163
15:05:00,2.560032368,3.505128622,2.557973862
15:05:00,2.560019016,3.504807234,2.557563066
15:05:00,2.561088562,3.505589962,2.557385206
15:05:00,2.561609268,3.506275177,2.559046268
15:05:00,2.560622454,3.505982161,2.559040546
15:05:00,2.56195879,3.507445574,2.560022593
15:05:00,2.562286377,3.507574081,2.559031487
15:05:00,2.562049866,3.508734465,2.56035924
15:05:00,2.562303066,3.506746292,2.558815002
15:05:00,2.561701775,3.507148027,2.55916214
15:05:00,2.562575102,3.506900787,2.559664011
15:05:00,2.561224699,3.50650239,2.558711767
15:05:00,2.561542511,3.507234812,2.559113264
15:05:01,2.561796904,3.508310795,2.560195684
15:05:01,2.562945366,3.50852561,2.558084249
15:05:01,2.560355663,3.505679607,2.557549953
15:05:01,2.560064554,3.507013083,2.55799675
15:05:01,2.560627937,3.505501509,2.558474302
15:05:01,2.560052633,3.505229235,2.559025288
15:05:01,2.559792995,3.504120111,2.557159662
15:05:01,2.559621811,3.505822897,2.559148312
15:05:01,2.561784267,3.505753279,2.558624029
15:05:01,2.560752869,3.505335808,2.558842659
15:05:01,2.56072402,3.505708694,2.558242083
15:05:01,2.560166359,3.506225109,2.557719469
15:05:01,2.56107688,3.505684614,2.5590868
15:05:01,2.560988903,3.506390095,2.558409691
15:05:01,2.560122013,3.505261898,2.558674097
15:05:01,2.561176538,3.505224943,2.55777812
15:05:01,2.560595036,3.505123138,2.55905509
15:05:01,2.560103416,3.505827188,2.558731079
15:05:01,2.560797215,3.50560689,2.559037209
15:05:01,2.560505152,3.505545616,2.558840752
15:05:01,2.559617281,3.504838467,2.557449341
15:05:01,2.561223984,3.506526947,2.558910847
15:05:01,2.561138153,3.507353544,2.559870243
15:05:01,2.561602592,3.507169485,2.559026003
15:05:01,2.560896397,3.50667119,2.557805538
15:05:01,2.561674833,3.505895376,2.559972763
15:05:01,2.561028481,3.505627155,2.559873819
15:05:01,2.560686827,3.506030083,2.560619831
15:05:01,2.561561823,3.505115271,2.558722496
15:05:01,2.561017752,3.505419254,2.558755398
15:05:01,2.559506893,3.505188704,2.559183359
15:05:01,2.561003447,3.506691456,2.559552431
15:05:01,2.561270237,3.506839514,2.558683157
15:05:01,2.5618577,3.507632256,2.558725595
15:05:01,2.561228752,3.506860971,2.558248758
15:05:01,2.560712814,3.505590677,2.558250189
15:05:01,2.561852932,3.505245686,2.560315609
15:05:01,2.561259747,3.506779432,2.559913397
15:05:01,2.561582327,3.506653786,2.55995059
15:05:01,2.562855244,3.507640123,2.559855223
15:05:01,2.561723471,3.507484674,2.559747934
15:05:01,2.562108278,3.507867336,2.559166193
15:05:01,2.562076569,3.507438421,2.559651136
15:05:01,2.56195879,3.507801294,2.559693813
15:05:01,2.56137228,3.507899284,2.560118437
15:05:01,2.561998367,3.507839203,2.55789566
15:05:01,2.561945438,3.507648468,2.559109926
15:05:01,2.561738729,3.507875204,2.559468269
15:05:01,2.560883045,3.506269693,2.558868408
15:05:01,2.561403275,3.507847786,2.558735609
15:05:01,2.561389685,3.50812459,2.557924986
15:05:01,2.562444925,3.508362293,2.558255672
15:05:01,2.560897112,3.507924557,2.55881238
15:05:01,2.559891224,3.505061626,2.558468342
15:05:01,2.560639381,3.505768061,2.557595968
15:05:01,2.561086655,3.504543543,2.558224678
15:05:01,2.561264992,3.507065296,2.558084965
15:05:01,2.560980797,3.506611109,2.558752775
15:05:01,2.561050415,3.508327723,2.557988167
15:05:01,2.561924934,3.507496119,2.557566166
15:05:01,2.560807228,3.50645256,2.55995059
15:05:01,2.562345982,3.506610632,2.559392452
15:05:01,2.561374187,3.506866455,2.561185837
15:05:01,2.562441826,3.507839203,2.559870958
15:05:01,2.561779499,3.507542372,2.55819273
15:05:01,2.56155777,3.506346464,2.560010672
15:05:01,2.561775208,3.507656336,2.559011459
15:05:01,2.561907291,3.506261587,2.558946609
15:05:01,2.561480284,3.507362127,2.558521986
15:05:01,2.561017036,3.50691843,2.559947968
15:05:01,2.561861038,3.507109642,2.559758663
15:05:01,2.561411142,3.505393028,2.557569027
15:05:01,2.56113553,3.506114244,2.558439255
15:05:01,2.560937405,3.506691456,2.560279369
15:05:01,2.560313463,3.505801439,2.557905197
15:05:01,2.560737133,3.50474596,2.558381557
15:05:01,2.559159279,3.505381346,2.557182789
15:05:01,2.560344458,3.505679607,2.558070898
15:05:01,2.560593605,3.506220341,2.558579445
15:05:01,2.560534477,3.505712032,2.558388472
15:05:01,2.560347319,3.506620407,2.559199095
15:05:01,2.562887669,3.508149624,2.559039831
15:05:01,2.562175512,3.507583141,2.559290409
15:05:01,2.560762405,3.507200956,2.560003519
15:05:01,2.561817408,3.50780654,2.559276581
15:05:01,2.562608242,3.508926153,2.558350563
15:05:01,2.561732292,3.50795722,2.559826136
15:05:01,2.56112361,3.508603573,2.559854031
15:05:01,2.561733484,3.507073641,2.559756756
15:05:01,2.560595751,3.505406618,2.557965755
15:05:01,2.559514999,3.50629282,2.558864117
15:05:01,2.560803175,3.505598545,2.55703783
15:05:01,2.560313463,3.50703454,2.559571505
15:05:01,2.561387062,3.506818295,2.560418844
15:05:01,2.562194586,3.508665085,2.560241461
15:05:01,2.560593605,3.505592108,2.559613943
15:05:01,2.56084609,3.506011009,2.559652805
15:05:01,2.561142683,3.507259607,2.559925318
15:05:01,2.560436964,3.50522542,2.557988167
15:05:01,2.561577559,3.506245375,2.56097436
15:05:01,2.561814785,3.507602453,2.558621883
15:05:01,2.560760021,3.505973816,2.559212446
15:05:01,2.561688423,3.505349398,2.558781385
15:05:01,2.562841654,3.507912874,2.56059742
15:05:01,2.562549591,3.508180857,2.559970379
15:05:01,2.562000275,3.506850004,2.559499979
15:05:01,2.562150955,3.506402969,2.558852196
15:05:01,2.562538147,3.506624937,2.560094833
15:05:01,2.562526941,3.507297039,2.560213566
15:05:01,2.562693596,3.508272409,2.560085535
15:05:01,2.562893152,3.50809741,2.560887098
15:05:01,2.562422752,3.50734973,2.560467958
15:05:01,2.561742783,3.506253004,2.560058832
15:05:01,2.562102079,3.506196976,2.559352398
15:05:01,2.561634779,3.506642103,2.558563232
15:05:01,2.561702967,3.505815029,2.56071353
15:05:02,2.562191963,3.506653786,2.559450626
15:05:02,2.561263561,3.504387856,2.557638884
15:05:02,2.560456276,3.504534483,2.558048487
15:05:02,2.561697006,3.506501675,2.55950141
15:05:02,2.56018424,3.505969763,2.55822587
15:05:02,2.561457396,3.506653786,2.557624102
15:05:02,2.560609818,3.506278992,2.560045719
15:05:02,2.560601711,3.505779982,2.559206486
15:05:02,2.560345888,3.506168842,2.558693886
15:05:02,2.560934544,3.507195234,2.558823586
15:05:02,2.56098032,3.506401062,2.559611797
15:05:02,2.560978889,3.507118225,2.559461832
15:05:02,2.55988884,3.505591393,2.557896137
15:05:02,2.561200619,3.505956173,2.558421612
15:05:02,2.560542107,3.505532026,2.558624029
15:05:02,2.560719967,3.505656481,2.55771184
15:05:02,2.560862064,3.506293535,2.558632374
15:05:02,2.560894489,3.50697732,2.557673454
15:05:02,2.561307192,3.507925272,2.558173895
15:05:02,2.561304092,3.506322861,2.558762074
15:05:02,2.561138868,3.505816698,2.560190916
15:05:02,2.561312675,3.508166552,2.558337688
15:05:02,2.561795712,3.506975412,2.559180021
15:05:02,2.561530828,3.50675559,2.560625553
15:05:02,2.561694622,3.507991552,2.560094833
15:05:02,2.56256938,3.506592989,2.559083462
15:05:02,2.561315775,3.507653236,2.559761524
15:05:02,2.562206507,3.508144379,2.558796406
15:05:02,2.561860323,3.508081436,2.55892992
15:05:02,2.561648369,3.507970333,2.560662746
15:05:02,2.562457561,3.507689714,2.561242819
15:05:02,2.562285662,3.506778002,2.55999279
15:05:02,2.561804056,3.506875515,2.56057477
15:05:02,2.562098265,3.507445097,2.560267925
15:05:02,2.561970711,3.506865025,2.561368227
15:05:02,2.562191963,3.507461309,2.559272528
15:05:02,2.562733173,3.507107019,2.559911251
15:05:02,2.56230092,3.506924391,2.560542345
15:05:02,2.561831951,3.50689888,2.56057024
15:05:02,2.561169624,3.506786823,2.559867382
15:05:02,2.561050415,3.506234169,2.559864521
15:05:02,2.560425282,3.506963968,2.559555769
15:05:02,2.559949636,3.50473547,2.558218479
15:05:02,2.560008287,3.50408864,2.558041096
15:05:02,2.560426474,3.506999493,2.559084654
15:05:02,2.561344385,3.506136179,2.560930729
15:05:02,2.562645912,3.507247925,2.559443235
15:05:02,2.562848091,3.506487846,2.560857773
15:05:02,2.562426567,3.507139683,2.559738874
15:05:02,2.562097073,3.508374691,2.559609413
15:05:02,2.56238699,3.508168459,2.560366392
15:05:02,2.561517477,3.505687952,2.559353113
15:05:02,2.560458183,3.506238461,2.558832169
15:05:02,2.560091496,3.505515575,2.558939219
15:05:02,2.563236475,3.507734776,2.559528589
15:05:02,2.562363863,3.507698059,2.560647011
15:05:02,2.561570406,3.507472992,2.560081482
15:05:02,2.562163353,3.507781029,2.55888319
15:05:02,2.562262774,3.505680084,2.558874369
15:05:02,2.56069088,3.506871939,2.559519768
15:05:02,2.561301231,3.507932425,2.558715582
15:05:02,2.561552286,3.506630659,2.558657646
15:05:02,2.560965538,3.506078243,2.557333708
15:05:02,2.560592413,3.507240057,2.559322119
15:05:02,2.560784578,3.505960226,2.558005571
15:05:02,2.560581684,3.506609917,2.558640242
15:05:02,2.562710524,3.509952307,2.559301615
15:05:02,2.562373161,3.508612394,2.560678005
15:05:02,2.563337803,3.508139849,2.560430527
15:05:02,2.562240362,3.507249832,2.558858633
15:05:02,2.561514616,3.50584054,2.558514118
15:05:02,2.560992718,3.505651474,2.557706594
15:05:02,2.560837746,3.506115198,2.558016777
15:05:02,2.560693741,3.505229235,2.558660984
15:05:02,2.562440872,3.508205652,2.560342789
15:05:02,2.562329531,3.507784367,2.560591459
15:05:02,2.562188625,3.507165194,2.559056997
15:05:02,2.561697721,3.507833958,2.560065508
15:05:02,2.561758995,3.506026506,2.559054375
15:05:02,2.561778784,3.505721807,2.559634447
15:05:02,2.561279535,3.506468296,2.559044361
15:05:02,2.562353373,3.506504774,2.559364557
15:05:02,2.562540293,3.505687237,2.560266018
15:05:02,2.561977148,3.506456137,2.560960531
15:05:02,2.561017036,3.504784822,2.558364391
15:05:02,2.560891628,3.506071568,2.557191372
15:05:02,2.56029439,3.505517006,2.558938265
15:05:02,2.562299728,3.507119417,2.559408188
15:05:02,2.562075615,3.507298708,2.559691906
15:05:02,2.562601089,3.507787466,2.559873819
15:05:02,2.561793566,3.506932259,2.559259415
15:05:02,2.562675238,3.506274462,2.560181141
15:05:02,2.562347174,3.506713629,2.559133053
15:05:02,2.562675238,3.507038593,2.56044817
15:05:02,2.562014341,3.507700205,2.559991598
15:05:02,2.562543154,3.507944822,2.560090065
15:05:02,2.562719345,3.508341551,2.559972286
15:05:02,2.562351227,3.508742809,2.561072826
15:05:02,2.562736511,3.508852959,2.559941769
15:05:02,2.56221199,3.507373095,2.559993982
15:05:02,2.562119246,3.508130789,2.560468912
15:05:02,2.562491894,3.508577585,2.559344769
15:05:02,2.562410116,3.508446455,2.560652971
15:05:02,2.563090086,3.508828163,2.55991745
15:05:02,2.562768936,3.50975275,2.558273315
15:05:02,2.560572624,3.506539583,2.559295893
15:05:02,2.562613726,3.508744001,2.560020685
15:05:02,2.561158895,3.507336617,2.559478045
15:05:02,2.561173677,3.507161379,2.557950497
15:05:02,2.560973406,3.506947041,2.558558941
15:05:02,2.561118126,3.506683588,2.558762074
15:05:02,2.56143856,3.506697416,2.559295893
15:05:02,2.561058283,3.506718159,2.559117079
15:05:02,2.561242342,3.507314682,2.559111357
15:05:02,2.561104536,3.507720947,2.559495449
15:05:03,2.561174393,3.50861764,2.560663462
15:05:03,2.561964273,3.508697033,2.560065508
15:05:03,2.562033653,3.507608891,2.559905529
15:05:03,2.562205076,3.508019209,2.559418201
15:05:03,2.561285496,3.506302595,2.558543682
15:05:03,2.56093812,3.506258011,2.558652163
15:05:03,2.56125927,3.506523609,2.558039665
15:05:03,2.56127286,3.507658243,2.558828831
15:05:03,2.561002731,3.507196903,2.559124947
15:05:03,2.56188941,3.508665085,2.559781313
15:05:03,2.561148167,3.508007526,2.560137749
15:05:03,2.563165188,3.508240461,2.559001923
15:05:03,2.562603712,3.507790804,2.560074091
15:05:03,2.561680794,3.507897854,2.559806347
15:05:03,2.562040806,3.508595943,2.559321404
15:05:03,2.561100245,3.507623196,2.559438467
15:05:03,2.56107688,3.505813122,2.559171438
15:05:03,2.561604738,3.506160498,2.558526039
15:05:03,2.561086655,3.506397247,2.557547092
15:05:03,2.560496807,3.505177736,2.557581663
15:05:03,2.562024832,3.508107424,2.560017109
15:05:03,2.562814474,3.508322716,2.559081554
15:05:03,2.562129259,3.508151531,2.559476137
15:05:03,2.562959671,3.507669926,2.560345411
15:05:03,2.562410116,3.507479191,2.561058283
15:05:03,2.562480211,3.506706476,2.558166742
15:05:03,2.560842037,3.505761862,2.559435368
15:05:03,2.561133623,3.505781174,2.558722496
15:05:03,2.562885046,3.508943081,2.560697794
15:05:03,2.561950445,3.507288218,2.560870409
15:05:03,2.56278944,3.509157181,2.560408831
15:05:03,2.562419176,3.508113623,2.560416222
15:05:03,2.563195467,3.509032965,2.560596466
15:05:03,2.562016726,3.508750677,2.559539557
15:05:03,2.561749458,3.507621288,2.559612989
15:05:03,2.561654091,3.507421494,2.56038022
15:05:03,2.560082436,3.505169153,2.560220718
15:05:03,2.56112361,3.505323172,2.558857918
15:05:03,2.561196327,3.505903244,2.559098721
15:05:03,2.561141968,3.505985498,2.558596849
15:05:03,2.560101509,3.505743504,2.558436632
15:05:03,2.560443878,3.505765676,2.557938576
15:05:03,2.562186003,3.50744009,2.559839964
15:05:03,2.561432838,3.507114887,2.558898211
15:05:03,2.561177254,3.506707668,2.560831308
15:05:03,2.56140399,3.506226301,2.559970379
15:05:03,2.561017752,3.505716085,2.560019493
15:05:03,2.561400414,3.505569935,2.559799671
15:05:03,2.561779499,3.50611496,2.559899569
15:05:03,2.559853077,3.506219625,2.558147669
15:05:03,2.559039116,3.505182266,2.558557749
15:05:03,2.56048131,3.504771233,2.558764458
15:05:03,2.561164618,3.504473209,2.557863474
15:05:03,2.562014341,3.506798267,2.558902264
15:05:03,2.561149836,3.506745815,2.55892992
15:05:03,2.562569857,3.507192612,2.55993247
15:05:03,2.561730862,3.506949425,2.559373617
15:05:03,2.561817884,3.507105827,2.559177399
15:05:03,2.560919523,3.506584167,2.558764458
15:05:03,2.561697006,3.506023169,2.560462475
15:05:03,2.560278654,3.505930185,2.558279991
15:05:03,2.561021328,3.506402493,2.558861971
15:05:03,2.561070204,3.506670713,2.559134483
15:05:03,2.56048131,3.505438089,2.559278727
15:05:03,2.561522722,3.506527662,2.560195684
15:05:03,2.562209368,3.506732464,2.559555769
15:05:03,2.56203413,3.507321119,2.560250044
15:05:03,2.562675714,3.508018017,2.561276913
15:05:03,2.562026739,3.507663012,2.559774637
15:05:03,2.56231761,3.507769823,2.561214209
15:05:03,2.561457872,3.505712748,2.558879614
15:05:03,2.561067343,3.505937338,2.558183432
15:05:03,2.562046051,3.508444548,2.560412884
15:05:03,2.562462807,3.508744717,2.560248137
15:05:03,2.561511993,3.507210255,2.558951855
15:05:03,2.561424971,3.507071972,2.558897018
15:05:03,2.561639071,3.507451534,2.560015202
15:05:03,2.562127352,3.50795722,2.558308363
15:05:03,2.561321259,3.507820129,2.558619738
15:05:03,2.561522722,3.507960081,2.559000969
15:05:03,2.561798334,3.507445097,2.559602022
15:05:03,2.562306881,3.508908987,2.558539152
15:05:03,2.562458992,3.507905006,2.560589314
15:05:03,2.562627316,3.509016275,2.560511351
15:05:03,2.562054634,3.508899927,2.560018539
15:05:03,2.561884642,3.508238554,2.560354948
15:05:03,2.562093496,3.508746386,2.560837507
15:05:03,2.561695814,3.507992983,2.559715033
15:05:03,2.560704947,3.506711721,2.557881832
15:05:03,2.561833858,3.505984783,2.55819416
15:05:03,2.56069231,3.506402493,2.558391333
15:05:03,2.560924768,3.5062778,2.558754206
15:05:03,2.560741663,3.507004738,2.558981657
15:05:03,2.560764313,3.506083965,2.559851885
15:05:03,2.561154604,3.506027699,2.558664083
15:05:03,2.561399698,3.505125046,2.558819532
15:05:03,2.560741663,3.505213022,2.558555603
15:05:03,2.561566114,3.506250858,2.55843401
15:05:03,2.560881138,3.505781174,2.557646275
15:05:03,2.56011939,3.505103588,2.558129787
15:05:03,2.561141968,3.505730152,2.559618473
15:05:03,2.561282873,3.506147146,2.558643818
15:05:03,2.561004639,3.505763054,2.558949947
15:05:03,2.561545134,3.505616188,2.55991888
15:05:03,2.561000824,3.505624056,2.559588671
15:05:03,2.560480118,3.506366491,2.559451103
15:05:03,2.562181473,3.506735325,2.559793234
15:05:03,2.561853647,3.507061481,2.559083462
15:05:03,2.561295271,3.506450176,2.55857873
15:05:03,2.56149435,3.506247759,2.558962584
15:05:03,2.560987711,3.506059885,2.557687521
15:05:03,2.561813354,3.507478476,2.55944705
15:05:03,2.561405182,3.507938862,2.558602095
15:05:03,2.560269356,3.506649494,2.559335232
15:05:03,2.562278032,3.505442381,2.55761075
15:05:03,2.561213255,3.505963802,2.559855938
15:05:03,2.562330723,3.506581783,2.558518648
15:05:03,2.56149292,3.506126404,2.559617281
15:05:03,2.560774326,3.507102489,2.558120728
15:05:04,2.561465979,3.506707668,2.55895853
15:05:04,2.561165333,3.507396221,2.559798479
15:05:04,2.560527086,3.506494522,2.558543682
15:05:04,2.561693192,3.507505178,2.558743477
15:05:04,2.560870171,3.506480694,2.55885148
15:05:04,2.560453176,3.506786823,2.559418201
15:05:04,2.561126471,3.506643295,2.558600664
15:05:04,2.561364174,3.506826401,2.559131861
15:05:04,2.560685635,3.506727219,2.559020042
15:05:04,2.561603785,3.506363392,2.558396578
15:05:04,2.561681271,3.506969452,2.557521343
15:05:04,2.561314344,3.50583148,2.558933258
15:05:04,2.562150955,3.505967379,2.55892086
15:05:04,2.561148167,3.507089615,2.559138298
15:05:04,2.560550213,3.506030083,2.560218334
15:05:04,2.562013865,3.506474018,2.560497999
15:05:04,2.561428785,3.505508423,2.559763432
15:05:04,2.561138868,3.506570816,2.558262825
15:05:04,2.562139988,3.506801844,2.559823036
15:05:04,2.56184721,3.506902218,2.559162855
15:05:04,2.561625719,3.506202698,2.55967617
15:05:04,2.561124325,3.506494522,2.560290575
15:05:04,2.561805725,3.506468296,2.559220314
15:05:04,2.562021017,3.508018494,2.55992198
15:05:04,2.560475588,3.506723404,2.559120417
15:05:04,2.561535358,3.506284237,2.559740782
15:05:04,2.561362743,3.506673336,2.559165716
15:05:04,2.561274767,3.506972551,2.559495449
15:05:04,2.560749054,3.506061316,2.559104204
15:05:04,2.560975075,3.506742954,2.560162783
15:05:04,2.561116457,3.505838871,2.559314251
15:05:04,2.56061697,3.506098986,2.55835247
15:05:04,2.56091094,3.506191015,2.559604645
15:05:04,2.561093807,3.506384134,2.559630394
15:05:04,2.560873032,3.507284641,2.559082747
15:05:04,2.561317921,3.505416393,2.5595119
15:05:04,2.560946465,3.506840706,2.558568001
15:05:04,2.560815811,3.507780313,2.558158875
15:05:04,2.560326099,3.507265091,2.559662819
15:05:04,2.561279535,3.506481886,2.559306383
15:05:04,2.561300039,3.507259607,2.560075998
15:05:04,2.561235189,3.507483959,2.559703588
15:05:04,2.560661316,3.50648737,2.558776379
15:05:04,2.560710907,3.506963968,2.559461832
15:05:04,2.560858727,3.507616758,2.558330774
15:05:04,2.561244965,3.507466555,2.559102058
15:05:04,2.560865164,3.506998777,2.559592724
15:05:04,2.561527252,3.505676985,2.557893276
15:05:04,2.561146975,3.506848812,2.558579445
15:05:04,2.561151981,3.506318331,2.559855223
15:05:04,2.560696602,3.505411386,2.559684515
15:05:04,2.560693026,3.506299973,2.558108091
15:05:04,2.560868025,3.506398439,2.55953598
15:05:04,2.561868191,3.506391287,2.55810523
15:05:04,2.562241077,3.507061481,2.559306383
15:05:04,2.562385082,3.506177187,2.559720278
15:05:04,2.561995745,3.508175135,2.558639288
15:05:04,2.562275887,3.507764339,2.560851812
15:05:04,2.562113285,3.508023739,2.559553146
15:05:04,2.561374664,3.506739616,2.55919075
15:05:04,2.561959505,3.5064044,2.559427977
15:05:04,2.562194586,3.507276058,2.558741808
15:05:04,2.561720848,3.507456779,2.559390306
15:05:04,2.5627985,3.507061481,2.559497118
15:05:04,2.561542511,3.506564617,2.559709787
15:05:04,2.562314272,3.507406473,2.560304165
15:05:04,2.561584711,3.507529259,2.560578108
15:05:04,2.56210947,3.508585453,2.559843302
15:05:04,2.561789036,3.507284641,2.558701754
15:05:04,2.561958075,3.507228374,2.560404301
15:05:04,2.562273502,3.506726742,2.559100628
15:05:04,2.562197924,3.507028103,2.55984807
15:05:04,2.562253952,3.505427837,2.559508562
15:05:04,2.561625004,3.50626421,2.560374498
15:05:04,2.562817097,3.50690341,2.559088707
15:05:04,2.561017036,3.505575657,2.559807539
15:05:04,2.561928988,3.506447554,2.55853796
15:05:04,2.560602188,3.505812407,2.558621883
15:05:04,2.561240673,3.505933762,2.559090137
15:05:04,2.561453342,3.503356695,2.558683872
15:05:04,2.561088562,3.50525403,2.557731628
15:05:04,2.561108351,3.506136179,2.558497429
15:05:04,2.561029673,3.505818605,2.559808254
15:05:04,2.562166214,3.506808996,2.558914185
15:05:04,2.561243057,3.506037474,2.558886528
15:05:04,2.560962677,3.505070686,2.558664799
15:05:04,2.560942411,3.506720066,2.558868408
15:05:04,2.560834885,3.505111933,2.559053421
15:05:04,2.561965942,3.505895376,2.559140444
15:05:04,2.562062979,3.507399321,2.559276104
15:05:04,2.561874151,3.507864475,2.559214592
15:05:04,2.561136961,3.506742954,2.559784412
15:05:04,2.560752392,3.505858898,2.559258223
15:05:04,2.5605371,3.506993294,2.559240818
15:05:04,2.560927391,3.506278992,2.558932066
15:05:04,2.561629057,3.506254435,2.559313536
15:05:04,2.561487675,3.506601334,2.55885601
15:05:04,2.561290264,3.506098986,2.559360504
15:05:04,2.561718941,3.508792877,2.560125113
15:05:04,2.560884476,3.507441044,2.558568954
15:05:04,2.56101203,3.507767916,2.558815002
15:05:04,2.561337709,3.507399797,2.559875727
15:05:04,2.561879396,3.50629878,2.559731722
15:05:04,2.561237812,3.505814552,2.558102131
15:05:04,2.560778618,3.505445242,2.558595419
15:05:04,2.560311079,3.505969286,2.559123278
15:05:04,2.560453892,3.50463891,2.558244467
15:05:04,2.560634613,3.506248951,2.558156967
15:05:04,2.561382532,3.506318808,2.560060978
15:05:04,2.562016249,3.50699687,2.560502529
15:05:04,2.56159234,3.507702112,2.559289932
15:05:04,2.561926365,3.506424427,2.56085062
15:05:04,2.561917782,3.506551981,2.558387041
15:05:04,2.561547995,3.506567478,2.559512615
15:05:04,2.561772346,3.506109953,2.559196711
15:05:04,2.560058594,3.504454851,2.55807972
15:05:04,2.559520006,3.505414486,2.557305336
15:05:04,2.55985117,3.504637241,2.558024645
15:05:04,2.559787512,3.505400419,2.556631088
15:05:05,2.560104132,3.504309416,2.557756662
15:05:05,2.56061101,3.504794598,2.558741093
15:05:05,2.560044289,3.504968882,2.557096243
15:05:05,2.559334278,3.504325151,2.558957815
15:05:05,2.561972618,3.508535385,2.558717728
15:05:05,2.561618567,3.508445978,2.559314966
15:05:05,2.562665701,3.508799553,2.559420109
15:05:05,2.562942505,3.507915497,2.560091972
15:05:05,2.562417507,3.507543564,2.557828903
15:05:05,2.559804916,3.506869078,2.559205294
15:05:05,2.560530901,3.506871939,2.558940411
15:05:05,2.561911106,3.507386446,2.559180021
15:05:05,2.561753988,3.506791353,2.558090925
15:05:05,2.561515331,3.50812459,2.559203148
15:05:05,2.561828613,3.506950617,2.560435295
15:05:05,2.562398672,3.507909298,2.559333324
15:05:05,2.561913252,3.506966829,2.560527802
15:05:05,2.561533689,3.506033182,2.559698343
15:05:05,2.561317921,3.506878853,2.559621096
15:05:05,2.560600996,3.507133961,2.559719801
15:05:05,2.561874628,3.508035421,2.559444666
15:05:05,2.560963631,3.506032705,2.557370663
15:05:05,2.560617685,3.506458044,2.558069706
15:05:05,2.559982538,3.505960703,2.558158398
15:05:05,2.560021639,3.506033659,2.556988239
15:05:05,2.561154127,3.506701946,2.558297873
15:05:05,2.561242104,3.506568909,2.559943199
15:05:05,2.560772657,3.506645203,2.557350636
15:05:05,2.561726332,3.506937265,2.559912682
15:05:05,2.561463118,3.506446123,2.55954504
15:05:05,2.560803175,3.506419659,2.560038567
15:05:05,2.561407089,3.506568909,2.559570074
15:05:05,2.561812878,3.505622149,2.557608604
15:05:05,2.561170578,3.505601883,2.558941126
15:05:05,2.560685635,3.507168293,2.559310913
15:05:05,2.562700033,3.506790638,2.559090137
15:05:05,2.560387611,3.506126881,2.559593201
15:05:05,2.56242466,3.507462502,2.559695721
15:05:05,2.56231761,3.506442785,2.560059547
15:05:05,2.560386181,3.504915237,2.559020042
15:05:05,2.560468674,3.505125046,2.558674812
15:05:05,2.560791731,3.505987406,2.558592558
15:05:05,2.560919046,3.506187677,2.558833599
15:05:05,2.561264992,3.506006956,2.558277845
15:05:05,2.560715199,3.506560326,2.559101343
15:05:05,2.559987307,3.505443096,2.557645082
15:05:05,2.560727835,3.504834652,2.557999372
15:05:05,2.560337305,3.505031109,2.559030056
15:05:05,2.561183691,3.505777359,2.557670593
15:05:05,2.560663223,3.505240202,2.559776068
15:05:05,2.560651302,3.50533843,2.558060884
15:05:05,2.560605526,3.505321264,2.557700396
15:05:05,2.560330153,3.50645256,2.557843447
15:05:05,2.56069231,3.506620884,2.557778597
15:05:05,2.560234308,3.506153345,2.557940483
15:05:05,2.560007095,3.505358458,2.559012651
15:05:05,2.561344385,3.505974531,2.557925701
15:05:05,2.560911417,3.506667137,2.558470488
15:05:05,2.561134815,3.506669998,2.559004068
15:05:05,2.560872316,3.506022215,2.559141636
15:05:05,2.56010294,3.506187201,2.558357954
15:05:05,2.561523438,3.506963491,2.557157755
15:05:05,2.561216831,3.50698638,2.559435368
15:05:05,2.561333895,3.506581306,2.558512688
15:05:05,2.56139183,3.506445408,2.557442427
15:05:05,2.561021328,3.507291794,2.558876038
15:05:05,2.560825109,3.507037878,2.559199095
15:05:05,2.561720848,3.507246256,2.558007479
15:05:05,2.560923815,3.506685019,2.558358669
15:05:05,2.561019897,3.506814003,2.558963776
15:05:05,2.561420202,3.505973816,2.559717655
15:05:05,2.561169624,3.505919218,2.559170723
15:05:05,2.561258554,3.506071091,2.558423996
15:05:05,2.560310364,3.505357742,2.558293343
15:05:05,2.56033206,3.505566597,2.55843544
15:05:05,2.561014175,3.505643606,2.558806181
15:05:05,2.560997963,3.505321264,2.558427572
15:05:05,2.560414791,3.505544901,2.558334827
15:05:05,2.560453892,3.50549674,2.557345629
15:05:05,2.560141087,3.506378889,2.55875206
15:05:05,2.560902119,3.505624771,2.558556557
15:05:05,2.562347174,3.506562471,2.560311556
15:05:05,2.562272072,3.508030415,2.560736895
15:05:05,2.562501431,3.507591963,2.560212851
15:05:05,2.559623718,3.506417274,2.55779314
15:05:05,2.56030488,3.505996466,2.5590868
15:05:05,2.560465813,3.506289482,2.558434725
15:05:05,2.55951786,3.506139994,2.557456732
15:05:05,2.561323881,3.505853176,2.558674812
15:05:05,2.561313868,3.506095648,2.559959173
15:05:05,2.560901642,3.505649567,2.559261322
15:05:05,2.560431242,3.504874945,2.55703783
15:05:05,2.56044054,3.504901171,2.558593512
15:05:05,2.560316324,3.505153656,2.5575068
15:05:05,2.560800552,3.506107569,2.559416533
15:05:05,2.562204599,3.506968737,2.559788942
15:05:05,2.560580015,3.507275581,2.558695316
15:05:05,2.560901642,3.507303476,2.559380531
15:05:05,2.561291456,3.506273985,2.559541702
15:05:05,2.561057568,3.505921125,2.559298992
15:05:05,2.560126066,3.50684762,2.559045076
15:05:05,2.559620857,3.505391598,2.55779171
15:05:05,2.558829069,3.505625486,2.558153629
15:05:05,2.560055971,3.50609374,2.55879426
15:05:05,2.560507298,3.505877972,2.557710409
15:05:05,2.56120038,3.507099867,2.559298515
15:05:05,2.560723305,3.506166697,2.559679985
15:05:05,2.561208963,3.507249832,2.559867382
15:05:05,2.560985327,3.507149935,2.559456348
15:05:05,2.560468197,3.505899668,2.55901742
15:05:05,2.560424566,3.50628829,2.558883905
15:05:05,2.5603652,3.505983591,2.559090137
15:05:05,2.560258865,3.506232738,2.558149576
15:05:05,2.560975075,3.506692886,2.558457136
15:05:05,2.561105728,3.507309437,2.558865309
15:05:05,2.560690165,3.50715518,2.5599401
15:05:06,2.560663223,3.506325245,2.558180571
15:05:06,2.561128378,3.506813526,2.56008935
15:05:06,2.561506271,3.507935047,2.559691906
15:05:06,2.561004162,3.505741358,2.560162783
15:05:06,2.561631203,3.50671649,2.558868408
15:05:06,2.560758114,3.506881237,2.558763981
15:05:06,2.561183691,3.505637646,2.557944059
15:05:06,2.559740067,3.505237103,2.559062481
15:05:06,2.560520887,3.504732132,2.558726311
15:05:06,2.56036067,3.505252123,2.559646845
15:05:06,2.562228441,3.507124186,2.559592009
15:05:06,2.561335087,3.506324053,2.559114456
15:05:06,2.561578035,3.5060215,2.558498144
15:05:06,2.561411142,3.506157637,2.557856798
15:05:06,2.560348034,3.504426718,2.557930231
15:05:06,2.56083703,3.505062819,2.558289766
15:05:06,2.559733629,3.504295826,2.558130503
15:05:06,2.560671806,3.504096508,2.559309721
15:05:06,2.56072402,3.506206751,2.55877161
15:05:06,2.560501814,3.504934311,2.559221745
15:05:06,2.561412334,3.506412745,2.559794426
15:05:06,2.560743093,3.506726742,2.558832645
15:05:06,2.560343504,3.506486654,2.557607174
15:05:06,2.559810877,3.505790472,2.55810523
15:05:06,2.560806513,3.505560875,2.559581995
15:05:06,2.560065031,3.505755186,2.557559729
15:05:06,2.560326815,3.505598545,2.558750868
15:05:06,2.56024766,3.504763365,2.557190657
15:05:06,2.561230659,3.50592947,2.5578897
15:05:06,2.559648991,3.505530834,2.557235003
15:05:06,2.560577154,3.506381273,2.558103323
15:05:06,2.561228037,3.506640434,2.558445215
15:05:06,2.561014175,3.506594658,2.557580948
15:05:06,2.560157776,3.505389452,2.558050394
15:05:06,2.561201572,3.504424095,2.558136463
15:05:06,2.561718225,3.506671906,2.559937954
15:05:06,2.561299324,3.507235765,2.55927062
15:05:06,2.561005831,3.506474972,2.558998108
15:05:06,2.561831236,3.505303621,2.558587551
15:05:06,2.562254667,3.506459951,2.559936047
15:05:06,2.561419487,3.506487846,2.55888176
15:05:06,2.56135726,3.506415367,2.559508562
15:05:06,2.559785366,3.506369114,2.558279991
15:05:06,2.561071396,3.506402493,2.559412241
15:05:06,2.561247349,3.506391287,2.558600664
15:05:06,2.560412645,3.504202366,2.557266712
15:05:06,2.55960393,3.504543543,2.557865143
15:05:06,2.560509205,3.504437923,2.558400393
15:05:06,2.561806202,3.506148577,2.560301065
15:05:06,2.561542511,3.506466389,2.559027195
15:05:06,2.561789513,3.507516861,2.559047699
15:05:06,2.561768055,3.507411718,2.559871912
15:05:06,2.561527252,3.507182837,2.558975697
15:05:06,2.561234713,3.507332087,2.558519125
15:05:06,2.561632395,3.50771451,2.560535908
15:05:06,2.562517881,3.508069277,2.559720278
15:05:06,2.561786175,3.50805831,2.557906866
15:05:06,2.560562611,3.505933285,2.557915926
15:05:06,2.561252117,3.506695509,2.559012651
15:05:06,2.56071806,3.506882668,2.558299065
15:05:06,2.560932159,3.506765842,2.558010817
15:05:06,2.56090641,3.507208109,2.559524059
15:05:06,2.561866999,3.507090092,2.559740782
15:05:06,2.560222387,3.506162405,2.558520794
15:05:06,2.560281277,3.505584955,2.55768609
15:05:06,2.559533119,3.504937649,2.557067633
15:05:06,2.560461521,3.505595207,2.55829978
15:05:06,2.560822964,3.505799055,2.558125019
15:05:06,2.560231447,3.505677462,2.556844711
15:05:06,2.559858322,3.504389048,2.557645082
15:05:06,2.561004639,3.506072998,2.559537172
15:05:06,2.561301231,3.506673336,2.559885025
15:05:06,2.56147933,3.50699687,2.560142279
15:05:06,2.561275482,3.50724268,2.559495449
15:05:06,2.561866999,3.507143021,2.55868268
15:05:06,2.561917782,3.506378889,2.558369875
15:05:06,2.561025858,3.506762743,2.557815075
15:05:06,2.559994459,3.506453276,2.557175398
15:05:06,2.560485601,3.505708218,2.558141232
15:05:06,2.559256315,3.505322456,2.557911634
15:05:06,2.561052322,3.505178452,2.557803631
15:05:06,2.560232401,3.505434752,2.558912039
15:05:06,2.560501814,3.505367517,2.558050394
15:05:06,2.56134057,3.50676465,2.558719873
15:05:06,2.562013865,3.50538516,2.558709145
15:05:06,2.559906006,3.506020784,2.558274746
15:05:06,2.560320377,3.506107569,2.559154272
15:05:06,2.561901331,3.506971836,2.559326172
15:05:06,2.561194181,3.507291079,2.560246944
15:05:06,2.561720848,3.507083654,2.558478355
15:05:06,2.561264992,3.507579565,2.559723616
15:05:06,2.5618155,3.50633049,2.559419394
15:05:06,2.561738729,3.50666213,2.558943033
15:05:06,2.561881781,3.505819798,2.560052395
15:05:06,2.561187744,3.50420022,2.559292316
15:05:06,2.560090303,3.504069805,2.558901072
15:05:06,2.5613482,3.505540609,2.557431221
15:05:06,2.561155319,3.50525403,2.55871129
15:05:06,2.560724735,3.504993677,2.559388399
15:05:06,2.560556173,3.505670309,2.55877924
15:05:06,2.560664177,3.505852222,2.558146238
15:05:06,2.561244488,3.507544279,2.560383797
15:05:06,2.561498404,3.506803751,2.560065508
15:05:06,2.561722279,3.506878138,2.560169935
15:05:06,2.561681271,3.506170273,2.559090614
15:05:06,2.562400103,3.506749392,2.559484243
15:05:06,2.562261343,3.506533384,2.559062481
15:05:06,2.561263561,3.506466389,2.55970788
15:05:06,2.560968161,3.50643301,2.560946941
15:05:06,2.561925888,3.506915808,2.558727503
15:05:06,2.561888933,3.505778551,2.560119867
15:05:06,2.56120348,3.505716801,2.560055494
15:05:06,2.561998367,3.507573366,2.558491707
15:05:06,2.562004328,3.507352352,2.559056282
15:05:06,2.561578751,3.506424427,2.559294462
15:05:06,2.562788725,3.508320808,2.560832024
15:05:06,2.562500715,3.509460211,2.560755253
15:05:06,2.56243968,3.509046316,2.559844017
15:05:06,2.562436581,3.506869078,2.559494734
15:05:07,2.562289,3.507321119,2.560203075
15:05:07,2.561806917,3.507702827,2.559224367
15:05:07,2.561365128,3.50797677,2.560269833
15:05:07,2.561753988,3.505739927,2.558733463
15:05:07,2.561238527,3.505378723,2.557947159
15:05:07,2.560703516,3.505530834,2.558453321
15:05:07,2.560716391,3.505427837,2.559150219
15:05:07,2.560178757,3.505584478,2.558672667
15:05:07,2.560685635,3.506799221,2.5582726
15:05:07,2.560789824,3.506243944,2.559170723
15:05:07,2.561336279,3.506119728,2.557215691
15:05:07,2.560213804,3.505411386,2.558043718
15:05:07,2.561113834,3.506468296,2.558373213
15:05:07,2.56033206,3.504586458,2.558766127
15:05:07,2.560058594,3.50501585,2.557450771
15:05:07,2.559966564,3.504667044,2.556633949
15:05:07,2.560724735,3.505082369,2.558577061
15:05:07,2.561247826,3.507160425,2.559419394
15:05:07,2.561773777,3.505844116,2.558664799
15:05:07,2.56196475,3.506063938,2.558830261
15:05:07,2.561376572,3.506029367,2.558448553
15:05:07,2.561726332,3.506983042,2.5595994
15:05:07,2.561882257,3.50642395,2.558896542
15:05:07,2.561333895,3.506114244,2.559194565
15:05:07,2.561301231,3.506000519,2.558577538
15:05:07,2.560843468,3.506495714,2.558269978
15:05:07,2.56105113,3.507112265,2.558047295
15:05:07,2.561207771,3.504585981,2.557019234
15:05:07,2.561837912,3.50666213,2.55895853
15:05:07,2.560920238,3.506347179,2.559094667
15:05:07,2.560242891,3.505846024,2.55827117
15:05:07,2.559656858,3.50416255,2.557217836
15:05:07,2.559263229,3.505631208,2.557915688
15:05:07,2.560756445,3.505975723,2.557973862
15:05:07,2.560815811,3.506135464,2.559114456
15:05:07,2.561617851,3.506543159,2.559174061
15:05:07,2.561876774,3.506258011,2.558084965
15:05:07,2.559535265,3.503942251,2.557975769
15:05:07,2.560092211,3.505285978,2.558068275
15:05:07,2.560805321,3.506228685,2.557193995
15:05:07,2.560276747,3.507502317,2.559365749
15:05:07,2.561563015,3.508944511,2.558924675
15:05:07,2.56113553,3.507615089,2.558876038
15:05:07,2.56126833,3.507886887,2.558966398
15:05:07,2.561304092,3.506729841,2.558864832
15:05:07,2.562052727,3.507124662,2.558789015
15:05:07,2.561046839,3.50671649,2.559593916
15:05:07,2.560936451,3.507472277,2.558844805
15:05:07,2.561813354,3.505596638,2.558939934
15:05:07,2.561568975,3.506896973,2.558313608
15:05:07,2.5617764,3.506718874,2.559944391
15:05:07,2.562030077,3.507877111,2.55978179
15:05:07,2.559682608,3.504053831,2.558037996
15:05:07,2.559571743,3.504343271,2.558489561
15:05:07,2.560196161,3.503959656,2.558108807
15:05:07,2.560010433,3.504333496,2.558539867
15:05:07,2.561789513,3.508002758,2.559685707
15:05:07,2.561011314,3.506531,2.55915308
15:05:07,2.561515331,3.506955624,2.560048342
15:05:07,2.561066628,3.505179644,2.559701204
15:05:07,2.560731888,3.506211758,2.557611942
15:05:07,2.559755325,3.504007339,2.558813095
15:05:07,2.560400009,3.505424976,2.558804512
15:05:07,2.560566187,3.505092382,2.557348013
15:05:07,2.560672283,3.505747318,2.557926655
15:05:07,2.559880733,3.504939079,2.557309151
15:05:07,2.561043024,3.505326033,2.558744669
15:05:07,2.56101656,3.504305601,2.557296515
15:05:07,2.560529709,3.505354643,2.5583179
15:05:07,2.560928822,3.504736185,2.55839777
15:05:07,2.561251163,3.506044149,2.558768749
15:05:07,2.560760975,3.506726265,2.558489561
15:05:07,2.561933279,3.507812977,2.560131073
15:05:07,2.562271118,3.507499933,2.558194876
15:05:07,2.561663628,3.50675416,2.558001518
15:05:07,2.560397387,3.505281448,2.558357954
15:05:07,2.560463428,3.504819632,2.558170795
15:05:07,2.559769154,3.505269051,2.557412863
15:05:07,2.559977293,3.506617785,2.558503628
15:05:07,2.560346603,3.505556822,2.557635307
15:05:07,2.560922623,3.504796743,2.557898283
15:05:07,2.559620619,3.505434036,2.559186697
15:05:07,2.560175657,3.505838156,2.559726954
15:05:07,2.561015129,3.506817341,2.558258057
15:05:07,2.561247349,3.507107735,2.559021711
15:05:07,2.561247826,3.505857706,2.558198452
15:05:07,2.560240746,3.506115198,2.556906223
15:05:07,2.561460495,3.505178452,2.557482243
15:05:07,2.561704397,3.508346081,2.560427904
15:05:07,2.563198328,3.508780479,2.560060978
15:05:07,2.562233686,3.508081913,2.558810472
15:05:07,2.561933279,3.507032156,2.558971643
15:05:07,2.561056137,3.50686574,2.55953455
15:05:07,2.561321259,3.507682562,2.558639288
15:05:07,2.560860395,3.507066488,2.55940485
15:05:07,2.562166929,3.50843215,2.559289217
15:05:07,2.563079596,3.508155584,2.560933352
15:05:07,2.561838627,3.507470608,2.559412241
15:05:07,2.562361717,3.508917809,2.560128927
15:05:07,2.561942339,3.507406473,2.559211016
15:05:07,2.56202364,3.50834012,2.559471607
15:05:07,2.56230092,3.507360697,2.559197426
15:05:07,2.561839342,3.507039785,2.558486223
15:05:07,2.561438084,3.508547783,2.558789015
15:05:07,2.561166525,3.50816083,2.559146881
15:05:07,2.562522888,3.508439302,2.559872389
15:05:07,2.562166214,3.508223534,2.560141563
15:05:07,2.561741352,3.507674217,2.559962749
15:05:07,2.562377691,3.507469893,2.560349941
15:05:07,2.562175989,3.50680232,2.560424566
15:05:07,2.562235594,3.506889105,2.559182644
15:05:07,2.562605619,3.508300304,2.5604074
15:05:07,2.562396765,3.507799149,2.560522318
15:05:07,2.561739445,3.507725,2.561075926
15:05:07,2.562304497,3.508122444,2.558614016
15:05:08,2.562204599,3.508382559,2.559511423
15:05:08,2.56200242,3.506507397,2.560005188
15:05:08,2.562006712,3.508314133,2.561324835
15:05:08,2.562419176,3.508203268,2.560866356
15:05:08,2.562423944,3.507256746,2.559899569
15:05:08,2.561840534,3.507549286,2.559156656
15:05:08,2.561926365,3.508186817,2.559791565
15:05:08,2.561171293,3.506896973,2.558571577
15:05:08,2.561438084,3.506518602,2.559165001
15:05:08,2.561532497,3.506700039,2.558967113
15:05:08,2.561649561,3.508976221,2.56033349
15:05:08,2.5613482,3.506921053,2.559154272
15:05:08,2.561840057,3.506878138,2.557776213
15:05:08,2.561594009,3.507364988,2.560288906
15:05:08,2.560998678,3.505806923,2.558433056
15:05:08,2.561244965,3.505226135,2.559372425
15:05:08,2.560285807,3.504412889,2.559817553
15:05:08,2.561067343,3.505885124,2.560791492
15:05:08,2.56274581,3.50690341,2.560384989
15:05:08,2.561455488,3.507846355,2.559644938
15:05:08,2.562427759,3.507601023,2.559772491
15:05:08,2.561202288,3.50785017,2.559869051
15:05:08,2.561734676,3.507967472,2.559880972
15:05:08,2.562256575,3.507993698,2.559855223
15:05:08,2.563234806,3.50686717,2.561645508
15:05:08,2.562534809,3.507603407,2.559651136
15:05:08,2.561706543,3.50727129,2.558793783
15:05:08,2.561189175,3.505779982,2.558742762
15:05:08,2.561748505,3.505357265,2.559279919
15:05:08,2.561790943,3.507049799,2.559114933
15:05:08,2.562253952,3.508531809,2.559909105
15:05:08,2.562408209,3.507435799,2.559332132
15:05:08,2.561794281,3.506902933,2.559181929
15:05:08,2.560616255,3.504530668,2.559123993
15:05:08,2.561117649,3.505638838,2.560351372
15:05:08,2.561203003,3.504914761,2.558971643
15:05:08,2.561838627,3.506062508,2.55858016
15:05:08,2.560893059,3.505066872,2.558538675
15:05:08,2.560484171,3.506052017,2.55906415
15:05:08,2.562746286,3.507367611,2.561211824
15:05:08,2.562190294,3.507269382,2.559350729
15:05:08,2.562099934,3.507891178,2.5604949
15:05:08,2.561586857,3.508434772,2.560001612
15:05:08,2.562639952,3.507539034,2.559457779
15:05:08,2.561700344,3.508100748,2.561213017
15:05:08,2.562926054,3.507659674,2.559869051
15:05:08,2.561942816,3.508102894,2.5603652
15:05:08,2.562231064,3.508041859,2.560152769
15:05:08,2.562105417,3.508797407,2.561337233
15:05:08,2.561639547,3.507825375,2.560058832
15:05:08,2.561800718,3.507790804,2.560596466
15:05:08,2.562383652,3.508278131,2.559844017
15:05:08,2.562299728,3.508320808,2.559519053
15:05:08,2.561715603,3.505760431,2.557549953
15:05:08,2.560953617,3.506258726,2.558332205
15:05:08,2.560839415,3.506728649,2.558432579
15:05:08,2.562124014,3.508704424,2.559609413
15:05:08,2.56210351,3.508969069,2.559365034
15:05:08,2.561933756,3.508142471,2.559990883
15:05:08,2.562135935,3.507147551,2.560282946
15:05:08,2.562464714,3.506912708,2.56013298
15:05:08,2.561631918,3.50723815,2.559765816
15:05:08,2.562449217,3.50797534,2.559656143
15:05:08,2.559488773,3.506324053,2.557183981
15:05:08,2.56014657,3.506588459,2.55992341
15:05:08,2.562062979,3.507408619,2.558492184
15:05:08,2.560156345,3.505456924,2.55897975
15:05:08,2.562104702,3.506908178,2.560624361
15:05:08,2.562375784,3.508820295,2.560769796
15:05:08,2.561936855,3.505501509,2.558114052
15:05:08,2.561553001,3.506496429,2.558935881
15:05:08,2.562567949,3.507685661,2.559651136
15:05:08,2.562415838,3.508273602,2.561124325
15:05:08,2.563249826,3.508211851,2.560129404
15:05:08,2.561377048,3.506881237,2.560096502
15:05:08,2.562332153,3.508254051,2.558861256
15:05:08,2.561806202,3.507254601,2.559668064
15:05:08,2.562126875,3.50594306,2.559664726
15:05:08,2.56150198,3.506566763,2.558604717
15:05:08,2.56106019,3.506337881,2.55857563
15:05:08,2.561197758,3.507765532,2.559968233
15:05:08,2.562130451,3.505980968,2.560024023
15:05:08,2.562369108,3.507196903,2.559480906
15:05:08,2.561529398,3.508455038,2.560316086
15:05:08,2.561902046,3.506776333,2.559745312
15:05:08,2.562271118,3.507485628,2.561514616
15:05:08,2.562438488,3.507557869,2.560080051
15:05:08,2.562824249,3.508427143,2.561615229
15:05:08,2.562198639,3.507428169,2.559160233
15:05:08,2.561582804,3.506772518,2.559514523
15:05:08,2.561320543,3.507152796,2.559246302
15:05:08,2.561222792,3.505737066,2.559957981
15:05:08,2.560752869,3.505340099,2.558012009
15:05:08,2.561042309,3.505524635,2.558416843
15:05:08,2.560299158,3.506127596,2.559704304
15:05:08,2.562188625,3.507414341,2.55967927
15:05:08,2.562167645,3.507866144,2.559732437
15:05:08,2.561369896,3.507341862,2.559855938
15:05:08,2.561614513,3.507689714,2.560122967
15:05:08,2.562305212,3.505443811,2.558707237
15:05:08,2.560658455,3.506034374,2.558354139
15:05:08,2.560901642,3.506402969,2.557879686
15:05:08,2.561769009,3.507956505,2.558634996
15:05:08,2.561154604,3.50739193,2.559174776
15:05:08,2.560738325,3.506524324,2.559419394
15:05:08,2.561573505,3.507818699,2.559942484
15:05:08,2.562121868,3.507389545,2.560732365
15:05:08,2.561674118,3.507745981,2.559933424
15:05:08,2.561613321,3.509041309,2.559271336
15:05:08,2.559845924,3.506118536,2.558868408
15:05:08,2.560216427,3.505466223,2.558141708
15:05:08,2.560875893,3.505806923,2.558416128
15:05:08,2.56123662,3.505647421,2.557454586
15:05:08,2.560894966,3.505830765,2.558917999
15:05:08,2.560145855,3.504992008,2.557676792
15:05:08,2.560287714,3.504805326,2.558987617
15:05:08,2.560520887,3.504948139,2.557507515
15:05:08,2.559914589,3.506263494,2.559001446
15:05:08,2.561126471,3.505640507,2.559870243
15:05:09,2.560484171,3.505569935,2.55883956
15:05:09,2.560659647,3.50687623,2.559232235
15:05:09,2.562318087,3.506937265,2.558494329
15:05:09,2.561475039,3.507624149,2.559859991
15:05:09,2.561959505,3.506485224,2.560647011
15:05:09,2.562042713,3.50637579,2.558731079
15:05:09,2.56087184,3.504029989,2.557862759
15:05:09,2.56143856,3.506376982,2.55944562
15:05:09,2.561389685,3.506175995,2.558093309
15:05:09,2.560749769,3.505795002,2.558772802
15:05:09,2.560866594,3.505797863,2.558568954
15:05:09,2.560534954,3.506354809,2.558786392
15:05:09,2.561675549,3.505856991,2.559080839
15:05:09,2.561261892,3.506766558,2.559949875
15:05:09,2.560299158,3.506119251,2.559203148
15:05:09,2.560633898,3.505403996,2.558842182
15:05:09,2.560577869,3.506225109,2.557105303
15:05:09,2.560563326,3.50619173,2.558455706
15:05:09,2.560323477,3.504195929,2.557654381
15:05:09,2.560479403,3.50504446,2.559817553
15:05:09,2.559841156,3.504814386,2.560284376
15:05:09,2.561056137,3.506333828,2.558621883
15:05:09,2.56070137,3.50568676,2.559090614
15:05:09,2.560848713,3.506165981,2.557101965
15:05:09,2.561335564,3.507463932,2.559113264
15:05:09,2.56080389,3.507200956,2.558889627
15:05:09,2.561125517,3.506311655,2.559100628
15:05:09,2.561614513,3.506058693,2.558577061
15:05:09,2.560538292,3.506433725,2.557854414
15:05:09,2.560786963,3.507100582,2.558187246
15:05:09,2.560891628,3.506293535,2.558218479
15:05:09,2.560412645,3.505822182,2.557986975
15:05:09,2.560694218,3.506684303,2.559709787
15:05:09,2.561313391,3.507089615,2.558781862
15:05:09,2.561300039,3.506211758,2.559537888
15:05:09,2.561409712,3.507161379,2.55846262
15:05:09,2.560511112,3.506603956,2.557882547
15:05:09,2.560727835,3.506798267,2.558670044
15:05:09,2.560870409,3.506696463,2.558123827
15:05:09,2.561448574,3.506310463,2.558774471
15:05:09,2.560599804,3.506318808,2.557985067
15:05:09,2.560329437,3.506882668,2.559000254
15:05:09,2.561093807,3.505979061,2.558938265
15:05:09,2.560760975,3.505574465,2.559066057
15:05:09,2.560316324,3.505946398,2.559363842
15:05:09,2.561376572,3.504964352,2.559171438
15:05:09,2.561575413,3.506896973,2.559854746
15:05:09,2.561190367,3.505687237,2.559508562
15:05:09,2.561112404,3.506858587,2.559970379
15:05:09,2.561568975,3.506783485,2.559304237
15:05:09,2.561099052,3.507261038,2.559451818
15:05:09,2.561878204,3.506532431,2.559684515
15:05:09,2.561519384,3.506728649,2.558322906
15:05:09,2.561283588,3.505479813,2.558496237
15:05:09,2.560796738,3.506621599,2.558510065
15:05:09,2.560909033,3.506621599,2.558586836
15:05:09,2.562547445,3.505982876,2.558133125
15:05:09,2.561443329,3.505953312,2.557963848
15:05:09,2.56149435,3.50629735,2.558556557
15:05:09,2.56088233,3.507173061,2.557915926
15:05:09,2.561284781,3.507409811,2.558381081
15:05:09,2.561228037,3.507084608,2.560470343
15:05:09,2.562272787,3.509421825,2.560140133
15:05:09,2.561918259,3.506708384,2.560132265
15:05:09,2.561747789,3.507013798,2.559313536
15:05:09,2.561590195,3.507708788,2.56003499
15:05:09,2.561668158,3.506677628,2.559962273
15:05:09,2.56152606,3.508060217,2.560419321
15:05:09,2.56196475,3.506772995,2.559494734
15:05:09,2.562029362,3.506730556,2.560119152
15:05:09,2.561643839,3.508533955,2.560871601
15:05:09,2.562438488,3.507342577,2.560637474
15:05:09,2.561606646,3.507303476,2.559480906
15:05:09,2.561240196,3.507244825,2.560391665
15:05:09,2.560787916,3.505774021,2.559081554
15:05:09,2.560138464,3.506275892,2.55847311
15:05:09,2.560865164,3.505466223,2.558848619
15:05:09,2.560297728,3.505863428,2.559357405
15:05:09,2.560715675,3.506115198,2.558765411
15:05:09,2.560415983,3.506679773,2.558789968
15:05:09,2.561643839,3.506377697,2.55901885
15:05:09,2.56090641,3.506392717,2.558964491
15:05:09,2.560348034,3.505742788,2.556973219
15:05:09,2.56094718,3.506227016,2.55913043
15:05:09,2.5606637,3.506144762,2.557932138
15:05:09,2.560788631,3.506618977,2.559789658
15:05:09,2.560367107,3.505267859,2.560002327
15:05:09,2.560613394,3.506010294,2.559308529
15:05:09,2.561191559,3.505869389,2.558717251
15:05:09,2.560536385,3.505758286,2.558398962
15:05:09,2.560575962,3.505620003,2.558552504
15:05:09,2.561315298,3.506095648,2.559826851
15:05:09,2.562574625,3.507441759,2.560062408
15:05:09,2.562478065,3.5086658,2.56108284
15:05:09,2.562160492,3.507672787,2.559563398
15:05:09,2.562480927,3.506059885,2.559877634
15:05:09,2.561683416,3.506937981,2.559667349
15:05:09,2.561301231,3.506665945,2.559375048
15:05:09,2.561908007,3.508967161,2.559255362
15:05:09,2.561288834,3.507771254,2.558873177
15:05:09,2.562287807,3.507057428,2.559389114
15:05:09,2.561626434,3.507417679,2.558608055
15:05:09,2.562406778,3.5073452,2.560357809
15:05:09,2.561737061,3.507188797,2.559391737
15:05:09,2.561716795,3.507873535,2.559425831
15:05:09,2.560943842,3.506023884,2.558172941
15:05:09,2.560933352,3.506559134,2.559068203
15:05:09,2.561372757,3.507834673,2.558755398
15:05:09,2.560805321,3.507409096,2.558153152
15:05:09,2.561598778,3.506238461,2.559498072
15:05:09,2.560555458,3.506464243,2.55875802
15:05:09,2.561386108,3.506265402,2.558108807
15:05:09,2.560923338,3.506783485,2.559418201
15:05:09,2.56174612,3.50711751,2.559325457
15:05:09,2.560894489,3.507790804,2.558697939
15:05:09,2.561201572,3.507002354,2.559831381
15:05:10,2.561113834,3.508341551,2.559516907
15:05:10,2.562210083,3.508552313,2.560171843
15:05:10,2.561214924,3.508051395,2.559150934
15:05:10,2.562505245,3.508686543,2.559294462
15:05:10,2.562462091,3.507753611,2.55924201
15:05:10,2.561145544,3.507183552,2.559104204
15:05:10,2.561784267,3.506816626,2.559034348
15:05:10,2.562320709,3.508077145,2.560896873
15:05:10,2.561966658,3.50795579,2.559726954
15:05:10,2.562147141,3.508001089,2.559403896
15:05:10,2.561875582,3.50744915,2.560352087
15:05:10,2.561536074,3.507387638,2.55983758
15:05:10,2.561526537,3.507433891,2.559566975
15:05:10,2.561499119,3.507781506,2.559372425
15:05:10,2.561888218,3.508441448,2.560219765
15:05:10,2.562703371,3.507542849,2.559644938
15:05:10,2.562047958,3.506738901,2.559249878
15:05:10,2.560024977,3.505206585,2.558420897
15:05:10,2.560593605,3.506552696,2.559876442
15:05:10,2.561578751,3.506314993,2.5610919
15:05:10,2.561137438,3.506183147,2.560012579
15:05:10,2.561292887,3.507547379,2.559015989
15:05:10,2.561596632,3.507608175,2.56065464
15:05:10,2.561444759,3.507065773,2.559560299
15:05:10,2.561815977,3.507516146,2.558742762
15:05:10,2.562095642,3.506887197,2.559094667
15:05:10,2.560448885,3.504658461,2.558918476
15:05:10,2.561242342,3.507190704,2.561018467
15:05:10,2.562791824,3.508350611,2.561161757
15:05:10,2.562244654,3.507028103,2.559952974
15:05:10,2.562102079,3.507454872,2.559497118
15:05:10,2.559903145,3.505329132,2.558598518
15:05:10,2.560646534,3.504433155,2.55795598
15:05:10,2.560797215,3.506134272,2.55896306
15:05:10,2.561187744,3.506586552,2.559802294
15:05:10,2.562080145,3.506243229,2.560592175
15:05:10,2.56138134,3.506112814,2.560519934
15:05:10,2.561451197,3.506899595,2.558766603
15:05:10,2.561406612,3.506376266,2.559449911
15:05:10,2.561282158,3.507206678,2.560491323
15:05:10,2.562622786,3.507234812,2.560580254
15:05:10,2.562071085,3.507154942,2.559527159
15:05:10,2.561911821,3.507599115,2.55891943
15:05:10,2.561253786,3.506132364,2.558951855
15:05:10,2.560581207,3.505697727,2.558088779
15:05:10,2.559969425,3.505775452,2.558297873
15:05:10,2.561300039,3.506336689,2.560011387
15:05:10,2.561075687,3.506791353,2.559577703
15:05:10,2.56213522,3.507007837,2.558499336
15:05:10,2.560895681,3.50703454,2.558039188
15:05:10,2.561544418,3.506259918,2.558797121
15:05:10,2.56131649,3.506458044,2.559344053
15:05:10,2.560986042,3.506583929,2.560306072
15:05:10,2.561233997,3.50644207,2.559058189
15:05:10,2.561911821,3.506875515,2.55935216
15:05:10,2.562397718,3.507332087,2.559105873
15:05:10,2.56141305,3.506886005,2.560798407
15:05:10,2.561917782,3.507575512,2.559102058
15:05:10,2.562264442,3.506823301,2.559298515
15:05:10,2.560520887,3.505290031,2.558497429
15:05:10,2.560904741,3.504979372,2.558235645
15:05:10,2.559818029,3.50441432,2.558675528
15:05:10,2.560646534,3.505773544,2.558671951
15:05:10,2.560886383,3.505213737,2.558402061
15:05:10,2.560607672,3.5069592,2.558655739
15:05:10,2.560581684,3.50594902,2.558113098
15:05:10,2.560767412,3.504982948,2.55883503
15:05:10,2.560904741,3.505624771,2.558639526
15:05:10,2.559919834,3.504678488,2.557526112
15:05:10,2.560775518,3.505427837,2.559159517
15:05:10,2.561041117,3.505537987,2.558506012
15:05:10,2.560242891,3.505833387,2.557805538
15:05:10,2.560745716,3.505527258,2.558736324
15:05:10,2.560749769,3.505049229,2.559962273
15:05:10,2.560806513,3.505625963,2.558991909
15:05:10,2.56069541,3.505627871,2.559583426
15:05:10,2.560919523,3.506358147,2.559283733
15:05:10,2.560583115,3.505506516,2.557688475
15:05:10,2.559988022,3.506360531,2.557924271
15:05:10,2.560341358,3.50609827,2.558589458
15:05:10,2.560961723,3.506765366,2.55905962
15:05:10,2.560653925,3.50646162,2.560384512
15:05:10,2.56160593,3.508028269,2.559976339
15:05:10,2.562962294,3.509110928,2.560969591
15:05:10,2.561556339,3.508364201,2.560563564
15:05:10,2.562401295,3.508744001,2.56094265
15:05:10,2.56295681,3.509275198,2.559354544
15:05:10,2.561924934,3.507959366,2.559697866
15:05:10,2.560464144,3.505161524,2.558871269
15:05:10,2.560106039,3.505968571,2.558266163
15:05:10,2.56039238,3.505768776,2.560072184
15:05:10,2.56055665,3.506226301,2.559438467
15:05:10,2.56291604,3.50804472,2.560171843
15:05:10,2.561766624,3.508337021,2.560182571
15:05:10,2.562638044,3.507957935,2.559365749
15:05:10,2.561117649,3.507261515,2.560156822
15:05:10,2.561908007,3.507270098,2.55868268
15:05:10,2.561558962,3.507240772,2.559265375
15:05:10,2.561903715,3.507487535,2.559161425
15:05:10,2.562088251,3.508089066,2.560398817
15:05:10,2.561458588,3.507444382,2.560189724
15:05:10,2.561890841,3.506682396,2.560684681
15:05:10,2.560473442,3.506596804,2.558612585
15:05:10,2.561680794,3.50713706,2.560529947
15:05:10,2.562462091,3.507938385,2.560099363
15:05:10,2.561307192,3.504555225,2.558381557
15:05:10,2.560114861,3.505093813,2.55871129
15:05:10,2.561036348,3.505240202,2.558721781
15:05:10,2.561166525,3.505297422,2.55843401
15:05:10,2.560940027,3.504910946,2.558693886
15:05:10,2.561418772,3.505735636,2.558935404
15:05:10,2.560414076,3.505490303,2.558800459
15:05:10,2.561683416,3.505825758,2.557801247
15:05:10,2.56090951,3.504083633,2.558427572
15:05:10,2.560066462,3.504447699,2.558977604
15:05:10,2.559890032,3.506150007,2.559035063
15:05:10,2.560283184,3.505964756,2.559442043
15:05:10,2.5607934,3.505301714,2.558023453
15:05:10,2.560476065,3.505997181,2.558984756
15:05:11,2.560984135,3.505627155,2.558553696
15:05:11,2.560857534,3.505693197,2.560225487
15:05:11,2.561031103,3.504813433,2.55846262
15:05:11,2.560011625,3.50570941,2.558097363
15:05:11,2.560780764,3.505687952,2.559049845
15:05:11,2.561078072,3.506213188,2.558577061
15:05:11,2.561675787,3.506034851,2.559435368
15:05:11,2.561292887,3.505414486,2.558404922
15:05:11,2.560352087,3.506379604,2.558672667
15:05:11,2.560873032,3.506088018,2.558643103
15:05:11,2.560356379,3.504493475,2.558674812
15:05:11,2.561177969,3.505348682,2.559627771
15:05:11,2.561407566,3.506272078,2.55799675
15:05:11,2.560891628,3.505528927,2.558804989
15:05:11,2.560923815,3.50601244,2.55747366
15:05:11,2.560511827,3.50645256,2.558465719
15:05:11,2.561000109,3.505403519,2.559379578
15:05:11,2.560819626,3.505882978,2.55804801
15:05:11,2.560345173,3.505072117,2.55796504
15:05:11,2.560580015,3.504760265,2.5576756
15:05:11,2.559875011,3.504862547,2.557979107
15:05:11,2.560068607,3.505324602,2.558190584
15:05:11,2.56098485,3.505937338,2.557607889
15:05:11,2.560397387,3.505643606,2.557670116
15:05:11,2.560422659,3.505902529,2.557668686
15:05:11,2.56032896,3.505864143,2.558214664
15:05:11,2.560120583,3.506084442,2.557963133
15:05:11,2.561033964,3.505935192,2.557995558
15:05:11,2.561286211,3.506112814,2.559025288
15:05:11,2.560783386,3.505666971,2.558767319
15:05:11,2.561107874,3.506451845,2.559375048
15:05:11,2.56184721,3.506248236,2.559631586
15:05:11,2.561699152,3.507221222,2.558418274
15:05:11,2.559989929,3.50650239,2.558586121
15:05:11,2.559991837,3.506556988,2.559525967
15:05:11,2.560536385,3.505541801,2.558531046
15:05:11,2.561530113,3.506545782,2.55960393
15:05:11,2.562376499,3.50757885,2.559870243
15:05:11,2.562566519,3.508023024,2.560201645
15:05:11,2.561448574,3.507925272,2.559304237
15:05:11,2.561082125,3.507835865,2.559844732
15:05:11,2.561588764,3.507661819,2.560860395
15:05:11,2.561956882,3.508177757,2.560362577
15:05:11,2.561619759,3.508697748,2.560247421
15:05:11,2.562286377,3.507935047,2.558330774
15:05:11,2.561139584,3.506361246,2.557697535
15:05:11,2.561244965,3.507265091,2.559482336
15:05:11,2.561144829,3.507157326,2.558109522
15:05:11,2.561768055,3.507376671,2.558269978
15:05:11,2.56152463,3.507992983,2.559021473
15:05:11,2.560837746,3.50714612,2.55830884
15:05:11,2.560853243,3.505509138,2.556552649
15:05:11,2.559915066,3.506258011,2.558798313
15:05:11,2.560618162,3.505785227,2.558918476
15:05:11,2.560558796,3.505762339,2.557641745
15:05:11,2.559909821,3.505332232,2.55743885
15:05:11,2.560746431,3.505372763,2.558948517
15:05:11,2.560676336,3.505855083,2.558927536
15:05:11,2.561355591,3.506982327,2.559137583
15:05:11,2.560864687,3.506925106,2.559536457
15:05:11,2.561033964,3.507277966,2.55864954
15:05:11,2.562026739,3.506614685,2.558777094
15:05:11,2.561812878,3.50786972,2.560330629
15:05:11,2.561396837,3.508117676,2.559693575
15:05:11,2.562016726,3.50769043,2.560082197
15:05:11,2.560820341,3.505440235,2.559100628
15:05:11,2.560407877,3.50539422,2.558398485
15:05:11,2.559592724,3.50442338,2.557918787
15:05:11,2.559789658,3.506741047,2.560404301
15:05:11,2.561787128,3.506694794,2.559076071
15:05:11,2.561130762,3.506921768,2.558267117
15:05:11,2.561863661,3.506850004,2.559621096
15:05:11,2.560941219,3.506461143,2.559212446
15:05:11,2.560493231,3.50485611,2.559322834
15:05:11,2.560906887,3.505128622,2.559519768
15:05:11,2.560694695,3.505093098,2.558425903
15:05:11,2.560991526,3.504653215,2.55840683
15:05:11,2.561325073,3.505284071,2.55792141
15:05:11,2.560683012,3.505265236,2.559547186
15:05:11,2.561454773,3.50685668,2.559853315
15:05:11,2.561686516,3.506010294,2.559890985
15:05:11,2.56187892,3.50617218,2.560306787
15:05:11,2.561766624,3.506536007,2.559383631
15:05:11,2.560139894,3.506994963,2.559869528
15:05:11,2.559676647,3.504354954,2.558489084
15:05:11,2.56091094,3.505202532,2.558907747
15:05:11,2.560589075,3.504692793,2.55874896
15:05:11,2.561034441,3.504822016,2.557645082
15:05:11,2.561183214,3.504716635,2.558282614
15:05:11,2.560834169,3.504793406,2.557715178
15:05:11,2.559889317,3.505586863,2.558290482
15:05:11,2.560846806,3.505792379,2.559008837
15:05:11,2.559937716,3.505663157,2.559752703
15:05:11,2.560602188,3.505893469,2.558879137
15:05:11,2.560665607,3.506086588,2.559463739
15:05:11,2.560390234,3.506013393,2.558987617
15:05:11,2.560024023,3.505179644,2.557225704
15:05:11,2.560438871,3.505687952,2.558461905
15:05:11,2.560774326,3.508439779,2.560114622
15:05:11,2.561884165,3.508276939,2.560051203
15:05:11,2.561594009,3.507317066,2.560133696
15:05:11,2.562695503,3.507630348,2.560107231
15:05:11,2.562234879,3.508890867,2.559579611
15:05:11,2.560955048,3.508615494,2.560528517
15:05:11,2.561275482,3.50830698,2.558905602
15:05:11,2.560941219,3.506227016,2.558797121
15:05:11,2.560347319,3.505978346,2.55885148
15:05:11,2.560337305,3.505707502,2.558731794
15:05:11,2.560645103,3.506022215,2.558786392
15:05:11,2.56090951,3.506242752,2.557378054
15:05:11,2.561042309,3.506237984,2.558138609
15:05:11,2.560520887,3.506299973,2.557746887
15:05:11,2.56123662,3.506806374,2.559053421
15:05:11,2.560965061,3.506281137,2.559856653
15:05:11,2.560704231,3.505848646,2.558895826
15:05:12,2.560622454,3.505438089,2.559304237
15:05:12,2.560645819,3.50512743,2.559671402
15:05:12,2.562447071,3.508128166,2.560631752
15:05:12,2.562672853,3.508874655,2.560036898
15:05:12,2.561993122,3.508095503,2.561053753
15:05:12,2.562174797,3.508388042,2.56133914
15:05:12,2.562860727,3.507910728,2.559721708
15:05:12,2.562199354,3.507625818,2.558337688
15:05:12,2.56221056,3.507790804,2.559943199
15:05:12,2.561448574,3.508402824,2.558869123
15:05:12,2.561590195,3.507424116,2.55897975
15:05:12,2.560142994,3.505855799,2.558297157
15:05:12,2.560983658,3.505829096,2.558656931
15:05:12,2.560903549,3.506943941,2.558098078
15:05:12,2.561567068,3.507512093,2.558612585
15:05:12,2.561647415,3.50714159,2.559141636
15:05:12,2.561014175,3.50627327,2.558027267
15:05:12,2.561171293,3.506434202,2.557995558
15:05:12,2.561169624,3.506047249,2.55919838
15:05:12,2.560577869,3.50652957,2.559226513
15:05:12,2.56159997,3.506645679,2.558315516
15:05:12,2.560446978,3.505806923,2.558095455
15:05:12,2.559683084,3.50484252,2.557649612
15:05:12,2.559813499,3.505899668,2.557633877
15:05:12,2.56055665,3.505904436,2.558102131
15:05:12,2.560763597,3.506344318,2.559497356
15:05:12,2.561622381,3.506289482,2.559534073
15:05:12,2.560892105,3.504689693,2.557463884
15:05:12,2.561780214,3.504628181,2.55775404
15:05:12,2.559814692,3.505676985,2.558256388
15:05:12,2.561096668,3.506554842,2.558221102
15:05:12,2.561145544,3.505768061,2.557825565
15:05:12,2.560839415,3.50797534,2.559391737
15:05:12,2.561817408,3.50715518,2.559786081
15:05:12,2.561533689,3.507071972,2.559875011
15:05:12,2.561708212,3.507808924,2.558707237
15:05:12,2.5613029,3.507665396,2.558830261
15:05:12,2.561347008,3.506443501,2.560060978
15:05:12,2.561687231,3.507835865,2.561170101
15:05:12,2.561623335,3.507354259,2.558577538
15:05:12,2.561173201,3.505967855,2.558301687
15:05:12,2.562347889,3.506061792,2.559134483
15:05:12,2.561206818,3.506954193,2.557847261
15:05:12,2.561048746,3.506023169,2.559350252
15:05:12,2.560458183,3.506114244,2.559359312
15:05:12,2.561762571,3.507959366,2.5586133
15:05:12,2.562337875,3.506853819,2.559965134
15:05:12,2.561383247,3.507028103,2.559387684
15:05:12,2.561690569,3.506521463,2.559889078
15:05:12,2.561861515,3.506971359,2.560113192
15:05:12,2.561909914,3.506848812,2.5607059
15:05:12,2.562450886,3.505467415,2.559542418
15:05:12,2.56163311,3.506189823,2.55819726
15:05:12,2.562155724,3.506611824,2.559269428
15:05:12,2.561541557,3.50653553,2.558916807
15:05:12,2.561768055,3.507125854,2.557681322
15:05:12,2.561314344,3.507518768,2.560530424
15:05:12,2.562203169,3.50744009,2.559319735
15:05:12,2.561556339,3.50592041,2.559673309
15:05:12,2.560891628,3.506211281,2.559298992
15:05:12,2.561282158,3.505622864,2.558520794
15:05:12,2.562139273,3.505553007,2.559747219
15:05:12,2.561167955,3.505924702,2.558744192
15:05:12,2.560949087,3.507814407,2.560130358
15:05:12,2.561671257,3.507889271,2.559483528
15:05:12,2.562040806,3.507064581,2.558999062
15:05:12,2.562275171,3.507958651,2.559538841
15:05:12,2.561801434,3.506187201,2.558553696
15:05:12,2.56065464,3.505208254,2.559277296
15:05:12,2.561788559,3.506406307,2.560141563
15:05:12,2.562486172,3.506925106,2.560419321
15:05:12,2.561975956,3.506327629,2.55881238
15:05:12,2.560323954,3.505654097,2.558409691
15:05:12,2.560009003,3.506314278,2.559064865
15:05:12,2.56088376,3.505867481,2.558529854
15:05:12,2.560800552,3.50573945,2.558129787
15:05:12,2.561064243,3.506882668,2.559732914
15:05:12,2.560829401,3.50720048,2.55788064
15:05:12,2.561193466,3.50688529,2.558582306
15:05:12,2.560708046,3.506233454,2.558630466
15:05:12,2.559991837,3.505807638,2.558828115
15:05:12,2.561652184,3.506448746,2.557326794
15:05:12,2.560555458,3.506371021,2.557928562
15:05:12,2.560280561,3.505777359,2.55889225
15:05:12,2.560926676,3.506615639,2.558785915
15:05:12,2.561881781,3.507298708,2.557774544
15:05:12,2.560972929,3.506250858,2.55888319
15:05:12,2.56028986,3.506686687,2.558754206
15:05:12,2.561338186,3.508482933,2.561008453
15:05:12,2.561853647,3.507583857,2.560112476
15:05:12,2.562354088,3.508015394,2.559928656
15:05:12,2.562128067,3.507418394,2.559730053
15:05:12,2.561718225,3.50725317,2.558690548
15:05:12,2.560539484,3.506987095,2.559306383
15:05:12,2.562043905,3.50804925,2.559467077
15:05:12,2.561861515,3.508407593,2.559572935
15:05:12,2.561469793,3.507180214,2.560238123
15:05:12,2.562193155,3.507148027,2.558873892
15:05:12,2.561281681,3.507026672,2.559325457
15:05:12,2.561206818,3.506145477,2.558043242
15:05:12,2.561192989,3.505771399,2.558614016
15:05:12,2.560916662,3.506106138,2.559381247
15:05:12,2.562440872,3.508702993,2.559591293
15:05:12,2.56233263,3.507924557,2.559007406
15:05:12,2.56122756,3.506840706,2.559124708
15:05:12,2.562128782,3.506555557,2.559381962
15:05:12,2.561887503,3.50713563,2.559929371
15:05:12,2.562359095,3.506673813,2.55926466
15:05:12,2.562180758,3.506175995,2.559942484
15:05:12,2.560647964,3.505220652,2.557112694
15:05:12,2.56026125,3.505811214,2.558316231
15:05:12,2.560851336,3.506794453,2.55809021
15:05:12,2.560473442,3.505810022,2.558960915
15:05:12,2.561181545,3.505925417,2.559471607
15:05:12,2.561215401,3.505889654,2.558729887
15:05:12,2.560736418,3.505511284,2.559452534
15:05:13,2.560709238,3.504745245,2.558264017
15:05:13,2.560374975,3.505504608,2.557899714
15:05:13,2.561039209,3.504213572,2.558079004
15:05:13,2.561222076,3.50546813,2.557759047
15:05:13,2.560576439,3.506278276,2.558412075
15:05:13,2.560521841,3.50631237,2.557636499
15:05:13,2.561070919,3.506489754,2.558448553
15:05:13,2.561844587,3.507312536,2.559708357
15:05:13,2.563296556,3.50755167,2.559896469
15:05:13,2.562563419,3.507075071,2.559764624
15:05:13,2.561812878,3.506933451,2.560279369
15:05:13,2.561668158,3.507188797,2.560238123
15:05:13,2.561473131,3.507186413,2.560775995
15:05:13,2.562735081,3.507302761,2.559926033
15:05:13,2.561310768,3.506528854,2.559499502
15:05:13,2.561567068,3.506793261,2.559439898
15:05:13,2.561877489,3.506465673,2.560424566
15:05:13,2.561362267,3.507377863,2.559058189
15:05:13,2.561718225,3.507395506,2.56008482
15:05:13,2.562215805,3.507837057,2.559331656
15:05:13,2.561722755,3.506930351,2.558797836
15:05:13,2.560775518,3.507009745,2.557952642
15:05:13,2.560345888,3.506479502,2.558066368
15:05:13,2.561795712,3.507387161,2.560472727
15:05:13,2.561369896,3.507127285,2.559004545
15:05:13,2.562297106,3.507809639,2.558990717
15:05:13,2.562740326,3.506577253,2.561242819
15:05:13,2.561342955,3.507282734,2.56028986
15:05:13,2.560715675,3.50705862,2.55744791
15:05:13,2.560814381,3.507035971,2.559438467
15:05:13,2.562141657,3.507175446,2.559136391
15:05:13,2.561834574,3.506499052,2.55954361
15:05:13,2.560737848,3.50683713,2.558273315
15:05:13,2.560526371,3.507784367,2.559384823
15:05:13,2.561501503,3.508100748,2.559924603
15:05:13,2.561574936,3.507365465,2.559986115
15:05:13,2.561384678,3.506683588,2.559295177
15:05:13,2.56206584,3.507656336,2.559494257
15:05:13,2.562278032,3.507309914,2.559651852
15:05:13,2.561154127,3.506937981,2.559629202
15:05:13,2.561909914,3.507450342,2.559735298
15:05:13,2.561483622,3.507862568,2.558626652
15:05:13,2.561703682,3.506808043,2.559446335
15:05:13,2.560581207,3.507960081,2.559877634
15:05:13,2.560658455,3.50630188,2.559304237
15:05:13,2.560787916,3.504554987,2.55677557
15:05:13,2.560390234,3.505511999,2.557143211
15:05:13,2.55971837,3.508939743,2.560796976
15:05:13,2.56308341,3.50924325,2.560548544
15:05:13,2.562527657,3.508776665,2.560417891
15:05:13,2.563169956,3.50826478,2.560308933
15:05:13,2.561468601,3.507574081,2.560712337
15:05:13,2.561337709,3.506073713,2.558895111
15:05:13,2.561713696,3.50545764,2.559425831
15:05:13,2.561147451,3.5055511,2.559627056
15:05:13,2.560942411,3.505961418,2.559859037
15:05:13,2.56080842,3.50689888,2.556934118
15:05:13,2.560614109,3.505610943,2.557802439
15:05:13,2.560493231,3.505672216,2.558561563
15:05:13,2.560591221,3.505427837,2.558829546
15:05:13,2.560893059,3.504713297,2.558624506
15:05:13,2.560398102,3.5049963,2.559328794
15:05:13,2.560873747,3.506234169,2.558518648
15:05:13,2.560613394,3.505704165,2.558837414
15:05:13,2.561064243,3.506685019,2.558398485
15:05:13,2.561329126,3.505079746,2.557688475
15:05:13,2.56062603,3.50413394,2.558079004
15:05:13,2.5599792,3.50490427,2.559067011
15:05:13,2.56065917,3.505393028,2.558715582
15:05:13,2.561244965,3.505319357,2.558184624
15:05:13,2.563208103,3.508937359,2.561059475
15:05:13,2.563231945,3.508363724,2.560781002
15:05:13,2.563073397,3.508254051,2.56120348
15:05:13,2.563659906,3.509134769,2.560628414
15:05:13,2.5623281,3.507392883,2.560952425
15:05:13,2.563357592,3.50805378,2.560781717
15:05:13,2.562704086,3.507976055,2.560437441
15:05:13,2.564077854,3.508892059,2.560549736
15:05:13,2.563604593,3.510047197,2.560599327
15:05:13,2.562696218,3.510155201,2.56117177
15:05:13,2.563906431,3.509583712,2.559709072
15:05:13,2.56278801,3.508890152,2.560282946
15:05:13,2.562074423,3.508841276,2.561576605
15:05:13,2.562606335,3.508705378,2.560912848
15:05:13,2.563016653,3.508294106,2.560522318
15:05:13,2.562954426,3.509074926,2.560869217
15:05:13,2.562572479,3.508633137,2.55961585
15:05:13,2.562266111,3.508731127,2.560125828
15:05:13,2.562478781,3.507991076,2.560106039
15:05:13,2.562083721,3.509590864,2.561214209
15:05:13,2.563574314,3.510048389,2.559962273
15:05:13,2.563719749,3.50945282,2.560937166
15:05:13,2.563383102,3.509885311,2.562544346
15:05:13,2.562781334,3.509377003,2.560038567
15:05:13,2.563267708,3.50817275,2.561551094
15:05:13,2.562908173,3.508868694,2.561612606
15:05:13,2.563384533,3.509054661,2.561841249
15:05:13,2.563122988,3.507824898,2.560452461
15:05:13,2.563483477,3.508974314,2.562337399
15:05:13,2.564159632,3.509164095,2.561749458
15:05:13,2.56352663,3.50933671,2.560706854
15:05:13,2.563109159,3.508033037,2.560127258
15:05:13,2.563316822,3.508447886,2.560484171
15:05:13,2.563667297,3.508645535,2.560340643
15:05:13,2.563541174,3.509002447,2.559833288
15:05:13,2.563218832,3.508846521,2.560288906
15:05:13,2.563748598,3.509652376,2.560492039
15:05:13,2.563174486,3.507540226,2.561103106
15:05:13,2.56330061,3.509728432,2.561415434
15:05:13,2.563611031,3.509870291,2.560109138
15:05:13,2.562528133,3.508213758,2.561218262
15:05:13,2.563050747,3.508301497,2.560965538
15:05:13,2.562467098,3.509106636,2.562353134
15:05:13,2.563174486,3.50902009,2.560356379
15:05:13,2.563477039,3.508742094,2.56026721
15:05:13,2.563228846,3.508705378,2.561061382
15:05:13,2.56311512,3.508252144,2.560982227
15:05:13,2.562846184,3.508958101,2.561687231
15:05:13,2.56371212,3.508261204,2.560481548
15:05:14,2.563031673,3.508618355,2.560833216
15:05:14,2.562515736,3.509124279,2.56125927
15:05:14,2.562705278,3.508713484,2.561745167
15:05:14,2.564489365,3.510051489,2.561939716
15:05:14,2.562879801,3.51076293,2.561503887
15:05:14,2.56446743,3.510424852,2.561806679
15:05:14,2.564282417,3.511633158,2.561517715
15:05:14,2.564376354,3.511338949,2.561295509
15:05:14,2.564283133,3.50964427,2.561721325
15:05:14,2.563770533,3.509891748,2.560716867
15:05:14,2.564201832,3.510657072,2.562171459
15:05:14,2.563765287,3.509213924,2.561625242
15:05:14,2.563230753,3.508971691,2.562146902
15:05:14,2.563204288,3.509361982,2.561608315
15:05:14,2.564415932,3.509166956,2.560480356
15:05:14,2.564336777,3.509725809,2.561917067
15:05:14,2.564043999,3.510118008,2.56219697
15:05:14,2.563691616,3.510625601,2.56156373
15:05:14,2.563409805,3.507936239,2.560563564
15:05:14,2.562968254,3.50844264,2.559424162
15:05:14,2.56221962,3.509320021,2.562404156
15:05:14,2.563433409,3.510750294,2.562676668
15:05:14,2.564846754,3.511573792,2.5617764
15:05:14,2.564485788,3.511199951,2.562870741
15:05:14,2.564709425,3.509805202,2.561323643
15:05:14,2.564615488,3.508887768,2.561702967
15:05:14,2.564576626,3.510296822,2.562734604
15:05:14,2.564238071,3.509950399,2.56116128
15:05:14,2.56432128,3.510300875,2.561925411
15:05:14,2.562917471,3.509932041,2.563006639
15:05:14,2.562875986,3.508763075,2.560998678
15:05:14,2.564189911,3.50934577,2.561818123
15:05:14,2.563340187,3.510142803,2.56059742
15:05:14,2.563028097,3.509349346,2.560734987
15:05:14,2.563221455,3.509032249,2.561021328
15:05:14,2.563559532,3.509048223,2.560664177
15:05:14,2.562813759,3.508671522,2.561956882
15:05:14,2.563247204,3.509305954,2.56112361
15:05:14,2.563465118,3.509689569,2.561027765
15:05:14,2.563109875,3.510221958,2.560843229
15:05:14,2.563942909,3.510142803,2.560550451
15:05:14,2.563667297,3.510527134,2.561845303
15:05:14,2.564083338,3.509979248,2.56156373
15:05:14,2.5640347,3.509074926,2.559980154
15:05:14,2.562565088,3.507658958,2.560266018
15:05:14,2.564667702,3.510409832,2.562147379
15:05:14,2.563597202,3.510031223,2.561167955
15:05:14,2.563439369,3.509629011,2.560353994
15:05:14,2.563396454,3.510831833,2.561716318
15:05:14,2.562614918,3.508448601,2.560480356
15:05:14,2.562349796,3.508037567,2.561148882
15:05:14,2.563272476,3.50881052,2.561240196
15:05:14,2.562599659,3.508531332,2.559787035
15:05:14,2.562876463,3.508671522,2.560851097
15:05:14,2.563387394,3.510109663,2.561625242
15:05:14,2.562522173,3.509001017,2.561088324
15:05:14,2.562837362,3.508043289,2.55973959
15:05:14,2.562783957,3.507630348,2.560766697
15:05:14,2.562532425,3.508355856,2.561119795
15:05:14,2.562739611,3.508015394,2.560821295
15:05:14,2.562434435,3.508429527,2.560674667
15:05:14,2.562678814,3.508990526,2.559816122
15:05:14,2.563191891,3.508158684,2.559596777
15:05:14,2.563566685,3.507592678,2.559504271
15:05:14,2.562638044,3.508011818,2.560512066
15:05:14,2.561972618,3.507647991,2.561416149
15:05:14,2.562484026,3.507880211,2.560568333
15:05:14,2.562726736,3.508184433,2.559900045
15:05:14,2.562403202,3.507668734,2.560231447
15:05:14,2.561701059,3.507210732,2.559678078
15:05:14,2.562791109,3.508998156,2.559748888
15:05:14,2.563447952,3.508282661,2.55956769
15:05:14,2.561656237,3.507330179,2.558807611
15:05:14,2.562787533,3.507833958,2.560120344
15:05:14,2.563409805,3.507668734,2.560631037
15:05:14,2.561896563,3.50737524,2.56051445
15:05:14,2.56210947,3.507832527,2.560789585
15:05:14,2.562700033,3.507260323,2.560134888
15:05:14,2.561937571,3.508034229,2.560858488
15:05:14,2.562491179,3.507677794,2.560583115
15:05:14,2.562207222,3.50732851,2.560087442
15:05:14,2.561533689,3.507776737,2.560409307
15:05:14,2.562964439,3.507382154,2.560405493
15:05:14,2.563082457,3.50772047,2.560249567
15:05:14,2.563282728,3.508877277,2.560725451
15:05:14,2.561726332,3.507564306,2.560830116
15:05:14,2.563127756,3.508856297,2.561043739
15:05:14,2.562589169,3.507187128,2.56044817
15:05:14,2.562822819,3.507907629,2.561714888
15:05:14,2.562660933,3.507784367,2.560128212
15:05:14,2.56341362,3.507399321,2.560377121
15:05:14,2.56098175,3.505872011,2.557002306
15:05:14,2.561512709,3.504962683,2.55743289
15:05:14,2.560492039,3.50706315,2.561154127
15:05:14,2.561450481,3.506614685,2.559668064
15:05:14,2.562141657,3.507722378,2.560263872
15:05:14,2.562250137,3.50715518,2.560261488
15:05:14,2.560939312,3.507124186,2.559988976
15:05:14,2.560176373,3.504974127,2.558940411
15:05:14,2.560390234,3.50556016,2.559120417
15:05:14,2.561346292,3.506371498,2.558418751
15:05:14,2.562046051,3.508789063,2.559552431
15:05:14,2.561654091,3.508447886,2.5604074
15:05:14,2.56253767,3.508329868,2.560697794
15:05:14,2.562348604,3.50950408,2.559115887
15:05:14,2.561231375,3.506761074,2.559878588
15:05:14,2.56163311,3.506950617,2.559046268
15:05:14,2.561747313,3.507362127,2.559263468
15:05:14,2.562366009,3.508698225,2.560870409
15:05:14,2.561553001,3.508614063,2.560608387
15:05:14,2.561485052,3.508191586,2.560271502
15:05:14,2.561328411,3.508390903,2.559790373
15:05:14,2.561774492,3.506526232,2.559512615
15:05:14,2.561271906,3.506395817,2.558686018
15:05:14,2.562199354,3.506493092,2.560122967
15:05:15,2.561676502,3.508391619,2.559685707
15:05:15,2.562241793,3.50845623,2.558974981
15:05:15,2.562361717,3.507707834,2.55957222
15:05:15,2.559459925,3.505343437,2.557469845
15:05:15,2.560863256,3.505975008,2.560012579
15:05:15,2.561024904,3.50583744,2.55867672
15:05:15,2.561421394,3.505909443,2.559326172
15:05:15,2.560557365,3.506738901,2.559325457
15:05:15,2.562240362,3.507526636,2.559913397
15:05:15,2.562092304,3.507575989,2.559347391
15:05:15,2.56101346,3.50641346,2.55924201
15:05:15,2.561296701,3.506330013,2.559369802
15:05:15,2.561602592,3.506337404,2.559011936
15:05:15,2.560253382,3.505238295,2.558252096
15:05:15,2.560288429,3.506313086,2.559468269
15:05:15,2.560299158,3.508439302,2.560581446
15:05:15,2.562681675,3.50832653,2.561511278
15:05:15,2.562164068,3.508409262,2.561404228
15:05:15,2.561406612,3.506545782,2.559517384
15:05:15,2.561984777,3.506907463,2.559764624
15:05:15,2.562247515,3.506433725,2.560056925
15:05:15,2.561909199,3.506951571,2.560200453
15:05:15,2.562325001,3.506398439,2.559074879
15:05:15,2.562549591,3.507897377,2.561029196
15:05:15,2.561206102,3.507709265,2.559740067
15:05:15,2.562520981,3.507263899,2.55886054
15:05:15,2.561427593,3.507145405,2.55850482
15:05:15,2.561739922,3.50631547,2.559637547
15:05:15,2.561835766,3.506331205,2.558339834
15:05:15,2.561358929,3.506343603,2.560041189
15:05:15,2.561160564,3.505863428,2.558609724
15:05:15,2.561106443,3.506543875,2.558467627
15:05:15,2.561377048,3.507258415,2.559116602
15:05:15,2.561216831,3.506793976,2.559524536
15:05:15,2.561329126,3.506741047,2.559547186
15:05:15,2.561106443,3.506612539,2.558826923
15:05:15,2.562289715,3.506549358,2.558098078
15:05:15,2.561192989,3.506785393,2.559066057
15:05:15,2.561579704,3.506941319,2.558480978
15:05:15,2.560861111,3.506126881,2.557174921
15:05:15,2.560342789,3.505319357,2.559008837
15:05:15,2.560382366,3.504898548,2.558074951
15:05:15,2.560368299,3.505102873,2.558775902
15:05:15,2.561047554,3.506104469,2.559869051
15:05:15,2.561354399,3.506210566,2.559157372
15:05:15,2.560870171,3.505813122,2.55805707
15:05:15,2.562291145,3.508206844,2.558768034
15:05:15,2.560240507,3.508180857,2.559212446
15:05:15,2.561485052,3.507541895,2.559833288
15:05:15,2.562078953,3.506799698,2.559345245
15:05:15,2.562515736,3.506857395,2.559705496
15:05:15,2.561959505,3.506269693,2.560138941
15:05:15,2.561231375,3.506710291,2.559310436
15:05:15,2.562074423,3.506908655,2.558829546
15:05:15,2.560795307,3.508113623,2.559978962
15:05:15,2.561335564,3.507552624,2.559797525
15:05:15,2.562260866,3.507263184,2.559475183
15:05:15,2.562308788,3.507260323,2.560188055
15:05:15,2.561600685,3.507771254,2.559688091
15:05:15,2.562282562,3.507424831,2.559584141
15:05:15,2.56073308,3.507765532,2.558830738
15:05:15,2.561641693,3.508125305,2.558947325
15:05:15,2.562175512,3.508177757,2.559882164
15:05:15,2.561812878,3.50819993,2.560347795
15:05:15,2.562094688,3.507737875,2.560166121
15:05:15,2.561964273,3.507758856,2.559162855
15:05:15,2.561492205,3.506182671,2.559051752
15:05:15,2.561111689,3.5075109,2.559313059
15:05:15,2.561907291,3.507597685,2.559245586
15:05:15,2.560708523,3.507090807,2.559178591
15:05:15,2.562566519,3.509074926,2.560493469
15:05:15,2.56204319,3.508473873,2.559173584
15:05:15,2.562203169,3.50737381,2.559322119
15:05:15,2.562026739,3.507560015,2.55993104
15:05:15,2.561738014,3.506875515,2.56119132
15:05:15,2.560517788,3.505234003,2.558604002
15:05:15,2.560007811,3.505342007,2.558422089
15:05:15,2.560796738,3.507148027,2.558397055
15:05:15,2.560215235,3.506760597,2.558685541
15:05:15,2.560643196,3.506484032,2.559538364
15:05:15,2.559716463,3.506789923,2.558410406
15:05:15,2.561492205,3.507412434,2.560039043
15:05:15,2.561525345,3.505914927,2.559346676
15:05:15,2.560904264,3.506615639,2.559703588
15:05:15,2.561060905,3.507124662,2.560222387
15:05:15,2.561561108,3.507185459,2.559969664
15:05:15,2.560177565,3.505589485,2.559037924
15:05:15,2.560077667,3.505566597,2.558698654
15:05:15,2.560368299,3.50655365,2.559548855
15:05:15,2.56196785,3.505243063,2.558685541
15:05:15,2.56115675,3.505117655,2.559403658
15:05:15,2.561609268,3.50701189,2.560377598
15:05:15,2.562319517,3.5076437,2.559172153
15:05:15,2.561810017,3.507986784,2.560331345
15:05:15,2.561190367,3.506229401,2.557670593
15:05:15,2.561689854,3.505072117,2.558231115
15:05:15,2.560472965,3.504893303,2.558077097
15:05:15,2.560429335,3.503910065,2.557601452
15:05:15,2.560903549,3.505769253,2.557680607
15:05:15,2.559616566,3.505961418,2.559187174
15:05:15,2.560530186,3.505035877,2.558567524
15:05:15,2.560387611,3.505393744,2.559422016
15:05:15,2.56286788,3.508001328,2.560782433
15:05:15,2.561428308,3.507348061,2.56064105
15:05:15,2.560951948,3.505622149,2.558183432
15:05:15,2.560371876,3.505637646,2.557799101
15:05:15,2.560987711,3.504520893,2.558364391
15:05:15,2.560560226,3.50559783,2.558781862
15:05:15,2.561282873,3.505599737,2.558979988
15:05:15,2.561915874,3.507272959,2.559740067
15:05:15,2.562100649,3.507760048,2.560270548
15:05:15,2.562209368,3.50780201,2.559596777
15:05:15,2.562174082,3.505592108,2.55895257
15:05:15,2.561403275,3.506920099,2.559893608
15:05:15,2.561861515,3.506278276,2.559879541
15:05:15,2.561891556,3.50645256,2.560135603
15:05:15,2.561476469,3.505956173,2.55947566
15:05:15,2.561070919,3.505952597,2.557920218
15:05:15,2.561247826,3.505434036,2.557986975
15:05:16,2.562549591,3.507888794,2.559579611
15:05:16,2.562335491,3.507321835,2.560706854
15:05:16,2.561485052,3.506797791,2.559394121
15:05:16,2.560993433,3.505965948,2.560144901
15:05:16,2.561444759,3.506575108,2.559464455
15:05:16,2.561674833,3.507265091,2.55991888
15:05:16,2.561214924,3.507214785,2.558734894
15:05:16,2.561740637,3.50732851,2.559899092
15:05:16,2.5615201,3.507342577,2.560043097
15:05:16,2.56141305,3.506783485,2.559588671
15:05:16,2.561098337,3.506622314,2.560596466
15:05:16,2.561899185,3.506148577,2.55899024
15:05:16,2.56189394,3.507677794,2.559642792
15:05:16,2.561024904,3.507303476,2.560086489
15:05:16,2.561325073,3.506862164,2.559951067
15:05:16,2.561940908,3.506993294,2.560636282
15:05:16,2.562193871,3.505752563,2.559825659
15:05:16,2.560779333,3.506232023,2.559566259
15:05:16,2.562243938,3.507927179,2.56009531
15:05:16,2.56177783,3.507220507,2.558939219
15:05:16,2.561411142,3.507289648,2.559715509
15:05:16,2.561099768,3.507071257,2.557765484
15:05:16,2.560862064,3.506756067,2.559945822
15:05:16,2.560671806,3.507145405,2.559665442
15:05:16,2.560965538,3.505588055,2.558987617
15:05:16,2.559588909,3.504170179,2.557567835
15:05:16,2.558422089,3.504161119,2.557378531
15:05:16,2.558810472,3.504067898,2.557262897
15:05:16,2.56086278,3.506293535,2.558695793
15:05:16,2.561670065,3.506281853,2.559399605
15:05:16,2.561001539,3.505705833,2.559349537
15:05:16,2.561684608,3.506310463,2.558385134
15:05:16,2.55967474,3.505293131,2.559226513
15:05:16,2.560976267,3.50639534,2.558523893
15:05:16,2.561093807,3.505655289,2.559911251
15:05:16,2.56086731,3.506572008,2.55835247
15:05:16,2.560977697,3.506714821,2.558827639
15:05:16,2.560684204,3.506209135,2.5586133
15:05:16,2.560002565,3.506523132,2.55881238
15:05:16,2.560249567,3.506746292,2.55958128
15:05:16,2.561432123,3.507309437,2.55930233
15:05:16,2.561666489,3.506942034,2.558826923
15:05:16,2.561204195,3.506654263,2.558979988
15:05:16,2.561754465,3.506254435,2.559516191
15:05:16,2.560791254,3.505616665,2.559892178
15:05:16,2.561248541,3.505800724,2.559043646
15:05:16,2.561442137,3.506877422,2.559815645
15:05:16,2.560767412,3.506523609,2.559090614
15:05:16,2.560839415,3.505684614,2.5595119
15:05:16,2.560702801,3.505845308,2.558902979
15:05:16,2.561233997,3.507181644,2.560041189
15:05:16,2.561138153,3.506109953,2.560277939
15:05:16,2.561184406,3.506251574,2.55792141
15:05:16,2.561203003,3.506250858,2.55845046
15:05:16,2.561052322,3.505855799,2.55910778
15:05:16,2.560299635,3.505375385,2.559182644
15:05:16,2.561330557,3.506295443,2.559574127
15:05:16,2.56135726,3.507000685,2.560856581
15:05:16,2.561213255,3.506439209,2.558740139
15:05:16,2.561817884,3.506014109,2.559004545
15:05:16,2.559939146,3.505171299,2.558275461
15:05:16,2.560938835,3.504968882,2.55774951
15:05:16,2.560980797,3.504112959,2.557733059
15:05:16,2.560400009,3.504357576,2.556972027
15:05:16,2.560873032,3.505928278,2.557710409
15:05:16,2.560297012,3.505539894,2.558020592
15:05:16,2.559852362,3.50559783,2.559623718
15:05:16,2.561322689,3.50744009,2.559075356
15:05:16,2.561822653,3.506733894,2.559334755
15:05:16,2.560927391,3.506353378,2.559011459
15:05:16,2.561004639,3.506253004,2.558411598
15:05:16,2.560514927,3.506067038,2.557703257
15:05:16,2.561280966,3.506736755,2.55886054
15:05:16,2.561063766,3.506747007,2.559835672
15:05:16,2.561384678,3.506746292,2.559849262
15:05:16,2.562179565,3.506592274,2.559048653
15:05:16,2.560712814,3.506236076,2.558578014
15:05:16,2.562141657,3.507295132,2.558854103
15:05:16,2.560623407,3.505505323,2.559386969
15:05:16,2.561525345,3.506789923,2.55991745
15:05:16,2.562129259,3.507786274,2.559504271
15:05:16,2.561386585,3.506690741,2.559070349
15:05:16,2.561419487,3.506202698,2.559264183
15:05:16,2.56128931,3.506481409,2.560358524
15:05:16,2.561851263,3.506424427,2.559359789
15:05:16,2.561748505,3.50626421,2.557210684
15:05:16,2.560971022,3.506678581,2.559170723
15:05:16,2.561413765,3.505986691,2.559179306
15:05:16,2.561374664,3.507447004,2.559876442
15:05:16,2.561164141,3.506008863,2.559579611
15:05:16,2.561582327,3.506930351,2.560736895
15:05:16,2.561304569,3.507004738,2.559725046
15:05:16,2.561539173,3.507114887,2.558535337
15:05:16,2.560554743,3.506017447,2.55940032
15:05:16,2.561406612,3.50767231,2.559981585
15:05:16,2.560917377,3.506895781,2.559971094
15:05:16,2.561288118,3.506211758,2.559054375
15:05:16,2.560290575,3.505841732,2.558464527
15:05:16,2.561537266,3.50732851,2.558996201
15:05:16,2.562180758,3.506052017,2.559559107
15:05:16,2.561613798,3.506699324,2.558810472
15:05:16,2.561942339,3.505651474,2.558004856
15:05:16,2.559677124,3.505257368,2.557094812
15:05:16,2.5601511,3.504728794,2.558251619
15:05:16,2.56065774,3.504626989,2.558001518
15:05:16,2.560396194,3.506346464,2.559372425
15:05:16,2.560530901,3.505733013,2.558467627
15:05:16,2.560499907,3.506248236,2.558318853
15:05:16,2.560357094,3.506150723,2.559159517
15:05:16,2.560529709,3.505482674,2.55928874
15:05:16,2.56046629,3.506426573,2.558642149
15:05:16,2.560316801,3.505564451,2.558789968
15:05:16,2.561257124,3.50556922,2.558873892
15:05:16,2.560213804,3.505933285,2.559730053
15:05:16,2.560651302,3.506104469,2.558455706
15:05:16,2.559891224,3.506412268,2.558514118
15:05:16,2.560374498,3.506030083,2.558286667
15:05:16,2.559921741,3.504779816,2.558357239
15:05:16,2.560474873,3.506289005,2.55840826
15:05:17,2.560754299,3.50605154,2.559742928
15:05:17,2.561127186,3.505838156,2.558861256
15:05:17,2.560570002,3.506269693,2.557932138
15:05:17,2.560384989,3.506361723,2.558833599
15:05:17,2.561553001,3.506889105,2.558604002
15:05:17,2.560141087,3.506204128,2.559444666
15:05:17,2.561014891,3.506607294,2.55780077
15:05:17,2.561892033,3.506347656,2.560130358
15:05:17,2.562125921,3.50795722,2.560998678
15:05:17,2.562455654,3.507429361,2.559958458
15:05:17,2.562337875,3.507852793,2.559098721
15:05:17,2.560534477,3.505010128,2.559165716
15:05:17,2.561474562,3.506192923,2.558652163
15:05:17,2.561059475,3.506003618,2.558985472
15:05:17,2.562474728,3.507861137,2.559102058
15:05:17,2.561692715,3.508279562,2.559661388
15:05:17,2.561228752,3.506246567,2.559393644
15:05:17,2.561292171,3.507791281,2.558730364
15:05:17,2.561959982,3.507626534,2.559850454
15:05:17,2.562040806,3.505946398,2.558577061
15:05:17,2.560784578,3.505527973,2.559630394
15:05:17,2.560678244,3.505190849,2.558685541
15:05:17,2.560314178,3.504350662,2.557584763
15:05:17,2.559844017,3.504559755,2.558420181
15:05:17,2.560573339,3.505749702,2.558520079
15:05:17,2.5605371,3.504902363,2.558068991
15:05:17,2.560507774,3.506509304,2.55719018
15:05:17,2.560397387,3.505916357,2.559633732
15:05:17,2.560827017,3.505681515,2.558700085
15:05:17,2.561138153,3.505605221,2.559279203
15:05:17,2.5608778,3.504980564,2.55916214
15:05:17,2.560965061,3.505359888,2.557575464
15:05:17,2.560356379,3.505611897,2.558506012
15:05:17,2.560292006,3.505727291,2.558549643
15:05:17,2.560663223,3.504959822,2.558214664
15:05:17,2.559925795,3.505212307,2.558282614
15:05:17,2.560170174,3.505531549,2.559077501
15:05:17,2.56033659,3.505183697,2.558983564
15:05:17,2.560689449,3.505361795,2.558688641
15:05:17,2.560875893,3.505402088,2.558077097
15:05:17,2.560450315,3.506447554,2.558065176
15:05:17,2.560174227,3.505064249,2.558000803
15:05:17,2.560721159,3.505665064,2.558400393
15:05:17,2.560231447,3.504846334,2.558697939
15:05:17,2.560538292,3.504317284,2.557819128
15:05:17,2.560325384,3.505815029,2.557614088
15:05:17,2.561047554,3.505770922,2.558564425
15:05:17,2.560673237,3.505687952,2.559322834
15:05:17,2.560689449,3.505953312,2.558511972
15:05:17,2.560803175,3.505744219,2.558474302
15:05:17,2.560865164,3.505993843,2.557585478
15:05:17,2.560664177,3.505802155,2.558405638
15:05:17,2.560517311,3.505326033,2.558244467
15:05:17,2.56163311,3.506349564,2.558992863
15:05:17,2.561781168,3.506895781,2.559726238
15:05:17,2.562139988,3.50676322,2.557819128
15:05:17,2.561787844,3.505902052,2.558447838
15:05:17,2.560848713,3.50534749,2.558982134
15:05:17,2.56101656,3.504023552,2.559218168
15:05:17,2.56048131,3.50573802,2.558249474
15:05:17,2.560294867,3.506083488,2.556797981
15:05:17,2.560484171,3.506168842,2.55830574
15:05:17,2.560859919,3.506076813,2.559455395
15:05:17,2.560488462,3.505395651,2.558012724
15:05:17,2.560620785,3.506910086,2.557625294
15:05:17,2.560562611,3.505498648,2.557481289
15:05:17,2.560539484,3.506407022,2.559789658
15:05:17,2.561493635,3.5070014,2.559114933
15:05:17,2.561480999,3.506246567,2.558602095
15:05:17,2.561185122,3.507173777,2.558536291
15:05:17,2.560768127,3.507453442,2.558702946
15:05:17,2.560451508,3.505527258,2.559481621
15:05:17,2.56111455,3.506414175,2.558595419
15:05:17,2.5615623,3.507223129,2.559097528
15:05:17,2.559840441,3.505686283,2.558694601
15:05:17,2.561024427,3.504881382,2.55865407
15:05:17,2.56062746,3.506581306,2.558768034
15:05:17,2.560949087,3.505610228,2.558637857
15:05:17,2.561775923,3.506245852,2.558612585
15:05:17,2.560775518,3.506778002,2.558210373
15:05:17,2.560857534,3.506073952,2.558664799
15:05:17,2.560916662,3.505522966,2.558994293
15:05:17,2.560421944,3.505412579,2.557429552
15:05:17,2.561436892,3.505552292,2.558762789
15:05:17,2.559742928,3.50489378,2.558121443
15:05:17,2.560246229,3.505077839,2.55781436
15:05:17,2.559494972,3.504235506,2.558004141
15:05:17,2.560159683,3.505408764,2.556980371
15:05:17,2.560596228,3.506666422,2.558294535
15:05:17,2.5606215,3.505909443,2.557908297
15:05:17,2.560532093,3.506588459,2.557985067
15:05:17,2.559847832,3.505762339,2.55851531
15:05:17,2.559925795,3.505871058,2.558420897
15:05:17,2.559771776,3.506778717,2.558719158
15:05:17,2.560859919,3.506664753,2.557992935
15:05:17,2.560186863,3.505293846,2.557576895
15:05:17,2.56095314,3.505833387,2.5577178
15:05:17,2.561022043,3.505164146,2.558857918
15:05:17,2.561127186,3.505197287,2.558692694
15:05:17,2.560844183,3.505927563,2.55896163
15:05:17,2.562045574,3.508381844,2.559752703
15:05:17,2.562288284,3.507916212,2.558858633
15:05:17,2.561701059,3.506991625,2.559473753
15:05:17,2.561566114,3.507285357,2.559260607
15:05:17,2.56134963,3.507157326,2.558887005
15:05:17,2.561866999,3.506531,2.55910778
15:05:17,2.561310053,3.506176472,2.558404922
15:05:17,2.561814785,3.508036137,2.559497356
15:05:17,2.560720682,3.506500959,2.559139013
15:05:17,2.562374353,3.50736022,2.559547186
15:05:17,2.561179161,3.507236958,2.559666634
15:05:17,2.562684298,3.507753611,2.55941534
15:05:17,2.561341047,3.506792545,2.559929371
15:05:17,2.562371016,3.50833106,2.559362173
15:05:17,2.561668158,3.507710695,2.561248779
15:05:17,2.561802149,3.507991552,2.559574842
15:05:18,2.562517166,3.507366896,2.560927153
15:05:18,2.562400103,3.508274555,2.560433388
15:05:18,2.56189394,3.50727725,2.559990883
15:05:18,2.5618155,3.507035971,2.559725523
15:05:18,2.561902761,3.507255316,2.559701204
15:05:18,2.561639071,3.507386446,2.560142994
15:05:18,2.561769724,3.507333517,2.561384916
15:05:18,2.56276679,3.507863283,2.560055017
15:05:18,2.561979294,3.507724285,2.560791016
15:05:18,2.562041283,3.507650614,2.560532331
15:05:18,2.560358524,3.505270481,2.558856487
15:05:18,2.561277628,3.505428314,2.558733463
15:05:18,2.5605371,3.505869389,2.558393002
15:05:18,2.560841322,3.505340815,2.557440281
15:05:18,2.560773611,3.504970312,2.558745384
15:05:18,2.560425282,3.505731583,2.55901885
15:05:18,2.561104536,3.507596254,2.558193207
15:05:18,2.561584711,3.507555246,2.559153795
15:05:18,2.560902119,3.508464813,2.559133053
15:05:18,2.561579704,3.506905556,2.558823109
15:05:18,2.561518908,3.506236076,2.558887482
15:05:18,2.562538862,3.507088184,2.55892086
15:05:18,2.561961412,3.507055998,2.558031797
15:05:18,2.560133219,3.505443811,2.557454586
15:05:18,2.561136961,3.505442381,2.558778763
15:05:18,2.56075573,3.50541997,2.557067156
15:05:18,2.56040144,3.505363703,2.557802439
15:05:18,2.560784101,3.505259037,2.558177471
15:05:18,2.56033349,3.504956007,2.558706522
15:05:18,2.560507774,3.504325628,2.557734966
15:05:18,2.560040712,3.505800724,2.559478045
15:05:18,2.562790155,3.5076437,2.559645653
15:05:18,2.562139273,3.507101774,2.559854031
15:05:18,2.561218023,3.507788181,2.560220242
15:05:18,2.561977148,3.506317854,2.560193777
15:05:18,2.562029362,3.507377863,2.560813665
15:05:18,2.562150955,3.506792545,2.559443951
15:05:18,2.561990499,3.506733179,2.557724953
15:05:18,2.560045958,3.506048918,2.558593512
15:05:18,2.56003809,3.505629063,2.558242083
15:05:18,2.560863256,3.505980253,2.558339357
15:05:18,2.560801744,3.504583597,2.558221102
15:05:18,2.560454369,3.50407052,2.558384418
15:05:18,2.560387611,3.505045652,2.558399677
15:05:18,2.560216427,3.505785227,2.558436632
15:05:18,2.560647011,3.505535841,2.558172226
15:05:18,2.560602903,3.505459547,2.557818174
15:05:18,2.560340881,3.505321264,2.558149576
15:05:18,2.561101913,3.50562644,2.559556961
15:05:18,2.56102252,3.506708384,2.558938742
15:05:18,2.560959101,3.506022215,2.558170795
15:05:18,2.559869528,3.50548768,2.559020042
15:05:18,2.560287237,3.506619692,2.558392286
15:05:18,2.561141491,3.507671595,2.558806896
15:05:18,2.562167645,3.505124331,2.558335543
15:05:18,2.560641527,3.506740332,2.559805155
15:05:18,2.56203866,3.506333828,2.558552504
15:05:18,2.560456276,3.505288839,2.55864501
15:05:18,2.562660933,3.506863594,2.55874753
15:05:18,2.561693907,3.506619692,2.559253454
15:05:18,2.561697006,3.504395962,2.557989359
15:05:18,2.560091496,3.505866051,2.558048487
15:05:18,2.559932232,3.504565716,2.558824301
15:05:18,2.560715675,3.505443096,2.559080362
15:05:18,2.5606637,3.504163027,2.55779314
15:05:18,2.56062603,3.50504446,2.558045149
15:05:18,2.559837818,3.504849672,2.557492018
15:05:18,2.560462952,3.505703688,2.559752703
15:05:18,2.561853647,3.506679773,2.559379578
15:05:18,2.56134367,3.505815983,2.558750153
15:05:18,2.561118126,3.504909039,2.558867693
15:05:18,2.560357809,3.505511999,2.557580233
15:05:18,2.559241772,3.504770517,2.558178663
15:05:18,2.560387611,3.505600452,2.558456421
15:05:18,2.560397387,3.505418062,2.55802989
15:05:18,2.560696125,3.505060434,2.558124304
15:05:18,2.561169624,3.506149054,2.558471203
15:05:18,2.561142683,3.506642103,2.558329582
15:05:18,2.560698748,3.506045341,2.56031394
15:05:18,2.561635733,3.506618261,2.558380604
15:05:18,2.563104391,3.507333517,2.559726954
15:05:18,2.561956882,3.506427765,2.559175968
15:05:18,2.56203723,3.506258011,2.558601379
15:05:18,2.56203866,3.507893085,2.55992341
15:05:18,2.56167841,3.507324934,2.560017824
15:05:18,2.561565638,3.508188009,2.559854746
15:05:18,2.562345982,3.50750351,2.55971837
15:05:18,2.560824394,3.506105423,2.559552431
15:05:18,2.56189394,3.506472111,2.559760571
15:05:18,2.562134027,3.507101774,2.559631109
15:05:18,2.561609268,3.506428719,2.560446501
15:05:18,2.561892509,3.507312059,2.55997777
15:05:18,2.561458588,3.506543159,2.560549021
15:05:18,2.561854362,3.506700516,2.558732748
15:05:18,2.561900139,3.507475615,2.559164047
15:05:18,2.561824799,3.506940126,2.559644938
15:05:18,2.562352419,3.506887913,2.559731722
15:05:18,2.560964346,3.507741213,2.559251547
15:05:18,2.560644627,3.505882978,2.558984756
15:05:18,2.561835766,3.506926298,2.559686422
15:05:18,2.5616014,3.506611109,2.560039759
15:05:18,2.560260296,3.505778551,2.557743549
15:05:18,2.560842037,3.506048203,2.558706522
15:05:18,2.560957193,3.506620884,2.559887648
15:05:18,2.561768532,3.50706768,2.55922246
15:05:18,2.5613029,3.507228374,2.558588743
15:05:18,2.56135726,3.506808996,2.559147596
15:05:18,2.561533689,3.505207777,2.556996346
15:05:18,2.560265303,3.505519867,2.559579611
15:05:18,2.56001544,3.505377293,2.558020592
15:05:18,2.560054064,3.504859924,2.558679581
15:05:18,2.560510397,3.505471468,2.558131218
15:05:18,2.559165955,3.504754305,2.557492733
15:05:18,2.559520006,3.506117344,2.559039831
15:05:18,2.561711788,3.506899595,2.559807062
15:05:18,2.560315609,3.505682707,2.557940483
15:05:18,2.561143398,3.506629944,2.559983492
15:05:18,2.560667753,3.505791664,2.558184147
15:05:18,2.561043739,3.505577803,2.558086157
15:05:19,2.560477734,3.505008936,2.557745695
15:05:19,2.560878515,3.505387783,2.557844639
15:05:19,2.560018301,3.506084442,2.557991028
15:05:19,2.561543703,3.506752014,2.559045792
15:05:19,2.560316801,3.506559134,2.558582783
15:05:19,2.560487986,3.505581617,2.557953119
15:05:19,2.560520887,3.50687623,2.559411049
15:05:19,2.561609268,3.505794287,2.558873892
15:05:19,2.560980797,3.507415771,2.559486389
15:05:19,2.561793566,3.507035255,2.559493542
15:05:19,2.560669661,3.506604671,2.558459997
15:05:19,2.560619593,3.505770206,2.55835247
15:05:19,2.560853958,3.506451845,2.557299137
15:05:19,2.560342789,3.504621267,2.558130503
15:05:19,2.559295416,3.505391598,2.558981657
15:05:19,2.561235189,3.50586009,2.560307503
15:05:19,2.560959101,3.50736928,2.559258223
15:05:19,2.561151981,3.504835367,2.557449341
15:05:19,2.55956912,3.505085707,2.558340549
15:05:19,2.560704947,3.505595207,2.556906223
15:05:19,2.55917263,3.505884409,2.557058334
15:05:19,2.561126471,3.506576777,2.559490919
15:05:19,2.56174612,3.506006241,2.557430506
15:05:19,2.560172081,3.505759478,2.558032513
15:05:19,2.559802771,3.504287243,2.556978464
15:05:19,2.559802294,3.504218102,2.557491064
15:05:19,2.559298754,3.504691601,2.556774139
15:05:19,2.55883503,3.504811525,2.556531906
15:05:19,2.559838533,3.506067753,2.558221102
15:05:19,2.561333895,3.506686687,2.558701277
15:05:19,2.560865879,3.505794287,2.557493687
15:05:19,2.560735226,3.506943941,2.559236288
15:05:19,2.560241461,3.506139278,2.55857563
15:05:19,2.559461355,3.506841421,2.558581591
15:05:19,2.560346603,3.506005764,2.558540583
15:05:19,2.560700893,3.506534815,2.557497501
15:05:19,2.561418772,3.505611897,2.55843854
15:05:19,2.561373472,3.507252455,2.560389042
15:05:19,2.561454058,3.505359173,2.558584213
15:05:19,2.561086655,3.505836248,2.558823109
15:05:19,2.560961723,3.505685329,2.559825659
15:05:19,2.561116457,3.506232023,2.558585405
15:05:19,2.56070137,3.505944252,2.557318211
15:05:19,2.561153412,3.505546331,2.558243752
15:05:19,2.560264111,3.505823612,2.558379889
15:05:19,2.561036348,3.505255461,2.5587852
15:05:19,2.560821533,3.50566268,2.5583179
15:05:19,2.560459614,3.506463528,2.557954788
15:05:19,2.559957504,3.505431652,2.557603359
15:05:19,2.559856415,3.504106283,2.557590723
15:05:19,2.560580015,3.504553318,2.557312965
15:05:19,2.558638811,3.503063917,2.558785915
15:05:19,2.559634447,3.504379988,2.557235718
15:05:19,2.560417175,3.504336834,2.55780077
15:05:19,2.559743643,3.504653931,2.556781292
15:05:19,2.559898853,3.504338741,2.557791233
15:05:19,2.560151815,3.504729271,2.557580948
15:05:19,2.559768438,3.503774881,2.556344509
15:05:19,2.559520006,3.504607439,2.557813644
15:05:19,2.560321093,3.504673958,2.558707237
15:05:19,2.56188941,3.506230831,2.559492826
15:05:19,2.561482906,3.507098675,2.558739424
15:05:19,2.560362577,3.506420135,2.559233665
15:05:19,2.561134815,3.508226395,2.559808254
15:05:19,2.561257601,3.506384134,2.558982849
15:05:19,2.561020613,3.506233454,2.557873249
15:05:19,2.560265303,3.505446672,2.55809021
15:05:19,2.560348511,3.506291389,2.558705807
15:05:19,2.560318232,3.504207611,2.557333708
15:05:19,2.560655832,3.506588936,2.559555054
15:05:19,2.560285807,3.504707813,2.557906151
15:05:19,2.560641527,3.505521774,2.559080839
15:05:19,2.561105728,3.506763935,2.559826851
15:05:19,2.561592817,3.506296635,2.558274031
15:05:19,2.560314178,3.5064044,2.558718443
15:05:19,2.560580015,3.506625414,2.558432102
15:05:19,2.560103416,3.504715919,2.558216333
15:05:19,2.561014891,3.506033182,2.558775902
15:05:19,2.560139179,3.505833387,2.558992863
15:05:19,2.560511827,3.506731749,2.559236288
15:05:19,2.561371565,3.506942034,2.559197426
15:05:19,2.561576843,3.506019354,2.558452845
15:05:19,2.560685635,3.506791353,2.560156345
15:05:19,2.562034845,3.50643301,2.558778048
15:05:19,2.560298443,3.504299641,2.557318926
15:05:19,2.559203625,3.50562644,2.559131145
15:05:19,2.559638262,3.50448966,2.558557749
15:05:19,2.561998367,3.507925272,2.559062958
15:05:19,2.561890841,3.506934166,2.559524059
15:05:19,2.560923338,3.507316589,2.559660196
15:05:19,2.560612202,3.506052732,2.557225704
15:05:19,2.560723305,3.504959822,2.558249474
15:05:19,2.560095787,3.504438639,2.558845997
15:05:19,2.559967279,3.505928278,2.558722496
15:05:19,2.561060905,3.50607872,2.557370663
15:05:19,2.560656548,3.505073309,2.559701204
15:05:19,2.560520172,3.505637646,2.559131861
15:05:19,2.559853554,3.505021811,2.556873798
15:05:19,2.560011625,3.505669117,2.558400393
15:05:19,2.55985117,3.504844427,2.55768013
15:05:19,2.560538292,3.50534749,2.558290958
15:05:19,2.560857534,3.505352736,2.557491779
15:05:19,2.561085463,3.505137205,2.559089422
15:05:19,2.560727119,3.504148722,2.55822897
15:05:19,2.560496807,3.504928589,2.55758357
15:05:19,2.560708046,3.504861355,2.559734821
15:05:19,2.559242487,3.504000902,2.557003021
15:05:19,2.559886932,3.50498724,2.559291124
15:05:19,2.561775208,3.506395817,2.55922246
15:05:19,2.561496973,3.506882668,2.558766127
15:05:19,2.560745239,3.5067451,2.557754755
15:05:19,2.560484171,3.506920576,2.558448553
15:05:19,2.561085939,3.506505489,2.557570219
15:05:19,2.560456991,3.505290031,2.558620453
15:05:19,2.559989214,3.507161379,2.55850482
15:05:20,2.561336994,3.506834984,2.558544636
15:05:20,2.559911251,3.506435633,2.559539557
15:05:20,2.561145544,3.506987095,2.559658289
15:05:20,2.560246229,3.506293535,2.558040619
15:05:20,2.56087923,3.505245686,2.559258223
15:05:20,2.561204195,3.505812407,2.558120012
15:05:20,2.562146425,3.506027222,2.559062481
15:05:20,2.559921026,3.505533934,2.557977676
15:05:20,2.560679197,3.505535126,2.557179689
15:05:20,2.560437679,3.505753994,2.557931423
15:05:20,2.560137033,3.505560875,2.558401346
15:05:20,2.560380936,3.504259348,2.557653666
15:05:20,2.559896708,3.50508523,2.557760715
15:05:20,2.56101656,3.504528046,2.558980942
15:05:20,2.560970545,3.504800558,2.55792284
15:05:20,2.56090951,3.504693747,2.557546377
15:05:20,2.561240673,3.504822731,2.557310343
15:05:20,2.560663223,3.505530119,2.55846262
15:05:20,2.561675549,3.50709343,2.559260607
15:05:20,2.561457872,3.506832361,2.558340549
15:05:20,2.562430382,3.50676322,2.560684681
15:05:20,2.561481714,3.50646162,2.559931755
15:05:20,2.561213255,3.505682707,2.558991909
15:05:20,2.560493946,3.505078554,2.558999538
15:05:20,2.560696125,3.504715919,2.557863474
15:05:20,2.560040712,3.504291534,2.558096886
15:05:20,2.55958271,3.504539013,2.558975697
15:05:20,2.560017586,3.504903078,2.558153152
15:05:20,2.56115818,3.506637812,2.558926821
15:05:20,2.5613029,3.506167412,2.558982849
15:05:20,2.560759544,3.505069971,2.558846712
15:05:20,2.560561895,3.506222963,2.559857845
15:05:20,2.560549021,3.504885435,2.557654381
15:05:20,2.56017828,3.504535437,2.557664156
15:05:20,2.55946064,3.504664898,2.557057381
15:05:20,2.559645414,3.504977465,2.55807972
15:05:20,2.560387611,3.505266428,2.557287931
15:05:20,2.559796333,3.505072117,2.557949305
15:05:20,2.560503244,3.503737211,2.556941509
15:05:20,2.559785843,3.505122423,2.557528496
15:05:20,2.560486794,3.504870653,2.557984352
15:05:20,2.56087184,3.505544901,2.559212923
15:05:20,2.559798241,3.504894495,2.55822897
15:05:20,2.560104132,3.504781723,2.557163477
15:05:20,2.560859442,3.504580021,2.559823036
15:05:20,2.559558392,3.50513339,2.5580616
15:05:20,2.560249567,3.50500536,2.557330132
15:05:20,2.560584307,3.504678011,2.558831453
15:05:20,2.560682297,3.505172491,2.558494568
15:05:20,2.561775923,3.507108927,2.558737516
15:05:20,2.561121702,3.506122112,2.558370352
15:05:20,2.561612129,3.506680965,2.558947325
15:05:20,2.561464548,3.50637579,2.560257196
15:05:20,2.560834169,3.505881071,2.559052467
15:05:20,2.56065774,3.506900072,2.559096575
15:05:20,2.560869455,3.507507086,2.557696104
15:05:20,2.561510324,3.507803202,2.559593916
15:05:20,2.561069489,3.508195162,2.559650183
15:05:20,2.561589479,3.506394625,2.559327602
15:05:20,2.56117177,3.507157803,2.559319735
15:05:20,2.560301065,3.506100893,2.558013439
15:05:20,2.559865713,3.504794121,2.557821751
15:05:20,2.560382366,3.505665064,2.556242943
15:05:20,2.560529232,3.504729271,2.557349443
15:05:20,2.56013751,3.505511284,2.557525396
15:05:20,2.560919523,3.506134272,2.558054447
15:05:20,2.560832262,3.505362988,2.557771921
15:05:20,2.562320709,3.506673813,2.558537006
15:05:20,2.561695814,3.506664038,2.559043169
15:05:20,2.560863256,3.506224394,2.558990717
15:05:20,2.561511993,3.506367207,2.559260607
15:05:20,2.561764479,3.506568193,2.559631586
15:05:20,2.562371016,3.506634235,2.560660839
15:05:20,2.561705351,3.506700039,2.559668064
15:05:20,2.561451912,3.506119251,2.558238268
15:05:20,2.561742783,3.506763935,2.559507847
15:05:20,2.561738014,3.506098986,2.559786081
15:05:20,2.561219454,3.505922794,2.5591681
15:05:20,2.560849667,3.505711317,2.558959723
15:05:20,2.561269045,3.506095171,2.559408903
15:05:20,2.562121868,3.506338596,2.557951212
15:05:20,2.560519695,3.506259918,2.558840752
15:05:20,2.561995745,3.505366325,2.559102058
15:05:20,2.560852766,3.506597519,2.557741642
15:05:20,2.561605215,3.505489588,2.558221817
15:05:20,2.561639547,3.506053925,2.55971837
15:05:20,2.560715199,3.506293535,2.558208466
15:05:20,2.561300755,3.506825209,2.557655811
15:05:20,2.560110092,3.50583744,2.55743289
15:05:20,2.559814692,3.504957199,2.557780027
15:05:20,2.559596062,3.504680634,2.556986332
15:05:20,2.562844753,3.506760597,2.558748245
15:05:20,2.561628342,3.507045746,2.560668707
15:05:20,2.561925888,3.507039785,2.560422659
15:05:20,2.561740637,3.506673813,2.56009531
15:05:20,2.561046362,3.506912708,2.558899403
15:05:20,2.560314178,3.505894661,2.558113098
15:05:20,2.560486794,3.505987406,2.55933404
15:05:20,2.561500072,3.505885601,2.558643103
15:05:20,2.561830044,3.505318165,2.558001995
15:05:20,2.558873415,3.50401783,2.556549311
15:05:20,2.560154915,3.504139662,2.557933331
15:05:20,2.559963465,3.505637646,2.557241678
15:05:20,2.5618155,3.506302595,2.559244156
15:05:20,2.562515736,3.507506371,2.558797121
15:05:20,2.562151432,3.50641346,2.559592724
15:05:20,2.561335564,3.505589962,2.558492899
15:05:20,2.560318232,3.506130934,2.559223652
15:05:20,2.560551405,3.506637335,2.558355331
15:05:20,2.559656143,3.504312515,2.557287931
15:05:20,2.559888124,3.503636122,2.556854725
15:05:20,2.559853077,3.50378871,2.557816267
15:05:20,2.559742928,3.504485369,2.558427572
15:05:20,2.559905291,3.50474596,2.5570333
15:05:20,2.560095072,3.503055334,2.557246685
15:05:20,2.559959412,3.505138397,2.556982279
15:05:20,2.559722424,3.503653526,2.557017326
15:05:20,2.561065674,3.504096031,2.558560371
15:05:20,2.55982852,3.50580883,2.55671525
15:05:21,2.561401606,3.50629878,2.559824228
15:05:21,2.560940742,3.505811214,2.557638884
15:05:21,2.560060501,3.505799055,2.558271885
15:05:21,2.561839342,3.505227327,2.558855295
15:05:21,2.559616566,3.503875256,2.555777788
15:05:21,2.559345722,3.503556252,2.55657196
15:05:21,2.55990386,3.504430771,2.555781364
15:05:21,2.559537888,3.50407958,2.556903124
15:05:21,2.559709072,3.50415206,2.557526588
15:05:21,2.559239864,3.50343442,2.556870699
15:05:21,2.559612513,3.50391984,2.557514668
15:05:21,2.559878111,3.505021334,2.557126045
15:05:21,2.559884787,3.50452733,2.555879831
15:05:21,2.559246063,3.504743814,2.557781935
15:05:21,2.559978485,3.505134106,2.55836606
15:05:21,2.561150551,3.506649017,2.558148384
15:05:21,2.56088376,3.505723238,2.558698654
15:05:21,2.560515881,3.506266832,2.559179306
15:05:21,2.560763597,3.504688263,2.557920694
15:05:21,2.559610128,3.504812241,2.55834341
15:05:21,2.559858322,3.505682707,2.556591034
15:05:21,2.560824394,3.50521946,2.558059216
15:05:21,2.560427904,3.504698753,2.557846785
15:05:21,2.55975008,3.505323172,2.55774641
15:05:21,2.561457396,3.506957054,2.559165716
15:05:21,2.561426163,3.505586147,2.559440613
15:05:21,2.561284065,3.50614357,2.557705879
15:05:21,2.56059432,3.506506205,2.558391333
15:05:21,2.560597897,3.506322145,2.557893276
15:05:21,2.559919357,3.504539728,2.557242393
15:05:21,2.560106754,3.505674839,2.557986498
15:05:21,2.5613451,3.505804777,2.558483839
15:05:21,2.560850143,3.506713629,2.559298992
15:05:21,2.560822248,3.506056547,2.556098223
15:05:21,2.559725523,3.504596233,2.557624578
15:05:21,2.559514046,3.504819632,2.558616638
15:05:21,2.558966398,3.504454136,2.556448221
15:05:21,2.559197187,3.504198313,2.556576252
15:05:21,2.559468985,3.504317284,2.557530165
15:05:21,2.559757233,3.505406141,2.5569911
15:05:21,2.560167074,3.505601883,2.557547808
15:05:21,2.55983901,3.505743504,2.55771184
15:05:21,2.559985876,3.505663872,2.556588173
15:05:21,2.559827805,3.505290031,2.559512615
15:05:21,2.561430931,3.507185936,2.55967021
15:05:21,2.561550617,3.507052898,2.557626247
15:05:21,2.561646223,3.506907463,2.558399677
15:05:21,2.561243773,3.506949902,2.558732033
15:05:21,2.56101656,3.507498026,2.559408903
15:05:21,2.561612606,3.50739193,2.559972286
15:05:21,2.561480284,3.506592274,2.559709072
15:05:21,2.561574221,3.50655365,2.559038639
15:05:21,2.561072111,3.506804943,2.559099913
15:05:21,2.561789513,3.506123304,2.558652878
15:05:21,2.561445951,3.506084442,2.558249474
15:05:21,2.561298847,3.506499052,2.5573349
15:05:21,2.560388803,3.505198002,2.555448055
15:05:21,2.558960199,3.504692793,2.557587385
15:05:21,2.560353518,3.504975557,2.557784557
15:05:21,2.559726238,3.50508523,2.557249546
15:05:21,2.560673952,3.50440979,2.558463573
15:05:21,2.559968948,3.504926682,2.557596684
15:05:21,2.560558081,3.505131483,2.556442261
15:05:21,2.560245037,3.504951954,2.558172941
15:05:21,2.56047225,3.50653863,2.557842255
15:05:21,2.560755253,3.505401134,2.557435274
15:05:21,2.560510397,3.505679607,2.55880332
15:05:21,2.5613029,3.504957199,2.55760479
15:05:21,2.560950041,3.506130934,2.559629202
15:05:21,2.560704231,3.505191326,2.558484316
15:05:21,2.560828924,3.504441738,2.55699873
15:05:21,2.559963465,3.505246401,2.557998896
15:05:21,2.559506893,3.504965067,2.558524609
15:05:21,2.560712814,3.505547762,2.558202744
15:05:21,2.560294867,3.504375219,2.558639288
15:05:21,2.560476065,3.505077839,2.55792141
15:05:21,2.560495377,3.505480528,2.558213234
15:05:21,2.560600996,3.505374193,2.557653189
15:05:21,2.559867144,3.504982948,2.558047295
15:05:21,2.560121298,3.505007982,2.558639288
15:05:21,2.56033349,3.505512714,2.557168961
15:05:21,2.560675621,3.504358292,2.558114529
15:05:21,2.560910225,3.505687952,2.5584445
15:05:21,2.560656548,3.506130219,2.557875156
15:05:21,2.560461044,3.504515886,2.558617115
15:05:21,2.560745716,3.505415678,2.558335543
15:05:21,2.561206102,3.505351067,2.557790041
15:05:21,2.560436726,3.504959106,2.558546066
15:05:21,2.561369896,3.505643129,2.558246374
15:05:21,2.560902834,3.506502867,2.557911158
15:05:21,2.56052494,3.506340265,2.557499647
15:05:21,2.560446501,3.505836725,2.559184074
15:05:21,2.560715199,3.50536561,2.558621168
15:05:21,2.560668468,3.506219625,2.557793617
15:05:21,2.56039238,3.505392313,2.55792594
15:05:21,2.560868025,3.505692482,2.557673454
15:05:21,2.56047225,3.505125999,2.557968378
15:05:21,2.56058073,3.505326509,2.557899714
15:05:21,2.560202599,3.505028486,2.558724403
15:05:21,2.560549021,3.506458044,2.558760166
15:05:21,2.561213255,3.507371187,2.55875802
15:05:21,2.561731577,3.505770922,2.55799222
15:05:21,2.560792685,3.507196188,2.559030771
15:05:21,2.561877489,3.506459236,2.558081388
15:05:21,2.561164618,3.507394314,2.55896759
15:05:21,2.561065674,3.505965233,2.5599401
15:05:21,2.560921669,3.505682707,2.559083462
15:05:21,2.561262369,3.506232023,2.559297085
15:05:21,2.5615623,3.50675416,2.557703972
15:05:21,2.559428215,3.504789114,2.558039665
15:05:21,2.559402704,3.505232573,2.556738377
15:05:21,2.559689283,3.505041361,2.557654381
15:05:21,2.560687542,3.505140066,2.557074785
15:05:21,2.560191393,3.505318165,2.559153795
15:05:21,2.560799122,3.505319357,2.557416201
15:05:21,2.561060905,3.505284071,2.557742119
15:05:22,2.560506582,3.506410837,2.558044434
15:05:22,2.560365677,3.506957769,2.55840826
15:05:22,2.561865568,3.506717443,2.559575558
15:05:22,2.560605526,3.504234314,2.557106972
15:05:22,2.559716463,3.504836559,2.557732105
15:05:22,2.560376167,3.504551411,2.557057381
15:05:22,2.559621811,3.504440546,2.556964874
15:05:22,2.559488773,3.503960133,2.557418823
15:05:22,2.559752703,3.503716946,2.557063103
15:05:22,2.559230566,3.504340649,2.556725264
15:05:22,2.559902668,3.503251553,2.557195187
15:05:22,2.559929609,3.503721476,2.557619095
15:05:22,2.559424877,3.504699945,2.558898211
15:05:22,2.560192585,3.50439477,2.558195829
15:05:22,2.559917927,3.505030394,2.557945251
15:05:22,2.559676647,3.504202366,2.558141708
15:05:22,2.559757948,3.503961086,2.557902336
15:05:22,2.560169697,3.504957199,2.557847977
15:05:22,2.558902979,3.504240274,2.556587458
15:05:22,2.560189009,3.50474,2.557319641
15:05:22,2.559785366,3.504840851,2.558101654
15:05:22,2.560490608,3.504242182,2.557892561
15:05:22,2.559698582,3.504172802,2.556635141
15:05:22,2.559597492,3.50428319,2.558091402
15:05:22,2.560670376,3.505746841,2.557522774
15:05:22,2.559636354,3.505993366,2.55826807
15:05:22,2.559659719,3.505239487,2.557101488
15:05:22,2.559990644,3.505560875,2.557299137
15:05:22,2.560207367,3.505549669,2.55713582
15:05:22,2.560066938,3.50520587,2.557659626
15:05:22,2.55995822,3.504746437,2.558575153
15:05:22,2.560391665,3.505524158,2.555865526
15:05:22,2.559625864,3.505220652,2.557821751
15:05:22,2.560094357,3.505118847,2.557155848
15:05:22,2.559481144,3.505345583,2.558163166
15:05:22,2.56161499,3.506322145,2.558062315
15:05:22,2.561125517,3.506444693,2.558075428
15:05:22,2.560873032,3.507187843,2.559617281
15:05:22,2.56099534,3.507230997,2.559133053
15:05:22,2.561482906,3.507387638,2.559746027
15:05:22,2.561689138,3.507221222,2.560294151
15:05:22,2.561245918,3.507149935,2.558978319
15:05:22,2.559856415,3.504762888,2.556975126
15:05:22,2.560060501,3.504704237,2.557489634
15:05:22,2.559365511,3.505261898,2.557636499
15:05:22,2.560866594,3.506179333,2.558117151
15:05:22,2.559913158,3.506224394,2.55723834
15:05:22,2.560676336,3.505967379,2.557637691
15:05:22,2.561051607,3.506032705,2.558532
15:05:22,2.560854673,3.505451202,2.5592978
15:05:22,2.560172796,3.505033731,2.558407545
15:05:22,2.560571671,3.506637335,2.558793306
15:05:22,2.560276747,3.506216764,2.55840683
15:05:22,2.560343504,3.506053925,2.558923483
15:05:22,2.560698271,3.505103588,2.558269978
15:05:22,2.560110092,3.505520344,2.557115316
15:05:22,2.560801744,3.505362988,2.558669567
15:05:22,2.559992552,3.504816294,2.55947566
15:05:22,2.560746908,3.505946398,2.55868125
15:05:22,2.560890436,3.506063938,2.558921337
15:05:22,2.560984135,3.507368803,2.558888435
15:05:22,2.562036753,3.50675559,2.558811665
15:05:22,2.562011003,3.507884979,2.558973551
15:05:22,2.561418295,3.506752014,2.558991909
15:05:22,2.562040806,3.506334543,2.559170008
15:05:22,2.560664177,3.505537987,2.557678699
15:05:22,2.560333014,3.504852295,2.559176445
15:05:22,2.55983901,3.50439167,2.556999445
15:05:22,2.560120106,3.505527258,2.558357239
15:05:22,2.559510708,3.504133224,2.556713343
15:05:22,2.56061101,3.505415678,2.559454679
15:05:22,2.56030035,3.504548073,2.557931423
15:05:22,2.560685635,3.505269766,2.558221102
15:05:22,2.560838461,3.506090641,2.558917522
15:05:22,2.560953617,3.506600142,2.558261633
15:05:22,2.5608356,3.506173372,2.559648991
15:05:22,2.560649872,3.504852772,2.558163643
15:05:22,2.560685635,3.506019354,2.557719231
15:05:22,2.559625864,3.505916357,2.558810949
15:05:22,2.560463428,3.504829407,2.559021473
15:05:22,2.561005831,3.506501675,2.557991743
15:05:22,2.560940027,3.506393194,2.558681965
15:05:22,2.560714006,3.505881786,2.558453321
15:05:22,2.56069231,3.505941153,2.558441401
15:05:22,2.560362577,3.504264355,2.558217525
15:05:22,2.560609818,3.50453639,2.557564974
15:05:22,2.560458899,3.505771399,2.558989048
15:05:22,2.561728716,3.507285357,2.558984756
15:05:22,2.56180954,3.507761478,2.560595751
15:05:22,2.561784267,3.507665396,2.560443878
15:05:22,2.561545849,3.506248236,2.558148861
15:05:22,2.561753988,3.506225109,2.560063601
15:05:22,2.561872005,3.506467819,2.559001446
15:05:22,2.56044054,3.506873608,2.558566809
15:05:22,2.561816692,3.506775618,2.559622288
15:05:22,2.562041283,3.506718874,2.559751511
15:05:22,2.561778545,3.507028103,2.560278654
15:05:22,2.56154871,3.506861687,2.558373213
15:05:22,2.561365128,3.507232904,2.559148312
15:05:22,2.560719967,3.50637579,2.559541225
15:05:22,2.559895992,3.504392147,2.55722928
15:05:22,2.559855223,3.504175663,2.557328939
15:05:22,2.560458899,3.504862547,2.557519436
15:05:22,2.560726404,3.504427433,2.558308363
15:05:22,2.55997014,3.504793406,2.559594631
15:05:22,2.559996367,3.504174471,2.556295395
15:05:22,2.559763193,3.504541636,2.557794571
15:05:22,2.561315298,3.506371498,2.558598518
15:05:22,2.561758518,3.506979942,2.56003046
15:05:22,2.561833143,3.505991459,2.559860468
15:05:22,2.561643124,3.50609374,2.557526588
15:05:22,2.561531782,3.506158352,2.559164047
15:05:22,2.561257124,3.504159927,2.557476997
15:05:22,2.55985713,3.504167795,2.558341503
15:05:22,2.559966087,3.504487276,2.557614565
15:05:22,2.559812069,3.5029881,2.55796957
15:05:23,2.56000638,3.504183531,2.557633877
15:05:23,2.560092211,3.50580883,2.557413578
15:05:23,2.560554266,3.505066156,2.557729244
15:05:23,2.559723139,3.505021811,2.557959795
15:05:23,2.560129166,3.505602598,2.557594299
15:05:23,2.560374498,3.50392437,2.558274746
15:05:23,2.559767246,3.504464626,2.558348179
15:05:23,2.560694695,3.50461483,2.558615923
15:05:23,2.560678244,3.504477024,2.558187246
15:05:23,2.559611082,3.504113674,2.55777812
15:05:23,2.560872316,3.506508112,2.558568001
15:05:23,2.56172514,3.506147861,2.559025288
15:05:23,2.561908007,3.507143021,2.559448481
15:05:23,2.561992407,3.506097794,2.558431387
15:05:23,2.561756849,3.50702095,2.560070753
15:05:23,2.561406612,3.506089926,2.558633089
15:05:23,2.561549902,3.507185459,2.560455799
15:05:23,2.560424566,3.504971504,2.557686806
15:05:23,2.560425997,3.505544901,2.558486223
15:05:23,2.56096983,3.505767584,2.557289839
15:05:23,2.560815811,3.504632235,2.557592392
15:05:23,2.560277939,3.503897667,2.557051897
15:05:23,2.559388399,3.504651308,2.558697939
15:05:23,2.559634447,3.505251408,2.557438135
15:05:23,2.560982943,3.506177187,2.557307005
15:05:23,2.560550213,3.505904436,2.558369398
15:05:23,2.560292244,3.505441904,2.558642149
15:05:23,2.561144114,3.505584478,2.55835247
15:05:23,2.560536385,3.505872011,2.559164047
15:05:23,2.561506987,3.505985498,2.558162212
15:05:23,2.560815096,3.505788565,2.558725595
15:05:23,2.560028076,3.50496769,2.557703972
15:05:23,2.559937716,3.504151344,2.556036711
15:05:23,2.559917212,3.504732132,2.557682753
15:05:23,2.56070137,3.50501585,2.558060884
15:05:23,2.560198784,3.505484343,2.558418751
15:05:23,2.56033802,3.50564599,2.558911324
15:05:23,2.560344458,3.505151033,2.557368994
15:05:23,2.561407089,3.506059885,2.55877161
15:05:23,2.561061382,3.50548625,2.55751276
15:05:23,2.560134649,3.506055832,2.558823109
15:05:23,2.560674191,3.506353378,2.55882597
15:05:23,2.560468674,3.505878448,2.558852196
15:05:23,2.560037374,3.504882813,2.557378531
15:05:23,2.56058526,3.504771948,2.557996273
15:05:23,2.560096741,3.505884409,2.557961226
15:05:23,2.56013751,3.505076647,2.558158398
15:05:23,2.560445786,3.50463891,2.557739735
15:05:23,2.560367823,3.505717278,2.558877707
15:05:23,2.55986166,3.506407499,2.559399605
15:05:23,2.5605371,3.504641533,2.557911634
15:05:23,2.559333801,3.505526066,2.557555676
15:05:23,2.559669971,3.505383968,2.557756662
15:05:23,2.560558796,3.50534749,2.557219267
15:05:23,2.559785366,3.504803181,2.557828188
15:05:23,2.560599089,3.505240202,2.557513952
15:05:23,2.560007095,3.505475283,2.557358742
15:05:23,2.560213804,3.504635572,2.558582306
15:05:23,2.560487509,3.505353928,2.558053732
15:05:23,2.559914589,3.505814552,2.558392286
15:05:23,2.560516596,3.505365133,2.558079004
15:05:23,2.560208082,3.505290508,2.557631254
15:05:23,2.561079979,3.505520344,2.5593009
15:05:23,2.560787916,3.505672932,2.558304548
15:05:23,2.560830355,3.505739927,2.55761528
15:05:23,2.559570789,3.505989313,2.558656931
15:05:23,2.560706615,3.505912304,2.558151722
15:05:23,2.560217857,3.50547719,2.558363199
15:05:23,2.560110092,3.505959511,2.558000088
15:05:23,2.559844494,3.50454998,2.558329105
15:05:23,2.560219049,3.505261898,2.558621168
15:05:23,2.560573339,3.505744219,2.558019161
15:05:23,2.559949636,3.505839825,2.558009386
15:05:23,2.560626745,3.506794453,2.559592009
15:05:23,2.560637474,3.505241156,2.558884382
15:05:23,2.560469389,3.505754471,2.556755781
15:05:23,2.559879303,3.504931927,2.557693243
15:05:23,2.559589386,3.504807234,2.556969166
15:05:23,2.561019897,3.504833221,2.557182789
15:05:23,2.560749769,3.505885601,2.557842255
15:05:23,2.560542822,3.506070375,2.557759047
15:05:23,2.56056881,3.505665064,2.558060408
15:05:23,2.559735537,3.505972862,2.55866003
15:05:23,2.560521841,3.505989313,2.558469057
15:05:23,2.560521841,3.505517006,2.558304548
15:05:23,2.560273886,3.503956318,2.559300661
15:05:23,2.560436964,3.505296707,2.558951855
15:05:23,2.560034752,3.504366159,2.557812929
15:05:23,2.559635162,3.503835678,2.557967424
15:05:23,2.559478998,3.503553391,2.557723045
15:05:23,2.55957365,3.504190445,2.558789015
15:05:23,2.560091496,3.504540443,2.558006763
15:05:23,2.560664892,3.505243063,2.558305264
15:05:23,2.559868813,3.504368544,2.557559013
15:05:23,2.560014248,3.505198002,2.558201313
15:05:23,2.559888124,3.504700661,2.557999372
15:05:23,2.559216976,3.503928423,2.557043076
15:05:23,2.559472561,3.504585505,2.558282614
15:05:23,2.560537577,3.50464201,2.557409525
15:05:23,2.559138298,3.504617214,2.557731628
15:05:23,2.560145855,3.505800724,2.557211399
15:05:23,2.560868025,3.505105495,2.557956696
15:05:23,2.559702396,3.504940987,2.558757305
15:05:23,2.560662508,3.504389048,2.556997538
15:05:23,2.560160875,3.50511694,2.558479071
15:05:23,2.560130358,3.504440546,2.558031082
15:05:23,2.560665607,3.503846169,2.557594299
15:05:23,2.560032845,3.504580736,2.557070255
15:05:23,2.560357809,3.504680634,2.557972193
15:05:23,2.559916496,3.504874945,2.558616638
15:05:23,2.559890032,3.504761457,2.558483839
15:05:23,2.56061101,3.504246712,2.557925701
15:05:23,2.559996367,3.50392437,2.558158875
15:05:23,2.560104847,3.503914595,2.557557106
15:05:23,2.559596062,3.50463438,2.556977034
15:05:23,2.560430527,3.504683733,2.557764053
15:05:23,2.560928822,3.505362511,2.558354616
15:05:23,2.561052322,3.505228519,2.558929205
15:05:24,2.560838461,3.504736185,2.558180571
15:05:24,2.560526371,3.505365133,2.558356047
15:05:24,2.559482336,3.505173206,2.559204578
15:05:24,2.560527563,3.504309416,2.557962418
15:05:24,2.559981346,3.505059719,2.55826211
15:05:24,2.559577703,3.505192041,2.558154106
15:05:24,2.560194731,3.504934311,2.559150219
15:05:24,2.55960536,3.505547047,2.558521509
15:05:24,2.560666561,3.504723787,2.558632374
15:05:24,2.560591221,3.50559926,2.557918787
15:05:24,2.5595994,3.505780697,2.558181524
15:05:24,2.560454369,3.504336834,2.557334423
15:05:24,2.559938431,3.50452137,2.558184624
15:05:24,2.559462547,3.504747152,2.557316303
15:05:24,2.55997324,3.505488873,2.55634737
15:05:24,2.560435295,3.505500793,2.558982849
15:05:24,2.560969114,3.50545764,2.55915308
15:05:24,2.561064959,3.505861282,2.558198452
15:05:24,2.560129881,3.505701542,2.557846785
15:05:24,2.560250282,3.504957199,2.55778861
15:05:24,2.559305906,3.505227327,2.557322979
15:05:24,2.560586452,3.505191326,2.557697535
15:05:24,2.560283184,3.504791498,2.557450771
15:05:24,2.559596062,3.504785538,2.557612658
15:05:24,2.560267448,3.504455566,2.557482958
15:05:24,2.56105566,3.50502491,2.558093309
15:05:24,2.559988499,3.505284071,2.557428837
15:05:24,2.56004262,3.504677296,2.557595253
15:05:24,2.560077667,3.504050255,2.557847261
15:05:24,2.560275078,3.505351067,2.557703972
15:05:24,2.560414791,3.504388332,2.557810545
15:05:24,2.559765577,3.504693747,2.559372425
15:05:24,2.560997963,3.505169868,2.558405638
15:05:24,2.56032753,3.506618977,2.557756186
15:05:24,2.560164452,3.505348682,2.557753563
15:05:24,2.560042143,3.505451202,2.557847977
15:05:24,2.559987307,3.505460978,2.557189465
15:05:24,2.560283899,3.505033731,2.556638718
15:05:24,2.560524464,3.505449295,2.557944059
15:05:24,2.559944868,3.505352736,2.557858706
15:05:24,2.559632301,3.504946232,2.557119846
15:05:24,2.56115675,3.504824162,2.5594697
15:05:24,2.560780764,3.505710125,2.559085369
15:05:24,2.559665203,3.505334377,2.557481766
15:05:24,2.560649395,3.505881071,2.558558941
15:05:24,2.561261892,3.505780697,2.558382988
15:05:24,2.560495377,3.505175114,2.557208538
15:05:24,2.560632229,3.505766869,2.558029413
15:05:24,2.560441256,3.505393028,2.558339357
15:05:24,2.561111689,3.50557375,2.558832169
15:05:24,2.559911251,3.504796743,2.559956312
15:05:24,2.56099081,3.50475955,2.558208466
15:05:24,2.561083317,3.504658461,2.559677362
15:05:24,2.561526537,3.505434036,2.558781862
15:05:24,2.561052322,3.506111383,2.558810472
15:05:24,2.560967684,3.505443096,2.558810949
15:05:24,2.561141491,3.505735636,2.557828188
15:05:24,2.560965538,3.505828381,2.557686806
15:05:24,2.560996771,3.506193638,2.559115887
15:05:24,2.561304092,3.506402969,2.558847427
15:05:24,2.560937405,3.505726576,2.558195353
15:05:24,2.560875177,3.505300999,2.557696104
15:05:24,2.561048269,3.505896091,2.559114456
15:05:24,2.560773611,3.506429434,2.557927847
15:05:24,2.560709953,3.50548315,2.558209181
15:05:24,2.561271906,3.505188704,2.558348894
15:05:24,2.559952021,3.504799843,2.558043242
15:05:24,2.561709642,3.505331516,2.559334755
15:05:24,2.560352802,3.506551266,2.55847311
15:05:24,2.561115026,3.505445242,2.558608055
15:05:24,2.560551882,3.504847527,2.558960915
15:05:24,2.560647011,3.505684614,2.558249474
15:05:24,2.560817957,3.506086588,2.558856964
15:05:24,2.561286211,3.505654812,2.557506323
15:05:24,2.561111689,3.505479813,2.55831027
15:05:24,2.561239481,3.505387068,2.55829978
15:05:24,2.560872316,3.505571842,2.558584213
15:05:24,2.56065774,3.505175114,2.557545185
15:05:24,2.559785843,3.504566908,2.557378054
15:05:24,2.560805321,3.505226135,2.558330774
15:05:24,2.560689449,3.505410194,2.5575881
15:05:24,2.559716463,3.504847527,2.558689356
15:05:24,2.559914589,3.504990578,2.558531046
15:05:24,2.560971022,3.505145073,2.558277369
15:05:24,2.559773922,3.506097794,2.55884409
15:05:24,2.560156345,3.505625486,2.557942152
15:05:24,2.560948372,3.506119251,2.558106661
15:05:24,2.561411142,3.506788492,2.559191942
15:05:24,2.562114716,3.50680232,2.559379578
15:05:24,2.561620474,3.506878138,2.558611155
15:05:24,2.562063932,3.508150339,2.560125113
15:05:24,2.561903715,3.507343292,2.560117006
15:05:24,2.561974049,3.507009745,2.558593512
15:05:24,2.56105876,3.507157326,2.559316874
15:05:24,2.560945988,3.507044315,2.559850454
15:05:24,2.55983448,3.505965233,2.559485674
15:05:24,2.56091094,3.506244659,2.558162212
15:05:24,2.559824705,3.506947041,2.558287859
15:05:24,2.561147451,3.505935192,2.55841279
15:05:24,2.561738729,3.50652194,2.55978179
15:05:24,2.560760021,3.50640893,2.558599472
15:05:24,2.560348034,3.506131887,2.558570385
15:05:24,2.561661482,3.506738901,2.559685707
15:05:24,2.561962605,3.506549358,2.559738159
15:05:24,2.562150478,3.50639987,2.559859991
15:05:24,2.562128067,3.507875919,2.559541702
15:05:24,2.561228037,3.506642103,2.559562206
15:05:24,2.561407089,3.507231712,2.558811665
15:05:24,2.561583281,3.506874323,2.559399128
15:05:24,2.561526537,3.506743908,2.559867859
15:05:24,2.562720537,3.507372379,2.560731411
15:05:24,2.56162405,3.506492138,2.558218479
15:05:24,2.560485601,3.505544901,2.560284376
15:05:24,2.560277462,3.505162716,2.557548523
15:05:24,2.560330868,3.504948139,2.559069633
15:05:24,2.562630177,3.506444693,2.560002804
15:05:24,2.561957598,3.507157803,2.560967684
15:05:24,2.562258959,3.506583929,2.559026003
15:05:24,2.561432838,3.507536411,2.560391665
15:05:25,2.561457872,3.507368803,2.559691906
15:05:25,2.561959982,3.507185459,2.559453964
15:05:25,2.561402321,3.507439375,2.559566259
15:05:25,2.561585426,3.507632256,2.559480906
15:05:25,2.561636448,3.50692296,2.558972359
15:05:25,2.561790943,3.50651598,2.559014559
15:05:25,2.561491013,3.507625818,2.559174061
15:05:25,2.561942816,3.506337404,2.55827117
15:05:25,2.561075687,3.507027388,2.559135675
15:05:25,2.561178684,3.507111549,2.558555603
15:05:25,2.561588764,3.506660938,2.559645653
15:05:25,2.56218791,3.506128311,2.558543205
15:05:25,2.561026573,3.506664038,2.559653997
15:05:25,2.561039686,3.506816626,2.559507847
15:05:25,2.562201262,3.506757975,2.557651043
15:05:25,2.56112957,3.507113695,2.558532715
15:05:25,2.561160564,3.506423235,2.558606863
15:05:25,2.561164618,3.505928755,2.55880332
15:05:25,2.559854269,3.505740643,2.558044434
15:05:25,2.561730146,3.506775618,2.559522629
15:05:25,2.561950922,3.507415771,2.560672045
15:05:25,2.561369419,3.506317139,2.559587479
15:05:25,2.561640978,3.506401062,2.558702946
15:05:25,2.560887337,3.506376266,2.560239553
15:05:25,2.561465263,3.505497456,2.560393572
15:05:25,2.561168671,3.505812407,2.55992341
15:05:25,2.560743093,3.505561352,2.557299137
15:05:25,2.560638666,3.505269766,2.558867693
15:05:25,2.561072111,3.505068779,2.55830574
15:05:25,2.560228586,3.505182981,2.558850527
15:05:25,2.560478687,3.505541801,2.558341503
15:05:25,2.561196327,3.505654097,2.558727503
15:05:25,2.561493635,3.507038593,2.559411049
15:05:25,2.560926199,3.50676775,2.559384823
15:05:25,2.561239481,3.506469727,2.558947325
15:05:25,2.561284781,3.506994963,2.558641434
15:05:25,2.562422752,3.506882668,2.558932781
15:05:25,2.560748339,3.506476879,2.559834003
15:05:25,2.561553001,3.506280422,2.559154272
15:05:25,2.561442137,3.505492449,2.558688641
15:05:25,2.560530901,3.505943537,2.558529139
15:05:25,2.561379433,3.507046938,2.559402227
15:05:25,2.560259581,3.504436493,2.557520866
15:05:25,2.559896708,3.505118847,2.556852579
15:05:25,2.559634447,3.50523448,2.558114052
15:05:25,2.559471846,3.504395962,2.556329489
15:05:25,2.560269356,3.505732536,2.557721853
15:05:25,2.55974865,3.505268335,2.558123827
15:05:25,2.55987215,3.504515409,2.557868719
15:05:25,2.560443163,3.505213737,2.557662964
15:05:25,2.560514927,3.505654812,2.558402061
15:05:25,2.560357809,3.506313562,2.55851078
15:05:25,2.560275793,3.505699635,2.557808399
15:05:25,2.559800863,3.504947424,2.557561159
15:05:25,2.559986353,3.504748821,2.558461905
15:05:25,2.560897112,3.506029367,2.558825016
15:05:25,2.560874701,3.505381346,2.557911158
15:05:25,2.56050396,3.505120516,2.557496309
15:05:25,2.560665607,3.505657196,2.559250593
15:05:25,2.56054163,3.505267143,2.559233665
15:05:25,2.56025815,3.504781008,2.558475494
15:05:25,2.560669184,3.505712032,2.558897495
15:05:25,2.56062746,3.504465818,2.557403088
15:05:25,2.560760021,3.505343437,2.559339523
15:05:25,2.560593605,3.50523448,2.558820248
15:05:25,2.559616566,3.505818605,2.558859348
15:05:25,2.559667587,3.505602598,2.558845997
15:05:25,2.560323477,3.505352736,2.558479071
15:05:25,2.560746908,3.505135298,2.558726311
15:05:25,2.561072826,3.504868507,2.558960199
15:05:25,2.560261965,3.504757643,2.55795598
15:05:25,2.559654951,3.50501585,2.558156967
15:05:25,2.560646534,3.504631042,2.558754206
15:05:25,2.559807301,3.506208658,2.558769941
15:05:25,2.560364485,3.505248785,2.558213234
15:05:25,2.560581207,3.505571127,2.557387114
15:05:25,2.560469389,3.505741358,2.558404207
15:05:25,2.560593605,3.505913019,2.55813694
15:05:25,2.560182095,3.505473375,2.55896306
15:05:25,2.560741663,3.505179644,2.559083939
15:05:25,2.560865164,3.505881071,2.557961941
15:05:25,2.559989929,3.506483078,2.558458567
15:05:25,2.560378313,3.505473852,2.558845997
15:05:25,2.561237335,3.505101681,2.558527231
15:05:25,2.560083151,3.505078554,2.557740927
15:05:25,2.56010747,3.505352736,2.557426929
15:05:25,2.560660601,3.505188227,2.557626247
15:05:25,2.55979681,3.504198313,2.557973146
15:05:25,2.559956789,3.50464654,2.557199478
15:05:25,2.559878111,3.505436897,2.557318926
15:05:25,2.55974412,3.505344152,2.557911158
15:05:25,2.560707331,3.505873203,2.557579756
15:05:25,2.560797215,3.505339622,2.55819726
15:05:25,2.560679674,3.505548477,2.559531689
15:05:25,2.559588909,3.505021811,2.557179689
15:05:25,2.561296225,3.505059719,2.55826807
15:05:25,2.559890509,3.505208254,2.559256077
15:05:25,2.560719967,3.505519152,2.558349848
15:05:25,2.56076169,3.505767584,2.557905674
15:05:25,2.560276747,3.505949736,2.558123112
15:05:25,2.560219049,3.505988836,2.558160305
15:05:25,2.560098171,3.505995274,2.559521437
15:05:25,2.560796738,3.505670309,2.558181524
15:05:25,2.560172081,3.505584955,2.557789326
15:05:25,2.56159234,3.506448269,2.558344126
15:05:25,2.560652494,3.506125689,2.55895257
15:05:25,2.56160593,3.505962372,2.55962491
15:05:25,2.561449289,3.506673336,2.559290409
15:05:25,2.562055349,3.50641799,2.559313536
15:05:25,2.560983658,3.505778074,2.559524536
15:05:25,2.561554432,3.506180048,2.55726099
15:05:25,2.560313463,3.506700516,2.559117079
15:05:25,2.559967279,3.505559444,2.559348583
15:05:25,2.560548306,3.505955458,2.558243036
15:05:25,2.560244083,3.505212307,2.558506489
15:05:25,2.560863972,3.506188393,2.557995558
15:05:26,2.560829401,3.505815983,2.558493614
15:05:26,2.560014963,3.506109476,2.558576345
15:05:26,2.561851263,3.506418943,2.559283257
15:05:26,2.561887503,3.506427765,2.559959888
15:05:26,2.56098175,3.505696535,2.559696436
15:05:26,2.5608356,3.506117821,2.558427572
15:05:26,2.560711384,3.506492138,2.558452129
15:05:26,2.561885357,3.506150007,2.559453011
15:05:26,2.56086278,3.507230282,2.559565067
15:05:26,2.561069489,3.506262779,2.55867672
15:05:26,2.560786247,3.505674362,2.558312893
15:05:26,2.561402321,3.505814552,2.558457136
15:05:26,2.560041428,3.50534749,2.558700085
15:05:26,2.560750246,3.504719019,2.557693243
15:05:26,2.56054759,3.504884005,2.557607174
15:05:26,2.560046673,3.504034042,2.557926655
15:05:26,2.560238123,3.505938053,2.558367252
15:05:26,2.560355186,3.505552292,2.559834957
15:05:26,2.559991121,3.505037546,2.558391571
15:05:26,2.560973406,3.506373644,2.558372498
15:05:26,2.560996771,3.506366491,2.557996273
15:05:26,2.56027317,3.506451845,2.559452534
15:05:26,2.560436726,3.505493402,2.558054447
15:05:26,2.560386896,3.505819321,2.560035706
15:05:26,2.560630798,3.505527258,2.558062792
15:05:26,2.560009003,3.505983591,2.558167458
15:05:26,2.560000658,3.506182671,2.557668686
15:05:26,2.560777187,3.505890369,2.558683157
15:05:26,2.56038022,3.507070065,2.559798956
15:05:26,2.561210871,3.506902218,2.558734894
15:05:26,2.560965061,3.506953716,2.559399128
15:05:26,2.560104847,3.505903959,2.557750702
15:05:26,2.560480118,3.506165981,2.557204723
15:05:26,2.561060905,3.506395817,2.55909586
15:05:26,2.562184811,3.506465673,2.558724403
15:05:26,2.561626911,3.506368637,2.560008764
15:05:26,2.561269045,3.505845308,2.557995558
15:05:26,2.560820341,3.506449461,2.558747053
15:05:26,2.561006784,3.507159233,2.558940411
15:05:26,2.561296225,3.506239176,2.559222937
15:05:26,2.560670376,3.506823778,2.55972743
15:05:26,2.561432838,3.506328106,2.559230089
15:05:26,2.560987711,3.50594902,2.557762623
15:05:26,2.56125927,3.507234335,2.559823513
15:05:26,2.560611725,3.505562782,2.558243036
15:05:26,2.561411619,3.50655055,2.559393167
15:05:26,2.56050849,3.506352663,2.558891535
15:05:26,2.561698198,3.507129908,2.56040287
15:05:26,2.561852217,3.506601334,2.55856967
15:05:26,2.561052322,3.506259918,2.558621168
15:05:26,2.561188459,3.505526066,2.558953047
15:05:26,2.56024766,3.505618811,2.557614088
15:05:26,2.560943127,3.505520344,2.558604002
15:05:26,2.560791731,3.50563693,2.558775902
15:05:26,2.560163736,3.505692482,2.558248043
15:05:26,2.560577869,3.505068779,2.558553219
15:05:26,2.560530186,3.505530119,2.559029102
15:05:26,2.561223984,3.505580902,2.559079647
15:05:26,2.561257601,3.506056547,2.558537006
15:05:26,2.560889244,3.505170584,2.559294462
15:05:26,2.56015563,3.50492239,2.559387684
15:05:26,2.561427593,3.505697727,2.558427572
15:05:26,2.560944557,3.506088495,2.558797121
15:05:26,2.561138868,3.505789042,2.558651447
15:05:26,2.561177969,3.505368948,2.558117867
15:05:26,2.560916662,3.505208254,2.558910131
15:05:26,2.560465097,3.506162405,2.559340239
15:05:26,2.561298847,3.50570631,2.559140444
15:05:26,2.560586452,3.505444527,2.55865407
15:05:26,2.561518908,3.505459547,2.558960199
15:05:26,2.561302185,3.505455017,2.558947325
15:05:26,2.560527086,3.506679058,2.559995413
15:05:26,2.561466694,3.506269217,2.559256077
15:05:26,2.560887814,3.50722456,2.559858561
15:05:26,2.561495543,3.507249117,2.559685707
15:05:26,2.561247349,3.506239176,2.559117794
15:05:26,2.560749054,3.50631094,2.56019187
15:05:26,2.561045885,3.50631094,2.559250593
15:05:26,2.561597347,3.50641036,2.560207129
15:05:26,2.56044054,3.506548405,2.557767391
15:05:26,2.56064868,3.50618124,2.558642149
15:05:26,2.560959816,3.507283211,2.559992313
15:05:26,2.561569691,3.506726742,2.559411526
15:05:26,2.560506582,3.506316185,2.558369398
15:05:26,2.560742617,3.506324768,2.557822466
15:05:26,2.560122013,3.505064964,2.558175564
15:05:26,2.561658144,3.505888939,2.559160233
15:05:26,2.56138134,3.50714612,2.558669567
15:05:26,2.561043739,3.506055832,2.559448481
15:05:26,2.560274601,3.505735159,2.559483528
15:05:26,2.561258554,3.506360531,2.560353994
15:05:26,2.560840607,3.50628829,2.559172869
15:05:26,2.56093812,3.505996466,2.559248209
15:05:26,2.56028986,3.506363392,2.558181524
15:05:26,2.561939716,3.505695343,2.559761524
15:05:26,2.560820341,3.506329298,2.559187889
15:05:26,2.560717344,3.505353928,2.558945417
15:05:26,2.560361862,3.50572896,2.559259892
15:05:26,2.561959982,3.506925106,2.559468985
15:05:26,2.56192255,3.506679058,2.559375048
15:05:26,2.561598063,3.506284952,2.558432102
15:05:26,2.561319828,3.507076263,2.559241533
15:05:26,2.561450481,3.506322861,2.558901072
15:05:26,2.560886383,3.506322145,2.559099436
15:05:26,2.561099768,3.507178783,2.55867672
15:05:26,2.560918331,3.505543232,2.558850527
15:05:26,2.560136557,3.504901171,2.559429407
15:05:26,2.561290264,3.505605698,2.557941198
15:05:26,2.560959101,3.50592947,2.558927536
15:05:26,2.560832977,3.505322456,2.559701204
15:05:26,2.560651302,3.505562067,2.559008837
15:05:26,2.560990095,3.505732536,2.558975697
15:05:26,2.561127186,3.506006241,2.558512688
15:05:26,2.560777187,3.506025791,2.558413982
15:05:26,2.560634613,3.505870342,2.557551861
15:05:27,2.560866594,3.505905867,2.559341908
15:05:27,2.561187029,3.50549674,2.558609247
15:05:27,2.560115576,3.506062508,2.55761981
15:05:27,2.561121702,3.506666422,2.557976484
15:05:27,2.560879946,3.505622149,2.558506012
15:05:27,2.56029129,3.505725861,2.557174921
15:05:27,2.560515881,3.505057096,2.55761075
15:05:27,2.561313391,3.506183863,2.558795691
15:05:27,2.561422348,3.506592274,2.559495449
15:05:27,2.561793566,3.50628376,2.558479786
15:05:27,2.561101198,3.506371021,2.55875206
15:05:27,2.561376572,3.505782604,2.559391737
15:05:27,2.560870171,3.505591393,2.558315516
15:05:27,2.561186314,3.506376266,2.558688164
15:05:27,2.561160564,3.505615473,2.55802536
15:05:27,2.560570002,3.505947828,2.559056282
15:05:27,2.560600996,3.50583744,2.559205294
15:05:27,2.561354399,3.505737066,2.559305668
15:05:27,2.561133623,3.505793571,2.559385538
15:05:27,2.561245918,3.506679058,2.558067083
15:05:27,2.560973406,3.505881786,2.55823493
15:05:27,2.561017752,3.505890369,2.559212923
15:05:27,2.561048269,3.506363392,2.558671236
15:05:27,2.560708523,3.505563974,2.557923555
15:05:27,2.561118841,3.506412745,2.559422016
15:05:27,2.560859919,3.505616665,2.558192015
15:05:27,2.560182095,3.505970478,2.558278561
15:05:27,2.560552597,3.505902529,2.558587551
15:05:27,2.561202288,3.506596327,2.558130503
15:05:27,2.561405897,3.506287575,2.559674501
15:05:27,2.562486172,3.506695986,2.558119297
15:05:27,2.560740948,3.506449461,2.559451818
15:05:27,2.560916662,3.506459236,2.558495522
15:05:27,2.560987711,3.50580883,2.559525251
15:05:27,2.561360836,3.506614685,2.558672667
15:05:27,2.561115742,3.506030083,2.558348179
15:05:27,2.561156034,3.505742311,2.558227539
15:05:27,2.561745405,3.506185055,2.558568954
15:05:27,2.561239481,3.506286383,2.557955265
15:05:27,2.561120272,3.50689435,2.559225559
15:05:27,2.562007666,3.505723953,2.55840683
15:05:27,2.561030388,3.507100582,2.55779314
15:05:27,2.561270237,3.506605387,2.557747602
15:05:27,2.560751677,3.505802155,2.558492184
15:05:27,2.559980869,3.505834103,2.558303595
15:05:27,2.561411619,3.506317854,2.557146311
15:05:27,2.559777021,3.505805969,2.55751729
15:05:27,2.559524775,3.5050354,2.557325125
15:05:27,2.560624838,3.504218102,2.556922436
15:05:27,2.56050849,3.506681681,2.558200598
15:05:27,2.561117172,3.505899668,2.558559656
15:05:27,2.560438395,3.505622864,2.557815075
15:05:27,2.560175657,3.505451202,2.558271885
15:05:27,2.559644222,3.506115913,2.559294462
15:05:27,2.561003447,3.505742311,2.559602499
15:05:27,2.560560226,3.506368637,2.558404207
15:05:27,2.559958935,3.505306482,2.558412075
15:05:27,2.560593605,3.505243778,2.557910204
15:05:27,2.559813499,3.505156755,2.55835247
15:05:27,2.560756445,3.505987406,2.559383154
15:05:27,2.559682131,3.505464315,2.558985472
15:05:27,2.560677528,3.504912615,2.557567835
15:05:27,2.560515881,3.504698753,2.557836771
15:05:27,2.561121702,3.505288124,2.557740927
15:05:27,2.560387611,3.50537014,2.558388948
15:05:27,2.561042309,3.505403996,2.558388948
15:05:27,2.559413671,3.505136013,2.558446646
15:05:27,2.561177254,3.505776644,2.559001923
15:05:27,2.560147524,3.50617075,2.557533264
15:05:27,2.560682297,3.505697727,2.558329582
15:05:27,2.560787439,3.505316734,2.557973146
15:05:27,2.560348034,3.505248308,2.557422161
15:05:27,2.560520887,3.505029678,2.558000803
15:05:27,2.560147285,3.505401373,2.557029247
15:05:27,2.560642719,3.506056547,2.558449984
15:05:27,2.560013056,3.505677462,2.55789566
15:05:27,2.559465408,3.506154537,2.558932781
15:05:27,2.56068635,3.505828381,2.557433367
15:05:27,2.559933662,3.505456448,2.55819273
15:05:27,2.560126066,3.504994869,2.558283329
15:05:27,2.561219454,3.505625486,2.558195829
15:05:27,2.560683727,3.505021811,2.557831764
15:05:27,2.560549498,3.504557848,2.558827639
15:05:27,2.560862064,3.505532742,2.557195187
15:05:27,2.559618473,3.506144047,2.558283806
15:05:27,2.559783697,3.505290031,2.558053255
15:05:27,2.559960842,3.505766869,2.557856798
15:05:27,2.560441732,3.505676985,2.55860734
15:05:27,2.560690165,3.504338026,2.558610439
15:05:27,2.560196638,3.504726887,2.558105946
15:05:27,2.560529709,3.505976439,2.557760715
15:05:27,2.56133461,3.505064964,2.557111263
15:05:27,2.560676813,3.505696535,2.558264732
15:05:27,2.560384512,3.50407958,2.558627129
15:05:27,2.560471535,3.504500628,2.558833599
15:05:27,2.560070515,3.505772114,2.558401108
15:05:27,2.56069231,3.505282879,2.558019876
15:05:27,2.560667753,3.505177021,2.558214664
15:05:27,2.560514927,3.506100893,2.558163643
15:05:27,2.56022644,3.506587029,2.558384418
15:05:27,2.561121702,3.505414486,2.557344675
15:05:27,2.56014657,3.505110502,2.558043718
15:05:27,2.559882164,3.505741358,2.558137655
15:05:27,2.560343504,3.505237103,2.557874441
15:05:27,2.559793711,3.504243374,2.558785915
15:05:27,2.560220957,3.505574465,2.55916667
15:05:27,2.560544252,3.505562782,2.558144093
15:05:27,2.560737848,3.505424261,2.558972359
15:05:27,2.561089993,3.505627155,2.558179379
15:05:27,2.561696291,3.50563693,2.558701277
15:05:27,2.560727835,3.504868507,2.558543682
15:05:27,2.560595751,3.504981518,2.558089733
15:05:27,2.561180353,3.506657362,2.559026003
15:05:27,2.560608864,3.505815029,2.557662964
15:05:27,2.560417891,3.505018711,2.558067083
15:05:27,2.561281681,3.50513649,2.558769941
15:05:27,2.560911417,3.504944801,2.559226513
15:05:27,2.56075573,3.504955292,2.557997704
15:05:27,2.560106754,3.505441904,2.557434797
15:05:28,2.560694695,3.505594254,2.560031176
15:05:28,2.560702801,3.506006956,2.558938742
15:05:28,2.561019897,3.505553722,2.559424162
15:05:28,2.56113553,3.505327225,2.558157682
15:05:28,2.560483217,3.504703522,2.559073448
15:05:28,2.559993267,3.504970312,2.557461739
15:05:28,2.560577869,3.505091667,2.557615995
15:05:28,2.560714722,3.505048513,2.557316303
15:05:28,2.560098648,3.505201101,2.558870554
15:05:28,2.560542822,3.505372763,2.557681322
15:05:28,2.559372902,3.505036831,2.558148384
15:05:28,2.560762882,3.505473852,2.559109211
15:05:28,2.560306787,3.505680799,2.55693531
15:05:28,2.560238123,3.504980564,2.558321476
15:05:28,2.560170174,3.503956318,2.557817698
15:05:28,2.559818029,3.50450325,2.558563232
15:05:28,2.559467077,3.504695177,2.557028532
15:05:28,2.559284925,3.504694462,2.557748318
15:05:28,2.559750795,3.503842831,2.557289839
15:05:28,2.559409142,3.504101992,2.557579756
15:05:28,2.55894208,3.504007339,2.558097363
15:05:28,2.558978319,3.503825188,2.557712317
15:05:28,2.559192896,3.504957914,2.556966543
15:05:28,2.559415579,3.504476309,2.558440685
15:05:28,2.559470654,3.504214764,2.557757616
15:05:28,2.559813499,3.504946232,2.558500051
15:05:28,2.560220957,3.504780293,2.557557106
15:05:28,2.559467077,3.505511284,2.558202028
15:05:28,2.560458183,3.504175186,2.557606697
15:05:28,2.558955193,3.503856421,2.557706594
15:05:28,2.560574532,3.504809856,2.557131767
15:05:28,2.561269045,3.50501585,2.558340549
15:05:28,2.559587479,3.504548073,2.557624102
15:05:28,2.559831381,3.505130291,2.557971001
15:05:28,2.559996367,3.505368233,2.557431221
15:05:28,2.560335398,3.504836559,2.558671236
15:05:28,2.559666157,3.505553722,2.558318377
15:05:28,2.560106039,3.504186869,2.55777812
15:05:28,2.559933662,3.504325628,2.557626963
15:05:28,2.559641123,3.505764246,2.557504654
15:05:28,2.560518503,3.505160093,2.557179689
15:05:28,2.559521437,3.504440546,2.558043242
15:05:28,2.559773207,3.504606724,2.557954788
15:05:28,2.559464693,3.504607439,2.556980371
15:05:28,2.559696913,3.505074263,2.557365417
15:05:28,2.559794903,3.503855705,2.557693243
15:05:28,2.560427904,3.504806519,2.557019234
15:05:28,2.560336113,3.504546165,2.558230162
15:05:28,2.5596807,3.504927874,2.558149576
15:05:28,2.560064077,3.504868507,2.557729244
15:05:28,2.560404778,3.504537106,2.558265448
15:05:28,2.55919385,3.504042387,2.557258129
15:05:28,2.559333086,3.504617691,2.557802916
15:05:28,2.560088396,3.504178762,2.557657003
15:05:28,2.560448885,3.504516602,2.558130503
15:05:28,2.56044054,3.504465818,2.558750868
15:05:28,2.559812784,3.505121708,2.557892561
15:05:28,2.561128855,3.506232738,2.558796406
15:05:28,2.560321093,3.504491568,2.558826923
15:05:28,2.559909821,3.504840374,2.557566166
15:05:28,2.560299635,3.504563093,2.558474779
15:05:28,2.560323954,3.504474401,2.558322191
15:05:28,2.5601933,3.505310059,2.557854414
15:05:28,2.56008172,3.504806042,2.557262182
15:05:28,2.560891628,3.505804062,2.558340549
15:05:28,2.560007811,3.505155563,2.558402061
15:05:28,2.560764313,3.504504919,2.557081699
15:05:28,2.560741663,3.505164623,2.558373213
15:05:28,2.560419798,3.505276203,2.558047295
15:05:28,2.559189796,3.505526781,2.556469679
15:05:28,2.560184717,3.505039454,2.558901072
15:05:28,2.560502529,3.505222321,2.557536602
15:05:28,2.560833454,3.505434752,2.558738947
15:05:28,2.560415506,3.504143715,2.556741476
15:05:28,2.560145378,3.505010843,2.55913949
15:05:28,2.559319258,3.505013466,2.557604313
15:05:28,2.559993267,3.504488707,2.558121443
15:05:28,2.560105562,3.505149841,2.558470488
15:05:28,2.559987307,3.504953384,2.558665991
15:05:28,2.560174704,3.505061626,2.557055712
15:05:28,2.560904741,3.504921913,2.557561874
15:05:28,2.560879946,3.504620552,2.557242393
15:05:28,2.560231447,3.504548073,2.558230162
15:05:28,2.560163021,3.504373789,2.55769062
15:05:28,2.561153412,3.505712032,2.55867672
15:05:28,2.560619593,3.504992723,2.559611797
15:05:28,2.560786963,3.505020618,2.559539557
15:05:28,2.560260296,3.505269766,2.558130503
15:05:28,2.559372187,3.505283356,2.558093309
15:05:28,2.560733795,3.505583525,2.55841279
15:05:28,2.560419798,3.505744934,2.558741808
15:05:28,2.56088233,3.50545454,2.558101654
15:05:28,2.560959101,3.505509138,2.558773518
15:05:28,2.560027599,3.505881786,2.557877064
15:05:28,2.560686827,3.50592041,2.558383703
15:05:28,2.560869455,3.505865574,2.55819273
15:05:28,2.560979605,3.505483627,2.558314323
15:05:28,2.560296535,3.505241156,2.557186127
15:05:28,2.560410738,3.50383234,2.557526112
15:05:28,2.560780764,3.504631758,2.558140516
15:05:28,2.559699774,3.50451231,2.558355331
15:05:28,2.559752703,3.504787683,2.558388472
15:05:28,2.560794115,3.504988432,2.559227228
15:05:28,2.561253786,3.505424261,2.557668209
15:05:28,2.560501814,3.505871058,2.559194565
15:05:28,2.560097456,3.504756927,2.55743885
15:05:28,2.559665203,3.504679918,2.559186697
15:05:28,2.559854269,3.505109072,2.55796504
15:05:28,2.559906721,3.504581451,2.557620525
15:05:28,2.559215546,3.5050354,2.557212114
15:05:28,2.559831381,3.505471468,2.55850482
15:05:28,2.559259176,3.504398108,2.558130503
15:05:28,2.560438395,3.504618406,2.557345629
15:05:28,2.559448719,3.505672932,2.558160305
15:05:28,2.559697866,3.504168272,2.557047367
15:05:28,2.560236931,3.503903389,2.557509422
15:05:28,2.560498714,3.506358147,2.558591366
15:05:28,2.560086727,3.504973412,2.558929205
15:05:28,2.560222387,3.505188227,2.558585405
15:05:29,2.559642315,3.504794121,2.557189465
15:05:29,2.560232401,3.505966663,2.558076143
15:05:29,2.560928106,3.505821705,2.558111906
15:05:29,2.559031963,3.50508523,2.557643652
15:05:29,2.56032753,3.505100727,2.55751276
15:05:29,2.560322285,3.506046057,2.558602095
15:05:29,2.559300184,3.505744219,2.558568001
15:05:29,2.56040597,3.505855083,2.558262825
15:05:29,2.55971694,3.505052567,2.558518648
15:05:29,2.559598923,3.504899263,2.558119297
15:05:29,2.560026884,3.505594969,2.558252811
15:05:29,2.559687853,3.504639626,2.55768013
15:05:29,2.559738636,3.50477314,2.557289124
15:05:29,2.559985161,3.504584789,2.557570934
15:05:29,2.559881449,3.504871607,2.557852745
15:05:29,2.559955597,3.505343437,2.558181524
15:05:29,2.559836626,3.505064964,2.558026552
15:05:29,2.560388803,3.505826473,2.557822704
15:05:29,2.560254812,3.506156921,2.557977676
15:05:29,2.560176373,3.505903244,2.55726862
15:05:29,2.559884787,3.50511694,2.557996273
15:05:29,2.55972743,3.504077673,2.55681181
15:05:29,2.559547424,3.504267693,2.55740428
15:05:29,2.559625864,3.50443244,2.559160948
15:05:29,2.559992552,3.505411386,2.55760932
15:05:29,2.560708046,3.505519152,2.558674097
15:05:29,2.560462236,3.505508423,2.557461739
15:05:29,2.560064554,3.504923105,2.557633162
15:05:29,2.559995651,3.505351782,2.558425903
15:05:29,2.560194016,3.504697561,2.557416201
15:05:29,2.560415506,3.505028486,2.557626009
15:05:29,2.559947491,3.505640984,2.558065176
15:05:29,2.559440136,3.504559278,2.558254004
15:05:29,2.559574366,3.504917622,2.557371378
15:05:29,2.558832407,3.505264521,2.557461023
15:05:29,2.560221672,3.505105495,2.557869911
15:05:29,2.560448885,3.504407406,2.558039188
15:05:29,2.560035229,3.50508523,2.557580233
15:05:29,2.559399128,3.505273104,2.558086157
15:05:29,2.560167551,3.503677845,2.556742907
15:05:29,2.559679985,3.504262924,2.558213949
15:05:29,2.559308052,3.503926992,2.55650568
15:05:29,2.559891224,3.504685402,2.557380438
15:05:29,2.559976101,3.505061626,2.558293819
15:05:29,2.560250759,3.504448891,2.558112383
15:05:29,2.560153723,3.505182266,2.557905197
15:05:29,2.560503244,3.505820274,2.558490276
15:05:29,2.559795618,3.504802465,2.557827473
15:05:29,2.560303688,3.504572153,2.558602095
15:05:29,2.559913158,3.504755497,2.559418201
15:05:29,2.560375452,3.505401134,2.558970928
15:05:29,2.559915781,3.505780697,2.558467627
15:05:29,2.560374498,3.505999804,2.558928251
15:05:29,2.560088396,3.505485058,2.559470892
15:05:29,2.560923815,3.505499363,2.558699369
15:05:29,2.559953451,3.504891872,2.557472229
15:05:29,2.560507298,3.505699635,2.559257507
15:05:29,2.560117245,3.505670309,2.559080839
15:05:29,2.560414076,3.506210566,2.558449984
15:05:29,2.559985161,3.505471945,2.559193134
15:05:29,2.560286522,3.505425453,2.558276653
15:05:29,2.56036377,3.504887342,2.557626963
15:05:29,2.56105566,3.505698442,2.557717323
15:05:29,2.560515881,3.506269217,2.558794975
15:05:29,2.561295271,3.505393028,2.558679581
15:05:29,2.560552597,3.505292416,2.557716608
15:05:29,2.560817003,3.504877567,2.558843374
15:05:29,2.560676336,3.505371571,2.557327509
15:05:29,2.56059432,3.505192757,2.558414698
15:05:29,2.560702801,3.504204988,2.558888435
15:05:29,2.560815096,3.506393194,2.557652235
15:05:29,2.560002565,3.504840374,2.558077097
15:05:29,2.560280561,3.505634546,2.558763981
15:05:29,2.560385466,3.505582333,2.558602571
15:05:29,2.560717344,3.50485158,2.55796051
15:05:29,2.560931444,3.505660057,2.558754206
15:05:29,2.560122013,3.504997015,2.55862236
15:05:29,2.559846401,3.505461693,2.558304548
15:05:29,2.560070515,3.506010294,2.557477713
15:05:29,2.560383797,3.50560689,2.557632446
15:05:29,2.561084747,3.505137682,2.558760881
15:05:29,2.560313463,3.504816294,2.557910204
15:05:29,2.560024023,3.505287647,2.558935404
15:05:29,2.560842991,3.505853653,2.55843854
15:05:29,2.560213804,3.505502939,2.556561232
15:05:29,2.560286522,3.505473852,2.558335543
15:05:29,2.560388088,3.505013943,2.558257341
15:05:29,2.560398817,3.505701542,2.558398485
15:05:29,2.559788942,3.505156755,2.558133125
15:05:29,2.560278654,3.504845142,2.558721781
15:05:29,2.559607267,3.504330635,2.557834148
15:05:29,2.560433149,3.506115198,2.557207823
15:05:29,2.560179234,3.505681992,2.558691978
15:05:29,2.560735226,3.506590366,2.557963848
15:05:29,2.560655117,3.505967379,2.558537006
15:05:29,2.560507298,3.504091501,2.558592558
15:05:29,2.560232401,3.50475812,2.55882597
15:05:29,2.560425997,3.505724669,2.558195353
15:05:29,2.560329437,3.505405426,2.558199167
15:05:29,2.56009388,3.504858017,2.557981014
15:05:29,2.561292171,3.506366491,2.558064222
15:05:29,2.560504675,3.505875349,2.556983232
15:05:29,2.560661316,3.505649567,2.558024645
15:05:29,2.561072826,3.505638838,2.55951786
15:05:29,2.560196161,3.505329132,2.55944562
15:05:29,2.560891628,3.506266832,2.558340549
15:05:29,2.560700178,3.505967379,2.557836771
15:05:29,2.560101032,3.504829407,2.559240103
15:05:29,2.561078548,3.50548172,2.559046268
15:05:29,2.560348034,3.505630732,2.559898376
15:05:29,2.561018467,3.505065441,2.559074879
15:05:29,2.560593128,3.50652957,2.558547735
15:05:29,2.561029673,3.50484705,2.558197737
15:05:29,2.56044507,3.504894495,2.558305264
15:05:29,2.55997467,3.505090952,2.559525967
15:05:29,2.560680389,3.504950047,2.558585405
15:05:30,2.560261965,3.505102873,2.557826281
15:05:30,2.560051441,3.504942179,2.557881355
15:05:30,2.560229778,3.505449772,2.558256388
15:05:30,2.560603619,3.504182577,2.55908227
15:05:30,2.560305595,3.505132914,2.558072329
15:05:30,2.559876919,3.504092932,2.558007479
15:05:30,2.560022354,3.504580736,2.558902264
15:05:30,2.560334682,3.503680229,2.557752132
15:05:30,2.560318232,3.503866911,2.558247328
15:05:30,2.560302019,3.504310369,2.557290792
15:05:30,2.560367107,3.50460577,2.556986809
15:05:30,2.560216427,3.504965782,2.558193207
15:05:30,2.560373068,3.506076813,2.558715582
15:05:30,2.560489893,3.50618577,2.558696508
15:05:30,2.559703112,3.504095316,2.558385849
15:05:30,2.559929609,3.504404545,2.558589458
15:05:30,2.559876204,3.50450325,2.557789326
15:05:30,2.560233593,3.504794598,2.558526039
15:05:30,2.559701204,3.505275488,2.558592081
15:05:30,2.559170485,3.504607916,2.558269978
15:05:30,2.559557676,3.505250216,2.5580616
15:05:30,2.56071806,3.505999804,2.55812788
15:05:30,2.559296846,3.504148722,2.557403088
15:05:30,2.559392691,3.505184889,2.558434725
15:05:30,2.56040287,3.505911589,2.558640957
15:05:30,2.559249163,3.504899263,2.558184147
15:05:30,2.560469389,3.505154848,2.557735682
15:05:30,2.560081244,3.505154371,2.558442831
15:05:30,2.559362173,3.506068945,2.557108879
15:05:30,2.558521271,3.504822731,2.556676149
15:05:30,2.559509516,3.504631042,2.557971716
15:05:30,2.559857845,3.505359888,2.558594227
15:05:30,2.559291363,3.505466223,2.558404922
15:05:30,2.56033802,3.504838467,2.557140827
15:05:30,2.560074329,3.505281448,2.558207273
15:05:30,2.560820341,3.505387068,2.559038639
15:05:30,2.560903549,3.505298615,2.558451176
15:05:30,2.559988022,3.505829334,2.558990717
15:05:30,2.560583591,3.505312681,2.557729244
15:05:30,2.561329126,3.505350113,2.557158947
15:05:30,2.560616255,3.505754471,2.557650328
15:05:30,2.560097456,3.505309105,2.558751583
15:05:30,2.560755253,3.505896807,2.558834314
15:05:30,2.55983901,3.505396366,2.558302402
15:05:30,2.560673952,3.505990028,2.557523966
15:05:30,2.560297012,3.505188704,2.558119297
15:05:30,2.560326099,3.505194902,2.556941509
15:05:30,2.560512543,3.505491734,2.557632446
15:05:30,2.561006784,3.505676985,2.558640957
15:05:30,2.560344458,3.505473375,2.558356047
15:05:30,2.560096025,3.504850626,2.559834957
15:05:30,2.560917377,3.506339788,2.558368683
15:05:30,2.561154604,3.505760431,2.559769869
15:05:30,2.560283899,3.505341291,2.558669567
15:05:30,2.560170174,3.504893303,2.559113264
15:05:30,2.56000495,3.505592585,2.560241461
15:05:30,2.560669661,3.5046103,2.5577178
15:05:30,2.5606215,3.505259037,2.557770967
15:05:30,2.55992651,3.506220341,2.558741808
15:05:30,2.560231447,3.506907463,2.560238123
15:05:30,2.56093812,3.506283045,2.558637142
15:05:30,2.561151981,3.50699091,2.558107138
15:05:30,2.561005116,3.505783319,2.558563232
15:05:30,2.561326981,3.507061481,2.560352802
15:05:30,2.561607838,3.507648468,2.559562206
15:05:30,2.560998678,3.507507086,2.559364557
15:05:30,2.561873436,3.507279158,2.559598684
15:05:30,2.561090469,3.506790638,2.559058905
15:05:30,2.561607361,3.50736928,2.56022501
15:05:30,2.561600685,3.507847786,2.559330225
15:05:30,2.561298847,3.506380796,2.558857918
15:05:30,2.561148167,3.506401777,2.559116602
15:05:30,2.56132555,3.506545782,2.560387373
15:05:30,2.56112361,3.505830765,2.559096575
15:05:30,2.561428785,3.506412745,2.559396744
15:05:30,2.561092615,3.507186413,2.559710979
15:05:30,2.560920238,3.506373644,2.558172941
15:05:30,2.56230545,3.50736928,2.559290409
15:05:30,2.560464144,3.506871462,2.558420897
15:05:30,2.56098485,3.506874323,2.559519768
15:05:30,2.560796738,3.506384134,2.558335543
15:05:30,2.560865879,3.505087614,2.557911158
15:05:30,2.561043024,3.50594902,2.558278561
15:05:30,2.561261892,3.50723958,2.558850527
15:05:30,2.560499191,3.506106853,2.557551861
15:05:30,2.56159234,3.506380796,2.558775902
15:05:30,2.560369015,3.505860806,2.559159517
15:05:30,2.560004234,3.505261183,2.558123112
15:05:30,2.560046673,3.505563498,2.558182955
15:05:30,2.560349941,3.505503178,2.558981657
15:05:30,2.560554743,3.505931854,2.558386564
15:05:30,2.561018467,3.504982948,2.558364391
15:05:30,2.560397387,3.505140066,2.55913949
15:05:30,2.559922934,3.504259586,2.558873177
15:05:30,2.56107688,3.505880356,2.55906105
15:05:30,2.560088873,3.505164623,2.55848217
15:05:30,2.560061693,3.506104946,2.557822704
15:05:30,2.560872316,3.504796267,2.55792594
15:05:30,2.560313463,3.506456614,2.558059931
15:05:30,2.560371876,3.505961418,2.558502913
15:05:30,2.560468674,3.506618977,2.55936718
15:05:30,2.560474873,3.504547596,2.557874203
15:05:30,2.560899019,3.505745411,2.558510065
15:05:30,2.560829401,3.506160498,2.558511972
15:05:30,2.56051445,3.505358458,2.558297157
15:05:30,2.559160471,3.504858017,2.559087992
15:05:30,2.560611725,3.505256653,2.558129787
15:05:30,2.560497522,3.504765987,2.55888176
15:05:30,2.560975552,3.505208969,2.558670044
15:05:30,2.561463118,3.506198883,2.557910204
15:05:30,2.560593128,3.506338596,2.557621241
15:05:30,2.560862064,3.505560875,2.558514833
15:05:30,2.56071353,3.505331516,2.559414148
15:05:30,2.561823845,3.505431652,2.559178114
15:05:30,2.559900522,3.506169558,2.559957027
15:05:31,2.560230732,3.505344152,2.557847977
15:05:31,2.560109377,3.505725861,2.558781862
15:05:31,2.560095787,3.50631547,2.558866978
15:05:31,2.559943676,3.505106449,2.559193134
15:05:31,2.561338186,3.505263329,2.558687449
15:05:31,2.560527563,3.504148245,2.558346033
15:05:31,2.560445786,3.505143881,2.55809474
15:05:31,2.560807943,3.506083965,2.558547735
15:05:31,2.560309172,3.506049633,2.558784008
15:05:31,2.561200619,3.505911589,2.558342218
15:05:31,2.559942961,3.505397558,2.558416128
15:05:31,2.560768843,3.506314278,2.558001995
15:05:31,2.560690165,3.506014824,2.558251619
15:05:31,2.560717344,3.506744385,2.558220387
15:05:31,2.560591221,3.506000519,2.558521509
15:05:31,2.560530901,3.506920099,2.559503555
15:05:31,2.560292006,3.50582099,2.558367968
15:05:31,2.560172081,3.505961895,2.558969259
15:05:31,2.560507298,3.505338907,2.557932138
15:05:31,2.55987072,3.504907131,2.557667017
15:05:31,2.560816288,3.50521946,2.558423281
15:05:31,2.559940338,3.505282164,2.557607889
15:05:31,2.560414076,3.506602049,2.558395624
15:05:31,2.559755802,3.505870104,2.558202744
15:05:31,2.56009388,3.506217003,2.558240891
15:05:31,2.560331345,3.505134821,2.558188677
15:05:31,2.559584379,3.505524158,2.559604645
15:05:31,2.559747219,3.505277634,2.558461905
15:05:31,2.559218168,3.504347086,2.557555199
15:05:31,2.559709787,3.504328251,2.558653593
15:05:31,2.559919357,3.504869938,2.557379723
15:05:31,2.559164762,3.505003691,2.558804512
15:05:31,2.560098171,3.505328655,2.557727814
15:05:31,2.560436726,3.505245686,2.559004545
15:05:31,2.561023235,3.505436897,2.559173584
15:05:31,2.559724808,3.505907774,2.558296442
15:05:31,2.560151815,3.504945517,2.558931351
15:05:31,2.561578035,3.504822731,2.557821751
15:05:31,2.560303688,3.505670309,2.558401346
15:05:31,2.561157465,3.506165028,2.55777669
15:05:31,2.560068607,3.506044626,2.559607983
15:05:31,2.560623407,3.505227804,2.557995558
15:05:31,2.560698748,3.506215334,2.560004473
15:05:31,2.560658455,3.50533843,2.559486866
15:05:31,2.561436176,3.505931377,2.55791235
15:05:31,2.560614824,3.505574465,2.558651447
15:05:31,2.560248852,3.505370855,2.558139801
15:05:31,2.560405493,3.505343437,2.557278633
15:05:31,2.560369015,3.505620718,2.55778718
15:05:31,2.561574936,3.506560326,2.557982922
15:05:31,2.560775518,3.506485224,2.558986187
15:05:31,2.560551405,3.505288124,2.558533907
15:05:31,2.560562611,3.505590677,2.558579445
15:05:31,2.560959816,3.50525856,2.55872035
15:05:31,2.560136557,3.505045652,2.558123112
15:05:31,2.560606956,3.506690741,2.558479071
15:05:31,2.560600996,3.505753279,2.558294535
15:05:31,2.559686661,3.505426407,2.558280706
15:05:31,2.560526371,3.505108595,2.557846785
15:05:31,2.559965372,3.505432129,2.5593009
15:05:31,2.560454369,3.505145073,2.558170319
15:05:31,2.559952021,3.504845619,2.557331562
15:05:31,2.559480429,3.50547719,2.557870626
15:05:31,2.560475588,3.505057812,2.557808399
15:05:31,2.560688734,3.50592947,2.558428288
15:05:31,2.560596228,3.505182981,2.557559013
15:05:31,2.560452461,3.506207943,2.558912992
15:05:31,2.560612202,3.505804062,2.559413671
15:05:31,2.560171604,3.50617218,2.558351994
15:05:31,2.560834169,3.506604671,2.558565617
15:05:31,2.561078072,3.506848812,2.558669567
15:05:31,2.561064959,3.505594254,2.55898428
15:05:31,2.561074734,3.506186247,2.558344126
15:05:31,2.561396837,3.506799221,2.557729244
15:05:31,2.56109786,3.506121159,2.559214592
15:05:31,2.560849667,3.506263494,2.559041023
15:05:31,2.560828924,3.506010294,2.559373617
15:05:31,2.560467482,3.505771399,2.55812192
15:05:31,2.560536385,3.504507542,2.558236122
15:05:31,2.559439659,3.505494833,2.557727098
15:05:31,2.560267925,3.505438805,2.558240891
15:05:31,2.559948206,3.506207943,2.559113264
15:05:31,2.559767246,3.505241871,2.55792594
15:05:31,2.560255289,3.505190849,2.558016777
15:05:31,2.560974121,3.506657362,2.557684898
15:05:31,2.560480118,3.505643129,2.558346033
15:05:31,2.560103416,3.505656481,2.558203936
15:05:31,2.559178352,3.505688667,2.559928656
15:05:31,2.561029673,3.507205009,2.559764624
15:05:31,2.561192274,3.506705046,2.559512615
15:05:31,2.56149435,3.506895781,2.558591366
15:05:31,2.560302496,3.505734444,2.5584445
15:05:31,2.560676813,3.505661249,2.55717206
15:05:31,2.56003952,3.50495863,2.558710098
15:05:31,2.560472965,3.505524635,2.558596134
15:05:31,2.560772657,3.505760431,2.559141636
15:05:31,2.560789824,3.505689144,2.559403658
15:05:31,2.560927391,3.506116629,2.559580088
15:05:31,2.559654951,3.50574851,2.557430506
15:05:31,2.560208797,3.505049944,2.558681965
15:05:31,2.56059432,3.505584955,2.558520794
15:05:31,2.560413361,3.504242182,2.559051037
15:05:31,2.560288429,3.504873753,2.55906105
15:05:31,2.559950352,3.505352736,2.558377743
15:05:31,2.560676336,3.505150318,2.558416843
15:05:31,2.560642242,3.504407406,2.558399677
15:05:31,2.561120987,3.505642414,2.559548616
15:05:31,2.560627937,3.504850149,2.557822466
15:05:31,2.560001135,3.505024195,2.558257341
15:05:31,2.560489178,3.504909039,2.558327675
15:05:31,2.560838938,3.50417161,2.558170795
15:05:31,2.559925079,3.504779339,2.558849812
15:05:31,2.560260296,3.50509882,2.558264017
15:05:31,2.560554266,3.506100416,2.55775547
15:05:31,2.560177565,3.505619287,2.557185173
15:05:31,2.560921669,3.505631924,2.558055639
15:05:31,2.560411453,3.505351782,2.558924675
15:05:31,2.55997324,3.505958796,2.558671236
15:05:31,2.559853077,3.50508523,2.558526039
15:05:32,2.560458183,3.506037474,2.558289766
15:05:32,2.560192585,3.504589081,2.558096886
15:05:32,2.560605049,3.504738331,2.557699203
15:05:32,2.560425997,3.505206585,2.558357954
15:05:32,2.560681105,3.505217075,2.557807207
15:05:32,2.560312271,3.505955458,2.558957815
15:05:32,2.560271978,3.505417347,2.558506489
15:05:32,2.559827805,3.505434036,2.55727005
15:05:32,2.560624838,3.505656481,2.558291674
15:05:32,2.560914755,3.506296158,2.558892965
15:05:32,2.560362577,3.505325317,2.558349609
15:05:32,2.561464548,3.505624771,2.557893276
15:05:32,2.560694695,3.505857706,2.558519125
15:05:32,2.560527563,3.505397558,2.557728529
15:05:32,2.561728716,3.506733179,2.558791876
15:05:32,2.561410427,3.507164001,2.558271885
15:05:32,2.560680389,3.507353067,2.559915543
15:05:32,2.560966253,3.506569624,2.559256792
15:05:32,2.561244488,3.507017136,2.559046268
15:05:32,2.561606646,3.506947041,2.558588743
15:05:32,2.561468601,3.506804943,2.559977055
15:05:32,2.560774326,3.506115913,2.560416222
15:05:32,2.561054945,3.506793261,2.560127258
15:05:32,2.561638355,3.506398439,2.560804129
15:05:32,2.561240673,3.505935192,2.55816555
15:05:32,2.560862064,3.505997181,2.55950737
15:05:32,2.560861111,3.506010294,2.559067726
15:05:32,2.560315609,3.506532431,2.558496237
15:05:32,2.560241461,3.506091833,2.559078932
15:05:32,2.56065464,3.506692886,2.55940485
15:05:32,2.560990095,3.506539583,2.558087349
15:05:32,2.561330557,3.505206585,2.559616566
15:05:32,2.562643528,3.506416798,2.560193777
15:05:32,2.561197758,3.505737066,2.558497429
15:05:32,2.56134963,3.506602764,2.559639215
15:05:32,2.560632229,3.505697727,2.558738232
15:05:32,2.560490608,3.505855799,2.559162855
15:05:32,2.562124014,3.507444382,2.558987617
15:05:32,2.561652184,3.507312059,2.559688091
15:05:32,2.561723471,3.506887197,2.55888176
15:05:32,2.561223984,3.507214069,2.559568882
15:05:32,2.561917782,3.506882668,2.560134411
15:05:32,2.561758995,3.507742643,2.559642792
15:05:32,2.560357094,3.506569624,2.560679913
15:05:32,2.561493635,3.507661819,2.560156822
15:05:32,2.562571287,3.50707984,2.561053753
15:05:32,2.561315775,3.507355928,2.559747934
15:05:32,2.562388659,3.5080688,2.559713125
15:05:32,2.56210947,3.507184744,2.558993578
15:05:32,2.561689854,3.507385731,2.559375048
15:05:32,2.561318398,3.506820679,2.558699369
15:05:32,2.561155319,3.506960392,2.559943199
15:05:32,2.56189537,3.506472111,2.559673309
15:05:32,2.560965538,3.505424976,2.558909416
15:05:32,2.561042309,3.506215334,2.55846715
15:05:32,2.561215401,3.506358147,2.558994293
15:05:32,2.561137438,3.505527258,2.559490919
15:05:32,2.561292171,3.506438494,2.558547735
15:05:32,2.561240196,3.506979227,2.558373213
15:05:32,2.56174612,3.506528378,2.560022593
15:05:32,2.561689138,3.506653786,2.559765816
15:05:32,2.561043024,3.506460667,2.558259249
15:05:32,2.561510801,3.507255316,2.558815002
15:05:32,2.561318398,3.506085873,2.559565783
15:05:32,2.560965538,3.50571847,2.559171438
15:05:32,2.560828447,3.506502867,2.558820963
15:05:32,2.560916662,3.5067873,2.558910131
15:05:32,2.561723471,3.506602764,2.559841394
15:05:32,2.560982943,3.507407904,2.560051203
15:05:32,2.560665607,3.505196095,2.558557034
15:05:32,2.561164618,3.505875826,2.558643818
15:05:32,2.560600519,3.505528927,2.559509516
15:05:32,2.560058594,3.506451368,2.558933258
15:05:32,2.560548306,3.505741358,2.559177399
15:05:32,2.560470819,3.506012917,2.559605837
15:05:32,2.561650991,3.506797791,2.559135199
15:05:32,2.561171293,3.505483627,2.557760715
15:05:32,2.560681105,3.506363392,2.558923483
15:05:32,2.560394287,3.506201506,2.557578087
15:05:32,2.559707642,3.505801439,2.557905197
15:05:32,2.560564518,3.505481243,2.558223009
15:05:32,2.560587168,3.505381346,2.558765411
15:05:32,2.560569286,3.50612402,2.55884552
15:05:32,2.560919523,3.506637812,2.558010817
15:05:32,2.561504841,3.506579399,2.557296515
15:05:32,2.560223579,3.506718874,2.558443069
15:05:32,2.559934378,3.50549078,2.558129072
15:05:32,2.560501099,3.506775618,2.559403896
15:05:32,2.561284065,3.507662535,2.559425354
15:05:32,2.562206507,3.507048368,2.559835672
15:05:32,2.561764479,3.506940126,2.559202671
15:05:32,2.560798645,3.5065341,2.558632374
15:05:32,2.560861111,3.506129503,2.560562849
15:05:32,2.561028481,3.505464315,2.55888176
15:05:32,2.561245918,3.507114887,2.559304237
15:05:32,2.561056852,3.506833076,2.559921265
15:05:32,2.561337709,3.506701946,2.559109926
15:05:32,2.560780764,3.506584883,2.558699369
15:05:32,2.561790943,3.506711006,2.558630466
15:05:32,2.56040597,3.505975008,2.559186697
15:05:32,2.560064554,3.504793406,2.55906415
15:05:32,2.56051302,3.505365133,2.55922246
15:05:32,2.561461926,3.506718159,2.560046196
15:05:32,2.560979605,3.505967855,2.560224295
15:05:32,2.561248541,3.505977631,2.558894157
15:05:32,2.56166935,3.506551266,2.55995059
15:05:32,2.561985731,3.506310463,2.559592724
15:05:32,2.56134963,3.506022215,2.55885601
15:05:32,2.561582804,3.506386757,2.558783293
15:05:32,2.559957504,3.505307198,2.557944775
15:05:32,2.561026573,3.505856276,2.558266163
15:05:32,2.560311079,3.506447554,2.55927062
15:05:32,2.560714006,3.505687952,2.558483124
15:05:32,2.561160564,3.506795883,2.558966398
15:05:32,2.561232328,3.506267786,2.55872488
15:05:32,2.560847998,3.506243944,2.558075428
15:05:32,2.561115026,3.506517887,2.558517218
15:05:32,2.562325001,3.506122589,2.559283257
15:05:32,2.561169624,3.506807566,2.5593009
15:05:33,2.56062746,3.506250143,2.558304548
15:05:33,2.560968161,3.50638938,2.559354544
15:05:33,2.560797215,3.50573945,2.557758331
15:05:33,2.56001544,3.50486207,2.557566166
15:05:33,2.560297012,3.506268501,2.558471918
15:05:33,2.560316324,3.505417347,2.558627844
15:05:33,2.561386108,3.505735159,2.558490992
15:05:33,2.560441732,3.506503582,2.558972359
15:05:33,2.560951948,3.506717443,2.559094667
15:05:33,2.561321259,3.50609827,2.558548927
15:05:33,2.56093812,3.505156755,2.559192657
15:05:33,2.562325478,3.505994558,2.559725046
15:05:33,2.561532497,3.50630641,2.560120344
15:05:33,2.561144829,3.507160425,2.558856964
15:05:33,2.561172485,3.507695436,2.559499979
15:05:33,2.562196732,3.507048368,2.561032295
15:05:33,2.560294867,3.50656414,2.559370518
15:05:33,2.560639381,3.505895376,2.559601307
15:05:33,2.561127186,3.506392002,2.558631659
15:05:33,2.561206102,3.507414341,2.559580088
15:05:33,2.560806513,3.506871939,2.558962584
15:05:33,2.561336994,3.506364107,2.559236288
15:05:33,2.560973406,3.506930828,2.558837891
15:05:33,2.560096025,3.505915642,2.558261633
15:05:33,2.561147451,3.506405592,2.558378696
15:05:33,2.561530828,3.505814552,2.558351994
15:05:33,2.560789824,3.506350756,2.559926033
15:05:33,2.560828924,3.50758791,2.558428288
15:05:33,2.560693741,3.506097078,2.55940032
15:05:33,2.560819626,3.506139278,2.559136868
15:05:33,2.561237335,3.507334709,2.559056997
15:05:33,2.560962677,3.507167578,2.558588743
15:05:33,2.560796022,3.505875349,2.559258938
15:05:33,2.561726332,3.506733894,2.55905962
15:05:33,2.561371565,3.506219625,2.559171438
15:05:33,2.561009407,3.50604248,2.559221029
15:05:33,2.560031652,3.506687403,2.558321476
15:05:33,2.560433149,3.507335424,2.559375048
15:05:33,2.560157299,3.505816698,2.558959246
15:05:33,2.561449289,3.507413149,2.558517218
15:05:33,2.561898708,3.506727934,2.559686422
15:05:33,2.560489893,3.505980968,2.558333397
15:05:33,2.56071806,3.506033182,2.557359219
15:05:33,2.56062746,3.505496025,2.559113979
15:05:33,2.561189175,3.506594181,2.55928874
15:05:33,2.56166935,3.506504297,2.557853937
15:05:33,2.561533689,3.505984306,2.558511496
15:05:33,2.560749769,3.506599426,2.560618401
15:05:33,2.561311245,3.507223129,2.55846262
15:05:33,2.562020302,3.507017612,2.559093952
15:05:33,2.560753584,3.506981134,2.558768034
15:05:33,2.560201406,3.506862164,2.559823036
15:05:33,2.561245918,3.506833076,2.559301615
15:05:33,2.56065774,3.505547762,2.558150291
15:05:33,2.560493946,3.506111383,2.560541391
15:05:33,2.561460018,3.506733179,2.559821367
15:05:33,2.560888529,3.505888939,2.558832169
15:05:33,2.56095314,3.506081343,2.558850527
15:05:33,2.561588049,3.506840229,2.558781385
15:05:33,2.561022043,3.505937338,2.558884382
15:05:33,2.561614513,3.506960392,2.560055017
15:05:33,2.56196475,3.507111549,2.559238911
15:05:33,2.561035633,3.506799698,2.559010029
15:05:33,2.561629772,3.507075071,2.559087992
15:05:33,2.561432838,3.506560326,2.558537006
15:05:33,2.561744213,3.506997585,2.559080362
15:05:33,2.561320543,3.506073713,2.557934761
15:05:33,2.561171293,3.506103754,2.558657646
15:05:33,2.560240746,3.505958796,2.558858633
15:05:33,2.560389757,3.505169153,2.559067011
15:05:33,2.561373472,3.505574465,2.558726311
15:05:33,2.560309172,3.505664587,2.557678699
15:05:33,2.560091496,3.50511384,2.559043169
15:05:33,2.560213804,3.505314112,2.558240175
15:05:33,2.560529232,3.505311489,2.558220387
15:05:33,2.560826302,3.505768061,2.557896137
15:05:33,2.560813904,3.505827665,2.558241606
15:05:33,2.560813189,3.50664258,2.559362173
15:05:33,2.560940027,3.506713629,2.559440613
15:05:33,2.56117177,3.505816698,2.558541775
15:05:33,2.559645414,3.505451202,2.55815959
15:05:33,2.56069231,3.506639719,2.558902264
15:05:33,2.561493635,3.506807566,2.558751583
15:05:33,2.560758829,3.506703854,2.560330153
15:05:33,2.560737848,3.506008863,2.557883263
15:05:33,2.560492039,3.505960226,2.558680773
15:05:33,2.561539888,3.505999804,2.559222937
15:05:33,2.561093092,3.5062356,2.559742212
15:05:33,2.560480595,3.505677462,2.557783365
15:05:33,2.560638666,3.505441427,2.558345318
15:05:33,2.560893774,3.506647587,2.558811665
15:05:33,2.560681581,3.505131483,2.55935216
15:05:33,2.56029129,3.507189989,2.558219194
15:05:33,2.560531616,3.506448746,2.557963133
15:05:33,2.561000109,3.50548625,2.558290958
15:05:33,2.560767174,3.505759478,2.559052944
15:05:33,2.560641527,3.506807566,2.55874753
15:05:33,2.560944557,3.506584883,2.558602095
15:05:33,2.56120348,3.505607605,2.557946682
15:05:33,2.560889244,3.506371021,2.55906415
15:05:33,2.560238123,3.505930185,2.558977127
15:05:33,2.559911251,3.505967855,2.558464527
15:05:33,2.560569286,3.505530834,2.558963776
15:05:33,2.560242891,3.505061626,2.558996916
15:05:33,2.56075573,3.505684614,2.558428288
15:05:33,2.560688734,3.50557375,2.559707165
15:05:33,2.560405493,3.505768061,2.559905529
15:05:33,2.560771465,3.505636215,2.558815479
15:05:33,2.560729027,3.505526781,2.55995059
15:05:33,2.560533524,3.505510092,2.557531357
15:05:33,2.560182095,3.505575657,2.558829546
15:05:33,2.560480118,3.505982161,2.557556391
15:05:33,2.55982542,3.504863262,2.556964874
15:05:33,2.560446978,3.506134987,2.558623075
15:05:33,2.560336113,3.505913019,2.558381557
15:05:33,2.560290575,3.506206274,2.558416128
15:05:34,2.560945272,3.506258011,2.558898211
15:05:34,2.560680389,3.505627155,2.557480335
15:05:34,2.561183214,3.505947828,2.55847621
15:05:34,2.560852766,3.506156921,2.55733633
15:05:34,2.560775518,3.50628686,2.558470488
15:05:34,2.560741663,3.506450176,2.558702469
15:05:34,2.560510397,3.506369114,2.558662891
15:05:34,2.560844183,3.504799366,2.557654381
15:05:34,2.560290575,3.505043983,2.558112383
15:05:34,2.560322285,3.504890203,2.557657003
15:05:34,2.560650587,3.505974531,2.558575153
15:05:34,2.560023546,3.505693913,2.557530165
15:05:34,2.561196327,3.50635004,2.559308529
15:05:34,2.560556173,3.505897284,2.55932498
15:05:34,2.560805321,3.505272388,2.55940938
15:05:34,2.56048131,3.505456448,2.559123278
15:05:34,2.560914278,3.506556988,2.558697939
15:05:34,2.561193466,3.506457329,2.559179306
15:05:34,2.560731888,3.506451845,2.559140444
15:05:34,2.561356068,3.506472588,2.558298349
15:05:34,2.560820341,3.506495714,2.55870533
15:05:34,2.560836077,3.505666256,2.557323694
15:05:34,2.560404778,3.505158901,2.558639526
15:05:34,2.560542107,3.505760431,2.558620453
15:05:34,2.560326815,3.505210876,2.558332205
15:05:34,2.55998373,3.505348206,2.558083534
15:05:34,2.560374498,3.506486654,2.558938742
15:05:34,2.56105566,3.505688667,2.558702469
15:05:34,2.560970545,3.506240606,2.558566809
15:05:34,2.560593605,3.506632805,2.55875206
15:05:34,2.560859919,3.506436825,2.558228254
15:05:34,2.560443878,3.505687237,2.55840826
15:05:34,2.560702801,3.505492449,2.559052944
15:05:34,2.560395002,3.506914616,2.558803797
15:05:34,2.561205626,3.506102324,2.560115099
15:05:34,2.560238123,3.505045176,2.558346748
15:05:34,2.560329437,3.504974127,2.558778048
15:05:34,2.560192585,3.505248308,2.558987617
15:05:34,2.560486078,3.504926682,2.559242725
15:05:34,2.560323477,3.505873919,2.559287071
15:05:34,2.560364485,3.50539422,2.557626247
15:05:34,2.560348034,3.505996466,2.559688568
15:05:34,2.56000638,3.505194902,2.557032108
15:05:34,2.559672594,3.505353212,2.55875659
15:05:34,2.561006784,3.505674362,2.558563709
15:05:34,2.560217142,3.505229235,2.5580616
15:05:34,2.560706615,3.505431652,2.556954145
15:05:34,2.56070137,3.504356384,2.557853937
15:05:34,2.560219765,3.505345583,2.558804989
15:05:34,2.560959816,3.505321264,2.558257341
15:05:34,2.561015844,3.504589796,2.557420731
15:05:34,2.560909033,3.505293131,2.559045076
15:05:34,2.559884787,3.505413294,2.557723045
15:05:34,2.559381962,3.504485369,2.557426214
15:05:34,2.56035924,3.504481077,2.55751729
15:05:34,2.560008287,3.504901648,2.557870626
15:05:34,2.560106754,3.505300283,2.559228897
15:05:34,2.560073853,3.50461936,2.55695653
15:05:34,2.559877634,3.504926682,2.558570862
15:05:34,2.559988022,3.505982876,2.558373213
15:05:34,2.56108284,3.505847216,2.559033632
15:05:34,2.560551405,3.50552249,2.559722424
15:05:34,2.560211658,3.505125046,2.558934689
15:05:34,2.561239481,3.506852388,2.558133125
15:05:34,2.559978485,3.50461483,2.559291124
15:05:34,2.560439587,3.505526066,2.558112383
15:05:34,2.560178757,3.50592351,2.558532
15:05:34,2.561161757,3.505980253,2.558290958
15:05:34,2.560826302,3.50601244,2.558078289
15:05:34,2.56033659,3.50529933,2.557732105
15:05:34,2.5608778,3.506248951,2.557657003
15:05:34,2.560414076,3.506066561,2.558994293
15:05:34,2.561018467,3.506524324,2.55836606
15:05:34,2.561276197,3.50486517,2.558334827
15:05:34,2.561041117,3.505691767,2.558483124
15:05:34,2.560275078,3.506392002,2.558154821
15:05:34,2.560391665,3.504876852,2.559037209
15:05:34,2.56043601,3.50546217,2.557492733
15:05:34,2.56018281,3.506220341,2.559051037
15:05:34,2.560850143,3.50631094,2.557494879
15:05:34,2.56086731,3.505627155,2.559751511
15:05:34,2.561705828,3.507133245,2.559330225
15:05:34,2.561119795,3.506744385,2.560097218
15:05:34,2.561190367,3.506628752,2.55905509
15:05:34,2.561657429,3.505145788,2.559277296
15:05:34,2.560315609,3.505228519,2.559354544
15:05:34,2.561284781,3.506707668,2.559618473
15:05:34,2.560338497,3.506861687,2.558631182
15:05:34,2.561467886,3.506119728,2.558560848
15:05:34,2.56125927,3.50684762,2.559245586
15:05:34,2.560591698,3.506523609,2.558190107
15:05:34,2.559876919,3.505427837,2.559731722
15:05:34,2.56101656,3.506247759,2.558248043
15:05:34,2.560544252,3.505976439,2.5584445
15:05:34,2.559629202,3.505059719,2.558186531
15:05:34,2.560880661,3.505926609,2.559326887
15:05:34,2.560130358,3.505246878,2.55738163
15:05:34,2.559563637,3.50454998,2.557881355
15:05:34,2.560521841,3.504728079,2.55730629
15:05:34,2.561112881,3.505689859,2.559347391
15:05:34,2.560693026,3.505507231,2.558197737
15:05:34,2.560387611,3.504782915,2.559654713
15:05:34,2.559601307,3.504794598,2.558487415
15:05:34,2.560741663,3.504927397,2.558026552
15:05:34,2.559165955,3.505429029,2.559069633
15:05:34,2.560923338,3.505984783,2.558763266
15:05:34,2.559299469,3.505177021,2.558357239
15:05:34,2.560942411,3.50569129,2.558315039
15:05:34,2.56091547,3.506101608,2.559664726
15:05:34,2.56105423,3.505900145,2.559312105
15:05:34,2.560104847,3.505438805,2.557817698
15:05:34,2.56003952,3.505402088,2.558565617
15:05:34,2.560884476,3.505725861,2.55907321
15:05:34,2.560815811,3.50663352,2.559258938
15:05:34,2.561243057,3.506349087,2.558328152
15:05:35,2.560735941,3.505745411,2.558513641
15:05:35,2.56033659,3.505220652,2.55909276
15:05:35,2.56040287,3.506010294,2.556901693
15:05:35,2.560767174,3.50619483,2.559044361
15:05:35,2.560592413,3.505332232,2.558083534
15:05:35,2.560152531,3.504287958,2.558755398
15:05:35,2.560340881,3.504679918,2.558645725
15:05:35,2.559746504,3.504149437,2.559008121
15:05:35,2.560038805,3.505425453,2.557598114
15:05:35,2.560700178,3.506470442,2.558329582
15:05:35,2.559962034,3.505621672,2.559049129
15:05:35,2.559670687,3.505665064,2.558554411
15:05:35,2.559426069,3.504343987,2.557660818
15:05:35,2.56047678,3.505569935,2.559056997
15:05:35,2.560661316,3.504799366,2.558567524
15:05:35,2.560368299,3.505648613,2.558004856
15:05:35,2.560628891,3.505500793,2.558810949
15:05:35,2.560925484,3.505913019,2.558090925
15:05:35,2.561270237,3.506139278,2.558371544
15:05:35,2.559907913,3.505450487,2.55834341
15:05:35,2.560438395,3.506217718,2.558669567
15:05:35,2.560828924,3.50592041,2.558580637
15:05:35,2.560137033,3.506129026,2.558082104
15:05:35,2.561217546,3.505953312,2.558370352
15:05:35,2.561249733,3.507078409,2.559061766
15:05:35,2.560405493,3.505919218,2.558889627
15:05:35,2.560523033,3.50603056,2.558387756
15:05:35,2.56046629,3.506118536,2.559380531
15:05:35,2.560751677,3.505708218,2.559067011
15:05:35,2.560514927,3.506549358,2.559776068
15:05:35,2.561015129,3.507263899,2.558845997
15:05:35,2.560604334,3.506381273,2.558764458
15:05:35,2.560789108,3.506887913,2.558146954
15:05:35,2.559457779,3.506099701,2.558800459
15:05:35,2.561384678,3.506701231,2.558943033
15:05:35,2.560838461,3.505681992,2.558769941
15:05:35,2.560219765,3.50603056,2.559421301
15:05:35,2.560958385,3.507208824,2.560379744
15:05:35,2.561584711,3.507275581,2.55846262
15:05:35,2.560362577,3.505679607,2.558472395
15:05:35,2.560710907,3.505694389,2.557304621
15:05:35,2.56105423,3.505993843,2.559364557
15:05:35,2.560681581,3.506906748,2.559965134
15:05:35,2.560174704,3.505429745,2.559122086
15:05:35,2.561489105,3.506357431,2.559381247
15:05:35,2.560844183,3.505393028,2.558318377
15:05:35,2.560492754,3.506540775,2.55856967
15:05:35,2.560600519,3.506187677,2.558904886
15:05:35,2.561122894,3.505810022,2.559584856
15:05:35,2.561136961,3.507004023,2.560090542
15:05:35,2.560816288,3.506844759,2.559764147
15:05:35,2.56039691,3.505243778,2.558652878
15:05:35,2.560413361,3.505744219,2.558745384
15:05:35,2.560064077,3.505399704,2.558090925
15:05:35,2.5601933,3.505661964,2.559715509
15:05:35,2.560145378,3.505246878,2.558846712
15:05:35,2.560869455,3.505930185,2.558849335
15:05:35,2.5607934,3.505158901,2.558773756
15:05:35,2.559662104,3.504649878,2.558398485
15:05:35,2.561194181,3.506028414,2.558715582
15:05:35,2.560484886,3.505641699,2.558084249
15:05:35,2.56059432,3.505480528,2.55812788
15:05:35,2.560676813,3.504800558,2.558581591
15:05:35,2.559891939,3.504717112,2.557805061
15:05:35,2.560326815,3.505246878,2.559702635
15:05:35,2.559814215,3.506248236,2.558668852
15:05:35,2.561218023,3.505565166,2.558889627
15:05:35,2.560758114,3.506099701,2.559579611
15:05:35,2.561383247,3.506080866,2.559344053
15:05:35,2.560830832,3.50663662,2.558152437
15:05:35,2.562094688,3.507093906,2.559596062
15:05:35,2.561568975,3.50705409,2.560142279
15:05:35,2.561477184,3.506388664,2.558888435
15:05:35,2.5618155,3.506390095,2.559235573
15:05:35,2.560783386,3.50594306,2.559340715
15:05:35,2.560704231,3.506397247,2.559362173
15:05:35,2.561245918,3.505952597,2.558974981
15:05:35,2.561131477,3.507077694,2.559463739
15:05:35,2.561158895,3.506420135,2.559834003
15:05:35,2.561508894,3.506679773,2.55950141
15:05:35,2.561290264,3.506278992,2.558128595
15:05:35,2.561968565,3.507256985,2.558795691
15:05:35,2.560858727,3.506561041,2.558453321
15:05:35,2.561276197,3.506886005,2.559234858
15:05:35,2.561641693,3.507145405,2.558841467
15:05:35,2.561143398,3.506587744,2.558377028
15:05:35,2.560892105,3.505689859,2.558484316
15:05:35,2.560772181,3.50537014,2.559240103
15:05:35,2.559989214,3.506088495,2.55858016
15:05:35,2.561948776,3.506234884,2.559771299
15:05:35,2.560385466,3.505102873,2.558158398
15:05:35,2.560143709,3.505864143,2.558423281
15:05:35,2.560888529,3.506298304,2.558968544
15:05:35,2.561511993,3.506582499,2.558178663
15:05:35,2.560781956,3.505983591,2.557683229
15:05:35,2.560385466,3.506127596,2.559013367
15:05:35,2.561152697,3.506073713,2.557991743
15:05:35,2.560657024,3.505293846,2.558695316
15:05:35,2.559658766,3.505345583,2.557645082
15:05:35,2.560249567,3.505693197,2.558949232
15:05:35,2.561012745,3.505868196,2.558895111
15:05:35,2.561190367,3.506225824,2.559502602
15:05:35,2.560277462,3.505627155,2.557898283
15:05:35,2.560050011,3.505977631,2.558154821
15:05:35,2.560494661,3.506113529,2.558770657
15:05:35,2.560767174,3.505577803,2.558067799
15:05:35,2.560879946,3.506590366,2.558291674
15:05:35,2.56091094,3.506149054,2.559256077
15:05:35,2.560521841,3.506515265,2.55940485
15:05:35,2.56099081,3.505597115,2.558962584
15:05:35,2.560923815,3.506164312,2.557816982
15:05:35,2.560425997,3.505423546,2.557967663
15:05:35,2.561035156,3.506718874,2.559185982
15:05:35,2.561522722,3.506351948,2.559070349
15:05:35,2.560105562,3.505923986,2.559000969
15:05:35,2.560299635,3.505721092,2.558599949
15:05:35,2.560484886,3.505422354,2.557150602
15:05:35,2.560690165,3.506603956,2.559726238
15:05:35,2.560828924,3.5068748,2.559863091
15:05:36,2.561412334,3.506558418,2.558588028
15:05:36,2.560680389,3.506664038,2.558268785
15:05:36,2.560832262,3.505764246,2.55809474
15:05:36,2.560490608,3.506911278,2.558254719
15:05:36,2.561369419,3.50688982,2.558680773
15:05:36,2.561093807,3.506900787,2.558248043
15:05:36,2.560394287,3.506629467,2.558347464
15:05:36,2.561639071,3.507192612,2.561068058
15:05:36,2.561252117,3.507601738,2.559637547
15:05:36,2.561208963,3.507970333,2.56044817
15:05:36,2.561161757,3.506925106,2.559187174
15:05:36,2.561813354,3.507898569,2.56071949
15:05:36,2.561118126,3.507086992,2.560039759
15:05:36,2.561448336,3.507615089,2.559610605
15:05:36,2.562744379,3.508261204,2.559276104
15:05:36,2.562061787,3.506859779,2.559126377
15:05:36,2.561541557,3.506697893,2.559539557
15:05:36,2.562087059,3.50722599,2.559335947
15:05:36,2.561360836,3.506349564,2.558356762
15:05:36,2.560429811,3.504704237,2.558344841
15:05:36,2.560866594,3.50584054,2.558340549
15:05:36,2.561155319,3.504863977,2.55831027
15:05:36,2.56055069,3.506156206,2.559204578
15:05:36,2.560699463,3.505447388,2.559282541
15:05:36,2.561872005,3.505944967,2.558866978
15:05:36,2.560438871,3.505113363,2.558901548
15:05:36,2.56094718,3.506525755,2.559289932
15:05:36,2.56055069,3.505950928,2.558690548
15:05:36,2.560792685,3.507358789,2.557988882
15:05:36,2.561527967,3.506681681,2.558606863
15:05:36,2.560899019,3.505730152,2.558702946
15:05:36,2.560209274,3.506393194,2.557668686
15:05:36,2.561590195,3.507199049,2.558078289
15:05:36,2.560727835,3.506269217,2.558813572
15:05:36,2.560414076,3.506851196,2.55970645
15:05:36,2.561834574,3.507055998,2.55957818
15:05:36,2.562186003,3.506258011,2.559776545
15:05:36,2.562097073,3.507067204,2.559906721
15:05:36,2.560901642,3.507118225,2.559682846
15:05:36,2.561764479,3.507255316,2.55923748
15:05:36,2.56201148,3.506792068,2.559964418
15:05:36,2.561006784,3.507004023,2.559030771
15:05:36,2.561897278,3.506825209,2.559179306
15:05:36,2.561395884,3.505995274,2.558806896
15:05:36,2.561313391,3.505793571,2.559278727
15:05:36,2.561279535,3.50561738,2.558950424
15:05:36,2.560379744,3.505716085,2.558638573
15:05:36,2.561010599,3.506915331,2.55933094
15:05:36,2.561873436,3.506492138,2.559358597
15:05:36,2.560712099,3.505213022,2.558969259
15:05:36,2.561217546,3.505357742,2.558145761
15:05:36,2.560152531,3.506046057,2.559393167
15:05:36,2.560688734,3.505434752,2.55851078
15:05:36,2.561423063,3.506127596,2.559054375
15:05:36,2.561148167,3.505702257,2.558922768
15:05:36,2.560806036,3.506467819,2.558784008
15:05:36,2.560758114,3.505517006,2.559254169
15:05:36,2.561071396,3.506771803,2.558477163
15:05:36,2.560231447,3.506349564,2.559854746
15:05:36,2.560142517,3.506893158,2.559201956
15:05:36,2.56085062,3.506327629,2.559419394
15:05:36,2.561103821,3.506709099,2.559157372
15:05:36,2.56016016,3.505890369,2.559370518
15:05:36,2.561026573,3.506059408,2.559172153
15:05:36,2.560410738,3.50513649,2.558146238
15:05:36,2.56003952,3.50453639,2.558561563
